{
"type": "FeatureCollection",
"name": "lsoas_E05000205",
"crs": { "type": "name", "properties": { "name": "urn:ogc:def:crs:OGC:1.3:CRS84" } },
"features": [
{ "type": "Feature", "properties": { "lsoa21cd": "E01001495", "lsoa21nm": "Enfield 029A", "msoa21cd": "E02000305", "msoa21nm": "Enfield 029", "lad22cd": "E09000010", "lad22nm": "Enfield", "index_right": 313, "GSS_CODE": "E05000205", "risk_score": 8.7134643815346848, "allocation_hours": 71.604429177590461, "patrol_units": 36 }, "geometry": { "type": "Polygon", "coordinates": [ [ [ -0.100357415100271, 51.622538675070786 ], [ -0.099825117867785, 51.622415605476526 ], [ -0.099790571997422, 51.622417428777609 ], [ -0.099760579600046, 51.622408822666699 ], [ -0.09972486823969, 51.622420896438818 ], [ -0.099709408492345, 51.622426122354653 ], [ -0.099695281601534, 51.622422795566493 ], [ -0.099652526075448, 51.622409688738855 ], [ -0.099668761023957, 51.622395599846151 ], [ -0.099753917498672, 51.622321829711318 ], [ -0.099926174206739, 51.621906354856996 ], [ -0.09993888447737, 51.621875671719359 ], [ -0.099942272963428, 51.621867534496452 ], [ -0.099990587262408, 51.621750983770788 ], [ -0.100016213701061, 51.621689180187694 ], [ -0.100029676773516, 51.621656728732496 ], [ -0.100053166220902, 51.621600079164601 ], [ -0.100076864703481, 51.621542920409411 ], [ -0.100093514380418, 51.621448769440832 ], [ -0.100095365418871, 51.621438359196546 ], [ -0.100101456521686, 51.621403935867718 ], [ -0.100102023024206, 51.621327509250243 ], [ -0.100102057301937, 51.62132358010642 ], [ -0.1001024587761, 51.621269065406928 ], [ -0.100102879884348, 51.621215117549198 ], [ -0.100102958728186, 51.621203212827119 ], [ -0.100103111507529, 51.621181939173304 ], [ -0.100103451815293, 51.621136487868121 ], [ -0.100103838978695, 51.621084733616456 ], [ -0.100103931130326, 51.621072856087054 ], [ -0.100104376007352, 51.621012811733841 ], [ -0.100104710078202, 51.620967854911072 ], [ -0.100104749141804, 51.620962774811375 ], [ -0.100104811742743, 51.620954367887563 ], [ -0.100105225876791, 51.620898513515613 ], [ -0.100105755791773, 51.620828488922129 ], [ -0.100106060779828, 51.620788027850608 ], [ -0.100106118554785, 51.620779045331794 ], [ -0.100106452991964, 51.620734079520979 ], [ -0.100106636536076, 51.620710342433512 ], [ -0.100106757976594, 51.62069361844884 ], [ -0.100107426090755, 51.62060370479837 ], [ -0.100108216642613, 51.620498425037255 ], [ -0.100108361398077, 51.62047872492959 ], [ -0.100103174673458, 51.620441771870368 ], [ -0.10010279618998, 51.620439076997144 ], [ -0.100077640882056, 51.620355929970202 ], [ -0.100053296472971, 51.62027550279884 ], [ -0.100045070425481, 51.620229013463792 ], [ -0.10003900593134, 51.620194743913117 ], [ -0.100020428167127, 51.620089725881691 ], [ -0.100017074094348, 51.620070787401616 ], [ -0.100002917571517, 51.620023446616955 ], [ -0.100063863043998, 51.620030395962971 ], [ -0.100461180548561, 51.620075706311731 ], [ -0.100788992880086, 51.620093182182814 ], [ -0.100767461355266, 51.620027341513804 ], [ -0.100750567536047, 51.619975658114932 ], [ -0.100726900955112, 51.619929449338819 ], [ -0.100719199598545, 51.619853630701165 ], [ -0.10105076345155, 51.619793575310567 ], [ -0.101098589128276, 51.619779161454737 ], [ -0.101107345517762, 51.619783601623091 ], [ -0.101124051596339, 51.619792082221039 ], [ -0.101204976856074, 51.619825270700844 ], [ -0.101251007200778, 51.619835152277716 ], [ -0.101351039356451, 51.619847373875096 ], [ -0.10140571371517, 51.619845372434085 ], [ -0.101546304051517, 51.619829034002642 ], [ -0.101568088044564, 51.619853243586739 ], [ -0.101650555742857, 51.619944943229072 ], [ -0.101864614327752, 51.619949395951082 ], [ -0.10201174504953, 51.619942801901324 ], [ -0.102037415020939, 51.619938999738245 ], [ -0.102085022299343, 51.619822589415989 ], [ -0.102086927543286, 51.619799455709078 ], [ -0.102087199349785, 51.619796060963402 ], [ -0.10209788516675, 51.619765030062325 ], [ -0.102099082696308, 51.619741201480515 ], [ -0.102099421951773, 51.61973446263768 ], [ -0.102107577410457, 51.619710404905163 ], [ -0.102109611440681, 51.619682804037744 ], [ -0.102119505680881, 51.619651701878311 ], [ -0.102124077425939, 51.619637010248226 ], [ -0.102148890476598, 51.619561376066564 ], [ -0.102150175793795, 51.619548933335317 ], [ -0.102155593834444, 51.619533347158246 ], [ -0.10216947904231, 51.619493501460973 ], [ -0.102176683212699, 51.619459015087706 ], [ -0.102180509743728, 51.619452134824563 ], [ -0.102188255422459, 51.619438231917087 ], [ -0.102201673847173, 51.619418899417163 ], [ -0.102212008032836, 51.619379508840318 ], [ -0.102231425479639, 51.619336038751726 ], [ -0.102235003602561, 51.619324037769317 ], [ -0.102239612786958, 51.619313636135544 ], [ -0.102241621604836, 51.619309118455796 ], [ -0.102250719122423, 51.619295705019702 ], [ -0.102270492004124, 51.619258076769654 ], [ -0.102273579745334, 51.619253666466804 ], [ -0.102286853520703, 51.619234682323523 ], [ -0.102302049906718, 51.619219470134823 ], [ -0.102314445372964, 51.619204221629261 ], [ -0.102335338448001, 51.619178508489668 ], [ -0.102342420434142, 51.619167697229699 ], [ -0.102344133512331, 51.619165072169729 ], [ -0.102355540624567, 51.619143396062128 ], [ -0.102359010634545, 51.619138479371493 ], [ -0.102406397077083, 51.619099265471476 ], [ -0.102412860349351, 51.619093929588999 ], [ -0.102453026024159, 51.619055012526509 ], [ -0.102468396129138, 51.61904393965073 ], [ -0.102518600682913, 51.61900019413784 ], [ -0.102545451206175, 51.619001662553387 ], [ -0.102784095693738, 51.619014667470097 ], [ -0.102828115016259, 51.619021143496767 ], [ -0.102844229835719, 51.61902509999139 ], [ -0.102871912078612, 51.619031905306237 ], [ -0.102947800631828, 51.6190594263878 ], [ -0.102961854264951, 51.619067081397539 ], [ -0.10315622195919, 51.619205398591248 ], [ -0.103107736854928, 51.619235647543086 ], [ -0.103098244367141, 51.619241572945697 ], [ -0.103060471695213, 51.619278541585921 ], [ -0.103068650339573, 51.619281596373206 ], [ -0.103338835678631, 51.619382390726798 ], [ -0.103523842058329, 51.619456403870196 ], [ -0.103571354485957, 51.619475417577945 ], [ -0.103572382558532, 51.619480550893321 ], [ -0.103582565084947, 51.619479897182714 ], [ -0.103777132785599, 51.619467431341896 ], [ -0.103963687267916, 51.619489483525932 ], [ -0.10412934127967, 51.619575880235509 ], [ -0.10413585655276, 51.619588682841751 ], [ -0.104158596105609, 51.619633293093841 ], [ -0.104164389973019, 51.61964469021283 ], [ -0.104218310342772, 51.619665587703672 ], [ -0.104262152421796, 51.619682563475344 ], [ -0.104307500745111, 51.619700139084806 ], [ -0.104366055747305, 51.619722828949698 ], [ -0.104430979505584, 51.619747986698655 ], [ -0.104444726484944, 51.619753307526651 ], [ -0.104435827273675, 51.61976371186104 ], [ -0.104465481018629, 51.619775215714334 ], [ -0.104567193500926, 51.61983857414161 ], [ -0.104571248342402, 51.619841103580015 ], [ -0.104602544767129, 51.619860673171509 ], [ -0.104646969080317, 51.619908025643568 ], [ -0.104680522852387, 51.619943782089898 ], [ -0.104705293657127, 51.619970188384528 ], [ -0.104720018628732, 51.619989813952373 ], [ -0.104780341334366, 51.620101395365857 ], [ -0.104787705472314, 51.620119481208157 ], [ -0.104790640404845, 51.620126695588333 ], [ -0.104822446149759, 51.620135446455535 ], [ -0.104845840151128, 51.620141876270296 ], [ -0.104870059853251, 51.620149983018187 ], [ -0.104923832634009, 51.620170284282047 ], [ -0.104929384353071, 51.620171560961374 ], [ -0.104979837666656, 51.620183130882694 ], [ -0.105059709977248, 51.620201452681393 ], [ -0.105139503994623, 51.620211608033429 ], [ -0.105339629315827, 51.620020199036887 ], [ -0.105557175348806, 51.61981213829074 ], [ -0.105520469348194, 51.619760504525992 ], [ -0.105511502625113, 51.619747380954244 ], [ -0.105524208734249, 51.619751545504229 ], [ -0.105760007286112, 51.619834657249555 ], [ -0.105796936818174, 51.619847672062448 ], [ -0.105892022173123, 51.619881193336028 ], [ -0.105909020483784, 51.619887186959247 ], [ -0.106011708814424, 51.619923375739361 ], [ -0.106124234372234, 51.619963041436186 ], [ -0.106119604206698, 51.619977084801086 ], [ -0.10611750301135, 51.619983480466431 ], [ -0.106073660439936, 51.620116553036816 ], [ -0.106072503452757, 51.620120050397929 ], [ -0.106031800459897, 51.620172947700837 ], [ -0.105999735783555, 51.620198125909859 ], [ -0.105937371396315, 51.620246685335211 ], [ -0.105910184728111, 51.620257765713099 ], [ -0.105898766331119, 51.620262419290157 ], [ -0.105782570803101, 51.620294831389394 ], [ -0.105720161310953, 51.620312240206438 ], [ -0.105700225045296, 51.620317808345199 ], [ -0.105585152754303, 51.620341983340836 ], [ -0.10563100631687, 51.620392856543511 ], [ -0.105637605929438, 51.620400184028213 ], [ -0.105644952255804, 51.620406579364783 ], [ -0.105791089348537, 51.620561054859998 ], [ -0.105796776108126, 51.620567063694033 ], [ -0.10576442447248, 51.620675691433483 ], [ -0.105603192679311, 51.62083352198961 ], [ -0.105755380574025, 51.620857273372529 ], [ -0.105879167337841, 51.620877049987257 ], [ -0.10605609417284, 51.62090530991744 ], [ -0.106119710622703, 51.620916214163046 ], [ -0.106114190946989, 51.620926746013922 ], [ -0.106053583557531, 51.621037619911746 ], [ -0.106040555641385, 51.62106147332873 ], [ -0.106034674674745, 51.621072250232487 ], [ -0.106028450632137, 51.62108363308247 ], [ -0.106018738682819, 51.62110140719421 ], [ -0.106017159236521, 51.621104295242247 ], [ -0.105999940166921, 51.621135814481043 ], [ -0.10599584353543, 51.621143292991306 ], [ -0.10599248123006, 51.621149443484846 ], [ -0.105982988594388, 51.621166807482908 ], [ -0.105968724975738, 51.621192925019912 ], [ -0.105957388343527, 51.621213631406398 ], [ -0.105925321911572, 51.621272099537428 ], [ -0.105897408896212, 51.621313755932221 ], [ -0.105894343483808, 51.621318328549435 ], [ -0.105886809028648, 51.621329609304851 ], [ -0.105880630768637, 51.621338852689611 ], [ -0.105846262870061, 51.621390148154831 ], [ -0.10584352046924, 51.621394249387293 ], [ -0.105799429762811, 51.621460108466763 ], [ -0.105794021996804, 51.621468195271881 ], [ -0.10572412881027, 51.621572547960724 ], [ -0.105713605875891, 51.621588285659875 ], [ -0.105708168457144, 51.6215963899675 ], [ -0.105701436314629, 51.62160644271151 ], [ -0.105690991167438, 51.621622046778398 ], [ -0.10567915129011, 51.621637493438357 ], [ -0.105617538541282, 51.621717862080395 ], [ -0.105598609615651, 51.62174256437585 ], [ -0.105580551515928, 51.621766129699239 ], [ -0.105578000844872, 51.621769442688425 ], [ -0.105547048554246, 51.621809831458613 ], [ -0.105544092352793, 51.621813515580797 ], [ -0.105527817671539, 51.621833666494148 ], [ -0.105504821844336, 51.621864920632241 ], [ -0.105456988393797, 51.621927320021356 ], [ -0.105454925532911, 51.621930020407852 ], [ -0.105445881412785, 51.621941816305082 ], [ -0.105422675836242, 51.621972069781329 ], [ -0.105378236968742, 51.62202511787963 ], [ -0.105371881667624, 51.622032712767059 ], [ -0.105361573843632, 51.6220450188043 ], [ -0.105342265688307, 51.622068069323859 ], [ -0.105335864816783, 51.622075717428132 ], [ -0.105332246385722, 51.62208003830586 ], [ -0.105281877941697, 51.622140166570183 ], [ -0.105253098190994, 51.622174520466757 ], [ -0.105233151354707, 51.622198334004096 ], [ -0.105203413296763, 51.62223384142851 ], [ -0.105186660026766, 51.622253821806432 ], [ -0.10516756430404, 51.622276623942561 ], [ -0.105145777960639, 51.622302628887049 ], [ -0.105119095969982, 51.622334480769027 ], [ -0.105100304656842, 51.622356910129596 ], [ -0.10508219708672, 51.62237853221972 ], [ -0.105040919952104, 51.622427800492304 ], [ -0.105010527831011, 51.622464088641543 ], [ -0.10498731265973, 51.622491788034843 ], [ -0.104963731860895, 51.622519940132072 ], [ -0.104924099078514, 51.622565107402352 ], [ -0.104856223757345, 51.622642469970067 ], [ -0.104830498852621, 51.622671801387 ], [ -0.104823096993009, 51.622680238118896 ], [ -0.104797797083011, 51.622709077314468 ], [ -0.104748290229892, 51.622765487428964 ], [ -0.104707185043063, 51.622812348400828 ], [ -0.104665063763887, 51.622860361960733 ], [ -0.104642161093265, 51.622886447702598 ], [ -0.104629131454535, 51.622901308522728 ], [ -0.104580670573611, 51.622956530484267 ], [ -0.10455411154438, 51.622986801567563 ], [ -0.104551259055282, 51.622990073690687 ], [ -0.104539975463064, 51.623002903443606 ], [ -0.104532553053737, 51.623010445080062 ], [ -0.104513286239467, 51.623030061034804 ], [ -0.10447742488336, 51.623066530470979 ], [ -0.104438002993725, 51.623106620275394 ], [ -0.104425888181537, 51.623118942005213 ], [ -0.104391500173972, 51.623149527195352 ], [ -0.104388919899708, 51.623151814545771 ], [ -0.104342709285909, 51.62319290969819 ], [ -0.104333031831835, 51.623201520956762 ], [ -0.104253783631091, 51.623271991097866 ], [ -0.104213364465635, 51.623307928201058 ], [ -0.104196755308286, 51.623322704161239 ], [ -0.104188173328049, 51.623330334950005 ], [ -0.104183012363917, 51.623334918628146 ], [ -0.104179109110357, 51.623337751120097 ], [ -0.104122658875697, 51.623378761667134 ], [ -0.104116669550496, 51.623383116138854 ], [ -0.104066298163645, 51.623419701695767 ], [ -0.104061500920272, 51.623423185177558 ], [ -0.104053604385334, 51.623428929630791 ], [ -0.104012877308393, 51.623451121261141 ], [ -0.104002588707841, 51.623456719146695 ], [ -0.103934394276457, 51.623493888896391 ], [ -0.10392565137, 51.623498450647851 ], [ -0.10391919759273, 51.623501817429371 ], [ -0.10389364796784, 51.623515153956099 ], [ -0.103802498272231, 51.623603874947797 ], [ -0.103797954316456, 51.623605096420498 ], [ -0.103774431674522, 51.623611748336415 ], [ -0.103754153826835, 51.623617499492248 ], [ -0.103733058868025, 51.623623444264354 ], [ -0.103424001708633, 51.623710540337527 ], [ -0.103231529994513, 51.623764764680054 ], [ -0.103216431822459, 51.623768252456607 ], [ -0.103160605222246, 51.623781144316943 ], [ -0.102967496067296, 51.623825709050706 ], [ -0.102962842574844, 51.623826784841832 ], [ -0.102795231958966, 51.623865466867237 ], [ -0.102733716452903, 51.623879660366008 ], [ -0.102589591822974, 51.623912912769626 ], [ -0.102585111172334, 51.623914346542378 ], [ -0.102572929209273, 51.623918227606744 ], [ -0.102517319012073, 51.623935960596498 ], [ -0.102206967254324, 51.624034920601467 ], [ -0.102184316384059, 51.624042134845638 ], [ -0.102081121711087, 51.623948410046907 ], [ -0.102072951898022, 51.623940976033339 ], [ -0.101955394238404, 51.623834186568608 ], [ -0.101905829484083, 51.623789168929463 ], [ -0.101899234485029, 51.623783981511195 ], [ -0.101908918804435, 51.623778850627751 ], [ -0.10190979013814, 51.623776149007959 ], [ -0.101958106819859, 51.623755771442077 ], [ -0.102327979727905, 51.623599710674299 ], [ -0.102330909471295, 51.623591826732117 ], [ -0.102365938630102, 51.623497163399975 ], [ -0.102359278451205, 51.62349232565829 ], [ -0.102349434895185, 51.623485188319563 ], [ -0.102341222070497, 51.623480514305506 ], [ -0.102302248863784, 51.623458275122488 ], [ -0.10227407005176, 51.623442199483677 ], [ -0.102233683516334, 51.623425782499929 ], [ -0.102210223368053, 51.623419521977404 ], [ -0.102136885650494, 51.623399946172434 ], [ -0.102130300714659, 51.623398841495209 ], [ -0.102107030981471, 51.623394940050005 ], [ -0.10207333717969, 51.623386041038771 ], [ -0.102068136154655, 51.623384661994194 ], [ -0.10203524848773, 51.623376005319216 ], [ -0.102025009791668, 51.623374351442422 ], [ -0.101990718675637, 51.623365226925792 ], [ -0.101983431589599, 51.623363984987328 ], [ -0.101963635000513, 51.623360634282548 ], [ -0.101939850824109, 51.623356598587129 ], [ -0.101898225115293, 51.623344603701419 ], [ -0.101885712788868, 51.623341006633062 ], [ -0.101877527167295, 51.623339314018203 ], [ -0.101815798273392, 51.623322317803243 ], [ -0.101811756524738, 51.623321200298307 ], [ -0.101752717515326, 51.623310362425549 ], [ -0.101744545487238, 51.62330886335856 ], [ -0.101683525918994, 51.623289414620551 ], [ -0.101675085845884, 51.623286724209898 ], [ -0.101656287550818, 51.623282993937103 ], [ -0.101633406368583, 51.623276364981528 ], [ -0.101608056128997, 51.623269012645849 ], [ -0.101598803332289, 51.62326537386577 ], [ -0.101589593848038, 51.623261735785732 ], [ -0.101585855263294, 51.623260623160313 ], [ -0.10157448331941, 51.623257219799783 ], [ -0.101550083883598, 51.623249927663679 ], [ -0.101542120691099, 51.623248270053658 ], [ -0.101479715211652, 51.623229481862893 ], [ -0.101459489630666, 51.623225332683518 ], [ -0.101421760872835, 51.623217572967206 ], [ -0.101414920737754, 51.623216697885141 ], [ -0.101392560774356, 51.623211767771167 ], [ -0.101357560648372, 51.623204052204109 ], [ -0.101344405253969, 51.623201150504045 ], [ -0.101330445976872, 51.623196743044062 ], [ -0.101297361768786, 51.623189332743415 ], [ -0.101289939195874, 51.623186838578405 ], [ -0.101212359382951, 51.623169733467691 ], [ -0.10119373524105, 51.623165637145028 ], [ -0.101163343733632, 51.623158958320708 ], [ -0.101128495752548, 51.623148295626535 ], [ -0.101095776166016, 51.62314132280811 ], [ -0.101084826695455, 51.623138182523391 ], [ -0.101056279550769, 51.623129546202222 ], [ -0.101003780143191, 51.623118822492025 ], [ -0.100999831785675, 51.623117544584268 ], [ -0.100991963194191, 51.623115007208582 ], [ -0.100987259227525, 51.623113833967906 ], [ -0.100971376078718, 51.62311017765655 ], [ -0.100910256505363, 51.623091050277687 ], [ -0.100904543828082, 51.62308981573846 ], [ -0.100848576706125, 51.623077722911752 ], [ -0.100824552843831, 51.623070436702143 ], [ -0.100809457430196, 51.623067463060707 ], [ -0.100755574343452, 51.62305683822936 ], [ -0.10073879554748, 51.623053527080025 ], [ -0.100726334184742, 51.623052686824551 ], [ -0.100720672451573, 51.623052307383155 ], [ -0.100620676474197, 51.622963380430804 ], [ -0.100615467128598, 51.622958745892539 ], [ -0.100561962057929, 51.622929580177789 ], [ -0.100556553392481, 51.622927640141548 ], [ -0.100506792865119, 51.622909811566267 ], [ -0.100483521264972, 51.622901467366539 ], [ -0.100394047204459, 51.622885180714292 ], [ -0.100210772000751, 51.622878012705449 ], [ -0.100208352482519, 51.622875932229434 ], [ -0.100207215363428, 51.62287341391098 ], [ -0.100203829089243, 51.622837964800524 ], [ -0.100248261722214, 51.622750684456264 ], [ -0.100266975684757, 51.622713929715879 ], [ -0.100277773306759, 51.622692711585998 ], [ -0.100291388460114, 51.622665954784054 ], [ -0.100323643876941, 51.622585545236412 ], [ -0.100311335716073, 51.622583808171385 ], [ -0.100322681629965, 51.622570206526284 ], [ -0.100339045290931, 51.622566856606696 ], [ -0.100346272863177, 51.622565373016251 ], [ -0.100348600664335, 51.62255979943442 ], [ -0.100357415100271, 51.622538675070786 ] ] ] } },
{ "type": "Feature", "properties": { "lsoa21cd": "E01001391", "lsoa21nm": "Enfield 036B", "msoa21cd": "E02000312", "msoa21nm": "Enfield 036", "lad22cd": "E09000010", "lad22nm": "Enfield", "index_right": 313, "GSS_CODE": "E05000205", "risk_score": 7.7463150717646236, "allocation_hours": 63.65670927844873, "patrol_units": 32 }, "geometry": { "type": "Polygon", "coordinates": [ [ [ -0.110134436549567, 51.61129098977672 ], [ -0.109746838428804, 51.611024098499612 ], [ -0.109713883368202, 51.611001410056247 ], [ -0.109730653761477, 51.610973893725117 ], [ -0.109696294554697, 51.610920689322683 ], [ -0.109683756208151, 51.610893617875313 ], [ -0.109964458017719, 51.610925865082642 ], [ -0.110002463794282, 51.610918060587814 ], [ -0.110007169658665, 51.610911167285238 ], [ -0.110212319143131, 51.610610312962422 ], [ -0.110195601321336, 51.610600929779714 ], [ -0.110207835030617, 51.610557967737073 ], [ -0.110290514437542, 51.610287197997323 ], [ -0.110291365845786, 51.610284433054758 ], [ -0.110278190310312, 51.610283132693858 ], [ -0.110277289448355, 51.610277003329195 ], [ -0.110271863998859, 51.610240019988382 ], [ -0.110259024891505, 51.610152721471479 ], [ -0.110265092656732, 51.610119987881561 ], [ -0.110305338026618, 51.610051979114296 ], [ -0.110416674119824, 51.60998004393182 ], [ -0.110464215290146, 51.609962402334808 ], [ -0.110499938555636, 51.609944156684399 ], [ -0.110608597205776, 51.609948514903238 ], [ -0.110633970847724, 51.609947520821891 ], [ -0.110682924026458, 51.609949784137832 ], [ -0.110711745774706, 51.609948530847539 ], [ -0.110731321244108, 51.609949088962246 ], [ -0.110794309276896, 51.60994586811092 ], [ -0.110809992576192, 51.609946597323344 ], [ -0.110871947416945, 51.609944259031259 ], [ -0.110884485821503, 51.609944901610412 ], [ -0.110908694947164, 51.60994795328974 ], [ -0.111030208329219, 51.609952293347689 ], [ -0.111073668069522, 51.609950160655394 ], [ -0.11113566680883, 51.609947112529618 ], [ -0.111141707857715, 51.609946319566582 ], [ -0.111197433488387, 51.609948610800849 ], [ -0.111212291592848, 51.609947995791792 ], [ -0.11122425977244, 51.609948458295726 ], [ -0.111287936113494, 51.609946399294437 ], [ -0.111435346128718, 51.609954195382876 ], [ -0.111483147086277, 51.609952555084334 ], [ -0.111526002889078, 51.609954881734879 ], [ -0.111591321866729, 51.609953262668533 ], [ -0.111601232552205, 51.609952145310572 ], [ -0.111672565191408, 51.609949696801607 ], [ -0.11171866159957, 51.609952588122624 ], [ -0.111822583535298, 51.609950673177408 ], [ -0.111829272193593, 51.609949935566789 ], [ -0.111868279018779, 51.609949304569604 ], [ -0.111922715840532, 51.609952375036748 ], [ -0.111945259173541, 51.609949977255269 ], [ -0.112016021562253, 51.609947348502224 ], [ -0.112089604888827, 51.609951221671395 ], [ -0.112230009894439, 51.60994684516811 ], [ -0.112234676487692, 51.609947154079826 ], [ -0.112240087896302, 51.609947960569777 ], [ -0.11229005062673, 51.609950608151408 ], [ -0.11230833418539, 51.609949931233182 ], [ -0.112336816591142, 51.609950938172766 ], [ -0.112379924885279, 51.609948223826514 ], [ -0.112524347429415, 51.609952490396935 ], [ -0.112547434667229, 51.609951602987124 ], [ -0.112619824194214, 51.60994177914209 ], [ -0.112669563098152, 51.609944252104086 ], [ -0.112684656500125, 51.609946320435974 ], [ -0.112755364475284, 51.609949877146263 ], [ -0.112820047251694, 51.60994827413699 ], [ -0.112886899667413, 51.609952164398273 ], [ -0.11298863623899, 51.609946526368262 ], [ -0.113020836918748, 51.609949814090228 ], [ -0.113087191542127, 51.609946205544531 ], [ -0.113114742328961, 51.609947736852391 ], [ -0.113195723225176, 51.609945271778237 ], [ -0.113254072704052, 51.609948026886393 ], [ -0.113323341085688, 51.609945202457112 ], [ -0.113332381629172, 51.609945563698048 ], [ -0.113345840135087, 51.609947353858317 ], [ -0.113404665992543, 51.609951159674445 ], [ -0.113474056718898, 51.609948867676714 ], [ -0.113590739128384, 51.609956868219207 ], [ -0.113695251062193, 51.609884631423739 ], [ -0.113736414381864, 51.609843127990928 ], [ -0.113747054518398, 51.609749858918057 ], [ -0.11368364024437, 51.609594412306102 ], [ -0.113687806339958, 51.609592509969168 ], [ -0.113706689946986, 51.609583974122351 ], [ -0.113749080709016, 51.60956476464257 ], [ -0.113810314510914, 51.609443929145833 ], [ -0.113803165480423, 51.609356830538786 ], [ -0.113708579457506, 51.609219281104188 ], [ -0.113761452290231, 51.609197002934472 ], [ -0.11384866941939, 51.60910468658895 ], [ -0.113884947652275, 51.608997747674621 ], [ -0.11384724651756, 51.608853145824504 ], [ -0.113863284282677, 51.608844096586012 ], [ -0.113917432852557, 51.608712212563347 ], [ -0.113912616530762, 51.608607445605145 ], [ -0.1138504271985, 51.608511953387854 ], [ -0.113791190474584, 51.608458494131014 ], [ -0.113708122397438, 51.608405221687221 ], [ -0.113812857871045, 51.608401569996566 ], [ -0.113815335529384, 51.608392311701316 ], [ -0.113837419235304, 51.608309649017862 ], [ -0.113966584251344, 51.608318839136452 ], [ -0.114439513077566, 51.608352485179502 ], [ -0.114437611339105, 51.608398405762529 ], [ -0.114435697686375, 51.608444613910457 ], [ -0.11444159716455, 51.60844514038925 ], [ -0.114446259165891, 51.608445557049436 ], [ -0.114451481431339, 51.6084460456633 ], [ -0.114479970408396, 51.608448616876892 ], [ -0.114487840819487, 51.608449327909391 ], [ -0.114553393416671, 51.608455264600238 ], [ -0.114633535236903, 51.608462532848982 ], [ -0.115218556715085, 51.608459076457279 ], [ -0.115298037530797, 51.608458591174816 ], [ -0.115427412572616, 51.608454699117118 ], [ -0.115532104364158, 51.608451543368325 ], [ -0.115569584211541, 51.608449355221389 ], [ -0.115590633605891, 51.608475387395785 ], [ -0.115626214712968, 51.608518762874333 ], [ -0.11564630160091, 51.608547429633326 ], [ -0.115651594557823, 51.608558773152396 ], [ -0.115654860497799, 51.608572682907315 ], [ -0.115688692572605, 51.608716250525887 ], [ -0.115693997687238, 51.60873881674879 ], [ -0.115691568420217, 51.608809727728939 ], [ -0.115690548662378, 51.608834193144951 ], [ -0.115689068632048, 51.608841160964673 ], [ -0.115682313470814, 51.608874198459546 ], [ -0.115677494481721, 51.608897798052951 ], [ -0.115661454053599, 51.608937956732611 ], [ -0.115554644013473, 51.609080627294162 ], [ -0.115549576017932, 51.609094196345168 ], [ -0.115541580737069, 51.609115676645985 ], [ -0.115537778183917, 51.609125367818727 ], [ -0.115529057117674, 51.609134557321575 ], [ -0.115547600175183, 51.60917921481321 ], [ -0.115551185625083, 51.609181565485116 ], [ -0.115746628339009, 51.609309699981949 ], [ -0.115751535883671, 51.609312908181117 ], [ -0.115814573142662, 51.609369152245826 ], [ -0.115821107967893, 51.609372125803716 ], [ -0.115920152494033, 51.609417159196596 ], [ -0.115965781656614, 51.6094281884696 ], [ -0.115980009876973, 51.609431618318716 ], [ -0.115989749109999, 51.609641118017898 ], [ -0.115910941853055, 51.609645517323671 ], [ -0.115850590798625, 51.60964122964711 ], [ -0.1158052301864, 51.60963801005763 ], [ -0.115705623969873, 51.609630942494356 ], [ -0.115649023797476, 51.609626930790846 ], [ -0.115596153571622, 51.609623176819774 ], [ -0.115394891283994, 51.609610067619158 ], [ -0.115393773639515, 51.609620662502856 ], [ -0.115374207023013, 51.609832236254746 ], [ -0.115380768798147, 51.609895927019011 ], [ -0.115712165524798, 51.609910999250978 ], [ -0.11574427906907, 51.609909419929501 ], [ -0.115759130966234, 51.609911394059615 ], [ -0.115767808841015, 51.609911794248397 ], [ -0.115772407014276, 51.609912011995746 ], [ -0.115781344311202, 51.609912425343474 ], [ -0.115793799296867, 51.609914037236734 ], [ -0.115821524742494, 51.609917629974781 ], [ -0.115835542458688, 51.609918124932022 ], [ -0.115890412438944, 51.609929747795547 ], [ -0.115912871833745, 51.60993268490099 ], [ -0.115921277559786, 51.609933728160009 ], [ -0.115937384719567, 51.609934337600414 ], [ -0.116071908607652, 51.609939438948508 ], [ -0.11611814651605, 51.609949731559411 ], [ -0.116140320544596, 51.609942992703829 ], [ -0.11617393837989, 51.609936824321316 ], [ -0.116289160653278, 51.609926031567774 ], [ -0.116376799672092, 51.609929489319619 ], [ -0.116446544819944, 51.609932237005708 ], [ -0.116492367144008, 51.609944546085089 ], [ -0.116582814350637, 51.60998099695049 ], [ -0.116593746555958, 51.609978924396444 ], [ -0.116634772074004, 51.609975230843226 ], [ -0.116684860665789, 51.609959142893146 ], [ -0.116718918900491, 51.609943031331177 ], [ -0.116542649417234, 51.610140785482947 ], [ -0.116540170045042, 51.610143461375181 ], [ -0.116536971343766, 51.610147360373489 ], [ -0.116532466918117, 51.610153355216283 ], [ -0.116390133758463, 51.610336169188713 ], [ -0.116369374640138, 51.610328264203346 ], [ -0.116346090244918, 51.610353446680975 ], [ -0.116333897410304, 51.610367476852367 ], [ -0.116286136218076, 51.610422395278462 ], [ -0.116234188574986, 51.610482147310897 ], [ -0.11622323947028, 51.610494740677076 ], [ -0.116115037805028, 51.610619175280164 ], [ -0.116088740236087, 51.610649452970641 ], [ -0.115939501670753, 51.610821067891912 ], [ -0.115891139844292, 51.61087669141871 ], [ -0.115867629533694, 51.610903479820777 ], [ -0.115833357221497, 51.610942522845448 ], [ -0.115818836396293, 51.610959051429774 ], [ -0.115719898954153, 51.611071773534007 ], [ -0.115696722356135, 51.61109817159975 ], [ -0.115658977580171, 51.611126197048478 ], [ -0.115649440617872, 51.611142697771712 ], [ -0.115626660385196, 51.611167195802167 ], [ -0.115616779029709, 51.611186082970384 ], [ -0.115558628575608, 51.611247699916831 ], [ -0.115553851424992, 51.61125023096465 ], [ -0.115494481462912, 51.611295084426622 ], [ -0.115481294572194, 51.61131008771023 ], [ -0.115421120983243, 51.611356555851465 ], [ -0.114837698868267, 51.611249774644811 ], [ -0.114749652895268, 51.611392714670714 ], [ -0.114782000023748, 51.611602676788962 ], [ -0.114786143588508, 51.611627463519845 ], [ -0.114834844297147, 51.611676823247386 ], [ -0.114933527020448, 51.611679614227022 ], [ -0.114912635242099, 51.611764139829141 ], [ -0.114863033802307, 51.611964655707588 ], [ -0.115034894387418, 51.611990788949129 ], [ -0.115526450122643, 51.612065545889436 ], [ -0.115952273243437, 51.612158155962781 ], [ -0.116095860524554, 51.612189390790917 ], [ -0.116086761566836, 51.612199846695177 ], [ -0.115878788237092, 51.6124388425158 ], [ -0.115874270010963, 51.612439129636101 ], [ -0.115683024007808, 51.612462522156846 ], [ -0.115678305856373, 51.612463102807332 ], [ -0.114819176445406, 51.612516965963202 ], [ -0.114724991821985, 51.612522870936253 ], [ -0.1144167484598, 51.612542195732274 ], [ -0.114083568275055, 51.612563088125228 ], [ -0.113886494019263, 51.612580008414874 ], [ -0.113792769357159, 51.61258805124146 ], [ -0.11359919790092, 51.612594335401305 ], [ -0.113451083534133, 51.612599138228838 ], [ -0.113370202399589, 51.612599366056116 ], [ -0.113310260733628, 51.612599121318276 ], [ -0.113045363389124, 51.612584608861198 ], [ -0.113017406912593, 51.61258307103968 ], [ -0.112907655393371, 51.612577051976359 ], [ -0.11287945185478, 51.612576247525027 ], [ -0.112790801273892, 51.6125737331609 ], [ -0.112732994129149, 51.612572101668462 ], [ -0.112576770348345, 51.612567663597012 ], [ -0.112483878135292, 51.612565035785984 ], [ -0.112445815748452, 51.612562346039091 ], [ -0.112384308101028, 51.612558002062428 ], [ -0.112360992741624, 51.612556349930834 ], [ -0.112310156683834, 51.612552753165588 ], [ -0.112302379963492, 51.612552205368701 ], [ -0.112295179103349, 51.612551702808517 ], [ -0.112241030743336, 51.612547872858421 ], [ -0.112147466250128, 51.61254125931184 ], [ -0.112059042711331, 51.612535016193561 ], [ -0.111997820812018, 51.612527268485721 ], [ -0.111885262012396, 51.612513029166713 ], [ -0.111878193042657, 51.612512133037377 ], [ -0.111824111222739, 51.612505309489045 ], [ -0.111722428913599, 51.612492450079358 ], [ -0.111675661103193, 51.612486535537776 ], [ -0.111647758299037, 51.612483010927313 ], [ -0.111503570839989, 51.612462803645855 ], [ -0.111490459966037, 51.612460973921735 ], [ -0.111467053434827, 51.612457692515072 ], [ -0.11140964273829, 51.612449646162034 ], [ -0.111361637670376, 51.612442920239566 ], [ -0.111318241973351, 51.612436844031386 ], [ -0.111300048055965, 51.612434293977586 ], [ -0.111218555895273, 51.612422874284931 ], [ -0.111194187192947, 51.612419460428114 ], [ -0.111122143608014, 51.612409370823499 ], [ -0.111117490955783, 51.612408720384529 ], [ -0.111066083088904, 51.612401507906213 ], [ -0.111060238408192, 51.612400694389798 ], [ -0.11097015902742, 51.612388075127498 ], [ -0.11092351700682, 51.612384005754549 ], [ -0.110845876176524, 51.612377233961283 ], [ -0.110794585893843, 51.612372756952688 ], [ -0.110780655473365, 51.61237153442552 ], [ -0.110645708679654, 51.612359765923621 ], [ -0.110626568563436, 51.612358090772986 ], [ -0.110518128800821, 51.612353196655768 ], [ -0.110426484179703, 51.612349058590361 ], [ -0.110368314707932, 51.612346421929914 ], [ -0.110229687407078, 51.612340159963971 ], [ -0.110093828058552, 51.61233402336341 ], [ -0.11008066609022, 51.612285441039354 ], [ -0.109993641767712, 51.611964241205655 ], [ -0.110037606464785, 51.611943044064525 ], [ -0.110036766327455, 51.611932671253122 ], [ -0.110018694490937, 51.611708828354764 ], [ -0.110014221969982, 51.611653425890637 ], [ -0.110077873978302, 51.611610109861111 ], [ -0.110076812361808, 51.611603330451295 ], [ -0.110031628033078, 51.611421800678279 ], [ -0.110028484154791, 51.611409169615868 ], [ -0.110032724085536, 51.611391936506337 ], [ -0.110134436549567, 51.61129098977672 ] ] ] } },
{ "type": "Feature", "properties": { "lsoa21cd": "E01001497", "lsoa21nm": "Enfield 031E", "msoa21cd": "E02000307", "msoa21nm": "Enfield 031", "lad22cd": "E09000010", "lad22nm": "Enfield", "index_right": 313, "GSS_CODE": "E05000205", "risk_score": 7.614095735710638, "allocation_hours": 62.570173582675551, "patrol_units": 31 }, "geometry": { "type": "Polygon", "coordinates": [ [ [ -0.082815147591162, 51.62161941422054 ], [ -0.082832668129857, 51.621594485633828 ], [ -0.082837616149322, 51.621587462436622 ], [ -0.082843625485579, 51.62157890987686 ], [ -0.082887779227673, 51.621516108560336 ], [ -0.082891806078175, 51.621510374216882 ], [ -0.082931316727512, 51.621454214390759 ], [ -0.082944656842267, 51.621435233442845 ], [ -0.082946731796843, 51.621432277350863 ], [ -0.082953324739371, 51.621422902518354 ], [ -0.082955883817013, 51.621419257420243 ], [ -0.082967370986147, 51.621402934941862 ], [ -0.082980802617259, 51.621383838583327 ], [ -0.08298744169799, 51.621374397059363 ], [ -0.082991898139302, 51.621368067236482 ], [ -0.082993958082831, 51.62136512438714 ], [ -0.08299688869361, 51.621361404428349 ], [ -0.083039121348008, 51.621307833937898 ], [ -0.083044966981009, 51.621300420740859 ], [ -0.083053773981679, 51.621289243123591 ], [ -0.083063420841997, 51.621276991139609 ], [ -0.083087627241744, 51.621246299687556 ], [ -0.083091945836335, 51.621240839881089 ], [ -0.083104919840605, 51.621224370833495 ], [ -0.08311430609471, 51.621212474286388 ], [ -0.083121571226076, 51.621203258807512 ], [ -0.083137016933509, 51.621183673784721 ], [ -0.083155454369513, 51.621160288863798 ], [ -0.08319664889215, 51.621108032243313 ], [ -0.083205302738917, 51.621097058939817 ], [ -0.083213865794625, 51.621086183069401 ], [ -0.083216978701775, 51.6210822502646 ], [ -0.083219634641787, 51.621078876519235 ], [ -0.083275359161477, 51.621008188897598 ], [ -0.083292665398739, 51.620987645085897 ], [ -0.08330257355355, 51.620975873956247 ], [ -0.08330769096725, 51.620969797721564 ], [ -0.083329240157145, 51.620944215502135 ], [ -0.083333209262518, 51.620939505346186 ], [ -0.083338730452086, 51.62093293212854 ], [ -0.083350135971813, 51.620919395956811 ], [ -0.083374498694353, 51.620890469534125 ], [ -0.083378148333407, 51.620886140833754 ], [ -0.083402283108177, 51.620857480455648 ], [ -0.083414906397798, 51.62084247142252 ], [ -0.083451921177146, 51.620798536420203 ], [ -0.083463996687952, 51.620784183876019 ], [ -0.083467463222783, 51.620780085985963 ], [ -0.083475219804723, 51.620770860532154 ], [ -0.083487081825587, 51.620756774272195 ], [ -0.083505467792037, 51.620734944161256 ], [ -0.083528035902774, 51.620708146583937 ], [ -0.083534133653872, 51.620700917333586 ], [ -0.083540886263805, 51.62069288945829 ], [ -0.08355296874792, 51.620678541515552 ], [ -0.083580844449706, 51.620645436985967 ], [ -0.083599481597221, 51.620623300723977 ], [ -0.083604183028841, 51.620618009020227 ], [ -0.08361608835383, 51.620604606885806 ], [ -0.083623822899192, 51.620595902627819 ], [ -0.083643765683271, 51.620573463962863 ], [ -0.083648330927234, 51.620568318408516 ], [ -0.083661570265343, 51.620553427326215 ], [ -0.083666620765217, 51.620547736660988 ], [ -0.08368952121412, 51.620521960637369 ], [ -0.083714878508582, 51.620493419090742 ], [ -0.0837212170695, 51.620486301675832 ], [ -0.083723856266725, 51.620483323316265 ], [ -0.083735276074594, 51.620470470772695 ], [ -0.083782289652328, 51.620417562655902 ], [ -0.083784307407978, 51.620415275556937 ], [ -0.083790845439259, 51.620408566060178 ], [ -0.083798728145807, 51.620400457717238 ], [ -0.083805931293205, 51.620393048678778 ], [ -0.083815777451299, 51.620382913130761 ], [ -0.083828417039628, 51.62036990965008 ], [ -0.083853015882263, 51.62034461996241 ], [ -0.083928459657275, 51.620267024243134 ], [ -0.083932068617952, 51.620263315344594 ], [ -0.083941929156876, 51.620253180021415 ], [ -0.083952443741337, 51.620241922327132 ], [ -0.083978767217333, 51.620213756210944 ], [ -0.083991565809061, 51.62020006288828 ], [ -0.083994447713388, 51.620196980577923 ], [ -0.084002898178681, 51.620187910306768 ], [ -0.0840074065876, 51.620183083044502 ], [ -0.084023880565468, 51.620165475075176 ], [ -0.084054954315986, 51.620132224848263 ], [ -0.084060506153441, 51.62012629056678 ], [ -0.084075740460401, 51.620109988733304 ], [ -0.084078781697627, 51.620106724677527 ], [ -0.084136488418109, 51.620044985116259 ], [ -0.084139431645834, 51.620041818375448 ], [ -0.084142471927048, 51.62003857678372 ], [ -0.084182427025553, 51.619995795671763 ], [ -0.084200398973764, 51.619976575512752 ], [ -0.084236177590241, 51.619938285359609 ], [ -0.084243328445328, 51.619930639837726 ], [ -0.084257962356592, 51.61991497293689 ], [ -0.084271455897394, 51.619900553551496 ], [ -0.084277552752191, 51.619894025665033 ], [ -0.084325056010245, 51.619843180126765 ], [ -0.084334071745725, 51.619833548042017 ], [ -0.084341771705374, 51.619825315280451 ], [ -0.084343995108865, 51.619822946102559 ], [ -0.084407667090581, 51.619754869713404 ], [ -0.084419663964638, 51.619742026531796 ], [ -0.084434321994498, 51.619726367197941 ], [ -0.084446076516861, 51.619713789830499 ], [ -0.084484106419348, 51.619673144369578 ], [ -0.084522787296349, 51.619631790128636 ], [ -0.08453039697561, 51.619623641309545 ], [ -0.084539367234884, 51.619614057925787 ], [ -0.084544207891413, 51.619608885362574 ], [ -0.084585868864115, 51.619564342472096 ], [ -0.084595278190932, 51.619554280659884 ], [ -0.084611873267156, 51.61953653070951 ], [ -0.084621834296686, 51.619525888896518 ], [ -0.084625744904014, 51.619521703805042 ], [ -0.084634306799257, 51.619512554377806 ], [ -0.084646681485266, 51.61949931268164 ], [ -0.084669311357217, 51.619475132722471 ], [ -0.084695361239554, 51.619447267729946 ], [ -0.08471942873411, 51.61942153755124 ], [ -0.084723906228425, 51.619416754720376 ], [ -0.084732672246141, 51.619407388303429 ], [ -0.084756573899695, 51.619381821770489 ], [ -0.084773061020036, 51.619361660044426 ], [ -0.084780555744028, 51.619352466202187 ], [ -0.084800360225996, 51.619328141161823 ], [ -0.084809362845766, 51.619317101501281 ], [ -0.084835305268239, 51.619285269030208 ], [ -0.084842298216314, 51.619276669488038 ], [ -0.084845740188185, 51.619272463248059 ], [ -0.084879299925673, 51.619231268065448 ], [ -0.084886779414224, 51.619222091952984 ], [ -0.085018990018344, 51.61905983194147 ], [ -0.085035350382242, 51.619039758047556 ], [ -0.085043499415778, 51.61902977454622 ], [ -0.08504706440087, 51.619025390461751 ], [ -0.085065131266592, 51.619003213205978 ], [ -0.08507437720404, 51.618991880753214 ], [ -0.08508239904656, 51.618982515655283 ], [ -0.085088567355071, 51.618975314462148 ], [ -0.08516475910144, 51.618886372723225 ], [ -0.085169848694539, 51.618880430848449 ], [ -0.085171899345624, 51.618878045347884 ], [ -0.085230149256998, 51.618810023931943 ], [ -0.085247742851838, 51.618789475558707 ], [ -0.085276091373603, 51.618756405365261 ], [ -0.085284313668296, 51.618746737782367 ], [ -0.085317197341575, 51.618704425392011 ], [ -0.08533457785918, 51.6186820750275 ], [ -0.085340992856385, 51.618673816734493 ], [ -0.085349652531123, 51.618662681517847 ], [ -0.0853921277897, 51.6186080261255 ], [ -0.085406378604418, 51.61858967128169 ], [ -0.085421301668292, 51.618570446146052 ], [ -0.085446758890376, 51.61853639349178 ], [ -0.085453432827255, 51.618527473975369 ], [ -0.085490004214948, 51.618478540315643 ], [ -0.08550102613003, 51.618463792697113 ], [ -0.08555017991405, 51.618398041622854 ], [ -0.085565487485175, 51.618377572789754 ], [ -0.085599257595285, 51.618332379212589 ], [ -0.085615837184022, 51.618309660531658 ], [ -0.085623616808214, 51.618299010014333 ], [ -0.085676642043052, 51.618226388871172 ], [ -0.085689457948681, 51.618208828890623 ], [ -0.085722953056046, 51.618162956354467 ], [ -0.085727414152586, 51.618156842333391 ], [ -0.085754900045464, 51.618119198754897 ], [ -0.085765323936765, 51.618104926947318 ], [ -0.085785268919601, 51.618077582580987 ], [ -0.085788271364399, 51.618073518419287 ], [ -0.08581111996375, 51.618082527771286 ], [ -0.085856631291738, 51.618100158548508 ], [ -0.085927697842443, 51.618127702496196 ], [ -0.086044640314439, 51.618192010100429 ], [ -0.08759290190364, 51.617978553748586 ], [ -0.087922419760908, 51.617765503715702 ], [ -0.087956833122065, 51.617789422818909 ], [ -0.087966392433546, 51.617795684582241 ], [ -0.087985791453398, 51.617808410512943 ], [ -0.088041176740927, 51.617844752935689 ], [ -0.088114977571305, 51.617893166737389 ], [ -0.088153649267494, 51.617918535550658 ], [ -0.088170700813906, 51.617929721431857 ], [ -0.088259065347619, 51.61798768878581 ], [ -0.088290343393089, 51.618008197976486 ], [ -0.088292969765802, 51.618011352193115 ], [ -0.088240871587225, 51.618036967807541 ], [ -0.088234966127, 51.618039308502283 ], [ -0.08823181435063, 51.618041433305216 ], [ -0.088175059132704, 51.618096027718209 ], [ -0.088113510439169, 51.618468887212558 ], [ -0.088083077343481, 51.618653204777907 ], [ -0.088070381126206, 51.618730090431406 ], [ -0.088104557474026, 51.618747643420541 ], [ -0.088204201910808, 51.618798825494011 ], [ -0.088226641744583, 51.618810359981417 ], [ -0.088377897006715, 51.618888065795019 ], [ -0.088468379364875, 51.618934539092372 ], [ -0.088621035466126, 51.619012959831053 ], [ -0.088660161546536, 51.619033048272158 ], [ -0.088698678641302, 51.619052848007279 ], [ -0.088832868675342, 51.619121777175224 ], [ -0.088925883035937, 51.619169550312478 ], [ -0.088996527650486, 51.619205835148719 ], [ -0.089110681356272, 51.619264482801569 ], [ -0.089157457787974, 51.619288499545902 ], [ -0.089189146021647, 51.619304779690992 ], [ -0.089308730594961, 51.619366204382089 ], [ -0.089387011338005, 51.619406417203322 ], [ -0.089435710525858, 51.619431436344392 ], [ -0.089507020442247, 51.619468064417674 ], [ -0.089640159309584, 51.619536453925235 ], [ -0.089775305780321, 51.619605892125051 ], [ -0.089816978436901, 51.619627280587331 ], [ -0.089839787226689, 51.619638991616696 ], [ -0.08992321591291, 51.619681850767698 ], [ -0.090038701361263, 51.619741175611509 ], [ -0.090158386963574, 51.619802654991211 ], [ -0.090299287682388, 51.619786245099128 ], [ -0.090465729090545, 51.619754693908597 ], [ -0.09057604627318, 51.619742102104972 ], [ -0.090657000731442, 51.619740722383455 ], [ -0.090679715885107, 51.619741946485675 ], [ -0.090981299519388, 51.619758141595341 ], [ -0.091161465627424, 51.619767818547771 ], [ -0.091153244487691, 51.619804652824136 ], [ -0.09114486396852, 51.619842185919268 ], [ -0.091129081447391, 51.619912870711943 ], [ -0.091122034980242, 51.619944436527447 ], [ -0.091119848667681, 51.619954184760196 ], [ -0.091110570265036, 51.619997685036395 ], [ -0.091109750935738, 51.62000284957054 ], [ -0.091108284880427, 51.620009722940338 ], [ -0.091101657598372, 51.620040594164209 ], [ -0.091085567975645, 51.620115491425928 ], [ -0.091079408481387, 51.620144167105067 ], [ -0.091074006285763, 51.620169258118359 ], [ -0.091061519586022, 51.62022750599337 ], [ -0.091059167174506, 51.620238456513768 ], [ -0.09104323753093, 51.620312636975548 ], [ -0.091035027515201, 51.62034920165074 ], [ -0.091034014401494, 51.620353717370023 ], [ -0.091016315592084, 51.620432527135861 ], [ -0.091008834067751, 51.620465848389479 ], [ -0.09099797508511, 51.620514231025034 ], [ -0.09099204091117, 51.620540635270061 ], [ -0.090982249272357, 51.620584242286107 ], [ -0.090967730443617, 51.620648904681602 ], [ -0.090957849965164, 51.620692905918794 ], [ -0.090935231916995, 51.620787363446276 ], [ -0.090930641567403, 51.620795876543156 ], [ -0.090918433131533, 51.620794535769328 ], [ -0.090914118777202, 51.620785131345819 ], [ -0.09064544292572, 51.620756756576348 ], [ -0.090572999443607, 51.620749102559095 ], [ -0.090502367777648, 51.620741648853112 ], [ -0.090440581566101, 51.620735121473409 ], [ -0.090413374173808, 51.620739030836567 ], [ -0.090399348426672, 51.620741059576119 ], [ -0.090403425656241, 51.620886741219856 ], [ -0.090403832761426, 51.620901117834087 ], [ -0.090398750443938, 51.620917554270378 ], [ -0.090397229805847, 51.62092245739057 ], [ -0.090387928717782, 51.620937530217091 ], [ -0.090380240775379, 51.620949967534585 ], [ -0.090290923737774, 51.621042008022734 ], [ -0.090269428080095, 51.621055407505189 ], [ -0.090246997240759, 51.621069403244483 ], [ -0.090239401905303, 51.621074135504564 ], [ -0.090080391520651, 51.620981351514075 ], [ -0.09006031237188, 51.620969640037792 ], [ -0.09003063278061, 51.620958810841465 ], [ -0.089969448972082, 51.620945679057094 ], [ -0.089684318638108, 51.620966960384571 ], [ -0.089673153054056, 51.620968131882186 ], [ -0.089658461312906, 51.621046311530897 ], [ -0.089656899688867, 51.621054936863707 ], [ -0.089652346088613, 51.621080095601563 ], [ -0.089645823724402, 51.621116004258823 ], [ -0.089633277543504, 51.621185239857589 ], [ -0.089618795578804, 51.621265126993976 ], [ -0.089608456304752, 51.621322069842755 ], [ -0.089596848294468, 51.621386168026149 ], [ -0.089558105409919, 51.621381993894794 ], [ -0.0895461544533, 51.62138071112944 ], [ -0.089418305049246, 51.621366956208988 ], [ -0.089344961173307, 51.621359052975201 ], [ -0.089295244913773, 51.621353710812322 ], [ -0.089258429008081, 51.621349747824333 ], [ -0.089222548074994, 51.621345880989935 ], [ -0.089187501437028, 51.621342099677143 ], [ -0.089149707275546, 51.621338039784014 ], [ -0.089129458276334, 51.621335866407343 ], [ -0.089010065613113, 51.621323013184814 ], [ -0.088966030271718, 51.621318276018101 ], [ -0.088916271549732, 51.621312915016055 ], [ -0.088898150846067, 51.621310974114145 ], [ -0.088856215683828, 51.621306450978068 ], [ -0.088789170203574, 51.621299243532306 ], [ -0.088777133428803, 51.621297941304363 ], [ -0.088697188800141, 51.621289327597964 ], [ -0.088649471794662, 51.621284197589752 ], [ -0.088582973074074, 51.621277043898004 ], [ -0.088577019089377, 51.621276407311861 ], [ -0.088504020472857, 51.621268545143835 ], [ -0.088461610313009, 51.621263982649801 ], [ -0.088432986841651, 51.621262050341862 ], [ -0.088350184084311, 51.62126403242177 ], [ -0.088341561244861, 51.621265024924668 ], [ -0.088325752326936, 51.621266853497985 ], [ -0.088279800242016, 51.621419633228015 ], [ -0.088246381399222, 51.621530658290474 ], [ -0.088253923469815, 51.621538874469685 ], [ -0.088259435246321, 51.621544872379054 ], [ -0.088265260253367, 51.621544454757228 ], [ -0.088519868377795, 51.621526123472655 ], [ -0.088535262022192, 51.621527300586862 ], [ -0.088560058864339, 51.621529197478282 ], [ -0.088572261211639, 51.621531716411702 ], [ -0.088618765241697, 51.621541304936876 ], [ -0.088628132231021, 51.621543229113762 ], [ -0.088699256976661, 51.621569207496321 ], [ -0.088720125421881, 51.62158241582911 ], [ -0.088771756466297, 51.621615054654661 ], [ -0.088785336196009, 51.621623638961971 ], [ -0.088852783761361, 51.621705283760299 ], [ -0.088867770637466, 51.621716993394699 ], [ -0.08887458815473, 51.62171393013962 ], [ -0.089081175483948, 51.621621602790917 ], [ -0.089152384609827, 51.621611742717207 ], [ -0.089176987339105, 51.621611729907443 ], [ -0.089248527108934, 51.621611699452593 ], [ -0.089252624506378, 51.621612170869014 ], [ -0.089324312311525, 51.621620645173792 ], [ -0.08948572899625, 51.621662738268867 ], [ -0.089496808375797, 51.621727534242531 ], [ -0.089477719057551, 51.621776632481527 ], [ -0.089477947461563, 51.621781851842755 ], [ -0.089479006699407, 51.621806481525475 ], [ -0.089479740452655, 51.621823390355011 ], [ -0.089476109069018, 51.621833825428411 ], [ -0.089470820861932, 51.621848963558513 ], [ -0.089470365478098, 51.621856015239942 ], [ -0.089469388353714, 51.621870666063366 ], [ -0.089473077069175, 51.621887730938873 ], [ -0.08947491515409, 51.621896240793141 ], [ -0.089473389124818, 51.621916044360411 ], [ -0.089462199832668, 51.621963989858919 ], [ -0.089458001868273, 51.621982059313204 ], [ -0.089454552414502, 51.621987479543876 ], [ -0.089435143457655, 51.62201789068537 ], [ -0.089416999452369, 51.62207559663306 ], [ -0.08941524784282, 51.622081179408426 ], [ -0.089400544314638, 51.622109625904187 ], [ -0.089407444295516, 51.622111473857267 ], [ -0.089526628398907, 51.622155796927714 ], [ -0.089635045100855, 51.622196113691345 ], [ -0.08965124429473, 51.622198409850867 ], [ -0.089886379348285, 51.622231680950179 ], [ -0.089961617320637, 51.622242330393256 ], [ -0.090060551239242, 51.622256333191984 ], [ -0.090077641019459, 51.622258751704599 ], [ -0.09013767068215, 51.622267246964427 ], [ -0.090153263546591, 51.62227090902968 ], [ -0.09029643147256, 51.622304543110232 ], [ -0.090433105000183, 51.622336650461442 ], [ -0.090416438536329, 51.622355784874891 ], [ -0.090377807680789, 51.622397051854932 ], [ -0.09034204897663, 51.622455226487965 ], [ -0.090304119479208, 51.622516926787071 ], [ -0.090300119097512, 51.622523426160598 ], [ -0.090295714655995, 51.622530602383272 ], [ -0.090284766958285, 51.622548409084573 ], [ -0.090242243242997, 51.62264001548678 ], [ -0.090220530592839, 51.622686746560326 ], [ -0.090216241372696, 51.622695992926893 ], [ -0.090191110890586, 51.622750141092787 ], [ -0.09018945951708, 51.622753684217166 ], [ -0.090170267567511, 51.622829807782374 ], [ -0.090159921568881, 51.622870761921718 ], [ -0.09014919637509, 51.622913175659697 ], [ -0.090137447530458, 51.622959664306094 ], [ -0.090136692135456, 51.622977636964791 ], [ -0.090120713943081, 51.623016134364924 ], [ -0.090114605076364, 51.623030863487223 ], [ -0.090097343470123, 51.623072397428494 ], [ -0.090088471171989, 51.623093753969407 ], [ -0.090068773489895, 51.623127595637143 ], [ -0.090065116025015, 51.623133839805874 ], [ -0.090036264199221, 51.623183368155537 ], [ -0.090027233889587, 51.623198859022388 ], [ -0.090003415684785, 51.623239647713028 ], [ -0.089991409556843, 51.623260287769881 ], [ -0.089978702003053, 51.623282148372581 ], [ -0.089962461505961, 51.62331003934829 ], [ -0.089959051624811, 51.623315891876935 ], [ -0.089948354113219, 51.623334269151052 ], [ -0.089945691305738, 51.623339189635267 ], [ -0.089940239238289, 51.623349289326157 ], [ -0.089886070422059, 51.623449473637088 ], [ -0.089807415386065, 51.623435522245963 ], [ -0.089736403593922, 51.623422927257451 ], [ -0.089473249521803, 51.623376268376042 ], [ -0.089412734413545, 51.623365543750936 ], [ -0.089384570885855, 51.623360543763994 ], [ -0.089302302209382, 51.623345957642904 ], [ -0.089284348720718, 51.623342769585179 ], [ -0.089280046329917, 51.623342016066324 ], [ -0.089269836315524, 51.623340204110143 ], [ -0.089074095462229, 51.623305496459913 ], [ -0.08906117500802, 51.623303208685464 ], [ -0.089056915935713, 51.623302455864035 ], [ -0.088932445446999, 51.623280374570463 ], [ -0.088924959972703, 51.623279047609095 ], [ -0.088908712824508, 51.623276166063114 ], [ -0.088902274450053, 51.623275018026618 ], [ -0.088893024942136, 51.623273383552551 ], [ -0.088826573630694, 51.62326159969745 ], [ -0.088814126598764, 51.623259391549574 ], [ -0.088805737647769, 51.623257905978534 ], [ -0.08880043564384, 51.623256875370942 ], [ -0.088795620718494, 51.623255942624994 ], [ -0.08877209054299, 51.623251386681559 ], [ -0.088743588153906, 51.623245859452126 ], [ -0.088725718268139, 51.623242402895279 ], [ -0.088710836764369, 51.623239512101961 ], [ -0.088688302606087, 51.623235147725829 ], [ -0.088542407896403, 51.623206880755326 ], [ -0.088537557456186, 51.623205933931054 ], [ -0.088472176948328, 51.623193254585715 ], [ -0.088463034201666, 51.623191486929819 ], [ -0.088447300346665, 51.62318842484229 ], [ -0.088442513931706, 51.623187501538723 ], [ -0.088431307762343, 51.623185331558304 ], [ -0.088412177299307, 51.623181620602871 ], [ -0.08829651960254, 51.623159205655611 ], [ -0.088286245044702, 51.623157212710581 ], [ -0.088212290824637, 51.623142876437171 ], [ -0.088204492379333, 51.623141366276293 ], [ -0.088198688889785, 51.623140237541769 ], [ -0.088177064581956, 51.623136054257451 ], [ -0.088105572474817, 51.62312219148702 ], [ -0.088094079867119, 51.623119962849586 ], [ -0.088082114244065, 51.623117645567831 ], [ -0.088058276652722, 51.623113017023591 ], [ -0.087939144247681, 51.623089929088927 ], [ -0.087928482570616, 51.623087866853538 ], [ -0.0879091800806, 51.623084126032595 ], [ -0.087899364135459, 51.623082221462127 ], [ -0.08783578201565, 51.62306989930012 ], [ -0.087809945081077, 51.623064891897513 ], [ -0.08780418454369, 51.62306377283587 ], [ -0.087780955473199, 51.623059275553949 ], [ -0.087704534176461, 51.623044455401754 ], [ -0.087663292733843, 51.623036458588601 ], [ -0.087647028223699, 51.62303330680701 ], [ -0.087641769204703, 51.623032285839429 ], [ -0.087596256783409, 51.623023477483109 ], [ -0.087583646844477, 51.623021023748834 ], [ -0.087568356869876, 51.623018058703821 ], [ -0.087501128155416, 51.623005024941108 ], [ -0.087490631218782, 51.623002996825193 ], [ -0.087484469111078, 51.623001808251985 ], [ -0.087313298705242, 51.622968622327093 ], [ -0.087301447900341, 51.622966324821668 ], [ -0.087283778837206, 51.622962907286031 ], [ -0.087205165474105, 51.622947659880431 ], [ -0.087193329117, 51.622945362599488 ], [ -0.087186450854403, 51.622944027443211 ], [ -0.087173348340432, 51.622941264382163 ], [ -0.087056154879363, 51.622916579515596 ], [ -0.087049224173685, 51.622915117600876 ], [ -0.087039157705277, 51.622912988554965 ], [ -0.086994651627531, 51.622903616358904 ], [ -0.086975506145028, 51.622899581190119 ], [ -0.086912255638773, 51.622886256767941 ], [ -0.08689812221572, 51.622883274528881 ], [ -0.086838129544206, 51.622870635378256 ], [ -0.086820322699371, 51.622866889096514 ], [ -0.086772838626459, 51.622856879228728 ], [ -0.086756843564055, 51.622853506904463 ], [ -0.086570973517681, 51.622814342873191 ], [ -0.086547131042963, 51.622809322762919 ], [ -0.086535123943306, 51.622806793320109 ], [ -0.086491270029462, 51.622797548471375 ], [ -0.08646943245802, 51.622792947732201 ], [ -0.086465093288168, 51.622792040635815 ], [ -0.086458150453901, 51.622790524532611 ], [ -0.08645043978456, 51.62278885382014 ], [ -0.086271829748048, 51.622750066738426 ], [ -0.086264471664735, 51.622748462915524 ], [ -0.086254121263781, 51.622746216761733 ], [ -0.086179678798952, 51.622730056530308 ], [ -0.086069879970231, 51.622699614726109 ], [ -0.086009404166463, 51.622682850494556 ], [ -0.085966378269466, 51.622670930201892 ], [ -0.085950627460117, 51.622666563584467 ], [ -0.085922452907395, 51.622658756912692 ], [ -0.085900961728464, 51.622652794859164 ], [ -0.085876371460297, 51.622645981891388 ], [ -0.085797831809458, 51.622624206174649 ], [ -0.085793647635499, 51.622623049792679 ], [ -0.085768614780049, 51.622616112675772 ], [ -0.08576276024237, 51.622614483901657 ], [ -0.08574962282165, 51.622610838843869 ], [ -0.08568532002739, 51.62259301830791 ], [ -0.085678373196557, 51.622591083941195 ], [ -0.085661572507008, 51.622586434869085 ], [ -0.08559151498778, 51.622567018603625 ], [ -0.085576208003411, 51.622562749103984 ], [ -0.085572024219193, 51.622561583727752 ], [ -0.085546007409017, 51.622554342741118 ], [ -0.085508496982801, 51.622543874669084 ], [ -0.085500629028931, 51.622541686954456 ], [ -0.085482138253745, 51.62253652017661 ], [ -0.085469029561754, 51.622532880051736 ], [ -0.085439843414737, 51.62252474201037 ], [ -0.085405716684197, 51.62251522839 ], [ -0.085399062611931, 51.622513375221644 ], [ -0.085372211150922, 51.622505886765254 ], [ -0.085308276786417, 51.62248807203148 ], [ -0.085296653639839, 51.622484833823577 ], [ -0.085269366814131, 51.62247722133305 ], [ -0.085245849643476, 51.622470659553393 ], [ -0.085234940011984, 51.622467630822847 ], [ -0.085206225058698, 51.6224596263094 ], [ -0.085178652179044, 51.622451946179531 ], [ -0.085169085219393, 51.622449281078573 ], [ -0.085162317187055, 51.622447390065858 ], [ -0.085057666937761, 51.62241821835633 ], [ -0.085053383258888, 51.622417024352579 ], [ -0.085047643318883, 51.622415419894139 ], [ -0.085037019796982, 51.622412458763627 ], [ -0.084984829611809, 51.622397929021723 ], [ -0.084952795324563, 51.622388988981385 ], [ -0.084941507703558, 51.622385846140901 ], [ -0.084923016671987, 51.622380688261224 ], [ -0.084906381931072, 51.622376046288515 ], [ -0.084863473708763, 51.622364087047366 ], [ -0.084851750677889, 51.622360820188909 ], [ -0.084824078123385, 51.622353106879814 ], [ -0.0847504701581, 51.622332593508716 ], [ -0.084737705004023, 51.622329030853528 ], [ -0.08466693877353, 51.622309305715405 ], [ -0.084658928408904, 51.62230707065693 ], [ -0.084650103864183, 51.622304615474334 ], [ -0.084643735541996, 51.62230283887039 ], [ -0.084636924606301, 51.622300938135375 ], [ -0.084622802754624, 51.622297002604057 ], [ -0.084587947589336, 51.622287297003417 ], [ -0.084583992560439, 51.622286189283059 ], [ -0.084479416820611, 51.622257043470967 ], [ -0.084469476149056, 51.62225426609929 ], [ -0.08438255327087, 51.622230045940299 ], [ -0.084373222503854, 51.62222743409211 ], [ -0.084353960314714, 51.622222065695333 ], [ -0.084319905003946, 51.622212579905245 ], [ -0.084311059598072, 51.622210106370922 ], [ -0.084296902089316, 51.622206161224717 ], [ -0.084204503546423, 51.622180412693268 ], [ -0.084188839846518, 51.622176042764629 ], [ -0.084167849806805, 51.622170196487886 ], [ -0.084149315979361, 51.622165028797049 ], [ -0.084014995530757, 51.622127583995827 ], [ -0.083991135595686, 51.622120935433799 ], [ -0.083975329274863, 51.622116522679939 ], [ -0.083960664627367, 51.622112443312517 ], [ -0.083888542549717, 51.622092340342277 ], [ -0.083865249798822, 51.622085843101871 ], [ -0.083823145919995, 51.622074109736211 ], [ -0.083766944786061, 51.622058443818467 ], [ -0.083746666870482, 51.622053184619958 ], [ -0.08367040989379, 51.62203350404674 ], [ -0.083655018543267, 51.622029529669256 ], [ -0.083634825378237, 51.622024316798338 ], [ -0.083624550045093, 51.622021666974625 ], [ -0.083620477295766, 51.622020611252701 ], [ -0.083582262612684, 51.622010760529761 ], [ -0.083448184236114, 51.621976160653922 ], [ -0.083444282839096, 51.621975152688357 ], [ -0.083381459317619, 51.621958946725705 ], [ -0.08336693955298, 51.621955202372945 ], [ -0.083350419134732, 51.621950939728855 ], [ -0.083342744762709, 51.621948961859665 ], [ -0.083198520634309, 51.621911731946376 ], [ -0.083044649480228, 51.621872033104161 ], [ -0.082928064079804, 51.621841945012328 ], [ -0.082789084241218, 51.621806095227782 ], [ -0.08270921279749, 51.621785473668922 ], [ -0.082700567106255, 51.621782345024343 ], [ -0.082704065465755, 51.621777359216466 ], [ -0.082735739315208, 51.621732329957901 ], [ -0.082740810817587, 51.62172511994055 ], [ -0.082766645785866, 51.621688367247621 ], [ -0.082774629274687, 51.62167702331579 ], [ -0.082815147591162, 51.62161941422054 ] ] ] } },
{ "type": "Feature", "properties": { "lsoa21cd": "E01001566", "lsoa21nm": "Enfield 029E", "msoa21cd": "E02000305", "msoa21nm": "Enfield 029", "lad22cd": "E09000010", "lad22nm": "Enfield", "index_right": 313, "GSS_CODE": "E05000205", "risk_score": 0.00082353179828911988, "allocation_hours": 0.0067675176880336299, "patrol_units": 0 }, "geometry": { "type": "Polygon", "coordinates": [ [ [ -0.111565829600289, 51.624205879953692 ], [ -0.111579386862224, 51.624174112183795 ], [ -0.112213371446813, 51.624034046911213 ], [ -0.112218333987097, 51.623967299736009 ], [ -0.112201834304894, 51.623807068455463 ], [ -0.112200529577836, 51.623794314223886 ], [ -0.112182960557934, 51.623779751609 ], [ -0.112072728288778, 51.62368838663685 ], [ -0.112054363317748, 51.623673163740541 ], [ -0.112046046252326, 51.623666281112705 ], [ -0.111984437020511, 51.623615197561534 ], [ -0.111971399131944, 51.62360389113573 ], [ -0.111928367224668, 51.623566572614791 ], [ -0.111863024774581, 51.623509903087516 ], [ -0.111853049263875, 51.623505210382852 ], [ -0.11182176418083, 51.623474114760292 ], [ -0.111747706946313, 51.623409886182465 ], [ -0.111708287232977, 51.623375692116333 ], [ -0.111717641833077, 51.623370645061605 ], [ -0.111699966891883, 51.623353077200569 ], [ -0.111616933999681, 51.623270539421313 ], [ -0.111613548951275, 51.62326682503096 ], [ -0.11127514187004, 51.622896574011762 ], [ -0.111281334535803, 51.622907464587051 ], [ -0.11128654736621, 51.622913429535664 ], [ -0.111303799397942, 51.622947069077675 ], [ -0.111233429120001, 51.622869599726485 ], [ -0.111150529345935, 51.622778341089898 ], [ -0.111136854138497, 51.62276013611902 ], [ -0.110997342987668, 51.622640979737369 ], [ -0.110898600563986, 51.622561776431979 ], [ -0.110871521267858, 51.622540046395734 ], [ -0.110802374620334, 51.622498494148118 ], [ -0.110786363400323, 51.622488875234971 ], [ -0.110702390010452, 51.622438406505317 ], [ -0.110504385923379, 51.62233630136744 ], [ -0.11033368322092, 51.622250597132137 ], [ -0.11026382006205, 51.622215525527729 ], [ -0.110103744018321, 51.62250642336641 ], [ -0.109808127106846, 51.622418877010368 ], [ -0.109719159735502, 51.622410339641803 ], [ -0.109666567848386, 51.622405292839709 ], [ -0.109474075985421, 51.622406849331149 ], [ -0.109390401122044, 51.622422838369054 ], [ -0.109380284540068, 51.622409744258292 ], [ -0.109344709017021, 51.622347806753218 ], [ -0.109305002255032, 51.622207757510481 ], [ -0.109286089275801, 51.622189422936493 ], [ -0.109222349600729, 51.622146778848645 ], [ -0.109127093150588, 51.62210470587199 ], [ -0.109026381461828, 51.622080205990471 ], [ -0.108827303815939, 51.622058499782085 ], [ -0.108815590933017, 51.622024067863613 ], [ -0.108793159003098, 51.621958052652559 ], [ -0.108571328077538, 51.621883625377841 ], [ -0.108485865295779, 51.621870053842066 ], [ -0.108430563675316, 51.6218693870536 ], [ -0.107950086883988, 51.62192817438082 ], [ -0.107944335703921, 51.621928558230763 ], [ -0.107881522124453, 51.621932742847463 ], [ -0.107759226964084, 51.621940886955429 ], [ -0.10775974069616, 51.621892480059579 ], [ -0.107760586252688, 51.621809745460716 ], [ -0.107762506294255, 51.621625251993827 ], [ -0.107905482618441, 51.621455236184133 ], [ -0.107874645070945, 51.621327118443467 ], [ -0.10786516113097, 51.621287749549936 ], [ -0.107864250021616, 51.621283958039776 ], [ -0.107885249763646, 51.621291014053909 ], [ -0.108144710160138, 51.620942515592098 ], [ -0.108147327328621, 51.620938987805118 ], [ -0.108150173390087, 51.620935166959256 ], [ -0.108159497397166, 51.620924607342467 ], [ -0.108179250513752, 51.620902273965541 ], [ -0.108239729493637, 51.620833908650241 ], [ -0.108489355935833, 51.620551641946534 ], [ -0.108495055565655, 51.620545205344619 ], [ -0.10849807390547, 51.620541755957774 ], [ -0.108517517546859, 51.620519561417645 ], [ -0.108553629392849, 51.620478337875475 ], [ -0.108594199023224, 51.620432051520616 ], [ -0.108626838003265, 51.620394782586857 ], [ -0.10863348052063, 51.620387210150191 ], [ -0.108639152359833, 51.620380746116581 ], [ -0.1087478736866, 51.620256636450861 ], [ -0.108773012225728, 51.620227937739017 ], [ -0.108800948295463, 51.620196060337442 ], [ -0.108816327138444, 51.620178503260576 ], [ -0.108837400716399, 51.620154451035049 ], [ -0.108871866937457, 51.620115093779418 ], [ -0.108887988627893, 51.620096694388742 ], [ -0.108912132991974, 51.620069144141908 ], [ -0.108937758336105, 51.62004071852089 ], [ -0.108948222134337, 51.620029143090974 ], [ -0.108951418127238, 51.620025588648005 ], [ -0.108980510480723, 51.619993343171345 ], [ -0.108983993470183, 51.619989487611427 ], [ -0.108998275403949, 51.619973639375928 ], [ -0.109047010159508, 51.619919616122715 ], [ -0.109057202460167, 51.619908315072713 ], [ -0.109060443240319, 51.619904725379236 ], [ -0.109094185336317, 51.619867312242697 ], [ -0.10911752328371, 51.619841430541221 ], [ -0.109140149054294, 51.619816346674476 ], [ -0.109143662384896, 51.619812455629557 ], [ -0.109161139047231, 51.619793079884815 ], [ -0.109184098068852, 51.619767623699886 ], [ -0.109193093389673, 51.619757661202044 ], [ -0.109203951467183, 51.619745633492506 ], [ -0.109220051204767, 51.619727755266247 ], [ -0.109236800097661, 51.619709204076514 ], [ -0.109239027642552, 51.619706704115721 ], [ -0.109255300359002, 51.619688486961024 ], [ -0.109262345530134, 51.619680606246462 ], [ -0.109287709472463, 51.61965220331949 ], [ -0.109351058082004, 51.619581275924752 ], [ -0.109361694302612, 51.619569370520232 ], [ -0.109381906105956, 51.619546747599578 ], [ -0.109388921240046, 51.6195388933712 ], [ -0.109395254597586, 51.619531801503108 ], [ -0.109451375192788, 51.619468976644278 ], [ -0.10949367764297, 51.619421620853174 ], [ -0.109499192170311, 51.619415459988495 ], [ -0.109523661852584, 51.619388058747006 ], [ -0.109538328613843, 51.619371632145246 ], [ -0.109578540029852, 51.619326616628314 ], [ -0.109585767293714, 51.619318523012154 ], [ -0.109599009741361, 51.619303692087023 ], [ -0.10962428179229, 51.619275404513857 ], [ -0.109674281061923, 51.619219423065381 ], [ -0.109693259096612, 51.619197976206749 ], [ -0.109699642023479, 51.619190732251234 ], [ -0.10976635739647, 51.619115236797221 ], [ -0.109772906197147, 51.619107824654769 ], [ -0.109865421095381, 51.619003155294813 ], [ -0.1099158401504, 51.618946096929108 ], [ -0.109925541811339, 51.618935120624293 ], [ -0.109985192226883, 51.618867622389729 ], [ -0.109999130863934, 51.618851849443161 ], [ -0.11000301902985, 51.618847451845724 ], [ -0.110035701523627, 51.618810471010207 ], [ -0.110038763314781, 51.618807013294536 ], [ -0.110069763399148, 51.618771929723103 ], [ -0.110173191835423, 51.618654896033931 ], [ -0.110175193025647, 51.618652626213205 ], [ -0.110212514187075, 51.618610387555293 ], [ -0.110221806135081, 51.618599881225954 ], [ -0.110239906026834, 51.61857939132107 ], [ -0.110287333035766, 51.618525481414373 ], [ -0.110375362952547, 51.618425437976398 ], [ -0.110383943839879, 51.618415702521901 ], [ -0.110394739575557, 51.618403421919275 ], [ -0.110563059185771, 51.618212103668306 ], [ -0.110583884098631, 51.618188429327219 ], [ -0.110596956516031, 51.618192956226657 ], [ -0.110661321234776, 51.618215259904154 ], [ -0.110939001968678, 51.618311472247463 ], [ -0.111104400830688, 51.618368773394373 ], [ -0.111111292749043, 51.618371168435438 ], [ -0.111193615404289, 51.618399677960994 ], [ -0.111357690321331, 51.618456525786677 ], [ -0.111399883988324, 51.61847114329467 ], [ -0.111419891450142, 51.618478074809062 ], [ -0.111487247730093, 51.618501406350376 ], [ -0.111559260575121, 51.618530522990355 ], [ -0.111743293040447, 51.618604911983425 ], [ -0.111789137760529, 51.618623445856102 ], [ -0.11180378626111, 51.618628636444988 ], [ -0.111913215995027, 51.618667410441333 ], [ -0.111921700520556, 51.618670415571451 ], [ -0.11201258044706, 51.618700204259959 ], [ -0.112036498069062, 51.618708083446094 ], [ -0.11189062557917, 51.618823784539877 ], [ -0.111841944021003, 51.618862037074251 ], [ -0.111725807870595, 51.618953338175544 ], [ -0.111802533649749, 51.61899628889136 ], [ -0.112067142172244, 51.61914653022594 ], [ -0.112112856554816, 51.619176212445574 ], [ -0.112150206912763, 51.619188863320062 ], [ -0.112243583644355, 51.61922047248116 ], [ -0.112383228352048, 51.619267753421013 ], [ -0.112508343645552, 51.619310106391701 ], [ -0.112631165604912, 51.619351684952484 ], [ -0.11277169456358, 51.619399258404776 ], [ -0.112816834094822, 51.619414974877557 ], [ -0.112857068422989, 51.619428975810315 ], [ -0.112872414503587, 51.619434317761012 ], [ -0.112962577823536, 51.619465689396883 ], [ -0.113110770891022, 51.61951726143208 ], [ -0.113155105958053, 51.619531831788699 ], [ -0.113206780396877, 51.619548813229152 ], [ -0.113386998705543, 51.619608066902209 ], [ -0.113408418323852, 51.619615101702827 ], [ -0.113484006048861, 51.619639949245673 ], [ -0.113513705533401, 51.619649706981974 ], [ -0.113521229965781, 51.619652183985401 ], [ -0.113537390660052, 51.619657497580263 ], [ -0.113652311426306, 51.619695279085121 ], [ -0.113757215142814, 51.619727647857189 ], [ -0.113773218328763, 51.619732581205255 ], [ -0.114114174175255, 51.619837788293161 ], [ -0.114173422306327, 51.619856078037998 ], [ -0.114182771737328, 51.619858962014369 ], [ -0.114098181240553, 51.620003126231168 ], [ -0.114123707118178, 51.620010775440235 ], [ -0.114218576656057, 51.6200392056734 ], [ -0.114512204486462, 51.620105594954723 ], [ -0.114630016367081, 51.620132235387494 ], [ -0.114805070185223, 51.620174704926804 ], [ -0.114817841966707, 51.620177796714906 ], [ -0.114853325065456, 51.620186397092915 ], [ -0.1148803619332, 51.620192973340153 ], [ -0.114883771872261, 51.620188603873459 ], [ -0.114890246130632, 51.620177053758823 ], [ -0.114901366897768, 51.620157269331223 ], [ -0.114937006472031, 51.620093861093743 ], [ -0.114951387457435, 51.620068266004751 ], [ -0.114974232492475, 51.620073336094627 ], [ -0.115018347654322, 51.62008313622254 ], [ -0.115138442554776, 51.620109767860235 ], [ -0.11515739418506, 51.620113975038336 ], [ -0.115238525687968, 51.620131981843052 ], [ -0.11530385219825, 51.620146191684867 ], [ -0.115515051058565, 51.620192118373204 ], [ -0.11559092650918, 51.620213561023206 ], [ -0.115609773514172, 51.620218899487654 ], [ -0.115614114398603, 51.620220120237654 ], [ -0.115620099888415, 51.620221394380401 ], [ -0.116080292536662, 51.620319446391925 ], [ -0.116090817064366, 51.620321692637333 ], [ -0.116130495961815, 51.620330144181018 ], [ -0.116140430473127, 51.620332335985665 ], [ -0.116294744945579, 51.620366377085816 ], [ -0.116301745012287, 51.620367919270251 ], [ -0.116317548461579, 51.620371410272305 ], [ -0.116343258221603, 51.620377425324946 ], [ -0.116341259853058, 51.620381026165255 ], [ -0.116338841152547, 51.620385357632763 ], [ -0.116298637883654, 51.62045748754511 ], [ -0.116273487863882, 51.620502598714481 ], [ -0.116254368529103, 51.620524552389071 ], [ -0.116211206891567, 51.620573609757528 ], [ -0.116156431719474, 51.62063587929223 ], [ -0.116139633616335, 51.620654979168691 ], [ -0.116125989920859, 51.620670469791975 ], [ -0.116104689184566, 51.620694685972033 ], [ -0.116101702502844, 51.620698082098421 ], [ -0.116080943274431, 51.620719690184195 ], [ -0.116058235654146, 51.620743344221445 ], [ -0.116053177373916, 51.620748622460034 ], [ -0.116044375652823, 51.620757779252784 ], [ -0.116019176805032, 51.62078402804898 ], [ -0.115960981263575, 51.620844637432178 ], [ -0.115938734699945, 51.620867795278222 ], [ -0.115893697197588, 51.620914695714085 ], [ -0.115888442634551, 51.620920177618935 ], [ -0.115880017411101, 51.6209289627662 ], [ -0.115774470018686, 51.621039142020585 ], [ -0.115760306947213, 51.621053913864408 ], [ -0.115744799387534, 51.621070102895949 ], [ -0.115694169523447, 51.621122956331234 ], [ -0.115649323296617, 51.621169760836239 ], [ -0.115644884401183, 51.621174383569766 ], [ -0.115634405332895, 51.621185316368049 ], [ -0.115632276416502, 51.621187534768524 ], [ -0.115603389839186, 51.621217698888699 ], [ -0.115574322903654, 51.621248030960842 ], [ -0.115500167232664, 51.62132543335521 ], [ -0.115497721902897, 51.621327965900932 ], [ -0.115472770732421, 51.621354497331204 ], [ -0.115470654932189, 51.621356747413039 ], [ -0.115468297336625, 51.621359254390264 ], [ -0.1154653054479, 51.621362425608282 ], [ -0.115431135647145, 51.621398754537857 ], [ -0.115384725662518, 51.621448069685144 ], [ -0.11536087781386, 51.621473422828572 ], [ -0.115318215715841, 51.621518751580041 ], [ -0.11525557469809, 51.621585314130485 ], [ -0.11523110758972, 51.621611313746051 ], [ -0.115227600962429, 51.621615052202451 ], [ -0.115165884640313, 51.621681953289908 ], [ -0.115118053341851, 51.621733826322739 ], [ -0.115105453419366, 51.621747472180395 ], [ -0.115077227143198, 51.621778069431734 ], [ -0.115058545873587, 51.621798316914138 ], [ -0.115037565064362, 51.621821063303408 ], [ -0.115014499232719, 51.621845664592641 ], [ -0.114966886698966, 51.621896435019131 ], [ -0.114950653067493, 51.621913745329593 ], [ -0.114927648245801, 51.621938266651796 ], [ -0.114888560427797, 51.621979947822005 ], [ -0.114884373141338, 51.621984421701043 ], [ -0.114844559465677, 51.62202688252556 ], [ -0.114839738232426, 51.622032011654007 ], [ -0.114832952215083, 51.62203923141697 ], [ -0.114800196269273, 51.622074189073921 ], [ -0.114795723106916, 51.622078937120691 ], [ -0.114737778443973, 51.622141950944048 ], [ -0.114723889636984, 51.622157059798035 ], [ -0.114691142764218, 51.622192665025082 ], [ -0.114655581183653, 51.622231345373542 ], [ -0.114643840993971, 51.622244110257739 ], [ -0.114620587776424, 51.622269387390112 ], [ -0.114589587264298, 51.622303114267083 ], [ -0.114538632985157, 51.62235849788393 ], [ -0.114524426700671, 51.622373943325158 ], [ -0.114501248706445, 51.622399145209251 ], [ -0.114448326412287, 51.622456691306709 ], [ -0.11442802263497, 51.62247877404662 ], [ -0.114399352917865, 51.622509939534261 ], [ -0.114393860553182, 51.62251592112959 ], [ -0.114388720004683, 51.622521431781998 ], [ -0.114380418911618, 51.622530344718392 ], [ -0.114375565716015, 51.622535545254756 ], [ -0.114332564169971, 51.622581695520509 ], [ -0.114297976605552, 51.622618822250743 ], [ -0.114278055298822, 51.622640214203386 ], [ -0.114264296234097, 51.622654974389143 ], [ -0.11423590082119, 51.62268544284197 ], [ -0.114196875719413, 51.622727322640472 ], [ -0.114171020151901, 51.622755071237009 ], [ -0.114157351370766, 51.622769742938416 ], [ -0.114149988180904, 51.622777636809772 ], [ -0.114095993578882, 51.622835588167518 ], [ -0.114081371944053, 51.622851287662442 ], [ -0.114069321731463, 51.622864204877217 ], [ -0.114062970931401, 51.622871026937112 ], [ -0.114008341028476, 51.622929660460095 ], [ -0.113996955477108, 51.622941877953068 ], [ -0.113970250155307, 51.622970602012629 ], [ -0.113957865476509, 51.622983918498136 ], [ -0.113952209713457, 51.622990005356478 ], [ -0.113947174595436, 51.622995409777133 ], [ -0.11393692178401, 51.623006440492773 ], [ -0.113907130944032, 51.623038496079118 ], [ -0.113903305252104, 51.623042607050486 ], [ -0.113856215211099, 51.623093259567234 ], [ -0.113821933658142, 51.623130130308034 ], [ -0.113789904666034, 51.623164591321306 ], [ -0.113771425620599, 51.62318446418525 ], [ -0.113765860908355, 51.623190444590378 ], [ -0.11375271918188, 51.623204594170268 ], [ -0.113672648498104, 51.623290694967345 ], [ -0.113666508282553, 51.623297313567981 ], [ -0.113655756522143, 51.623308875782911 ], [ -0.113627471205263, 51.623339804482249 ], [ -0.11361578763617, 51.623352583670602 ], [ -0.113575986065864, 51.623396087410789 ], [ -0.113572497465179, 51.623399907042966 ], [ -0.113559437017724, 51.623414183803284 ], [ -0.11354385671636, 51.623431216682064 ], [ -0.113510441568018, 51.623467737077405 ], [ -0.1134549455544, 51.623528406703279 ], [ -0.113424753550652, 51.623561408920345 ], [ -0.113407001017753, 51.623580825808716 ], [ -0.113299002847043, 51.623698589152916 ], [ -0.113225566279129, 51.623778663533813 ], [ -0.113197980704135, 51.623808731127909 ], [ -0.113231831322726, 51.623841738035757 ], [ -0.113266870786823, 51.623872210209669 ], [ -0.113566471335575, 51.624132771319694 ], [ -0.113696970530627, 51.624251770541093 ], [ -0.113645827601151, 51.6242656958404 ], [ -0.113591635195625, 51.624283474788641 ], [ -0.113536917828363, 51.624301439507832 ], [ -0.113496691581466, 51.624316811788418 ], [ -0.113458682359163, 51.624331397797917 ], [ -0.113407802606736, 51.624350983444387 ], [ -0.113246955795393, 51.624428555251356 ], [ -0.113225992376749, 51.624438658316492 ], [ -0.113188223156144, 51.624461026523349 ], [ -0.113109715565354, 51.624508166480446 ], [ -0.113089666979499, 51.624500626765254 ], [ -0.113086307296067, 51.624502209351142 ], [ -0.113031530537543, 51.624478397810407 ], [ -0.113018886624421, 51.624472897943413 ], [ -0.113003243827376, 51.624467250928589 ], [ -0.112982727976571, 51.624456840500493 ], [ -0.112819139019793, 51.624342883530964 ], [ -0.112809693419532, 51.624334818295083 ], [ -0.112701076096405, 51.624242077128962 ], [ -0.112679618107929, 51.624223747171968 ], [ -0.112641579592575, 51.624241120092435 ], [ -0.112618326310155, 51.624251743744402 ], [ -0.112529335112099, 51.624212391249905 ], [ -0.112365914387154, 51.624367003306553 ], [ -0.112281501701994, 51.624405553500004 ], [ -0.112223096305534, 51.624432220475647 ], [ -0.112134230782964, 51.624484745052001 ], [ -0.112077275114544, 51.624527972307433 ], [ -0.111621698756022, 51.624302782037283 ], [ -0.111615045045572, 51.624299500631018 ], [ -0.111551650757603, 51.624243563710685 ], [ -0.111557601858811, 51.624225171115917 ], [ -0.111565829600289, 51.624205879953692 ] ] ] } },
{ "type": "Feature", "properties": { "lsoa21cd": "E01001493", "lsoa21nm": "Enfield 026B", "msoa21cd": "E02000302", "msoa21nm": "Enfield 026", "lad22cd": "E09000010", "lad22nm": "Enfield", "index_right": 313, "GSS_CODE": "E05000205", "risk_score": 0.0013402517986098152, "allocation_hours": 0.011013755355110786, "patrol_units": 0 }, "geometry": { "type": "Polygon", "coordinates": [ [ [ -0.092411016484321, 51.623711808941202 ], [ -0.092418699463596, 51.623680217454307 ], [ -0.092472617143217, 51.623689475346822 ], [ -0.092486587644117, 51.623691878734959 ], [ -0.092577225330658, 51.623707434995367 ], [ -0.092981056433459, 51.623507255849866 ], [ -0.093038781705394, 51.623509435372902 ], [ -0.09307551984137, 51.623510824025217 ], [ -0.09323242407387, 51.623459285262641 ], [ -0.093240011530433, 51.623455775656474 ], [ -0.093337618158044, 51.62341060159261 ], [ -0.093357939050028, 51.623403513148887 ], [ -0.093379169740925, 51.623396088785277 ], [ -0.093390797669959, 51.623390279832684 ], [ -0.093441072068293, 51.623365167298893 ], [ -0.093494429902909, 51.623345585774686 ], [ -0.093553085053356, 51.62332818108127 ], [ -0.093556985445244, 51.623320268162104 ], [ -0.09356099519011, 51.623312159186014 ], [ -0.093575979023005, 51.623281801374524 ], [ -0.093578608486128, 51.623278355037598 ], [ -0.093580259781142, 51.623274119448958 ], [ -0.0935832078056, 51.623266523770184 ], [ -0.093602504775092, 51.623217037145686 ], [ -0.093614501861776, 51.623186244106606 ], [ -0.093634007573552, 51.623146931350689 ], [ -0.093637657087447, 51.623142242647035 ], [ -0.093686346740819, 51.623079825984718 ], [ -0.093690911851995, 51.623073974148092 ], [ -0.093692357305936, 51.623071200984533 ], [ -0.093706218366318, 51.623044529805718 ], [ -0.093731126544778, 51.622981124100107 ], [ -0.093736415198152, 51.6229676674023 ], [ -0.093758433458797, 51.622924762508163 ], [ -0.093760502029804, 51.622912818162696 ], [ -0.093765223391219, 51.622901519428112 ], [ -0.093770236639046, 51.622892905192465 ], [ -0.093779842418538, 51.622876407265075 ], [ -0.093790023449273, 51.622858938507484 ], [ -0.093791800624833, 51.622851701478204 ], [ -0.093813033656126, 51.622765008484187 ], [ -0.093814621482472, 51.622758496767005 ], [ -0.093854533025585, 51.622685946745051 ], [ -0.0938640052813, 51.622672629974801 ], [ -0.093869156941912, 51.622667430626088 ], [ -0.093982694676297, 51.622552890803256 ], [ -0.093986540087027, 51.62254111920975 ], [ -0.094021029542078, 51.622435604563726 ], [ -0.094024178121657, 51.62242597983694 ], [ -0.094035198006997, 51.62240796715961 ], [ -0.094051954238016, 51.62238493548378 ], [ -0.094064074311312, 51.622365146685745 ], [ -0.094075638685466, 51.622361189085993 ], [ -0.094085565465698, 51.622357870316073 ], [ -0.094095249385293, 51.622356552918795 ], [ -0.094101973938161, 51.622355700000838 ], [ -0.094359306859439, 51.622322908924801 ], [ -0.09445258152651, 51.622300167247346 ], [ -0.094471010901111, 51.62229407303068 ], [ -0.094486350008762, 51.622275545979114 ], [ -0.094516146012136, 51.622239547640724 ], [ -0.094537908508952, 51.622237338356662 ], [ -0.094745902544359, 51.622216158946792 ], [ -0.094757393327932, 51.622214987749949 ], [ -0.094820824557348, 51.622208527433486 ], [ -0.094917185856769, 51.622156776387747 ], [ -0.094979568438136, 51.622123294585464 ], [ -0.094983396080315, 51.622121243528369 ], [ -0.094987428418971, 51.622114654601873 ], [ -0.095003092637647, 51.622089055698979 ], [ -0.095054598574373, 51.622004877532902 ], [ -0.095085569183421, 51.621954285384852 ], [ -0.095139152478104, 51.6218667237899 ], [ -0.095185011592096, 51.621791797028365 ], [ -0.095264142063099, 51.621810230806574 ], [ -0.095276703264186, 51.621813159523242 ], [ -0.095454335322611, 51.621854549938703 ], [ -0.095460401457428, 51.621855961345567 ], [ -0.095742988573249, 51.621921797555331 ], [ -0.095771587569954, 51.621928466695849 ], [ -0.096001512432292, 51.621982026796609 ], [ -0.09601480359618, 51.621985120154626 ], [ -0.096051322909142, 51.621906201675273 ], [ -0.096054182826441, 51.621900007335299 ], [ -0.096143200661969, 51.621707646902692 ], [ -0.096141596501352, 51.621700076188198 ], [ -0.09615428924007, 51.621684005877711 ], [ -0.096157615260823, 51.621679788450528 ], [ -0.096159752394742, 51.621628781939329 ], [ -0.096160547605787, 51.621609802772262 ], [ -0.0961757371905, 51.621592064423695 ], [ -0.096205363679619, 51.621574551430726 ], [ -0.096245031832464, 51.621569071477431 ], [ -0.096263583258016, 51.621545569567061 ], [ -0.09638369716337, 51.62156161039605 ], [ -0.096485020388214, 51.621575142972155 ], [ -0.096587923789012, 51.621588889946523 ], [ -0.096621706467543, 51.62151974665931 ], [ -0.096538818295468, 51.621508076287967 ], [ -0.096535433789046, 51.621489723502592 ], [ -0.096526645645845, 51.621481905808267 ], [ -0.0966559075192, 51.621509933402074 ], [ -0.096837543333329, 51.621538167786689 ], [ -0.096956657737153, 51.621556691709678 ], [ -0.097094733026076, 51.621578148950057 ], [ -0.097301788270626, 51.621610338061707 ], [ -0.097380317617175, 51.62162519963843 ], [ -0.097582108692066, 51.621663399733492 ], [ -0.097604619757808, 51.621667385242333 ], [ -0.097713296365977, 51.621688242575949 ], [ -0.097381208246234, 51.62173675650682 ], [ -0.097580172977494, 51.622106426576636 ], [ -0.097585400330034, 51.622116142286423 ], [ -0.097603938043285, 51.622190603748606 ], [ -0.097604829246214, 51.622194161231278 ], [ -0.0976189622248, 51.622338287722926 ], [ -0.097619306338426, 51.622341800361546 ], [ -0.097616048734982, 51.622362672962588 ], [ -0.097611760226083, 51.622390052867182 ], [ -0.097720552386527, 51.622484552135141 ], [ -0.097742692279697, 51.622504038175713 ], [ -0.097747110092892, 51.622504451542014 ], [ -0.097768646292527, 51.622500745241652 ], [ -0.097794599082176, 51.622495410995199 ], [ -0.097924304067554, 51.622468765699573 ], [ -0.097949816003143, 51.622462228273626 ], [ -0.097976179001672, 51.622456756761053 ], [ -0.097985651717811, 51.622454788162564 ], [ -0.09804678673495, 51.622442093066645 ], [ -0.098117866348387, 51.622423057658352 ], [ -0.09822683041531, 51.622393881540511 ], [ -0.09832878766353, 51.622374717214306 ], [ -0.098340799085015, 51.622374911969253 ], [ -0.098503415265867, 51.622377548530764 ], [ -0.09861274645567, 51.622392409545796 ], [ -0.098843636712538, 51.622469292545233 ], [ -0.098843205603492, 51.622474761958721 ], [ -0.098842018905074, 51.622490002909196 ], [ -0.098840875219827, 51.622504561130697 ], [ -0.098839185175457, 51.622509389658113 ], [ -0.098820930132237, 51.622545854879348 ], [ -0.09881410440969, 51.622559484697291 ], [ -0.098807010318831, 51.622573658704034 ], [ -0.098801603482532, 51.622584451922634 ], [ -0.098782134835186, 51.622623334419671 ], [ -0.098776050796339, 51.622635465527026 ], [ -0.098766071437307, 51.622655410875311 ], [ -0.098760254627141, 51.622667024751749 ], [ -0.098728442808371, 51.622730553290282 ], [ -0.098725921337588, 51.622735916877708 ], [ -0.098724509725709, 51.622738924449983 ], [ -0.098695024116282, 51.622801753309055 ], [ -0.098687886704913, 51.622816960738852 ], [ -0.098668474192904, 51.622858294571692 ], [ -0.09866019482733, 51.622875933930118 ], [ -0.098640146684663, 51.622918646787944 ], [ -0.098630282387589, 51.622939637115465 ], [ -0.098604206592663, 51.622995201378316 ], [ -0.098590376119545, 51.623024661239334 ], [ -0.098586712859892, 51.623032452260027 ], [ -0.098579717343586, 51.623047374225983 ], [ -0.098554689417224, 51.623100680377206 ], [ -0.098515148766744, 51.623184901085409 ], [ -0.098506393484179, 51.623203553361591 ], [ -0.098488889125268, 51.623220687948375 ], [ -0.098461201428761, 51.623247791924314 ], [ -0.098451549134392, 51.623258880492308 ], [ -0.098445469610114, 51.623261924787244 ], [ -0.09842449192608, 51.623261944375308 ], [ -0.098389226191613, 51.623261966107322 ], [ -0.098353310036589, 51.62326199526796 ], [ -0.098309821336013, 51.623257594252898 ], [ -0.098299744024016, 51.623257781564398 ], [ -0.098251482822896, 51.623253500979558 ], [ -0.098241997752957, 51.623252654764741 ], [ -0.098201033966589, 51.623249023037907 ], [ -0.09818671271181, 51.62324774769445 ], [ -0.09814351795929, 51.623243917907963 ], [ -0.098113536195108, 51.623241264556185 ], [ -0.098013646133935, 51.623232396811595 ], [ -0.097949221069607, 51.623226684959526 ], [ -0.097884451037296, 51.623220931507419 ], [ -0.097827740945091, 51.62321590223857 ], [ -0.097814945149314, 51.623214768491344 ], [ -0.097769304062268, 51.623210710049129 ], [ -0.097739653643003, 51.623208079959831 ], [ -0.097603110584759, 51.623195969108693 ], [ -0.097596583135361, 51.623195391129101 ], [ -0.09747893177304, 51.623184948912858 ], [ -0.097468841881801, 51.623184056854299 ], [ -0.097370175465387, 51.623175298330693 ], [ -0.097359754655475, 51.623174373917145 ], [ -0.09732780150821, 51.62317153551102 ], [ -0.097243946077671, 51.623164087251475 ], [ -0.097168251260056, 51.623157373822252 ], [ -0.097157585781684, 51.623156427436221 ], [ -0.097135679226642, 51.623154480360434 ], [ -0.097059179037048, 51.623147059576311 ], [ -0.09693416127939, 51.623570079298709 ], [ -0.097060565023797, 51.623575772153629 ], [ -0.097110296738438, 51.623579096904379 ], [ -0.097139801957666, 51.623581059351622 ], [ -0.097226241313261, 51.62358685001724 ], [ -0.097315288928025, 51.623592799832799 ], [ -0.097586407926674, 51.623610920191211 ], [ -0.097613751750863, 51.623612748543579 ], [ -0.097717825850416, 51.623619697143312 ], [ -0.097867338185565, 51.623629693619726 ], [ -0.097904853245333, 51.623632199426481 ], [ -0.097990140839387, 51.623637898907567 ], [ -0.098078180317433, 51.62364377783711 ], [ -0.098098781870162, 51.62364515503085 ], [ -0.098126644348146, 51.623647018650551 ], [ -0.098234486385419, 51.623659558244356 ], [ -0.098243687827218, 51.623660624670592 ], [ -0.098407010671293, 51.623679621013501 ], [ -0.098740801991427, 51.623718448237398 ], [ -0.098754014520679, 51.623719984303563 ], [ -0.098845510594476, 51.623730612741682 ], [ -0.098904786969651, 51.623682960381238 ], [ -0.098930800004339, 51.623662042939721 ], [ -0.098960311267364, 51.623638313602491 ], [ -0.099006999649877, 51.623600780492559 ], [ -0.099139366405479, 51.623494342012307 ], [ -0.099144748383848, 51.623490013945599 ], [ -0.099174408687398, 51.623466170071588 ], [ -0.099190067711919, 51.62343719839717 ], [ -0.099192055748679, 51.623433534720469 ], [ -0.099210847676723, 51.623398741748922 ], [ -0.099259750318041, 51.623308269926405 ], [ -0.099272872303211, 51.62328399614659 ], [ -0.099297550719913, 51.62323833676512 ], [ -0.099299680327163, 51.623234396615196 ], [ -0.099326309120631, 51.623168014268309 ], [ -0.099327712133818, 51.623164520957985 ], [ -0.09930064632212, 51.623159505188163 ], [ -0.099287860759377, 51.623156227069217 ], [ -0.099303402413801, 51.623126430670567 ], [ -0.099305664428623, 51.623122088006198 ], [ -0.099310407116636, 51.623113010553176 ], [ -0.099313780266928, 51.623101100766284 ], [ -0.099336518071657, 51.623072473097046 ], [ -0.099365752246982, 51.62302841624647 ], [ -0.09937066726188, 51.62302074440553 ], [ -0.099388439897743, 51.622961961028111 ], [ -0.099392810949999, 51.622952787625337 ], [ -0.099398669143956, 51.622940526934734 ], [ -0.099404164459209, 51.622928997744133 ], [ -0.099410558351043, 51.622909111146591 ], [ -0.099413255476184, 51.622903345732212 ], [ -0.099427040092241, 51.622874105355748 ], [ -0.099446450029527, 51.622827636680952 ], [ -0.099488046396821, 51.622763124475476 ], [ -0.099504917544665, 51.622726232074911 ], [ -0.099511755413164, 51.622711271535096 ], [ -0.099513361642384, 51.622707754538403 ], [ -0.099514110253174, 51.622702636478024 ], [ -0.099536485602882, 51.622646746795112 ], [ -0.099541150273693, 51.622635042275249 ], [ -0.099545690831846, 51.622626995669883 ], [ -0.099553296227803, 51.622603010155821 ], [ -0.099556075174, 51.622594251579599 ], [ -0.099557577859771, 51.622591137564676 ], [ -0.099585997790969, 51.622531996131094 ], [ -0.099593506430205, 51.622521030109731 ], [ -0.099643113766771, 51.62244855445762 ], [ -0.099658426905292, 51.622443380129489 ], [ -0.099703444001389, 51.62242814793278 ], [ -0.099709408492345, 51.622426122354653 ], [ -0.09972486823969, 51.622420896438818 ], [ -0.099760579600046, 51.622408822666699 ], [ -0.099790571997422, 51.622417428777609 ], [ -0.099825117867785, 51.622415605476526 ], [ -0.100357415100271, 51.622538675070786 ], [ -0.100348600664335, 51.62255979943442 ], [ -0.100346272863177, 51.622565373016251 ], [ -0.100339045290931, 51.622566856606696 ], [ -0.100322681629965, 51.622570206526284 ], [ -0.100311335716073, 51.622583808171385 ], [ -0.100323643876941, 51.622585545236412 ], [ -0.100291388460114, 51.622665954784054 ], [ -0.100277773306759, 51.622692711585998 ], [ -0.100266975684757, 51.622713929715879 ], [ -0.100248261722214, 51.622750684456264 ], [ -0.100203829089243, 51.622837964800524 ], [ -0.100207215363428, 51.62287341391098 ], [ -0.100208352482519, 51.622875932229434 ], [ -0.100210772000751, 51.622878012705449 ], [ -0.100394047204459, 51.622885180714292 ], [ -0.100483521264972, 51.622901467366539 ], [ -0.100506792865119, 51.622909811566267 ], [ -0.100556553392481, 51.622927640141548 ], [ -0.100561962057929, 51.622929580177789 ], [ -0.100615467128598, 51.622958745892539 ], [ -0.100620676474197, 51.622963380430804 ], [ -0.100720672451573, 51.623052307383155 ], [ -0.100726334184742, 51.623052686824551 ], [ -0.10073879554748, 51.623053527080025 ], [ -0.100755574343452, 51.62305683822936 ], [ -0.100809457430196, 51.623067463060707 ], [ -0.100824552843831, 51.623070436702143 ], [ -0.100848576706125, 51.623077722911752 ], [ -0.100904543828082, 51.62308981573846 ], [ -0.100910256505363, 51.623091050277687 ], [ -0.100971376078718, 51.62311017765655 ], [ -0.100987259227525, 51.623113833967906 ], [ -0.100991963194191, 51.623115007208582 ], [ -0.100999831785675, 51.623117544584268 ], [ -0.101003780143191, 51.623118822492025 ], [ -0.101056279550769, 51.623129546202222 ], [ -0.101084826695455, 51.623138182523391 ], [ -0.101095776166016, 51.62314132280811 ], [ -0.101128495752548, 51.623148295626535 ], [ -0.101163343733632, 51.623158958320708 ], [ -0.10119373524105, 51.623165637145028 ], [ -0.101212359382951, 51.623169733467691 ], [ -0.101289939195874, 51.623186838578405 ], [ -0.101297361768786, 51.623189332743415 ], [ -0.101330445976872, 51.623196743044062 ], [ -0.101344405253969, 51.623201150504045 ], [ -0.101357560648372, 51.623204052204109 ], [ -0.101392560774356, 51.623211767771167 ], [ -0.101414920737754, 51.623216697885141 ], [ -0.101421760872835, 51.623217572967206 ], [ -0.101459489630666, 51.623225332683518 ], [ -0.101479715211652, 51.623229481862893 ], [ -0.101542120691099, 51.623248270053658 ], [ -0.101550083883598, 51.623249927663679 ], [ -0.10157448331941, 51.623257219799783 ], [ -0.101585855263294, 51.623260623160313 ], [ -0.101589593848038, 51.623261735785732 ], [ -0.101598803332289, 51.62326537386577 ], [ -0.101608056128997, 51.623269012645849 ], [ -0.101633406368583, 51.623276364981528 ], [ -0.101656287550818, 51.623282993937103 ], [ -0.101675085845884, 51.623286724209898 ], [ -0.101683525918994, 51.623289414620551 ], [ -0.101744545487238, 51.62330886335856 ], [ -0.101752717515326, 51.623310362425549 ], [ -0.101811756524738, 51.623321200298307 ], [ -0.101815798273392, 51.623322317803243 ], [ -0.101877527167295, 51.623339314018203 ], [ -0.101885712788868, 51.623341006633062 ], [ -0.101898225115293, 51.623344603701419 ], [ -0.101939850824109, 51.623356598587129 ], [ -0.101963635000513, 51.623360634282548 ], [ -0.101983431589599, 51.623363984987328 ], [ -0.101990718675637, 51.623365226925792 ], [ -0.102025009791668, 51.623374351442422 ], [ -0.10203524848773, 51.623376005319216 ], [ -0.102068136154655, 51.623384661994194 ], [ -0.10207333717969, 51.623386041038771 ], [ -0.102107030981471, 51.623394940050005 ], [ -0.102130300714659, 51.623398841495209 ], [ -0.102136885650494, 51.623399946172434 ], [ -0.102210223368053, 51.623419521977404 ], [ -0.102233683516334, 51.623425782499929 ], [ -0.10227407005176, 51.623442199483677 ], [ -0.102302248863784, 51.623458275122488 ], [ -0.102341222070497, 51.623480514305506 ], [ -0.102349434895185, 51.623485188319563 ], [ -0.102359278451205, 51.62349232565829 ], [ -0.102365938630102, 51.623497163399975 ], [ -0.102330909471295, 51.623591826732117 ], [ -0.102327979727905, 51.623599710674299 ], [ -0.101958106819859, 51.623755771442077 ], [ -0.10190979013814, 51.623776149007959 ], [ -0.101908918804435, 51.623778850627751 ], [ -0.101899234485029, 51.623783981511195 ], [ -0.101905829484083, 51.623789168929463 ], [ -0.101955394238404, 51.623834186568608 ], [ -0.102072951898022, 51.623940976033339 ], [ -0.102081121711087, 51.623948410046907 ], [ -0.102184316384059, 51.624042134845638 ], [ -0.102081704974861, 51.62407485312864 ], [ -0.101958777091943, 51.624128410860273 ], [ -0.101951140356155, 51.624131731423326 ], [ -0.10188673309011, 51.624159797999553 ], [ -0.101844216751954, 51.624181897012022 ], [ -0.101745287935794, 51.62423330691567 ], [ -0.101638442888413, 51.624288842080176 ], [ -0.101620659035512, 51.624299893804526 ], [ -0.101614340135396, 51.624303829169733 ], [ -0.101506214559271, 51.624370970265652 ], [ -0.101417963088163, 51.62442578047262 ], [ -0.101353814145573, 51.624465612703951 ], [ -0.101341651306249, 51.624473176290429 ], [ -0.101300209946545, 51.62449891623455 ], [ -0.101261898605933, 51.624522701520903 ], [ -0.101258323773416, 51.624524927729539 ], [ -0.10122162889437, 51.624547714033334 ], [ -0.10120133829713, 51.624560316680167 ], [ -0.101143892776652, 51.624595994907189 ], [ -0.101101947176746, 51.624622041356858 ], [ -0.101098031251324, 51.624624477857246 ], [ -0.101039592340256, 51.624660760431325 ], [ -0.101035432848354, 51.62466314802414 ], [ -0.101000825215109, 51.624683000550512 ], [ -0.100957928930893, 51.624707592769013 ], [ -0.100887499946953, 51.624747988519331 ], [ -0.100845402330734, 51.624772135015824 ], [ -0.100793372497387, 51.624801974751776 ], [ -0.100738056682294, 51.624833694631469 ], [ -0.100686134161788, 51.624863383188334 ], [ -0.100676938115768, 51.624868746640985 ], [ -0.100632074592607, 51.624900644720896 ], [ -0.100571145519629, 51.624943945813946 ], [ -0.100507624906976, 51.624989102313151 ], [ -0.100494610773025, 51.624998360593501 ], [ -0.100388043533181, 51.625074104596948 ], [ -0.100385274336204, 51.625076065062437 ], [ -0.100295561242757, 51.625139852229282 ], [ -0.100288868214613, 51.625144608737038 ], [ -0.100247317254397, 51.625174150355591 ], [ -0.100231102713148, 51.62518565883709 ], [ -0.100210345625896, 51.625200420943912 ], [ -0.100146407656224, 51.625245867249262 ], [ -0.100133200051395, 51.625255257244689 ], [ -0.100107529635899, 51.625273500756478 ], [ -0.100104089296867, 51.625275962913783 ], [ -0.100085030267354, 51.625289502555347 ], [ -0.100079059598773, 51.625293740198607 ], [ -0.100071040980866, 51.625299446406231 ], [ -0.099998757077696, 51.625350818351912 ], [ -0.099948011190394, 51.625386892307567 ], [ -0.09990074965027, 51.625420486819024 ], [ -0.099836870706653, 51.625465888959262 ], [ -0.099793673431194, 51.625496608743006 ], [ -0.099771129043121, 51.625512636678948 ], [ -0.099721425162122, 51.625547944933963 ], [ -0.099683959957802, 51.625574584941504 ], [ -0.099661607868555, 51.625592918016608 ], [ -0.099584512374754, 51.625656153469386 ], [ -0.09957701645933, 51.625662308718525 ], [ -0.099570837339619, 51.625667379236418 ], [ -0.099543697278492, 51.625689645328329 ], [ -0.099526208389885, 51.62570724785926 ], [ -0.099488070414944, 51.625745638976056 ], [ -0.099480844004223, 51.625753983741049 ], [ -0.099465846207004, 51.625771266930769 ], [ -0.099425177837201, 51.62581815981504 ], [ -0.099421398091837, 51.625822513841705 ], [ -0.099407432436456, 51.62583860876677 ], [ -0.099366453428186, 51.625892573623553 ], [ -0.099364449952122, 51.625895220896574 ], [ -0.09932064256584, 51.62595289873493 ], [ -0.099292345044253, 51.625990208300387 ], [ -0.099283192318544, 51.626003323785113 ], [ -0.099260627939437, 51.626035690498867 ], [ -0.099243197329897, 51.626060694688064 ], [ -0.099214290947094, 51.626103398807459 ], [ -0.099212213803525, 51.626107114980918 ], [ -0.099169752045153, 51.626183024200984 ], [ -0.099138082169388, 51.626239621751971 ], [ -0.099125718411777, 51.626261965353699 ], [ -0.099117435642564, 51.626276902399624 ], [ -0.099082424822954, 51.626340136146744 ], [ -0.099073313217964, 51.626356579474816 ], [ -0.099039001223517, 51.626420373073493 ], [ -0.099030179476439, 51.626436794119186 ], [ -0.099021139033219, 51.626453607285988 ], [ -0.099009880035415, 51.626474062391743 ], [ -0.098987662297081, 51.626514356990668 ], [ -0.098979344914538, 51.626529428353869 ], [ -0.098966117662946, 51.6265534125505 ], [ -0.098924400994155, 51.626630484802398 ], [ -0.098829753396373, 51.626805381836697 ], [ -0.098820952332569, 51.626821650334008 ], [ -0.09881765163481, 51.626825808880291 ], [ -0.09880890356895, 51.62682404486155 ], [ -0.098591016842109, 51.626780155217418 ], [ -0.098529439225905, 51.626767745667159 ], [ -0.098494609921132, 51.62676073350648 ], [ -0.098479280028482, 51.626757643395294 ], [ -0.098293357759971, 51.626720188354966 ], [ -0.09826903037966, 51.626715288747711 ], [ -0.098224688012389, 51.626706359759439 ], [ -0.098131175701691, 51.626687515223992 ], [ -0.098123521962493, 51.626686392969297 ], [ -0.098101034570398, 51.626683096831712 ], [ -0.097870446464429, 51.626649278196915 ], [ -0.097856546418433, 51.626647236323819 ], [ -0.097784747781269, 51.626636710895411 ], [ -0.09777325979163, 51.626635031855052 ], [ -0.097677050454346, 51.626620909190237 ], [ -0.097670588323462, 51.626619968094062 ], [ -0.097607247502564, 51.626610685788926 ], [ -0.097600857565197, 51.626609745859696 ], [ -0.097585780020949, 51.626607531985634 ], [ -0.097491315052952, 51.626593675755473 ], [ -0.097476014670562, 51.626591435771665 ], [ -0.097468834785741, 51.626590384105953 ], [ -0.097460218999726, 51.626589120309276 ], [ -0.09745091395138, 51.626587755408138 ], [ -0.097437782051437, 51.626585829356301 ], [ -0.0973952561773, 51.626579586768599 ], [ -0.09738830617603, 51.626578565803889 ], [ -0.097350870185643, 51.626573084686349 ], [ -0.097342196653982, 51.626571819944147 ], [ -0.097260375463182, 51.626559818722406 ], [ -0.097249390586662, 51.626558201745418 ], [ -0.097234944963652, 51.626556079007742 ], [ -0.097228267786869, 51.626555098428675 ], [ -0.097191606972977, 51.626549737742927 ], [ -0.097181526804382, 51.626548252336995 ], [ -0.097150524474131, 51.626543702823589 ], [ -0.097107484936649, 51.626537307917907 ], [ -0.097092860296855, 51.626534458368681 ], [ -0.097060257749746, 51.626528102372234 ], [ -0.097038775912782, 51.626523914105839 ], [ -0.097025434260824, 51.626521305676469 ], [ -0.096992638702345, 51.626514901567326 ], [ -0.096982456919292, 51.626512910919949 ], [ -0.096973141483359, 51.626511105183098 ], [ -0.096948492957719, 51.626506290009011 ], [ -0.096942445295779, 51.626505112800977 ], [ -0.096878616556247, 51.626492656846651 ], [ -0.096865317483734, 51.626490067074265 ], [ -0.09676941638708, 51.62647136251644 ], [ -0.096761949915419, 51.626469910490009 ], [ -0.096668270602841, 51.626451628571203 ], [ -0.09664875367827, 51.626446752721449 ], [ -0.096642190662248, 51.626445117514045 ], [ -0.096625047476797, 51.626440828715793 ], [ -0.096569656279268, 51.626426998776658 ], [ -0.096554443027727, 51.626423199898873 ], [ -0.096519161915836, 51.626414399305126 ], [ -0.096512420317685, 51.626412716230107 ], [ -0.09649093019403, 51.626407349718932 ], [ -0.096434666648623, 51.626393307724015 ], [ -0.096420897719277, 51.626389864987075 ], [ -0.09639924346416, 51.626384450832767 ], [ -0.096329418151117, 51.626367023360878 ], [ -0.096325228507127, 51.6263659841837 ], [ -0.09631623479078, 51.626363742985824 ], [ -0.09631008673333, 51.62636220441798 ], [ -0.096270967169245, 51.626352433215729 ], [ -0.096265004924949, 51.626350942623283 ], [ -0.09624249955901, 51.626345325784634 ], [ -0.09620410882601, 51.626335746236798 ], [ -0.096186822474463, 51.626331428071289 ], [ -0.096147674464767, 51.626321647372357 ], [ -0.09612994024688, 51.626317225709954 ], [ -0.096106166813321, 51.626311288814321 ], [ -0.09608983840504, 51.626307210993311 ], [ -0.096035476896763, 51.626293640301782 ], [ -0.096022994634228, 51.626290524144018 ], [ -0.09601756133587, 51.626289168018367 ], [ -0.095998945100742, 51.626284522494963 ], [ -0.095923916276272, 51.62626457336119 ], [ -0.095911863719023, 51.626261374242311 ], [ -0.095905283999531, 51.626259621819543 ], [ -0.095901440510044, 51.626258597238298 ], [ -0.095820124645379, 51.6262369812952 ], [ -0.095790419052856, 51.626229080304697 ], [ -0.095782060095918, 51.626226862857791 ], [ -0.095699144444426, 51.626204811701051 ], [ -0.095683241220579, 51.62620058785302 ], [ -0.095666823510302, 51.626196229756012 ], [ -0.095592209534162, 51.626176386053857 ], [ -0.095566378806812, 51.626169520896546 ], [ -0.095522667565373, 51.626157901578431 ], [ -0.095475101250619, 51.62614525925806 ], [ -0.095457769353909, 51.626140652484068 ], [ -0.095417861888207, 51.626130040890565 ], [ -0.095388070563155, 51.626122120417357 ], [ -0.095303326281733, 51.626099585160084 ], [ -0.09529272380467, 51.626096778211618 ], [ -0.095287580064271, 51.62609540876803 ], [ -0.095278707235347, 51.626093043556764 ], [ -0.095256331574721, 51.626087095908439 ], [ -0.09520064988083, 51.626072289399907 ], [ -0.095189233504136, 51.626069253406349 ], [ -0.095176859591557, 51.626065968058633 ], [ -0.095157556060899, 51.626060834636775 ], [ -0.095126450113215, 51.626052569018235 ], [ -0.095112564266729, 51.626048818480847 ], [ -0.095108692691545, 51.626047775431658 ], [ -0.095055620506045, 51.626033447362957 ], [ -0.095049591999208, 51.626031816247703 ], [ -0.094974919575552, 51.626011656453748 ], [ -0.094958791137679, 51.62600729395956 ], [ -0.094949533422261, 51.626004805569799 ], [ -0.094941376490325, 51.626002595838109 ], [ -0.094929747728306, 51.625999457452124 ], [ -0.094914404710194, 51.625995314533974 ], [ -0.094885418690727, 51.625987487939682 ], [ -0.094862939564038, 51.625981426127602 ], [ -0.094847475533135, 51.625977240768897 ], [ -0.094807874945484, 51.625966553012496 ], [ -0.094799525001576, 51.625964295173361 ], [ -0.094755017445318, 51.625952277747949 ], [ -0.094715316590679, 51.625941570345603 ], [ -0.094706873941251, 51.625939284016482 ], [ -0.094669473469712, 51.625929189479926 ], [ -0.094584115953941, 51.625906135649537 ], [ -0.094563708711463, 51.625900624499629 ], [ -0.094548380009941, 51.625896486260508 ], [ -0.094502500886085, 51.625884104742191 ], [ -0.094460100440475, 51.625872660977151 ], [ -0.09444908616097, 51.625869685395728 ], [ -0.094431014645449, 51.625864805668016 ], [ -0.094412157350437, 51.625859715338073 ], [ -0.094314569513511, 51.6258351272322 ], [ -0.094292324152743, 51.625829523222393 ], [ -0.094153933402347, 51.625794677113973 ], [ -0.094148989014214, 51.625792690379804 ], [ -0.094145039052807, 51.625791106477912 ], [ -0.094140506949208, 51.6257892793137 ], [ -0.094082296813529, 51.625765888358366 ], [ -0.094054478018149, 51.625754699361615 ], [ -0.094019216436367, 51.625740466875172 ], [ -0.093987989944561, 51.625727855638218 ], [ -0.093980503081673, 51.625724829421507 ], [ -0.093957687213189, 51.62571561010855 ], [ -0.093902556083069, 51.625679279520128 ], [ -0.093898514066542, 51.625676619517485 ], [ -0.093819743364393, 51.625624712007223 ], [ -0.09375545249375, 51.625573417446518 ], [ -0.093748225129161, 51.625567652738127 ], [ -0.093686115012802, 51.625518102139146 ], [ -0.093681054954061, 51.625514054235879 ], [ -0.093638012551412, 51.625479704920721 ], [ -0.093584041403902, 51.625435169303444 ], [ -0.093570900836159, 51.625424335622903 ], [ -0.093528910491862, 51.625389697577027 ], [ -0.093484739922237, 51.625363980571279 ], [ -0.093461737700281, 51.625350594586983 ], [ -0.093458395157926, 51.625348651837882 ], [ -0.09345087053412, 51.625345148361433 ], [ -0.093440085956701, 51.625340144108101 ], [ -0.093426056242543, 51.625333630325251 ], [ -0.093337937905949, 51.625292730012724 ], [ -0.09326031956761, 51.625269814396496 ], [ -0.093191120709519, 51.625249391628259 ], [ -0.093165889870063, 51.625241949342445 ], [ -0.093151533426392, 51.62523771430007 ], [ -0.093132373881082, 51.625233634974208 ], [ -0.093037256901921, 51.625213370763035 ], [ -0.092983701434737, 51.625201978848857 ], [ -0.092952105618016, 51.625195246847881 ], [ -0.092905616938575, 51.625185529988606 ], [ -0.09288482793001, 51.625183442936297 ], [ -0.09271394136635, 51.625166276329502 ], [ -0.09270979804343, 51.625165858248685 ], [ -0.092698590746095, 51.625164731796936 ], [ -0.092605806827843, 51.625157557735001 ], [ -0.092466379481131, 51.625146765436398 ], [ -0.092278480865804, 51.625138727642337 ], [ -0.092069037069149, 51.625129754572761 ], [ -0.092101823141078, 51.624880198301597 ], [ -0.092111287058175, 51.62480826860385 ], [ -0.092112165054457, 51.62480421828905 ], [ -0.092113809894336, 51.624796700361991 ], [ -0.092118243938983, 51.62477643151967 ], [ -0.092133209092506, 51.624708017435445 ], [ -0.092134423657233, 51.624702488837549 ], [ -0.092157240086913, 51.624598138158085 ], [ -0.092169184677285, 51.624543509852622 ], [ -0.092174943244157, 51.624517156665448 ], [ -0.092175872464848, 51.624512918341537 ], [ -0.092178407817876, 51.624501395264289 ], [ -0.092181038750724, 51.624489316208503 ], [ -0.092184846869564, 51.62447191027691 ], [ -0.092186670960971, 51.624463563461006 ], [ -0.092198489702126, 51.624409522112515 ], [ -0.092216726382824, 51.624326152798695 ], [ -0.092219280679523, 51.624314522119093 ], [ -0.092223541954993, 51.624294924898088 ], [ -0.092238990538929, 51.624224279539177 ], [ -0.092245158805989, 51.624196080563742 ], [ -0.092247695631847, 51.624184521539171 ], [ -0.092251305081703, 51.624168061079715 ], [ -0.092254330943, 51.624154144989575 ], [ -0.092265627405305, 51.624123205789019 ], [ -0.092268810547845, 51.624114489904706 ], [ -0.092286325971701, 51.624066530190987 ], [ -0.092296919714329, 51.624037530924092 ], [ -0.092299352329867, 51.624030862107531 ], [ -0.092316558292842, 51.623983733656225 ], [ -0.092326318733805, 51.623957031898385 ], [ -0.092329420234456, 51.623948539496531 ], [ -0.092331876005397, 51.623941835086107 ], [ -0.092342479171755, 51.623912782014031 ], [ -0.09234584146747, 51.623903583448374 ], [ -0.092371763386057, 51.623832604839983 ], [ -0.092388086970489, 51.623787907980059 ], [ -0.092401244133256, 51.623751873322803 ], [ -0.092409254627818, 51.623719019224914 ], [ -0.092411016484321, 51.623711808941202 ] ] ] } },
{ "type": "Feature", "properties": { "lsoa21cd": "E01001494", "lsoa21nm": "Enfield 026C", "msoa21cd": "E02000302", "msoa21nm": "Enfield 026", "lad22cd": "E09000010", "lad22nm": "Enfield", "index_right": 313, "GSS_CODE": "E05000205", "risk_score": 8.1695746687713005, "allocation_hours": 67.134919610245831, "patrol_units": 34 }, "geometry": { "type": "Polygon", "coordinates": [ [ [ -0.090091182231163, 51.625016246118896 ], [ -0.090078129088557, 51.625015727824106 ], [ -0.090015389219554, 51.625021099831841 ], [ -0.089999323281184, 51.625022483835281 ], [ -0.089913557204131, 51.625029845844836 ], [ -0.089896897053656, 51.625031274112501 ], [ -0.089854195605925, 51.625034931067731 ], [ -0.089816307443824, 51.625038189794338 ], [ -0.089772141368275, 51.625041975739485 ], [ -0.089761788371409, 51.625042868241167 ], [ -0.089623200631871, 51.625054738272425 ], [ -0.08961141188803, 51.625055760248458 ], [ -0.089554656764273, 51.625060015503458 ], [ -0.089543468270313, 51.625060849415043 ], [ -0.08953710599857, 51.625061321304358 ], [ -0.089411232862916, 51.62507076338715 ], [ -0.089405828600766, 51.625070441551429 ], [ -0.089400063777457, 51.625070104849698 ], [ -0.089369267762062, 51.625068245335768 ], [ -0.089259915820701, 51.625061697975163 ], [ -0.08921744669435, 51.625056392981961 ], [ -0.089133628932255, 51.625045936090672 ], [ -0.089005013680915, 51.62502988794089 ], [ -0.089009720015017, 51.625021040481563 ], [ -0.089031262005211, 51.624982202223912 ], [ -0.089143004274388, 51.624780747704115 ], [ -0.089218180779368, 51.624645223773378 ], [ -0.089222635553521, 51.624637203113473 ], [ -0.089288291039766, 51.624518852545926 ], [ -0.089308333204621, 51.62448268755432 ], [ -0.089315148993858, 51.624470397954724 ], [ -0.089338626178358, 51.624428129066636 ], [ -0.089343409789944, 51.624419502270769 ], [ -0.089376739689017, 51.62435937294557 ], [ -0.0893805370278, 51.624352555555731 ], [ -0.089414286865246, 51.624291713663304 ], [ -0.089416522570291, 51.624287676488123 ], [ -0.089432295927906, 51.624259229429086 ], [ -0.089433750441696, 51.624256591347944 ], [ -0.08948814927975, 51.624158542187494 ], [ -0.089492197229253, 51.624151261267642 ], [ -0.089521381595076, 51.62409866302567 ], [ -0.089525664984425, 51.624090936315739 ], [ -0.089555006869475, 51.624038025895267 ], [ -0.089563509829861, 51.624022715313316 ], [ -0.089580971439453, 51.623991220306998 ], [ -0.089595087678593, 51.623965758717929 ], [ -0.089604543633698, 51.623948741595783 ], [ -0.089608312082077, 51.623942953367795 ], [ -0.089619409336014, 51.623926070887755 ], [ -0.089621323282949, 51.623923157024599 ], [ -0.089628546490836, 51.623912168961944 ], [ -0.089649799465352, 51.623879836451437 ], [ -0.08965344239302, 51.623874284478418 ], [ -0.089685066198811, 51.623826195195406 ], [ -0.089687551148157, 51.623822413864566 ], [ -0.089709482720973, 51.623789058261679 ], [ -0.089713434400452, 51.623783034714265 ], [ -0.089732586665478, 51.623753932245975 ], [ -0.089741324018612, 51.623740603815676 ], [ -0.089760230520469, 51.623711848047314 ], [ -0.089781359123464, 51.623679720316787 ], [ -0.089786884237654, 51.623671321400863 ], [ -0.089812689845083, 51.623632066860978 ], [ -0.089820144251029, 51.623620731846373 ], [ -0.089844066079517, 51.623584360184005 ], [ -0.0898464509284, 51.623580725595815 ], [ -0.089880275728598, 51.623529241479915 ], [ -0.08991694597843, 51.623473473815892 ], [ -0.089927842668918, 51.62345688929139 ], [ -0.089886070422059, 51.623449473637088 ], [ -0.089940239238289, 51.623349289326157 ], [ -0.089945691305738, 51.623339189635267 ], [ -0.089948354113219, 51.623334269151052 ], [ -0.089959051624811, 51.623315891876935 ], [ -0.089962461505961, 51.62331003934829 ], [ -0.089978702003053, 51.623282148372581 ], [ -0.089991409556843, 51.623260287769881 ], [ -0.090003415684785, 51.623239647713028 ], [ -0.090027233889587, 51.623198859022388 ], [ -0.090036264199221, 51.623183368155537 ], [ -0.090065116025015, 51.623133839805874 ], [ -0.090068773489895, 51.623127595637143 ], [ -0.090088471171989, 51.623093753969407 ], [ -0.090097343470123, 51.623072397428494 ], [ -0.090114605076364, 51.623030863487223 ], [ -0.090120713943081, 51.623016134364924 ], [ -0.090136692135456, 51.622977636964791 ], [ -0.090137447530458, 51.622959664306094 ], [ -0.09014919637509, 51.622913175659697 ], [ -0.090159921568881, 51.622870761921718 ], [ -0.090170267567511, 51.622829807782374 ], [ -0.09018945951708, 51.622753684217166 ], [ -0.090191110890586, 51.622750141092787 ], [ -0.090216241372696, 51.622695992926893 ], [ -0.090220530592839, 51.622686746560326 ], [ -0.090242243242997, 51.62264001548678 ], [ -0.090284766958285, 51.622548409084573 ], [ -0.090295714655995, 51.622530602383272 ], [ -0.090300119097512, 51.622523426160598 ], [ -0.090304119479208, 51.622516926787071 ], [ -0.09034204897663, 51.622455226487965 ], [ -0.090377807680789, 51.622397051854932 ], [ -0.090416438536329, 51.622355784874891 ], [ -0.090433105000183, 51.622336650461442 ], [ -0.09029643147256, 51.622304543110232 ], [ -0.090153263546591, 51.62227090902968 ], [ -0.09013767068215, 51.622267246964427 ], [ -0.090077641019459, 51.622258751704599 ], [ -0.090060551239242, 51.622256333191984 ], [ -0.089961617320637, 51.622242330393256 ], [ -0.089886379348285, 51.622231680950179 ], [ -0.08965124429473, 51.622198409850867 ], [ -0.089635045100855, 51.622196113691345 ], [ -0.089526628398907, 51.622155796927714 ], [ -0.089407444295516, 51.622111473857267 ], [ -0.089400544314638, 51.622109625904187 ], [ -0.08941524784282, 51.622081179408426 ], [ -0.089416999452369, 51.62207559663306 ], [ -0.089435143457655, 51.62201789068537 ], [ -0.089454552414502, 51.621987479543876 ], [ -0.089458001868273, 51.621982059313204 ], [ -0.089462199832668, 51.621963989858919 ], [ -0.089473389124818, 51.621916044360411 ], [ -0.08947491515409, 51.621896240793141 ], [ -0.089473077069175, 51.621887730938873 ], [ -0.089469388353714, 51.621870666063366 ], [ -0.089470365478098, 51.621856015239942 ], [ -0.089470820861932, 51.621848963558513 ], [ -0.089476109069018, 51.621833825428411 ], [ -0.089479740452655, 51.621823390355011 ], [ -0.089479006699407, 51.621806481525475 ], [ -0.089477947461563, 51.621781851842755 ], [ -0.089477719057551, 51.621776632481527 ], [ -0.089496808375797, 51.621727534242531 ], [ -0.08948572899625, 51.621662738268867 ], [ -0.089324312311525, 51.621620645173792 ], [ -0.089252624506378, 51.621612170869014 ], [ -0.089248527108934, 51.621611699452593 ], [ -0.089176987339105, 51.621611729907443 ], [ -0.089152384609827, 51.621611742717207 ], [ -0.089081175483948, 51.621621602790917 ], [ -0.08887458815473, 51.62171393013962 ], [ -0.088867770637466, 51.621716993394699 ], [ -0.088852783761361, 51.621705283760299 ], [ -0.088785336196009, 51.621623638961971 ], [ -0.088771756466297, 51.621615054654661 ], [ -0.088720125421881, 51.62158241582911 ], [ -0.088699256976661, 51.621569207496321 ], [ -0.088628132231021, 51.621543229113762 ], [ -0.088618765241697, 51.621541304936876 ], [ -0.088572261211639, 51.621531716411702 ], [ -0.088560058864339, 51.621529197478282 ], [ -0.088535262022192, 51.621527300586862 ], [ -0.088519868377795, 51.621526123472655 ], [ -0.088265260253367, 51.621544454757228 ], [ -0.088259435246321, 51.621544872379054 ], [ -0.088253923469815, 51.621538874469685 ], [ -0.088246381399222, 51.621530658290474 ], [ -0.088279800242016, 51.621419633228015 ], [ -0.088325752326936, 51.621266853497985 ], [ -0.088341561244861, 51.621265024924668 ], [ -0.088350184084311, 51.62126403242177 ], [ -0.088432986841651, 51.621262050341862 ], [ -0.088461610313009, 51.621263982649801 ], [ -0.088504020472857, 51.621268545143835 ], [ -0.088577019089377, 51.621276407311861 ], [ -0.088582973074074, 51.621277043898004 ], [ -0.088649471794662, 51.621284197589752 ], [ -0.088697188800141, 51.621289327597964 ], [ -0.088777133428803, 51.621297941304363 ], [ -0.088789170203574, 51.621299243532306 ], [ -0.088856215683828, 51.621306450978068 ], [ -0.088898150846067, 51.621310974114145 ], [ -0.088916271549732, 51.621312915016055 ], [ -0.088966030271718, 51.621318276018101 ], [ -0.089010065613113, 51.621323013184814 ], [ -0.089129458276334, 51.621335866407343 ], [ -0.089149707275546, 51.621338039784014 ], [ -0.089187501437028, 51.621342099677143 ], [ -0.089222548074994, 51.621345880989935 ], [ -0.089258429008081, 51.621349747824333 ], [ -0.089295244913773, 51.621353710812322 ], [ -0.089344961173307, 51.621359052975201 ], [ -0.089418305049246, 51.621366956208988 ], [ -0.0895461544533, 51.62138071112944 ], [ -0.089558105409919, 51.621381993894794 ], [ -0.089596848294468, 51.621386168026149 ], [ -0.089608456304752, 51.621322069842755 ], [ -0.089618795578804, 51.621265126993976 ], [ -0.089633277543504, 51.621185239857589 ], [ -0.089645823724402, 51.621116004258823 ], [ -0.089652346088613, 51.621080095601563 ], [ -0.089656899688867, 51.621054936863707 ], [ -0.089658461312906, 51.621046311530897 ], [ -0.089673153054056, 51.620968131882186 ], [ -0.089684318638108, 51.620966960384571 ], [ -0.089969448972082, 51.620945679057094 ], [ -0.09003063278061, 51.620958810841465 ], [ -0.09006031237188, 51.620969640037792 ], [ -0.090080391520651, 51.620981351514075 ], [ -0.090239401905303, 51.621074135504564 ], [ -0.090246997240759, 51.621069403244483 ], [ -0.090269428080095, 51.621055407505189 ], [ -0.090290923737774, 51.621042008022734 ], [ -0.090380240775379, 51.620949967534585 ], [ -0.090387928717782, 51.620937530217091 ], [ -0.090397229805847, 51.62092245739057 ], [ -0.090398750443938, 51.620917554270378 ], [ -0.090403832761426, 51.620901117834087 ], [ -0.090403425656241, 51.620886741219856 ], [ -0.090399348426672, 51.620741059576119 ], [ -0.090413374173808, 51.620739030836567 ], [ -0.090440581566101, 51.620735121473409 ], [ -0.090502367777648, 51.620741648853112 ], [ -0.090572999443607, 51.620749102559095 ], [ -0.09064544292572, 51.620756756576348 ], [ -0.090914118777202, 51.620785131345819 ], [ -0.090918433131533, 51.620794535769328 ], [ -0.090930641567403, 51.620795876543156 ], [ -0.090935231916995, 51.620787363446276 ], [ -0.090957849965164, 51.620692905918794 ], [ -0.090967730443617, 51.620648904681602 ], [ -0.090982249272357, 51.620584242286107 ], [ -0.09099204091117, 51.620540635270061 ], [ -0.09099797508511, 51.620514231025034 ], [ -0.091008834067751, 51.620465848389479 ], [ -0.091016315592084, 51.620432527135861 ], [ -0.091034014401494, 51.620353717370023 ], [ -0.091035027515201, 51.62034920165074 ], [ -0.09104323753093, 51.620312636975548 ], [ -0.091059167174506, 51.620238456513768 ], [ -0.091061519586022, 51.62022750599337 ], [ -0.091074006285763, 51.620169258118359 ], [ -0.091079408481387, 51.620144167105067 ], [ -0.091085567975645, 51.620115491425928 ], [ -0.091101657598372, 51.620040594164209 ], [ -0.091108284880427, 51.620009722940338 ], [ -0.091109750935738, 51.62000284957054 ], [ -0.091110570265036, 51.619997685036395 ], [ -0.091119848667681, 51.619954184760196 ], [ -0.091122034980242, 51.619944436527447 ], [ -0.091129081447391, 51.619912870711943 ], [ -0.09114486396852, 51.619842185919268 ], [ -0.091153244487691, 51.619804652824136 ], [ -0.091167301058581, 51.619766115031275 ], [ -0.09116913698652, 51.619762988552814 ], [ -0.091198452075652, 51.619712667169516 ], [ -0.091252451747236, 51.619662765524893 ], [ -0.091296246236466, 51.619622301734054 ], [ -0.091303655262598, 51.619615462138263 ], [ -0.091226753126664, 51.619579868230048 ], [ -0.091176845278707, 51.619556772557033 ], [ -0.091085971540168, 51.619514710363184 ], [ -0.091031231801389, 51.619489377780447 ], [ -0.090985589687284, 51.619468248871669 ], [ -0.090921058737028, 51.619438377514804 ], [ -0.090915499458882, 51.619435571288101 ], [ -0.090885339860396, 51.619420368627317 ], [ -0.090781578149154, 51.619368060774036 ], [ -0.090758746129797, 51.619356556378179 ], [ -0.090599178379063, 51.619276119575488 ], [ -0.090586093726649, 51.619269512883044 ], [ -0.090575724490415, 51.61926429028037 ], [ -0.090520271982402, 51.619236338022432 ], [ -0.090493415995526, 51.61922279420358 ], [ -0.090450815481816, 51.619201314435252 ], [ -0.090394726731146, 51.619173037018257 ], [ -0.090379845424122, 51.61916552877544 ], [ -0.090312765248918, 51.619131712819609 ], [ -0.090283261176794, 51.619114326504381 ], [ -0.090258465749494, 51.619099705611497 ], [ -0.090183006993207, 51.619055240922698 ], [ -0.090165654302822, 51.619045012644165 ], [ -0.09015052161825, 51.619036097449261 ], [ -0.090134317883661, 51.619026544328335 ], [ -0.090118219402262, 51.619017064859001 ], [ -0.090084402385866, 51.618997126325866 ], [ -0.090051050068528, 51.618977474117614 ], [ -0.089983345134162, 51.618937568867707 ], [ -0.089931371696452, 51.618906939263304 ], [ -0.089896229236307, 51.618886232708476 ], [ -0.089867684059655, 51.618869410442009 ], [ -0.089802953594438, 51.618831262101494 ], [ -0.089785319156825, 51.618820867309324 ], [ -0.089722167466249, 51.618783652878498 ], [ -0.089718206242173, 51.618781322247123 ], [ -0.089711284927709, 51.618777243818244 ], [ -0.089610369585335, 51.618717769263121 ], [ -0.089569617655571, 51.618693742922879 ], [ -0.089481389079389, 51.618641749844166 ], [ -0.089485419739168, 51.618638991867044 ], [ -0.089950049179876, 51.618320924365186 ], [ -0.089952098808176, 51.618318556754119 ], [ -0.08996573836168, 51.618309201906257 ], [ -0.089970884670764, 51.618305675241572 ], [ -0.090345188164986, 51.618048979071425 ], [ -0.090403285549945, 51.618009135202605 ], [ -0.09047321408682, 51.618049040470908 ], [ -0.090555895980621, 51.618096212449338 ], [ -0.090568374375958, 51.618098331023901 ], [ -0.090611505120258, 51.618123843540722 ], [ -0.090721602875183, 51.618188934167534 ], [ -0.090728170857834, 51.618192826934965 ], [ -0.090730952832867, 51.618183169337087 ], [ -0.090732499810183, 51.618177808024946 ], [ -0.090792680622185, 51.61796938881016 ], [ -0.090818144484658, 51.61794195364206 ], [ -0.090827475581994, 51.617934057279051 ], [ -0.090836934312364, 51.617936189612983 ], [ -0.091216917477437, 51.618021976535367 ], [ -0.091236685431664, 51.618024393537375 ], [ -0.091254672409392, 51.618026394871613 ], [ -0.091371129501255, 51.618029162573265 ], [ -0.091395072834535, 51.618027951593724 ], [ -0.091418799258266, 51.618026746071614 ], [ -0.091465153778438, 51.6180212507021 ], [ -0.091508735465878, 51.618016083377064 ], [ -0.091553262980888, 51.618007999879197 ], [ -0.091557517475721, 51.618011603160902 ], [ -0.091572415996527, 51.618024201283497 ], [ -0.091586433594729, 51.618038169910491 ], [ -0.091592677464256, 51.61804565434673 ], [ -0.091664591740767, 51.61813186650614 ], [ -0.09166664149421, 51.618134309846106 ], [ -0.091693935590953, 51.618159258502352 ], [ -0.091706441770394, 51.618170693616683 ], [ -0.091715740622422, 51.618181795973598 ], [ -0.091725346138193, 51.618191099428188 ], [ -0.091747206362694, 51.618207506717845 ], [ -0.091759201900606, 51.618213214299253 ], [ -0.091794466661073, 51.618229983575787 ], [ -0.09180120777105, 51.61823319566993 ], [ -0.091881411452832, 51.618296081182315 ], [ -0.091886585818279, 51.618300140049548 ], [ -0.091943191463062, 51.61833364980027 ], [ -0.091953361705824, 51.618341890519268 ], [ -0.092032576775494, 51.618406140180689 ], [ -0.092038716519603, 51.618411118491018 ], [ -0.092054251491111, 51.618416820677616 ], [ -0.092115460105449, 51.618446673348053 ], [ -0.092139399846201, 51.618455875444994 ], [ -0.092160757458501, 51.618464131785743 ], [ -0.092194033150578, 51.618481664410766 ], [ -0.092211396196904, 51.618492683892327 ], [ -0.092260782042848, 51.618517016107035 ], [ -0.092273860215368, 51.618523433665494 ], [ -0.092302249050538, 51.618541759031991 ], [ -0.092310448214818, 51.618548780646826 ], [ -0.09233151253557, 51.618562477129394 ], [ -0.092353420370772, 51.618576726877805 ], [ -0.092357955768986, 51.618580523539443 ], [ -0.092382923823092, 51.618601365088956 ], [ -0.092431139274712, 51.618623816746798 ], [ -0.092442889119188, 51.618629187536264 ], [ -0.092479309019435, 51.618642540258584 ], [ -0.09248287954926, 51.618643857282123 ], [ -0.092489797733002, 51.618645606440914 ], [ -0.092499520364985, 51.618650404702208 ], [ -0.092625788614345, 51.618712690048589 ], [ -0.092636388933898, 51.618717916226892 ], [ -0.092649456032437, 51.618722535065828 ], [ -0.092660664944548, 51.618725307201501 ], [ -0.092667911602725, 51.61872783504468 ], [ -0.092709624932706, 51.618742415829082 ], [ -0.092736329396379, 51.618754243603753 ], [ -0.092769230994818, 51.618768824937085 ], [ -0.092790759251713, 51.618778356368601 ], [ -0.092821941425961, 51.618786408163636 ], [ -0.092836425067899, 51.618790146273895 ], [ -0.092872952699497, 51.618802830681794 ], [ -0.092882035998457, 51.618804965732693 ], [ -0.092915820215238, 51.618816072296013 ], [ -0.092920878503688, 51.618817737228454 ], [ -0.092927384883851, 51.618819317799414 ], [ -0.0929566563823, 51.618826430246799 ], [ -0.092969483369858, 51.618829543400956 ], [ -0.092975081001597, 51.618832125341427 ], [ -0.093061819891551, 51.618872212429757 ], [ -0.093072292154266, 51.618877049808297 ], [ -0.093084551483743, 51.618880954049317 ], [ -0.093089227186391, 51.618882441896254 ], [ -0.09309690453737, 51.6188857230906 ], [ -0.093130107182513, 51.618896577336763 ], [ -0.093143174273669, 51.618900854404608 ], [ -0.093151781494984, 51.618903835978145 ], [ -0.093173796720407, 51.61891398674279 ], [ -0.093249775775911, 51.618939915437977 ], [ -0.093265812658416, 51.618943647273923 ], [ -0.093292943062794, 51.618950149304958 ], [ -0.093363772834888, 51.618973485303876 ], [ -0.093368260891656, 51.61897497008858 ], [ -0.093383522700197, 51.618983059649132 ], [ -0.093398654255866, 51.618987711965104 ], [ -0.09347964695076, 51.619012588964559 ], [ -0.09348814796532, 51.619015348470398 ], [ -0.093509066328049, 51.619024100993485 ], [ -0.093551816107095, 51.619037403401073 ], [ -0.093583452929023, 51.619044266379724 ], [ -0.093592870059446, 51.619047054258836 ], [ -0.093626658172695, 51.619057387321362 ], [ -0.093637123995267, 51.619059625718187 ], [ -0.093674148726542, 51.619067529457197 ], [ -0.093689477162284, 51.619072310829495 ], [ -0.093762611542433, 51.619095126508334 ], [ -0.093771732468706, 51.619100499389994 ], [ -0.093778625696856, 51.619104568122651 ], [ -0.093785321725881, 51.619108516747403 ], [ -0.093802287977654, 51.619115923550332 ], [ -0.093808194383443, 51.619118033867267 ], [ -0.093830927112449, 51.619123654967844 ], [ -0.09386195230433, 51.619131326243021 ], [ -0.093874817918556, 51.619135932673494 ], [ -0.093912626127282, 51.619145134992927 ], [ -0.09391938086005, 51.619147340024348 ], [ -0.094116100013813, 51.619211434167553 ], [ -0.094224143835066, 51.619164814087753 ], [ -0.094181933436389, 51.619210633600467 ], [ -0.094135716527385, 51.619261049685349 ], [ -0.094100823268867, 51.619299105283751 ], [ -0.094098491163669, 51.619303734475757 ], [ -0.09408685909589, 51.619316557541502 ], [ -0.094078210329302, 51.619326101875728 ], [ -0.094044480282547, 51.619363286108268 ], [ -0.093981572552721, 51.61942141619167 ], [ -0.093937953939645, 51.619461191378022 ], [ -0.093879210045603, 51.619492024994848 ], [ -0.093871854374898, 51.6194958801129 ], [ -0.09381860493495, 51.619523835488515 ], [ -0.093806344963858, 51.619530272660434 ], [ -0.093796976308448, 51.619527359694025 ], [ -0.093771241380988, 51.61954578062349 ], [ -0.093761450668428, 51.619552757008883 ], [ -0.0937583554041, 51.619554743492323 ], [ -0.093749144225848, 51.619559440712692 ], [ -0.093679662455697, 51.619594856713277 ], [ -0.093645386063864, 51.619612338444973 ], [ -0.093481592316395, 51.619695850683478 ], [ -0.093381041906601, 51.619755256934432 ], [ -0.093348275571678, 51.619774615582166 ], [ -0.093313616024106, 51.619810174854599 ], [ -0.093358963503965, 51.619811847322602 ], [ -0.093406004975593, 51.619775554116771 ], [ -0.093411933095005, 51.619776459813949 ], [ -0.09350133017051, 51.619790079939079 ], [ -0.093480063115398, 51.619816315958708 ], [ -0.093503229384852, 51.619831925808441 ], [ -0.09351874428778, 51.619840532030011 ], [ -0.093542588303815, 51.619853760891537 ], [ -0.093594394432414, 51.619876751500058 ], [ -0.093609307872261, 51.619881445199219 ], [ -0.093719265355236, 51.619915983136565 ], [ -0.093725710136313, 51.619918003289449 ], [ -0.093754693014481, 51.61992409468094 ], [ -0.09377796302368, 51.619926559167226 ], [ -0.093904740772066, 51.619939968241745 ], [ -0.093912632034413, 51.619939188257959 ], [ -0.093970727196915, 51.619933478027313 ], [ -0.093984545439157, 51.619931220683689 ], [ -0.094022014161305, 51.619925112253071 ], [ -0.094030203071883, 51.619923779565667 ], [ -0.094086607620586, 51.61990877955872 ], [ -0.094107287956919, 51.6199034144149 ], [ -0.094121079424854, 51.619901795085703 ], [ -0.094135150600696, 51.619899361985667 ], [ -0.094146209778525, 51.619897446462033 ], [ -0.094179856324559, 51.619941656178341 ], [ -0.094373766268909, 51.620320337144392 ], [ -0.094223480001638, 51.620400365013197 ], [ -0.094176831673448, 51.620425217519298 ], [ -0.094163283985915, 51.620433765020309 ], [ -0.09417137351961, 51.620453059430083 ], [ -0.094172463932423, 51.620455648995822 ], [ -0.094177389053827, 51.620467383270494 ], [ -0.094194538976331, 51.620460090303325 ], [ -0.094242829852986, 51.620469786567618 ], [ -0.09425797169041, 51.620472829276423 ], [ -0.094245404482294, 51.62047900971519 ], [ -0.094193070454363, 51.620504750016224 ], [ -0.094169470154283, 51.620516353464396 ], [ -0.094148736152054, 51.620557435837284 ], [ -0.094137959497835, 51.620578788679992 ], [ -0.093798652649515, 51.620402417294457 ], [ -0.093758379367626, 51.620390656999547 ], [ -0.09373660123702, 51.620384305038399 ], [ -0.093587853922282, 51.620613218491002 ], [ -0.093583130829344, 51.620617332206706 ], [ -0.093569198557214, 51.620629533325904 ], [ -0.093468754638368, 51.620687043998437 ], [ -0.093447928507192, 51.620695185340217 ], [ -0.093367208428543, 51.620726749560745 ], [ -0.093286508163854, 51.620742001706418 ], [ -0.093277232329983, 51.620743757304766 ], [ -0.093267480958547, 51.620726549040917 ], [ -0.093258577182712, 51.620743193227213 ], [ -0.093237651320509, 51.620782284998796 ], [ -0.093235566138991, 51.620786189799929 ], [ -0.093195076971517, 51.620861850616251 ], [ -0.093186408164443, 51.620878057986857 ], [ -0.093191949706997, 51.620880261315662 ], [ -0.093204170352155, 51.6208851001212 ], [ -0.093257458455982, 51.620906190562621 ], [ -0.093248060789351, 51.620922898658449 ], [ -0.093234227982101, 51.620947528953266 ], [ -0.093196229809474, 51.621015119060559 ], [ -0.093190639265176, 51.621025099734496 ], [ -0.093171842318947, 51.621058551859591 ], [ -0.093142865825696, 51.62111012916084 ], [ -0.09311181423915, 51.621165368622208 ], [ -0.093050286848177, 51.621274858720632 ], [ -0.092993552818372, 51.621375802950602 ], [ -0.092991921831498, 51.621378694487646 ], [ -0.093002411702787, 51.621381576284008 ], [ -0.093007880283243, 51.621382937637932 ], [ -0.093017881712609, 51.621381279285153 ], [ -0.093570649853136, 51.621506052975782 ], [ -0.093576732582006, 51.62150741079693 ], [ -0.093607543290566, 51.621514377209046 ], [ -0.093597160120808, 51.621532193370747 ], [ -0.093572034083608, 51.621575326483665 ], [ -0.09356392337623, 51.621589249872692 ], [ -0.09356084061776, 51.621594550281209 ], [ -0.09356985984718, 51.621596504376456 ], [ -0.093569608408639, 51.621599054150593 ], [ -0.093566056722991, 51.621602791239575 ], [ -0.093560238893121, 51.621608892481206 ], [ -0.093560086576782, 51.621612522962891 ], [ -0.093529632988101, 51.621663842539128 ], [ -0.093526726365901, 51.621668732156408 ], [ -0.093497734554752, 51.621717575580568 ], [ -0.093478410327356, 51.62175016489649 ], [ -0.093443293402168, 51.621809331011789 ], [ -0.093429550377057, 51.621832506008708 ], [ -0.093416073121077, 51.621855199731264 ], [ -0.09340157672809, 51.621879630416466 ], [ -0.093379992339398, 51.621915986790341 ], [ -0.093346553092855, 51.621972347525173 ], [ -0.093335359704107, 51.621991220598453 ], [ -0.093316705795353, 51.622022633781903 ], [ -0.093312880999945, 51.622029091142274 ], [ -0.093295811969339, 51.622057850332332 ], [ -0.093245212325316, 51.6221009019701 ], [ -0.093226178563304, 51.622117093706009 ], [ -0.093174822585652, 51.622160780476882 ], [ -0.09316097964384, 51.622172560361513 ], [ -0.093155267632731, 51.622183366367068 ], [ -0.093124569916678, 51.622241516156933 ], [ -0.09311389840434, 51.622261719589282 ], [ -0.093113772824974, 51.622264712040071 ], [ -0.093113052911626, 51.622281866960535 ], [ -0.09311176317512, 51.622312600238544 ], [ -0.093110001662948, 51.622354575425902 ], [ -0.093109750125758, 51.622360569313685 ], [ -0.093075872463153, 51.622421509011104 ], [ -0.093067059213922, 51.622437363320358 ], [ -0.093043963467488, 51.622478910698248 ], [ -0.093042541482483, 51.622481468416744 ], [ -0.093024618004236, 51.62251371174969 ], [ -0.092996913709512, 51.622563520206789 ], [ -0.092994506394018, 51.622567869390146 ], [ -0.092990835032628, 51.622574455130504 ], [ -0.092967551573946, 51.622616341156743 ], [ -0.092940612264995, 51.62266478619263 ], [ -0.092932095851492, 51.622680105771209 ], [ -0.092906608850121, 51.622725957606001 ], [ -0.092874907621122, 51.62278459459899 ], [ -0.092871007706814, 51.622791806092522 ], [ -0.092827512440968, 51.622872255870156 ], [ -0.092815733675574, 51.622894050925709 ], [ -0.092806728246648, 51.622910693429858 ], [ -0.092796297026557, 51.622929983512087 ], [ -0.092769199440249, 51.622980125516037 ], [ -0.092762793818, 51.62299196335217 ], [ -0.09273052835645, 51.623051643254257 ], [ -0.092715742979399, 51.62307898272482 ], [ -0.092702225808246, 51.623103986789936 ], [ -0.092672042888054, 51.623159824789063 ], [ -0.092655566218491, 51.62319028411347 ], [ -0.092618953568445, 51.623258013493839 ], [ -0.092597267974077, 51.623298126945947 ], [ -0.092578018183357, 51.623333729817588 ], [ -0.09255480456436, 51.623376687010712 ], [ -0.092543902672433, 51.623396859672994 ], [ -0.092541193049674, 51.623401869374426 ], [ -0.092530699707183, 51.623421257342507 ], [ -0.09252420410524, 51.623436268045801 ], [ -0.092498538690281, 51.623495641575907 ], [ -0.092487963603463, 51.623520072987162 ], [ -0.092452171347028, 51.623602833089805 ], [ -0.092450156092328, 51.623607476398696 ], [ -0.092418699463596, 51.623680217454307 ], [ -0.092411016484321, 51.623711808941202 ], [ -0.092409254627818, 51.623719019224914 ], [ -0.092401244133256, 51.623751873322803 ], [ -0.092388086970489, 51.623787907980059 ], [ -0.092371763386057, 51.623832604839983 ], [ -0.09234584146747, 51.623903583448374 ], [ -0.092342479171755, 51.623912782014031 ], [ -0.092331876005397, 51.623941835086107 ], [ -0.092329420234456, 51.623948539496531 ], [ -0.092326318733805, 51.623957031898385 ], [ -0.092316558292842, 51.623983733656225 ], [ -0.092299352329867, 51.624030862107531 ], [ -0.092296919714329, 51.624037530924092 ], [ -0.092286325971701, 51.624066530190987 ], [ -0.092268810547845, 51.624114489904706 ], [ -0.092265627405305, 51.624123205789019 ], [ -0.092254330943, 51.624154144989575 ], [ -0.092251305081703, 51.624168061079715 ], [ -0.092247695631847, 51.624184521539171 ], [ -0.092245158805989, 51.624196080563742 ], [ -0.092238990538929, 51.624224279539177 ], [ -0.092223541954993, 51.624294924898088 ], [ -0.092219280679523, 51.624314522119093 ], [ -0.092216726382824, 51.624326152798695 ], [ -0.092198489702126, 51.624409522112515 ], [ -0.092186670960971, 51.624463563461006 ], [ -0.092184846869564, 51.62447191027691 ], [ -0.092181038750724, 51.624489316208503 ], [ -0.092178407817876, 51.624501395264289 ], [ -0.092175872464848, 51.624512918341537 ], [ -0.092174943244157, 51.624517156665448 ], [ -0.092169184677285, 51.624543509852622 ], [ -0.092157240086913, 51.624598138158085 ], [ -0.092134423657233, 51.624702488837549 ], [ -0.092133209092506, 51.624708017435445 ], [ -0.092118243938983, 51.62477643151967 ], [ -0.092113809894336, 51.624796700361991 ], [ -0.092112165054457, 51.62480421828905 ], [ -0.092111287058175, 51.62480826860385 ], [ -0.092101823141078, 51.624880198301597 ], [ -0.092069037069149, 51.625129754572761 ], [ -0.092043280186676, 51.625128652167767 ], [ -0.091876898858942, 51.625121530267286 ], [ -0.091745778262216, 51.625115917018469 ], [ -0.091715565085829, 51.62511462513838 ], [ -0.091636246247345, 51.625111239385781 ], [ -0.091624521692702, 51.625110733887787 ], [ -0.091612031851015, 51.62510987422317 ], [ -0.091544913928814, 51.625105284096215 ], [ -0.091535391817565, 51.625104625583269 ], [ -0.091508193282141, 51.625102762220351 ], [ -0.091387442389332, 51.625094484668516 ], [ -0.091381751999052, 51.625094095320868 ], [ -0.091312098772978, 51.625089328917298 ], [ -0.09130326816287, 51.625088717608072 ], [ -0.091293083440004, 51.625088012322713 ], [ -0.091160288860395, 51.625078918065697 ], [ -0.091143506076189, 51.625077763674426 ], [ -0.091052611508651, 51.625071536356636 ], [ -0.091044335242369, 51.625070970019713 ], [ -0.091015580888798, 51.625069000288228 ], [ -0.090851533020438, 51.625057755885358 ], [ -0.090841412714868, 51.625057065097778 ], [ -0.090584288121349, 51.625039440342505 ], [ -0.090579325143117, 51.625039103263511 ], [ -0.090457638806906, 51.625030746572698 ], [ -0.090397247281151, 51.625028369531748 ], [ -0.090385795189235, 51.625027913307598 ], [ -0.090362789943248, 51.62502699921054 ], [ -0.090322606184716, 51.625025409750236 ], [ -0.09031791851065, 51.625025225518328 ], [ -0.090231377772842, 51.625021802159843 ], [ -0.090221151743711, 51.625021392860006 ], [ -0.090205300356028, 51.625020766070151 ], [ -0.090174520830188, 51.625019545501949 ], [ -0.090096345964724, 51.625016447104251 ], [ -0.090091182231163, 51.625016246118896 ] ] ] } },
{ "type": "Feature", "properties": { "lsoa21cd": "E01001564", "lsoa21nm": "Enfield 022B", "msoa21cd": "E02000298", "msoa21nm": "Enfield 022", "lad22cd": "E09000010", "lad22nm": "Enfield", "index_right": 313, "GSS_CODE": "E05000205", "risk_score": 9.9080516698563219, "allocation_hours": 81.421160748140693, "patrol_units": 41 }, "geometry": { "type": "Polygon", "coordinates": [ [ [ -0.100986135368284, 51.632401675298183 ], [ -0.100967907072688, 51.63239770236418 ], [ -0.100963948603242, 51.632403555282906 ], [ -0.100952626866647, 51.632420313685387 ], [ -0.10075912727804, 51.632706655472923 ], [ -0.100603004521814, 51.63263844765271 ], [ -0.10043542913043, 51.632608775421929 ], [ -0.100261840736348, 51.632620235699903 ], [ -0.100116481936109, 51.632666341937821 ], [ -0.100104026239675, 51.632668757023431 ], [ -0.10008419955719, 51.632672590443818 ], [ -0.100067537182682, 51.632677464266436 ], [ -0.099981943267483, 51.63270249779552 ], [ -0.0999646459853, 51.632724608732808 ], [ -0.099951399886523, 51.632736929612619 ], [ -0.099891007571273, 51.632820956656346 ], [ -0.099810368986373, 51.632902263792886 ], [ -0.099408977784158, 51.632989265159331 ], [ -0.099242302122658, 51.632947412124182 ], [ -0.099143661825028, 51.632914412589166 ], [ -0.09901171967669, 51.632926833539784 ], [ -0.098992559804066, 51.632927161557376 ], [ -0.099154632135624, 51.632739760129716 ], [ -0.0991648305997, 51.632577324822918 ], [ -0.099170603344764, 51.632485372164773 ], [ -0.099168827457564, 51.632478437230887 ], [ -0.099132057023529, 51.632465225150582 ], [ -0.09904865084049, 51.632435259967963 ], [ -0.099033391731184, 51.632432503849721 ], [ -0.098947873803231, 51.632417081055024 ], [ -0.098936183734239, 51.632413636385628 ], [ -0.098763566377345, 51.632388124429028 ], [ -0.098627423868785, 51.632331828853246 ], [ -0.098527886732118, 51.632305792318938 ], [ -0.098497767993424, 51.632291437891922 ], [ -0.098488596584281, 51.632288924244868 ], [ -0.098432141151038, 51.632264790846499 ], [ -0.098389213333787, 51.632252665720593 ], [ -0.098384514564075, 51.632251348609493 ], [ -0.098237349442341, 51.632235708399747 ], [ -0.098168470733007, 51.632216670016469 ], [ -0.098112604098283, 51.632201250648805 ], [ -0.098059391275339, 51.632192501677068 ], [ -0.098006611696875, 51.632176862529931 ], [ -0.097965810395648, 51.632175373763381 ], [ -0.097916088573274, 51.632167454668092 ], [ -0.097731763706415, 51.632116887340601 ], [ -0.097723861712338, 51.632115806021744 ], [ -0.097715138017485, 51.632113299571344 ], [ -0.097607914348799, 51.632082443560954 ], [ -0.097514947128045, 51.632066197490815 ], [ -0.097482896334674, 51.632057269851174 ], [ -0.097421048289784, 51.632048047831681 ], [ -0.097380903442659, 51.632036417074893 ], [ -0.097296030616182, 51.63201184023751 ], [ -0.097285273468531, 51.63200579373629 ], [ -0.097233298740709, 51.631988890358848 ], [ -0.097196037952102, 51.631972576303575 ], [ -0.097215659217668, 51.631941241253941 ], [ -0.096879098677107, 51.631842342092767 ], [ -0.09674071500554, 51.631801681635224 ], [ -0.09654909094321, 51.631745373700632 ], [ -0.096537258341682, 51.631741890500194 ], [ -0.096373511027479, 51.631693777016856 ], [ -0.09642320466005, 51.631615180317958 ], [ -0.096435415363121, 51.631595864904803 ], [ -0.096438534630985, 51.631593496556974 ], [ -0.096539884666996, 51.631516628200139 ], [ -0.096729860935539, 51.631465755861164 ], [ -0.09676597862091, 51.631474857607444 ], [ -0.096844247656093, 51.631494588737247 ], [ -0.096854194507914, 51.631487906869559 ], [ -0.096927700394006, 51.631438588879931 ], [ -0.097147192514981, 51.63129129245516 ], [ -0.097109902989818, 51.631264303897197 ], [ -0.097105420503133, 51.631252316247583 ], [ -0.097059877404971, 51.631221264115673 ], [ -0.097029956008506, 51.631200851593704 ], [ -0.097015757514634, 51.631185217284298 ], [ -0.096992609097154, 51.631159725992759 ], [ -0.096988521108493, 51.631155217430404 ], [ -0.0968775405206, 51.63104550821857 ], [ -0.096834305872918, 51.630988010781493 ], [ -0.096827353800632, 51.630978752718484 ], [ -0.096809096415286, 51.630954473772853 ], [ -0.096798641756525, 51.630930537223527 ], [ -0.096769545904446, 51.630863908023727 ], [ -0.096728315004862, 51.630796191693541 ], [ -0.097394022665614, 51.630740985566575 ], [ -0.097397825392005, 51.630748852649972 ], [ -0.097412836292116, 51.630779922072158 ], [ -0.097414803828837, 51.630784000565171 ], [ -0.097446028426728, 51.630888459200811 ], [ -0.097448362356986, 51.630892759452706 ], [ -0.097451822194735, 51.630899155210138 ], [ -0.097496071750801, 51.630904530872833 ], [ -0.097562627945086, 51.630906014840946 ], [ -0.097617722223067, 51.630907240968774 ], [ -0.098131478079671, 51.630850402819995 ], [ -0.098157799064865, 51.630796047782077 ], [ -0.098160928580684, 51.630792051932758 ], [ -0.098164164066658, 51.630787940899985 ], [ -0.098177673396469, 51.630770714634345 ], [ -0.098171965433976, 51.63076417454721 ], [ -0.098142296209001, 51.630730151898348 ], [ -0.098141189571, 51.630725871557821 ], [ -0.098133491323453, 51.630695793053981 ], [ -0.098127930187427, 51.630673334289618 ], [ -0.098128588685781, 51.630652100405626 ], [ -0.098158660892981, 51.63060408288144 ], [ -0.098183731395822, 51.63056405045571 ], [ -0.098208307039141, 51.630524792342761 ], [ -0.098225851286753, 51.630496786641935 ], [ -0.098341204300797, 51.630421124034001 ], [ -0.098349040394986, 51.630418598296302 ], [ -0.098620685394937, 51.630330946057121 ], [ -0.098630645269008, 51.630327735330368 ], [ -0.098635346665726, 51.630326570576251 ], [ -0.098803934999968, 51.63027404901711 ], [ -0.098824404056091, 51.630265033134314 ], [ -0.098875020313469, 51.630242581064515 ], [ -0.09893988283385, 51.630207374805082 ], [ -0.09903242168811, 51.630157177032181 ], [ -0.099204400846007, 51.630063852896114 ], [ -0.099235920104295, 51.630045767304331 ], [ -0.099253092107706, 51.630020075477887 ], [ -0.099268105636354, 51.629997621911208 ], [ -0.099320421982686, 51.629919372383817 ], [ -0.099285496314591, 51.629574019873971 ], [ -0.09927255931909, 51.629539639138279 ], [ -0.099233526688215, 51.629435926805854 ], [ -0.099228597753334, 51.629423549833405 ], [ -0.099208194703969, 51.629416335559462 ], [ -0.099083952813705, 51.629372435781541 ], [ -0.099068988547462, 51.629367148559282 ], [ -0.098984458213323, 51.629339664835726 ], [ -0.098979602775722, 51.629338300239439 ], [ -0.098820978757234, 51.629293923931826 ], [ -0.098773990195578, 51.629282740207927 ], [ -0.098673382416207, 51.629258790479625 ], [ -0.098602735349733, 51.629243437429245 ], [ -0.098535496866627, 51.629230531564495 ], [ -0.098466079890452, 51.629217203674365 ], [ -0.098322424658774, 51.629270457070959 ], [ -0.09827579690038, 51.629287739961036 ], [ -0.09789877100553, 51.629476007260912 ], [ -0.097890728152512, 51.629480022352645 ], [ -0.097778224273663, 51.629481183609535 ], [ -0.097686275643496, 51.629482129547817 ], [ -0.097437359378927, 51.62948469328191 ], [ -0.097422947863258, 51.62948483723428 ], [ -0.097435123143406, 51.629462895378893 ], [ -0.097450329863467, 51.629445157180605 ], [ -0.097481468026847, 51.629391698717548 ], [ -0.097579466212804, 51.629207441839526 ], [ -0.097593754787957, 51.629180579423874 ], [ -0.097595432693796, 51.629177432313391 ], [ -0.097863731607319, 51.628672956486227 ], [ -0.097916304976761, 51.628574110101724 ], [ -0.097962243034817, 51.628487754478058 ], [ -0.09797911873853, 51.62845603310965 ], [ -0.098043941084825, 51.628334148898119 ], [ -0.098093157611056, 51.628241605656854 ], [ -0.098107644678989, 51.628213784221302 ], [ -0.098293417033621, 51.627856946812408 ], [ -0.098300746525156, 51.627857191530147 ], [ -0.098303934146189, 51.627850768672545 ], [ -0.098297423728672, 51.627849251319127 ], [ -0.098385054759251, 51.627679159730469 ], [ -0.098413519551057, 51.627623931186527 ], [ -0.098496526903968, 51.627462792955548 ], [ -0.098502047214315, 51.627452073566367 ], [ -0.098511278735372, 51.627434157462851 ], [ -0.098556981007666, 51.627345441819273 ], [ -0.098637500952203, 51.62718916405057 ], [ -0.09864547455174, 51.627173682476027 ], [ -0.09868076531879, 51.627105174828081 ], [ -0.098706321573453, 51.627055555307642 ], [ -0.098714398657125, 51.627038636621457 ], [ -0.098708965427142, 51.62703692992239 ], [ -0.098760567609005, 51.626933238569954 ], [ -0.098796413267784, 51.626866996982585 ], [ -0.09881765163481, 51.626825808880291 ], [ -0.098820952332569, 51.626821650334008 ], [ -0.098829753396373, 51.626805381836697 ], [ -0.098924400994155, 51.626630484802398 ], [ -0.098966117662946, 51.6265534125505 ], [ -0.098979344914538, 51.626529428353869 ], [ -0.098987662297081, 51.626514356990668 ], [ -0.099009880035415, 51.626474062391743 ], [ -0.099021139033219, 51.626453607285988 ], [ -0.099030179476439, 51.626436794119186 ], [ -0.099039001223517, 51.626420373073493 ], [ -0.099073313217964, 51.626356579474816 ], [ -0.099082424822954, 51.626340136146744 ], [ -0.099117435642564, 51.626276902399624 ], [ -0.099125718411777, 51.626261965353699 ], [ -0.099138082169388, 51.626239621751971 ], [ -0.099169752045153, 51.626183024200984 ], [ -0.099212213803525, 51.626107114980918 ], [ -0.099214290947094, 51.626103398807459 ], [ -0.099243197329897, 51.626060694688064 ], [ -0.099260627939437, 51.626035690498867 ], [ -0.099283192318544, 51.626003323785113 ], [ -0.099292345044253, 51.625990208300387 ], [ -0.09932064256584, 51.62595289873493 ], [ -0.099364449952122, 51.625895220896574 ], [ -0.099366453428186, 51.625892573623553 ], [ -0.099371952953193, 51.625894074544377 ], [ -0.099361261832104, 51.625906148964582 ], [ -0.099600498072555, 51.625956614914358 ], [ -0.099895917529386, 51.626018925261285 ], [ -0.100218677259698, 51.62608700116121 ], [ -0.100463629563399, 51.626138672935411 ], [ -0.100479698133873, 51.626142062508578 ], [ -0.100499490503625, 51.626146231774648 ], [ -0.100579060147497, 51.626163014200934 ], [ -0.100797031993938, 51.626208987798918 ], [ -0.100836644979521, 51.626217344659473 ], [ -0.101018555974218, 51.626255710901603 ], [ -0.101208372806471, 51.626295742531596 ], [ -0.101238619763651, 51.626302122179837 ], [ -0.101356313610695, 51.626326948914183 ], [ -0.101362930246764, 51.626328341927078 ], [ -0.101391115080285, 51.62633428349843 ], [ -0.101549653874745, 51.626367729422043 ], [ -0.101624039575825, 51.626383419890153 ], [ -0.101709660965524, 51.626401980611334 ], [ -0.101734316504149, 51.62640732531262 ], [ -0.101757468835871, 51.626412339948409 ], [ -0.101825035077585, 51.626426993544925 ], [ -0.101867802534494, 51.626436273140008 ], [ -0.101930085938639, 51.626449771119887 ], [ -0.102072750350885, 51.626480701634463 ], [ -0.102113184427544, 51.626489466799413 ], [ -0.10217161608789, 51.626502137994798 ], [ -0.102253400856928, 51.626519862914932 ], [ -0.102284685738446, 51.626526645594971 ], [ -0.102323387548197, 51.626535031966775 ], [ -0.10240070458391, 51.626551803271504 ], [ -0.102565290645915, 51.626587484988171 ], [ -0.102654936124556, 51.626606919403216 ], [ -0.102665120458577, 51.62660902644344 ], [ -0.102779857838692, 51.626632706253012 ], [ -0.102799381821165, 51.62663673579749 ], [ -0.103099576090482, 51.626698690966393 ], [ -0.103127637271773, 51.626704486095157 ], [ -0.103107339515815, 51.626726926688868 ], [ -0.103103158975342, 51.626731544140114 ], [ -0.103106850746357, 51.626751072350082 ], [ -0.103064627462824, 51.62682660924979 ], [ -0.103057538603056, 51.626839281825639 ], [ -0.102976389990318, 51.62688134018213 ], [ -0.1029510693782, 51.626925784854549 ], [ -0.102863537870675, 51.627079434427223 ], [ -0.10283018723854, 51.627137975202722 ], [ -0.102809404347963, 51.627174436031453 ], [ -0.102773028343427, 51.627238296331058 ], [ -0.102758214902587, 51.627247040206754 ], [ -0.102729481571308, 51.627255419620276 ], [ -0.10272139679017, 51.627255446259156 ], [ -0.102711780734123, 51.627264283161317 ], [ -0.102705950341038, 51.627269656258889 ], [ -0.102700480736674, 51.627274693479237 ], [ -0.102733128834472, 51.627297270732015 ], [ -0.102908547231191, 51.627418509847331 ], [ -0.102949504137461, 51.627461463245979 ], [ -0.102990778934131, 51.627504763479841 ], [ -0.102957628886779, 51.627517356417023 ], [ -0.10285676990745, 51.627544591297408 ], [ -0.102783014028985, 51.627556995248511 ], [ -0.102724944397844, 51.627559824111913 ], [ -0.10270899013195, 51.627560600261681 ], [ -0.102680889028646, 51.627561971326251 ], [ -0.102637540146438, 51.627558968315931 ], [ -0.102595271893896, 51.62755603671846 ], [ -0.102513267659309, 51.627540057522644 ], [ -0.102451507753034, 51.627538190996148 ], [ -0.102442395367034, 51.627536703764655 ], [ -0.102427600327713, 51.627534288339582 ], [ -0.102388395534529, 51.627527890185078 ], [ -0.102368161402176, 51.627522176505146 ], [ -0.102360564720794, 51.62752003035849 ], [ -0.102356502593654, 51.627518355024783 ], [ -0.102287964141673, 51.627509288283626 ], [ -0.102240271546594, 51.627497177520432 ], [ -0.102202743577188, 51.62748765009465 ], [ -0.10218772743431, 51.627486031385807 ], [ -0.102176566114475, 51.627484825727372 ], [ -0.102104985965695, 51.627467994209525 ], [ -0.102057276816394, 51.627450406737083 ], [ -0.102047387955907, 51.627446757733395 ], [ -0.102016242833285, 51.627443529250058 ], [ -0.10191852533996, 51.62742153583546 ], [ -0.101913401136509, 51.627420382849081 ], [ -0.101907894292485, 51.627418360403041 ], [ -0.10188662699227, 51.627413861883838 ], [ -0.101755004972202, 51.627652620782733 ], [ -0.101752551158538, 51.627671222313111 ], [ -0.101711916371887, 51.627734608734691 ], [ -0.101742421427343, 51.627741055211168 ], [ -0.101740222368341, 51.627744580621929 ], [ -0.101723636988402, 51.627770812880819 ], [ -0.10161189979019, 51.627947585034498 ], [ -0.10149573557894, 51.628131371056021 ], [ -0.101526113102587, 51.628136385864224 ], [ -0.101577541998643, 51.628152109580419 ], [ -0.101586729611942, 51.628154911024083 ], [ -0.101610596695988, 51.628162203338626 ], [ -0.101667916545851, 51.628185962384265 ], [ -0.101702955375444, 51.628195251874843 ], [ -0.101713694324129, 51.628197233082062 ], [ -0.101738225467148, 51.628201775439805 ], [ -0.101748744777004, 51.628204517443706 ], [ -0.101758321288837, 51.628207001399787 ], [ -0.101764923947724, 51.628208043424408 ], [ -0.10177774328531, 51.628211065429376 ], [ -0.101865273757358, 51.628231738633126 ], [ -0.101913906801098, 51.628239687790959 ], [ -0.10192153041959, 51.628241537652571 ], [ -0.101933492373259, 51.628244505305283 ], [ -0.101960203197657, 51.628253071000564 ], [ -0.102052056235202, 51.628272478615621 ], [ -0.102129068815256, 51.628282950479615 ], [ -0.102141694700544, 51.628285762490513 ], [ -0.102173531124309, 51.628292859853197 ], [ -0.10219556931409, 51.628295518353099 ], [ -0.102241169430978, 51.628301021847804 ], [ -0.102252195749008, 51.628302351208738 ], [ -0.102333826223839, 51.628318661747194 ], [ -0.102340536369785, 51.62831955260696 ], [ -0.102347340988177, 51.628320948568096 ], [ -0.102357899220674, 51.628323106641055 ], [ -0.102364833036325, 51.628324522675413 ], [ -0.102402363784742, 51.62832881651768 ], [ -0.102420007082342, 51.628330846371689 ], [ -0.102429814020096, 51.628331967155709 ], [ -0.102494808896253, 51.628343746156425 ], [ -0.102563325597011, 51.628351463557429 ], [ -0.10257112015147, 51.62835233597022 ], [ -0.102576598893381, 51.628353305819928 ], [ -0.102581922401313, 51.628353841524437 ], [ -0.102675438767863, 51.628363365932167 ], [ -0.102703873310708, 51.628368029654801 ], [ -0.102748569131311, 51.62837287537338 ], [ -0.102828352693782, 51.628386368061747 ], [ -0.102842214159331, 51.628389694555743 ], [ -0.102863302997381, 51.628393290773317 ], [ -0.102870347299836, 51.628394483754256 ], [ -0.102876358405423, 51.628395507159219 ], [ -0.102883459899809, 51.628396714552629 ], [ -0.102900057677289, 51.628398525101247 ], [ -0.102986316021238, 51.628412320198152 ], [ -0.103018379789275, 51.628415365438109 ], [ -0.103028446826268, 51.628416832087666 ], [ -0.103054096050939, 51.628420555952275 ], [ -0.103058447302386, 51.62842119281796 ], [ -0.103081290833541, 51.628423252687945 ], [ -0.103105672845329, 51.628426875123388 ], [ -0.103111100237541, 51.628427691247239 ], [ -0.10316239011932, 51.628496547819239 ], [ -0.103183001675146, 51.62851744661149 ], [ -0.103199012232263, 51.628533657927591 ], [ -0.103239500593889, 51.628574715234059 ], [ -0.103249156489031, 51.628598125638653 ], [ -0.103292448766168, 51.628703137155199 ], [ -0.103294747918937, 51.628725916070131 ], [ -0.103299009801787, 51.628768114300598 ], [ -0.103279699375419, 51.628890008710208 ], [ -0.103273279334289, 51.628901882793059 ], [ -0.103221481353483, 51.628960665013956 ], [ -0.103218280812501, 51.628964300155737 ], [ -0.103257847057004, 51.629003921747206 ], [ -0.103607038953354, 51.62908315956313 ], [ -0.103767300968422, 51.629119524993456 ], [ -0.103767799909716, 51.629125566948396 ], [ -0.103773224195318, 51.629126805632957 ], [ -0.103790912989367, 51.629130868293004 ], [ -0.103761960225176, 51.629252220272278 ], [ -0.10375709773722, 51.629272639838 ], [ -0.103746614957267, 51.629316573591844 ], [ -0.10373671702807, 51.629358093347903 ], [ -0.10372818594503, 51.629393871072345 ], [ -0.103711948021886, 51.629461950793456 ], [ -0.103704663175304, 51.629492452140369 ], [ -0.103703449932187, 51.629496937718919 ], [ -0.103702073153512, 51.629501879266279 ], [ -0.103687350906786, 51.629555119063006 ], [ -0.103674976343378, 51.62959989000133 ], [ -0.103635272958283, 51.6297433783119 ], [ -0.103634388103059, 51.62974657429325 ], [ -0.103629960446207, 51.629762635076752 ], [ -0.103603204271903, 51.62985940135674 ], [ -0.103568516828315, 51.629984842057588 ], [ -0.103544853627022, 51.63006705467626 ], [ -0.103516050302541, 51.63016715999229 ], [ -0.103502241066832, 51.630215135988962 ], [ -0.103450769321333, 51.630394034878172 ], [ -0.103421527432048, 51.630495634808447 ], [ -0.103347795287289, 51.630751841080354 ], [ -0.103322557069271, 51.630839567500558 ], [ -0.103298064105171, 51.630924671192325 ], [ -0.103281371636815, 51.630978355681542 ], [ -0.103228665368969, 51.631202313334029 ], [ -0.103187749576165, 51.631453924296345 ], [ -0.103211536622681, 51.631477356296237 ], [ -0.103175283737868, 51.631530589688055 ], [ -0.103173843426993, 51.631539468865867 ], [ -0.103170311126815, 51.631561065427476 ], [ -0.10316438399629, 51.631580842783691 ], [ -0.103143115046992, 51.631651709655934 ], [ -0.103125085798165, 51.631711784080153 ], [ -0.103103269689183, 51.631784503522908 ], [ -0.103101031818721, 51.631791202641821 ], [ -0.103005577698019, 51.631779812848727 ], [ -0.102958015774518, 51.631774143073656 ], [ -0.102832317109761, 51.631764871962211 ], [ -0.102020493228319, 51.631704956114561 ], [ -0.102014774573224, 51.631704530896698 ], [ -0.101991436283009, 51.631671070408075 ], [ -0.101814357104601, 51.631649330949237 ], [ -0.101800568459188, 51.631647696087619 ], [ -0.101639576532422, 51.631592328796863 ], [ -0.101553841862138, 51.631539444927675 ], [ -0.101486860865123, 51.631593692991324 ], [ -0.101143593063598, 51.631878780604723 ], [ -0.101277382164077, 51.631908129906094 ], [ -0.101441819245338, 51.631967182287795 ], [ -0.101538722343991, 51.632001977249196 ], [ -0.101742550490525, 51.632075163777799 ], [ -0.101775634326552, 51.632087047372643 ], [ -0.101752276517395, 51.632113134100081 ], [ -0.101451522852187, 51.632448890596692 ], [ -0.101443238919776, 51.632459700278517 ], [ -0.101741290026339, 51.632563088196413 ], [ -0.101956729950591, 51.632623692861642 ], [ -0.101961032749185, 51.632639319286596 ], [ -0.101973755752521, 51.632685449193488 ], [ -0.101994021236109, 51.632758885077301 ], [ -0.101767700332368, 51.633085577318198 ], [ -0.101755155830197, 51.633098062639213 ], [ -0.101731226449198, 51.633119491052682 ], [ -0.10172139343422, 51.633128297387628 ], [ -0.101717445335972, 51.633131830471292 ], [ -0.101714503063757, 51.633134462603358 ], [ -0.101572717564174, 51.633163893889382 ], [ -0.101545473965112, 51.633169549903016 ], [ -0.10143670085878, 51.633089601016039 ], [ -0.101389310485161, 51.633032128158042 ], [ -0.101320685875314, 51.632948926141069 ], [ -0.101239225274271, 51.632850121377231 ], [ -0.101195965990873, 51.632818775219235 ], [ -0.10111213335197, 51.632777887898996 ], [ -0.101056080852737, 51.63275685572146 ], [ -0.100981672924693, 51.632740067572598 ], [ -0.101070181780284, 51.63257869296104 ], [ -0.101103609799943, 51.632517771029185 ], [ -0.101147927079379, 51.63243695432061 ], [ -0.101074828337798, 51.632421005713091 ], [ -0.100986135368284, 51.632401675298183 ] ] ] } },
{ "type": "Feature", "properties": { "lsoa21cd": "E01001394", "lsoa21nm": "Enfield 035A", "msoa21cd": "E02000311", "msoa21nm": "Enfield 035", "lad22cd": "E09000010", "lad22nm": "Enfield", "index_right": 313, "GSS_CODE": "E05000205", "risk_score": 0.0010644757096074178, "allocation_hours": 0.0087475167421783868, "patrol_units": 0 }, "geometry": { "type": "Polygon", "coordinates": [ [ [ -0.104028990541642, 51.612993572648151 ], [ -0.103987122874469, 51.61297197947281 ], [ -0.103938468788494, 51.612951724366255 ], [ -0.103952807413343, 51.612952162969222 ], [ -0.103997148956479, 51.612953554150415 ], [ -0.104019161518604, 51.612954233688768 ], [ -0.10409137240107, 51.612956479967423 ], [ -0.104098509459278, 51.612956433461285 ], [ -0.104145999181767, 51.612956103958965 ], [ -0.104220874171885, 51.612928380932601 ], [ -0.104310577737429, 51.61289869436267 ], [ -0.104393929022284, 51.612986467788097 ], [ -0.104436306238263, 51.612980579147752 ], [ -0.104524886617412, 51.612951849943883 ], [ -0.104577141077638, 51.612934916280366 ], [ -0.104652394816844, 51.612904335010846 ], [ -0.104697021181547, 51.61288154985052 ], [ -0.104734887143716, 51.612857396498839 ], [ -0.104751161037331, 51.612844314662624 ], [ -0.104757756637658, 51.61284027571574 ], [ -0.104781547047663, 51.612828439379648 ], [ -0.104786310976612, 51.612826070407856 ], [ -0.104817785323747, 51.612810419526724 ], [ -0.104827903251767, 51.612805385370862 ], [ -0.104851953204031, 51.612795639461226 ], [ -0.104859901496769, 51.612792413699047 ], [ -0.10487979767129, 51.612787726364566 ], [ -0.104912589732137, 51.612777195463664 ], [ -0.104986496481075, 51.612748426683567 ], [ -0.105005460116217, 51.612739425875063 ], [ -0.105092770765823, 51.612689489549467 ], [ -0.104959261626932, 51.612443799324538 ], [ -0.104960921118843, 51.612435858830992 ], [ -0.104973362798076, 51.612376412965112 ], [ -0.104973094063809, 51.612356508347268 ], [ -0.104975025968029, 51.612349309634908 ], [ -0.104975331596579, 51.612337462532835 ], [ -0.104975813585055, 51.612313993748984 ], [ -0.104977260084731, 51.612288035253016 ], [ -0.104980395116522, 51.612237728221416 ], [ -0.104979552377139, 51.612232993573549 ], [ -0.104984479511437, 51.612163237862852 ], [ -0.104980212839948, 51.612161298502478 ], [ -0.104912850807076, 51.612130741945897 ], [ -0.104887959025124, 51.612119440935778 ], [ -0.104840491808584, 51.612105032471185 ], [ -0.104798563683899, 51.612098078296732 ], [ -0.104760365471665, 51.612091732913704 ], [ -0.104655029836185, 51.612094176381675 ], [ -0.104647116205677, 51.612095532260085 ], [ -0.104436145764561, 51.612131869637139 ], [ -0.104454475035083, 51.611851358760177 ], [ -0.104454814570765, 51.611846328477803 ], [ -0.104456030334057, 51.61182754492178 ], [ -0.104499379747148, 51.611828110579168 ], [ -0.104585991976719, 51.611829240446497 ], [ -0.104658587410698, 51.611830188717413 ], [ -0.104776856813692, 51.611831722073873 ], [ -0.104838423938877, 51.611832519016389 ], [ -0.104842789171534, 51.611831744257024 ], [ -0.104869794256634, 51.611832180582873 ], [ -0.104906830627765, 51.611832778975817 ], [ -0.104923253466354, 51.611833624326863 ], [ -0.105011836459379, 51.611834772231518 ], [ -0.105047925089162, 51.611835238366517 ], [ -0.105105666599534, 51.611835991348521 ], [ -0.105112883352961, 51.611836107935275 ], [ -0.105120100106437, 51.611836224521582 ], [ -0.10514177394269, 51.611836008134787 ], [ -0.105154460033655, 51.611835889346608 ], [ -0.105230997021566, 51.611835138418321 ], [ -0.105294927030623, 51.611832259412139 ], [ -0.105314634116718, 51.611833836689485 ], [ -0.105318941658772, 51.611834169748825 ], [ -0.105337561609793, 51.611833932771546 ], [ -0.105407362504517, 51.61183341912858 ], [ -0.105466878481852, 51.611832833743549 ], [ -0.10554093083001, 51.611826368250696 ], [ -0.105552651695567, 51.611825392137291 ], [ -0.105551970351557, 51.611605440395074 ], [ -0.105555818762309, 51.611538329010607 ], [ -0.105551322310488, 51.611536358981617 ], [ -0.105545449387958, 51.611533800196661 ], [ -0.105348306730117, 51.611541114575452 ], [ -0.105327486171613, 51.611538705499136 ], [ -0.105310270522032, 51.61153661093541 ], [ -0.105233667252862, 51.611536884236259 ], [ -0.105224451623853, 51.611536906222405 ], [ -0.105178888054433, 51.611542347981413 ], [ -0.105171900035334, 51.611542289047669 ], [ -0.105153302123057, 51.61154217294952 ], [ -0.105146762902367, 51.611542782209106 ], [ -0.10514143889514, 51.611543343656592 ], [ -0.105070767648045, 51.611542327845733 ], [ -0.105060178869806, 51.611540987761025 ], [ -0.105052995094034, 51.611540080367902 ], [ -0.105012588318596, 51.611539958119003 ], [ -0.104980442322092, 51.611539852417728 ], [ -0.104973602330405, 51.611539013521067 ], [ -0.10494400198122, 51.611535351960327 ], [ -0.104922817099348, 51.611534928751972 ], [ -0.104894763589196, 51.611531579928744 ], [ -0.104887254472654, 51.611531548528411 ], [ -0.104800612462933, 51.611531146780344 ], [ -0.104781435536853, 51.611531061733572 ], [ -0.104712098275536, 51.611538590299944 ], [ -0.104702868795131, 51.61153721099835 ], [ -0.104629105671751, 51.611533793436188 ], [ -0.104598131520876, 51.611535374664797 ], [ -0.104540590999591, 51.611532232683366 ], [ -0.104522852296888, 51.611531253606529 ], [ -0.104511720439089, 51.611531856056416 ], [ -0.104506653772848, 51.611532133875635 ], [ -0.104488846273009, 51.611531072749848 ], [ -0.10447986261823, 51.611529686612293 ], [ -0.104453199576621, 51.611525550833328 ], [ -0.104446995083772, 51.611525405601768 ], [ -0.104353207523903, 51.611523179480209 ], [ -0.104348604765339, 51.611523069122448 ], [ -0.104333381556294, 51.611524459714872 ], [ -0.104284753130762, 51.611523035320282 ], [ -0.104266490668857, 51.611524574616915 ], [ -0.104225892733156, 51.611528001023565 ], [ -0.104200209289704, 51.611530166739918 ], [ -0.104186844873161, 51.611529582041229 ], [ -0.104180356954404, 51.611529306320286 ], [ -0.104157913666728, 51.61153066112329 ], [ -0.104152845875722, 51.611530965886416 ], [ -0.10410746039933, 51.611528316907567 ], [ -0.104085675282786, 51.611527047548236 ], [ -0.104064144836989, 51.611527985450905 ], [ -0.104057633705407, 51.611528266879702 ], [ -0.104013724902192, 51.611524841405711 ], [ -0.104005165110053, 51.611524028607192 ], [ -0.103995252456495, 51.611522060891197 ], [ -0.103956164285198, 51.611519756443087 ], [ -0.103914194306053, 51.611517288494682 ], [ -0.103869517829783, 51.611519461844182 ], [ -0.10382047048029, 51.611521852275025 ], [ -0.103814305783045, 51.611522831709323 ], [ -0.103797664309401, 51.611523596810535 ], [ -0.103789893352246, 51.611523956774647 ], [ -0.103772615310395, 51.611524747551087 ], [ -0.103746607382998, 51.611522915275579 ], [ -0.103742172006915, 51.611522600773718 ], [ -0.103688394785036, 51.611524465060057 ], [ -0.103675912172519, 51.611524901713629 ], [ -0.103641974857367, 51.611518220181658 ], [ -0.103617805972817, 51.611516273731233 ], [ -0.103602518901632, 51.61151503740156 ], [ -0.103567712579129, 51.611512226535638 ], [ -0.103475134773144, 51.611515560417665 ], [ -0.103429112342998, 51.611516828778349 ], [ -0.103409261208566, 51.611517326107162 ], [ -0.103385116420032, 51.611515321547316 ], [ -0.103335246212997, 51.611516488985664 ], [ -0.103310247800386, 51.611517118883505 ], [ -0.103297829901125, 51.611518775020272 ], [ -0.103241493207828, 51.611513435227195 ], [ -0.103194748002035, 51.611508758589189 ], [ -0.103171746638243, 51.611506349830847 ], [ -0.103120508015263, 51.611502751530509 ], [ -0.103067812443677, 51.611504133943932 ], [ -0.103034932854534, 51.611504996021999 ], [ -0.103011158371344, 51.611508487265006 ], [ -0.103006159569806, 51.611509215739659 ], [ -0.102937793683557, 51.61150538981579 ], [ -0.102908978135645, 51.611506812173829 ], [ -0.102849008924352, 51.611502861223762 ], [ -0.102808582564347, 51.611504248630006 ], [ -0.102782033136019, 51.611505186048674 ], [ -0.102777316157228, 51.611505910079664 ], [ -0.102772728784549, 51.611506123637085 ], [ -0.102689190318543, 51.611500914604008 ], [ -0.102679921829841, 51.611500472423778 ], [ -0.10265126955019, 51.611502135659585 ], [ -0.102592166103162, 51.611498724640853 ], [ -0.102579010907075, 51.611497972286323 ], [ -0.102556047799866, 51.611498976661224 ], [ -0.102545731318231, 51.61149942125855 ], [ -0.102310514235301, 51.61148201932145 ], [ -0.102305227165981, 51.611484811366807 ], [ -0.102273182950531, 51.611501764354806 ], [ -0.102275011365017, 51.611484484363316 ], [ -0.102298769050016, 51.611349442392225 ], [ -0.102312872147988, 51.611269278031372 ], [ -0.102314890918255, 51.611220868344375 ], [ -0.102315870134145, 51.611197386905182 ], [ -0.102257762226641, 51.611205439211268 ], [ -0.102253082467986, 51.611205444426687 ], [ -0.102033893341737, 51.611205485811695 ], [ -0.101959511312093, 51.611205496156579 ], [ -0.101904323865757, 51.611205511330745 ], [ -0.101867796595586, 51.611205531705558 ], [ -0.101852328800189, 51.6112055151943 ], [ -0.101762665486578, 51.611205538896762 ], [ -0.101741824011123, 51.611205543313609 ], [ -0.101703376365536, 51.611205550542778 ], [ -0.101687257948332, 51.61120555045725 ], [ -0.101643928479119, 51.611205559589244 ], [ -0.101568722510357, 51.61120558320146 ], [ -0.101511917442524, 51.61120558963605 ], [ -0.101489125835476, 51.6112055982695 ], [ -0.101483709571937, 51.611205600491353 ], [ -0.101455386609456, 51.611205600483743 ], [ -0.101418599692807, 51.611205607291673 ], [ -0.101390666431753, 51.611205613578917 ], [ -0.101365376352397, 51.611205617699611 ], [ -0.10130807980259, 51.611205634061598 ], [ -0.101290083449967, 51.611205639378454 ], [ -0.101217852672866, 51.611205656644657 ], [ -0.101188966435658, 51.611205656443097 ], [ -0.101092716468668, 51.61120568030686 ], [ -0.101080641922827, 51.611205682582998 ], [ -0.101028501838874, 51.611205692397498 ], [ -0.100950089834404, 51.611205699309721 ], [ -0.100918704751275, 51.611205703529912 ], [ -0.10084358543144, 51.611205718741282 ], [ -0.100798999251276, 51.611205724916907 ], [ -0.100734004848753, 51.611205733207761 ], [ -0.100611237229747, 51.611205758754892 ], [ -0.100601337487355, 51.611185491236135 ], [ -0.100518080335397, 51.611015416879582 ], [ -0.100457176637816, 51.610921583001485 ], [ -0.100590125414146, 51.610953403013795 ], [ -0.10066214130604, 51.610984478593288 ], [ -0.100670812602504, 51.610980887193357 ], [ -0.100836815561346, 51.610912149136709 ], [ -0.100841275754916, 51.610904254063705 ], [ -0.10086925605884, 51.610854664247654 ], [ -0.100871908536982, 51.61084578669162 ], [ -0.100885556600463, 51.610799943883002 ], [ -0.100885713320848, 51.610766597882332 ], [ -0.100884160055581, 51.610760556766806 ], [ -0.100872457137757, 51.61071652895933 ], [ -0.100829822623794, 51.610645382428935 ], [ -0.100833235329747, 51.610639053062009 ], [ -0.100837571598085, 51.610631012102679 ], [ -0.10084681614549, 51.610600704383799 ], [ -0.100853390849946, 51.61058730420627 ], [ -0.100871870555895, 51.610549754275688 ], [ -0.100875504408523, 51.610545047132838 ], [ -0.10091829987378, 51.610489645358491 ], [ -0.100917155394981, 51.610485921926788 ], [ -0.100910514340735, 51.610467514699295 ], [ -0.10089846286672, 51.610400172787024 ], [ -0.100901887766079, 51.610391127892889 ], [ -0.100903913911881, 51.61038583717535 ], [ -0.100911237848201, 51.610333197039772 ], [ -0.10090959733462, 51.610320594510469 ], [ -0.100909983031551, 51.610311352011934 ], [ -0.1009110068056, 51.610286819176643 ], [ -0.100908740781698, 51.610275362046487 ], [ -0.100906833874256, 51.610265682247977 ], [ -0.100907993776403, 51.610237887354209 ], [ -0.100906184873181, 51.610230358341227 ], [ -0.100904056587291, 51.610221484278185 ], [ -0.100902284609295, 51.610214108735057 ], [ -0.100844762157513, 51.610093073658852 ], [ -0.100837871771672, 51.610088429843884 ], [ -0.100406082052917, 51.610128078568437 ], [ -0.100397107497945, 51.610128904346062 ], [ -0.100364956739145, 51.610142078946417 ], [ -0.100351482326461, 51.61014759781694 ], [ -0.100188478931824, 51.610059078569066 ], [ -0.100094803724268, 51.610008209955609 ], [ -0.100093813186962, 51.610005298330215 ], [ -0.100043215679266, 51.609858036086784 ], [ -0.100038232658504, 51.609843513434527 ], [ -0.099544638837975, 51.609964564341119 ], [ -0.099533913521341, 51.609967196136452 ], [ -0.099414708934569, 51.60991379989774 ], [ -0.099411022794358, 51.609912148475367 ], [ -0.099292930341491, 51.609902329654531 ], [ -0.099283906030134, 51.609901580857695 ], [ -0.099269367702193, 51.60990023908834 ], [ -0.099223160658056, 51.609853844192088 ], [ -0.099223017217806, 51.609851054201023 ], [ -0.099221955508541, 51.609829446068844 ], [ -0.099221748025307, 51.60982542307115 ], [ -0.099358647054676, 51.609433340684426 ], [ -0.099392243957614, 51.609434640705416 ], [ -0.099436213458976, 51.609448495992432 ], [ -0.099610460374298, 51.609503382455586 ], [ -0.099615857096612, 51.609504189330416 ], [ -0.099644621000552, 51.609508477369452 ], [ -0.099800109585698, 51.609531662283523 ], [ -0.099869924068361, 51.609542065031398 ], [ -0.099966815890025, 51.609570172099325 ], [ -0.099804910061648, 51.609416690462588 ], [ -0.099792323224507, 51.609404760279929 ], [ -0.099805573060656, 51.609400811518562 ], [ -0.099812607536679, 51.60939871338455 ], [ -0.099954932530756, 51.609356318508453 ], [ -0.099965301563662, 51.60935322228849 ], [ -0.099995475593338, 51.609349331966726 ], [ -0.100173615857563, 51.609326356472152 ], [ -0.100186369198474, 51.609325996609776 ], [ -0.100203923598737, 51.609325489732797 ], [ -0.100277007168033, 51.609329191876228 ], [ -0.100299439916089, 51.609333260265068 ], [ -0.10042020149814, 51.609355225207366 ], [ -0.100447862986683, 51.609362741467649 ], [ -0.100470040805483, 51.609368766049847 ], [ -0.10050385294454, 51.609379960950584 ], [ -0.100600379008234, 51.609367348189792 ], [ -0.100681135174658, 51.609362833872879 ], [ -0.100702566549606, 51.609363558749408 ], [ -0.10075582784397, 51.609365356793475 ], [ -0.100780331156192, 51.609366185374881 ], [ -0.100951576209518, 51.60938730395074 ], [ -0.100977976352896, 51.609393900405969 ], [ -0.100982750411043, 51.60939509280022 ], [ -0.100992808032024, 51.609393574120006 ], [ -0.101018039240953, 51.60938976533884 ], [ -0.101025248157052, 51.609388677114644 ], [ -0.101064660780287, 51.609378146851611 ], [ -0.101084904693903, 51.609374275261786 ], [ -0.101106591791633, 51.609370256186601 ], [ -0.101238237655149, 51.609355149791625 ], [ -0.101366809478101, 51.609351065884582 ], [ -0.101381699358498, 51.609351421221625 ], [ -0.10143744217848, 51.609352242994561 ], [ -0.10144678825424, 51.609353239634508 ], [ -0.101570686308833, 51.609366504506376 ], [ -0.101575330484073, 51.609367002353707 ], [ -0.101686327341939, 51.609364770378427 ], [ -0.101703960310897, 51.609348527631276 ], [ -0.101714518456193, 51.609338815802964 ], [ -0.101759300440752, 51.609284551705834 ], [ -0.101778047963411, 51.60925370524955 ], [ -0.101802984016908, 51.609212644597655 ], [ -0.101804667892503, 51.609202744175832 ], [ -0.101821751017293, 51.609102727763094 ], [ -0.101830333971689, 51.609052418978273 ], [ -0.101822878844293, 51.609020977590269 ], [ -0.101818258313641, 51.609001735385114 ], [ -0.10181634315475, 51.608997617317314 ], [ -0.101821802025952, 51.608993470216795 ], [ -0.101881827149527, 51.608948215926354 ], [ -0.101932286752848, 51.608925926416433 ], [ -0.101988300327988, 51.608922660385282 ], [ -0.102062961154407, 51.608918302250771 ], [ -0.102133438135885, 51.608908642757569 ], [ -0.102347380917684, 51.608878994263819 ], [ -0.102354818358969, 51.608877963565021 ], [ -0.102389189890853, 51.608872449772143 ], [ -0.102411959165972, 51.60886878954237 ], [ -0.102541449208336, 51.608847998714801 ], [ -0.102660150291188, 51.608828948634724 ], [ -0.102690138959311, 51.608802456522163 ], [ -0.102696092663183, 51.608802372985437 ], [ -0.102721150551001, 51.60880201398205 ], [ -0.10275869427182, 51.60880147027337 ], [ -0.102794464256097, 51.608800169475558 ], [ -0.103030883039778, 51.608791539028076 ], [ -0.103057885293499, 51.608797200346785 ], [ -0.103125936961834, 51.608811420897894 ], [ -0.10313611651621, 51.608813554869982 ], [ -0.103107575302668, 51.609015819054925 ], [ -0.103112104327516, 51.609040387748536 ], [ -0.103113658267003, 51.609048497096808 ], [ -0.103174362379705, 51.609157577143648 ], [ -0.103177922974893, 51.609163974407423 ], [ -0.103240042404434, 51.609228708537486 ], [ -0.103244983632092, 51.60923386019055 ], [ -0.103189895038703, 51.609258067225397 ], [ -0.103167160331232, 51.609270423869944 ], [ -0.103157430213335, 51.609274483968989 ], [ -0.103148493693196, 51.609278215188674 ], [ -0.10313062102325, 51.609285668639593 ], [ -0.103070386138163, 51.609321941194885 ], [ -0.103065812778013, 51.609325635066142 ], [ -0.103044007773587, 51.609343231340105 ], [ -0.103010619573085, 51.609370190251511 ], [ -0.102974334683533, 51.609409817632439 ], [ -0.102971382510545, 51.609415156363376 ], [ -0.102937080476881, 51.60947702716642 ], [ -0.102933871112175, 51.609534787743549 ], [ -0.102933470812992, 51.609543351077569 ], [ -0.102965444440475, 51.609652191328557 ], [ -0.102966809889892, 51.609656853519674 ], [ -0.102996615151368, 51.60967496979228 ], [ -0.103030225411339, 51.609674218482901 ], [ -0.103218283941041, 51.609670011999633 ], [ -0.103237033279841, 51.609669595816293 ], [ -0.103246025104722, 51.609669390524679 ], [ -0.103289508709149, 51.609668421127154 ], [ -0.103383473011713, 51.609666316665212 ], [ -0.103419771887447, 51.609665509803961 ], [ -0.103477436933313, 51.609664221114443 ], [ -0.103549717156703, 51.609662602188529 ], [ -0.103611906786727, 51.609661215735173 ], [ -0.103658123051796, 51.609660173482808 ], [ -0.103725141104428, 51.609658676195131 ], [ -0.103766557429493, 51.609657754130041 ], [ -0.103773785450476, 51.609657592221652 ], [ -0.103853293678771, 51.609655811199929 ], [ -0.10390800954233, 51.609654591522769 ], [ -0.103915497727861, 51.609654424819055 ], [ -0.103940029922545, 51.609653868205712 ], [ -0.104041236258419, 51.60965161051783 ], [ -0.104073487935112, 51.609650881910859 ], [ -0.104083043757827, 51.609650658694733 ], [ -0.104108602177693, 51.60965008266497 ], [ -0.104135187199663, 51.609649478261581 ], [ -0.104176055064926, 51.609648547186758 ], [ -0.104236380585693, 51.609647184226525 ], [ -0.104253569293528, 51.60964678761826 ], [ -0.104290996527169, 51.60964593577863 ], [ -0.104295680250021, 51.609645831631916 ], [ -0.104344802730741, 51.609644710187879 ], [ -0.104359258766525, 51.609644386299408 ], [ -0.104424311674303, 51.609642910806535 ], [ -0.104460452135675, 51.609642092071155 ], [ -0.104503820987485, 51.609641102384941 ], [ -0.104547189837885, 51.609640112682676 ], [ -0.104569553354024, 51.609639610815073 ], [ -0.104636138751286, 51.60963809702357 ], [ -0.104713436460912, 51.609636333652858 ], [ -0.104727892492758, 51.609636009718997 ], [ -0.104797542506838, 51.609634428455777 ], [ -0.104857998269447, 51.609633058288559 ], [ -0.104937521989734, 51.609631249806348 ], [ -0.105002878707305, 51.60962976091713 ], [ -0.105024244853964, 51.60962927881851 ], [ -0.105063059862744, 51.609628395200104 ], [ -0.105156779433036, 51.6096262673816 ], [ -0.105204947818784, 51.609625166133981 ], [ -0.1052121758321, 51.609625004137015 ], [ -0.105291685098534, 51.60962319518169 ], [ -0.105382672358661, 51.609621130953741 ], [ -0.105382448611032, 51.609624076861472 ], [ -0.105388094954262, 51.609625480966862 ], [ -0.105429692657525, 51.609624363411733 ], [ -0.105472374714632, 51.609893459343816 ], [ -0.105478420525488, 51.60991267493673 ], [ -0.105491511082405, 51.610049571536969 ], [ -0.105493121117953, 51.610066404421261 ], [ -0.105489487660679, 51.610068512911091 ], [ -0.105507839514354, 51.610267929025682 ], [ -0.105514552159093, 51.610340858259789 ], [ -0.105521876873513, 51.610511832998476 ], [ -0.105535832683311, 51.610503583034124 ], [ -0.105592200684959, 51.61049028091432 ], [ -0.105609597819225, 51.610486272506101 ], [ -0.105745935911778, 51.610480767937737 ], [ -0.105775969344419, 51.610479562398133 ], [ -0.105862757722501, 51.610476054112709 ], [ -0.105956808334593, 51.610472258376532 ], [ -0.106087012137786, 51.610467005059782 ], [ -0.106103651557953, 51.610466626283056 ], [ -0.106188206862516, 51.610464718324401 ], [ -0.106205091270035, 51.610464352481422 ], [ -0.106246046421781, 51.61046342208251 ], [ -0.106382008446819, 51.610460356649284 ], [ -0.106403346098114, 51.610459873832745 ], [ -0.106448421032827, 51.610458857003671 ], [ -0.106535130212313, 51.610456902635896 ], [ -0.106668388732774, 51.610453901136886 ], [ -0.106723091803342, 51.610452661939455 ], [ -0.106770696631732, 51.610451586906947 ], [ -0.106802601693794, 51.610450869930339 ], [ -0.106854644956903, 51.610449686656239 ], [ -0.10687267144015, 51.610449294188996 ], [ -0.106911024128215, 51.610448429462529 ], [ -0.107004990654726, 51.610446304124821 ], [ -0.107012218791288, 51.610446142016684 ], [ -0.107055587609857, 51.610445169358712 ], [ -0.107100272455463, 51.610444154976449 ], [ -0.107149582992507, 51.610443044371081 ], [ -0.107221835856321, 51.610441413728708 ], [ -0.107229063991731, 51.610441251607227 ], [ -0.107315801987426, 51.610439297128558 ], [ -0.107323030122335, 51.610439135001307 ], [ -0.107354602836443, 51.61043842150432 ], [ -0.107368842235607, 51.610438102737525 ], [ -0.10739669966285, 51.610437473157234 ], [ -0.107549517844807, 51.61043402191612 ], [ -0.107574534493367, 51.610433458863852 ], [ -0.107597700715393, 51.610432937890344 ], [ -0.10761217141527, 51.610432613833538 ], [ -0.107617621661755, 51.61043248595039 ], [ -0.107673003796776, 51.610431239282129 ], [ -0.107713539222995, 51.610430328577458 ], [ -0.107738491106449, 51.61042975994917 ], [ -0.107777841148375, 51.610428875060549 ], [ -0.107792861425051, 51.610428532870408 ], [ -0.107915740043795, 51.610425767160756 ], [ -0.10793742443883, 51.610425280666853 ], [ -0.107967320283833, 51.610424602901979 ], [ -0.108096444446111, 51.610421685963111 ], [ -0.108113864349516, 51.610421292513742 ], [ -0.108166109251671, 51.610420120903811 ], [ -0.108217400446624, 51.610418960865573 ], [ -0.108248235931108, 51.610418262214992 ], [ -0.108298832839929, 51.610417126912928 ], [ -0.108356658249862, 51.610415820411745 ], [ -0.108385571140686, 51.610415162657276 ], [ -0.108429923233823, 51.610414160387869 ], [ -0.108503968721687, 51.610412485927924 ], [ -0.108542393529005, 51.610411621832149 ], [ -0.108551804416924, 51.610411413897111 ], [ -0.108690708388103, 51.610408271837763 ], [ -0.108748266021941, 51.610406978810893 ], [ -0.108848173947558, 51.610404718494706 ], [ -0.108877086454333, 51.610404069605558 ], [ -0.108980340860953, 51.610401737239698 ], [ -0.109083609692778, 51.610399405015684 ], [ -0.109108387606743, 51.610398851276763 ], [ -0.109125485076346, 51.610400655624971 ], [ -0.109140770698593, 51.610402268897793 ], [ -0.109324083906833, 51.610421599195568 ], [ -0.109376153146075, 51.610427087606233 ], [ -0.109446642885861, 51.610434518521615 ], [ -0.109511020977105, 51.610441311340999 ], [ -0.109696390601607, 51.610460863037503 ], [ -0.109712337948672, 51.610462540854293 ], [ -0.10974253191548, 51.610465637966961 ], [ -0.109593758475436, 51.610883282885723 ], [ -0.109638290495962, 51.610888388910631 ], [ -0.109683756208151, 51.610893617875313 ], [ -0.109696294554697, 51.610920689322683 ], [ -0.109730653761477, 51.610973893725117 ], [ -0.109713883368202, 51.611001410056247 ], [ -0.109746838428804, 51.611024098499612 ], [ -0.110134436549567, 51.61129098977672 ], [ -0.110032724085536, 51.611391936506337 ], [ -0.110028484154791, 51.611409169615868 ], [ -0.110031628033078, 51.611421800678279 ], [ -0.110076812361808, 51.611603330451295 ], [ -0.110077873978302, 51.611610109861111 ], [ -0.110014221969982, 51.611653425890637 ], [ -0.110018694490937, 51.611708828354764 ], [ -0.110036766327455, 51.611932671253122 ], [ -0.110037606464785, 51.611943044064525 ], [ -0.109993641767712, 51.611964241205655 ], [ -0.11008066609022, 51.612285441039354 ], [ -0.110093828058552, 51.61233402336341 ], [ -0.109848880746305, 51.612322954444252 ], [ -0.109737312786738, 51.612317919268833 ], [ -0.109685616288339, 51.61231557542331 ], [ -0.109608719574122, 51.612312106025826 ], [ -0.109599500617101, 51.612311683179719 ], [ -0.109464931587113, 51.612305607109022 ], [ -0.109247822435797, 51.612295794930652 ], [ -0.109166918458992, 51.612292134753112 ], [ -0.109028027489871, 51.612291181635968 ], [ -0.109013991978434, 51.612291099241908 ], [ -0.108919522817489, 51.612294459106444 ], [ -0.108834494525172, 51.612297593429076 ], [ -0.108820926226301, 51.612298085067877 ], [ -0.108785891562293, 51.612300573122859 ], [ -0.108643122512381, 51.612310739108864 ], [ -0.108609607663409, 51.612313148205111 ], [ -0.108505858616045, 51.612326582493154 ], [ -0.108480184450175, 51.612329909323975 ], [ -0.108439349608376, 51.612335203800953 ], [ -0.108399884190513, 51.612341257727579 ], [ -0.108297621736868, 51.612356972907762 ], [ -0.108290353330902, 51.612358096641067 ], [ -0.108224833418782, 51.61237071742768 ], [ -0.108199993944116, 51.612375505441506 ], [ -0.10817413507043, 51.612380946045548 ], [ -0.107933631898618, 51.612426845316293 ], [ -0.107917106512224, 51.61243002285098 ], [ -0.107896096301926, 51.612434072244191 ], [ -0.107864471979577, 51.612440162553497 ], [ -0.107634723228026, 51.612494628241173 ], [ -0.107618196018488, 51.612498543084648 ], [ -0.107460478572644, 51.61253593386747 ], [ -0.107404615093318, 51.612549213583563 ], [ -0.107389617649496, 51.6125540253446 ], [ -0.107320989134577, 51.61257608699173 ], [ -0.107308384674736, 51.612580141525051 ], [ -0.107303348813223, 51.612581759836594 ], [ -0.107254307534704, 51.612597523568333 ], [ -0.107142566393906, 51.612633443678511 ], [ -0.107059840340039, 51.612660030181182 ], [ -0.106991607025851, 51.612681958635946 ], [ -0.106975108350664, 51.612687267678922 ], [ -0.106959415120209, 51.612692310953108 ], [ -0.106819288194905, 51.612737349589253 ], [ -0.106756383346866, 51.612757565425483 ], [ -0.106744964568289, 51.612761238874157 ], [ -0.106716842364302, 51.612770280971588 ], [ -0.106628947778231, 51.612798537278813 ], [ -0.106508612618731, 51.612837213644269 ], [ -0.106500165753187, 51.612839927891429 ], [ -0.106494456531291, 51.612841760110243 ], [ -0.106476010745736, 51.612847694101035 ], [ -0.106312576973358, 51.61290022428738 ], [ -0.10615999074792, 51.612949264974624 ], [ -0.106107215522136, 51.612966231390679 ], [ -0.105908953438679, 51.613029960794528 ], [ -0.105875501790785, 51.613040724117546 ], [ -0.105866498883407, 51.61304360919015 ], [ -0.105855870619844, 51.613047025546749 ], [ -0.105833618742149, 51.613054174904185 ], [ -0.105809419840932, 51.613061949263944 ], [ -0.105721568224979, 51.613090187619143 ], [ -0.105693314229709, 51.613099263319427 ], [ -0.105679582181163, 51.613103681651197 ], [ -0.105669290734157, 51.613106986529147 ], [ -0.105633408213802, 51.613119239241797 ], [ -0.105606229244649, 51.613128512132171 ], [ -0.105597555291016, 51.613131474436905 ], [ -0.105491329729125, 51.613167724892051 ], [ -0.105423366965121, 51.613190924763742 ], [ -0.105387550392968, 51.613203151491241 ], [ -0.105330290925779, 51.613222693411245 ], [ -0.105312019765072, 51.613228935787703 ], [ -0.105260020605237, 51.613246674230133 ], [ -0.105251405092566, 51.613249619469144 ], [ -0.105240826615869, 51.613253225417104 ], [ -0.105217456826334, 51.613261201892378 ], [ -0.105208343443989, 51.613264309942345 ], [ -0.105196738867015, 51.613268276993722 ], [ -0.105156856505301, 51.613281885758227 ], [ -0.10515188967193, 51.613283577034586 ], [ -0.105097018298741, 51.613302303139598 ], [ -0.105063890234884, 51.613313611011527 ], [ -0.105057648553465, 51.613315740303612 ], [ -0.105021692424559, 51.613328018622795 ], [ -0.104902432896817, 51.613368720574506 ], [ -0.104894586913473, 51.613371394958818 ], [ -0.104879070397591, 51.613376692605897 ], [ -0.104837107161658, 51.613391014018141 ], [ -0.104748513765813, 51.61342125398761 ], [ -0.104741444183214, 51.613423666637146 ], [ -0.104661839934247, 51.61345083249077 ], [ -0.104656814206543, 51.613452549772482 ], [ -0.10458629408336, 51.613476616087681 ], [ -0.104538425791374, 51.61349295520133 ], [ -0.104507202334336, 51.61350361027197 ], [ -0.104484784734928, 51.61351126027963 ], [ -0.104437707415698, 51.613527333369518 ], [ -0.104418937775845, 51.613533747404354 ], [ -0.104400373951059, 51.6135400748379 ], [ -0.104304747579549, 51.613572700725484 ], [ -0.104287216299886, 51.61357868513106 ], [ -0.104275860691607, 51.613582566193244 ], [ -0.104267084410357, 51.613585553726047 ], [ -0.104162394855143, 51.613621288290567 ], [ -0.104104152693677, 51.613641164452218 ], [ -0.104081690913188, 51.613648831655887 ], [ -0.104076225756276, 51.613650694682498 ], [ -0.104071874062784, 51.613652180038372 ], [ -0.103986803882808, 51.613681208460996 ], [ -0.103971169819317, 51.613686549053682 ], [ -0.103942510265407, 51.613696328191942 ], [ -0.103924546723208, 51.61370245842928 ], [ -0.103879982103663, 51.613717668177422 ], [ -0.103801732056051, 51.613744374258964 ], [ -0.103775944206255, 51.613753174641246 ], [ -0.103751167279219, 51.613761631662591 ], [ -0.10373116701376, 51.613768457333904 ], [ -0.103725042183417, 51.613770552476367 ], [ -0.103691401156252, 51.613782022535915 ], [ -0.103672455858395, 51.613788487569749 ], [ -0.103578300461599, 51.61382062409357 ], [ -0.103565025404272, 51.613825157482538 ], [ -0.103548351067813, 51.61383084989231 ], [ -0.103523603302384, 51.613839298346036 ], [ -0.103443206604316, 51.613866729350605 ], [ -0.103423718935814, 51.613873383409988 ], [ -0.103404392659199, 51.61387997712859 ], [ -0.103379981696869, 51.613888314096812 ], [ -0.103339614849096, 51.613902085284394 ], [ -0.103303826632847, 51.613914298364136 ], [ -0.103249195522253, 51.613932942086834 ], [ -0.103242909626234, 51.61393508855511 ], [ -0.103092723161086, 51.613986344838416 ], [ -0.103085323771316, 51.613988868959453 ], [ -0.103027901008643, 51.614008470094937 ], [ -0.103001900579109, 51.614017338813802 ], [ -0.102892132742493, 51.614054788640644 ], [ -0.102876849723534, 51.614060017867416 ], [ -0.102835940650599, 51.614073968958657 ], [ -0.102825247644377, 51.614077541369241 ], [ -0.102711769298653, 51.61411546607048 ], [ -0.102630062647801, 51.614142767436718 ], [ -0.102620072757046, 51.614146103909853 ], [ -0.102465667731035, 51.614197695837234 ], [ -0.102379287697205, 51.614226567052349 ], [ -0.102371114223677, 51.614229294425805 ], [ -0.102357066802029, 51.6142339860437 ], [ -0.102344919472268, 51.614237933249903 ], [ -0.102320226960349, 51.614209928758228 ], [ -0.102292482907763, 51.614182502565576 ], [ -0.102181507019142, 51.614072797727388 ], [ -0.102141577875304, 51.613991219646799 ], [ -0.102140789377313, 51.613985883358488 ], [ -0.102124142464161, 51.61387247999459 ], [ -0.102119766751704, 51.613842680154001 ], [ -0.102166066015288, 51.613769448360969 ], [ -0.102205631877254, 51.613738525002319 ], [ -0.102254744448492, 51.613739130744563 ], [ -0.102440073692389, 51.613725951551004 ], [ -0.10252882247995, 51.613702253313114 ], [ -0.10258482336736, 51.613680723024828 ], [ -0.10276581359697, 51.613579688848063 ], [ -0.102774156227164, 51.613570129924064 ], [ -0.102779465546555, 51.613564037985711 ], [ -0.102823442859646, 51.613529489883526 ], [ -0.102927025778186, 51.613428165665397 ], [ -0.102957057115016, 51.613403499479702 ], [ -0.102970676176464, 51.613388981113431 ], [ -0.102974428868837, 51.613384194874534 ], [ -0.10298215285367, 51.613382197573465 ], [ -0.10301544293066, 51.613373599626556 ], [ -0.103119109021819, 51.613341635348327 ], [ -0.103209656695599, 51.61330732763831 ], [ -0.103265979605283, 51.613275281081449 ], [ -0.103273548231161, 51.61327527757291 ], [ -0.103473132317088, 51.613275240440586 ], [ -0.103501779248491, 51.613272691142555 ], [ -0.103688229186243, 51.61324227163157 ], [ -0.103730968407922, 51.613230130350289 ], [ -0.103811646089467, 51.613201471746194 ], [ -0.103854566326221, 51.613181518911922 ], [ -0.103943076039503, 51.613130586644502 ], [ -0.104021443982509, 51.613075893406176 ], [ -0.104072774291022, 51.613020484335927 ], [ -0.104028990541642, 51.612993572648151 ] ] ] } },
{ "type": "Feature", "properties": { "lsoa21cd": "E01001570", "lsoa21nm": "Enfield 026E", "msoa21cd": "E02000302", "msoa21nm": "Enfield 026", "lad22cd": "E09000010", "lad22nm": "Enfield", "index_right": 313, "GSS_CODE": "E05000205", "risk_score": 9.0892916086888444, "allocation_hours": 74.692855650853943, "patrol_units": 37 }, "geometry": { "type": "Polygon", "coordinates": [ [ [ -0.087844523694615, 51.631508989291675 ], [ -0.087875718920103, 51.631418015646211 ], [ -0.087895348410509, 51.631380560055 ], [ -0.087896809391063, 51.631377778219424 ], [ -0.087900828068093, 51.63137008772145 ], [ -0.087916058137319, 51.631341025025712 ], [ -0.087922344207885, 51.631329005642854 ], [ -0.087927926652111, 51.631322370267355 ], [ -0.087938438083183, 51.63130986221703 ], [ -0.087942903196611, 51.631304539514453 ], [ -0.087946911276534, 51.631299775887939 ], [ -0.08798962708528, 51.631248927290557 ], [ -0.087993126071743, 51.63124475786033 ], [ -0.088015517677259, 51.63121811843601 ], [ -0.08808308169277, 51.631158115786995 ], [ -0.088111212384265, 51.631133125571644 ], [ -0.088116581723576, 51.631129490196543 ], [ -0.088125312407554, 51.631123580553165 ], [ -0.088140393815192, 51.631113377091971 ], [ -0.088175078290702, 51.631089905482419 ], [ -0.088183838973862, 51.63108396934657 ], [ -0.088188003508592, 51.631081150633399 ], [ -0.088197254693451, 51.631074889768954 ], [ -0.088218345022155, 51.631060616215841 ], [ -0.088308819245813, 51.630999381635831 ], [ -0.08832625049787, 51.630987588808978 ], [ -0.088333181354791, 51.630982899774864 ], [ -0.088344500128872, 51.630975233797848 ], [ -0.088352561679982, 51.630969771850928 ], [ -0.088362184779653, 51.630963256253601 ], [ -0.088415326826437, 51.630927289071863 ], [ -0.088425351389536, 51.630920503942932 ], [ -0.088467412941367, 51.630892033051886 ], [ -0.088478731670407, 51.630884367062315 ], [ -0.088517446553822, 51.630858164376562 ], [ -0.088533471961438, 51.630847499649953 ], [ -0.088540830788425, 51.630842597262465 ], [ -0.088548917954961, 51.630837212156429 ], [ -0.088582990759275, 51.630814530799142 ], [ -0.088597143423972, 51.630805103488434 ], [ -0.088610522911399, 51.630796194133943 ], [ -0.088613763396057, 51.63079404377833 ], [ -0.088632078636172, 51.630781842666984 ], [ -0.088635824056915, 51.630779367816636 ], [ -0.088646840321068, 51.630772020612739 ], [ -0.088683559284111, 51.63074757485726 ], [ -0.088709336812573, 51.630730414573385 ], [ -0.088738295523818, 51.630711138929271 ], [ -0.088743855880153, 51.630707425707811 ], [ -0.088754410491168, 51.630700403694441 ], [ -0.088794236069373, 51.630673895291636 ], [ -0.088813933039186, 51.630660790441397 ], [ -0.088819448551922, 51.6306571124559 ], [ -0.088828160075248, 51.630651310361998 ], [ -0.088867480633124, 51.630625126430004 ], [ -0.08889137050949, 51.630609212287133 ], [ -0.088902519860996, 51.630601790793428 ], [ -0.088907722486909, 51.630598337014717 ], [ -0.088929040564851, 51.6305841344982 ], [ -0.088932538089246, 51.630582055765139 ], [ -0.089018764080805, 51.630530733104649 ], [ -0.089023196050272, 51.630528080584867 ], [ -0.089029968817992, 51.630524054379499 ], [ -0.089036126844373, 51.630520386850733 ], [ -0.089048079674588, 51.630513270687132 ], [ -0.089064619104445, 51.630503432580298 ], [ -0.089112682644124, 51.630474810152471 ], [ -0.08913199406054, 51.630463308622318 ], [ -0.089135254296779, 51.63046137439413 ], [ -0.089162316781403, 51.630445260088528 ], [ -0.089176766891934, 51.630436655871826 ], [ -0.089199708944741, 51.630423001323791 ], [ -0.089229927889719, 51.630405014030721 ], [ -0.089251535958398, 51.630392156059159 ], [ -0.089264785819067, 51.630384260672102 ], [ -0.08927668690614, 51.630377170621557 ], [ -0.089299851917923, 51.630363366815125 ], [ -0.089331322670486, 51.630344644520129 ], [ -0.089339792928443, 51.630339593827941 ], [ -0.089397918865605, 51.63030498883375 ], [ -0.089408307966207, 51.630298804865113 ], [ -0.089430123378571, 51.630285824345634 ], [ -0.089437896439599, 51.630281202922504 ], [ -0.089444188135609, 51.630277447626376 ], [ -0.089515800578296, 51.630234811642005 ], [ -0.089523255237304, 51.630230373869871 ], [ -0.089530783603585, 51.63022590132784 ], [ -0.089548746428699, 51.630215196085388 ], [ -0.089576430951645, 51.630198714138452 ], [ -0.089589650687387, 51.630190845204297 ], [ -0.089608057627418, 51.630179886404619 ], [ -0.089622174180074, 51.630171479035546 ], [ -0.089628065588446, 51.630167964504274 ], [ -0.089655668558931, 51.630151530670489 ], [ -0.089666976264455, 51.630144804107381 ], [ -0.089747903046477, 51.630096618452789 ], [ -0.089790790872986, 51.630070964427091 ], [ -0.089800545088917, 51.630061838549487 ], [ -0.089814684711359, 51.63004858909985 ], [ -0.089823206129064, 51.630040603173256 ], [ -0.089837489149243, 51.630027207680662 ], [ -0.089853074023602, 51.630000214317377 ], [ -0.089854421273933, 51.629993950530981 ], [ -0.089864808692796, 51.629945911135778 ], [ -0.089865396580762, 51.62994141728872 ], [ -0.089873639367178, 51.629885077112178 ], [ -0.089878311956964, 51.629851980042297 ], [ -0.089879545463988, 51.629843268457009 ], [ -0.08984206222238, 51.629785987706107 ], [ -0.089806330722986, 51.629731374748495 ], [ -0.089758203799982, 51.629657837651756 ], [ -0.089743121062302, 51.629634787192082 ], [ -0.089741450570389, 51.629632251096169 ], [ -0.089723097173473, 51.629604174548774 ], [ -0.089684752276168, 51.629545575798218 ], [ -0.089655204226019, 51.629500429114714 ], [ -0.089647330329551, 51.629488394884476 ], [ -0.089624998678256, 51.629454255567531 ], [ -0.089619813149925, 51.629446320710706 ], [ -0.089600367894168, 51.629416107736581 ], [ -0.089582858494763, 51.629389884762112 ], [ -0.089579179642333, 51.629384258522656 ], [ -0.089542527935452, 51.629324059653747 ], [ -0.089538074382625, 51.629316757192335 ], [ -0.089526337480126, 51.629297466077489 ], [ -0.0895216338316, 51.629289754881867 ], [ -0.089504335051061, 51.629261344761048 ], [ -0.089495469774585, 51.629246776485331 ], [ -0.08949215803432, 51.629241354055232 ], [ -0.089482847295136, 51.629226041142232 ], [ -0.089478373237324, 51.629218711366619 ], [ -0.089462141807833, 51.629192063157006 ], [ -0.089460182813901, 51.629188829938492 ], [ -0.089449046523897, 51.62917054675799 ], [ -0.089422719735443, 51.629127318397956 ], [ -0.089418667637458, 51.629119919055896 ], [ -0.089405161699035, 51.629094772003256 ], [ -0.089396091227263, 51.629077871330253 ], [ -0.089391401861202, 51.62906913522076 ], [ -0.089388467067662, 51.629063682956428 ], [ -0.089379155620215, 51.629046328734169 ], [ -0.089370619980743, 51.62903045291683 ], [ -0.089348043656924, 51.62898840518038 ], [ -0.089345993753561, 51.628984585969135 ], [ -0.089323255177268, 51.628942274802526 ], [ -0.089307624122022, 51.628908918980081 ], [ -0.089305556250474, 51.628904496980716 ], [ -0.089295120744286, 51.62888226851527 ], [ -0.089288981766992, 51.628869183418104 ], [ -0.089282816941484, 51.628856025959834 ], [ -0.089270326139473, 51.628829420658519 ], [ -0.089268775241035, 51.628826104158421 ], [ -0.089245412232655, 51.628776319062538 ], [ -0.089242694746121, 51.628770510634716 ], [ -0.089241130547579, 51.628767166940101 ], [ -0.089232393852322, 51.628748518158069 ], [ -0.089220420827783, 51.628723000377995 ], [ -0.089211351171591, 51.628703680728563 ], [ -0.089204084430603, 51.628688212239432 ], [ -0.089194936855414, 51.628668684492531 ], [ -0.089191382746008, 51.628661126891345 ], [ -0.089187285824076, 51.628652391428801 ], [ -0.089180577107433, 51.628638083061738 ], [ -0.089177407681715, 51.628631341047146 ], [ -0.089175217219916, 51.62860957959213 ], [ -0.089174297503258, 51.628600536184607 ], [ -0.089173369022008, 51.62859135774746 ], [ -0.089172969318392, 51.628587466495475 ], [ -0.089166613471778, 51.628524613603076 ], [ -0.089165753312423, 51.628516043269393 ], [ -0.089163749596587, 51.628496195752433 ], [ -0.089159708688121, 51.628456266368914 ], [ -0.089157872291824, 51.628438107662667 ], [ -0.089156542191357, 51.628424912047187 ], [ -0.089154453801143, 51.62840433026507 ], [ -0.089157119213593, 51.628352334336469 ], [ -0.089157414065845, 51.628346359155756 ], [ -0.089160033447441, 51.628295113347129 ], [ -0.089185582814556, 51.627793494146452 ], [ -0.089169042259396, 51.627696627728746 ], [ -0.089164580379115, 51.627670476918716 ], [ -0.088863978932614, 51.626993096680287 ], [ -0.088733217448535, 51.626698450374789 ], [ -0.08870997852737, 51.626657767504 ], [ -0.088651646517614, 51.626555633830733 ], [ -0.088615329183503, 51.626474532526466 ], [ -0.088595564177015, 51.626407621266608 ], [ -0.088571349609673, 51.626210642452797 ], [ -0.088572038001712, 51.626203900331149 ], [ -0.088586739513481, 51.626059577071068 ], [ -0.088604216102458, 51.625987634401746 ], [ -0.088609338575424, 51.625973374897136 ], [ -0.088610210234862, 51.625969554715169 ], [ -0.088611092859436, 51.625965439759099 ], [ -0.08870857003671, 51.625696657187596 ], [ -0.088765757430631, 51.625593267478024 ], [ -0.088781878954886, 51.62556414280094 ], [ -0.088796532477812, 51.625537628993577 ], [ -0.088821331699074, 51.625474631667224 ], [ -0.088838997948116, 51.625429709823059 ], [ -0.088868672944653, 51.625295755751402 ], [ -0.088874144340598, 51.625271124570347 ], [ -0.088875787073611, 51.625263669592293 ], [ -0.088983699623367, 51.625068114822206 ], [ -0.089005013680915, 51.62502988794089 ], [ -0.089133628932255, 51.625045936090672 ], [ -0.08921744669435, 51.625056392981961 ], [ -0.089259915820701, 51.625061697975163 ], [ -0.089369267762062, 51.625068245335768 ], [ -0.089400063777457, 51.625070104849698 ], [ -0.089405828600766, 51.625070441551429 ], [ -0.089411232862916, 51.62507076338715 ], [ -0.08953710599857, 51.625061321304358 ], [ -0.089543468270313, 51.625060849415043 ], [ -0.089554656764273, 51.625060015503458 ], [ -0.08961141188803, 51.625055760248458 ], [ -0.089623200631871, 51.625054738272425 ], [ -0.089761788371409, 51.625042868241167 ], [ -0.089772141368275, 51.625041975739485 ], [ -0.089816307443824, 51.625038189794338 ], [ -0.089854195605925, 51.625034931067731 ], [ -0.089896897053656, 51.625031274112501 ], [ -0.089913557204131, 51.625029845844836 ], [ -0.089999323281184, 51.625022483835281 ], [ -0.090015389219554, 51.625021099831841 ], [ -0.090078129088557, 51.625015727824106 ], [ -0.090091182231163, 51.625016246118896 ], [ -0.090096345964724, 51.625016447104251 ], [ -0.090174520830188, 51.625019545501949 ], [ -0.090205300356028, 51.625020766070151 ], [ -0.090221151743711, 51.625021392860006 ], [ -0.090231377772842, 51.625021802159843 ], [ -0.09031791851065, 51.625025225518328 ], [ -0.090322606184716, 51.625025409750236 ], [ -0.090362789943248, 51.62502699921054 ], [ -0.090385795189235, 51.625027913307598 ], [ -0.090397247281151, 51.625028369531748 ], [ -0.090457638806906, 51.625030746572698 ], [ -0.090579325143117, 51.625039103263511 ], [ -0.090584288121349, 51.625039440342505 ], [ -0.090841412714868, 51.625057065097778 ], [ -0.090851533020438, 51.625057755885358 ], [ -0.091015580888798, 51.625069000288228 ], [ -0.091044335242369, 51.625070970019713 ], [ -0.091052611508651, 51.625071536356636 ], [ -0.091143506076189, 51.625077763674426 ], [ -0.091160288860395, 51.625078918065697 ], [ -0.091293083440004, 51.625088012322713 ], [ -0.09130326816287, 51.625088717608072 ], [ -0.091312098772978, 51.625089328917298 ], [ -0.091381751999052, 51.625094095320868 ], [ -0.091387442389332, 51.625094484668516 ], [ -0.091508193282141, 51.625102762220351 ], [ -0.091535391817565, 51.625104625583269 ], [ -0.091544913928814, 51.625105284096215 ], [ -0.091612031851015, 51.62510987422317 ], [ -0.091624521692702, 51.625110733887787 ], [ -0.091636246247345, 51.625111239385781 ], [ -0.091715565085829, 51.62511462513838 ], [ -0.091745778262216, 51.625115917018469 ], [ -0.091876898858942, 51.625121530267286 ], [ -0.092043280186676, 51.625128652167767 ], [ -0.092069037069149, 51.625129754572761 ], [ -0.092278480865804, 51.625138727642337 ], [ -0.092466379481131, 51.625146765436398 ], [ -0.092605806827843, 51.625157557735001 ], [ -0.092698590746095, 51.625164731796936 ], [ -0.09270979804343, 51.625165858248685 ], [ -0.09271394136635, 51.625166276329502 ], [ -0.09288482793001, 51.625183442936297 ], [ -0.092905616938575, 51.625185529988606 ], [ -0.092952105618016, 51.625195246847881 ], [ -0.092983701434737, 51.625201978848857 ], [ -0.093037256901921, 51.625213370763035 ], [ -0.093132373881082, 51.625233634974208 ], [ -0.093151533426392, 51.62523771430007 ], [ -0.093165889870063, 51.625241949342445 ], [ -0.093191120709519, 51.625249391628259 ], [ -0.09326031956761, 51.625269814396496 ], [ -0.093337937905949, 51.625292730012724 ], [ -0.093426056242543, 51.625333630325251 ], [ -0.093440085956701, 51.625340144108101 ], [ -0.09345087053412, 51.625345148361433 ], [ -0.093458395157926, 51.625348651837882 ], [ -0.093461737700281, 51.625350594586983 ], [ -0.093484739922237, 51.625363980571279 ], [ -0.093528910491862, 51.625389697577027 ], [ -0.093570900836159, 51.625424335622903 ], [ -0.093584041403902, 51.625435169303444 ], [ -0.093638012551412, 51.625479704920721 ], [ -0.093681054954061, 51.625514054235879 ], [ -0.093686115012802, 51.625518102139146 ], [ -0.093748225129161, 51.625567652738127 ], [ -0.09375545249375, 51.625573417446518 ], [ -0.093819743364393, 51.625624712007223 ], [ -0.093898514066542, 51.625676619517485 ], [ -0.093902556083069, 51.625679279520128 ], [ -0.093957687213189, 51.62571561010855 ], [ -0.093980503081673, 51.625724829421507 ], [ -0.093987989944561, 51.625727855638218 ], [ -0.094019216436367, 51.625740466875172 ], [ -0.094054478018149, 51.625754699361615 ], [ -0.094082296813529, 51.625765888358366 ], [ -0.094140506949208, 51.6257892793137 ], [ -0.094145039052807, 51.625791106477912 ], [ -0.094148989014214, 51.625792690379804 ], [ -0.094153933402347, 51.625794677113973 ], [ -0.094292324152743, 51.625829523222393 ], [ -0.094314569513511, 51.6258351272322 ], [ -0.094412157350437, 51.625859715338073 ], [ -0.094431014645449, 51.625864805668016 ], [ -0.09444908616097, 51.625869685395728 ], [ -0.094460100440475, 51.625872660977151 ], [ -0.094502500886085, 51.625884104742191 ], [ -0.094548380009941, 51.625896486260508 ], [ -0.094563708711463, 51.625900624499629 ], [ -0.094584115953941, 51.625906135649537 ], [ -0.094669473469712, 51.625929189479926 ], [ -0.094706873941251, 51.625939284016482 ], [ -0.094715316590679, 51.625941570345603 ], [ -0.094755017445318, 51.625952277747949 ], [ -0.094799525001576, 51.625964295173361 ], [ -0.094807874945484, 51.625966553012496 ], [ -0.094847475533135, 51.625977240768897 ], [ -0.094862939564038, 51.625981426127602 ], [ -0.094885418690727, 51.625987487939682 ], [ -0.094914404710194, 51.625995314533974 ], [ -0.094929747728306, 51.625999457452124 ], [ -0.094941376490325, 51.626002595838109 ], [ -0.094949533422261, 51.626004805569799 ], [ -0.094958791137679, 51.62600729395956 ], [ -0.094974919575552, 51.626011656453748 ], [ -0.095049591999208, 51.626031816247703 ], [ -0.095055620506045, 51.626033447362957 ], [ -0.095108692691545, 51.626047775431658 ], [ -0.095112564266729, 51.626048818480847 ], [ -0.095126450113215, 51.626052569018235 ], [ -0.095157556060899, 51.626060834636775 ], [ -0.095176859591557, 51.626065968058633 ], [ -0.095189233504136, 51.626069253406349 ], [ -0.09520064988083, 51.626072289399907 ], [ -0.095256331574721, 51.626087095908439 ], [ -0.095278707235347, 51.626093043556764 ], [ -0.095287580064271, 51.62609540876803 ], [ -0.09529272380467, 51.626096778211618 ], [ -0.095303326281733, 51.626099585160084 ], [ -0.095388070563155, 51.626122120417357 ], [ -0.095417861888207, 51.626130040890565 ], [ -0.095457769353909, 51.626140652484068 ], [ -0.095475101250619, 51.62614525925806 ], [ -0.095522667565373, 51.626157901578431 ], [ -0.095566378806812, 51.626169520896546 ], [ -0.095592209534162, 51.626176386053857 ], [ -0.095666823510302, 51.626196229756012 ], [ -0.095683241220579, 51.62620058785302 ], [ -0.095699144444426, 51.626204811701051 ], [ -0.095782060095918, 51.626226862857791 ], [ -0.095790419052856, 51.626229080304697 ], [ -0.095820124645379, 51.6262369812952 ], [ -0.095901440510044, 51.626258597238298 ], [ -0.095905283999531, 51.626259621819543 ], [ -0.095911863719023, 51.626261374242311 ], [ -0.095923916276272, 51.62626457336119 ], [ -0.095998945100742, 51.626284522494963 ], [ -0.09601756133587, 51.626289168018367 ], [ -0.096022994634228, 51.626290524144018 ], [ -0.096035476896763, 51.626293640301782 ], [ -0.09608983840504, 51.626307210993311 ], [ -0.096106166813321, 51.626311288814321 ], [ -0.09612994024688, 51.626317225709954 ], [ -0.096147674464767, 51.626321647372357 ], [ -0.096186822474463, 51.626331428071289 ], [ -0.09620410882601, 51.626335746236798 ], [ -0.09624249955901, 51.626345325784634 ], [ -0.096265004924949, 51.626350942623283 ], [ -0.096270967169245, 51.626352433215729 ], [ -0.09631008673333, 51.62636220441798 ], [ -0.09631623479078, 51.626363742985824 ], [ -0.096325228507127, 51.6263659841837 ], [ -0.096329418151117, 51.626367023360878 ], [ -0.09639924346416, 51.626384450832767 ], [ -0.096420897719277, 51.626389864987075 ], [ -0.096434666648623, 51.626393307724015 ], [ -0.09649093019403, 51.626407349718932 ], [ -0.096512420317685, 51.626412716230107 ], [ -0.096519161915836, 51.626414399305126 ], [ -0.096554443027727, 51.626423199898873 ], [ -0.096569656279268, 51.626426998776658 ], [ -0.096625047476797, 51.626440828715793 ], [ -0.096642190662248, 51.626445117514045 ], [ -0.09664875367827, 51.626446752721449 ], [ -0.096668270602841, 51.626451628571203 ], [ -0.096761949915419, 51.626469910490009 ], [ -0.09676941638708, 51.62647136251644 ], [ -0.096865317483734, 51.626490067074265 ], [ -0.096878616556247, 51.626492656846651 ], [ -0.096942445295779, 51.626505112800977 ], [ -0.096948492957719, 51.626506290009011 ], [ -0.096973141483359, 51.626511105183098 ], [ -0.096982456919292, 51.626512910919949 ], [ -0.096992638702345, 51.626514901567326 ], [ -0.097025434260824, 51.626521305676469 ], [ -0.097038775912782, 51.626523914105839 ], [ -0.097060257749746, 51.626528102372234 ], [ -0.097092860296855, 51.626534458368681 ], [ -0.097107484936649, 51.626537307917907 ], [ -0.097150524474131, 51.626543702823589 ], [ -0.097181526804382, 51.626548252336995 ], [ -0.097191606972977, 51.626549737742927 ], [ -0.097228267786869, 51.626555098428675 ], [ -0.097234944963652, 51.626556079007742 ], [ -0.097249390586662, 51.626558201745418 ], [ -0.097260375463182, 51.626559818722406 ], [ -0.097342196653982, 51.626571819944147 ], [ -0.097350870185643, 51.626573084686349 ], [ -0.09738830617603, 51.626578565803889 ], [ -0.0973952561773, 51.626579586768599 ], [ -0.097437782051437, 51.626585829356301 ], [ -0.09745091395138, 51.626587755408138 ], [ -0.097460218999726, 51.626589120309276 ], [ -0.097468834785741, 51.626590384105953 ], [ -0.097476014670562, 51.626591435771665 ], [ -0.097491315052952, 51.626593675755473 ], [ -0.097585780020949, 51.626607531985634 ], [ -0.097600857565197, 51.626609745859696 ], [ -0.097607247502564, 51.626610685788926 ], [ -0.097670588323462, 51.626619968094062 ], [ -0.097677050454346, 51.626620909190237 ], [ -0.09777325979163, 51.626635031855052 ], [ -0.097784747781269, 51.626636710895411 ], [ -0.097856546418433, 51.626647236323819 ], [ -0.097870446464429, 51.626649278196915 ], [ -0.098101034570398, 51.626683096831712 ], [ -0.098123521962493, 51.626686392969297 ], [ -0.098131175701691, 51.626687515223992 ], [ -0.098224688012389, 51.626706359759439 ], [ -0.09826903037966, 51.626715288747711 ], [ -0.098293357759971, 51.626720188354966 ], [ -0.098479280028482, 51.626757643395294 ], [ -0.098494609921132, 51.62676073350648 ], [ -0.098529439225905, 51.626767745667159 ], [ -0.098591016842109, 51.626780155217418 ], [ -0.09880890356895, 51.62682404486155 ], [ -0.09881765163481, 51.626825808880291 ], [ -0.098796413267784, 51.626866996982585 ], [ -0.098760567609005, 51.626933238569954 ], [ -0.098708965427142, 51.62703692992239 ], [ -0.098714398657125, 51.627038636621457 ], [ -0.098706321573453, 51.627055555307642 ], [ -0.09868076531879, 51.627105174828081 ], [ -0.09864547455174, 51.627173682476027 ], [ -0.098637500952203, 51.62718916405057 ], [ -0.098556981007666, 51.627345441819273 ], [ -0.098511278735372, 51.627434157462851 ], [ -0.098502047214315, 51.627452073566367 ], [ -0.098496526903968, 51.627462792955548 ], [ -0.098413519551057, 51.627623931186527 ], [ -0.098385054759251, 51.627679159730469 ], [ -0.098297423728672, 51.627849251319127 ], [ -0.098303934146189, 51.627850768672545 ], [ -0.098300746525156, 51.627857191530147 ], [ -0.098293417033621, 51.627856946812408 ], [ -0.098107644678989, 51.628213784221302 ], [ -0.098093157611056, 51.628241605656854 ], [ -0.098043941084825, 51.628334148898119 ], [ -0.09797911873853, 51.62845603310965 ], [ -0.097962243034817, 51.628487754478058 ], [ -0.097916304976761, 51.628574110101724 ], [ -0.097863731607319, 51.628672956486227 ], [ -0.097595432693796, 51.629177432313391 ], [ -0.097593754787957, 51.629180579423874 ], [ -0.097579466212804, 51.629207441839526 ], [ -0.097481468026847, 51.629391698717548 ], [ -0.097450329863467, 51.629445157180605 ], [ -0.097435123143406, 51.629462895378893 ], [ -0.097422947863258, 51.62948483723428 ], [ -0.097437359378927, 51.62948469328191 ], [ -0.097686275643496, 51.629482129547817 ], [ -0.097778224273663, 51.629481183609535 ], [ -0.097890728152512, 51.629480022352645 ], [ -0.09789877100553, 51.629476007260912 ], [ -0.09827579690038, 51.629287739961036 ], [ -0.098322424658774, 51.629270457070959 ], [ -0.098466079890452, 51.629217203674365 ], [ -0.098535496866627, 51.629230531564495 ], [ -0.098602735349733, 51.629243437429245 ], [ -0.098673382416207, 51.629258790479625 ], [ -0.098773990195578, 51.629282740207927 ], [ -0.098820978757234, 51.629293923931826 ], [ -0.098979602775722, 51.629338300239439 ], [ -0.098984458213323, 51.629339664835726 ], [ -0.099068988547462, 51.629367148559282 ], [ -0.099083952813705, 51.629372435781541 ], [ -0.099208194703969, 51.629416335559462 ], [ -0.099228597753334, 51.629423549833405 ], [ -0.099233526688215, 51.629435926805854 ], [ -0.09927255931909, 51.629539639138279 ], [ -0.099285496314591, 51.629574019873971 ], [ -0.099320421982686, 51.629919372383817 ], [ -0.099268105636354, 51.629997621911208 ], [ -0.099253092107706, 51.630020075477887 ], [ -0.099235920104295, 51.630045767304331 ], [ -0.099204400846007, 51.630063852896114 ], [ -0.09903242168811, 51.630157177032181 ], [ -0.09893988283385, 51.630207374805082 ], [ -0.098875020313469, 51.630242581064515 ], [ -0.098824404056091, 51.630265033134314 ], [ -0.098803934999968, 51.63027404901711 ], [ -0.098635346665726, 51.630326570576251 ], [ -0.098630645269008, 51.630327735330368 ], [ -0.098620685394937, 51.630330946057121 ], [ -0.098349040394986, 51.630418598296302 ], [ -0.098341204300797, 51.630421124034001 ], [ -0.098225851286753, 51.630496786641935 ], [ -0.098208307039141, 51.630524792342761 ], [ -0.098183731395822, 51.63056405045571 ], [ -0.098158660892981, 51.63060408288144 ], [ -0.098128588685781, 51.630652100405626 ], [ -0.098127930187427, 51.630673334289618 ], [ -0.098133491323453, 51.630695793053981 ], [ -0.098141189571, 51.630725871557821 ], [ -0.098142296209001, 51.630730151898348 ], [ -0.098171965433976, 51.63076417454721 ], [ -0.098177673396469, 51.630770714634345 ], [ -0.098164164066658, 51.630787940899985 ], [ -0.098160928580684, 51.630792051932758 ], [ -0.098157799064865, 51.630796047782077 ], [ -0.098131478079671, 51.630850402819995 ], [ -0.097617722223067, 51.630907240968774 ], [ -0.097562627945086, 51.630906014840946 ], [ -0.097496071750801, 51.630904530872833 ], [ -0.097451822194735, 51.630899155210138 ], [ -0.097448362356986, 51.630892759452706 ], [ -0.097446028426728, 51.630888459200811 ], [ -0.097414803828837, 51.630784000565171 ], [ -0.097412836292116, 51.630779922072158 ], [ -0.097397825392005, 51.630748852649972 ], [ -0.097394022665614, 51.630740985566575 ], [ -0.096728315004862, 51.630796191693541 ], [ -0.096706159629329, 51.630798026404399 ], [ -0.096684352854076, 51.630724006766059 ], [ -0.0966615475484, 51.630686552060006 ], [ -0.096647880805495, 51.630664101082203 ], [ -0.096403100105075, 51.630589601946845 ], [ -0.09619043531181, 51.630524876661923 ], [ -0.096148533181806, 51.630512119843935 ], [ -0.096090775874627, 51.630511182513246 ], [ -0.096076336548319, 51.630510948176138 ], [ -0.096061520298363, 51.630519700137228 ], [ -0.096048603280246, 51.630532088879256 ], [ -0.096034481353462, 51.630545645064061 ], [ -0.096030295714491, 51.630549668683074 ], [ -0.096017860338791, 51.630561597633239 ], [ -0.09589466253577, 51.63067984472729 ], [ -0.095859508087079, 51.630713589211268 ], [ -0.095807355982693, 51.630763648804546 ], [ -0.095724295197969, 51.630843367244239 ], [ -0.095715848596315, 51.630851485179278 ], [ -0.0956856469084, 51.630880481081704 ], [ -0.095669282052376, 51.63089617698509 ], [ -0.095666632132288, 51.630898723787134 ], [ -0.095619191997788, 51.630944260170885 ], [ -0.095529957562137, 51.631029907690099 ], [ -0.095522414963995, 51.63103714104605 ], [ -0.095503504526534, 51.631055304490133 ], [ -0.095444245858455, 51.631112172737552 ], [ -0.095401073916023, 51.631136902431408 ], [ -0.09539448581626, 51.631140671209394 ], [ -0.095386505710537, 51.63114524469092 ], [ -0.09524542719069, 51.631226044209917 ], [ -0.095218007883939, 51.63124174941931 ], [ -0.095207363008166, 51.631247844305406 ], [ -0.095065454120826, 51.631329133717415 ], [ -0.094955673324461, 51.631391997643775 ], [ -0.094944995781804, 51.631399557742107 ], [ -0.094915328634, 51.631217150302071 ], [ -0.094819505582381, 51.631160911303404 ], [ -0.094330267804647, 51.630873795453049 ], [ -0.094207611209193, 51.631038909234682 ], [ -0.094149736203072, 51.631116814649133 ], [ -0.094200562180459, 51.631136938064614 ], [ -0.094283803698311, 51.631219222107035 ], [ -0.094353057894511, 51.631296701736218 ], [ -0.094463218215493, 51.631419969724142 ], [ -0.094476489674045, 51.631444932435187 ], [ -0.094580173285567, 51.631640993975751 ], [ -0.094114376140753, 51.631554953716552 ], [ -0.094042493780751, 51.631551420937491 ], [ -0.093915586705659, 51.631544954659212 ], [ -0.093886039955793, 51.631543726440086 ], [ -0.093708821804318, 51.631535010915563 ], [ -0.093126983421229, 51.631518181529565 ], [ -0.093112421773289, 51.631517756006588 ], [ -0.0930804694457, 51.631516831994482 ], [ -0.09305339469028, 51.631516059194979 ], [ -0.092903259396699, 51.631511712350772 ], [ -0.092897602087947, 51.63151154844801 ], [ -0.092877180981811, 51.631510955706574 ], [ -0.092841075148823, 51.631510530633406 ], [ -0.092823989686848, 51.63151033381989 ], [ -0.092730757014034, 51.631509240807425 ], [ -0.092602458550686, 51.631507730490469 ], [ -0.092588853793294, 51.63150757224777 ], [ -0.092516122317686, 51.631506713460944 ], [ -0.092491382355763, 51.631506428114292 ], [ -0.092386155722211, 51.631505184777382 ], [ -0.092367351952493, 51.631504959957468 ], [ -0.092327837252543, 51.631504506274425 ], [ -0.092292005786761, 51.631504085493347 ], [ -0.092138411484672, 51.631502280234919 ], [ -0.092127869061501, 51.631502144761498 ], [ -0.092117195926541, 51.631502025146332 ], [ -0.092032303684998, 51.631501031242841 ], [ -0.091994031556182, 51.631500579670316 ], [ -0.091957391481425, 51.631500145636132 ], [ -0.091935540205855, 51.631499889167948 ], [ -0.091766766900728, 51.631497908490815 ], [ -0.091756657290806, 51.631497789016294 ], [ -0.091685456457656, 51.631496954610192 ], [ -0.091546803011939, 51.631495319663998 ], [ -0.091444695782917, 51.631494117232791 ], [ -0.091420772055555, 51.631493835946138 ], [ -0.091288524487073, 51.631492259944565 ], [ -0.0912769705433, 51.631492125922556 ], [ -0.091180207874102, 51.631490965251906 ], [ -0.091158861996891, 51.631490716861833 ], [ -0.091054415583211, 51.631489476030566 ], [ -0.091027841819617, 51.631489160536184 ], [ -0.090956352988922, 51.631488303015743 ], [ -0.090934920477696, 51.631488053175119 ], [ -0.090840814717854, 51.63148693545844 ], [ -0.090834647689948, 51.631486866574249 ], [ -0.090803979929007, 51.631486493398562 ], [ -0.09076994661051, 51.631486092421646 ], [ -0.090757781789331, 51.631487427664119 ], [ -0.090712564110411, 51.63149304944266 ], [ -0.090683629214416, 51.631496652119893 ], [ -0.090592975326915, 51.631507937009168 ], [ -0.090537604225873, 51.631514823269143 ], [ -0.090530443166185, 51.63151571387062 ], [ -0.090491949904752, 51.631520518789365 ], [ -0.090450334731937, 51.631525686534232 ], [ -0.090380858809456, 51.63153433946551 ], [ -0.090372724619776, 51.631535349104432 ], [ -0.09025649121084, 51.631549814350237 ], [ -0.090234979120211, 51.631552485632149 ], [ -0.0901607243203, 51.63156173058006 ], [ -0.090103798414246, 51.631568820635422 ], [ -0.09008237332225, 51.631571484313653 ], [ -0.090069242400833, 51.631573113997511 ], [ -0.090038506308299, 51.631576938983748 ], [ -0.089997834527551, 51.631582005027454 ], [ -0.089988257187177, 51.631583314873218 ], [ -0.089968521138926, 51.631586015021895 ], [ -0.08989591305843, 51.631595956552069 ], [ -0.089842213037955, 51.631603301334216 ], [ -0.089832694203785, 51.631604594135176 ], [ -0.089825370121804, 51.631605580957022 ], [ -0.089749571117347, 51.631615978517452 ], [ -0.089649778711585, 51.631629636274234 ], [ -0.089645563989947, 51.631630215100813 ], [ -0.089627353896691, 51.631632706237156 ], [ -0.089530359014783, 51.631645982306395 ], [ -0.089519044955228, 51.631647529110509 ], [ -0.089435616973058, 51.631658944279188 ], [ -0.089404457930253, 51.631663202844521 ], [ -0.089329052016026, 51.631673525607887 ], [ -0.089249533550006, 51.63168440182293 ], [ -0.089219217079742, 51.63168855266462 ], [ -0.089150721395875, 51.631697935745159 ], [ -0.08913862246379, 51.631699591127699 ], [ -0.08902031461428, 51.631715774910639 ], [ -0.089015227823614, 51.631716474396953 ], [ -0.088921226462695, 51.63172934011731 ], [ -0.088878934667696, 51.631735125764401 ], [ -0.088819886487018, 51.631743192287246 ], [ -0.088805850757201, 51.631745031903861 ], [ -0.088698389873814, 51.631759090001566 ], [ -0.088629142873154, 51.631768123326133 ], [ -0.088618012467286, 51.631769596601174 ], [ -0.08861036952684, 51.631770605131031 ], [ -0.088481390177634, 51.631787477794241 ], [ -0.088471452140729, 51.631788772649102 ], [ -0.088409947945289, 51.63179682593011 ], [ -0.088402232797711, 51.631797833270127 ], [ -0.088268502007184, 51.631815329695492 ], [ -0.088250921003024, 51.631817633039063 ], [ -0.088189039408895, 51.631825725018814 ], [ -0.088161534782892, 51.631829323414692 ], [ -0.088156725349201, 51.631829955444573 ], [ -0.087957253637411, 51.631870318114984 ], [ -0.087943641674341, 51.631873072775093 ], [ -0.087859886058635, 51.631890016363144 ], [ -0.087844739880462, 51.631836920822117 ], [ -0.087833912078027, 51.631798967023258 ], [ -0.087832417317358, 51.631789001497076 ], [ -0.087827825795497, 51.631758563622874 ], [ -0.087827306180512, 51.631755120034391 ], [ -0.087822842297096, 51.631725596974604 ], [ -0.087821826269474, 51.631718845062551 ], [ -0.087814991412893, 51.631673573531515 ], [ -0.08781414390474, 51.631667966408301 ], [ -0.087819211559388, 51.631611468451844 ], [ -0.087820347623748, 51.631598906517894 ], [ -0.08782268232098, 51.631572983340838 ], [ -0.087838196053399, 51.631527482564458 ], [ -0.087844523694615, 51.631508989291675 ] ] ] } },
{ "type": "Feature", "properties": { "lsoa21cd": "E01001498", "lsoa21nm": "Enfield 029B", "msoa21cd": "E02000305", "msoa21nm": "Enfield 029", "lad22cd": "E09000010", "lad22nm": "Enfield", "index_right": 313, "GSS_CODE": "E05000205", "risk_score": 10.0, "allocation_hours": 82.176762355662376, "patrol_units": 41 }, "geometry": { "type": "Polygon", "coordinates": [ [ [ -0.106264599833311, 51.620659081952084 ], [ -0.106255862557653, 51.62065520906097 ], [ -0.106244384512635, 51.620677235076059 ], [ -0.106230286598033, 51.620704236573857 ], [ -0.10622730324204, 51.620709961553928 ], [ -0.106220552163008, 51.620722900587644 ], [ -0.106198226258225, 51.620765694851229 ], [ -0.106165725656374, 51.620828009286775 ], [ -0.106155410952413, 51.620847769997155 ], [ -0.106131215672946, 51.620894167012935 ], [ -0.106119710622703, 51.620916214163046 ], [ -0.10605609417284, 51.62090530991744 ], [ -0.105879167337841, 51.620877049987257 ], [ -0.105755380574025, 51.620857273372529 ], [ -0.105603192679311, 51.62083352198961 ], [ -0.10576442447248, 51.620675691433483 ], [ -0.105796776108126, 51.620567063694033 ], [ -0.105791089348537, 51.620561054859998 ], [ -0.105644952255804, 51.620406579364783 ], [ -0.105637605929438, 51.620400184028213 ], [ -0.10563100631687, 51.620392856543511 ], [ -0.105585152754303, 51.620341983340836 ], [ -0.105700225045296, 51.620317808345199 ], [ -0.105720161310953, 51.620312240206438 ], [ -0.105782570803101, 51.620294831389394 ], [ -0.105898766331119, 51.620262419290157 ], [ -0.105910184728111, 51.620257765713099 ], [ -0.105937371396315, 51.620246685335211 ], [ -0.105999735783555, 51.620198125909859 ], [ -0.106031800459897, 51.620172947700837 ], [ -0.106072503452757, 51.620120050397929 ], [ -0.106073660439936, 51.620116553036816 ], [ -0.10611750301135, 51.619983480466431 ], [ -0.106119604206698, 51.619977084801086 ], [ -0.106124234372234, 51.619963041436186 ], [ -0.106011708814424, 51.619923375739361 ], [ -0.105909020483784, 51.619887186959247 ], [ -0.105892022173123, 51.619881193336028 ], [ -0.105796936818174, 51.619847672062448 ], [ -0.105760007286112, 51.619834657249555 ], [ -0.105524208734249, 51.619751545504229 ], [ -0.105511502625113, 51.619747380954244 ], [ -0.105520469348194, 51.619760504525992 ], [ -0.105557175348806, 51.61981213829074 ], [ -0.105339629315827, 51.620020199036887 ], [ -0.105139503994623, 51.620211608033429 ], [ -0.105059709977248, 51.620201452681393 ], [ -0.104979837666656, 51.620183130882694 ], [ -0.104929384353071, 51.620171560961374 ], [ -0.104923832634009, 51.620170284282047 ], [ -0.104870059853251, 51.620149983018187 ], [ -0.104845840151128, 51.620141876270296 ], [ -0.104822446149759, 51.620135446455535 ], [ -0.104790640404845, 51.620126695588333 ], [ -0.104787705472314, 51.620119481208157 ], [ -0.104780341334366, 51.620101395365857 ], [ -0.104720018628732, 51.619989813952373 ], [ -0.104705293657127, 51.619970188384528 ], [ -0.104680522852387, 51.619943782089898 ], [ -0.104646969080317, 51.619908025643568 ], [ -0.104602544767129, 51.619860673171509 ], [ -0.104571248342402, 51.619841103580015 ], [ -0.104567193500926, 51.61983857414161 ], [ -0.104465481018629, 51.619775215714334 ], [ -0.104435827273675, 51.61976371186104 ], [ -0.104444726484944, 51.619753307526651 ], [ -0.104430979505584, 51.619747986698655 ], [ -0.104366055747305, 51.619722828949698 ], [ -0.104307500745111, 51.619700139084806 ], [ -0.104262152421796, 51.619682563475344 ], [ -0.104218310342772, 51.619665587703672 ], [ -0.104164389973019, 51.61964469021283 ], [ -0.104158596105609, 51.619633293093841 ], [ -0.10413585655276, 51.619588682841751 ], [ -0.10412934127967, 51.619575880235509 ], [ -0.103963687267916, 51.619489483525932 ], [ -0.103777132785599, 51.619467431341896 ], [ -0.103582565084947, 51.619479897182714 ], [ -0.103572382558532, 51.619480550893321 ], [ -0.103571354485957, 51.619475417577945 ], [ -0.103523842058329, 51.619456403870196 ], [ -0.103338835678631, 51.619382390726798 ], [ -0.103068650339573, 51.619281596373206 ], [ -0.103060471695213, 51.619278541585921 ], [ -0.103098244367141, 51.619241572945697 ], [ -0.103107736854928, 51.619235647543086 ], [ -0.10315622195919, 51.619205398591248 ], [ -0.102961854264951, 51.619067081397539 ], [ -0.102947800631828, 51.6190594263878 ], [ -0.102871912078612, 51.619031905306237 ], [ -0.102844229835719, 51.61902509999139 ], [ -0.102828115016259, 51.619021143496767 ], [ -0.102784095693738, 51.619014667470097 ], [ -0.102545451206175, 51.619001662553387 ], [ -0.102518600682913, 51.61900019413784 ], [ -0.102468396129138, 51.61904393965073 ], [ -0.102453026024159, 51.619055012526509 ], [ -0.102412860349351, 51.619093929588999 ], [ -0.102406397077083, 51.619099265471476 ], [ -0.102359010634545, 51.619138479371493 ], [ -0.102355540624567, 51.619143396062128 ], [ -0.102344133512331, 51.619165072169729 ], [ -0.102342420434142, 51.619167697229699 ], [ -0.102335338448001, 51.619178508489668 ], [ -0.102314445372964, 51.619204221629261 ], [ -0.102302049906718, 51.619219470134823 ], [ -0.102286853520703, 51.619234682323523 ], [ -0.102273579745334, 51.619253666466804 ], [ -0.102270492004124, 51.619258076769654 ], [ -0.102250719122423, 51.619295705019702 ], [ -0.102241621604836, 51.619309118455796 ], [ -0.102239612786958, 51.619313636135544 ], [ -0.102235003602561, 51.619324037769317 ], [ -0.102231425479639, 51.619336038751726 ], [ -0.102212008032836, 51.619379508840318 ], [ -0.102201673847173, 51.619418899417163 ], [ -0.102188255422459, 51.619438231917087 ], [ -0.102180509743728, 51.619452134824563 ], [ -0.102176683212699, 51.619459015087706 ], [ -0.10216947904231, 51.619493501460973 ], [ -0.102155593834444, 51.619533347158246 ], [ -0.102150175793795, 51.619548933335317 ], [ -0.102148890476598, 51.619561376066564 ], [ -0.102124077425939, 51.619637010248226 ], [ -0.102119505680881, 51.619651701878311 ], [ -0.102109611440681, 51.619682804037744 ], [ -0.102107577410457, 51.619710404905163 ], [ -0.102099421951773, 51.61973446263768 ], [ -0.102099082696308, 51.619741201480515 ], [ -0.10209788516675, 51.619765030062325 ], [ -0.102087199349785, 51.619796060963402 ], [ -0.102086927543286, 51.619799455709078 ], [ -0.102085022299343, 51.619822589415989 ], [ -0.102037415020939, 51.619938999738245 ], [ -0.10201174504953, 51.619942801901324 ], [ -0.101864614327752, 51.619949395951082 ], [ -0.101650555742857, 51.619944943229072 ], [ -0.101568088044564, 51.619853243586739 ], [ -0.101546304051517, 51.619829034002642 ], [ -0.10140571371517, 51.619845372434085 ], [ -0.101351039356451, 51.619847373875096 ], [ -0.101251007200778, 51.619835152277716 ], [ -0.101204976856074, 51.619825270700844 ], [ -0.101124051596339, 51.619792082221039 ], [ -0.101107345517762, 51.619783601623091 ], [ -0.101098589128276, 51.619779161454737 ], [ -0.101104033975256, 51.61973252487094 ], [ -0.101107388932424, 51.619703749413979 ], [ -0.101093227989459, 51.619636787189556 ], [ -0.101087578939295, 51.619626435341623 ], [ -0.101075706644005, 51.619576263096398 ], [ -0.101073591875147, 51.61956896745464 ], [ -0.101071185684363, 51.619560003491728 ], [ -0.101065755596541, 51.619535770851961 ], [ -0.101049144078208, 51.619504981517153 ], [ -0.101037190851391, 51.619457784454845 ], [ -0.101007450521091, 51.619403608994034 ], [ -0.101000897533805, 51.61939121021085 ], [ -0.100998841291899, 51.619385107013954 ], [ -0.100983129343835, 51.61933832567977 ], [ -0.100983422603911, 51.619320939037777 ], [ -0.100978220087052, 51.619298175845458 ], [ -0.100979601347544, 51.619249225350224 ], [ -0.1009767082037, 51.619232038899547 ], [ -0.100979567024977, 51.619168472627223 ], [ -0.100973486646056, 51.619116595662263 ], [ -0.10097021480296, 51.619105014365189 ], [ -0.100976506064126, 51.619056790832119 ], [ -0.100976669576327, 51.619022806528392 ], [ -0.10099706274912, 51.61894305451996 ], [ -0.10099745929456, 51.6189397876906 ], [ -0.101007188949943, 51.618920935208614 ], [ -0.101037876060119, 51.618840625988433 ], [ -0.101038796253998, 51.618836927008232 ], [ -0.101049333338636, 51.618820875255878 ], [ -0.101065263878595, 51.618802968466653 ], [ -0.101088302014521, 51.618770878772622 ], [ -0.101140863761733, 51.618712586526115 ], [ -0.1011565867147, 51.618691349159221 ], [ -0.101170946388097, 51.618666092574585 ], [ -0.101231275018046, 51.618599266321901 ], [ -0.101251907118703, 51.618578427658811 ], [ -0.101286003634405, 51.618543729314318 ], [ -0.101312634047272, 51.618521769280356 ], [ -0.10132391945205, 51.618510621511746 ], [ -0.101348204167257, 51.618491213317384 ], [ -0.101362625674086, 51.618479684681304 ], [ -0.101382730966922, 51.618466611437348 ], [ -0.101385177841512, 51.618464402940035 ], [ -0.101395700843151, 51.618454906424361 ], [ -0.101437326905155, 51.618417353439504 ], [ -0.101451251408705, 51.618401815108797 ], [ -0.101479561078056, 51.61837630772802 ], [ -0.101500236144481, 51.618354435588735 ], [ -0.101509861049453, 51.618345688882378 ], [ -0.101518209639476, 51.618338274876599 ], [ -0.101511115194641, 51.618295962976482 ], [ -0.101508314333503, 51.618282096245295 ], [ -0.101503728023205, 51.618270511668371 ], [ -0.101487057849551, 51.618201368655889 ], [ -0.101484141607414, 51.618189226605423 ], [ -0.101482737216498, 51.618186191400454 ], [ -0.101464363371921, 51.618146417107909 ], [ -0.101458138479098, 51.618132908595165 ], [ -0.101408020369824, 51.618070854157828 ], [ -0.101366020948989, 51.61803783286107 ], [ -0.101353725240158, 51.618032022506114 ], [ -0.101286282802884, 51.618000158432615 ], [ -0.101276636232405, 51.617995595948443 ], [ -0.101124171220953, 51.617951240499693 ], [ -0.101134076149892, 51.617880828153375 ], [ -0.101134529289937, 51.617877589217102 ], [ -0.10113683617707, 51.617850383950575 ], [ -0.100810933888705, 51.617743685139594 ], [ -0.100798679070432, 51.617739664883018 ], [ -0.100685266536008, 51.61773836766217 ], [ -0.100673610902697, 51.617739365890948 ], [ -0.100669787138557, 51.617740302122918 ], [ -0.100645179384283, 51.617746360150065 ], [ -0.100587587415795, 51.6177605076983 ], [ -0.100562123332262, 51.61776441613182 ], [ -0.100416918795668, 51.617770503581184 ], [ -0.100403640534778, 51.617771961092018 ], [ -0.100320589848008, 51.617781074000106 ], [ -0.100305951328541, 51.617781897978475 ], [ -0.100289690784227, 51.617782821573677 ], [ -0.100228954991041, 51.617781464493987 ], [ -0.100116385259251, 51.617785746705259 ], [ -0.100114892683825, 51.617780331549866 ], [ -0.100114121138745, 51.61777701882059 ], [ -0.100114047036948, 51.617768771542266 ], [ -0.100082263116019, 51.617529102363633 ], [ -0.100082474622405, 51.617526462009472 ], [ -0.100083376945214, 51.617515245055941 ], [ -0.10010213817877, 51.617444832367951 ], [ -0.100116771207488, 51.617416842131199 ], [ -0.100129315636738, 51.617392855666665 ], [ -0.1001324208576, 51.617389066196864 ], [ -0.10016498907359, 51.617349460511662 ], [ -0.100168169094771, 51.617345609305644 ], [ -0.100290025999504, 51.617243019162359 ], [ -0.100420220879311, 51.61723398653659 ], [ -0.100422618792404, 51.617231912152938 ], [ -0.100426580860563, 51.617233541018429 ], [ -0.100457935477802, 51.617246458489369 ], [ -0.100502737914707, 51.617264917306663 ], [ -0.100573019807132, 51.617292745282192 ], [ -0.100637902397559, 51.617318426493156 ], [ -0.100644836753797, 51.617321173593197 ], [ -0.100651251603908, 51.617324253991789 ], [ -0.100735112082812, 51.617364522528938 ], [ -0.100753124463916, 51.61737317722811 ], [ -0.100759383169363, 51.617376192144498 ], [ -0.100819212848993, 51.617404920788928 ], [ -0.100864711619521, 51.617426771900007 ], [ -0.100879538073549, 51.617433891230107 ], [ -0.100985376317065, 51.617484721923894 ], [ -0.101060032409912, 51.617520578745399 ], [ -0.101105574337377, 51.617542439449792 ], [ -0.101111196265888, 51.617545138292286 ], [ -0.101188104214982, 51.617582074615171 ], [ -0.101235245916711, 51.617604716535439 ], [ -0.101245512539401, 51.617609648762141 ], [ -0.101279086348158, 51.617629274331243 ], [ -0.101352484636023, 51.617661019028986 ], [ -0.101365262240231, 51.617667151923818 ], [ -0.101369677055234, 51.61766804171301 ], [ -0.10138213135674, 51.617674029988692 ], [ -0.101542248967679, 51.617750432185808 ], [ -0.101599378239615, 51.61777725970034 ], [ -0.101627090144057, 51.617790594322869 ], [ -0.101634419922355, 51.617793905254075 ], [ -0.101664065221362, 51.6178076398445 ], [ -0.101700234200931, 51.617824618355222 ], [ -0.101708995983591, 51.617829957769196 ], [ -0.101723638297213, 51.617836992993865 ], [ -0.101726880917821, 51.617838556195181 ], [ -0.101782673451143, 51.617865393200603 ], [ -0.101864295353244, 51.617904644029451 ], [ -0.101877181515151, 51.617910841498933 ], [ -0.101883747448589, 51.617912728240825 ], [ -0.101887124127007, 51.61791419468971 ], [ -0.101924837885771, 51.617930505704308 ], [ -0.101935295438187, 51.617935018255352 ], [ -0.101943187661177, 51.617938697964341 ], [ -0.101955626550723, 51.617944537482749 ], [ -0.101976225562408, 51.617954213912455 ], [ -0.102018933308012, 51.617978231287431 ], [ -0.102027260624617, 51.617982907198666 ], [ -0.102075020683848, 51.618009775965504 ], [ -0.102111806735958, 51.618031701178097 ], [ -0.102178486300456, 51.618071456409893 ], [ -0.102230057145424, 51.618102199555004 ], [ -0.10226442121015, 51.61812850981805 ], [ -0.102281092502031, 51.618141270008387 ], [ -0.102384604538724, 51.618220531235615 ], [ -0.102440021104432, 51.618262963717434 ], [ -0.102481057928326, 51.618295874388515 ], [ -0.102537384994774, 51.618342624431257 ], [ -0.102652007205616, 51.618298531438519 ], [ -0.102701038605525, 51.618276285798856 ], [ -0.102652476047502, 51.618103600870441 ], [ -0.102649901270017, 51.618086041950562 ], [ -0.102741393597929, 51.617995475035933 ], [ -0.102753999686457, 51.61799316102708 ], [ -0.102773898676484, 51.617989508186049 ], [ -0.102809085977436, 51.617981228685117 ], [ -0.102886696643237, 51.617962961205315 ], [ -0.10290646256384, 51.617956959163116 ], [ -0.102957434779919, 51.61794149813278 ], [ -0.102971288531571, 51.61793663243882 ], [ -0.102997559602849, 51.617927399379688 ], [ -0.103013611662044, 51.617921777894068 ], [ -0.103077704300623, 51.61789410142277 ], [ -0.10310622848022, 51.617879338452028 ], [ -0.103135726755922, 51.617864078656162 ], [ -0.103154575046635, 51.617852027808347 ], [ -0.103196546006917, 51.617825189575072 ], [ -0.103199532670021, 51.617822504164451 ], [ -0.103268361369694, 51.617760607003611 ], [ -0.103306197616046, 51.617726579869228 ], [ -0.103318684184791, 51.617712591681929 ], [ -0.103341033593324, 51.617687603336059 ], [ -0.103392684522642, 51.61761087861224 ], [ -0.103402193516153, 51.617591051145951 ], [ -0.103405776605247, 51.617580650867204 ], [ -0.103410083734357, 51.617568131085839 ], [ -0.103433377322987, 51.617500443899488 ], [ -0.103440453813663, 51.617454795778784 ], [ -0.103445549311581, 51.617422001797365 ], [ -0.103446443917379, 51.617350382483465 ], [ -0.103482511204775, 51.61733865492814 ], [ -0.103565305997979, 51.617315893680392 ], [ -0.103590015890781, 51.617309099186663 ], [ -0.103624085432939, 51.617297474180383 ], [ -0.103657078898682, 51.617283943357172 ], [ -0.103704666333652, 51.617264416674793 ], [ -0.103726137469773, 51.617255618439842 ], [ -0.103787279073561, 51.617236319815333 ], [ -0.103800342720536, 51.617231342340162 ], [ -0.103807857634463, 51.617228487314037 ], [ -0.103810468906098, 51.617226488238927 ], [ -0.103816958933934, 51.617221539392631 ], [ -0.103836812209859, 51.617203740533192 ], [ -0.103841019035401, 51.617200544275853 ], [ -0.103844259246016, 51.617198254119316 ], [ -0.103847160174281, 51.617195994448416 ], [ -0.103945732683856, 51.617119065718299 ], [ -0.103973962305106, 51.617091231769933 ], [ -0.103981042668581, 51.617084242179395 ], [ -0.103989438326842, 51.617077579589839 ], [ -0.103996245746374, 51.617070900322396 ], [ -0.104015463376715, 51.617052039042775 ], [ -0.104023880983202, 51.617045889374765 ], [ -0.104045633313613, 51.617029982607377 ], [ -0.1040779485335, 51.617006360181968 ], [ -0.104102015297614, 51.616982748319487 ], [ -0.104111056379654, 51.616976195069711 ], [ -0.104144748442553, 51.616951767574413 ], [ -0.104152914518759, 51.616943680458135 ], [ -0.104166006817056, 51.616930727112575 ], [ -0.104173618761041, 51.616919645549686 ], [ -0.104227224499708, 51.616841621188328 ], [ -0.104230130588393, 51.616837396743591 ], [ -0.104238939915117, 51.616808151814666 ], [ -0.104239710616057, 51.61676140358432 ], [ -0.10423733370954, 51.616754315099747 ], [ -0.104217630227884, 51.616696445066168 ], [ -0.104169040377712, 51.616620824725345 ], [ -0.104156477488477, 51.616606863260792 ], [ -0.104144576778385, 51.616593649876563 ], [ -0.104148066899855, 51.616591008549598 ], [ -0.104175109608249, 51.616570502200027 ], [ -0.104178693861586, 51.616568374962569 ], [ -0.104196005690853, 51.616558151569365 ], [ -0.104303280386836, 51.616535066046794 ], [ -0.104491309092719, 51.61652911200693 ], [ -0.104717975503219, 51.616548511127775 ], [ -0.104750389429406, 51.616551282928022 ], [ -0.104764883067399, 51.616557389151389 ], [ -0.104846535014342, 51.616591809461603 ], [ -0.104927334833002, 51.616625883226561 ], [ -0.10498714026468, 51.616651092958683 ], [ -0.105015732537586, 51.6166613476029 ], [ -0.105077527359573, 51.616687695493184 ], [ -0.105088101026178, 51.616692200647449 ], [ -0.105180083821274, 51.616731418697164 ], [ -0.105192189916098, 51.616736587057126 ], [ -0.105210470825348, 51.616744364042539 ], [ -0.105232611073083, 51.616753813007165 ], [ -0.105271091444714, 51.616770539989112 ], [ -0.105302180148579, 51.616783910295375 ], [ -0.105334801710469, 51.616797656055425 ], [ -0.105393869310463, 51.616822556904275 ], [ -0.105478983557278, 51.616858840153427 ], [ -0.105519844554748, 51.616876261944789 ], [ -0.105527380844338, 51.616879477049558 ], [ -0.105629015586015, 51.616922807276815 ], [ -0.10566080759055, 51.616936359697526 ], [ -0.10574164987893, 51.616970829230823 ], [ -0.105752464954706, 51.616975437137626 ], [ -0.105853574995446, 51.617018542870994 ], [ -0.105871060480406, 51.617026001162927 ], [ -0.105937129908437, 51.617045111248892 ], [ -0.105951753646993, 51.617047752837109 ], [ -0.105983618721844, 51.617058860404832 ], [ -0.106043304709573, 51.617079679340513 ], [ -0.106062925086728, 51.617086515622965 ], [ -0.106069602758086, 51.617088844563298 ], [ -0.106085578253092, 51.617094408017678 ], [ -0.106116457043786, 51.617108736900548 ], [ -0.106295975278964, 51.617192045285989 ], [ -0.10631816615664, 51.617202358126214 ], [ -0.106326484925341, 51.617206206285893 ], [ -0.106331498997453, 51.617210324826537 ], [ -0.106361807670509, 51.617235201549072 ], [ -0.106376152116985, 51.617246970386468 ], [ -0.106383057956303, 51.617253007872002 ], [ -0.106396039692687, 51.61727026706928 ], [ -0.106394902379089, 51.617297558719926 ], [ -0.106394166887894, 51.61731520797963 ], [ -0.106392261497904, 51.617360930705068 ], [ -0.106391919965212, 51.617369126287905 ], [ -0.106385928137721, 51.617512908440901 ], [ -0.106384577722837, 51.617545313343143 ], [ -0.106383119451725, 51.617580306323873 ], [ -0.106381220399402, 51.617625876278716 ], [ -0.106378901159633, 51.617681528956275 ], [ -0.106377349627946, 51.617718759545845 ], [ -0.106375381023764, 51.617738268317481 ], [ -0.106374725377955, 51.617744642358815 ], [ -0.106372932343416, 51.617762364471005 ], [ -0.106372222360397, 51.617769349120401 ], [ -0.106365633915077, 51.617834896495197 ], [ -0.10637216435002, 51.617843185019183 ], [ -0.106370180632593, 51.617890785894737 ], [ -0.106369231652036, 51.617913557391397 ], [ -0.106365246219881, 51.618009190487314 ], [ -0.106360321511052, 51.618127361431526 ], [ -0.106342484880839, 51.61814531015942 ], [ -0.106339495234235, 51.618171987398661 ], [ -0.106357910076922, 51.618185224754583 ], [ -0.106356930371024, 51.618208733133521 ], [ -0.106355639074706, 51.618239718183318 ], [ -0.106387611012403, 51.618254855953658 ], [ -0.106483266183885, 51.618296820903034 ], [ -0.106522904843036, 51.618309969160563 ], [ -0.106538606431763, 51.61831517741701 ], [ -0.106566838652596, 51.618335479376739 ], [ -0.106588724636331, 51.618331804007035 ], [ -0.10659725232459, 51.618334630377937 ], [ -0.106625748889082, 51.61834408272928 ], [ -0.106683490942074, 51.618345014642912 ], [ -0.106726918801035, 51.618342801971018 ], [ -0.106819665861428, 51.618338084978568 ], [ -0.106864439581059, 51.618335813043466 ], [ -0.106940090729251, 51.618331962108449 ], [ -0.107008329919154, 51.618328495099846 ], [ -0.107094577414521, 51.618324104648785 ], [ -0.107139481403912, 51.618321825718681 ], [ -0.107336252061275, 51.618311817577741 ], [ -0.107599061567492, 51.618298450140919 ], [ -0.107616128561471, 51.618297583413145 ], [ -0.107689810755151, 51.618293835121897 ], [ -0.107629137311811, 51.61828941231834 ], [ -0.107614318601621, 51.618210282740854 ], [ -0.107598462785104, 51.618125534149421 ], [ -0.107632310352404, 51.618106395732802 ], [ -0.107647280734017, 51.618019905287532 ], [ -0.107506800826712, 51.617956463668008 ], [ -0.107390226287254, 51.61790381178028 ], [ -0.107314762269272, 51.617860186004151 ], [ -0.107297102436708, 51.617849973444343 ], [ -0.10722173844449, 51.617797015080363 ], [ -0.107239446527327, 51.617715559639322 ], [ -0.107243128041202, 51.617706590642833 ], [ -0.10724866014721, 51.617693074359643 ], [ -0.107304435973417, 51.617594048621967 ], [ -0.107322978459868, 51.617577623671174 ], [ -0.107542161411506, 51.617392192904951 ], [ -0.107554098664118, 51.617383384058883 ], [ -0.107723649001853, 51.617258264817139 ], [ -0.107734672707409, 51.617250232551164 ], [ -0.107801118825025, 51.617208788154976 ], [ -0.107815370745557, 51.617044519587608 ], [ -0.107818367262837, 51.617009983048689 ], [ -0.108020107998327, 51.616940407266796 ], [ -0.108546160476314, 51.616986208904343 ], [ -0.108616166659243, 51.616992301456904 ], [ -0.109049344219084, 51.617030011908284 ], [ -0.109077447440851, 51.617014179634069 ], [ -0.10924386288029, 51.616920418263817 ], [ -0.10927550457693, 51.616804152665225 ], [ -0.10930535371457, 51.616727191020161 ], [ -0.109350036634656, 51.616612016849494 ], [ -0.109372572143791, 51.616553929310371 ], [ -0.109373848580321, 51.616550325936466 ], [ -0.109432405168825, 51.616498933771638 ], [ -0.110580196676093, 51.616666079935591 ], [ -0.110748370373485, 51.616690568125492 ], [ -0.110787849043693, 51.616714188538623 ], [ -0.110693172492186, 51.616861452295154 ], [ -0.110602526786877, 51.617002423265582 ], [ -0.11059108848934, 51.617103232870278 ], [ -0.110528843261461, 51.617211398254128 ], [ -0.110337928105854, 51.617256837178864 ], [ -0.11003928477224, 51.617327922172009 ], [ -0.10999125562564, 51.617356742419339 ], [ -0.109923758836705, 51.617374350182395 ], [ -0.109823832411351, 51.617408296169181 ], [ -0.109651641915039, 51.617466795944857 ], [ -0.109358746192141, 51.617602429522108 ], [ -0.10933889179277, 51.617611623516623 ], [ -0.109234023195834, 51.617660173986117 ], [ -0.109228470392334, 51.617662746244655 ], [ -0.109235350301279, 51.617668549333168 ], [ -0.109309183775551, 51.617730914746595 ], [ -0.109374744481765, 51.617768534534044 ], [ -0.109422049190375, 51.617795680655568 ], [ -0.1095414500129, 51.617842944612526 ], [ -0.109564144765438, 51.61785193406088 ], [ -0.109585425916983, 51.61786191686847 ], [ -0.109663337960434, 51.617898485574457 ], [ -0.109710101449515, 51.617913995657354 ], [ -0.10977732580145, 51.617936291959396 ], [ -0.109805822791017, 51.617945743538236 ], [ -0.109840134591302, 51.61795639486688 ], [ -0.10994362708856, 51.617988501644987 ], [ -0.110022489881916, 51.61801299062116 ], [ -0.110041128987257, 51.618018776281453 ], [ -0.110158497021175, 51.618055206946721 ], [ -0.110173784943305, 51.618059949433778 ], [ -0.110233652795938, 51.618078529991344 ], [ -0.11024873953097, 51.618080121882201 ], [ -0.110311042603882, 51.61808669179154 ], [ -0.11033432728638, 51.618089144110442 ], [ -0.110462751631187, 51.618127182351238 ], [ -0.110520629557076, 51.618146378160809 ], [ -0.110517830813462, 51.618149417481234 ], [ -0.110580983322669, 51.61817238510389 ], [ -0.110590802876494, 51.618174197859602 ], [ -0.110608438831862, 51.61818048883066 ], [ -0.110662343012412, 51.618199719484863 ], [ -0.110661321234776, 51.618215259904154 ], [ -0.110596956516031, 51.618192956226657 ], [ -0.110583884098631, 51.618188429327219 ], [ -0.110563059185771, 51.618212103668306 ], [ -0.110394739575557, 51.618403421919275 ], [ -0.110383943839879, 51.618415702521901 ], [ -0.110375362952547, 51.618425437976398 ], [ -0.110287333035766, 51.618525481414373 ], [ -0.110239906026834, 51.61857939132107 ], [ -0.110221806135081, 51.618599881225954 ], [ -0.110212514187075, 51.618610387555293 ], [ -0.110175193025647, 51.618652626213205 ], [ -0.110173191835423, 51.618654896033931 ], [ -0.110069763399148, 51.618771929723103 ], [ -0.110038763314781, 51.618807013294536 ], [ -0.110035701523627, 51.618810471010207 ], [ -0.11000301902985, 51.618847451845724 ], [ -0.109999130863934, 51.618851849443161 ], [ -0.109985192226883, 51.618867622389729 ], [ -0.109925541811339, 51.618935120624293 ], [ -0.1099158401504, 51.618946096929108 ], [ -0.109865421095381, 51.619003155294813 ], [ -0.109772906197147, 51.619107824654769 ], [ -0.10976635739647, 51.619115236797221 ], [ -0.109699642023479, 51.619190732251234 ], [ -0.109693259096612, 51.619197976206749 ], [ -0.109674281061923, 51.619219423065381 ], [ -0.10962428179229, 51.619275404513857 ], [ -0.109599009741361, 51.619303692087023 ], [ -0.109585767293714, 51.619318523012154 ], [ -0.109578540029852, 51.619326616628314 ], [ -0.109538328613843, 51.619371632145246 ], [ -0.109523661852584, 51.619388058747006 ], [ -0.109499192170311, 51.619415459988495 ], [ -0.10949367764297, 51.619421620853174 ], [ -0.109451375192788, 51.619468976644278 ], [ -0.109395254597586, 51.619531801503108 ], [ -0.109388921240046, 51.6195388933712 ], [ -0.109381906105956, 51.619546747599578 ], [ -0.109361694302612, 51.619569370520232 ], [ -0.109351058082004, 51.619581275924752 ], [ -0.109287709472463, 51.61965220331949 ], [ -0.109262345530134, 51.619680606246462 ], [ -0.109255300359002, 51.619688486961024 ], [ -0.109239027642552, 51.619706704115721 ], [ -0.109236800097661, 51.619709204076514 ], [ -0.109220051204767, 51.619727755266247 ], [ -0.109203951467183, 51.619745633492506 ], [ -0.109193093389673, 51.619757661202044 ], [ -0.109184098068852, 51.619767623699886 ], [ -0.109161139047231, 51.619793079884815 ], [ -0.109143662384896, 51.619812455629557 ], [ -0.109140149054294, 51.619816346674476 ], [ -0.10911752328371, 51.619841430541221 ], [ -0.109094185336317, 51.619867312242697 ], [ -0.109060443240319, 51.619904725379236 ], [ -0.109057202460167, 51.619908315072713 ], [ -0.109047010159508, 51.619919616122715 ], [ -0.108998275403949, 51.619973639375928 ], [ -0.108983993470183, 51.619989487611427 ], [ -0.108980510480723, 51.619993343171345 ], [ -0.108951418127238, 51.620025588648005 ], [ -0.108948222134337, 51.620029143090974 ], [ -0.108937758336105, 51.62004071852089 ], [ -0.108912132991974, 51.620069144141908 ], [ -0.108887988627893, 51.620096694388742 ], [ -0.108871866937457, 51.620115093779418 ], [ -0.108837400716399, 51.620154451035049 ], [ -0.108816327138444, 51.620178503260576 ], [ -0.108800948295463, 51.620196060337442 ], [ -0.108773012225728, 51.620227937739017 ], [ -0.1087478736866, 51.620256636450861 ], [ -0.108639152359833, 51.620380746116581 ], [ -0.10863348052063, 51.620387210150191 ], [ -0.108626838003265, 51.620394782586857 ], [ -0.108594199023224, 51.620432051520616 ], [ -0.108553629392849, 51.620478337875475 ], [ -0.108517517546859, 51.620519561417645 ], [ -0.10849807390547, 51.620541755957774 ], [ -0.108495055565655, 51.620545205344619 ], [ -0.108489355935833, 51.620551641946534 ], [ -0.108239729493637, 51.620833908650241 ], [ -0.108179250513752, 51.620902273965541 ], [ -0.108159497397166, 51.620924607342467 ], [ -0.108150173390087, 51.620935166959256 ], [ -0.108147327328621, 51.620938987805118 ], [ -0.108144710160138, 51.620942515592098 ], [ -0.107885249763646, 51.621291014053909 ], [ -0.107864250021616, 51.621283958039776 ], [ -0.107674539421526, 51.621220235413134 ], [ -0.107552231447055, 51.621179136572522 ], [ -0.107517727484562, 51.621167852044557 ], [ -0.107503475628506, 51.621163188886932 ], [ -0.107445356419532, 51.621144176591898 ], [ -0.107438144815998, 51.621141821145649 ], [ -0.107294258250521, 51.621094744675645 ], [ -0.107280362856747, 51.62109019514979 ], [ -0.107164174822102, 51.621052184603307 ], [ -0.107152010820913, 51.621048207037276 ], [ -0.107142490883448, 51.621045085943543 ], [ -0.107131048741829, 51.621040252253025 ], [ -0.107092222386219, 51.621023844116543 ], [ -0.107058038117156, 51.621009399274392 ], [ -0.106943745789473, 51.62096109129137 ], [ -0.106826623776978, 51.620908933735336 ], [ -0.106661663351668, 51.620835474337227 ], [ -0.106647182671229, 51.62082902687915 ], [ -0.106589175244724, 51.620803190698879 ], [ -0.106553418420057, 51.620787317505929 ], [ -0.106515434449638, 51.620770464152059 ], [ -0.106416164300566, 51.620726381725987 ], [ -0.106410774404428, 51.620723992670264 ], [ -0.106343942210571, 51.620694309048723 ], [ -0.106264599833311, 51.620659081952084 ] ] ] } },
{ "type": "Feature", "properties": { "lsoa21cd": "E01001563", "lsoa21nm": "Enfield 029C", "msoa21cd": "E02000305", "msoa21nm": "Enfield 029", "lad22cd": "E09000010", "lad22nm": "Enfield", "index_right": 313, "GSS_CODE": "E05000205", "risk_score": 0.0026354689970837925, "allocation_hours": 0.021657430946907068, "patrol_units": 0 }, "geometry": { "type": "Polygon", "coordinates": [ [ [ -0.101755004972202, 51.627652620782733 ], [ -0.10188662699227, 51.627413861883838 ], [ -0.101907894292485, 51.627418360403041 ], [ -0.101913401136509, 51.627420382849081 ], [ -0.10191852533996, 51.62742153583546 ], [ -0.102016242833285, 51.627443529250058 ], [ -0.102047387955907, 51.627446757733395 ], [ -0.102057276816394, 51.627450406737083 ], [ -0.102104985965695, 51.627467994209525 ], [ -0.102176566114475, 51.627484825727372 ], [ -0.10218772743431, 51.627486031385807 ], [ -0.102202743577188, 51.62748765009465 ], [ -0.102240271546594, 51.627497177520432 ], [ -0.102287964141673, 51.627509288283626 ], [ -0.102356502593654, 51.627518355024783 ], [ -0.102360564720794, 51.62752003035849 ], [ -0.102368161402176, 51.627522176505146 ], [ -0.102388395534529, 51.627527890185078 ], [ -0.102427600327713, 51.627534288339582 ], [ -0.102442395367034, 51.627536703764655 ], [ -0.102451507753034, 51.627538190996148 ], [ -0.102513267659309, 51.627540057522644 ], [ -0.102595271893896, 51.62755603671846 ], [ -0.102637540146438, 51.627558968315931 ], [ -0.102680889028646, 51.627561971326251 ], [ -0.10270899013195, 51.627560600261681 ], [ -0.102724944397844, 51.627559824111913 ], [ -0.102783014028985, 51.627556995248511 ], [ -0.10285676990745, 51.627544591297408 ], [ -0.102957628886779, 51.627517356417023 ], [ -0.102990778934131, 51.627504763479841 ], [ -0.102949504137461, 51.627461463245979 ], [ -0.102908547231191, 51.627418509847331 ], [ -0.102733128834472, 51.627297270732015 ], [ -0.102700480736674, 51.627274693479237 ], [ -0.102705950341038, 51.627269656258889 ], [ -0.102711780734123, 51.627264283161317 ], [ -0.10272139679017, 51.627255446259156 ], [ -0.102729481571308, 51.627255419620276 ], [ -0.102758214902587, 51.627247040206754 ], [ -0.102773028343427, 51.627238296331058 ], [ -0.102809404347963, 51.627174436031453 ], [ -0.10283018723854, 51.627137975202722 ], [ -0.102863537870675, 51.627079434427223 ], [ -0.1029510693782, 51.626925784854549 ], [ -0.102976389990318, 51.62688134018213 ], [ -0.103057538603056, 51.626839281825639 ], [ -0.103064627462824, 51.62682660924979 ], [ -0.103106850746357, 51.626751072350082 ], [ -0.103103158975342, 51.626731544140114 ], [ -0.103107339515815, 51.626726926688868 ], [ -0.103127637271773, 51.626704486095157 ], [ -0.103099576090482, 51.626698690966393 ], [ -0.102799381821165, 51.62663673579749 ], [ -0.102779857838692, 51.626632706253012 ], [ -0.102665120458577, 51.62660902644344 ], [ -0.102654936124556, 51.626606919403216 ], [ -0.102565290645915, 51.626587484988171 ], [ -0.10240070458391, 51.626551803271504 ], [ -0.102323387548197, 51.626535031966775 ], [ -0.102284685738446, 51.626526645594971 ], [ -0.102253400856928, 51.626519862914932 ], [ -0.10217161608789, 51.626502137994798 ], [ -0.102113184427544, 51.626489466799413 ], [ -0.102072750350885, 51.626480701634463 ], [ -0.101930085938639, 51.626449771119887 ], [ -0.101867802534494, 51.626436273140008 ], [ -0.101825035077585, 51.626426993544925 ], [ -0.101757468835871, 51.626412339948409 ], [ -0.101734316504149, 51.62640732531262 ], [ -0.101709660965524, 51.626401980611334 ], [ -0.101624039575825, 51.626383419890153 ], [ -0.101549653874745, 51.626367729422043 ], [ -0.101391115080285, 51.62633428349843 ], [ -0.101362930246764, 51.626328341927078 ], [ -0.101356313610695, 51.626326948914183 ], [ -0.101238619763651, 51.626302122179837 ], [ -0.101208372806471, 51.626295742531596 ], [ -0.101018555974218, 51.626255710901603 ], [ -0.100836644979521, 51.626217344659473 ], [ -0.100797031993938, 51.626208987798918 ], [ -0.100579060147497, 51.626163014200934 ], [ -0.100499490503625, 51.626146231774648 ], [ -0.100479698133873, 51.626142062508578 ], [ -0.100463629563399, 51.626138672935411 ], [ -0.100218677259698, 51.62608700116121 ], [ -0.099895917529386, 51.626018925261285 ], [ -0.099600498072555, 51.625956614914358 ], [ -0.099361261832104, 51.625906148964582 ], [ -0.099371952953193, 51.625894074544377 ], [ -0.099366453428186, 51.625892573623553 ], [ -0.099407432436456, 51.62583860876677 ], [ -0.099421398091837, 51.625822513841705 ], [ -0.099425177837201, 51.62581815981504 ], [ -0.099465846207004, 51.625771266930769 ], [ -0.099480844004223, 51.625753983741049 ], [ -0.099488070414944, 51.625745638976056 ], [ -0.099526208389885, 51.62570724785926 ], [ -0.099543697278492, 51.625689645328329 ], [ -0.099570837339619, 51.625667379236418 ], [ -0.09957701645933, 51.625662308718525 ], [ -0.099584512374754, 51.625656153469386 ], [ -0.099661607868555, 51.625592918016608 ], [ -0.099683959957802, 51.625574584941504 ], [ -0.099721425162122, 51.625547944933963 ], [ -0.099771129043121, 51.625512636678948 ], [ -0.099793673431194, 51.625496608743006 ], [ -0.099836870706653, 51.625465888959262 ], [ -0.09990074965027, 51.625420486819024 ], [ -0.099948011190394, 51.625386892307567 ], [ -0.099998757077696, 51.625350818351912 ], [ -0.100071040980866, 51.625299446406231 ], [ -0.100079059598773, 51.625293740198607 ], [ -0.100085030267354, 51.625289502555347 ], [ -0.100104089296867, 51.625275962913783 ], [ -0.100107529635899, 51.625273500756478 ], [ -0.100133200051395, 51.625255257244689 ], [ -0.100146407656224, 51.625245867249262 ], [ -0.100210345625896, 51.625200420943912 ], [ -0.100231102713148, 51.62518565883709 ], [ -0.100247317254397, 51.625174150355591 ], [ -0.100288868214613, 51.625144608737038 ], [ -0.100295561242757, 51.625139852229282 ], [ -0.100385274336204, 51.625076065062437 ], [ -0.100388043533181, 51.625074104596948 ], [ -0.100494610773025, 51.624998360593501 ], [ -0.100507624906976, 51.624989102313151 ], [ -0.100571145519629, 51.624943945813946 ], [ -0.100632074592607, 51.624900644720896 ], [ -0.100676938115768, 51.624868746640985 ], [ -0.100686134161788, 51.624863383188334 ], [ -0.100738056682294, 51.624833694631469 ], [ -0.100793372497387, 51.624801974751776 ], [ -0.100845402330734, 51.624772135015824 ], [ -0.100887499946953, 51.624747988519331 ], [ -0.100957928930893, 51.624707592769013 ], [ -0.101000825215109, 51.624683000550512 ], [ -0.101035432848354, 51.62466314802414 ], [ -0.101039592340256, 51.624660760431325 ], [ -0.101098031251324, 51.624624477857246 ], [ -0.101101947176746, 51.624622041356858 ], [ -0.101143892776652, 51.624595994907189 ], [ -0.10120133829713, 51.624560316680167 ], [ -0.10122162889437, 51.624547714033334 ], [ -0.101258323773416, 51.624524927729539 ], [ -0.101261898605933, 51.624522701520903 ], [ -0.101300209946545, 51.62449891623455 ], [ -0.101341651306249, 51.624473176290429 ], [ -0.101353814145573, 51.624465612703951 ], [ -0.101417963088163, 51.62442578047262 ], [ -0.101506214559271, 51.624370970265652 ], [ -0.101614340135396, 51.624303829169733 ], [ -0.101620659035512, 51.624299893804526 ], [ -0.101638442888413, 51.624288842080176 ], [ -0.101745287935794, 51.62423330691567 ], [ -0.101844216751954, 51.624181897012022 ], [ -0.10188673309011, 51.624159797999553 ], [ -0.101951140356155, 51.624131731423326 ], [ -0.101958777091943, 51.624128410860273 ], [ -0.102081704974861, 51.62407485312864 ], [ -0.102184316384059, 51.624042134845638 ], [ -0.102206967254324, 51.624034920601467 ], [ -0.102517319012073, 51.623935960596498 ], [ -0.102572929209273, 51.623918227606744 ], [ -0.102585111172334, 51.623914346542378 ], [ -0.102589591822974, 51.623912912769626 ], [ -0.102733716452903, 51.623879660366008 ], [ -0.102795231958966, 51.623865466867237 ], [ -0.102962842574844, 51.623826784841832 ], [ -0.102967496067296, 51.623825709050706 ], [ -0.103160605222246, 51.623781144316943 ], [ -0.103216431822459, 51.623768252456607 ], [ -0.103231529994513, 51.623764764680054 ], [ -0.103424001708633, 51.623710540337527 ], [ -0.103733058868025, 51.623623444264354 ], [ -0.103754153826835, 51.623617499492248 ], [ -0.103774431674522, 51.623611748336415 ], [ -0.103797954316456, 51.623605096420498 ], [ -0.103802498272231, 51.623603874947797 ], [ -0.10389364796784, 51.623515153956099 ], [ -0.10391919759273, 51.623501817429371 ], [ -0.10392565137, 51.623498450647851 ], [ -0.103934394276457, 51.623493888896391 ], [ -0.104002588707841, 51.623456719146695 ], [ -0.104012877308393, 51.623451121261141 ], [ -0.104053604385334, 51.623428929630791 ], [ -0.104061500920272, 51.623423185177558 ], [ -0.104066298163645, 51.623419701695767 ], [ -0.104116669550496, 51.623383116138854 ], [ -0.104122658875697, 51.623378761667134 ], [ -0.104179109110357, 51.623337751120097 ], [ -0.104183012363917, 51.623334918628146 ], [ -0.104188173328049, 51.623330334950005 ], [ -0.104196755308286, 51.623322704161239 ], [ -0.104213364465635, 51.623307928201058 ], [ -0.104253783631091, 51.623271991097866 ], [ -0.104333031831835, 51.623201520956762 ], [ -0.104342709285909, 51.62319290969819 ], [ -0.104388919899708, 51.623151814545771 ], [ -0.104391500173972, 51.623149527195352 ], [ -0.104425888181537, 51.623118942005213 ], [ -0.104438002993725, 51.623106620275394 ], [ -0.10447742488336, 51.623066530470979 ], [ -0.104513286239467, 51.623030061034804 ], [ -0.104532553053737, 51.623010445080062 ], [ -0.104539975463064, 51.623002903443606 ], [ -0.104551259055282, 51.622990073690687 ], [ -0.10455411154438, 51.622986801567563 ], [ -0.104580670573611, 51.622956530484267 ], [ -0.104629131454535, 51.622901308522728 ], [ -0.104642161093265, 51.622886447702598 ], [ -0.104665063763887, 51.622860361960733 ], [ -0.104707185043063, 51.622812348400828 ], [ -0.104748290229892, 51.622765487428964 ], [ -0.104797797083011, 51.622709077314468 ], [ -0.104823096993009, 51.622680238118896 ], [ -0.104830498852621, 51.622671801387 ], [ -0.104856223757345, 51.622642469970067 ], [ -0.104924099078514, 51.622565107402352 ], [ -0.104963731860895, 51.622519940132072 ], [ -0.10498731265973, 51.622491788034843 ], [ -0.105010527831011, 51.622464088641543 ], [ -0.105040919952104, 51.622427800492304 ], [ -0.10508219708672, 51.62237853221972 ], [ -0.105100304656842, 51.622356910129596 ], [ -0.105119095969982, 51.622334480769027 ], [ -0.105145777960639, 51.622302628887049 ], [ -0.10516756430404, 51.622276623942561 ], [ -0.105186660026766, 51.622253821806432 ], [ -0.105203413296763, 51.62223384142851 ], [ -0.105233151354707, 51.622198334004096 ], [ -0.105253098190994, 51.622174520466757 ], [ -0.105281877941697, 51.622140166570183 ], [ -0.105332246385722, 51.62208003830586 ], [ -0.105335864816783, 51.622075717428132 ], [ -0.105342265688307, 51.622068069323859 ], [ -0.105361573843632, 51.6220450188043 ], [ -0.105371881667624, 51.622032712767059 ], [ -0.105378236968742, 51.62202511787963 ], [ -0.105422675836242, 51.621972069781329 ], [ -0.105445881412785, 51.621941816305082 ], [ -0.105454925532911, 51.621930020407852 ], [ -0.105456988393797, 51.621927320021356 ], [ -0.105504821844336, 51.621864920632241 ], [ -0.105527817671539, 51.621833666494148 ], [ -0.105544092352793, 51.621813515580797 ], [ -0.105547048554246, 51.621809831458613 ], [ -0.105578000844872, 51.621769442688425 ], [ -0.105580551515928, 51.621766129699239 ], [ -0.105598609615651, 51.62174256437585 ], [ -0.105617538541282, 51.621717862080395 ], [ -0.10567915129011, 51.621637493438357 ], [ -0.105690991167438, 51.621622046778398 ], [ -0.105701436314629, 51.62160644271151 ], [ -0.105708168457144, 51.6215963899675 ], [ -0.105713605875891, 51.621588285659875 ], [ -0.10572412881027, 51.621572547960724 ], [ -0.105794021996804, 51.621468195271881 ], [ -0.105799429762811, 51.621460108466763 ], [ -0.10584352046924, 51.621394249387293 ], [ -0.105846262870061, 51.621390148154831 ], [ -0.105880630768637, 51.621338852689611 ], [ -0.105886809028648, 51.621329609304851 ], [ -0.105894343483808, 51.621318328549435 ], [ -0.105897408896212, 51.621313755932221 ], [ -0.105925321911572, 51.621272099537428 ], [ -0.105957388343527, 51.621213631406398 ], [ -0.105968724975738, 51.621192925019912 ], [ -0.105982988594388, 51.621166807482908 ], [ -0.10599248123006, 51.621149443484846 ], [ -0.10599584353543, 51.621143292991306 ], [ -0.105999940166921, 51.621135814481043 ], [ -0.106017159236521, 51.621104295242247 ], [ -0.106018738682819, 51.62110140719421 ], [ -0.106028450632137, 51.62108363308247 ], [ -0.106034674674745, 51.621072250232487 ], [ -0.106040555641385, 51.62106147332873 ], [ -0.106053583557531, 51.621037619911746 ], [ -0.106114190946989, 51.620926746013922 ], [ -0.106119710622703, 51.620916214163046 ], [ -0.106131215672946, 51.620894167012935 ], [ -0.106155410952413, 51.620847769997155 ], [ -0.106165725656374, 51.620828009286775 ], [ -0.106198226258225, 51.620765694851229 ], [ -0.106220552163008, 51.620722900587644 ], [ -0.10622730324204, 51.620709961553928 ], [ -0.106230286598033, 51.620704236573857 ], [ -0.106244384512635, 51.620677235076059 ], [ -0.106255862557653, 51.62065520906097 ], [ -0.106264599833311, 51.620659081952084 ], [ -0.106343942210571, 51.620694309048723 ], [ -0.106410774404428, 51.620723992670264 ], [ -0.106416164300566, 51.620726381725987 ], [ -0.106515434449638, 51.620770464152059 ], [ -0.106553418420057, 51.620787317505929 ], [ -0.106589175244724, 51.620803190698879 ], [ -0.106647182671229, 51.62082902687915 ], [ -0.106661663351668, 51.620835474337227 ], [ -0.106826623776978, 51.620908933735336 ], [ -0.106943745789473, 51.62096109129137 ], [ -0.107058038117156, 51.621009399274392 ], [ -0.107054505173334, 51.621012714429511 ], [ -0.106988680038476, 51.62107464425592 ], [ -0.106752955928231, 51.621307790882668 ], [ -0.106702405880016, 51.621357782323784 ], [ -0.106610894479909, 51.621429764614881 ], [ -0.10634644745583, 51.621541948455302 ], [ -0.106217387657156, 51.621631300251089 ], [ -0.10636074139817, 51.621802779610185 ], [ -0.106429143799574, 51.621884599623947 ], [ -0.106583851308857, 51.622029797221685 ], [ -0.107129480121894, 51.622169782957705 ], [ -0.107119058873314, 51.622187248960572 ], [ -0.107111481344146, 51.622199913928085 ], [ -0.107107334698978, 51.622206861114719 ], [ -0.107031410500272, 51.622333957982015 ], [ -0.10701597413579, 51.622359795935715 ], [ -0.106947331783748, 51.622474726597133 ], [ -0.106942300032384, 51.622483152239049 ], [ -0.106888411432127, 51.622573366955578 ], [ -0.106863920889124, 51.622614363896652 ], [ -0.106848889650296, 51.622639488973988 ], [ -0.106842551923867, 51.622650132651778 ], [ -0.106815375359183, 51.622695609429904 ], [ -0.106736544982813, 51.622827578085861 ], [ -0.106721465424228, 51.622852819270356 ], [ -0.106701619284747, 51.622886013766525 ], [ -0.106688184225926, 51.622908538796146 ], [ -0.106686337027197, 51.622911611372842 ], [ -0.10668062201752, 51.622921177008728 ], [ -0.106661205186365, 51.622883751951548 ], [ -0.106652620066841, 51.622868937778385 ], [ -0.106643495301797, 51.622853206661325 ], [ -0.106616906637559, 51.622856491452005 ], [ -0.106395092431342, 51.622883890544614 ], [ -0.106390358652066, 51.622884470589682 ], [ -0.106125932044705, 51.622966493812235 ], [ -0.10591689002458, 51.623038021674923 ], [ -0.105911006501048, 51.62304070984807 ], [ -0.10579721694149, 51.623092863316828 ], [ -0.105790353674159, 51.623096007768766 ], [ -0.105592070496207, 51.623134863938667 ], [ -0.105451151149449, 51.623172424953147 ], [ -0.105245570936104, 51.623272958667137 ], [ -0.105205708542868, 51.623304570740579 ], [ -0.105114052732144, 51.623394759285219 ], [ -0.105078275458769, 51.623466624446031 ], [ -0.104971477678551, 51.623681176382135 ], [ -0.105107265881173, 51.623706934137999 ], [ -0.10522327448374, 51.623728928209324 ], [ -0.105229022188155, 51.623730019189956 ], [ -0.105687420303053, 51.623961161577995 ], [ -0.105692103856453, 51.623963521270667 ], [ -0.105870353660569, 51.623971416793225 ], [ -0.106160735162105, 51.623984822423367 ], [ -0.106197391921701, 51.623991812210797 ], [ -0.106187114761632, 51.624012041138919 ], [ -0.106155810772465, 51.624073664495889 ], [ -0.106016215538758, 51.624360787298201 ], [ -0.105987612638812, 51.624419639589306 ], [ -0.105974465500923, 51.624446674397248 ], [ -0.105966358866567, 51.624463350370114 ], [ -0.105922792470572, 51.624552948979208 ], [ -0.105909233912838, 51.624580840411582 ], [ -0.105851143671472, 51.624700338140045 ], [ -0.105823410468418, 51.624757378974159 ], [ -0.105764246218421, 51.624879062469176 ], [ -0.105730871459583, 51.624947702353033 ], [ -0.105724968667475, 51.624959854733333 ], [ -0.105706000960963, 51.624964494338244 ], [ -0.105716143861031, 51.62497798486099 ], [ -0.105754785489019, 51.62502937992101 ], [ -0.105783900900385, 51.625060118454925 ], [ -0.105816655690139, 51.625094701543254 ], [ -0.105823975811656, 51.62510243629773 ], [ -0.105949418161426, 51.625212370376445 ], [ -0.106004408481448, 51.625242429459014 ], [ -0.106005181314903, 51.625256119405265 ], [ -0.106006583451985, 51.625281051042492 ], [ -0.1059869993958, 51.625264953216721 ], [ -0.105922615766776, 51.625508687554628 ], [ -0.10569123720627, 51.625513944661513 ], [ -0.105673013006057, 51.625596497324764 ], [ -0.105653705554484, 51.625683888385971 ], [ -0.105632025217072, 51.625782094947091 ], [ -0.10560589389122, 51.625900408562778 ], [ -0.105603134818613, 51.625912863437982 ], [ -0.105602189627433, 51.625917164524495 ], [ -0.105596382161039, 51.625943121713036 ], [ -0.105575492623546, 51.626036566070368 ], [ -0.105574885867659, 51.626039334922261 ], [ -0.105569220119406, 51.626064664930027 ], [ -0.105554632244686, 51.626130001901608 ], [ -0.105546248616532, 51.626167490698023 ], [ -0.105533793336457, 51.626223267219586 ], [ -0.105517643817923, 51.626295557065383 ], [ -0.105514056486841, 51.62631158652821 ], [ -0.105506043108573, 51.62634747166156 ], [ -0.105489539485297, 51.626421320460928 ], [ -0.10548835201413, 51.626426579820013 ], [ -0.105458021243177, 51.62656241470286 ], [ -0.105455623971599, 51.626573121899888 ], [ -0.105450489099973, 51.626596113459016 ], [ -0.105425420308483, 51.626708329357612 ], [ -0.105415737207265, 51.626751678182558 ], [ -0.10541572858147, 51.626755346937763 ], [ -0.105416630494534, 51.626765585846371 ], [ -0.105417985802402, 51.626780885798063 ], [ -0.10541632447793, 51.626793691111303 ], [ -0.105415261304729, 51.626801857017909 ], [ -0.105413955682424, 51.626812024312358 ], [ -0.105401638428739, 51.626847866920265 ], [ -0.105392534965877, 51.626874382358814 ], [ -0.105388909938937, 51.626895294075119 ], [ -0.105386260615185, 51.626910655257632 ], [ -0.105384570968017, 51.626916868692312 ], [ -0.105378446366341, 51.626918568275819 ], [ -0.105373133651538, 51.626942357281749 ], [ -0.105343852766122, 51.627073443115535 ], [ -0.105320383637014, 51.627178472921869 ], [ -0.105310132533303, 51.627224348417805 ], [ -0.105302849171511, 51.62725692713115 ], [ -0.105283020789248, 51.627345685541478 ], [ -0.10526893419447, 51.627408683551202 ], [ -0.105265344049537, 51.62742477590605 ], [ -0.105226221307389, 51.627599873386124 ], [ -0.10517778537462, 51.627816706995198 ], [ -0.105175779123176, 51.627825657991799 ], [ -0.105174730521835, 51.627830703772304 ], [ -0.105134665216534, 51.62802282656763 ], [ -0.105106644600427, 51.628157259864331 ], [ -0.105088888010805, 51.628242400783158 ], [ -0.105078590427169, 51.628291800519321 ], [ -0.10506740827501, 51.628345430375461 ], [ -0.10503859587987, 51.62848359169773 ], [ -0.105034693880147, 51.628502304784405 ], [ -0.105031065475344, 51.628519655446688 ], [ -0.105013404874054, 51.628604393243947 ], [ -0.104991302924882, 51.628667459597715 ], [ -0.104953655014206, 51.628774292604817 ], [ -0.104906650418744, 51.628907627913939 ], [ -0.104885589392873, 51.628967383875597 ], [ -0.104849302581503, 51.629070327142571 ], [ -0.104831783009512, 51.62912000587405 ], [ -0.104767353579912, 51.629302805565963 ], [ -0.104593818088844, 51.629583262653057 ], [ -0.104565416677555, 51.629629168610606 ], [ -0.104519445057534, 51.629703458458323 ], [ -0.104490049281351, 51.629748260256108 ], [ -0.104417894309686, 51.629858231516621 ], [ -0.104330647765317, 51.629991195244671 ], [ -0.104190070735668, 51.630205433719752 ], [ -0.104126694693492, 51.630302022093595 ], [ -0.104040957904196, 51.630432698958181 ], [ -0.104001886871791, 51.630492217706312 ], [ -0.103958941469175, 51.630557662765369 ], [ -0.103930115969305, 51.630601583392576 ], [ -0.10390939209713, 51.63063315349752 ], [ -0.103871338273586, 51.630691141949434 ], [ -0.103796556296233, 51.630778490501115 ], [ -0.103785535044399, 51.630779445437447 ], [ -0.103653007140613, 51.630790864213317 ], [ -0.103579760927127, 51.630797171097484 ], [ -0.103567148478992, 51.63079471016745 ], [ -0.103347795287289, 51.630751841080354 ], [ -0.103421527432048, 51.630495634808447 ], [ -0.103450769321333, 51.630394034878172 ], [ -0.103502241066832, 51.630215135988962 ], [ -0.103516050302541, 51.63016715999229 ], [ -0.103544853627022, 51.63006705467626 ], [ -0.103568516828315, 51.629984842057588 ], [ -0.103603204271903, 51.62985940135674 ], [ -0.103629960446207, 51.629762635076752 ], [ -0.103634388103059, 51.62974657429325 ], [ -0.103635272958283, 51.6297433783119 ], [ -0.103674976343378, 51.62959989000133 ], [ -0.103687350906786, 51.629555119063006 ], [ -0.103702073153512, 51.629501879266279 ], [ -0.103703449932187, 51.629496937718919 ], [ -0.103704663175304, 51.629492452140369 ], [ -0.103711948021886, 51.629461950793456 ], [ -0.10372818594503, 51.629393871072345 ], [ -0.10373671702807, 51.629358093347903 ], [ -0.103746614957267, 51.629316573591844 ], [ -0.10375709773722, 51.629272639838 ], [ -0.103761960225176, 51.629252220272278 ], [ -0.103790912989367, 51.629130868293004 ], [ -0.103773224195318, 51.629126805632957 ], [ -0.103767799909716, 51.629125566948396 ], [ -0.103767300968422, 51.629119524993456 ], [ -0.103607038953354, 51.62908315956313 ], [ -0.103257847057004, 51.629003921747206 ], [ -0.103218280812501, 51.628964300155737 ], [ -0.103221481353483, 51.628960665013956 ], [ -0.103273279334289, 51.628901882793059 ], [ -0.103279699375419, 51.628890008710208 ], [ -0.103299009801787, 51.628768114300598 ], [ -0.103294747918937, 51.628725916070131 ], [ -0.103292448766168, 51.628703137155199 ], [ -0.103249156489031, 51.628598125638653 ], [ -0.103239500593889, 51.628574715234059 ], [ -0.103199012232263, 51.628533657927591 ], [ -0.103183001675146, 51.62851744661149 ], [ -0.10316239011932, 51.628496547819239 ], [ -0.103111100237541, 51.628427691247239 ], [ -0.103105672845329, 51.628426875123388 ], [ -0.103081290833541, 51.628423252687945 ], [ -0.103058447302386, 51.62842119281796 ], [ -0.103054096050939, 51.628420555952275 ], [ -0.103028446826268, 51.628416832087666 ], [ -0.103018379789275, 51.628415365438109 ], [ -0.102986316021238, 51.628412320198152 ], [ -0.102900057677289, 51.628398525101247 ], [ -0.102883459899809, 51.628396714552629 ], [ -0.102876358405423, 51.628395507159219 ], [ -0.102870347299836, 51.628394483754256 ], [ -0.102863302997381, 51.628393290773317 ], [ -0.102842214159331, 51.628389694555743 ], [ -0.102828352693782, 51.628386368061747 ], [ -0.102748569131311, 51.62837287537338 ], [ -0.102703873310708, 51.628368029654801 ], [ -0.102675438767863, 51.628363365932167 ], [ -0.102581922401313, 51.628353841524437 ], [ -0.102576598893381, 51.628353305819928 ], [ -0.10257112015147, 51.62835233597022 ], [ -0.102563325597011, 51.628351463557429 ], [ -0.102494808896253, 51.628343746156425 ], [ -0.102429814020096, 51.628331967155709 ], [ -0.102420007082342, 51.628330846371689 ], [ -0.102402363784742, 51.62832881651768 ], [ -0.102364833036325, 51.628324522675413 ], [ -0.102357899220674, 51.628323106641055 ], [ -0.102347340988177, 51.628320948568096 ], [ -0.102340536369785, 51.62831955260696 ], [ -0.102333826223839, 51.628318661747194 ], [ -0.102252195749008, 51.628302351208738 ], [ -0.102241169430978, 51.628301021847804 ], [ -0.10219556931409, 51.628295518353099 ], [ -0.102173531124309, 51.628292859853197 ], [ -0.102141694700544, 51.628285762490513 ], [ -0.102129068815256, 51.628282950479615 ], [ -0.102052056235202, 51.628272478615621 ], [ -0.101960203197657, 51.628253071000564 ], [ -0.101933492373259, 51.628244505305283 ], [ -0.10192153041959, 51.628241537652571 ], [ -0.101913906801098, 51.628239687790959 ], [ -0.101865273757358, 51.628231738633126 ], [ -0.10177774328531, 51.628211065429376 ], [ -0.101764923947724, 51.628208043424408 ], [ -0.101758321288837, 51.628207001399787 ], [ -0.101748744777004, 51.628204517443706 ], [ -0.101738225467148, 51.628201775439805 ], [ -0.101713694324129, 51.628197233082062 ], [ -0.101702955375444, 51.628195251874843 ], [ -0.101667916545851, 51.628185962384265 ], [ -0.101610596695988, 51.628162203338626 ], [ -0.101586729611942, 51.628154911024083 ], [ -0.101577541998643, 51.628152109580419 ], [ -0.101526113102587, 51.628136385864224 ], [ -0.10149573557894, 51.628131371056021 ], [ -0.10161189979019, 51.627947585034498 ], [ -0.101723636988402, 51.627770812880819 ], [ -0.101740222368341, 51.627744580621929 ], [ -0.101742421427343, 51.627741055211168 ], [ -0.101711916371887, 51.627734608734691 ], [ -0.101752551158538, 51.627671222313111 ], [ -0.101755004972202, 51.627652620782733 ] ] ] } },
{ "type": "Feature", "properties": { "lsoa21cd": "E01001397", "lsoa21nm": "Enfield 035C", "msoa21cd": "E02000311", "msoa21nm": "Enfield 035", "lad22cd": "E09000010", "lad22nm": "Enfield", "index_right": 313, "GSS_CODE": "E05000205", "risk_score": 0.00034198785641910136, "allocation_hours": 0.0028103454805474882, "patrol_units": 0 }, "geometry": { "type": "Polygon", "coordinates": [ [ [ -0.089261649540725, 51.615505794591677 ], [ -0.08941822556326, 51.615494839073577 ], [ -0.089447257790681, 51.61549280318831 ], [ -0.089559211693953, 51.615495337603157 ], [ -0.089844998578502, 51.615501809780966 ], [ -0.090010549459817, 51.615493832311166 ], [ -0.090254540959748, 51.615466755110752 ], [ -0.090341861975863, 51.615451855801346 ], [ -0.090389101471198, 51.615443794464902 ], [ -0.090459814822878, 51.615426745180329 ], [ -0.090463886197131, 51.61542575935708 ], [ -0.090500797534566, 51.615410821382071 ], [ -0.090575017036785, 51.615380781002969 ], [ -0.090654623643346, 51.615333886421588 ], [ -0.090670775136651, 51.615319365737243 ], [ -0.090768976907624, 51.615231030665477 ], [ -0.090780340092296, 51.615220811353467 ], [ -0.090852571749327, 51.615155856530208 ], [ -0.090960271642744, 51.615041831504513 ], [ -0.091006668872574, 51.614986006038201 ], [ -0.091013338811128, 51.614977994395538 ], [ -0.091134679529164, 51.614714897798045 ], [ -0.091144614386917, 51.614671922499888 ], [ -0.091151021947899, 51.614662072109248 ], [ -0.091159745067932, 51.614648671404979 ], [ -0.091165942012426, 51.614640054053964 ], [ -0.091203021506297, 51.614613855507066 ], [ -0.091232779278243, 51.614602083134976 ], [ -0.091251866159886, 51.614594534387841 ], [ -0.091261399003955, 51.614592648265777 ], [ -0.091336207233891, 51.61458089878132 ], [ -0.092212252057238, 51.614356854015142 ], [ -0.092297824624626, 51.614339838606917 ], [ -0.092313194295211, 51.614337399902517 ], [ -0.092319069065708, 51.614336461342624 ], [ -0.092384366486677, 51.614326058220193 ], [ -0.092408651570122, 51.614323710588643 ], [ -0.09242824305573, 51.614321862115823 ], [ -0.092478998436877, 51.614317067490781 ], [ -0.092628864726238, 51.614302905230701 ], [ -0.092774613519521, 51.614289107449245 ], [ -0.092788114339622, 51.614287834288 ], [ -0.092805051897688, 51.614286239338888 ], [ -0.092830081435408, 51.614283876752104 ], [ -0.092888603795977, 51.614273659911021 ], [ -0.092915973072255, 51.614268889402062 ], [ -0.092972091147766, 51.614259172966484 ], [ -0.092982483823705, 51.614257273714223 ], [ -0.093168379156178, 51.614224875438232 ], [ -0.093209843108168, 51.614215343234065 ], [ -0.093285974570513, 51.614197840870467 ], [ -0.093397884356888, 51.614112415420706 ], [ -0.093435187903299, 51.61408393126117 ], [ -0.093506302240362, 51.614054130886025 ], [ -0.09366090561871, 51.614001165325256 ], [ -0.093739700637323, 51.613974200921227 ], [ -0.093795796743935, 51.613954996670508 ], [ -0.093816429856601, 51.613947931275405 ], [ -0.093909343370819, 51.613934595086576 ], [ -0.094151638490034, 51.61389982984511 ], [ -0.09428959875283, 51.613880031535629 ], [ -0.094343788426708, 51.613864608861 ], [ -0.094411076256688, 51.61384545132551 ], [ -0.094423560309991, 51.613841895349573 ], [ -0.094437608382146, 51.613837897180353 ], [ -0.094456953671872, 51.613829848551319 ], [ -0.094502171142433, 51.61381103371022 ], [ -0.094512034807292, 51.613806931562841 ], [ -0.094747216414031, 51.61368123440964 ], [ -0.094768225918273, 51.613670002456033 ], [ -0.094827102454798, 51.613638532196369 ], [ -0.094832288457918, 51.613635756848339 ], [ -0.094836705829361, 51.61363340065067 ], [ -0.094841995503471, 51.613630564039269 ], [ -0.094858291763244, 51.613621854318268 ], [ -0.094862325192966, 51.613619698708654 ], [ -0.094981850646707, 51.613555815679952 ], [ -0.095024344802533, 51.61353310582161 ], [ -0.095033583607759, 51.613529022257005 ], [ -0.095124297348888, 51.613491261779565 ], [ -0.095131191423741, 51.613488397265364 ], [ -0.09514440686328, 51.613482892736499 ], [ -0.095198443624743, 51.613460408100657 ], [ -0.095224462793225, 51.613449572188614 ], [ -0.095246351136747, 51.613440458671967 ], [ -0.095269047636088, 51.613431016565031 ], [ -0.095309516445378, 51.613414174576015 ], [ -0.09532778854238, 51.613406566994492 ], [ -0.09534125382713, 51.613400958593161 ], [ -0.095348280414222, 51.613398033271949 ], [ -0.095389278569364, 51.613380966050762 ], [ -0.095463428212257, 51.613351748898893 ], [ -0.095478569170067, 51.613345790015799 ], [ -0.095490052875746, 51.613341282464944 ], [ -0.095588947870479, 51.61330232364179 ], [ -0.095599771119515, 51.613298066135698 ], [ -0.09561505939081, 51.613292037688581 ], [ -0.095658206512022, 51.613275041250084 ], [ -0.095666663849248, 51.613271060049875 ], [ -0.095670730735141, 51.613269138761908 ], [ -0.095768388742875, 51.613223145569208 ], [ -0.095780765402099, 51.613217317109545 ], [ -0.095805769540933, 51.613205533868808 ], [ -0.095839325287046, 51.6131895865961 ], [ -0.095847253222666, 51.613184104034474 ], [ -0.095870441611466, 51.613168078316527 ], [ -0.095898374288426, 51.613148784434806 ], [ -0.095966064601406, 51.613102016674844 ], [ -0.095986214626361, 51.613081625206469 ], [ -0.095999305381807, 51.613068394021006 ], [ -0.096009937748068, 51.613057649801334 ], [ -0.096047130843857, 51.613020008727929 ], [ -0.096053071214128, 51.613014044255586 ], [ -0.096062329161533, 51.613004734495732 ], [ -0.0961357274376, 51.61293096498926 ], [ -0.096191304107933, 51.612875097863608 ], [ -0.096199713115092, 51.61286501894174 ], [ -0.096246489503282, 51.612808900995148 ], [ -0.096260906242766, 51.612791590742191 ], [ -0.096271292368634, 51.61277913393225 ], [ -0.096497467980732, 51.612871948372081 ], [ -0.096598486595755, 51.612871609937031 ], [ -0.096665716618159, 51.612871388381876 ], [ -0.096724378936777, 51.612867430724677 ], [ -0.096736270994394, 51.612865240752363 ], [ -0.096917184824934, 51.612831915070494 ], [ -0.096933095660808, 51.612827915374545 ], [ -0.096968712783337, 51.612815157610108 ], [ -0.096981924363333, 51.612810426173915 ], [ -0.097105580438321, 51.612755753482823 ], [ -0.097135966585597, 51.612739250838608 ], [ -0.097162185428469, 51.612725000616273 ], [ -0.097167653699459, 51.612722031916832 ], [ -0.09725807440787, 51.612660628389477 ], [ -0.097387184247216, 51.612538024844149 ], [ -0.097396323084046, 51.612536909694825 ], [ -0.097418460365796, 51.612489348011614 ], [ -0.097488792466155, 51.612338219670903 ], [ -0.097492949042023, 51.612329312626137 ], [ -0.097499996378067, 51.612330029471501 ], [ -0.09760960043318, 51.612341265229446 ], [ -0.097716170078099, 51.612352187274581 ], [ -0.097748319784068, 51.612355505527574 ], [ -0.097827598082732, 51.612365055775932 ], [ -0.097919228097797, 51.61237610125977 ], [ -0.097948095513299, 51.612376569552097 ], [ -0.097991396637997, 51.612377271977266 ], [ -0.098077998892599, 51.61237867677962 ], [ -0.09808814579055, 51.612378841371452 ], [ -0.098164601154139, 51.612380081518026 ], [ -0.098194256889698, 51.612376893608264 ], [ -0.098237144891069, 51.612372274691609 ], [ -0.098315446854171, 51.612352863807885 ], [ -0.098441470307546, 51.61232162477679 ], [ -0.098471869217518, 51.612315859019617 ], [ -0.098528823477216, 51.612305056488012 ], [ -0.098557177396396, 51.612294653401051 ], [ -0.098570936232379, 51.612289606938958 ], [ -0.098646170383677, 51.612261997115617 ], [ -0.098687458280042, 51.612237595636579 ], [ -0.098690597817009, 51.612235740143333 ], [ -0.098694582075109, 51.612226803289992 ], [ -0.098706533338061, 51.612200028674707 ], [ -0.098752682345772, 51.61219306146495 ], [ -0.098840968850123, 51.612179727389822 ], [ -0.098854152155482, 51.612177737995616 ], [ -0.098985127932328, 51.612157964961234 ], [ -0.099000171871764, 51.612155690981588 ], [ -0.099062774551235, 51.612146238722424 ], [ -0.099060117010035, 51.61215418993983 ], [ -0.09906687267013, 51.612154973902015 ], [ -0.099145224286421, 51.612164058614525 ], [ -0.099178761953836, 51.61216371206649 ], [ -0.09929073219178, 51.612162559722961 ], [ -0.099307326729773, 51.61215981625493 ], [ -0.099560128375957, 51.612118007507753 ], [ -0.099574768255042, 51.61211295722709 ], [ -0.099616747732086, 51.612098611227758 ], [ -0.099639809510981, 51.612089722771508 ], [ -0.099657621480893, 51.612082727566289 ], [ -0.099668552790682, 51.612078633315747 ], [ -0.099703882349971, 51.612066157849732 ], [ -0.099769817811577, 51.612042605096491 ], [ -0.099809801198938, 51.612028325597983 ], [ -0.099837765779013, 51.612021009309849 ], [ -0.099851244704335, 51.612016434767014 ], [ -0.099867790034578, 51.612008987365847 ], [ -0.099874767399609, 51.612005845168127 ], [ -0.099879062163696, 51.612002956247686 ], [ -0.099897227374785, 51.611996839001158 ], [ -0.099950083527998, 51.611979009217599 ], [ -0.099964621959629, 51.611972581399428 ], [ -0.100034208913237, 51.611941821766386 ], [ -0.100053486040748, 51.611935362816226 ], [ -0.100062686089352, 51.611931393348485 ], [ -0.100068242801432, 51.611929585981052 ], [ -0.100146240097914, 51.611904600841093 ], [ -0.100150761624486, 51.611902506922362 ], [ -0.10016204038015, 51.611898391280256 ], [ -0.100189438250207, 51.611888385975035 ], [ -0.100214297164475, 51.611876577002498 ], [ -0.100228161358124, 51.61186726963323 ], [ -0.1002365575523, 51.611861623522273 ], [ -0.100277980422779, 51.611841225343369 ], [ -0.100292870404162, 51.611835369707592 ], [ -0.100339288305054, 51.611817102720366 ], [ -0.10037351737575, 51.611803647037981 ], [ -0.100388786053225, 51.611794946915857 ], [ -0.100397159885679, 51.611790181693081 ], [ -0.100408138166709, 51.611783920954515 ], [ -0.100460617503978, 51.611742236839397 ], [ -0.100475017135586, 51.6117256362392 ], [ -0.100484697614073, 51.611714480554731 ], [ -0.10049934763937, 51.611714717895282 ], [ -0.100649427417323, 51.611717149185971 ], [ -0.100653717008094, 51.611716112601847 ], [ -0.100769062763341, 51.611688386882165 ], [ -0.100793504920684, 51.611676175373724 ], [ -0.100873735833032, 51.611636064663088 ], [ -0.100876327165425, 51.611632806403549 ], [ -0.100963288234282, 51.611523481780452 ], [ -0.100979002748461, 51.611521398264451 ], [ -0.100990258811621, 51.61151989898449 ], [ -0.101007178221591, 51.611519053458089 ], [ -0.101045595592005, 51.611513034744178 ], [ -0.101065730955852, 51.611511094756743 ], [ -0.101079804149278, 51.611510962985648 ], [ -0.101086465100928, 51.611510900008064 ], [ -0.101123078872147, 51.611510548780835 ], [ -0.101182077970351, 51.611515083279059 ], [ -0.101193478741276, 51.611512884911612 ], [ -0.101246114295458, 51.611502739546957 ], [ -0.101262319338681, 51.611501014643146 ], [ -0.101277828574956, 51.611499350408835 ], [ -0.101282804749132, 51.611498819506281 ], [ -0.101314558748109, 51.611497939897149 ], [ -0.101319712247687, 51.611497312947584 ], [ -0.101413070363337, 51.611485956521868 ], [ -0.101417037687466, 51.611486758145958 ], [ -0.101461397685776, 51.611495641606027 ], [ -0.101465720601014, 51.611495882461568 ], [ -0.101511861191703, 51.611498437067645 ], [ -0.101615835754319, 51.61148948234397 ], [ -0.101632713052358, 51.611489989304921 ], [ -0.101674005244794, 51.611491390489199 ], [ -0.101735656019829, 51.611500557903298 ], [ -0.101740870873821, 51.611500709743432 ], [ -0.10174719559588, 51.611500223096009 ], [ -0.10175270164577, 51.611499799634892 ], [ -0.101760091531588, 51.611499226811922 ], [ -0.10179016728533, 51.611493562706215 ], [ -0.101795612601795, 51.611493210199896 ], [ -0.101851618004951, 51.611489521400948 ], [ -0.101855942019612, 51.611489735255446 ], [ -0.101883230286473, 51.611490995169184 ], [ -0.101913749357154, 51.611488899218379 ], [ -0.101940763554586, 51.611487034301781 ], [ -0.101983132265497, 51.611488942886282 ], [ -0.102021998167718, 51.611490686865345 ], [ -0.102029883479112, 51.61149104826498 ], [ -0.102035187083656, 51.611490630507298 ], [ -0.102041283781001, 51.611490935986545 ], [ -0.102273182950531, 51.611501764354806 ], [ -0.102305227165981, 51.611484811366807 ], [ -0.102310514235301, 51.61148201932145 ], [ -0.102545731318231, 51.61149942125855 ], [ -0.102556047799866, 51.611498976661224 ], [ -0.102579010907075, 51.611497972286323 ], [ -0.102592166103162, 51.611498724640853 ], [ -0.10265126955019, 51.611502135659585 ], [ -0.102679921829841, 51.611500472423778 ], [ -0.102689190318543, 51.611500914604008 ], [ -0.102772728784549, 51.611506123637085 ], [ -0.102777316157228, 51.611505910079664 ], [ -0.102782033136019, 51.611505186048674 ], [ -0.102808582564347, 51.611504248630006 ], [ -0.102849008924352, 51.611502861223762 ], [ -0.102908978135645, 51.611506812173829 ], [ -0.102937793683557, 51.61150538981579 ], [ -0.103006159569806, 51.611509215739659 ], [ -0.103011158371344, 51.611508487265006 ], [ -0.103034932854534, 51.611504996021999 ], [ -0.103067812443677, 51.611504133943932 ], [ -0.103120508015263, 51.611502751530509 ], [ -0.103171746638243, 51.611506349830847 ], [ -0.103194748002035, 51.611508758589189 ], [ -0.103241493207828, 51.611513435227195 ], [ -0.103297829901125, 51.611518775020272 ], [ -0.103310247800386, 51.611517118883505 ], [ -0.103335246212997, 51.611516488985664 ], [ -0.103385116420032, 51.611515321547316 ], [ -0.103409261208566, 51.611517326107162 ], [ -0.103429112342998, 51.611516828778349 ], [ -0.103475134773144, 51.611515560417665 ], [ -0.103567712579129, 51.611512226535638 ], [ -0.103602518901632, 51.61151503740156 ], [ -0.103617805972817, 51.611516273731233 ], [ -0.103641974857367, 51.611518220181658 ], [ -0.103675912172519, 51.611524901713629 ], [ -0.103688394785036, 51.611524465060057 ], [ -0.103742172006915, 51.611522600773718 ], [ -0.103746607382998, 51.611522915275579 ], [ -0.103772615310395, 51.611524747551087 ], [ -0.103789893352246, 51.611523956774647 ], [ -0.103797664309401, 51.611523596810535 ], [ -0.103814305783045, 51.611522831709323 ], [ -0.10382047048029, 51.611521852275025 ], [ -0.103869517829783, 51.611519461844182 ], [ -0.103914194306053, 51.611517288494682 ], [ -0.103956164285198, 51.611519756443087 ], [ -0.103995252456495, 51.611522060891197 ], [ -0.104005165110053, 51.611524028607192 ], [ -0.104013724902192, 51.611524841405711 ], [ -0.104057633705407, 51.611528266879702 ], [ -0.104064144836989, 51.611527985450905 ], [ -0.104085675282786, 51.611527047548236 ], [ -0.10410746039933, 51.611528316907567 ], [ -0.104152845875722, 51.611530965886416 ], [ -0.104157913666728, 51.61153066112329 ], [ -0.104180356954404, 51.611529306320286 ], [ -0.104186844873161, 51.611529582041229 ], [ -0.104200209289704, 51.611530166739918 ], [ -0.104225892733156, 51.611528001023565 ], [ -0.104266490668857, 51.611524574616915 ], [ -0.104284753130762, 51.611523035320282 ], [ -0.104333381556294, 51.611524459714872 ], [ -0.104348604765339, 51.611523069122448 ], [ -0.104353207523903, 51.611523179480209 ], [ -0.104446995083772, 51.611525405601768 ], [ -0.104453199576621, 51.611525550833328 ], [ -0.10447986261823, 51.611529686612293 ], [ -0.104488846273009, 51.611531072749848 ], [ -0.104506653772848, 51.611532133875635 ], [ -0.104511720439089, 51.611531856056416 ], [ -0.104522852296888, 51.611531253606529 ], [ -0.104540590999591, 51.611532232683366 ], [ -0.104598131520876, 51.611535374664797 ], [ -0.104629105671751, 51.611533793436188 ], [ -0.104702868795131, 51.61153721099835 ], [ -0.104712098275536, 51.611538590299944 ], [ -0.104781435536853, 51.611531061733572 ], [ -0.104800612462933, 51.611531146780344 ], [ -0.104887254472654, 51.611531548528411 ], [ -0.104894763589196, 51.611531579928744 ], [ -0.104922817099348, 51.611534928751972 ], [ -0.10494400198122, 51.611535351960327 ], [ -0.104973602330405, 51.611539013521067 ], [ -0.104980442322092, 51.611539852417728 ], [ -0.105012588318596, 51.611539958119003 ], [ -0.105052995094034, 51.611540080367902 ], [ -0.105060178869806, 51.611540987761025 ], [ -0.105070767648045, 51.611542327845733 ], [ -0.10514143889514, 51.611543343656592 ], [ -0.105146762902367, 51.611542782209106 ], [ -0.105153302123057, 51.61154217294952 ], [ -0.105171900035334, 51.611542289047669 ], [ -0.105178888054433, 51.611542347981413 ], [ -0.105224451623853, 51.611536906222405 ], [ -0.105233667252862, 51.611536884236259 ], [ -0.105310270522032, 51.61153661093541 ], [ -0.105327486171613, 51.611538705499136 ], [ -0.105348306730117, 51.611541114575452 ], [ -0.105545449387958, 51.611533800196661 ], [ -0.105551322310488, 51.611536358981617 ], [ -0.105555818762309, 51.611538329010607 ], [ -0.105551970351557, 51.611605440395074 ], [ -0.105552651695567, 51.611825392137291 ], [ -0.10554093083001, 51.611826368250696 ], [ -0.105466878481852, 51.611832833743549 ], [ -0.105407362504517, 51.61183341912858 ], [ -0.105337561609793, 51.611833932771546 ], [ -0.105318941658772, 51.611834169748825 ], [ -0.105314634116718, 51.611833836689485 ], [ -0.105294927030623, 51.611832259412139 ], [ -0.105230997021566, 51.611835138418321 ], [ -0.105154460033655, 51.611835889346608 ], [ -0.10514177394269, 51.611836008134787 ], [ -0.105120100106437, 51.611836224521582 ], [ -0.105112883352961, 51.611836107935275 ], [ -0.105105666599534, 51.611835991348521 ], [ -0.105047925089162, 51.611835238366517 ], [ -0.105011836459379, 51.611834772231518 ], [ -0.104923253466354, 51.611833624326863 ], [ -0.104906830627765, 51.611832778975817 ], [ -0.104869794256634, 51.611832180582873 ], [ -0.104842789171534, 51.611831744257024 ], [ -0.104838423938877, 51.611832519016389 ], [ -0.104776856813692, 51.611831722073873 ], [ -0.104658587410698, 51.611830188717413 ], [ -0.104585991976719, 51.611829240446497 ], [ -0.104499379747148, 51.611828110579168 ], [ -0.104456030334057, 51.61182754492178 ], [ -0.104454814570765, 51.611846328477803 ], [ -0.104454475035083, 51.611851358760177 ], [ -0.104436145764561, 51.612131869637139 ], [ -0.104647116205677, 51.612095532260085 ], [ -0.104655029836185, 51.612094176381675 ], [ -0.104760365471665, 51.612091732913704 ], [ -0.104798563683899, 51.612098078296732 ], [ -0.104840491808584, 51.612105032471185 ], [ -0.104887959025124, 51.612119440935778 ], [ -0.104912850807076, 51.612130741945897 ], [ -0.104980212839948, 51.612161298502478 ], [ -0.104984479511437, 51.612163237862852 ], [ -0.104979552377139, 51.612232993573549 ], [ -0.104980395116522, 51.612237728221416 ], [ -0.104977260084731, 51.612288035253016 ], [ -0.104975813585055, 51.612313993748984 ], [ -0.104975331596579, 51.612337462532835 ], [ -0.104975025968029, 51.612349309634908 ], [ -0.104973094063809, 51.612356508347268 ], [ -0.104973362798076, 51.612376412965112 ], [ -0.104960921118843, 51.612435858830992 ], [ -0.104959261626932, 51.612443799324538 ], [ -0.105092770765823, 51.612689489549467 ], [ -0.105005460116217, 51.612739425875063 ], [ -0.104986496481075, 51.612748426683567 ], [ -0.104912589732137, 51.612777195463664 ], [ -0.10487979767129, 51.612787726364566 ], [ -0.104859901496769, 51.612792413699047 ], [ -0.104851953204031, 51.612795639461226 ], [ -0.104827903251767, 51.612805385370862 ], [ -0.104817785323747, 51.612810419526724 ], [ -0.104786310976612, 51.612826070407856 ], [ -0.104781547047663, 51.612828439379648 ], [ -0.104757756637658, 51.61284027571574 ], [ -0.104751161037331, 51.612844314662624 ], [ -0.104734887143716, 51.612857396498839 ], [ -0.104697021181547, 51.61288154985052 ], [ -0.104652394816844, 51.612904335010846 ], [ -0.104577141077638, 51.612934916280366 ], [ -0.104524886617412, 51.612951849943883 ], [ -0.104436306238263, 51.612980579147752 ], [ -0.104393929022284, 51.612986467788097 ], [ -0.104310577737429, 51.61289869436267 ], [ -0.104220874171885, 51.612928380932601 ], [ -0.104145999181767, 51.612956103958965 ], [ -0.104098509459278, 51.612956433461285 ], [ -0.10409137240107, 51.612956479967423 ], [ -0.104019161518604, 51.612954233688768 ], [ -0.103997148956479, 51.612953554150415 ], [ -0.103952807413343, 51.612952162969222 ], [ -0.103938468788494, 51.612951724366255 ], [ -0.103987122874469, 51.61297197947281 ], [ -0.104028990541642, 51.612993572648151 ], [ -0.104072774291022, 51.613020484335927 ], [ -0.104021443982509, 51.613075893406176 ], [ -0.103943076039503, 51.613130586644502 ], [ -0.103854566326221, 51.613181518911922 ], [ -0.103811646089467, 51.613201471746194 ], [ -0.103730968407922, 51.613230130350289 ], [ -0.103688229186243, 51.61324227163157 ], [ -0.103501779248491, 51.613272691142555 ], [ -0.103473132317088, 51.613275240440586 ], [ -0.103273548231161, 51.61327527757291 ], [ -0.103265979605283, 51.613275281081449 ], [ -0.103209656695599, 51.61330732763831 ], [ -0.103119109021819, 51.613341635348327 ], [ -0.10301544293066, 51.613373599626556 ], [ -0.10298215285367, 51.613382197573465 ], [ -0.102974428868837, 51.613384194874534 ], [ -0.102970676176464, 51.613388981113431 ], [ -0.102957057115016, 51.613403499479702 ], [ -0.102927025778186, 51.613428165665397 ], [ -0.102823442859646, 51.613529489883526 ], [ -0.102779465546555, 51.613564037985711 ], [ -0.102774156227164, 51.613570129924064 ], [ -0.10276581359697, 51.613579688848063 ], [ -0.10258482336736, 51.613680723024828 ], [ -0.10252882247995, 51.613702253313114 ], [ -0.102440073692389, 51.613725951551004 ], [ -0.102254744448492, 51.613739130744563 ], [ -0.102205631877254, 51.613738525002319 ], [ -0.102166066015288, 51.613769448360969 ], [ -0.102119766751704, 51.613842680154001 ], [ -0.102124142464161, 51.61387247999459 ], [ -0.102140789377313, 51.613985883358488 ], [ -0.102141577875304, 51.613991219646799 ], [ -0.102181507019142, 51.614072797727388 ], [ -0.102292482907763, 51.614182502565576 ], [ -0.102320226960349, 51.614209928758228 ], [ -0.102344919472268, 51.614237933249903 ], [ -0.102269222224441, 51.614263337064529 ], [ -0.102258411972429, 51.614266947994132 ], [ -0.102159595605386, 51.614299970197528 ], [ -0.10211484530391, 51.614314928998105 ], [ -0.102079689969972, 51.614326670858915 ], [ -0.102036492889076, 51.614341097229413 ], [ -0.102013582981005, 51.614348756797831 ], [ -0.102006581073973, 51.614351098442775 ], [ -0.101994803876772, 51.614355035416224 ], [ -0.101965405115133, 51.614364856079447 ], [ -0.101830510028541, 51.614409928617725 ], [ -0.101817458651033, 51.614414285585255 ], [ -0.101805842448791, 51.614418171190806 ], [ -0.101798459981682, 51.614420632559707 ], [ -0.101653178826748, 51.614469178772438 ], [ -0.101558624019153, 51.614500776525553 ], [ -0.101550142770783, 51.614503606721996 ], [ -0.101373365973793, 51.614562675561181 ], [ -0.101358468682665, 51.614567649970901 ], [ -0.101278209891426, 51.614594469810903 ], [ -0.10122220918883, 51.614613175549152 ], [ -0.10121012415283, 51.614617215301962 ], [ -0.101066261506018, 51.614665288346487 ], [ -0.101058026147079, 51.614668039760154 ], [ -0.100928942378791, 51.614711166926547 ], [ -0.100696724056318, 51.614788749787664 ], [ -0.100517630688313, 51.614848589186344 ], [ -0.100481580668207, 51.614860630622047 ], [ -0.100476541668627, 51.614862311516085 ], [ -0.100467269196022, 51.614865407586244 ], [ -0.100336618176477, 51.614909062673298 ], [ -0.100278228624691, 51.614928574569284 ], [ -0.100268706986933, 51.61493175651227 ], [ -0.10021768600631, 51.614948797928797 ], [ -0.100209468169075, 51.614951542375138 ], [ -0.100198701201562, 51.614955144767009 ], [ -0.100088733692709, 51.614991886769616 ], [ -0.100048376279893, 51.615005378012647 ], [ -0.100021818446298, 51.615014245902039 ], [ -0.099945264476619, 51.615039820988173 ], [ -0.099921870625957, 51.61504763405128 ], [ -0.099849638165727, 51.615071759376683 ], [ -0.099792713055989, 51.615090782200618 ], [ -0.09977355266924, 51.615097180082174 ], [ -0.099768894547007, 51.615098732232234 ], [ -0.099734132398261, 51.615110362679196 ], [ -0.099718209325539, 51.615115679963942 ], [ -0.099712745288059, 51.615117506810293 ], [ -0.099696617123886, 51.6151228927083 ], [ -0.099554652728866, 51.615168323973016 ], [ -0.099500528338032, 51.615185647514146 ], [ -0.099466284985939, 51.615196611858522 ], [ -0.099406977482851, 51.61521560488201 ], [ -0.099392644805726, 51.615220192534835 ], [ -0.099244837819069, 51.615267507081924 ], [ -0.09921830988576, 51.615275997597692 ], [ -0.099061220710783, 51.615326281844716 ], [ -0.099018383501262, 51.615339993328433 ], [ -0.098984359446474, 51.615350889152808 ], [ -0.098939396502883, 51.615365348491373 ], [ -0.098917102399879, 51.615372414831548 ], [ -0.098717979987726, 51.615436162322204 ], [ -0.098681013868764, 51.615447981545735 ], [ -0.09863253985119, 51.615463498907459 ], [ -0.098623550784178, 51.615466374621192 ], [ -0.098565868129891, 51.615484836048964 ], [ -0.098544054013528, 51.615491820179251 ], [ -0.098482696363326, 51.615511462936496 ], [ -0.098477196438281, 51.615513109296224 ], [ -0.098467417035976, 51.615515540544152 ], [ -0.098302555685991, 51.615556547945268 ], [ -0.098285008294118, 51.615560907980402 ], [ -0.098256837571317, 51.61556791486521 ], [ -0.098247525315215, 51.615570227776843 ], [ -0.098194307798508, 51.615583455887815 ], [ -0.098174631954271, 51.615588352408736 ], [ -0.098153058558736, 51.615593721728942 ], [ -0.098093377153254, 51.615612476941955 ], [ -0.097941878686083, 51.615660096027923 ], [ -0.097828296706184, 51.615695797184372 ], [ -0.097818004603459, 51.615699434046356 ], [ -0.097803490674867, 51.615704549127564 ], [ -0.097672051834747, 51.61575086383931 ], [ -0.097605632805663, 51.6157680365448 ], [ -0.097597776728833, 51.615770067286483 ], [ -0.097429497902548, 51.615813380378825 ], [ -0.0973669124487, 51.615829754572374 ], [ -0.09735717284539, 51.615832267308612 ], [ -0.097100300799106, 51.615898681113528 ], [ -0.096970522684602, 51.615928570290436 ], [ -0.096953910425077, 51.615932392271468 ], [ -0.096888933934973, 51.615947353364589 ], [ -0.09688444178085, 51.615948386534448 ], [ -0.096856905445416, 51.615954719961238 ], [ -0.096798563414833, 51.61596681217096 ], [ -0.096783686762871, 51.61596988894474 ], [ -0.096724441841962, 51.615982155306448 ], [ -0.096697645851247, 51.615987709375425 ], [ -0.096692691774702, 51.615988735040766 ], [ -0.096636025829738, 51.616000467699614 ], [ -0.096623218074116, 51.616003119418345 ], [ -0.096564118546041, 51.616015361083583 ], [ -0.09654149035315, 51.616020038559483 ], [ -0.096500050843562, 51.616028619155863 ], [ -0.09649275207296, 51.616030101338787 ], [ -0.096486429834569, 51.616031374561061 ], [ -0.096416766099896, 51.616045809689503 ], [ -0.096409129465816, 51.616046045421292 ], [ -0.096381562897379, 51.616046883846764 ], [ -0.096374230146583, 51.616047106524412 ], [ -0.096334370276395, 51.616048311900123 ], [ -0.096306673416167, 51.616049157185394 ], [ -0.096301886084455, 51.616049304278995 ], [ -0.096280741365494, 51.616049941189928 ], [ -0.096080949312361, 51.616056004738084 ], [ -0.096063796124941, 51.616056526567164 ], [ -0.096049159863922, 51.616056963364734 ], [ -0.095959677021642, 51.616059682967396 ], [ -0.095941626991561, 51.616060235178971 ], [ -0.095925543860033, 51.616060729400274 ], [ -0.095915014988847, 51.6160610440323 ], [ -0.095887842954274, 51.616061221506641 ], [ -0.095827326002519, 51.616063698241057 ], [ -0.095690301005659, 51.61607826657206 ], [ -0.095639081600554, 51.61608375650178 ], [ -0.095530190939354, 51.616093237678278 ], [ -0.095509082024095, 51.616095089016895 ], [ -0.095473432890676, 51.616098187960858 ], [ -0.095464371991163, 51.616098976018293 ], [ -0.095443016926215, 51.61610084133234 ], [ -0.095436942393838, 51.616101372146339 ], [ -0.095413384201909, 51.616103417492383 ], [ -0.095389013894803, 51.616105539568203 ], [ -0.09537538607807, 51.616106730044578 ], [ -0.095322483939701, 51.6161106637852 ], [ -0.095312515144512, 51.616111401114594 ], [ -0.095234444105717, 51.616117210095105 ], [ -0.095190598338754, 51.616120463573111 ], [ -0.095182020176176, 51.61612110657822 ], [ -0.09515526483217, 51.616123095443079 ], [ -0.095111353909865, 51.616126352329623 ], [ -0.095080128665664, 51.616128668732465 ], [ -0.095046077711157, 51.616131200005796 ], [ -0.095028965059123, 51.616132477711382 ], [ -0.095020604167678, 51.616133106249372 ], [ -0.095015880721731, 51.616133452163204 ], [ -0.094990886159855, 51.616135303234095 ], [ -0.094931637413218, 51.616139709216014 ], [ -0.094902943132607, 51.61614126006409 ], [ -0.094876840440747, 51.616142667763782 ], [ -0.094830585238304, 51.616145162565488 ], [ -0.094815311310491, 51.616145993511765 ], [ -0.094810229624349, 51.616146270649772 ], [ -0.094700346195152, 51.616152200888664 ], [ -0.094680410691681, 51.61615327980649 ], [ -0.094672853493428, 51.616153687573714 ], [ -0.094600111610165, 51.61615761786625 ], [ -0.09458734983761, 51.616158305256214 ], [ -0.094579662347811, 51.616158719892901 ], [ -0.094562697275266, 51.616159577282303 ], [ -0.094553852738302, 51.616160027071366 ], [ -0.094513437709476, 51.616162068104401 ], [ -0.094481649940228, 51.616163673794844 ], [ -0.094425659338693, 51.616166504827348 ], [ -0.094351154416699, 51.616170280422132 ], [ -0.09431377878481, 51.616172177440824 ], [ -0.094259337211658, 51.616174925657972 ], [ -0.094230335477177, 51.616176401204605 ], [ -0.094224364347033, 51.61617670432851 ], [ -0.094202231337282, 51.616177828384437 ], [ -0.09415142306577, 51.61618039280318 ], [ -0.094139654398325, 51.616180992871556 ], [ -0.094132865627094, 51.61618133216075 ], [ -0.094106361239381, 51.616182672911819 ], [ -0.094065309535333, 51.616184739413548 ], [ -0.094050877322462, 51.61618547603166 ], [ -0.094045347771046, 51.616185754849923 ], [ -0.093968078017139, 51.616189669611018 ], [ -0.093870130254294, 51.616194111484177 ], [ -0.093853024197756, 51.616194885547493 ], [ -0.093822871039323, 51.616196261345245 ], [ -0.093776161851257, 51.616198384158459 ], [ -0.093768246026376, 51.616198732083134 ], [ -0.093758665297583, 51.616199169845302 ], [ -0.09372791176954, 51.616200567332967 ], [ -0.09372300554941, 51.616200793321639 ], [ -0.093709937357865, 51.616201381214438 ], [ -0.093703555016325, 51.61620167313103 ], [ -0.093691731234788, 51.616202209311375 ], [ -0.093678315476261, 51.616202818527967 ], [ -0.093602524675079, 51.616206253512935 ], [ -0.093597401554354, 51.616206484962682 ], [ -0.09356819669013, 51.616207808668229 ], [ -0.093525764092133, 51.616209735630129 ], [ -0.093479788170839, 51.616211766833665 ], [ -0.093448790364755, 51.616213133299588 ], [ -0.09341423975988, 51.616214657813138 ], [ -0.093386215470255, 51.61621590175087 ], [ -0.093374269362404, 51.616216426918001 ], [ -0.093319313623107, 51.616218860597002 ], [ -0.093300443107205, 51.6162196868233 ], [ -0.093291803649655, 51.616220067912415 ], [ -0.093241384908083, 51.616222296558355 ], [ -0.093146003291984, 51.616226509781498 ], [ -0.093126901059476, 51.616227350197072 ], [ -0.093117147101613, 51.61622778509021 ], [ -0.093099108279046, 51.616228584342466 ], [ -0.093049608583316, 51.616230769400218 ], [ -0.093041764923053, 51.616231118449683 ], [ -0.093017163501507, 51.616232202142236 ], [ -0.092919813810549, 51.616236500079772 ], [ -0.092911637393249, 51.616236861693949 ], [ -0.092906789282297, 51.616237079601198 ], [ -0.092888873714687, 51.616237867337048 ], [ -0.092804461547566, 51.616241593237454 ], [ -0.092773000283622, 51.616242987958074 ], [ -0.092735663769684, 51.616244637819612 ], [ -0.092584697217606, 51.616251300713799 ], [ -0.092574581625533, 51.616251747664798 ], [ -0.09252814220762, 51.616253806928128 ], [ -0.092464670369995, 51.616256605263004 ], [ -0.092448548857413, 51.616257323198077 ], [ -0.092383268131111, 51.616260199973958 ], [ -0.092372573633658, 51.61626067346026 ], [ -0.092333623520824, 51.616262566719897 ], [ -0.092238209615004, 51.616267201330814 ], [ -0.092143085143177, 51.616271822588487 ], [ -0.092122907914876, 51.61627280721666 ], [ -0.091933773413165, 51.616281995662938 ], [ -0.091927260007416, 51.616282312328295 ], [ -0.091870651452698, 51.616285060153494 ], [ -0.091853817715086, 51.616285883320522 ], [ -0.09174982047476, 51.616290935402866 ], [ -0.091745738909936, 51.616291129766296 ], [ -0.091653378949682, 51.616295615765971 ], [ -0.091630784180958, 51.616296381117643 ], [ -0.091589108347582, 51.616297825111062 ], [ -0.091475583324663, 51.616301705741478 ], [ -0.091414871604087, 51.616303784070602 ], [ -0.091241661583762, 51.616309714522096 ], [ -0.091233864596983, 51.616309983278533 ], [ -0.09109184173671, 51.616314856453059 ], [ -0.090899870771638, 51.616321407228014 ], [ -0.090891234296211, 51.616321716249786 ], [ -0.090841388658423, 51.616323017979809 ], [ -0.090803718679874, 51.616324005348062 ], [ -0.09068220556663, 51.616327197624777 ], [ -0.09067636369382, 51.616327345304875 ], [ -0.090523731646412, 51.616331343639565 ], [ -0.090517542581432, 51.616331503643352 ], [ -0.090419904039854, 51.61633406825289 ], [ -0.090399254071834, 51.61633461324778 ], [ -0.090323769734321, 51.616336585337933 ], [ -0.090305563785086, 51.616337062207243 ], [ -0.090242313225495, 51.616338711908732 ], [ -0.090207434061546, 51.616339627633977 ], [ -0.090192409441667, 51.616340021409414 ], [ -0.090155549680081, 51.616340976802981 ], [ -0.09007601563831, 51.61634307162133 ], [ -0.089996800289748, 51.616345144599222 ], [ -0.089978406304447, 51.616345627347719 ], [ -0.08989616472828, 51.616348217494505 ], [ -0.089881382856349, 51.6163486781318 ], [ -0.089873543307292, 51.616348928119869 ], [ -0.089788900626864, 51.616351595982991 ], [ -0.089779527961602, 51.616351892930986 ], [ -0.089585075702271, 51.616358014465042 ], [ -0.089536376115754, 51.616359541140689 ], [ -0.089497106557152, 51.616360780798459 ], [ -0.089468555127947, 51.616361673501423 ], [ -0.089435505016794, 51.616362717714978 ], [ -0.089375436588192, 51.616364607638417 ], [ -0.089305163257508, 51.616365629840359 ], [ -0.0892335752186, 51.616366657555517 ], [ -0.089214149833112, 51.616366934535939 ], [ -0.089150510787624, 51.616367857919784 ], [ -0.089138947788248, 51.616368029200132 ], [ -0.089056562925659, 51.616369213594119 ], [ -0.089048613551986, 51.616369326849942 ], [ -0.088881314317459, 51.616371735161863 ], [ -0.088756767057936, 51.616371499314184 ], [ -0.088735072848728, 51.616371455973116 ], [ -0.088722925944607, 51.616371428852993 ], [ -0.088645854631728, 51.616371287738502 ], [ -0.088620636237127, 51.616371236393142 ], [ -0.088457033489301, 51.616370925665656 ], [ -0.088407723378552, 51.616370823269705 ], [ -0.088334263056937, 51.616370686859391 ], [ -0.088316507872351, 51.616370748121099 ], [ -0.088277169241255, 51.616370880166457 ], [ -0.088253129600894, 51.616370964861346 ], [ -0.088088840297813, 51.616371523693807 ], [ -0.088078019516188, 51.616371563090631 ], [ -0.087910913149704, 51.616372129699116 ], [ -0.087893634694067, 51.616372189677676 ], [ -0.087742852951025, 51.616372707493007 ], [ -0.087690746469686, 51.6163717768463 ], [ -0.087649926925503, 51.616371057219972 ], [ -0.087516196182332, 51.61636867844949 ], [ -0.087322723328743, 51.616365235184858 ], [ -0.087069854835904, 51.616360732781722 ], [ -0.087051119818652, 51.616360049474089 ], [ -0.086573928979911, 51.616342381331449 ], [ -0.086553334717874, 51.616341600162663 ], [ -0.086557690533137, 51.616324922668191 ], [ -0.086565237466929, 51.616288005621371 ], [ -0.086626571358728, 51.615988071707577 ], [ -0.08666264866906, 51.615811624617415 ], [ -0.086678087838428, 51.615736096559942 ], [ -0.086858155900795, 51.615718180841938 ], [ -0.087598228933313, 51.615645516264891 ], [ -0.087652953687764, 51.61564014994817 ], [ -0.087709477388961, 51.615634597122565 ], [ -0.088175415502978, 51.615588850989646 ], [ -0.08863829193932, 51.615543412823563 ], [ -0.088650997814155, 51.615542163139679 ], [ -0.089001552092745, 51.615507751974924 ], [ -0.089201180313368, 51.615506248059503 ], [ -0.089261649540725, 51.615505794591677 ] ] ] } },
{ "type": "Feature", "properties": { "lsoa21cd": "E01001465", "lsoa21nm": "Enfield 031B", "msoa21cd": "E02000307", "msoa21nm": "Enfield 031", "lad22cd": "E09000010", "lad22nm": "Enfield", "index_right": 313, "GSS_CODE": "E05000205", "risk_score": 7.5590835823310796, "allocation_hours": 62.118101517181024, "patrol_units": 31 }, "geometry": { "type": "Polygon", "coordinates": [ [ [ -0.081041433998299, 51.622108905911261 ], [ -0.081042955751435, 51.622105711491237 ], [ -0.080984549429748, 51.622134763865986 ], [ -0.080739238319887, 51.622082954652555 ], [ -0.080700585738705, 51.622080065013144 ], [ -0.080671776281629, 51.622077741103432 ], [ -0.080666462816124, 51.622076817847017 ], [ -0.08063688373681, 51.622076126963343 ], [ -0.080608758074581, 51.622072663187069 ], [ -0.080603896751514, 51.622072835420845 ], [ -0.080558436010691, 51.622074483444841 ], [ -0.080538875138239, 51.622073120186563 ], [ -0.080508295700513, 51.622070974097163 ], [ -0.080493517153504, 51.62206994088919 ], [ -0.080416860278365, 51.622057022999677 ], [ -0.080411509603803, 51.622056467815511 ], [ -0.080365264077488, 51.622040783344914 ], [ -0.080345745189983, 51.622033980272491 ], [ -0.080339592281806, 51.622031896716479 ], [ -0.080322084617214, 51.622029465445017 ], [ -0.080175261632038, 51.622029184441132 ], [ -0.080166530135399, 51.622028295137532 ], [ -0.080155122925597, 51.622027137221664 ], [ -0.080144823536838, 51.622026087363849 ], [ -0.080075074880879, 51.622005926456112 ], [ -0.080063000483782, 51.622002437541596 ], [ -0.080021772708083, 51.622002715848083 ], [ -0.080013810565264, 51.6220027653562 ], [ -0.079941589117978, 51.622000274639056 ], [ -0.079879721108673, 51.621989005829093 ], [ -0.079863895141637, 51.62198609394359 ], [ -0.079849195191343, 51.621981833628908 ], [ -0.079835989117137, 51.621980169628173 ], [ -0.079819995259869, 51.62197815423918 ], [ -0.079811082346982, 51.62197625927373 ], [ -0.079678460479161, 51.621964524376168 ], [ -0.079669844861202, 51.621962944509193 ], [ -0.079652659935058, 51.621958005014122 ], [ -0.079641127368384, 51.621956053654273 ], [ -0.079594451560425, 51.621948167330693 ], [ -0.079582703969382, 51.621946176474204 ], [ -0.079554671988686, 51.621945627551192 ], [ -0.079536368723495, 51.621945273893381 ], [ -0.079380185787949, 51.621942230798673 ], [ -0.07936598713062, 51.621923374790569 ], [ -0.079349600162335, 51.621901605340724 ], [ -0.079342896081234, 51.621888636261005 ], [ -0.079327485370417, 51.621858807517995 ], [ -0.079325296650045, 51.621854536201432 ], [ -0.079406332033306, 51.621588452858525 ], [ -0.07940713776647, 51.621585795276367 ], [ -0.079419968326971, 51.621543695607777 ], [ -0.07951123224379, 51.621558256182155 ], [ -0.079570639851233, 51.621567735864602 ], [ -0.07963604546231, 51.621578177006995 ], [ -0.079675062722118, 51.62158439121157 ], [ -0.079713548122462, 51.621590542739838 ], [ -0.079744744243074, 51.621595522786635 ], [ -0.079842207327546, 51.621611074856339 ], [ -0.079850472606329, 51.621612397185466 ], [ -0.079922206477477, 51.621623850014991 ], [ -0.080020723470964, 51.621637027180391 ], [ -0.080092377582901, 51.621646608156702 ], [ -0.080108955262813, 51.621648821909574 ], [ -0.080152050932192, 51.621654590142398 ], [ -0.08031310377207, 51.621678097953271 ], [ -0.080357311889394, 51.62168454976414 ], [ -0.080458248454116, 51.62169927690276 ], [ -0.08049308082751, 51.621704361223998 ], [ -0.080568431325271, 51.621715360271942 ], [ -0.080577079082342, 51.621695997042373 ], [ -0.08057899362988, 51.621691711969966 ], [ -0.080600340430932, 51.621643942396517 ], [ -0.080670292758096, 51.621654826059391 ], [ -0.080874380248892, 51.621686582055652 ], [ -0.081245053747092, 51.62174425930877 ], [ -0.081240343815737, 51.621750427552307 ], [ -0.081200509383198, 51.621791276287553 ], [ -0.081190980321389, 51.621801066104545 ], [ -0.081185800193832, 51.621806394846402 ], [ -0.081206989743749, 51.621809556167641 ], [ -0.081321694499452, 51.621826674999539 ], [ -0.081355029083764, 51.621831653627218 ], [ -0.081539246074597, 51.621859144671532 ], [ -0.081632914045864, 51.621870856307453 ], [ -0.081639885378805, 51.621871006303813 ], [ -0.081680955613773, 51.621879933181155 ], [ -0.081743111872616, 51.621893449382718 ], [ -0.081759833021847, 51.621896717370021 ], [ -0.08176698378334, 51.621898434989689 ], [ -0.081774605451868, 51.621900290702101 ], [ -0.08178370414232, 51.621901208372712 ], [ -0.081950391973318, 51.621771897487172 ], [ -0.082017795163888, 51.621719620245798 ], [ -0.082025757310539, 51.621709984589977 ], [ -0.082043866300831, 51.621673519359923 ], [ -0.082045345089117, 51.621665863941644 ], [ -0.082052198225505, 51.62163013187822 ], [ -0.082047620518297, 51.621571210052835 ], [ -0.082046451239267, 51.621567081355835 ], [ -0.08203448533634, 51.621546643542658 ], [ -0.081786623873258, 51.621583029270823 ], [ -0.081613268501777, 51.621577855818423 ], [ -0.081425997012755, 51.621513580511731 ], [ -0.081420295539709, 51.621512952190614 ], [ -0.081412843356662, 51.621516836447178 ], [ -0.081165638136406, 51.621479160303629 ], [ -0.081133743292485, 51.621474304091471 ], [ -0.08101430883861, 51.621434419574577 ], [ -0.080987724144107, 51.621410891830578 ], [ -0.08094618195683, 51.621374152140007 ], [ -0.081088554759476, 51.621306996503833 ], [ -0.081097615455231, 51.621299743912601 ], [ -0.081119684245263, 51.621282075000764 ], [ -0.081120486821412, 51.621279147581063 ], [ -0.081168004635378, 51.621106261664046 ], [ -0.081169438131766, 51.621098313257029 ], [ -0.081167613465441, 51.621094996641922 ], [ -0.081171433980194, 51.621092100612309 ], [ -0.081175269689564, 51.621089186846149 ], [ -0.081321249282849, 51.620978314412056 ], [ -0.081354605121446, 51.620929734008641 ], [ -0.081358114266568, 51.620917102984038 ], [ -0.081365288652733, 51.620891223004946 ], [ -0.081365059178173, 51.620884681696467 ], [ -0.081362681631638, 51.620819519046755 ], [ -0.081362318590743, 51.620809297616653 ], [ -0.081338050745276, 51.62075484663761 ], [ -0.081331875365962, 51.62075295610304 ], [ -0.081260561070978, 51.620731075178021 ], [ -0.081161697107182, 51.620718967961018 ], [ -0.081151659900143, 51.620717531303427 ], [ -0.081129230958486, 51.62071277150207 ], [ -0.081119237973208, 51.62071062965309 ], [ -0.081110490692515, 51.620708750982367 ], [ -0.081070917859373, 51.620703904011776 ], [ -0.081061720395379, 51.620701910061527 ], [ -0.081049909956813, 51.620699360784542 ], [ -0.081021618656968, 51.620698812456226 ], [ -0.080815797777203, 51.620656889237765 ], [ -0.080780607419135, 51.620649694896514 ], [ -0.080770050562292, 51.620648762275472 ], [ -0.080760250555007, 51.620649748451193 ], [ -0.080667558096414, 51.620661180787401 ], [ -0.080650262545263, 51.620663316729157 ], [ -0.080585620646881, 51.62071007201898 ], [ -0.080578112310252, 51.620718536988015 ], [ -0.080558726494503, 51.620755115997895 ], [ -0.080553065018179, 51.620776632348061 ], [ -0.080548662696492, 51.620793304356454 ], [ -0.080547491277487, 51.620797781440842 ], [ -0.080548278837464, 51.62084275688855 ], [ -0.080548341282893, 51.620846067154822 ], [ -0.080560435606989, 51.620886020983939 ], [ -0.080565138686504, 51.620901565073858 ], [ -0.08059164539701, 51.620934111134424 ], [ -0.080593651258189, 51.620938096170349 ], [ -0.08044310463262, 51.621039913948735 ], [ -0.080437334462567, 51.62104382117672 ], [ -0.080418158439414, 51.621107920683833 ], [ -0.080417250593518, 51.621110945294006 ], [ -0.080423528839571, 51.621157943998114 ], [ -0.080424122424213, 51.621162360043968 ], [ -0.080552515589428, 51.621289052625464 ], [ -0.080548358758546, 51.621290846045042 ], [ -0.080462243865962, 51.621313941258862 ], [ -0.080354497406504, 51.621333912663367 ], [ -0.080237294542906, 51.621329458393696 ], [ -0.080093421088465, 51.621306942094492 ], [ -0.080029183963079, 51.621296889024769 ], [ -0.0799835322246, 51.621289739013172 ], [ -0.079976175167016, 51.621281179099718 ], [ -0.079975540988926, 51.621278511430312 ], [ -0.079978238251502, 51.621264248499294 ], [ -0.079979135057389, 51.621259434201498 ], [ -0.079983321677853, 51.621237273248802 ], [ -0.079998823758352, 51.621155173598751 ], [ -0.080004073909437, 51.621127328802878 ], [ -0.080006604403228, 51.621113935414726 ], [ -0.0800153163982, 51.621067748609775 ], [ -0.080016878676242, 51.621059492080917 ], [ -0.080021197820603, 51.621036586917562 ], [ -0.08002291089111, 51.621027496553459 ], [ -0.080032216918154, 51.620978190077217 ], [ -0.080040219325341, 51.620935804479274 ], [ -0.08004548689668, 51.620907888026302 ], [ -0.080046880516743, 51.62090054597229 ], [ -0.08005445595982, 51.620860401511898 ], [ -0.08005590882912, 51.620852682742154 ], [ -0.080058047313035, 51.620841728898903 ], [ -0.080059396492473, 51.620834754810247 ], [ -0.080068991160973, 51.620785453055717 ], [ -0.080076849582063, 51.620745106398225 ], [ -0.08007830776924, 51.620737603535517 ], [ -0.080079598829139, 51.620730979203181 ], [ -0.080083656226501, 51.620710165007857 ], [ -0.080088194869146, 51.620686849779212 ], [ -0.080089931469851, 51.620677885694349 ], [ -0.080100076829353, 51.62062580527266 ], [ -0.080103618393607, 51.620607626431237 ], [ -0.080114373729931, 51.620552390628802 ], [ -0.080117252095525, 51.62053760010042 ], [ -0.080112984065601, 51.620529886597474 ], [ -0.080111479960377, 51.62052719119913 ], [ -0.080103749513575, 51.620484485102843 ], [ -0.080132766582273, 51.620457452008225 ], [ -0.080142303444853, 51.620408967619248 ], [ -0.080160663600716, 51.620314594986752 ], [ -0.08016846753644, 51.6202745082132 ], [ -0.08017368863717, 51.620247688079473 ], [ -0.080180240640642, 51.6202139834812 ], [ -0.080181306814888, 51.620208578448178 ], [ -0.080184498693538, 51.620189305785679 ], [ -0.080186082455011, 51.620175887903159 ], [ -0.080186772936131, 51.620171169143781 ], [ -0.080190925352408, 51.620165203139273 ], [ -0.080202524111639, 51.620117696710366 ], [ -0.080211338783104, 51.620064623303982 ], [ -0.08021370045015, 51.620050435805922 ], [ -0.080221894484801, 51.620001111109922 ], [ -0.080227939917647, 51.619964691469896 ], [ -0.080225258908074, 51.619961814942656 ], [ -0.080218431965843, 51.619954491196225 ], [ -0.080219509074311, 51.619947116981237 ], [ -0.080224321119143, 51.619914247179672 ], [ -0.080226069707315, 51.619902261804043 ], [ -0.08022658515589, 51.619890058407805 ], [ -0.080242075645431, 51.619879691812216 ], [ -0.080243494225352, 51.619871073227117 ], [ -0.080250949848428, 51.619826232698443 ], [ -0.080263001106629, 51.619753644556255 ], [ -0.080269232200182, 51.619716247768558 ], [ -0.080280004976714, 51.619651354273977 ], [ -0.080282186743481, 51.619642793143171 ], [ -0.080283675882381, 51.619636949902947 ], [ -0.080353409706086, 51.619362888926375 ], [ -0.080175863571531, 51.619380863321375 ], [ -0.080161993902286, 51.619382272917406 ], [ -0.080148805322036, 51.619382263851314 ], [ -0.080123511602904, 51.619382245465601 ], [ -0.080053131729563, 51.61937438490736 ], [ -0.080046185048197, 51.619372976263421 ], [ -0.080020661335354, 51.619367801379234 ], [ -0.079986343542859, 51.619360836889804 ], [ -0.079948101345593, 51.619348286737427 ], [ -0.079917776769821, 51.61933502090185 ], [ -0.079853950250403, 51.619307106293263 ], [ -0.079838901195346, 51.619300529172918 ], [ -0.079826799155555, 51.61929514684666 ], [ -0.079797002248727, 51.619275444682287 ], [ -0.079881171252946, 51.619222177020688 ], [ -0.079892411891789, 51.619214951220819 ], [ -0.079952467990197, 51.619159083764941 ], [ -0.079955560885811, 51.619154602172671 ], [ -0.079958490432982, 51.61915022581622 ], [ -0.07998587703544, 51.619109245654741 ], [ -0.079986691799484, 51.619106372396047 ], [ -0.079995713837711, 51.61907472256361 ], [ -0.079995344094955, 51.619071164466895 ], [ -0.079983088361503, 51.618956057461872 ], [ -0.079979994797799, 51.618927041923229 ], [ -0.079908062109751, 51.618925864263645 ], [ -0.07979790391265, 51.618924060702334 ], [ -0.079779859391854, 51.618923765259169 ], [ -0.079755795219391, 51.618923371251825 ], [ -0.079631894332723, 51.618921342520537 ], [ -0.079552498455707, 51.618920042437558 ], [ -0.079522198103455, 51.618919546264458 ], [ -0.07943418455389, 51.618918095991603 ], [ -0.07941536013645, 51.618917796713205 ], [ -0.079413167284728, 51.618890378588262 ], [ -0.079398131552436, 51.618884858247476 ], [ -0.079402247723966, 51.61878402511671 ], [ -0.079397407056958, 51.618764229750106 ], [ -0.079398988679201, 51.618724063595437 ], [ -0.07939725548104, 51.618715168589816 ], [ -0.079395887768421, 51.618708221953241 ], [ -0.079396810565411, 51.61869185269876 ], [ -0.079397006521261, 51.618688582631513 ], [ -0.079396342806372, 51.618685487328769 ], [ -0.079392154977483, 51.618665626216284 ], [ -0.079391359051947, 51.618661899272134 ], [ -0.079392756870619, 51.618634629873092 ], [ -0.07939128409015, 51.618616153108341 ], [ -0.079386965310592, 51.618562127276753 ], [ -0.079385298364765, 51.618541066479345 ], [ -0.079383424720815, 51.618517718197353 ], [ -0.079382660974813, 51.618508101680973 ], [ -0.079381790458806, 51.618497251441134 ], [ -0.07937870090547, 51.618458577981244 ], [ -0.079378342211828, 51.618454075848199 ], [ -0.07937439658554, 51.618404552384348 ], [ -0.079372476213908, 51.618380600837611 ], [ -0.079369719146172, 51.618346024417292 ], [ -0.07936804271397, 51.618324846560675 ], [ -0.07936541484347, 51.61829199881916 ], [ -0.079364697460489, 51.618282994552743 ], [ -0.079363120586986, 51.618263221159069 ], [ -0.079361469239915, 51.618242475353689 ], [ -0.07935679182746, 51.618183947384729 ], [ -0.079355891684836, 51.618172772928155 ], [ -0.079353449248683, 51.618142032471518 ], [ -0.079349603600183, 51.618093904481483 ], [ -0.079349244911192, 51.618089402348104 ], [ -0.079349624240444, 51.618080425034591 ], [ -0.079350208618581, 51.618066936834978 ], [ -0.079351172324747, 51.618044471321767 ], [ -0.079352224501557, 51.618019912000584 ], [ -0.079373596389212, 51.617980766865024 ], [ -0.080003385244032, 51.61799952307716 ], [ -0.080011372462665, 51.617974240986513 ], [ -0.080015893280825, 51.617959891001362 ], [ -0.08001929320072, 51.61794916463483 ], [ -0.080026569260703, 51.617934904718744 ], [ -0.080039997506147, 51.617866988254697 ], [ -0.080043667761623, 51.617858240170619 ], [ -0.080045963960205, 51.617848165676641 ], [ -0.080047900656242, 51.617839591543785 ], [ -0.080051425600411, 51.617830692704025 ], [ -0.080056743782464, 51.617817299985326 ], [ -0.080061140842634, 51.617806221248578 ], [ -0.080063203451542, 51.61780287382912 ], [ -0.080071560733657, 51.617781482560083 ], [ -0.080076994552242, 51.61776740380602 ], [ -0.080080097850258, 51.617753781487558 ], [ -0.080082010611312, 51.617745431775219 ], [ -0.080085360444306, 51.617737258461666 ], [ -0.080089612022287, 51.617726887751083 ], [ -0.080092839252195, 51.617710673120008 ], [ -0.08009381609811, 51.617683441785069 ], [ -0.080095734142549, 51.617630848974876 ], [ -0.080100049913257, 51.617620668157642 ], [ -0.080122826761991, 51.617567049955873 ], [ -0.080124014525996, 51.617564236757275 ], [ -0.080127570893116, 51.617558697134889 ], [ -0.080130597148644, 51.617547924181736 ], [ -0.080134496033616, 51.61753359098828 ], [ -0.08013520598924, 51.617522254053895 ], [ -0.080135866211111, 51.617511752609424 ], [ -0.080136945629072, 51.617506716485288 ], [ -0.080151339224158, 51.617439193496509 ], [ -0.080152039370233, 51.617435099874001 ], [ -0.08015588676637, 51.617420788318199 ], [ -0.080165795988345, 51.617386248410455 ], [ -0.080168419430001, 51.617377145966628 ], [ -0.080216332284704, 51.617276287876912 ], [ -0.080218203380503, 51.617272343813731 ], [ -0.080240754306185, 51.617249377383224 ], [ -0.080253925796419, 51.617235582652683 ], [ -0.080251319971049, 51.617228022252156 ], [ -0.080248757690652, 51.617206946810796 ], [ -0.080242661773861, 51.617156659749462 ], [ -0.080244540540342, 51.617024473092691 ], [ -0.080131444596777, 51.616994142292775 ], [ -0.080269801349092, 51.616677360640736 ], [ -0.080365744719673, 51.616683859077597 ], [ -0.080597271230251, 51.616699527822206 ], [ -0.080601178964855, 51.616695922820888 ], [ -0.08062503026436, 51.616673939735364 ], [ -0.080801968614035, 51.61669065702813 ], [ -0.080938938310405, 51.616703599600534 ], [ -0.08098224315935, 51.616704308230538 ], [ -0.081213202383287, 51.616708087320504 ], [ -0.08194068122817, 51.616659324102784 ], [ -0.082138238866861, 51.616646080741234 ], [ -0.082183753279157, 51.61664303021152 ], [ -0.082300383378126, 51.616617959830236 ], [ -0.082374181283137, 51.616591932674922 ], [ -0.082476996244975, 51.616539914893707 ], [ -0.082551064103779, 51.616496163257501 ], [ -0.082610318289961, 51.616461161915161 ], [ -0.082655516147741, 51.616416938195236 ], [ -0.082716663282186, 51.616337005065205 ], [ -0.082731855376771, 51.616319268364528 ], [ -0.082734923847051, 51.616316036254275 ], [ -0.08288301849331, 51.616159873945463 ], [ -0.082883397083845, 51.616150887597726 ], [ -0.0827265074753, 51.616103360035531 ], [ -0.082251081599056, 51.61587079084142 ], [ -0.08232472522692, 51.615737682550787 ], [ -0.082349366178401, 51.615693158763037 ], [ -0.082358722223662, 51.615695654312795 ], [ -0.082475149324323, 51.615726761376081 ], [ -0.082664108690201, 51.615772817300432 ], [ -0.082988082794964, 51.615851780578467 ], [ -0.083312119483305, 51.615917623850812 ], [ -0.083432469461104, 51.615942386871659 ], [ -0.083496912178136, 51.615955642911793 ], [ -0.083711306432005, 51.615999738742183 ], [ -0.084036568762553, 51.616056418619849 ], [ -0.084188381453272, 51.616082863904815 ], [ -0.084262287643122, 51.616095734563082 ], [ -0.084348511269475, 51.616110757760538 ], [ -0.084440329303186, 51.616124307574133 ], [ -0.084656135788383, 51.616156167890658 ], [ -0.084672917789654, 51.616158636158261 ], [ -0.08472873207516, 51.616166876633699 ], [ -0.084768697713717, 51.616172780976704 ], [ -0.084799461704106, 51.616177321040468 ], [ -0.084808792897966, 51.616178696414018 ], [ -0.084922447945332, 51.616191990974052 ], [ -0.084963456063436, 51.616196806232317 ], [ -0.08499098221108, 51.616200025453132 ], [ -0.085004019354731, 51.616201551266045 ], [ -0.085069521328397, 51.616209216946885 ], [ -0.08512831063479, 51.616216098537194 ], [ -0.085167235200676, 51.616220654888679 ], [ -0.08533590456583, 51.616238201691871 ], [ -0.085378546480821, 51.616242638817276 ], [ -0.08542505700105, 51.616247480805299 ], [ -0.085439208678953, 51.616248952825835 ], [ -0.085448528031003, 51.61624992330016 ], [ -0.085603520389029, 51.616266050406601 ], [ -0.085763187167292, 51.616282658274407 ], [ -0.085809681615186, 51.616286510667948 ], [ -0.085847208122038, 51.616289623150578 ], [ -0.08594778266633, 51.616297964241788 ], [ -0.086011492825998, 51.616303248597895 ], [ -0.086165010609039, 51.616315978689549 ], [ -0.086258891592061, 51.616323769634938 ], [ -0.086267593985836, 51.616324298333751 ], [ -0.086553334717874, 51.616341600162663 ], [ -0.086545205869873, 51.61638479798161 ], [ -0.086521568956051, 51.616497421293047 ], [ -0.08651939815738, 51.616504903618207 ], [ -0.086515318050194, 51.616518802425368 ], [ -0.086458158112359, 51.616714293331185 ], [ -0.086422341739743, 51.616836753536724 ], [ -0.08641545834813, 51.616860291541286 ], [ -0.086411865571277, 51.616872561659243 ], [ -0.086365239749098, 51.6170071472283 ], [ -0.086360539143709, 51.617020685197346 ], [ -0.086344114738723, 51.617068095517645 ], [ -0.08632121147823, 51.617134230446972 ], [ -0.086302371131352, 51.617188570495436 ], [ -0.086289593183088, 51.617225483018409 ], [ -0.086247307468915, 51.617320635031142 ], [ -0.086243973448918, 51.617328116338328 ], [ -0.086221236786989, 51.617379236352079 ], [ -0.08621976799606, 51.617382557592641 ], [ -0.086216301666616, 51.617389407264859 ], [ -0.086206551649343, 51.617408609004151 ], [ -0.08617730079146, 51.617466232189614 ], [ -0.086175907112793, 51.617468970142937 ], [ -0.086112470675145, 51.617593856851649 ], [ -0.086107540370481, 51.617603569221401 ], [ -0.086102817497375, 51.617611099798474 ], [ -0.086100247183699, 51.617615194400535 ], [ -0.08604212597643, 51.61770766892198 ], [ -0.086040299630602, 51.617710561677377 ], [ -0.086027449137073, 51.617731007721098 ], [ -0.086024165971508, 51.617736250719894 ], [ -0.086019443827876, 51.617743763320874 ], [ -0.086010058952358, 51.617758578168186 ], [ -0.085952032948302, 51.617841751460482 ], [ -0.085928419986899, 51.617875591518263 ], [ -0.08589014066607, 51.617930459453497 ], [ -0.085887043291078, 51.617934891659949 ], [ -0.085882177615987, 51.61794186685934 ], [ -0.085834951452636, 51.618009546941273 ], [ -0.085821652559663, 51.618027773490248 ], [ -0.085818962470931, 51.618031452476629 ], [ -0.085788271364399, 51.618073518419287 ], [ -0.085785268919601, 51.618077582580987 ], [ -0.085765323936765, 51.618104926947318 ], [ -0.085754900045464, 51.618119198754897 ], [ -0.085727414152586, 51.618156842333391 ], [ -0.085722953056046, 51.618162956354467 ], [ -0.085689457948681, 51.618208828890623 ], [ -0.085676642043052, 51.618226388871172 ], [ -0.085623616808214, 51.618299010014333 ], [ -0.085615837184022, 51.618309660531658 ], [ -0.085599257595285, 51.618332379212589 ], [ -0.085565487485175, 51.618377572789754 ], [ -0.08555017991405, 51.618398041622854 ], [ -0.08550102613003, 51.618463792697113 ], [ -0.085490004214948, 51.618478540315643 ], [ -0.085453432827255, 51.618527473975369 ], [ -0.085446758890376, 51.61853639349178 ], [ -0.085421301668292, 51.618570446146052 ], [ -0.085406378604418, 51.61858967128169 ], [ -0.0853921277897, 51.6186080261255 ], [ -0.085349652531123, 51.618662681517847 ], [ -0.085340992856385, 51.618673816734493 ], [ -0.08533457785918, 51.6186820750275 ], [ -0.085317197341575, 51.618704425392011 ], [ -0.085284313668296, 51.618746737782367 ], [ -0.085276091373603, 51.618756405365261 ], [ -0.085247742851838, 51.618789475558707 ], [ -0.085230149256998, 51.618810023931943 ], [ -0.085171899345624, 51.618878045347884 ], [ -0.085169848694539, 51.618880430848449 ], [ -0.08516475910144, 51.618886372723225 ], [ -0.085088567355071, 51.618975314462148 ], [ -0.08508239904656, 51.618982515655283 ], [ -0.08507437720404, 51.618991880753214 ], [ -0.085065131266592, 51.619003213205978 ], [ -0.08504706440087, 51.619025390461751 ], [ -0.085043499415778, 51.61902977454622 ], [ -0.085035350382242, 51.619039758047556 ], [ -0.085018990018344, 51.61905983194147 ], [ -0.084886779414224, 51.619222091952984 ], [ -0.084879299925673, 51.619231268065448 ], [ -0.084845740188185, 51.619272463248059 ], [ -0.084842298216314, 51.619276669488038 ], [ -0.084835305268239, 51.619285269030208 ], [ -0.084809362845766, 51.619317101501281 ], [ -0.084800360225996, 51.619328141161823 ], [ -0.084780555744028, 51.619352466202187 ], [ -0.084773061020036, 51.619361660044426 ], [ -0.084756573899695, 51.619381821770489 ], [ -0.084732672246141, 51.619407388303429 ], [ -0.084723906228425, 51.619416754720376 ], [ -0.08471942873411, 51.61942153755124 ], [ -0.084695361239554, 51.619447267729946 ], [ -0.084669311357217, 51.619475132722471 ], [ -0.084646681485266, 51.61949931268164 ], [ -0.084634306799257, 51.619512554377806 ], [ -0.084625744904014, 51.619521703805042 ], [ -0.084621834296686, 51.619525888896518 ], [ -0.084611873267156, 51.61953653070951 ], [ -0.084595278190932, 51.619554280659884 ], [ -0.084585868864115, 51.619564342472096 ], [ -0.084544207891413, 51.619608885362574 ], [ -0.084539367234884, 51.619614057925787 ], [ -0.08453039697561, 51.619623641309545 ], [ -0.084522787296349, 51.619631790128636 ], [ -0.084484106419348, 51.619673144369578 ], [ -0.084446076516861, 51.619713789830499 ], [ -0.084434321994498, 51.619726367197941 ], [ -0.084419663964638, 51.619742026531796 ], [ -0.084407667090581, 51.619754869713404 ], [ -0.084343995108865, 51.619822946102559 ], [ -0.084341771705374, 51.619825315280451 ], [ -0.084334071745725, 51.619833548042017 ], [ -0.084325056010245, 51.619843180126765 ], [ -0.084277552752191, 51.619894025665033 ], [ -0.084271455897394, 51.619900553551496 ], [ -0.084257962356592, 51.61991497293689 ], [ -0.084243328445328, 51.619930639837726 ], [ -0.084236177590241, 51.619938285359609 ], [ -0.084200398973764, 51.619976575512752 ], [ -0.084182427025553, 51.619995795671763 ], [ -0.084142471927048, 51.62003857678372 ], [ -0.084139431645834, 51.620041818375448 ], [ -0.084136488418109, 51.620044985116259 ], [ -0.084078781697627, 51.620106724677527 ], [ -0.084075740460401, 51.620109988733304 ], [ -0.084060506153441, 51.62012629056678 ], [ -0.084054954315986, 51.620132224848263 ], [ -0.084023880565468, 51.620165475075176 ], [ -0.0840074065876, 51.620183083044502 ], [ -0.084002898178681, 51.620187910306768 ], [ -0.083994447713388, 51.620196980577923 ], [ -0.083991565809061, 51.62020006288828 ], [ -0.083978767217333, 51.620213756210944 ], [ -0.083952443741337, 51.620241922327132 ], [ -0.083941929156876, 51.620253180021415 ], [ -0.083932068617952, 51.620263315344594 ], [ -0.083928459657275, 51.620267024243134 ], [ -0.083853015882263, 51.62034461996241 ], [ -0.083828417039628, 51.62036990965008 ], [ -0.083815777451299, 51.620382913130761 ], [ -0.083805931293205, 51.620393048678778 ], [ -0.083798728145807, 51.620400457717238 ], [ -0.083790845439259, 51.620408566060178 ], [ -0.083784307407978, 51.620415275556937 ], [ -0.083782289652328, 51.620417562655902 ], [ -0.083735276074594, 51.620470470772695 ], [ -0.083723856266725, 51.620483323316265 ], [ -0.0837212170695, 51.620486301675832 ], [ -0.083714878508582, 51.620493419090742 ], [ -0.08368952121412, 51.620521960637369 ], [ -0.083666620765217, 51.620547736660988 ], [ -0.083661570265343, 51.620553427326215 ], [ -0.083648330927234, 51.620568318408516 ], [ -0.083643765683271, 51.620573463962863 ], [ -0.083623822899192, 51.620595902627819 ], [ -0.08361608835383, 51.620604606885806 ], [ -0.083604183028841, 51.620618009020227 ], [ -0.083599481597221, 51.620623300723977 ], [ -0.083580844449706, 51.620645436985967 ], [ -0.08355296874792, 51.620678541515552 ], [ -0.083540886263805, 51.62069288945829 ], [ -0.083534133653872, 51.620700917333586 ], [ -0.083528035902774, 51.620708146583937 ], [ -0.083505467792037, 51.620734944161256 ], [ -0.083487081825587, 51.620756774272195 ], [ -0.083475219804723, 51.620770860532154 ], [ -0.083467463222783, 51.620780085985963 ], [ -0.083463996687952, 51.620784183876019 ], [ -0.083451921177146, 51.620798536420203 ], [ -0.083414906397798, 51.62084247142252 ], [ -0.083402283108177, 51.620857480455648 ], [ -0.083378148333407, 51.620886140833754 ], [ -0.083374498694353, 51.620890469534125 ], [ -0.083350135971813, 51.620919395956811 ], [ -0.083338730452086, 51.62093293212854 ], [ -0.083333209262518, 51.620939505346186 ], [ -0.083329240157145, 51.620944215502135 ], [ -0.08330769096725, 51.620969797721564 ], [ -0.08330257355355, 51.620975873956247 ], [ -0.083292665398739, 51.620987645085897 ], [ -0.083275359161477, 51.621008188897598 ], [ -0.083219634641787, 51.621078876519235 ], [ -0.083216978701775, 51.6210822502646 ], [ -0.083213865794625, 51.621086183069401 ], [ -0.083205302738917, 51.621097058939817 ], [ -0.08319664889215, 51.621108032243313 ], [ -0.083155454369513, 51.621160288863798 ], [ -0.083137016933509, 51.621183673784721 ], [ -0.083121571226076, 51.621203258807512 ], [ -0.08311430609471, 51.621212474286388 ], [ -0.083104919840605, 51.621224370833495 ], [ -0.083091945836335, 51.621240839881089 ], [ -0.083087627241744, 51.621246299687556 ], [ -0.083063420841997, 51.621276991139609 ], [ -0.083053773981679, 51.621289243123591 ], [ -0.083044966981009, 51.621300420740859 ], [ -0.083039121348008, 51.621307833937898 ], [ -0.08299688869361, 51.621361404428349 ], [ -0.082993958082831, 51.62136512438714 ], [ -0.082991898139302, 51.621368067236482 ], [ -0.08298744169799, 51.621374397059363 ], [ -0.082980802617259, 51.621383838583327 ], [ -0.082967370986147, 51.621402934941862 ], [ -0.082955883817013, 51.621419257420243 ], [ -0.082953324739371, 51.621422902518354 ], [ -0.082946731796843, 51.621432277350863 ], [ -0.082944656842267, 51.621435233442845 ], [ -0.082931316727512, 51.621454214390759 ], [ -0.082891806078175, 51.621510374216882 ], [ -0.082887779227673, 51.621516108560336 ], [ -0.082843625485579, 51.62157890987686 ], [ -0.082837616149322, 51.621587462436622 ], [ -0.082832668129857, 51.621594485633828 ], [ -0.082815147591162, 51.62161941422054 ], [ -0.082774629274687, 51.62167702331579 ], [ -0.082766645785866, 51.621688367247621 ], [ -0.082740810817587, 51.62172511994055 ], [ -0.082735739315208, 51.621732329957901 ], [ -0.082704065465755, 51.621777359216466 ], [ -0.082700567106255, 51.621782345024343 ], [ -0.082652054455357, 51.621858943257209 ], [ -0.082647705859334, 51.621865796396193 ], [ -0.082617771250523, 51.621913084206803 ], [ -0.082602029205109, 51.621937969898269 ], [ -0.082598902976684, 51.62194290063789 ], [ -0.08252593860543, 51.622058169713455 ], [ -0.08251737960747, 51.622071680406599 ], [ -0.082410780317746, 51.622240084772578 ], [ -0.082387824411788, 51.622271246163031 ], [ -0.082379717605426, 51.622282255331001 ], [ -0.082354278064734, 51.622316811244765 ], [ -0.082351175279744, 51.622321013968524 ], [ -0.082326819224416, 51.622360533469845 ], [ -0.08230655731413, 51.622393582356828 ], [ -0.082299095270661, 51.622405744109955 ], [ -0.082290856024018, 51.622419206060584 ], [ -0.082284743250754, 51.622429177718089 ], [ -0.082278040925317, 51.622440110926199 ], [ -0.082270267759024, 51.622452798148316 ], [ -0.082248873009582, 51.622487698944035 ], [ -0.082214183298095, 51.62254426111167 ], [ -0.082208240293145, 51.622553974758702 ], [ -0.082186799105104, 51.622588946724413 ], [ -0.082184874700519, 51.622592098604258 ], [ -0.082160734137868, 51.622631468724009 ], [ -0.082154280186404, 51.622641992331552 ], [ -0.082148756908647, 51.622651002431105 ], [ -0.082144121478386, 51.622659856190843 ], [ -0.082132494337843, 51.622682048410077 ], [ -0.082128424892866, 51.622689814338571 ], [ -0.082126633470946, 51.622693238167216 ], [ -0.082091358428822, 51.622760581735584 ], [ -0.082079196202547, 51.622783812826817 ], [ -0.082021514959107, 51.62289392252913 ], [ -0.082013360038274, 51.622909490086577 ], [ -0.082011756253438, 51.622912575266767 ], [ -0.08200913101356, 51.622917613101748 ], [ -0.081971090962484, 51.622990216997856 ], [ -0.08196944120638, 51.622993364373251 ], [ -0.081965803992722, 51.623000301061829 ], [ -0.081958111711879, 51.623015003908314 ], [ -0.08193719133638, 51.623054912240889 ], [ -0.081929053559225, 51.623071954844001 ], [ -0.081914577405747, 51.623102427510979 ], [ -0.081911358454588, 51.623109209173016 ], [ -0.081907886513118, 51.623116508262932 ], [ -0.081898815400327, 51.623135639846716 ], [ -0.081896865564742, 51.623139735519253 ], [ -0.081867990647005, 51.623200556214499 ], [ -0.081865390479445, 51.623206026096753 ], [ -0.081863297809215, 51.623210425177994 ], [ -0.081848122619099, 51.623242397145901 ], [ -0.081835705986884, 51.62326856909808 ], [ -0.081832139433924, 51.623276055481163 ], [ -0.081828778008411, 51.62328313156366 ], [ -0.081818305123464, 51.623305180765549 ], [ -0.081807229381788, 51.623328506035328 ], [ -0.081798079171835, 51.623347798183218 ], [ -0.081791007960364, 51.623362673041811 ], [ -0.081787946997619, 51.623369133554327 ], [ -0.081780780053957, 51.623384222666793 ], [ -0.08176333883706, 51.623420932584125 ], [ -0.081761006832727, 51.623425867299652 ], [ -0.081752079943842, 51.623444659516259 ], [ -0.081746974140227, 51.623455411979272 ], [ -0.081744659224625, 51.62346028402645 ], [ -0.081742327595568, 51.623465209755246 ], [ -0.081735921877566, 51.623478692664136 ], [ -0.08171752901679, 51.623517410324354 ], [ -0.081709680161192, 51.623533936073152 ], [ -0.081707411605988, 51.623539078653039 ], [ -0.081698562638092, 51.623559104113433 ], [ -0.081695943083793, 51.623565032292802 ], [ -0.081682933620288, 51.623594463309239 ], [ -0.081680273227534, 51.623600503226641 ], [ -0.081658675913534, 51.623649590780765 ], [ -0.081647426714996, 51.623675138844249 ], [ -0.081635944646383, 51.623701240633203 ], [ -0.081628083276859, 51.623719088070395 ], [ -0.081623616786168, 51.623729239494594 ], [ -0.081616001753588, 51.623746555906081 ], [ -0.08159127968469, 51.623802754869835 ], [ -0.08158942705924, 51.62380694205256 ], [ -0.081586981459153, 51.623812513374666 ], [ -0.0815841895184, 51.623820471038222 ], [ -0.081577404731845, 51.623840022175905 ], [ -0.081572381708257, 51.623854458416552 ], [ -0.081563206283367, 51.623880845221144 ], [ -0.081553366620195, 51.623905341726811 ], [ -0.081540829895939, 51.623936574465446 ], [ -0.081539797038391, 51.623939138420234 ], [ -0.081534962854224, 51.623951154267992 ], [ -0.081530693529855, 51.623961767531583 ], [ -0.081519246993173, 51.623990275385957 ], [ -0.081507955046678, 51.624018372112651 ], [ -0.081504767194133, 51.624026296320928 ], [ -0.081500924069771, 51.624035882416784 ], [ -0.081499212384179, 51.624040152836059 ], [ -0.081482085625811, 51.624082748955601 ], [ -0.081452930634981, 51.624155309184253 ], [ -0.081450322636835, 51.624161817564016 ], [ -0.081438513411406, 51.624191214232454 ], [ -0.081435996385423, 51.624197449828564 ], [ -0.081428691275302, 51.624215634578526 ], [ -0.081421999651734, 51.624232291644901 ], [ -0.081405694034155, 51.624272886864603 ], [ -0.081403918511121, 51.624277300118408 ], [ -0.081400770129902, 51.624285144037138 ], [ -0.081398882542358, 51.624289816240363 ], [ -0.081380623195938, 51.624335280413142 ], [ -0.081379575124104, 51.624337862102699 ], [ -0.081373934053055, 51.624352733354158 ], [ -0.081368096586863, 51.624368149935499 ], [ -0.081362681912666, 51.624382449369527 ], [ -0.081358097251936, 51.624394541232121 ], [ -0.081350488055184, 51.624414622917904 ], [ -0.08134574080295, 51.624427143760556 ], [ -0.081339012514203, 51.624444838856945 ], [ -0.081324249546723, 51.624483795687581 ], [ -0.081319501141691, 51.62449634348787 ], [ -0.081314762039492, 51.624508841981353 ], [ -0.081284269404651, 51.624589289196109 ], [ -0.081270774744345, 51.624624894578872 ], [ -0.081203825154192, 51.624617036978208 ], [ -0.08117291913571, 51.624610609805153 ], [ -0.081184798160647, 51.624567078085867 ], [ -0.080831092736788, 51.624550787828795 ], [ -0.080646871745824, 51.624542305903319 ], [ -0.080709323856817, 51.624527856257686 ], [ -0.080783166942633, 51.62437949671834 ], [ -0.080783826637406, 51.624365928828482 ], [ -0.080786455622631, 51.624313599489838 ], [ -0.080786641237221, 51.62430988862193 ], [ -0.080737463572663, 51.624231190823032 ], [ -0.080710873077927, 51.624202977853393 ], [ -0.080679000810645, 51.624169152550927 ], [ -0.080674010089192, 51.624164857893113 ], [ -0.080700280068768, 51.624128481443279 ], [ -0.080706341430456, 51.624120082711372 ], [ -0.08071782708656, 51.624096476486677 ], [ -0.080726129392005, 51.624070079951451 ], [ -0.080727285092922, 51.624056569636359 ], [ -0.080728436420887, 51.624042991805887 ], [ -0.080766180457206, 51.623982253554999 ], [ -0.080367043262657, 51.623947152468489 ], [ -0.080300750970962, 51.623929575201736 ], [ -0.080290775610602, 51.623928368800627 ], [ -0.080196011232464, 51.623916872002731 ], [ -0.080188923856986, 51.623915015944561 ], [ -0.08019139258476, 51.623908559266049 ], [ -0.080235480818656, 51.623831716024398 ], [ -0.08023657430538, 51.623828060482786 ], [ -0.080236631442207, 51.623810292221499 ], [ -0.080236937732965, 51.623702153328338 ], [ -0.080252525534894, 51.623667283728821 ], [ -0.080267234241819, 51.623634414060525 ], [ -0.080271032410073, 51.623625897374481 ], [ -0.080303336523649, 51.623563640417714 ], [ -0.080312820241461, 51.623545360998463 ], [ -0.080331395601726, 51.623509533126288 ], [ -0.080348397410646, 51.623476754934934 ], [ -0.08035517510659, 51.623463709825415 ], [ -0.080404136154893, 51.6233693074714 ], [ -0.080417803166064, 51.623342967282461 ], [ -0.080424912087278, 51.623329262144459 ], [ -0.080444429403422, 51.623291651170106 ], [ -0.08045449538074, 51.62327223922081 ], [ -0.080473635796246, 51.623235341474086 ], [ -0.080490778719959, 51.623202295797462 ], [ -0.08050081236795, 51.623182964247874 ], [ -0.080514416205982, 51.623156748909544 ], [ -0.080549520568317, 51.623089061278904 ], [ -0.080572276978636, 51.623045217529935 ], [ -0.080585582902309, 51.623019554843893 ], [ -0.080595077779909, 51.623001005810423 ], [ -0.080638758143302, 51.62291565333377 ], [ -0.080650315370118, 51.62289308242439 ], [ -0.080657165062165, 51.622879696761203 ], [ -0.080666612396276, 51.622861245861827 ], [ -0.080697947068634, 51.622800025061395 ], [ -0.080724229226456, 51.622748631318309 ], [ -0.080743107064616, 51.622711783188244 ], [ -0.080750555014894, 51.622697229291106 ], [ -0.080756900925938, 51.622684824554604 ], [ -0.080790487662438, 51.622619189291193 ], [ -0.080811728619969, 51.622577694722494 ], [ -0.080827191207051, 51.622547481121217 ], [ -0.080868854883529, 51.622466074749191 ], [ -0.08089656708309, 51.6224119391727 ], [ -0.08090050411979, 51.622404234065385 ], [ -0.080913278878209, 51.622377456574377 ], [ -0.080917066592118, 51.622369524210534 ], [ -0.080933739961921, 51.622334582362768 ], [ -0.080935562209858, 51.622330772377744 ], [ -0.080963568257117, 51.622272068903619 ], [ -0.080976358136864, 51.622245273668504 ], [ -0.080995583383488, 51.622204978060935 ], [ -0.081029530810532, 51.622133863203963 ], [ -0.081041433998299, 51.622108905911261 ] ] ] } },
{ "type": "Feature", "properties": { "lsoa21cd": "E01001500", "lsoa21nm": "Enfield 035D", "msoa21cd": "E02000311", "msoa21nm": "Enfield 035", "lad22cd": "E09000010", "lad22nm": "Enfield", "index_right": 313, "GSS_CODE": "E05000205", "risk_score": 9.2969172946232543, "allocation_hours": 76.399056316050292, "patrol_units": 38 }, "geometry": { "type": "Polygon", "coordinates": [ [ [ -0.100492828077725, 51.616464428422816 ], [ -0.100556685946741, 51.616419160640461 ], [ -0.100567254049154, 51.616411679240052 ], [ -0.10050141380204, 51.616396827336324 ], [ -0.100490709851946, 51.616394414830488 ], [ -0.100309675519554, 51.616353552075957 ], [ -0.100251163570775, 51.616343431874242 ], [ -0.100149972005073, 51.61632593879532 ], [ -0.100124416266735, 51.616321514123783 ], [ -0.100063915838058, 51.616324769363345 ], [ -0.100043444766896, 51.616325876484005 ], [ -0.100017893327353, 51.616414397892228 ], [ -0.10001280748067, 51.616420655171908 ], [ -0.09996908597321, 51.616474548973052 ], [ -0.099964014923423, 51.61648079749817 ], [ -0.099925515466555, 51.616508913589918 ], [ -0.099915547706368, 51.616516197836305 ], [ -0.099812818230292, 51.616557139520751 ], [ -0.09973401898219, 51.616573982438645 ], [ -0.099691303795803, 51.616583020087823 ], [ -0.099619890469748, 51.616607185578559 ], [ -0.099608637703907, 51.616610995872186 ], [ -0.099576214697468, 51.616602907774045 ], [ -0.099572224652753, 51.616602294571592 ], [ -0.099499876151456, 51.616591095479983 ], [ -0.099475986810474, 51.616585159965481 ], [ -0.099470711708917, 51.616583842505968 ], [ -0.09946496438068, 51.616582418475815 ], [ -0.09942175292387, 51.616576016925116 ], [ -0.099415307256454, 51.616575058174661 ], [ -0.099401435666015, 51.616580354722579 ], [ -0.099381985663101, 51.616587790986351 ], [ -0.09933201669908, 51.616600343893879 ], [ -0.099320513502117, 51.616603232870524 ], [ -0.099218730534554, 51.616619253300485 ], [ -0.099212741662563, 51.616619461970508 ], [ -0.099111903883013, 51.61662305656067 ], [ -0.098988407911322, 51.616609400410034 ], [ -0.098827149468878, 51.616558154911708 ], [ -0.098807662945971, 51.616532412800666 ], [ -0.098813514919158, 51.616517849962321 ], [ -0.098831316253937, 51.616473473005001 ], [ -0.098854141808229, 51.616425526559567 ], [ -0.098883476076154, 51.616363891192762 ], [ -0.098895050467194, 51.61633959236152 ], [ -0.098914464775589, 51.616298784573388 ], [ -0.098929697260577, 51.616266793541044 ], [ -0.098944359378372, 51.616236007242946 ], [ -0.098969077871478, 51.616184062843551 ], [ -0.098979274684401, 51.616162655230802 ], [ -0.099005480634766, 51.616107605561886 ], [ -0.09900869584618, 51.616101524824821 ], [ -0.099011520148396, 51.616096157147588 ], [ -0.099035411003557, 51.616050880719065 ], [ -0.099039755624679, 51.616042660099104 ], [ -0.099052539748606, 51.616018443813068 ], [ -0.09907443698359, 51.615976974841111 ], [ -0.099078218009808, 51.615969797201828 ], [ -0.099094170597491, 51.615939580347643 ], [ -0.0990995986768, 51.615929282045556 ], [ -0.099110102592468, 51.615908472904131 ], [ -0.099129631508469, 51.615869753195639 ], [ -0.099135332576093, 51.615858452161639 ], [ -0.09916259390683, 51.615804408742378 ], [ -0.099150411663041, 51.615750256498771 ], [ -0.099147436364907, 51.615737456958314 ], [ -0.099144901505293, 51.615726561966703 ], [ -0.099132007193848, 51.615671130239697 ], [ -0.099129618151891, 51.615660894060937 ], [ -0.099120375933855, 51.615621078491948 ], [ -0.099076943331275, 51.615434329372178 ], [ -0.099049200304867, 51.61540690224394 ], [ -0.098988781980397, 51.615426542500749 ], [ -0.098939396502883, 51.615365348491373 ], [ -0.098984359446474, 51.615350889152808 ], [ -0.099018383501262, 51.615339993328433 ], [ -0.099061220710783, 51.615326281844716 ], [ -0.09921830988576, 51.615275997597692 ], [ -0.099244837819069, 51.615267507081924 ], [ -0.099392644805726, 51.615220192534835 ], [ -0.099406977482851, 51.61521560488201 ], [ -0.099466284985939, 51.615196611858522 ], [ -0.099500528338032, 51.615185647514146 ], [ -0.099554652728866, 51.615168323973016 ], [ -0.099696617123886, 51.6151228927083 ], [ -0.099712745288059, 51.615117506810293 ], [ -0.099718209325539, 51.615115679963942 ], [ -0.099734132398261, 51.615110362679196 ], [ -0.099768894547007, 51.615098732232234 ], [ -0.09977355266924, 51.615097180082174 ], [ -0.099792713055989, 51.615090782200618 ], [ -0.099849638165727, 51.615071759376683 ], [ -0.099921870625957, 51.61504763405128 ], [ -0.099945264476619, 51.615039820988173 ], [ -0.100021818446298, 51.615014245902039 ], [ -0.100048376279893, 51.615005378012647 ], [ -0.100088733692709, 51.614991886769616 ], [ -0.100198701201562, 51.614955144767009 ], [ -0.100209468169075, 51.614951542375138 ], [ -0.10021768600631, 51.614948797928797 ], [ -0.100268706986933, 51.61493175651227 ], [ -0.100278228624691, 51.614928574569284 ], [ -0.100336618176477, 51.614909062673298 ], [ -0.100467269196022, 51.614865407586244 ], [ -0.100476541668627, 51.614862311516085 ], [ -0.100481580668207, 51.614860630622047 ], [ -0.100517630688313, 51.614848589186344 ], [ -0.100696724056318, 51.614788749787664 ], [ -0.100928942378791, 51.614711166926547 ], [ -0.101058026147079, 51.614668039760154 ], [ -0.101066261506018, 51.614665288346487 ], [ -0.10121012415283, 51.614617215301962 ], [ -0.10122220918883, 51.614613175549152 ], [ -0.101278209891426, 51.614594469810903 ], [ -0.101358468682665, 51.614567649970901 ], [ -0.101373365973793, 51.614562675561181 ], [ -0.101550142770783, 51.614503606721996 ], [ -0.101558624019153, 51.614500776525553 ], [ -0.101653178826748, 51.614469178772438 ], [ -0.101798459981682, 51.614420632559707 ], [ -0.101805842448791, 51.614418171190806 ], [ -0.101817458651033, 51.614414285585255 ], [ -0.101830510028541, 51.614409928617725 ], [ -0.101965405115133, 51.614364856079447 ], [ -0.101994803876772, 51.614355035416224 ], [ -0.102006581073973, 51.614351098442775 ], [ -0.102013582981005, 51.614348756797831 ], [ -0.102036492889076, 51.614341097229413 ], [ -0.102079689969972, 51.614326670858915 ], [ -0.10211484530391, 51.614314928998105 ], [ -0.102159595605386, 51.614299970197528 ], [ -0.102258411972429, 51.614266947994132 ], [ -0.102269222224441, 51.614263337064529 ], [ -0.102344919472268, 51.614237933249903 ], [ -0.102357066802029, 51.6142339860437 ], [ -0.102371114223677, 51.614229294425805 ], [ -0.102379287697205, 51.614226567052349 ], [ -0.102465667731035, 51.614197695837234 ], [ -0.102620072757046, 51.614146103909853 ], [ -0.102630062647801, 51.614142767436718 ], [ -0.102711769298653, 51.61411546607048 ], [ -0.102825247644377, 51.614077541369241 ], [ -0.102835940650599, 51.614073968958657 ], [ -0.102876849723534, 51.614060017867416 ], [ -0.102892132742493, 51.614054788640644 ], [ -0.103001900579109, 51.614017338813802 ], [ -0.103027901008643, 51.614008470094937 ], [ -0.103085323771316, 51.613988868959453 ], [ -0.103092723161086, 51.613986344838416 ], [ -0.103242909626234, 51.61393508855511 ], [ -0.103249195522253, 51.613932942086834 ], [ -0.103303826632847, 51.613914298364136 ], [ -0.103339614849096, 51.613902085284394 ], [ -0.103379981696869, 51.613888314096812 ], [ -0.103404392659199, 51.61387997712859 ], [ -0.103423718935814, 51.613873383409988 ], [ -0.103443206604316, 51.613866729350605 ], [ -0.103523603302384, 51.613839298346036 ], [ -0.103548351067813, 51.61383084989231 ], [ -0.103565025404272, 51.613825157482538 ], [ -0.103578300461599, 51.61382062409357 ], [ -0.103672455858395, 51.613788487569749 ], [ -0.103691401156252, 51.613782022535915 ], [ -0.103725042183417, 51.613770552476367 ], [ -0.10373116701376, 51.613768457333904 ], [ -0.103751167279219, 51.613761631662591 ], [ -0.103775944206255, 51.613753174641246 ], [ -0.103801732056051, 51.613744374258964 ], [ -0.103879982103663, 51.613717668177422 ], [ -0.103924546723208, 51.61370245842928 ], [ -0.103942510265407, 51.613696328191942 ], [ -0.103971169819317, 51.613686549053682 ], [ -0.103986803882808, 51.613681208460996 ], [ -0.104071874062784, 51.613652180038372 ], [ -0.104076225756276, 51.613650694682498 ], [ -0.104081690913188, 51.613648831655887 ], [ -0.104104152693677, 51.613641164452218 ], [ -0.104162394855143, 51.613621288290567 ], [ -0.104267084410357, 51.613585553726047 ], [ -0.104275860691607, 51.613582566193244 ], [ -0.104287216299886, 51.61357868513106 ], [ -0.104304747579549, 51.613572700725484 ], [ -0.104400373951059, 51.6135400748379 ], [ -0.104418937775845, 51.613533747404354 ], [ -0.104437707415698, 51.613527333369518 ], [ -0.104484784734928, 51.61351126027963 ], [ -0.104507202334336, 51.61350361027197 ], [ -0.104538425791374, 51.61349295520133 ], [ -0.10458629408336, 51.613476616087681 ], [ -0.104656814206543, 51.613452549772482 ], [ -0.104661839934247, 51.61345083249077 ], [ -0.104741444183214, 51.613423666637146 ], [ -0.104748513765813, 51.61342125398761 ], [ -0.104837107161658, 51.613391014018141 ], [ -0.104879070397591, 51.613376692605897 ], [ -0.104894586913473, 51.613371394958818 ], [ -0.104902432896817, 51.613368720574506 ], [ -0.105021692424559, 51.613328018622795 ], [ -0.105057648553465, 51.613315740303612 ], [ -0.105063890234884, 51.613313611011527 ], [ -0.105097018298741, 51.613302303139598 ], [ -0.10515188967193, 51.613283577034586 ], [ -0.105156856505301, 51.613281885758227 ], [ -0.105196738867015, 51.613268276993722 ], [ -0.105208343443989, 51.613264309942345 ], [ -0.105217456826334, 51.613261201892378 ], [ -0.105240826615869, 51.613253225417104 ], [ -0.105251405092566, 51.613249619469144 ], [ -0.105260020605237, 51.613246674230133 ], [ -0.105312019765072, 51.613228935787703 ], [ -0.105330290925779, 51.613222693411245 ], [ -0.105387550392968, 51.613203151491241 ], [ -0.105423366965121, 51.613190924763742 ], [ -0.105491329729125, 51.613167724892051 ], [ -0.105597555291016, 51.613131474436905 ], [ -0.105606229244649, 51.613128512132171 ], [ -0.105633408213802, 51.613119239241797 ], [ -0.105669290734157, 51.613106986529147 ], [ -0.105679582181163, 51.613103681651197 ], [ -0.105693314229709, 51.613099263319427 ], [ -0.105721568224979, 51.613090187619143 ], [ -0.105809419840932, 51.613061949263944 ], [ -0.105833618742149, 51.613054174904185 ], [ -0.105855870619844, 51.613047025546749 ], [ -0.105866498883407, 51.61304360919015 ], [ -0.105875501790785, 51.613040724117546 ], [ -0.105908953438679, 51.613029960794528 ], [ -0.106107215522136, 51.612966231390679 ], [ -0.10615999074792, 51.612949264974624 ], [ -0.106312576973358, 51.61290022428738 ], [ -0.106476010745736, 51.612847694101035 ], [ -0.106494456531291, 51.612841760110243 ], [ -0.106500165753187, 51.612839927891429 ], [ -0.106508612618731, 51.612837213644269 ], [ -0.106628947778231, 51.612798537278813 ], [ -0.106716842364302, 51.612770280971588 ], [ -0.106744964568289, 51.612761238874157 ], [ -0.106756383346866, 51.612757565425483 ], [ -0.106819288194905, 51.612737349589253 ], [ -0.106959415120209, 51.612692310953108 ], [ -0.106975108350664, 51.612687267678922 ], [ -0.106991607025851, 51.612681958635946 ], [ -0.107059840340039, 51.612660030181182 ], [ -0.107142566393906, 51.612633443678511 ], [ -0.107254307534704, 51.612597523568333 ], [ -0.107303348813223, 51.612581759836594 ], [ -0.107308384674736, 51.612580141525051 ], [ -0.107320989134577, 51.61257608699173 ], [ -0.107389617649496, 51.6125540253446 ], [ -0.107404615093318, 51.612549213583563 ], [ -0.107460478572644, 51.61253593386747 ], [ -0.107618196018488, 51.612498543084648 ], [ -0.107634723228026, 51.612494628241173 ], [ -0.107864471979577, 51.612440162553497 ], [ -0.107896096301926, 51.612434072244191 ], [ -0.107917106512224, 51.61243002285098 ], [ -0.107933631898618, 51.612426845316293 ], [ -0.10817413507043, 51.612380946045548 ], [ -0.108190086907378, 51.61243349071826 ], [ -0.1083347483433, 51.612907782528993 ], [ -0.108446261997886, 51.613273387591335 ], [ -0.10851347039058, 51.613291404117014 ], [ -0.108573222745102, 51.613307411965614 ], [ -0.108657023356705, 51.613321694322615 ], [ -0.108738973988533, 51.613335659033019 ], [ -0.108782659793017, 51.61334310771197 ], [ -0.108822659605412, 51.613349930423226 ], [ -0.108838206332715, 51.613352582056166 ], [ -0.108857094894056, 51.613355800133995 ], [ -0.109009092196158, 51.6133636370662 ], [ -0.109045109748658, 51.613365494629207 ], [ -0.109067598813734, 51.613371396504519 ], [ -0.109103918461876, 51.613380929459488 ], [ -0.109187287955452, 51.613402812075243 ], [ -0.109190517534011, 51.613404689597324 ], [ -0.109528088373866, 51.613600913903262 ], [ -0.109561329498147, 51.613620234808813 ], [ -0.109564555418352, 51.613780019241936 ], [ -0.109347813112276, 51.614034410746491 ], [ -0.109326813165702, 51.614059053225205 ], [ -0.109271586691016, 51.614123879708202 ], [ -0.109239592506102, 51.614161437931692 ], [ -0.109151840864874, 51.61426442550448 ], [ -0.109139541438202, 51.614278857918926 ], [ -0.109137794320853, 51.614282318817104 ], [ -0.109134397148648, 51.614288990390094 ], [ -0.109147815425594, 51.614296292719274 ], [ -0.109175879765595, 51.614311591595822 ], [ -0.10899656005793, 51.614299375797472 ], [ -0.108976734203518, 51.614298022056687 ], [ -0.108924313763679, 51.614294452267579 ], [ -0.108830116691273, 51.614288041752197 ], [ -0.108793993934438, 51.614285570955126 ], [ -0.108741937086338, 51.614283157976658 ], [ -0.10864370325758, 51.614278651567375 ], [ -0.108616600047401, 51.61427741422893 ], [ -0.10859747726312, 51.614272178038945 ], [ -0.10857170999343, 51.614270422685479 ], [ -0.108492723495532, 51.614265030508243 ], [ -0.108486760405656, 51.614264628609618 ], [ -0.108438715089803, 51.614269258306912 ], [ -0.108412433898501, 51.614268052161556 ], [ -0.108398637104047, 51.614267425016152 ], [ -0.108366081441084, 51.614260452448271 ], [ -0.108247110751049, 51.614249235663173 ], [ -0.108240524417213, 51.614247843525973 ], [ -0.10819163986495, 51.614244519272781 ], [ -0.108139846323462, 51.61424098621859 ], [ -0.108110645793294, 51.614240515262765 ], [ -0.108053399476893, 51.614239591954096 ], [ -0.108042313957571, 51.614239413155836 ], [ -0.107981069352187, 51.614238425323187 ], [ -0.107967523234136, 51.614239411815014 ], [ -0.107918004529929, 51.614243001389653 ], [ -0.107879670185169, 51.614245782185208 ], [ -0.107823199490293, 51.614258508295833 ], [ -0.107782841219554, 51.614267582587068 ], [ -0.107762413986076, 51.614272180920544 ], [ -0.107683664699399, 51.614289911562828 ], [ -0.107670775471736, 51.61429281501313 ], [ -0.107638844071599, 51.614300006398651 ], [ -0.107602377997848, 51.614308221695524 ], [ -0.107545747070182, 51.614320976563725 ], [ -0.107496814795763, 51.614331994179544 ], [ -0.107440504356867, 51.614344682229159 ], [ -0.107435693191229, 51.614345755636329 ], [ -0.107308360715271, 51.614374437295325 ], [ -0.107290966007225, 51.614378356091848 ], [ -0.107243302111244, 51.614389088327087 ], [ -0.107208950186588, 51.614396825048892 ], [ -0.107139252128752, 51.614403559760206 ], [ -0.10710743369758, 51.614406643285101 ], [ -0.107049425004986, 51.614412235693621 ], [ -0.107027773532847, 51.614411886292231 ], [ -0.106991687746899, 51.614411303947733 ], [ -0.106941167648562, 51.614410488646769 ], [ -0.106889240207051, 51.614409650611165 ], [ -0.106804640703017, 51.614408285245304 ], [ -0.1067896073675, 51.614408042613341 ], [ -0.10677517305611, 51.614407809647567 ], [ -0.106668907330638, 51.614401243075307 ], [ -0.106657417731918, 51.614402096250792 ], [ -0.106587705409915, 51.614400494419037 ], [ -0.106571509257427, 51.614400080118159 ], [ -0.106515147892168, 51.614398365523357 ], [ -0.106470764853746, 51.614400540151486 ], [ -0.106457988703225, 51.614399335752985 ], [ -0.106438105194473, 51.61439745909064 ], [ -0.106428983017092, 51.614396610424123 ], [ -0.106385820730832, 51.614392532502897 ], [ -0.106343199046455, 51.614386224176457 ], [ -0.106290169733693, 51.614378371972094 ], [ -0.106283465571344, 51.614377382481678 ], [ -0.106253074982983, 51.614372881226032 ], [ -0.106154868604826, 51.614358346608505 ], [ -0.10611306525034, 51.614352159318507 ], [ -0.106104322802885, 51.614350516430541 ], [ -0.106098755480943, 51.614349455359928 ], [ -0.10604941932051, 51.614340151943871 ], [ -0.106036693324669, 51.614337743322281 ], [ -0.106027076750772, 51.614335933443293 ], [ -0.106012745340105, 51.614333229124611 ], [ -0.105955089970524, 51.61432235255343 ], [ -0.105908455650223, 51.614313551317352 ], [ -0.105850599746865, 51.614302635486069 ], [ -0.105811675733496, 51.614295289595098 ], [ -0.105697096496397, 51.61427366493735 ], [ -0.105616754605486, 51.614258510118788 ], [ -0.10553980973827, 51.614243985623538 ], [ -0.105538569422046, 51.614217923490422 ], [ -0.105515916673273, 51.614213178319531 ], [ -0.105440640933844, 51.614197421773177 ], [ -0.105368469757849, 51.614196256096015 ], [ -0.105321038863571, 51.61419548998883 ], [ -0.105136886920375, 51.614192515371379 ], [ -0.104966880552853, 51.614189768991245 ], [ -0.104954784668649, 51.614189573578017 ], [ -0.104707382006672, 51.614185576427438 ], [ -0.104654884727874, 51.61418472819016 ], [ -0.104617889808967, 51.61418413042184 ], [ -0.104550210993172, 51.614075127525119 ], [ -0.104424515653048, 51.614120999100599 ], [ -0.104340488869182, 51.614151663290208 ], [ -0.104289301375931, 51.614170340664103 ], [ -0.104261081767063, 51.614180648555397 ], [ -0.104204335275033, 51.614201358269 ], [ -0.104175030646787, 51.614212053264296 ], [ -0.104138084451922, 51.614225538298662 ], [ -0.104005831729613, 51.614273812348294 ], [ -0.103956932039803, 51.614291654293417 ], [ -0.103864089973846, 51.614325529844542 ], [ -0.10382419550195, 51.614340091180743 ], [ -0.103786545027124, 51.614353834496505 ], [ -0.103678125948761, 51.614393402102621 ], [ -0.103478843414731, 51.614466139475347 ], [ -0.103464851344656, 51.614471236780005 ], [ -0.103460169195901, 51.614583566645308 ], [ -0.103458858188924, 51.614615019007196 ], [ -0.103457952094456, 51.614636757082373 ], [ -0.103603201676978, 51.61461735266321 ], [ -0.103813510185248, 51.614596490868536 ], [ -0.104076641891011, 51.614570394595773 ], [ -0.104226874305712, 51.61455549423053 ], [ -0.104375144776471, 51.614555093755513 ], [ -0.104452154505009, 51.614554890439884 ], [ -0.10466024474436, 51.614554323201908 ], [ -0.104703581826773, 51.614554205112377 ], [ -0.104783418160643, 51.614555495032782 ], [ -0.104891228254423, 51.614557236840511 ], [ -0.104948778479352, 51.614562662816191 ], [ -0.104978488835248, 51.614565462841782 ], [ -0.105200992599177, 51.614586439574708 ], [ -0.105214315398925, 51.614587697901989 ], [ -0.105236529814494, 51.614589792270714 ], [ -0.10535122367911, 51.614610412065311 ], [ -0.105474964367418, 51.614632652619392 ], [ -0.105490390603429, 51.614635428639325 ], [ -0.105566275001009, 51.614649072753956 ], [ -0.105623278619527, 51.614667978223636 ], [ -0.105703442845882, 51.614692967881041 ], [ -0.105779357712135, 51.614716638913983 ], [ -0.1058740519411, 51.614746161467913 ], [ -0.106008258123186, 51.614788003091149 ], [ -0.106035621478858, 51.614796529101376 ], [ -0.106079553404941, 51.614810232484921 ], [ -0.106113160028139, 51.614823535343888 ], [ -0.106142887415254, 51.614835300803186 ], [ -0.106150603370899, 51.614838356911044 ], [ -0.106171072422704, 51.614847338103665 ], [ -0.10623571382517, 51.614875700723708 ], [ -0.106296762195843, 51.614901550367208 ], [ -0.106434430084733, 51.614959840578855 ], [ -0.10650713516917, 51.614983953895127 ], [ -0.106548723601277, 51.614997749658748 ], [ -0.106562679907062, 51.615001837183641 ], [ -0.10657031410041, 51.61500408262404 ], [ -0.106606260223078, 51.615014626451874 ], [ -0.106862349195608, 51.615089763947779 ], [ -0.106882398613437, 51.61509564484227 ], [ -0.106905159186933, 51.615102324851293 ], [ -0.106948920563298, 51.615121528514734 ], [ -0.106990256294748, 51.615139667879681 ], [ -0.106962741894747, 51.615154897667573 ], [ -0.106955940849394, 51.615158663651094 ], [ -0.10685720915802, 51.615213290970352 ], [ -0.106783981176745, 51.61525379805579 ], [ -0.10677556859173, 51.615258455248217 ], [ -0.10672306839037, 51.615287498758882 ], [ -0.106673362079918, 51.615315004673199 ], [ -0.106496566698826, 51.615412812310311 ], [ -0.106507050842679, 51.615432306281619 ], [ -0.107020707585579, 51.615624923289047 ], [ -0.107048227100248, 51.615632489379387 ], [ -0.10704878004774, 51.615635169054336 ], [ -0.107071390318164, 51.615749270180089 ], [ -0.107074015208287, 51.615762558387864 ], [ -0.107186391781582, 51.615916038051175 ], [ -0.107207930829715, 51.615936465692926 ], [ -0.107264836233934, 51.615990421227124 ], [ -0.107279066400922, 51.616003905671271 ], [ -0.107316612727504, 51.616031039137226 ], [ -0.10733270375655, 51.616042674180584 ], [ -0.107300249262197, 51.616100601335546 ], [ -0.107249584032154, 51.616202180656657 ], [ -0.10724348553662, 51.616214401885728 ], [ -0.107223264330151, 51.61628728298318 ], [ -0.107218300208442, 51.616317372487224 ], [ -0.107216833391825, 51.616326242332626 ], [ -0.107213289342905, 51.616380526400256 ], [ -0.107212061657177, 51.616399966208668 ], [ -0.107213622825552, 51.616463473454203 ], [ -0.107215806004825, 51.616474187190192 ], [ -0.107217301094727, 51.616480955635801 ], [ -0.107233570308642, 51.616532924609899 ], [ -0.107242546596159, 51.61656159342764 ], [ -0.107277633542393, 51.616647677547981 ], [ -0.107287406143954, 51.616664498195412 ], [ -0.107317910526846, 51.61671699358039 ], [ -0.107320686743019, 51.616721786374846 ], [ -0.107360792179297, 51.616749397234614 ], [ -0.107792425883018, 51.616996750407182 ], [ -0.107818367262837, 51.617009983048689 ], [ -0.107815370745557, 51.617044519587608 ], [ -0.107801118825025, 51.617208788154976 ], [ -0.107734672707409, 51.617250232551164 ], [ -0.107723649001853, 51.617258264817139 ], [ -0.107554098664118, 51.617383384058883 ], [ -0.107542161411506, 51.617392192904951 ], [ -0.107322978459868, 51.617577623671174 ], [ -0.107304435973417, 51.617594048621967 ], [ -0.10724866014721, 51.617693074359643 ], [ -0.107243128041202, 51.617706590642833 ], [ -0.107239446527327, 51.617715559639322 ], [ -0.10722173844449, 51.617797015080363 ], [ -0.107297102436708, 51.617849973444343 ], [ -0.107314762269272, 51.617860186004151 ], [ -0.107390226287254, 51.61790381178028 ], [ -0.107506800826712, 51.617956463668008 ], [ -0.107647280734017, 51.618019905287532 ], [ -0.107632310352404, 51.618106395732802 ], [ -0.107598462785104, 51.618125534149421 ], [ -0.107614318601621, 51.618210282740854 ], [ -0.107629137311811, 51.61828941231834 ], [ -0.107689810755151, 51.618293835121897 ], [ -0.107616128561471, 51.618297583413145 ], [ -0.107599061567492, 51.618298450140919 ], [ -0.107336252061275, 51.618311817577741 ], [ -0.107139481403912, 51.618321825718681 ], [ -0.107094577414521, 51.618324104648785 ], [ -0.107008329919154, 51.618328495099846 ], [ -0.106940090729251, 51.618331962108449 ], [ -0.106864439581059, 51.618335813043466 ], [ -0.106819665861428, 51.618338084978568 ], [ -0.106726918801035, 51.618342801971018 ], [ -0.106683490942074, 51.618345014642912 ], [ -0.106625748889082, 51.61834408272928 ], [ -0.10659725232459, 51.618334630377937 ], [ -0.106588724636331, 51.618331804007035 ], [ -0.106566838652596, 51.618335479376739 ], [ -0.106538606431763, 51.61831517741701 ], [ -0.106522904843036, 51.618309969160563 ], [ -0.106483266183885, 51.618296820903034 ], [ -0.106387611012403, 51.618254855953658 ], [ -0.106355639074706, 51.618239718183318 ], [ -0.106356930371024, 51.618208733133521 ], [ -0.106357910076922, 51.618185224754583 ], [ -0.106339495234235, 51.618171987398661 ], [ -0.106342484880839, 51.61814531015942 ], [ -0.106360321511052, 51.618127361431526 ], [ -0.106365246219881, 51.618009190487314 ], [ -0.106369231652036, 51.617913557391397 ], [ -0.106370180632593, 51.617890785894737 ], [ -0.10637216435002, 51.617843185019183 ], [ -0.106365633915077, 51.617834896495197 ], [ -0.106372222360397, 51.617769349120401 ], [ -0.106372932343416, 51.617762364471005 ], [ -0.106374725377955, 51.617744642358815 ], [ -0.106375381023764, 51.617738268317481 ], [ -0.106377349627946, 51.617718759545845 ], [ -0.106378901159633, 51.617681528956275 ], [ -0.106381220399402, 51.617625876278716 ], [ -0.106383119451725, 51.617580306323873 ], [ -0.106384577722837, 51.617545313343143 ], [ -0.106385928137721, 51.617512908440901 ], [ -0.106391919965212, 51.617369126287905 ], [ -0.106392261497904, 51.617360930705068 ], [ -0.106394166887894, 51.61731520797963 ], [ -0.106394902379089, 51.617297558719926 ], [ -0.106396039692687, 51.61727026706928 ], [ -0.106383057956303, 51.617253007872002 ], [ -0.106376152116985, 51.617246970386468 ], [ -0.106361807670509, 51.617235201549072 ], [ -0.106331498997453, 51.617210324826537 ], [ -0.106326484925341, 51.617206206285893 ], [ -0.10631816615664, 51.617202358126214 ], [ -0.106295975278964, 51.617192045285989 ], [ -0.106116457043786, 51.617108736900548 ], [ -0.106085578253092, 51.617094408017678 ], [ -0.106069602758086, 51.617088844563298 ], [ -0.106062925086728, 51.617086515622965 ], [ -0.106043304709573, 51.617079679340513 ], [ -0.105983618721844, 51.617058860404832 ], [ -0.105951753646993, 51.617047752837109 ], [ -0.105937129908437, 51.617045111248892 ], [ -0.105871060480406, 51.617026001162927 ], [ -0.105853574995446, 51.617018542870994 ], [ -0.105752464954706, 51.616975437137626 ], [ -0.10574164987893, 51.616970829230823 ], [ -0.10566080759055, 51.616936359697526 ], [ -0.105629015586015, 51.616922807276815 ], [ -0.105527380844338, 51.616879477049558 ], [ -0.105519844554748, 51.616876261944789 ], [ -0.105478983557278, 51.616858840153427 ], [ -0.105393869310463, 51.616822556904275 ], [ -0.105334801710469, 51.616797656055425 ], [ -0.105302180148579, 51.616783910295375 ], [ -0.105271091444714, 51.616770539989112 ], [ -0.105232611073083, 51.616753813007165 ], [ -0.105210470825348, 51.616744364042539 ], [ -0.105192189916098, 51.616736587057126 ], [ -0.105180083821274, 51.616731418697164 ], [ -0.105088101026178, 51.616692200647449 ], [ -0.105077527359573, 51.616687695493184 ], [ -0.105015732537586, 51.6166613476029 ], [ -0.10498714026468, 51.616651092958683 ], [ -0.104927334833002, 51.616625883226561 ], [ -0.104846535014342, 51.616591809461603 ], [ -0.104764883067399, 51.616557389151389 ], [ -0.104750389429406, 51.616551282928022 ], [ -0.104717975503219, 51.616548511127775 ], [ -0.104491309092719, 51.61652911200693 ], [ -0.104303280386836, 51.616535066046794 ], [ -0.104196005690853, 51.616558151569365 ], [ -0.104178693861586, 51.616568374962569 ], [ -0.104175109608249, 51.616570502200027 ], [ -0.104148066899855, 51.616591008549598 ], [ -0.104144576778385, 51.616593649876563 ], [ -0.104156477488477, 51.616606863260792 ], [ -0.104169040377712, 51.616620824725345 ], [ -0.104217630227884, 51.616696445066168 ], [ -0.10423733370954, 51.616754315099747 ], [ -0.104239710616057, 51.61676140358432 ], [ -0.104238939915117, 51.616808151814666 ], [ -0.104230130588393, 51.616837396743591 ], [ -0.104227224499708, 51.616841621188328 ], [ -0.104173618761041, 51.616919645549686 ], [ -0.104166006817056, 51.616930727112575 ], [ -0.104152914518759, 51.616943680458135 ], [ -0.104144748442553, 51.616951767574413 ], [ -0.104111056379654, 51.616976195069711 ], [ -0.104102015297614, 51.616982748319487 ], [ -0.1040779485335, 51.617006360181968 ], [ -0.104045633313613, 51.617029982607377 ], [ -0.104023880983202, 51.617045889374765 ], [ -0.104015463376715, 51.617052039042775 ], [ -0.103996245746374, 51.617070900322396 ], [ -0.103989438326842, 51.617077579589839 ], [ -0.103981042668581, 51.617084242179395 ], [ -0.103973962305106, 51.617091231769933 ], [ -0.103945732683856, 51.617119065718299 ], [ -0.103847160174281, 51.617195994448416 ], [ -0.103844259246016, 51.617198254119316 ], [ -0.103841019035401, 51.617200544275853 ], [ -0.103836812209859, 51.617203740533192 ], [ -0.103816958933934, 51.617221539392631 ], [ -0.103810468906098, 51.617226488238927 ], [ -0.103807857634463, 51.617228487314037 ], [ -0.103800342720536, 51.617231342340162 ], [ -0.103787279073561, 51.617236319815333 ], [ -0.103726137469773, 51.617255618439842 ], [ -0.103704666333652, 51.617264416674793 ], [ -0.103657078898682, 51.617283943357172 ], [ -0.103624085432939, 51.617297474180383 ], [ -0.103590015890781, 51.617309099186663 ], [ -0.103565305997979, 51.617315893680392 ], [ -0.103482511204775, 51.61733865492814 ], [ -0.103446443917379, 51.617350382483465 ], [ -0.103445549311581, 51.617422001797365 ], [ -0.103440453813663, 51.617454795778784 ], [ -0.103433377322987, 51.617500443899488 ], [ -0.103410083734357, 51.617568131085839 ], [ -0.103405776605247, 51.617580650867204 ], [ -0.103402193516153, 51.617591051145951 ], [ -0.103392684522642, 51.61761087861224 ], [ -0.103341033593324, 51.617687603336059 ], [ -0.103318684184791, 51.617712591681929 ], [ -0.103306197616046, 51.617726579869228 ], [ -0.103268361369694, 51.617760607003611 ], [ -0.103199532670021, 51.617822504164451 ], [ -0.103196546006917, 51.617825189575072 ], [ -0.103154575046635, 51.617852027808347 ], [ -0.103135726755922, 51.617864078656162 ], [ -0.10310622848022, 51.617879338452028 ], [ -0.103077704300623, 51.61789410142277 ], [ -0.103013611662044, 51.617921777894068 ], [ -0.102997559602849, 51.617927399379688 ], [ -0.102971288531571, 51.61793663243882 ], [ -0.102957434779919, 51.61794149813278 ], [ -0.10290646256384, 51.617956959163116 ], [ -0.102886696643237, 51.617962961205315 ], [ -0.102809085977436, 51.617981228685117 ], [ -0.102773898676484, 51.617989508186049 ], [ -0.102753999686457, 51.61799316102708 ], [ -0.102741393597929, 51.617995475035933 ], [ -0.102649901270017, 51.618086041950562 ], [ -0.102652476047502, 51.618103600870441 ], [ -0.102701038605525, 51.618276285798856 ], [ -0.102652007205616, 51.618298531438519 ], [ -0.102537384994774, 51.618342624431257 ], [ -0.102481057928326, 51.618295874388515 ], [ -0.102440021104432, 51.618262963717434 ], [ -0.102384604538724, 51.618220531235615 ], [ -0.102281092502031, 51.618141270008387 ], [ -0.10226442121015, 51.61812850981805 ], [ -0.102230057145424, 51.618102199555004 ], [ -0.102178486300456, 51.618071456409893 ], [ -0.102111806735958, 51.618031701178097 ], [ -0.102075020683848, 51.618009775965504 ], [ -0.102027260624617, 51.617982907198666 ], [ -0.102018933308012, 51.617978231287431 ], [ -0.101976225562408, 51.617954213912455 ], [ -0.101955626550723, 51.617944537482749 ], [ -0.101943187661177, 51.617938697964341 ], [ -0.101935295438187, 51.617935018255352 ], [ -0.101924837885771, 51.617930505704308 ], [ -0.101887124127007, 51.61791419468971 ], [ -0.101883747448589, 51.617912728240825 ], [ -0.101877181515151, 51.617910841498933 ], [ -0.101864295353244, 51.617904644029451 ], [ -0.101782673451143, 51.617865393200603 ], [ -0.101726880917821, 51.617838556195181 ], [ -0.101723638297213, 51.617836992993865 ], [ -0.101708995983591, 51.617829957769196 ], [ -0.101700234200931, 51.617824618355222 ], [ -0.101664065221362, 51.6178076398445 ], [ -0.101634419922355, 51.617793905254075 ], [ -0.101627090144057, 51.617790594322869 ], [ -0.101599378239615, 51.61777725970034 ], [ -0.101542248967679, 51.617750432185808 ], [ -0.10138213135674, 51.617674029988692 ], [ -0.101369677055234, 51.61766804171301 ], [ -0.101365262240231, 51.617667151923818 ], [ -0.101352484636023, 51.617661019028986 ], [ -0.101279086348158, 51.617629274331243 ], [ -0.101245512539401, 51.617609648762141 ], [ -0.101235245916711, 51.617604716535439 ], [ -0.101188104214982, 51.617582074615171 ], [ -0.101111196265888, 51.617545138292286 ], [ -0.101105574337377, 51.617542439449792 ], [ -0.101060032409912, 51.617520578745399 ], [ -0.100985376317065, 51.617484721923894 ], [ -0.100879538073549, 51.617433891230107 ], [ -0.100864711619521, 51.617426771900007 ], [ -0.100819212848993, 51.617404920788928 ], [ -0.100759383169363, 51.617376192144498 ], [ -0.100753124463916, 51.61737317722811 ], [ -0.100735112082812, 51.617364522528938 ], [ -0.100651251603908, 51.617324253991789 ], [ -0.100644836753797, 51.617321173593197 ], [ -0.100637902397559, 51.617318426493156 ], [ -0.100573019807132, 51.617292745282192 ], [ -0.100502737914707, 51.617264917306663 ], [ -0.100457935477802, 51.617246458489369 ], [ -0.100426580860563, 51.617233541018429 ], [ -0.100422618792404, 51.617231912152938 ], [ -0.10027553113363, 51.61717130335493 ], [ -0.100195896741137, 51.617146381107055 ], [ -0.100175877359368, 51.617140121763846 ], [ -0.100168761995163, 51.617137902256466 ], [ -0.10005305377095, 51.617101676476636 ], [ -0.100033134348937, 51.617095445704969 ], [ -0.099838309535941, 51.617048540733101 ], [ -0.099832918139041, 51.617047239392008 ], [ -0.099936211527617, 51.616949411532559 ], [ -0.100066470775919, 51.616826041279751 ], [ -0.100094609515776, 51.616799402900462 ], [ -0.100131472384055, 51.616791457292074 ], [ -0.100136291319155, 51.616784674120353 ], [ -0.100173314811277, 51.616732407288133 ], [ -0.100187265872942, 51.616720709309227 ], [ -0.100236828867486, 51.616679130809892 ], [ -0.100242082813566, 51.616674728689837 ], [ -0.100264132504315, 51.616656228718831 ], [ -0.100303096756511, 51.616623551880963 ], [ -0.100316688553882, 51.616612153811538 ], [ -0.10035430555217, 51.616580606167446 ], [ -0.100379812709661, 51.616559212659965 ], [ -0.100433656472094, 51.616514043500395 ], [ -0.10047065896389, 51.616483025415448 ], [ -0.100492828077725, 51.616464428422816 ] ] ] } },
{ "type": "Feature", "properties": { "lsoa21cd": "E01001499", "lsoa21nm": "Enfield 031F", "msoa21cd": "E02000307", "msoa21nm": "Enfield 031", "lad22cd": "E09000010", "lad22nm": "Enfield", "index_right": 313, "GSS_CODE": "E05000205", "risk_score": 0.0, "allocation_hours": 0.0, "patrol_units": 0 }, "geometry": { "type": "Polygon", "coordinates": [ [ [ -0.090038701361263, 51.619741175611509 ], [ -0.08992321591291, 51.619681850767698 ], [ -0.089839787226689, 51.619638991616696 ], [ -0.089816978436901, 51.619627280587331 ], [ -0.089775305780321, 51.619605892125051 ], [ -0.089640159309584, 51.619536453925235 ], [ -0.089507020442247, 51.619468064417674 ], [ -0.089435710525858, 51.619431436344392 ], [ -0.089387011338005, 51.619406417203322 ], [ -0.089308730594961, 51.619366204382089 ], [ -0.089189146021647, 51.619304779690992 ], [ -0.089157457787974, 51.619288499545902 ], [ -0.089110681356272, 51.619264482801569 ], [ -0.088996527650486, 51.619205835148719 ], [ -0.088925883035937, 51.619169550312478 ], [ -0.088832868675342, 51.619121777175224 ], [ -0.088698678641302, 51.619052848007279 ], [ -0.088660161546536, 51.619033048272158 ], [ -0.088621035466126, 51.619012959831053 ], [ -0.088468379364875, 51.618934539092372 ], [ -0.088377897006715, 51.618888065795019 ], [ -0.088226641744583, 51.618810359981417 ], [ -0.088204201910808, 51.618798825494011 ], [ -0.088104557474026, 51.618747643420541 ], [ -0.088070381126206, 51.618730090431406 ], [ -0.088083077343481, 51.618653204777907 ], [ -0.088113510439169, 51.618468887212558 ], [ -0.088175059132704, 51.618096027718209 ], [ -0.08823181435063, 51.618041433305216 ], [ -0.088234966127, 51.618039308502283 ], [ -0.088240871587225, 51.618036967807541 ], [ -0.088292969765802, 51.618011352193115 ], [ -0.088290343393089, 51.618008197976486 ], [ -0.088259065347619, 51.61798768878581 ], [ -0.088170700813906, 51.617929721431857 ], [ -0.088153649267494, 51.617918535550658 ], [ -0.088114977571305, 51.617893166737389 ], [ -0.088041176740927, 51.617844752935689 ], [ -0.087985791453398, 51.617808410512943 ], [ -0.087966392433546, 51.617795684582241 ], [ -0.087956833122065, 51.617789422818909 ], [ -0.087922419760908, 51.617765503715702 ], [ -0.08759290190364, 51.617978553748586 ], [ -0.086044640314439, 51.618192010100429 ], [ -0.085927697842443, 51.618127702496196 ], [ -0.085856631291738, 51.618100158548508 ], [ -0.08581111996375, 51.618082527771286 ], [ -0.085788271364399, 51.618073518419287 ], [ -0.085818962470931, 51.618031452476629 ], [ -0.085821652559663, 51.618027773490248 ], [ -0.085834951452636, 51.618009546941273 ], [ -0.085882177615987, 51.61794186685934 ], [ -0.085887043291078, 51.617934891659949 ], [ -0.08589014066607, 51.617930459453497 ], [ -0.085928419986899, 51.617875591518263 ], [ -0.085952032948302, 51.617841751460482 ], [ -0.086010058952358, 51.617758578168186 ], [ -0.086019443827876, 51.617743763320874 ], [ -0.086024165971508, 51.617736250719894 ], [ -0.086027449137073, 51.617731007721098 ], [ -0.086040299630602, 51.617710561677377 ], [ -0.08604212597643, 51.61770766892198 ], [ -0.086100247183699, 51.617615194400535 ], [ -0.086102817497375, 51.617611099798474 ], [ -0.086107540370481, 51.617603569221401 ], [ -0.086112470675145, 51.617593856851649 ], [ -0.086175907112793, 51.617468970142937 ], [ -0.08617730079146, 51.617466232189614 ], [ -0.086206551649343, 51.617408609004151 ], [ -0.086216301666616, 51.617389407264859 ], [ -0.08621976799606, 51.617382557592641 ], [ -0.086221236786989, 51.617379236352079 ], [ -0.086243973448918, 51.617328116338328 ], [ -0.086247307468915, 51.617320635031142 ], [ -0.086289593183088, 51.617225483018409 ], [ -0.086302371131352, 51.617188570495436 ], [ -0.08632121147823, 51.617134230446972 ], [ -0.086344114738723, 51.617068095517645 ], [ -0.086360539143709, 51.617020685197346 ], [ -0.086365239749098, 51.6170071472283 ], [ -0.086411865571277, 51.616872561659243 ], [ -0.08641545834813, 51.616860291541286 ], [ -0.086422341739743, 51.616836753536724 ], [ -0.086458158112359, 51.616714293331185 ], [ -0.086515318050194, 51.616518802425368 ], [ -0.08651939815738, 51.616504903618207 ], [ -0.086521568956051, 51.616497421293047 ], [ -0.086545205869873, 51.61638479798161 ], [ -0.086553334717874, 51.616341600162663 ], [ -0.086573928979911, 51.616342381331449 ], [ -0.087051119818652, 51.616360049474089 ], [ -0.087069854835904, 51.616360732781722 ], [ -0.087322723328743, 51.616365235184858 ], [ -0.087516196182332, 51.61636867844949 ], [ -0.087649926925503, 51.616371057219972 ], [ -0.087690746469686, 51.6163717768463 ], [ -0.087742852951025, 51.616372707493007 ], [ -0.087893634694067, 51.616372189677676 ], [ -0.087910913149704, 51.616372129699116 ], [ -0.088078019516188, 51.616371563090631 ], [ -0.088088840297813, 51.616371523693807 ], [ -0.088253129600894, 51.616370964861346 ], [ -0.088277169241255, 51.616370880166457 ], [ -0.088316507872351, 51.616370748121099 ], [ -0.088334263056937, 51.616370686859391 ], [ -0.088407723378552, 51.616370823269705 ], [ -0.088457033489301, 51.616370925665656 ], [ -0.088620636237127, 51.616371236393142 ], [ -0.088645854631728, 51.616371287738502 ], [ -0.088722925944607, 51.616371428852993 ], [ -0.088735072848728, 51.616371455973116 ], [ -0.088756767057936, 51.616371499314184 ], [ -0.088881314317459, 51.616371735161863 ], [ -0.089048613551986, 51.616369326849942 ], [ -0.089056562925659, 51.616369213594119 ], [ -0.089138947788248, 51.616368029200132 ], [ -0.089150510787624, 51.616367857919784 ], [ -0.089214149833112, 51.616366934535939 ], [ -0.0892335752186, 51.616366657555517 ], [ -0.089305163257508, 51.616365629840359 ], [ -0.089375436588192, 51.616364607638417 ], [ -0.089435505016794, 51.616362717714978 ], [ -0.089468555127947, 51.616361673501423 ], [ -0.089497106557152, 51.616360780798459 ], [ -0.089536376115754, 51.616359541140689 ], [ -0.089585075702271, 51.616358014465042 ], [ -0.089779527961602, 51.616351892930986 ], [ -0.089788900626864, 51.616351595982991 ], [ -0.089873543307292, 51.616348928119869 ], [ -0.089881382856349, 51.6163486781318 ], [ -0.08989616472828, 51.616348217494505 ], [ -0.089978406304447, 51.616345627347719 ], [ -0.089996800289748, 51.616345144599222 ], [ -0.09007601563831, 51.61634307162133 ], [ -0.090155549680081, 51.616340976802981 ], [ -0.090192409441667, 51.616340021409414 ], [ -0.090207434061546, 51.616339627633977 ], [ -0.090242313225495, 51.616338711908732 ], [ -0.090305563785086, 51.616337062207243 ], [ -0.090323769734321, 51.616336585337933 ], [ -0.090399254071834, 51.61633461324778 ], [ -0.090419904039854, 51.61633406825289 ], [ -0.090517542581432, 51.616331503643352 ], [ -0.090523731646412, 51.616331343639565 ], [ -0.09067636369382, 51.616327345304875 ], [ -0.09068220556663, 51.616327197624777 ], [ -0.090803718679874, 51.616324005348062 ], [ -0.090841388658423, 51.616323017979809 ], [ -0.090891234296211, 51.616321716249786 ], [ -0.090899870771638, 51.616321407228014 ], [ -0.09109184173671, 51.616314856453059 ], [ -0.091233864596983, 51.616309983278533 ], [ -0.091241661583762, 51.616309714522096 ], [ -0.091414871604087, 51.616303784070602 ], [ -0.091475583324663, 51.616301705741478 ], [ -0.091589108347582, 51.616297825111062 ], [ -0.091630784180958, 51.616296381117643 ], [ -0.091653378949682, 51.616295615765971 ], [ -0.091745738909936, 51.616291129766296 ], [ -0.09174982047476, 51.616290935402866 ], [ -0.091853817715086, 51.616285883320522 ], [ -0.091870651452698, 51.616285060153494 ], [ -0.091927260007416, 51.616282312328295 ], [ -0.091933773413165, 51.616281995662938 ], [ -0.092122907914876, 51.61627280721666 ], [ -0.092143085143177, 51.616271822588487 ], [ -0.092238209615004, 51.616267201330814 ], [ -0.092333623520824, 51.616262566719897 ], [ -0.092372573633658, 51.61626067346026 ], [ -0.092383268131111, 51.616260199973958 ], [ -0.092448548857413, 51.616257323198077 ], [ -0.092464670369995, 51.616256605263004 ], [ -0.09252814220762, 51.616253806928128 ], [ -0.092574581625533, 51.616251747664798 ], [ -0.092584697217606, 51.616251300713799 ], [ -0.092735663769684, 51.616244637819612 ], [ -0.092773000283622, 51.616242987958074 ], [ -0.092804461547566, 51.616241593237454 ], [ -0.092888873714687, 51.616237867337048 ], [ -0.092906789282297, 51.616237079601198 ], [ -0.092911637393249, 51.616236861693949 ], [ -0.092919813810549, 51.616236500079772 ], [ -0.093017163501507, 51.616232202142236 ], [ -0.093041764923053, 51.616231118449683 ], [ -0.093049608583316, 51.616230769400218 ], [ -0.093099108279046, 51.616228584342466 ], [ -0.093117147101613, 51.61622778509021 ], [ -0.093126901059476, 51.616227350197072 ], [ -0.093146003291984, 51.616226509781498 ], [ -0.093241384908083, 51.616222296558355 ], [ -0.093291803649655, 51.616220067912415 ], [ -0.093300443107205, 51.6162196868233 ], [ -0.093319313623107, 51.616218860597002 ], [ -0.093374269362404, 51.616216426918001 ], [ -0.093386215470255, 51.61621590175087 ], [ -0.09341423975988, 51.616214657813138 ], [ -0.093448790364755, 51.616213133299588 ], [ -0.093479788170839, 51.616211766833665 ], [ -0.093525764092133, 51.616209735630129 ], [ -0.09356819669013, 51.616207808668229 ], [ -0.093597401554354, 51.616206484962682 ], [ -0.093602524675079, 51.616206253512935 ], [ -0.093678315476261, 51.616202818527967 ], [ -0.093691731234788, 51.616202209311375 ], [ -0.093703555016325, 51.61620167313103 ], [ -0.093709937357865, 51.616201381214438 ], [ -0.09372300554941, 51.616200793321639 ], [ -0.09372791176954, 51.616200567332967 ], [ -0.093758665297583, 51.616199169845302 ], [ -0.093768246026376, 51.616198732083134 ], [ -0.093776161851257, 51.616198384158459 ], [ -0.093822871039323, 51.616196261345245 ], [ -0.093853024197756, 51.616194885547493 ], [ -0.093870130254294, 51.616194111484177 ], [ -0.093968078017139, 51.616189669611018 ], [ -0.094045347771046, 51.616185754849923 ], [ -0.094050877322462, 51.61618547603166 ], [ -0.094065309535333, 51.616184739413548 ], [ -0.094106361239381, 51.616182672911819 ], [ -0.094132865627094, 51.61618133216075 ], [ -0.094139654398325, 51.616180992871556 ], [ -0.09415142306577, 51.61618039280318 ], [ -0.094202231337282, 51.616177828384437 ], [ -0.094224364347033, 51.61617670432851 ], [ -0.094230335477177, 51.616176401204605 ], [ -0.094259337211658, 51.616174925657972 ], [ -0.09431377878481, 51.616172177440824 ], [ -0.094351154416699, 51.616170280422132 ], [ -0.094425659338693, 51.616166504827348 ], [ -0.094481649940228, 51.616163673794844 ], [ -0.094513437709476, 51.616162068104401 ], [ -0.094553852738302, 51.616160027071366 ], [ -0.094562697275266, 51.616159577282303 ], [ -0.094579662347811, 51.616158719892901 ], [ -0.09458734983761, 51.616158305256214 ], [ -0.094600111610165, 51.61615761786625 ], [ -0.094672853493428, 51.616153687573714 ], [ -0.094680410691681, 51.61615327980649 ], [ -0.094700346195152, 51.616152200888664 ], [ -0.094810229624349, 51.616146270649772 ], [ -0.094815311310491, 51.616145993511765 ], [ -0.094830585238304, 51.616145162565488 ], [ -0.094876840440747, 51.616142667763782 ], [ -0.094902943132607, 51.61614126006409 ], [ -0.094931637413218, 51.616139709216014 ], [ -0.094990886159855, 51.616135303234095 ], [ -0.095015880721731, 51.616133452163204 ], [ -0.095020604167678, 51.616133106249372 ], [ -0.095028965059123, 51.616132477711382 ], [ -0.095046077711157, 51.616131200005796 ], [ -0.095080128665664, 51.616128668732465 ], [ -0.095111353909865, 51.616126352329623 ], [ -0.09515526483217, 51.616123095443079 ], [ -0.095182020176176, 51.61612110657822 ], [ -0.095190598338754, 51.616120463573111 ], [ -0.095234444105717, 51.616117210095105 ], [ -0.095312515144512, 51.616111401114594 ], [ -0.095322483939701, 51.6161106637852 ], [ -0.09537538607807, 51.616106730044578 ], [ -0.095389013894803, 51.616105539568203 ], [ -0.095413384201909, 51.616103417492383 ], [ -0.095436942393838, 51.616101372146339 ], [ -0.095443016926215, 51.61610084133234 ], [ -0.095464371991163, 51.616098976018293 ], [ -0.095473432890676, 51.616098187960858 ], [ -0.095509082024095, 51.616095089016895 ], [ -0.095530190939354, 51.616093237678278 ], [ -0.095639081600554, 51.61608375650178 ], [ -0.095690301005659, 51.61607826657206 ], [ -0.095827326002519, 51.616063698241057 ], [ -0.095887842954274, 51.616061221506641 ], [ -0.095915014988847, 51.6160610440323 ], [ -0.095925543860033, 51.616060729400274 ], [ -0.095941626991561, 51.616060235178971 ], [ -0.095959677021642, 51.616059682967396 ], [ -0.096049159863922, 51.616056963364734 ], [ -0.096063796124941, 51.616056526567164 ], [ -0.096080949312361, 51.616056004738084 ], [ -0.096280741365494, 51.616049941189928 ], [ -0.096301886084455, 51.616049304278995 ], [ -0.096306673416167, 51.616049157185394 ], [ -0.096334370276395, 51.616048311900123 ], [ -0.096374230146583, 51.616047106524412 ], [ -0.096381562897379, 51.616046883846764 ], [ -0.096409129465816, 51.616046045421292 ], [ -0.096416766099896, 51.616045809689503 ], [ -0.096486429834569, 51.616031374561061 ], [ -0.09649275207296, 51.616030101338787 ], [ -0.096500050843562, 51.616028619155863 ], [ -0.09654149035315, 51.616020038559483 ], [ -0.096564118546041, 51.616015361083583 ], [ -0.096623218074116, 51.616003119418345 ], [ -0.096636025829738, 51.616000467699614 ], [ -0.096692691774702, 51.615988735040766 ], [ -0.096697645851247, 51.615987709375425 ], [ -0.096724441841962, 51.615982155306448 ], [ -0.096783686762871, 51.61596988894474 ], [ -0.096798563414833, 51.61596681217096 ], [ -0.096856905445416, 51.615954719961238 ], [ -0.09688444178085, 51.615948386534448 ], [ -0.096888933934973, 51.615947353364589 ], [ -0.096953910425077, 51.615932392271468 ], [ -0.096970522684602, 51.615928570290436 ], [ -0.097100300799106, 51.615898681113528 ], [ -0.09735717284539, 51.615832267308612 ], [ -0.0973669124487, 51.615829754572374 ], [ -0.097429497902548, 51.615813380378825 ], [ -0.097597776728833, 51.615770067286483 ], [ -0.097605632805663, 51.6157680365448 ], [ -0.097672051834747, 51.61575086383931 ], [ -0.097803490674867, 51.615704549127564 ], [ -0.097818004603459, 51.615699434046356 ], [ -0.097828296706184, 51.615695797184372 ], [ -0.097941878686083, 51.615660096027923 ], [ -0.098093377153254, 51.615612476941955 ], [ -0.098153058558736, 51.615593721728942 ], [ -0.098174631954271, 51.615588352408736 ], [ -0.098194307798508, 51.615583455887815 ], [ -0.098247525315215, 51.615570227776843 ], [ -0.098256837571317, 51.61556791486521 ], [ -0.098285008294118, 51.615560907980402 ], [ -0.098302555685991, 51.615556547945268 ], [ -0.098467417035976, 51.615515540544152 ], [ -0.098477196438281, 51.615513109296224 ], [ -0.098482696363326, 51.615511462936496 ], [ -0.098544054013528, 51.615491820179251 ], [ -0.098565868129891, 51.615484836048964 ], [ -0.098623550784178, 51.615466374621192 ], [ -0.09863253985119, 51.615463498907459 ], [ -0.098681013868764, 51.615447981545735 ], [ -0.098717979987726, 51.615436162322204 ], [ -0.098917102399879, 51.615372414831548 ], [ -0.098939396502883, 51.615365348491373 ], [ -0.098988781980397, 51.615426542500749 ], [ -0.099049200304867, 51.61540690224394 ], [ -0.099076943331275, 51.615434329372178 ], [ -0.099120375933855, 51.615621078491948 ], [ -0.099129618151891, 51.615660894060937 ], [ -0.099132007193848, 51.615671130239697 ], [ -0.099144901505293, 51.615726561966703 ], [ -0.099147436364907, 51.615737456958314 ], [ -0.099150411663041, 51.615750256498771 ], [ -0.09916259390683, 51.615804408742378 ], [ -0.099135332576093, 51.615858452161639 ], [ -0.099129631508469, 51.615869753195639 ], [ -0.099110102592468, 51.615908472904131 ], [ -0.0990995986768, 51.615929282045556 ], [ -0.099094170597491, 51.615939580347643 ], [ -0.099078218009808, 51.615969797201828 ], [ -0.09907443698359, 51.615976974841111 ], [ -0.099052539748606, 51.616018443813068 ], [ -0.099039755624679, 51.616042660099104 ], [ -0.099035411003557, 51.616050880719065 ], [ -0.099011520148396, 51.616096157147588 ], [ -0.09900869584618, 51.616101524824821 ], [ -0.099005480634766, 51.616107605561886 ], [ -0.098979274684401, 51.616162655230802 ], [ -0.098969077871478, 51.616184062843551 ], [ -0.098944359378372, 51.616236007242946 ], [ -0.098929697260577, 51.616266793541044 ], [ -0.098914464775589, 51.616298784573388 ], [ -0.098895050467194, 51.61633959236152 ], [ -0.098883476076154, 51.616363891192762 ], [ -0.098854141808229, 51.616425526559567 ], [ -0.098831316253937, 51.616473473005001 ], [ -0.098813514919158, 51.616517849962321 ], [ -0.098807662945971, 51.616532412800666 ], [ -0.098827149468878, 51.616558154911708 ], [ -0.098988407911322, 51.616609400410034 ], [ -0.099111903883013, 51.61662305656067 ], [ -0.099212741662563, 51.616619461970508 ], [ -0.099218730534554, 51.616619253300485 ], [ -0.099320513502117, 51.616603232870524 ], [ -0.09933201669908, 51.616600343893879 ], [ -0.099381985663101, 51.616587790986351 ], [ -0.099401435666015, 51.616580354722579 ], [ -0.099415307256454, 51.616575058174661 ], [ -0.09942175292387, 51.616576016925116 ], [ -0.09946496438068, 51.616582418475815 ], [ -0.099470711708917, 51.616583842505968 ], [ -0.099475986810474, 51.616585159965481 ], [ -0.099499876151456, 51.616591095479983 ], [ -0.099572224652753, 51.616602294571592 ], [ -0.099576214697468, 51.616602907774045 ], [ -0.099608637703907, 51.616610995872186 ], [ -0.099619890469748, 51.616607185578559 ], [ -0.099691303795803, 51.616583020087823 ], [ -0.09973401898219, 51.616573982438645 ], [ -0.099812818230292, 51.616557139520751 ], [ -0.099915547706368, 51.616516197836305 ], [ -0.099925515466555, 51.616508913589918 ], [ -0.099964014923423, 51.61648079749817 ], [ -0.09996908597321, 51.616474548973052 ], [ -0.10001280748067, 51.616420655171908 ], [ -0.100017893327353, 51.616414397892228 ], [ -0.100043444766896, 51.616325876484005 ], [ -0.100063915838058, 51.616324769363345 ], [ -0.100124416266735, 51.616321514123783 ], [ -0.100149972005073, 51.61632593879532 ], [ -0.100251163570775, 51.616343431874242 ], [ -0.100309675519554, 51.616353552075957 ], [ -0.100490709851946, 51.616394414830488 ], [ -0.10050141380204, 51.616396827336324 ], [ -0.100567254049154, 51.616411679240052 ], [ -0.100556685946741, 51.616419160640461 ], [ -0.100492828077725, 51.616464428422816 ], [ -0.10047065896389, 51.616483025415448 ], [ -0.100433656472094, 51.616514043500395 ], [ -0.100379812709661, 51.616559212659965 ], [ -0.10035430555217, 51.616580606167446 ], [ -0.100316688553882, 51.616612153811538 ], [ -0.100303096756511, 51.616623551880963 ], [ -0.100264132504315, 51.616656228718831 ], [ -0.100242082813566, 51.616674728689837 ], [ -0.100236828867486, 51.616679130809892 ], [ -0.100187265872942, 51.616720709309227 ], [ -0.100173314811277, 51.616732407288133 ], [ -0.100136291319155, 51.616784674120353 ], [ -0.100131472384055, 51.616791457292074 ], [ -0.100094609515776, 51.616799402900462 ], [ -0.100066470775919, 51.616826041279751 ], [ -0.099936211527617, 51.616949411532559 ], [ -0.099832918139041, 51.617047239392008 ], [ -0.099829614418894, 51.617050252287861 ], [ -0.099812585499064, 51.617065776104553 ], [ -0.099755672618154, 51.617117648608378 ], [ -0.099743959765985, 51.617128321699319 ], [ -0.099677089991085, 51.617189259076547 ], [ -0.099592122413157, 51.617266683039816 ], [ -0.09957230659608, 51.617284751482011 ], [ -0.099469880432979, 51.61737809683644 ], [ -0.099441602517058, 51.617403869537178 ], [ -0.099409104764446, 51.617433485558578 ], [ -0.099338642326641, 51.617497709707621 ], [ -0.09930793140321, 51.617525700051402 ], [ -0.099270418134283, 51.617559874853086 ], [ -0.099261452566424, 51.617568047558578 ], [ -0.09917469587893, 51.61764711483896 ], [ -0.099115045762181, 51.617701478538514 ], [ -0.099067034394806, 51.617745230933039 ], [ -0.099019741458182, 51.617734167955845 ], [ -0.099000072131773, 51.617729559710241 ], [ -0.098917502656052, 51.61771024528462 ], [ -0.098840154786648, 51.61769214850019 ], [ -0.098792547389467, 51.617681008391749 ], [ -0.098752106332972, 51.617671558127618 ], [ -0.098720778649118, 51.617664215957745 ], [ -0.098635591616306, 51.617644287870391 ], [ -0.098616093899287, 51.617639722807368 ], [ -0.098567842660892, 51.617628437279798 ], [ -0.098536843288714, 51.61762119030751 ], [ -0.098509177654033, 51.617614707786089 ], [ -0.098476519218793, 51.617607065205767 ], [ -0.098468007657093, 51.617605074745669 ], [ -0.098441156959051, 51.617598794263564 ], [ -0.098404207056244, 51.617590146860216 ], [ -0.09838037440212, 51.61758458074469 ], [ -0.098339891337995, 51.617575102676689 ], [ -0.098305301865812, 51.617567006088329 ], [ -0.098258996308397, 51.617556174628106 ], [ -0.098244977186532, 51.617552898839861 ], [ -0.098239956271672, 51.617551720336486 ], [ -0.09817360965159, 51.61753619350187 ], [ -0.098147116532178, 51.617529999682063 ], [ -0.098095961861376, 51.617518028404433 ], [ -0.098025810152035, 51.617501612466654 ], [ -0.097998873527691, 51.617495316998721 ], [ -0.097967516650371, 51.617487987638285 ], [ -0.097954184446209, 51.617484866835092 ], [ -0.097933542761454, 51.617480026816544 ], [ -0.097911713107747, 51.617474924729365 ], [ -0.097902572460661, 51.617472780144354 ], [ -0.097849586751814, 51.617460383389563 ], [ -0.097794498269593, 51.617447493886367 ], [ -0.097762755278799, 51.617440072778535 ], [ -0.097716550272589, 51.617429260715284 ], [ -0.097707838564015, 51.617427221989772 ], [ -0.097680702378499, 51.617420864758941 ], [ -0.097630677428062, 51.617409172381151 ], [ -0.097621966103316, 51.617407124662876 ], [ -0.097541243385388, 51.617388234873211 ], [ -0.09753225967976, 51.617386137767049 ], [ -0.097500417232032, 51.617378679003274 ], [ -0.097403444030457, 51.617355991442501 ], [ -0.097385548445287, 51.617351807365651 ], [ -0.097379311489525, 51.617350348313863 ], [ -0.097369083595788, 51.617347952242504 ], [ -0.097300062256364, 51.617331805989309 ], [ -0.097250324323768, 51.617320163064768 ], [ -0.097137244053673, 51.617293706873731 ], [ -0.097126379461973, 51.617291165562492 ], [ -0.096985655407862, 51.617258235707354 ], [ -0.0969248312016, 51.617244002756351 ], [ -0.096953441828944, 51.617224458821653 ], [ -0.096941617850887, 51.617218439825507 ], [ -0.096908408759551, 51.617223269401414 ], [ -0.096884016843285, 51.61722951449218 ], [ -0.096878369015285, 51.617233132227057 ], [ -0.096838349814236, 51.6172684706033 ], [ -0.096818370190299, 51.617286113295762 ], [ -0.096789500276992, 51.617311156378818 ], [ -0.096691120970637, 51.61739655280256 ], [ -0.096678289799041, 51.617407684047095 ], [ -0.09658223449685, 51.617491040845628 ], [ -0.096567709229277, 51.617503646323442 ], [ -0.096563648837805, 51.617506781735784 ], [ -0.096555166373054, 51.617513927950995 ], [ -0.096533562097748, 51.617533279773653 ], [ -0.096520644543693, 51.617547161294098 ], [ -0.096475488181707, 51.617580635662748 ], [ -0.096465267797716, 51.617590820092524 ], [ -0.096476962715275, 51.617594058369335 ], [ -0.096457042756844, 51.617615442838193 ], [ -0.096418412568211, 51.617656918503499 ], [ -0.096399051883362, 51.617677709546491 ], [ -0.096388373442856, 51.617689172457126 ], [ -0.096352057140883, 51.617728167772647 ], [ -0.096325429510139, 51.617765189141451 ], [ -0.096307114430376, 51.617790673225656 ], [ -0.096253658521779, 51.617865018425924 ], [ -0.096250943841051, 51.61786878716169 ], [ -0.096239731265086, 51.617884377922806 ], [ -0.096198668923834, 51.617941487905142 ], [ -0.096169357796413, 51.617934461049764 ], [ -0.095769629537449, 51.617838446521674 ], [ -0.095494731244531, 51.617772411018507 ], [ -0.095487751941235, 51.617770741976038 ], [ -0.09542298168135, 51.617755185220659 ], [ -0.095154676925219, 51.617690739743473 ], [ -0.094900950848028, 51.617633463669108 ], [ -0.094892307639499, 51.617631515770519 ], [ -0.094871887769019, 51.617626903623844 ], [ -0.094854172065627, 51.61762291092284 ], [ -0.094871941342979, 51.617596680801974 ], [ -0.094922908353573, 51.617521450468587 ], [ -0.094962773883286, 51.617462594910911 ], [ -0.094990966621092, 51.617420995112937 ], [ -0.094983909479819, 51.617425664465976 ], [ -0.094939201448612, 51.617447041680222 ], [ -0.094840781820902, 51.617411676077289 ], [ -0.094816541250869, 51.6174058598043 ], [ -0.094799134426703, 51.617401737224263 ], [ -0.094682385920505, 51.617390794009616 ], [ -0.094668870258178, 51.617391365753356 ], [ -0.094607891363301, 51.617393927014653 ], [ -0.094600829637931, 51.617394225929715 ], [ -0.094519557568851, 51.617412239208029 ], [ -0.09446861948776, 51.617432678716597 ], [ -0.094431898473355, 51.617447531094207 ], [ -0.094428012701615, 51.617449599168509 ], [ -0.094420211909803, 51.617453743833934 ], [ -0.094356781336552, 51.617478944142697 ], [ -0.094339794292949, 51.617488236091837 ], [ -0.094329475056474, 51.617493877539012 ], [ -0.094308959479683, 51.617509119115752 ], [ -0.094298355906456, 51.617515340450446 ], [ -0.094264589971909, 51.617535159681651 ], [ -0.094247499812739, 51.617545187325092 ], [ -0.094199412956005, 51.617567210769067 ], [ -0.094182674870767, 51.617577109238063 ], [ -0.094177298442441, 51.617580277138138 ], [ -0.094140019684433, 51.617597746165771 ], [ -0.094127598237358, 51.617603569250548 ], [ -0.09411496621368, 51.617609591242378 ], [ -0.094053455097779, 51.617638612915961 ], [ -0.094039720621154, 51.617645089087176 ], [ -0.094012187174443, 51.617660612224107 ], [ -0.094003031389441, 51.617665031592026 ], [ -0.093990499438189, 51.617671077678672 ], [ -0.093974159956959, 51.617680425064492 ], [ -0.093962289988108, 51.617687219290431 ], [ -0.093918045814283, 51.617708540719782 ], [ -0.093871899490043, 51.617730784417645 ], [ -0.093861225178223, 51.617735934460491 ], [ -0.093844512557018, 51.61774281182619 ], [ -0.093827352091894, 51.617752100885546 ], [ -0.093616934166171, 51.617865895574823 ], [ -0.093617888626265, 51.617870759832826 ], [ -0.093630149030707, 51.617885652842453 ], [ -0.093637063979904, 51.617894020343471 ], [ -0.093642795539732, 51.617900983765878 ], [ -0.093665399112975, 51.61792482156374 ], [ -0.093680819312477, 51.617947724271659 ], [ -0.093712394035181, 51.617994620713851 ], [ -0.093752449073193, 51.618066636085125 ], [ -0.093755332249067, 51.618070633344601 ], [ -0.093772888901243, 51.618089026869242 ], [ -0.093776528241765, 51.618092835887246 ], [ -0.093809374655072, 51.618135247740604 ], [ -0.093814266903665, 51.618141559045213 ], [ -0.093831383633769, 51.618176710076924 ], [ -0.09383999190331, 51.618187757867311 ], [ -0.093934712381549, 51.618309275000918 ], [ -0.093937468057435, 51.618312799876612 ], [ -0.093940250343337, 51.618316379139529 ], [ -0.093951090023418, 51.618323821236885 ], [ -0.093963013617521, 51.618335039803576 ], [ -0.093984387030562, 51.618355152639047 ], [ -0.093988222739119, 51.618358758014303 ], [ -0.093994336142828, 51.618369018867909 ], [ -0.094022098851029, 51.618415547512797 ], [ -0.094037489768959, 51.618427101190299 ], [ -0.094107272425828, 51.618479528362748 ], [ -0.094115408492526, 51.618485649574055 ], [ -0.094203956545463, 51.618525144735123 ], [ -0.094269968875609, 51.618539517342541 ], [ -0.094280910526959, 51.618540396560476 ], [ -0.094320818197049, 51.618543616910394 ], [ -0.094342388268381, 51.618542510640054 ], [ -0.09451447205484, 51.618533661580813 ], [ -0.094519781842757, 51.618544143151077 ], [ -0.094523223628751, 51.61855094342652 ], [ -0.09450701008353, 51.618633419702213 ], [ -0.094494267541615, 51.618696159947419 ], [ -0.094486020523574, 51.618736779820608 ], [ -0.094474955680058, 51.618791202311563 ], [ -0.094472788304479, 51.618801895111588 ], [ -0.094465923979987, 51.618835721157907 ], [ -0.094458479384078, 51.618872361410759 ], [ -0.094454219315133, 51.61889334356254 ], [ -0.094438276356317, 51.618929054389753 ], [ -0.094390044141347, 51.618982243471159 ], [ -0.094382705989988, 51.618990334357299 ], [ -0.094317653651344, 51.619062080328696 ], [ -0.094304892918379, 51.619076157508303 ], [ -0.094274200244673, 51.619109987508395 ], [ -0.094230201810392, 51.619158488311903 ], [ -0.094224143835066, 51.619164814087753 ], [ -0.094116100013813, 51.619211434167553 ], [ -0.09391938086005, 51.619147340024348 ], [ -0.093912626127282, 51.619145134992927 ], [ -0.093874817918556, 51.619135932673494 ], [ -0.09386195230433, 51.619131326243021 ], [ -0.093830927112449, 51.619123654967844 ], [ -0.093808194383443, 51.619118033867267 ], [ -0.093802287977654, 51.619115923550332 ], [ -0.093785321725881, 51.619108516747403 ], [ -0.093778625696856, 51.619104568122651 ], [ -0.093771732468706, 51.619100499389994 ], [ -0.093762611542433, 51.619095126508334 ], [ -0.093689477162284, 51.619072310829495 ], [ -0.093674148726542, 51.619067529457197 ], [ -0.093637123995267, 51.619059625718187 ], [ -0.093626658172695, 51.619057387321362 ], [ -0.093592870059446, 51.619047054258836 ], [ -0.093583452929023, 51.619044266379724 ], [ -0.093551816107095, 51.619037403401073 ], [ -0.093509066328049, 51.619024100993485 ], [ -0.09348814796532, 51.619015348470398 ], [ -0.09347964695076, 51.619012588964559 ], [ -0.093398654255866, 51.618987711965104 ], [ -0.093383522700197, 51.618983059649132 ], [ -0.093368260891656, 51.61897497008858 ], [ -0.093363772834888, 51.618973485303876 ], [ -0.093292943062794, 51.618950149304958 ], [ -0.093265812658416, 51.618943647273923 ], [ -0.093249775775911, 51.618939915437977 ], [ -0.093173796720407, 51.61891398674279 ], [ -0.093151781494984, 51.618903835978145 ], [ -0.093143174273669, 51.618900854404608 ], [ -0.093130107182513, 51.618896577336763 ], [ -0.09309690453737, 51.6188857230906 ], [ -0.093089227186391, 51.618882441896254 ], [ -0.093084551483743, 51.618880954049317 ], [ -0.093072292154266, 51.618877049808297 ], [ -0.093061819891551, 51.618872212429757 ], [ -0.092975081001597, 51.618832125341427 ], [ -0.092969483369858, 51.618829543400956 ], [ -0.0929566563823, 51.618826430246799 ], [ -0.092927384883851, 51.618819317799414 ], [ -0.092920878503688, 51.618817737228454 ], [ -0.092915820215238, 51.618816072296013 ], [ -0.092882035998457, 51.618804965732693 ], [ -0.092872952699497, 51.618802830681794 ], [ -0.092836425067899, 51.618790146273895 ], [ -0.092821941425961, 51.618786408163636 ], [ -0.092790759251713, 51.618778356368601 ], [ -0.092769230994818, 51.618768824937085 ], [ -0.092736329396379, 51.618754243603753 ], [ -0.092709624932706, 51.618742415829082 ], [ -0.092667911602725, 51.61872783504468 ], [ -0.092660664944548, 51.618725307201501 ], [ -0.092649456032437, 51.618722535065828 ], [ -0.092636388933898, 51.618717916226892 ], [ -0.092625788614345, 51.618712690048589 ], [ -0.092499520364985, 51.618650404702208 ], [ -0.092489797733002, 51.618645606440914 ], [ -0.09248287954926, 51.618643857282123 ], [ -0.092479309019435, 51.618642540258584 ], [ -0.092442889119188, 51.618629187536264 ], [ -0.092431139274712, 51.618623816746798 ], [ -0.092382923823092, 51.618601365088956 ], [ -0.092357955768986, 51.618580523539443 ], [ -0.092353420370772, 51.618576726877805 ], [ -0.09233151253557, 51.618562477129394 ], [ -0.092310448214818, 51.618548780646826 ], [ -0.092302249050538, 51.618541759031991 ], [ -0.092273860215368, 51.618523433665494 ], [ -0.092260782042848, 51.618517016107035 ], [ -0.092211396196904, 51.618492683892327 ], [ -0.092194033150578, 51.618481664410766 ], [ -0.092160757458501, 51.618464131785743 ], [ -0.092139399846201, 51.618455875444994 ], [ -0.092115460105449, 51.618446673348053 ], [ -0.092054251491111, 51.618416820677616 ], [ -0.092038716519603, 51.618411118491018 ], [ -0.092032576775494, 51.618406140180689 ], [ -0.091953361705824, 51.618341890519268 ], [ -0.091943191463062, 51.61833364980027 ], [ -0.091886585818279, 51.618300140049548 ], [ -0.091881411452832, 51.618296081182315 ], [ -0.09180120777105, 51.61823319566993 ], [ -0.091794466661073, 51.618229983575787 ], [ -0.091759201900606, 51.618213214299253 ], [ -0.091747206362694, 51.618207506717845 ], [ -0.091725346138193, 51.618191099428188 ], [ -0.091715740622422, 51.618181795973598 ], [ -0.091706441770394, 51.618170693616683 ], [ -0.091693935590953, 51.618159258502352 ], [ -0.09166664149421, 51.618134309846106 ], [ -0.091664591740767, 51.61813186650614 ], [ -0.091592677464256, 51.61804565434673 ], [ -0.091586433594729, 51.618038169910491 ], [ -0.091572415996527, 51.618024201283497 ], [ -0.091557517475721, 51.618011603160902 ], [ -0.091553262980888, 51.618007999879197 ], [ -0.091508735465878, 51.618016083377064 ], [ -0.091465153778438, 51.6180212507021 ], [ -0.091418799258266, 51.618026746071614 ], [ -0.091395072834535, 51.618027951593724 ], [ -0.091371129501255, 51.618029162573265 ], [ -0.091254672409392, 51.618026394871613 ], [ -0.091236685431664, 51.618024393537375 ], [ -0.091216917477437, 51.618021976535367 ], [ -0.090836934312364, 51.617936189612983 ], [ -0.090827475581994, 51.617934057279051 ], [ -0.090818144484658, 51.61794195364206 ], [ -0.090792680622185, 51.61796938881016 ], [ -0.090732499810183, 51.618177808024946 ], [ -0.090730952832867, 51.618183169337087 ], [ -0.090728170857834, 51.618192826934965 ], [ -0.090721602875183, 51.618188934167534 ], [ -0.090611505120258, 51.618123843540722 ], [ -0.090568374375958, 51.618098331023901 ], [ -0.090555895980621, 51.618096212449338 ], [ -0.09047321408682, 51.618049040470908 ], [ -0.090403285549945, 51.618009135202605 ], [ -0.090345188164986, 51.618048979071425 ], [ -0.089970884670764, 51.618305675241572 ], [ -0.08996573836168, 51.618309201906257 ], [ -0.089952098808176, 51.618318556754119 ], [ -0.089950049179876, 51.618320924365186 ], [ -0.089485419739168, 51.618638991867044 ], [ -0.089481389079389, 51.618641749844166 ], [ -0.089569617655571, 51.618693742922879 ], [ -0.089610369585335, 51.618717769263121 ], [ -0.089711284927709, 51.618777243818244 ], [ -0.089718206242173, 51.618781322247123 ], [ -0.089722167466249, 51.618783652878498 ], [ -0.089785319156825, 51.618820867309324 ], [ -0.089802953594438, 51.618831262101494 ], [ -0.089867684059655, 51.618869410442009 ], [ -0.089896229236307, 51.618886232708476 ], [ -0.089931371696452, 51.618906939263304 ], [ -0.089983345134162, 51.618937568867707 ], [ -0.090051050068528, 51.618977474117614 ], [ -0.090084402385866, 51.618997126325866 ], [ -0.090118219402262, 51.619017064859001 ], [ -0.090134317883661, 51.619026544328335 ], [ -0.09015052161825, 51.619036097449261 ], [ -0.090165654302822, 51.619045012644165 ], [ -0.090183006993207, 51.619055240922698 ], [ -0.090258465749494, 51.619099705611497 ], [ -0.090283261176794, 51.619114326504381 ], [ -0.090312765248918, 51.619131712819609 ], [ -0.090379845424122, 51.61916552877544 ], [ -0.090394726731146, 51.619173037018257 ], [ -0.090450815481816, 51.619201314435252 ], [ -0.090493415995526, 51.61922279420358 ], [ -0.090520271982402, 51.619236338022432 ], [ -0.090575724490415, 51.61926429028037 ], [ -0.090586093726649, 51.619269512883044 ], [ -0.090599178379063, 51.619276119575488 ], [ -0.090758746129797, 51.619356556378179 ], [ -0.090781578149154, 51.619368060774036 ], [ -0.090885339860396, 51.619420368627317 ], [ -0.090915499458882, 51.619435571288101 ], [ -0.090921058737028, 51.619438377514804 ], [ -0.090985589687284, 51.619468248871669 ], [ -0.091031231801389, 51.619489377780447 ], [ -0.091085971540168, 51.619514710363184 ], [ -0.091176845278707, 51.619556772557033 ], [ -0.091226753126664, 51.619579868230048 ], [ -0.091303655262598, 51.619615462138263 ], [ -0.091296246236466, 51.619622301734054 ], [ -0.091252451747236, 51.619662765524893 ], [ -0.091198452075652, 51.619712667169516 ], [ -0.09116913698652, 51.619762988552814 ], [ -0.091167301058581, 51.619766115031275 ], [ -0.091153244487691, 51.619804652824136 ], [ -0.091161465627424, 51.619767818547771 ], [ -0.090981299519388, 51.619758141595341 ], [ -0.090679715885107, 51.619741946485675 ], [ -0.090657000731442, 51.619740722383455 ], [ -0.09057604627318, 51.619742102104972 ], [ -0.090465729090545, 51.619754693908597 ], [ -0.090299287682388, 51.619786245099128 ], [ -0.090158386963574, 51.619802654991211 ], [ -0.090038701361263, 51.619741175611509 ] ] ] } },
{ "type": "Feature", "properties": { "lsoa21cd": "E01001501", "lsoa21nm": "Enfield 036E", "msoa21cd": "E02000312", "msoa21nm": "Enfield 036", "lad22cd": "E09000010", "lad22nm": "Enfield", "index_right": 313, "GSS_CODE": "E05000205", "risk_score": 0.0024984378358042275, "allocation_hours": 0.020531353229327944, "patrol_units": 0 }, "geometry": { "type": "Polygon", "coordinates": [ [ [ -0.110580196676093, 51.616666079935591 ], [ -0.109432405168825, 51.616498933771638 ], [ -0.109373848580321, 51.616550325936466 ], [ -0.109372572143791, 51.616553929310371 ], [ -0.109350036634656, 51.616612016849494 ], [ -0.10930535371457, 51.616727191020161 ], [ -0.10927550457693, 51.616804152665225 ], [ -0.10924386288029, 51.616920418263817 ], [ -0.109077447440851, 51.617014179634069 ], [ -0.109049344219084, 51.617030011908284 ], [ -0.108616166659243, 51.616992301456904 ], [ -0.108546160476314, 51.616986208904343 ], [ -0.108020107998327, 51.616940407266796 ], [ -0.107818367262837, 51.617009983048689 ], [ -0.107792425883018, 51.616996750407182 ], [ -0.107360792179297, 51.616749397234614 ], [ -0.107320686743019, 51.616721786374846 ], [ -0.107317910526846, 51.61671699358039 ], [ -0.107287406143954, 51.616664498195412 ], [ -0.107277633542393, 51.616647677547981 ], [ -0.107242546596159, 51.61656159342764 ], [ -0.107233570308642, 51.616532924609899 ], [ -0.107217301094727, 51.616480955635801 ], [ -0.107215806004825, 51.616474187190192 ], [ -0.107213622825552, 51.616463473454203 ], [ -0.107212061657177, 51.616399966208668 ], [ -0.107213289342905, 51.616380526400256 ], [ -0.107216833391825, 51.616326242332626 ], [ -0.107218300208442, 51.616317372487224 ], [ -0.107223264330151, 51.61628728298318 ], [ -0.10724348553662, 51.616214401885728 ], [ -0.107249584032154, 51.616202180656657 ], [ -0.107300249262197, 51.616100601335546 ], [ -0.10733270375655, 51.616042674180584 ], [ -0.107316612727504, 51.616031039137226 ], [ -0.107279066400922, 51.616003905671271 ], [ -0.107264836233934, 51.615990421227124 ], [ -0.107207930829715, 51.615936465692926 ], [ -0.107186391781582, 51.615916038051175 ], [ -0.107074015208287, 51.615762558387864 ], [ -0.107071390318164, 51.615749270180089 ], [ -0.10704878004774, 51.615635169054336 ], [ -0.107048227100248, 51.615632489379387 ], [ -0.107020707585579, 51.615624923289047 ], [ -0.106507050842679, 51.615432306281619 ], [ -0.106496566698826, 51.615412812310311 ], [ -0.106673362079918, 51.615315004673199 ], [ -0.10672306839037, 51.615287498758882 ], [ -0.10677556859173, 51.615258455248217 ], [ -0.106783981176745, 51.61525379805579 ], [ -0.10685720915802, 51.615213290970352 ], [ -0.106955940849394, 51.615158663651094 ], [ -0.106962741894747, 51.615154897667573 ], [ -0.106990256294748, 51.615139667879681 ], [ -0.106948920563298, 51.615121528514734 ], [ -0.106905159186933, 51.615102324851293 ], [ -0.106882398613437, 51.61509564484227 ], [ -0.106862349195608, 51.615089763947779 ], [ -0.106606260223078, 51.615014626451874 ], [ -0.10657031410041, 51.61500408262404 ], [ -0.106562679907062, 51.615001837183641 ], [ -0.106548723601277, 51.614997749658748 ], [ -0.10650713516917, 51.614983953895127 ], [ -0.106434430084733, 51.614959840578855 ], [ -0.106296762195843, 51.614901550367208 ], [ -0.10623571382517, 51.614875700723708 ], [ -0.106171072422704, 51.614847338103665 ], [ -0.106150603370899, 51.614838356911044 ], [ -0.106142887415254, 51.614835300803186 ], [ -0.106113160028139, 51.614823535343888 ], [ -0.106079553404941, 51.614810232484921 ], [ -0.106035621478858, 51.614796529101376 ], [ -0.106008258123186, 51.614788003091149 ], [ -0.1058740519411, 51.614746161467913 ], [ -0.105779357712135, 51.614716638913983 ], [ -0.105703442845882, 51.614692967881041 ], [ -0.105623278619527, 51.614667978223636 ], [ -0.105566275001009, 51.614649072753956 ], [ -0.105490390603429, 51.614635428639325 ], [ -0.105474964367418, 51.614632652619392 ], [ -0.10535122367911, 51.614610412065311 ], [ -0.105236529814494, 51.614589792270714 ], [ -0.105214315398925, 51.614587697901989 ], [ -0.105200992599177, 51.614586439574708 ], [ -0.104978488835248, 51.614565462841782 ], [ -0.104948778479352, 51.614562662816191 ], [ -0.104891228254423, 51.614557236840511 ], [ -0.104783418160643, 51.614555495032782 ], [ -0.104703581826773, 51.614554205112377 ], [ -0.10466024474436, 51.614554323201908 ], [ -0.104452154505009, 51.614554890439884 ], [ -0.104375144776471, 51.614555093755513 ], [ -0.104226874305712, 51.61455549423053 ], [ -0.104076641891011, 51.614570394595773 ], [ -0.103813510185248, 51.614596490868536 ], [ -0.103603201676978, 51.61461735266321 ], [ -0.103457952094456, 51.614636757082373 ], [ -0.103458858188924, 51.614615019007196 ], [ -0.103460169195901, 51.614583566645308 ], [ -0.103464851344656, 51.614471236780005 ], [ -0.103478843414731, 51.614466139475347 ], [ -0.103678125948761, 51.614393402102621 ], [ -0.103786545027124, 51.614353834496505 ], [ -0.10382419550195, 51.614340091180743 ], [ -0.103864089973846, 51.614325529844542 ], [ -0.103956932039803, 51.614291654293417 ], [ -0.104005831729613, 51.614273812348294 ], [ -0.104138084451922, 51.614225538298662 ], [ -0.104175030646787, 51.614212053264296 ], [ -0.104204335275033, 51.614201358269 ], [ -0.104261081767063, 51.614180648555397 ], [ -0.104289301375931, 51.614170340664103 ], [ -0.104340488869182, 51.614151663290208 ], [ -0.104424515653048, 51.614120999100599 ], [ -0.104550210993172, 51.614075127525119 ], [ -0.104617889808967, 51.61418413042184 ], [ -0.104654884727874, 51.61418472819016 ], [ -0.104707382006672, 51.614185576427438 ], [ -0.104954784668649, 51.614189573578017 ], [ -0.104966880552853, 51.614189768991245 ], [ -0.105136886920375, 51.614192515371379 ], [ -0.105321038863571, 51.61419548998883 ], [ -0.105368469757849, 51.614196256096015 ], [ -0.105440640933844, 51.614197421773177 ], [ -0.105515916673273, 51.614213178319531 ], [ -0.105538569422046, 51.614217923490422 ], [ -0.10553980973827, 51.614243985623538 ], [ -0.105616754605486, 51.614258510118788 ], [ -0.105697096496397, 51.61427366493735 ], [ -0.105811675733496, 51.614295289595098 ], [ -0.105850599746865, 51.614302635486069 ], [ -0.105908455650223, 51.614313551317352 ], [ -0.105955089970524, 51.61432235255343 ], [ -0.106012745340105, 51.614333229124611 ], [ -0.106027076750772, 51.614335933443293 ], [ -0.106036693324669, 51.614337743322281 ], [ -0.10604941932051, 51.614340151943871 ], [ -0.106098755480943, 51.614349455359928 ], [ -0.106104322802885, 51.614350516430541 ], [ -0.10611306525034, 51.614352159318507 ], [ -0.106154868604826, 51.614358346608505 ], [ -0.106253074982983, 51.614372881226032 ], [ -0.106283465571344, 51.614377382481678 ], [ -0.106290169733693, 51.614378371972094 ], [ -0.106343199046455, 51.614386224176457 ], [ -0.106385820730832, 51.614392532502897 ], [ -0.106428983017092, 51.614396610424123 ], [ -0.106438105194473, 51.61439745909064 ], [ -0.106457988703225, 51.614399335752985 ], [ -0.106470764853746, 51.614400540151486 ], [ -0.106515147892168, 51.614398365523357 ], [ -0.106571509257427, 51.614400080118159 ], [ -0.106587705409915, 51.614400494419037 ], [ -0.106657417731918, 51.614402096250792 ], [ -0.106668907330638, 51.614401243075307 ], [ -0.10677517305611, 51.614407809647567 ], [ -0.1067896073675, 51.614408042613341 ], [ -0.106804640703017, 51.614408285245304 ], [ -0.106889240207051, 51.614409650611165 ], [ -0.106941167648562, 51.614410488646769 ], [ -0.106991687746899, 51.614411303947733 ], [ -0.107027773532847, 51.614411886292231 ], [ -0.107049425004986, 51.614412235693621 ], [ -0.10710743369758, 51.614406643285101 ], [ -0.107139252128752, 51.614403559760206 ], [ -0.107208950186588, 51.614396825048892 ], [ -0.107243302111244, 51.614389088327087 ], [ -0.107290966007225, 51.614378356091848 ], [ -0.107308360715271, 51.614374437295325 ], [ -0.107435693191229, 51.614345755636329 ], [ -0.107440504356867, 51.614344682229159 ], [ -0.107496814795763, 51.614331994179544 ], [ -0.107545747070182, 51.614320976563725 ], [ -0.107602377997848, 51.614308221695524 ], [ -0.107638844071599, 51.614300006398651 ], [ -0.107670775471736, 51.61429281501313 ], [ -0.107683664699399, 51.614289911562828 ], [ -0.107762413986076, 51.614272180920544 ], [ -0.107782841219554, 51.614267582587068 ], [ -0.107823199490293, 51.614258508295833 ], [ -0.107879670185169, 51.614245782185208 ], [ -0.107918004529929, 51.614243001389653 ], [ -0.107967523234136, 51.614239411815014 ], [ -0.107981069352187, 51.614238425323187 ], [ -0.108042313957571, 51.614239413155836 ], [ -0.108053399476893, 51.614239591954096 ], [ -0.108110645793294, 51.614240515262765 ], [ -0.108139846323462, 51.61424098621859 ], [ -0.10819163986495, 51.614244519272781 ], [ -0.108240524417213, 51.614247843525973 ], [ -0.108247110751049, 51.614249235663173 ], [ -0.108366081441084, 51.614260452448271 ], [ -0.108398637104047, 51.614267425016152 ], [ -0.108412433898501, 51.614268052161556 ], [ -0.108438715089803, 51.614269258306912 ], [ -0.108486760405656, 51.614264628609618 ], [ -0.108492723495532, 51.614265030508243 ], [ -0.10857170999343, 51.614270422685479 ], [ -0.10859747726312, 51.614272178038945 ], [ -0.108616600047401, 51.61427741422893 ], [ -0.10864370325758, 51.614278651567375 ], [ -0.108741937086338, 51.614283157976658 ], [ -0.108793993934438, 51.614285570955126 ], [ -0.108830116691273, 51.614288041752197 ], [ -0.108924313763679, 51.614294452267579 ], [ -0.108976734203518, 51.614298022056687 ], [ -0.10899656005793, 51.614299375797472 ], [ -0.109175879765595, 51.614311591595822 ], [ -0.109147815425594, 51.614296292719274 ], [ -0.109134397148648, 51.614288990390094 ], [ -0.109137794320853, 51.614282318817104 ], [ -0.109139541438202, 51.614278857918926 ], [ -0.109151840864874, 51.61426442550448 ], [ -0.109239592506102, 51.614161437931692 ], [ -0.109271586691016, 51.614123879708202 ], [ -0.109326813165702, 51.614059053225205 ], [ -0.109347813112276, 51.614034410746491 ], [ -0.109564555418352, 51.613780019241936 ], [ -0.109561329498147, 51.613620234808813 ], [ -0.109528088373866, 51.613600913903262 ], [ -0.109190517534011, 51.613404689597324 ], [ -0.109187287955452, 51.613402812075243 ], [ -0.109103918461876, 51.613380929459488 ], [ -0.109067598813734, 51.613371396504519 ], [ -0.109045109748658, 51.613365494629207 ], [ -0.109009092196158, 51.6133636370662 ], [ -0.108857094894056, 51.613355800133995 ], [ -0.108838206332715, 51.613352582056166 ], [ -0.108822659605412, 51.613349930423226 ], [ -0.108782659793017, 51.61334310771197 ], [ -0.108738973988533, 51.613335659033019 ], [ -0.108657023356705, 51.613321694322615 ], [ -0.108573222745102, 51.613307411965614 ], [ -0.10851347039058, 51.613291404117014 ], [ -0.108446261997886, 51.613273387591335 ], [ -0.1083347483433, 51.612907782528993 ], [ -0.108190086907378, 51.61243349071826 ], [ -0.10817413507043, 51.612380946045548 ], [ -0.108199993944116, 51.612375505441506 ], [ -0.108224833418782, 51.61237071742768 ], [ -0.108290353330902, 51.612358096641067 ], [ -0.108297621736868, 51.612356972907762 ], [ -0.108399884190513, 51.612341257727579 ], [ -0.108439349608376, 51.612335203800953 ], [ -0.108480184450175, 51.612329909323975 ], [ -0.108505858616045, 51.612326582493154 ], [ -0.108609607663409, 51.612313148205111 ], [ -0.108643122512381, 51.612310739108864 ], [ -0.108785891562293, 51.612300573122859 ], [ -0.108820926226301, 51.612298085067877 ], [ -0.108834494525172, 51.612297593429076 ], [ -0.108919522817489, 51.612294459106444 ], [ -0.109013991978434, 51.612291099241908 ], [ -0.109028027489871, 51.612291181635968 ], [ -0.109166918458992, 51.612292134753112 ], [ -0.109247822435797, 51.612295794930652 ], [ -0.109464931587113, 51.612305607109022 ], [ -0.109599500617101, 51.612311683179719 ], [ -0.109608719574122, 51.612312106025826 ], [ -0.109685616288339, 51.61231557542331 ], [ -0.109737312786738, 51.612317919268833 ], [ -0.109848880746305, 51.612322954444252 ], [ -0.110093828058552, 51.61233402336341 ], [ -0.110229687407078, 51.612340159963971 ], [ -0.110368314707932, 51.612346421929914 ], [ -0.110426484179703, 51.612349058590361 ], [ -0.110518128800821, 51.612353196655768 ], [ -0.110626568563436, 51.612358090772986 ], [ -0.110645708679654, 51.612359765923621 ], [ -0.110780655473365, 51.61237153442552 ], [ -0.110794585893843, 51.612372756952688 ], [ -0.110845876176524, 51.612377233961283 ], [ -0.11092351700682, 51.612384005754549 ], [ -0.11097015902742, 51.612388075127498 ], [ -0.111060238408192, 51.612400694389798 ], [ -0.111066083088904, 51.612401507906213 ], [ -0.111117490955783, 51.612408720384529 ], [ -0.111122143608014, 51.612409370823499 ], [ -0.111194187192947, 51.612419460428114 ], [ -0.111218555895273, 51.612422874284931 ], [ -0.111300048055965, 51.612434293977586 ], [ -0.111318241973351, 51.612436844031386 ], [ -0.111361637670376, 51.612442920239566 ], [ -0.11140964273829, 51.612449646162034 ], [ -0.111467053434827, 51.612457692515072 ], [ -0.111490459966037, 51.612460973921735 ], [ -0.111503570839989, 51.612462803645855 ], [ -0.111647758299037, 51.612483010927313 ], [ -0.111675661103193, 51.612486535537776 ], [ -0.111722428913599, 51.612492450079358 ], [ -0.111824111222739, 51.612505309489045 ], [ -0.111878193042657, 51.612512133037377 ], [ -0.111885262012396, 51.612513029166713 ], [ -0.111997820812018, 51.612527268485721 ], [ -0.112059042711331, 51.612535016193561 ], [ -0.112147466250128, 51.61254125931184 ], [ -0.112241030743336, 51.612547872858421 ], [ -0.112295179103349, 51.612551702808517 ], [ -0.112302379963492, 51.612552205368701 ], [ -0.112310156683834, 51.612552753165588 ], [ -0.112360992741624, 51.612556349930834 ], [ -0.112384308101028, 51.612558002062428 ], [ -0.112445815748452, 51.612562346039091 ], [ -0.112483878135292, 51.612565035785984 ], [ -0.112576770348345, 51.612567663597012 ], [ -0.112732994129149, 51.612572101668462 ], [ -0.112790801273892, 51.6125737331609 ], [ -0.11287945185478, 51.612576247525027 ], [ -0.112907655393371, 51.612577051976359 ], [ -0.113017406912593, 51.61258307103968 ], [ -0.113045363389124, 51.612584608861198 ], [ -0.113310260733628, 51.612599121318276 ], [ -0.113370202399589, 51.612599366056116 ], [ -0.113451083534133, 51.612599138228838 ], [ -0.11359919790092, 51.612594335401305 ], [ -0.113792769357159, 51.61258805124146 ], [ -0.113886494019263, 51.612580008414874 ], [ -0.114083568275055, 51.612563088125228 ], [ -0.1144167484598, 51.612542195732274 ], [ -0.114724991821985, 51.612522870936253 ], [ -0.114819176445406, 51.612516965963202 ], [ -0.115678305856373, 51.612463102807332 ], [ -0.115655617662052, 51.612488501569068 ], [ -0.115652937073166, 51.612491497938883 ], [ -0.11563838243931, 51.612507783168894 ], [ -0.115595626194329, 51.612555646281351 ], [ -0.115562896298674, 51.612592286073415 ], [ -0.115543995108458, 51.612613429300943 ], [ -0.1155319120635, 51.612626950394585 ], [ -0.11551597591106, 51.612644785287884 ], [ -0.115513552963367, 51.612647489044654 ], [ -0.115267373879753, 51.612923035655037 ], [ -0.115008757719674, 51.613212482020245 ], [ -0.114996046989525, 51.6132267825095 ], [ -0.114989908723106, 51.613233643090012 ], [ -0.114955534012147, 51.613272064666724 ], [ -0.114943917236232, 51.613285060847353 ], [ -0.114822642416326, 51.613420794574132 ], [ -0.114820552205108, 51.613423134976649 ], [ -0.11480891943, 51.613436166857483 ], [ -0.114791123003219, 51.613456077784271 ], [ -0.114637752891939, 51.6136277192468 ], [ -0.114548192881491, 51.613727952367064 ], [ -0.114485381232114, 51.613798243531001 ], [ -0.114470582913568, 51.613814812467758 ], [ -0.114399409270888, 51.613894483142403 ], [ -0.114388428218591, 51.613906770099078 ], [ -0.114350395248451, 51.613949340253576 ], [ -0.114320315280706, 51.613982982891514 ], [ -0.114281251487141, 51.614026723452142 ], [ -0.114183344202629, 51.614136295627723 ], [ -0.114177800119887, 51.614142510175128 ], [ -0.114119634454987, 51.614206273625172 ], [ -0.114105915649503, 51.614221986712366 ], [ -0.114114517920712, 51.61422290555447 ], [ -0.114171143911792, 51.614229386727082 ], [ -0.114358849931822, 51.614250786558941 ], [ -0.114366611575599, 51.614250869063902 ], [ -0.114455774448052, 51.614250859048738 ], [ -0.11459312319713, 51.614250827646288 ], [ -0.114650047240707, 51.614250816363025 ], [ -0.114672348162756, 51.614248737853956 ], [ -0.114676524242389, 51.614248346361087 ], [ -0.114695316413711, 51.614246589134545 ], [ -0.114788696525782, 51.614237874555251 ], [ -0.114821059884103, 51.614232082009153 ], [ -0.114869954309769, 51.614223326849228 ], [ -0.114875511647186, 51.614222193192802 ], [ -0.114888015454339, 51.614215856658923 ], [ -0.114904982084579, 51.61420726281068 ], [ -0.114923925729561, 51.614197666604817 ], [ -0.114986319368406, 51.61416604482973 ], [ -0.115063894594045, 51.614126726685889 ], [ -0.115098108301103, 51.614109390573894 ], [ -0.115141307189719, 51.614087495803702 ], [ -0.11514773978733, 51.61408423600659 ], [ -0.11515575110604, 51.614080174275472 ], [ -0.115196795625028, 51.614059377911367 ], [ -0.115224429326929, 51.614045371134445 ], [ -0.115307285914314, 51.614003377028197 ], [ -0.115315164318836, 51.613999385090338 ], [ -0.11534002093653, 51.613987213080129 ], [ -0.115404430530006, 51.613974903196024 ], [ -0.115453489795061, 51.613970179044692 ], [ -0.115483929113364, 51.613967241970464 ], [ -0.11563931570142, 51.613952257023357 ], [ -0.11564855349345, 51.613951362303226 ], [ -0.115737550723083, 51.613942783399644 ], [ -0.115860337137144, 51.613930943385149 ], [ -0.116064228506711, 51.613900199949114 ], [ -0.116162365347472, 51.613885418879484 ], [ -0.116191870754523, 51.613880964893767 ], [ -0.116248061590806, 51.613872488211207 ], [ -0.116265471006628, 51.613869935184447 ], [ -0.116264572170005, 51.61387420113288 ], [ -0.116252591288283, 51.613930876674864 ], [ -0.116246390560089, 51.613960281164118 ], [ -0.116245024888371, 51.613966751746034 ], [ -0.116243823222246, 51.613971354542365 ], [ -0.11622926385126, 51.61399437507896 ], [ -0.116174594986046, 51.614080849307499 ], [ -0.116109987039027, 51.614153756219388 ], [ -0.116103457341947, 51.614161106051284 ], [ -0.116069834788119, 51.614199053535771 ], [ -0.116066668408512, 51.614202617627186 ], [ -0.116035153022825, 51.614238162004177 ], [ -0.116030637597986, 51.614243260113312 ], [ -0.115992015634726, 51.614286828464728 ], [ -0.115983045479901, 51.614296953715403 ], [ -0.115935302208776, 51.614350806735196 ], [ -0.115929226329694, 51.614357660272759 ], [ -0.115925665653448, 51.614361676640073 ], [ -0.115920286504975, 51.614367750036564 ], [ -0.115871633478075, 51.614422640531238 ], [ -0.115868254565055, 51.614426452991218 ], [ -0.115826783146749, 51.614473248758316 ], [ -0.115818979827951, 51.614482052871928 ], [ -0.115763819525035, 51.614544266525449 ], [ -0.115743629788394, 51.614567034703256 ], [ -0.115734281542082, 51.614577567513557 ], [ -0.115679688360661, 51.61463916077242 ], [ -0.115675899957338, 51.614643443246699 ], [ -0.115641975359127, 51.614681691508203 ], [ -0.115636095975387, 51.614688332370669 ], [ -0.115598093748757, 51.614731218143405 ], [ -0.115595184594924, 51.61473449859843 ], [ -0.11559112407096, 51.614739073447986 ], [ -0.11554297024297, 51.614793400819224 ], [ -0.11548613544978, 51.614857489345418 ], [ -0.115482967863633, 51.614861080380159 ], [ -0.115474406949666, 51.61487073557236 ], [ -0.11546419486237, 51.614882243649213 ], [ -0.1154588307723, 51.614888299283372 ], [ -0.115421086263241, 51.614930883402138 ], [ -0.115417343721909, 51.614935103658702 ], [ -0.11538563001297, 51.614970878491569 ], [ -0.115367810603828, 51.61499098697103 ], [ -0.11533840033102, 51.615024155033311 ], [ -0.115321474964142, 51.615043252736506 ], [ -0.115314717329158, 51.615050868637944 ], [ -0.115504282677695, 51.615112238888507 ], [ -0.115549008884543, 51.615126715782644 ], [ -0.115553822015423, 51.615127858703403 ], [ -0.115622042294085, 51.615144066345977 ], [ -0.115639978761237, 51.615148329117702 ], [ -0.115730648574174, 51.615169865621439 ], [ -0.115755493704453, 51.615175768057469 ], [ -0.115774024022002, 51.615180166240791 ], [ -0.11585484579221, 51.615199368298661 ], [ -0.11587056540604, 51.615203100845171 ], [ -0.115898543097232, 51.615209745979804 ], [ -0.115864282538047, 51.615248078834448 ], [ -0.115836989783176, 51.615278601292893 ], [ -0.11580610699009, 51.615313148630904 ], [ -0.115792369504225, 51.615328516300025 ], [ -0.115771384989934, 51.615351982119371 ], [ -0.115755019856207, 51.615370284062088 ], [ -0.115741494286278, 51.615385416831067 ], [ -0.115724197657802, 51.615404760414393 ], [ -0.115712323247403, 51.615418040291146 ], [ -0.115694208779854, 51.615438296950629 ], [ -0.115656389330247, 51.615480592185115 ], [ -0.115641061463147, 51.615497737267098 ], [ -0.115638759432388, 51.615500308084179 ], [ -0.115624976484181, 51.615515724463179 ], [ -0.115617934228193, 51.615523236893374 ], [ -0.115577569491365, 51.615566300533303 ], [ -0.115547133177586, 51.615598777736281 ], [ -0.115541662470258, 51.615604615844511 ], [ -0.115531945363354, 51.615614980852889 ], [ -0.115499967395461, 51.615649105865153 ], [ -0.115436073153176, 51.615717257940283 ], [ -0.115394242006195, 51.615761889618661 ], [ -0.115359287263895, 51.615799177058861 ], [ -0.115293004304123, 51.615869889489005 ], [ -0.115265741139219, 51.615898982508689 ], [ -0.115258412218154, 51.61590678706245 ], [ -0.115230196795583, 51.615936898900969 ], [ -0.115218273391047, 51.615949611423154 ], [ -0.115164442493936, 51.616007044244391 ], [ -0.115141025245861, 51.616032035549736 ], [ -0.115090134307525, 51.616086314282953 ], [ -0.11507688097619, 51.616100444206715 ], [ -0.115026555402021, 51.616154147492786 ], [ -0.115014948797471, 51.616166532367608 ], [ -0.114999564393281, 51.61618293908694 ], [ -0.11492452962326, 51.616262997677119 ], [ -0.114850961076966, 51.616341479137795 ], [ -0.114847259528549, 51.616345403287788 ], [ -0.11484198486568, 51.616351037691125 ], [ -0.114814357937534, 51.616380529426422 ], [ -0.114780565899429, 51.616416576456345 ], [ -0.114766693600997, 51.616427513089995 ], [ -0.114736365323159, 51.616451431067652 ], [ -0.114668630340581, 51.616504854422907 ], [ -0.114596699655252, 51.616561573466143 ], [ -0.11459176300944, 51.616569506354551 ], [ -0.114575160150425, 51.616596135786345 ], [ -0.114563632411833, 51.61661462772927 ], [ -0.114540019624184, 51.616652510887313 ], [ -0.114485645899168, 51.616739726528721 ], [ -0.114460810288582, 51.616779577339052 ], [ -0.114456532093798, 51.616785981306343 ], [ -0.114440750259906, 51.61678645782213 ], [ -0.11423709878138, 51.616785648183217 ], [ -0.114212763338277, 51.616785553733358 ], [ -0.114206944948274, 51.616792105587095 ], [ -0.114138215627628, 51.61686948641924 ], [ -0.114056970993006, 51.616960945949096 ], [ -0.114029970711319, 51.616991328842623 ], [ -0.113879056517179, 51.617161214983234 ], [ -0.113820733271635, 51.61722686599235 ], [ -0.113656428535782, 51.61741183261929 ], [ -0.113634426473184, 51.617436594610858 ], [ -0.113625379925519, 51.617446781413605 ], [ -0.113528217791452, 51.617556158283882 ], [ -0.113469226390165, 51.617622562741211 ], [ -0.113442389774653, 51.617652777281805 ], [ -0.113360229391962, 51.617745246760705 ], [ -0.113290508623961, 51.617823735229607 ], [ -0.113239093612451, 51.617881601744607 ], [ -0.113205285760219, 51.617919671385522 ], [ -0.113140793241796, 51.617992254919685 ], [ -0.113133140966054, 51.618000863465014 ], [ -0.113049281578172, 51.618095256768605 ], [ -0.113034248363762, 51.618112199447694 ], [ -0.112880985598531, 51.618284699363514 ], [ -0.112855223896425, 51.618313708104765 ], [ -0.112808050563415, 51.618366804765074 ], [ -0.112685456632017, 51.618504799361652 ], [ -0.112634479635234, 51.618562169105019 ], [ -0.11240629187359, 51.618819016774339 ], [ -0.112394895516436, 51.61883192635019 ], [ -0.112368136548255, 51.618823312703064 ], [ -0.11209755412616, 51.618729254871504 ], [ -0.112036498069062, 51.618708083446094 ], [ -0.11201258044706, 51.618700204259959 ], [ -0.111921700520556, 51.618670415571451 ], [ -0.111913215995027, 51.618667410441333 ], [ -0.11180378626111, 51.618628636444988 ], [ -0.111789137760529, 51.618623445856102 ], [ -0.111743293040447, 51.618604911983425 ], [ -0.111559260575121, 51.618530522990355 ], [ -0.111487247730093, 51.618501406350376 ], [ -0.111419891450142, 51.618478074809062 ], [ -0.111399883988324, 51.61847114329467 ], [ -0.111357690321331, 51.618456525786677 ], [ -0.111193615404289, 51.618399677960994 ], [ -0.111111292749043, 51.618371168435438 ], [ -0.111104400830688, 51.618368773394373 ], [ -0.110939001968678, 51.618311472247463 ], [ -0.110661321234776, 51.618215259904154 ], [ -0.110662343012412, 51.618199719484863 ], [ -0.110608438831862, 51.61818048883066 ], [ -0.110590802876494, 51.618174197859602 ], [ -0.110580983322669, 51.61817238510389 ], [ -0.110517830813462, 51.618149417481234 ], [ -0.110520629557076, 51.618146378160809 ], [ -0.110462751631187, 51.618127182351238 ], [ -0.11033432728638, 51.618089144110442 ], [ -0.110311042603882, 51.61808669179154 ], [ -0.11024873953097, 51.618080121882201 ], [ -0.110233652795938, 51.618078529991344 ], [ -0.110173784943305, 51.618059949433778 ], [ -0.110158497021175, 51.618055206946721 ], [ -0.110041128987257, 51.618018776281453 ], [ -0.110022489881916, 51.61801299062116 ], [ -0.10994362708856, 51.617988501644987 ], [ -0.109840134591302, 51.61795639486688 ], [ -0.109805822791017, 51.617945743538236 ], [ -0.10977732580145, 51.617936291959396 ], [ -0.109710101449515, 51.617913995657354 ], [ -0.109663337960434, 51.617898485574457 ], [ -0.109585425916983, 51.61786191686847 ], [ -0.109564144765438, 51.61785193406088 ], [ -0.1095414500129, 51.617842944612526 ], [ -0.109422049190375, 51.617795680655568 ], [ -0.109374744481765, 51.617768534534044 ], [ -0.109309183775551, 51.617730914746595 ], [ -0.109235350301279, 51.617668549333168 ], [ -0.109228470392334, 51.617662746244655 ], [ -0.109234023195834, 51.617660173986117 ], [ -0.10933889179277, 51.617611623516623 ], [ -0.109358746192141, 51.617602429522108 ], [ -0.109651641915039, 51.617466795944857 ], [ -0.109823832411351, 51.617408296169181 ], [ -0.109923758836705, 51.617374350182395 ], [ -0.10999125562564, 51.617356742419339 ], [ -0.11003928477224, 51.617327922172009 ], [ -0.110337928105854, 51.617256837178864 ], [ -0.110528843261461, 51.617211398254128 ], [ -0.11059108848934, 51.617103232870278 ], [ -0.110602526786877, 51.617002423265582 ], [ -0.110693172492186, 51.616861452295154 ], [ -0.110787849043693, 51.616714188538623 ], [ -0.110748370373485, 51.616690568125492 ], [ -0.110580196676093, 51.616666079935591 ] ] ] } },
{ "type": "Feature", "properties": { "lsoa21cd": "E01001496", "lsoa21nm": "Enfield 026D", "msoa21cd": "E02000302", "msoa21nm": "Enfield 026", "lad22cd": "E09000010", "lad22nm": "Enfield", "index_right": 313, "GSS_CODE": "E05000205", "risk_score": 9.7694351493414082, "allocation_hours": 80.282055061648393, "patrol_units": 40 }, "geometry": { "type": "Polygon", "coordinates": [ [ [ -0.092487963603463, 51.623520072987162 ], [ -0.092498538690281, 51.623495641575907 ], [ -0.09252420410524, 51.623436268045801 ], [ -0.092530699707183, 51.623421257342507 ], [ -0.092541193049674, 51.623401869374426 ], [ -0.092543902672433, 51.623396859672994 ], [ -0.09255480456436, 51.623376687010712 ], [ -0.092578018183357, 51.623333729817588 ], [ -0.092597267974077, 51.623298126945947 ], [ -0.092618953568445, 51.623258013493839 ], [ -0.092655566218491, 51.62319028411347 ], [ -0.092672042888054, 51.623159824789063 ], [ -0.092702225808246, 51.623103986789936 ], [ -0.092715742979399, 51.62307898272482 ], [ -0.09273052835645, 51.623051643254257 ], [ -0.092762793818, 51.62299196335217 ], [ -0.092769199440249, 51.622980125516037 ], [ -0.092796297026557, 51.622929983512087 ], [ -0.092806728246648, 51.622910693429858 ], [ -0.092815733675574, 51.622894050925709 ], [ -0.092827512440968, 51.622872255870156 ], [ -0.092871007706814, 51.622791806092522 ], [ -0.092874907621122, 51.62278459459899 ], [ -0.092906608850121, 51.622725957606001 ], [ -0.092932095851492, 51.622680105771209 ], [ -0.092940612264995, 51.62266478619263 ], [ -0.092967551573946, 51.622616341156743 ], [ -0.092990835032628, 51.622574455130504 ], [ -0.092994506394018, 51.622567869390146 ], [ -0.092996913709512, 51.622563520206789 ], [ -0.093024618004236, 51.62251371174969 ], [ -0.093042541482483, 51.622481468416744 ], [ -0.093043963467488, 51.622478910698248 ], [ -0.093067059213922, 51.622437363320358 ], [ -0.093075872463153, 51.622421509011104 ], [ -0.093109750125758, 51.622360569313685 ], [ -0.093110001662948, 51.622354575425902 ], [ -0.09311176317512, 51.622312600238544 ], [ -0.093113052911626, 51.622281866960535 ], [ -0.093113772824974, 51.622264712040071 ], [ -0.09311389840434, 51.622261719589282 ], [ -0.093124569916678, 51.622241516156933 ], [ -0.093155267632731, 51.622183366367068 ], [ -0.09316097964384, 51.622172560361513 ], [ -0.093174822585652, 51.622160780476882 ], [ -0.093226178563304, 51.622117093706009 ], [ -0.093245212325316, 51.6221009019701 ], [ -0.093295811969339, 51.622057850332332 ], [ -0.093312880999945, 51.622029091142274 ], [ -0.093316705795353, 51.622022633781903 ], [ -0.093335359704107, 51.621991220598453 ], [ -0.093346553092855, 51.621972347525173 ], [ -0.093379992339398, 51.621915986790341 ], [ -0.09340157672809, 51.621879630416466 ], [ -0.093416073121077, 51.621855199731264 ], [ -0.093429550377057, 51.621832506008708 ], [ -0.093443293402168, 51.621809331011789 ], [ -0.093478410327356, 51.62175016489649 ], [ -0.093497734554752, 51.621717575580568 ], [ -0.093526726365901, 51.621668732156408 ], [ -0.093529632988101, 51.621663842539128 ], [ -0.093560086576782, 51.621612522962891 ], [ -0.093560238893121, 51.621608892481206 ], [ -0.093566056722991, 51.621602791239575 ], [ -0.093569608408639, 51.621599054150593 ], [ -0.09356985984718, 51.621596504376456 ], [ -0.09356084061776, 51.621594550281209 ], [ -0.09356392337623, 51.621589249872692 ], [ -0.093572034083608, 51.621575326483665 ], [ -0.093597160120808, 51.621532193370747 ], [ -0.093607543290566, 51.621514377209046 ], [ -0.093576732582006, 51.62150741079693 ], [ -0.093570649853136, 51.621506052975782 ], [ -0.093017881712609, 51.621381279285153 ], [ -0.093007880283243, 51.621382937637932 ], [ -0.093002411702787, 51.621381576284008 ], [ -0.092991921831498, 51.621378694487646 ], [ -0.092993552818372, 51.621375802950602 ], [ -0.093050286848177, 51.621274858720632 ], [ -0.09311181423915, 51.621165368622208 ], [ -0.093142865825696, 51.62111012916084 ], [ -0.093171842318947, 51.621058551859591 ], [ -0.093190639265176, 51.621025099734496 ], [ -0.093196229809474, 51.621015119060559 ], [ -0.093234227982101, 51.620947528953266 ], [ -0.093248060789351, 51.620922898658449 ], [ -0.093257458455982, 51.620906190562621 ], [ -0.093204170352155, 51.6208851001212 ], [ -0.093191949706997, 51.620880261315662 ], [ -0.093186408164443, 51.620878057986857 ], [ -0.093195076971517, 51.620861850616251 ], [ -0.093235566138991, 51.620786189799929 ], [ -0.093237651320509, 51.620782284998796 ], [ -0.093258577182712, 51.620743193227213 ], [ -0.093267480958547, 51.620726549040917 ], [ -0.093277232329983, 51.620743757304766 ], [ -0.093286508163854, 51.620742001706418 ], [ -0.093367208428543, 51.620726749560745 ], [ -0.093447928507192, 51.620695185340217 ], [ -0.093468754638368, 51.620687043998437 ], [ -0.093569198557214, 51.620629533325904 ], [ -0.093583130829344, 51.620617332206706 ], [ -0.093587853922282, 51.620613218491002 ], [ -0.09373660123702, 51.620384305038399 ], [ -0.093758379367626, 51.620390656999547 ], [ -0.093798652649515, 51.620402417294457 ], [ -0.094137959497835, 51.620578788679992 ], [ -0.094148736152054, 51.620557435837284 ], [ -0.094169470154283, 51.620516353464396 ], [ -0.094193070454363, 51.620504750016224 ], [ -0.094245404482294, 51.62047900971519 ], [ -0.09425797169041, 51.620472829276423 ], [ -0.094242829852986, 51.620469786567618 ], [ -0.094194538976331, 51.620460090303325 ], [ -0.094177389053827, 51.620467383270494 ], [ -0.094172463932423, 51.620455648995822 ], [ -0.09417137351961, 51.620453059430083 ], [ -0.094163283985915, 51.620433765020309 ], [ -0.094176831673448, 51.620425217519298 ], [ -0.094223480001638, 51.620400365013197 ], [ -0.094373766268909, 51.620320337144392 ], [ -0.094179856324559, 51.619941656178341 ], [ -0.094146209778525, 51.619897446462033 ], [ -0.094135150600696, 51.619899361985667 ], [ -0.094121079424854, 51.619901795085703 ], [ -0.094107287956919, 51.6199034144149 ], [ -0.094086607620586, 51.61990877955872 ], [ -0.094030203071883, 51.619923779565667 ], [ -0.094022014161305, 51.619925112253071 ], [ -0.093984545439157, 51.619931220683689 ], [ -0.093970727196915, 51.619933478027313 ], [ -0.093912632034413, 51.619939188257959 ], [ -0.093904740772066, 51.619939968241745 ], [ -0.09377796302368, 51.619926559167226 ], [ -0.093754693014481, 51.61992409468094 ], [ -0.093725710136313, 51.619918003289449 ], [ -0.093719265355236, 51.619915983136565 ], [ -0.093609307872261, 51.619881445199219 ], [ -0.093594394432414, 51.619876751500058 ], [ -0.093542588303815, 51.619853760891537 ], [ -0.09351874428778, 51.619840532030011 ], [ -0.093503229384852, 51.619831925808441 ], [ -0.093480063115398, 51.619816315958708 ], [ -0.09350133017051, 51.619790079939079 ], [ -0.093411933095005, 51.619776459813949 ], [ -0.093406004975593, 51.619775554116771 ], [ -0.093358963503965, 51.619811847322602 ], [ -0.093313616024106, 51.619810174854599 ], [ -0.093348275571678, 51.619774615582166 ], [ -0.093381041906601, 51.619755256934432 ], [ -0.093481592316395, 51.619695850683478 ], [ -0.093645386063864, 51.619612338444973 ], [ -0.093679662455697, 51.619594856713277 ], [ -0.093749144225848, 51.619559440712692 ], [ -0.0937583554041, 51.619554743492323 ], [ -0.093761450668428, 51.619552757008883 ], [ -0.093771241380988, 51.61954578062349 ], [ -0.093796976308448, 51.619527359694025 ], [ -0.093806344963858, 51.619530272660434 ], [ -0.09381860493495, 51.619523835488515 ], [ -0.093871854374898, 51.6194958801129 ], [ -0.093879210045603, 51.619492024994848 ], [ -0.093937953939645, 51.619461191378022 ], [ -0.093981572552721, 51.61942141619167 ], [ -0.094044480282547, 51.619363286108268 ], [ -0.094078210329302, 51.619326101875728 ], [ -0.09408685909589, 51.619316557541502 ], [ -0.094098491163669, 51.619303734475757 ], [ -0.094100823268867, 51.619299105283751 ], [ -0.094135716527385, 51.619261049685349 ], [ -0.094181933436389, 51.619210633600467 ], [ -0.094224143835066, 51.619164814087753 ], [ -0.094230201810392, 51.619158488311903 ], [ -0.094274200244673, 51.619109987508395 ], [ -0.094304892918379, 51.619076157508303 ], [ -0.094317653651344, 51.619062080328696 ], [ -0.094382705989988, 51.618990334357299 ], [ -0.094390044141347, 51.618982243471159 ], [ -0.094438276356317, 51.618929054389753 ], [ -0.094454219315133, 51.61889334356254 ], [ -0.094458479384078, 51.618872361410759 ], [ -0.094465923979987, 51.618835721157907 ], [ -0.094472788304479, 51.618801895111588 ], [ -0.094474955680058, 51.618791202311563 ], [ -0.094486020523574, 51.618736779820608 ], [ -0.094494267541615, 51.618696159947419 ], [ -0.09450701008353, 51.618633419702213 ], [ -0.094523223628751, 51.61855094342652 ], [ -0.094519781842757, 51.618544143151077 ], [ -0.09451447205484, 51.618533661580813 ], [ -0.094342388268381, 51.618542510640054 ], [ -0.094320818197049, 51.618543616910394 ], [ -0.094280910526959, 51.618540396560476 ], [ -0.094269968875609, 51.618539517342541 ], [ -0.094203956545463, 51.618525144735123 ], [ -0.094115408492526, 51.618485649574055 ], [ -0.094107272425828, 51.618479528362748 ], [ -0.094037489768959, 51.618427101190299 ], [ -0.094022098851029, 51.618415547512797 ], [ -0.093994336142828, 51.618369018867909 ], [ -0.093988222739119, 51.618358758014303 ], [ -0.093984387030562, 51.618355152639047 ], [ -0.093963013617521, 51.618335039803576 ], [ -0.093951090023418, 51.618323821236885 ], [ -0.093940250343337, 51.618316379139529 ], [ -0.093937468057435, 51.618312799876612 ], [ -0.093934712381549, 51.618309275000918 ], [ -0.09383999190331, 51.618187757867311 ], [ -0.093831383633769, 51.618176710076924 ], [ -0.093814266903665, 51.618141559045213 ], [ -0.093809374655072, 51.618135247740604 ], [ -0.093776528241765, 51.618092835887246 ], [ -0.093772888901243, 51.618089026869242 ], [ -0.093755332249067, 51.618070633344601 ], [ -0.093752449073193, 51.618066636085125 ], [ -0.093712394035181, 51.617994620713851 ], [ -0.093680819312477, 51.617947724271659 ], [ -0.093665399112975, 51.61792482156374 ], [ -0.093642795539732, 51.617900983765878 ], [ -0.093637063979904, 51.617894020343471 ], [ -0.093630149030707, 51.617885652842453 ], [ -0.093617888626265, 51.617870759832826 ], [ -0.093616934166171, 51.617865895574823 ], [ -0.093827352091894, 51.617752100885546 ], [ -0.093844512557018, 51.61774281182619 ], [ -0.093861225178223, 51.617735934460491 ], [ -0.093871899490043, 51.617730784417645 ], [ -0.093918045814283, 51.617708540719782 ], [ -0.093962289988108, 51.617687219290431 ], [ -0.093974159956959, 51.617680425064492 ], [ -0.093990499438189, 51.617671077678672 ], [ -0.094003031389441, 51.617665031592026 ], [ -0.094012187174443, 51.617660612224107 ], [ -0.094039720621154, 51.617645089087176 ], [ -0.094053455097779, 51.617638612915961 ], [ -0.09411496621368, 51.617609591242378 ], [ -0.094127598237358, 51.617603569250548 ], [ -0.094140019684433, 51.617597746165771 ], [ -0.094177298442441, 51.617580277138138 ], [ -0.094182674870767, 51.617577109238063 ], [ -0.094199412956005, 51.617567210769067 ], [ -0.094247499812739, 51.617545187325092 ], [ -0.094264589971909, 51.617535159681651 ], [ -0.094298355906456, 51.617515340450446 ], [ -0.094308959479683, 51.617509119115752 ], [ -0.094329475056474, 51.617493877539012 ], [ -0.094339794292949, 51.617488236091837 ], [ -0.094356781336552, 51.617478944142697 ], [ -0.094420211909803, 51.617453743833934 ], [ -0.094428012701615, 51.617449599168509 ], [ -0.094431898473355, 51.617447531094207 ], [ -0.09446861948776, 51.617432678716597 ], [ -0.094519557568851, 51.617412239208029 ], [ -0.094600829637931, 51.617394225929715 ], [ -0.094607891363301, 51.617393927014653 ], [ -0.094668870258178, 51.617391365753356 ], [ -0.094682385920505, 51.617390794009616 ], [ -0.094799134426703, 51.617401737224263 ], [ -0.094816541250869, 51.6174058598043 ], [ -0.094840781820902, 51.617411676077289 ], [ -0.094939201448612, 51.617447041680222 ], [ -0.094983909479819, 51.617425664465976 ], [ -0.094990966621092, 51.617420995112937 ], [ -0.094962773883286, 51.617462594910911 ], [ -0.094922908353573, 51.617521450468587 ], [ -0.094871941342979, 51.617596680801974 ], [ -0.094854172065627, 51.61762291092284 ], [ -0.094871887769019, 51.617626903623844 ], [ -0.094892307639499, 51.617631515770519 ], [ -0.094900950848028, 51.617633463669108 ], [ -0.095154676925219, 51.617690739743473 ], [ -0.09542298168135, 51.617755185220659 ], [ -0.095487751941235, 51.617770741976038 ], [ -0.095494731244531, 51.617772411018507 ], [ -0.095769629537449, 51.617838446521674 ], [ -0.096169357796413, 51.617934461049764 ], [ -0.096198668923834, 51.617941487905142 ], [ -0.096239731265086, 51.617884377922806 ], [ -0.096250943841051, 51.61786878716169 ], [ -0.096253658521779, 51.617865018425924 ], [ -0.096307114430376, 51.617790673225656 ], [ -0.096325429510139, 51.617765189141451 ], [ -0.096352057140883, 51.617728167772647 ], [ -0.096388373442856, 51.617689172457126 ], [ -0.096399051883362, 51.617677709546491 ], [ -0.096418412568211, 51.617656918503499 ], [ -0.096457042756844, 51.617615442838193 ], [ -0.096476962715275, 51.617594058369335 ], [ -0.096465267797716, 51.617590820092524 ], [ -0.096475488181707, 51.617580635662748 ], [ -0.096520644543693, 51.617547161294098 ], [ -0.096533562097748, 51.617533279773653 ], [ -0.096555166373054, 51.617513927950995 ], [ -0.096563648837805, 51.617506781735784 ], [ -0.096567709229277, 51.617503646323442 ], [ -0.09658223449685, 51.617491040845628 ], [ -0.096678289799041, 51.617407684047095 ], [ -0.096691120970637, 51.61739655280256 ], [ -0.096789500276992, 51.617311156378818 ], [ -0.096818370190299, 51.617286113295762 ], [ -0.096838349814236, 51.6172684706033 ], [ -0.096878369015285, 51.617233132227057 ], [ -0.096884016843285, 51.61722951449218 ], [ -0.096908408759551, 51.617223269401414 ], [ -0.096941617850887, 51.617218439825507 ], [ -0.096953441828944, 51.617224458821653 ], [ -0.0969248312016, 51.617244002756351 ], [ -0.096985655407862, 51.617258235707354 ], [ -0.097126379461973, 51.617291165562492 ], [ -0.097137244053673, 51.617293706873731 ], [ -0.097250324323768, 51.617320163064768 ], [ -0.097300062256364, 51.617331805989309 ], [ -0.097369083595788, 51.617347952242504 ], [ -0.097379311489525, 51.617350348313863 ], [ -0.097385548445287, 51.617351807365651 ], [ -0.097403444030457, 51.617355991442501 ], [ -0.097500417232032, 51.617378679003274 ], [ -0.09753225967976, 51.617386137767049 ], [ -0.097541243385388, 51.617388234873211 ], [ -0.097621966103316, 51.617407124662876 ], [ -0.097630677428062, 51.617409172381151 ], [ -0.097680702378499, 51.617420864758941 ], [ -0.097707838564015, 51.617427221989772 ], [ -0.097716550272589, 51.617429260715284 ], [ -0.097762755278799, 51.617440072778535 ], [ -0.097794498269593, 51.617447493886367 ], [ -0.097849586751814, 51.617460383389563 ], [ -0.097902572460661, 51.617472780144354 ], [ -0.097911713107747, 51.617474924729365 ], [ -0.097933542761454, 51.617480026816544 ], [ -0.097954184446209, 51.617484866835092 ], [ -0.097967516650371, 51.617487987638285 ], [ -0.097998873527691, 51.617495316998721 ], [ -0.098025810152035, 51.617501612466654 ], [ -0.098095961861376, 51.617518028404433 ], [ -0.098147116532178, 51.617529999682063 ], [ -0.09817360965159, 51.61753619350187 ], [ -0.098239956271672, 51.617551720336486 ], [ -0.098244977186532, 51.617552898839861 ], [ -0.098258996308397, 51.617556174628106 ], [ -0.098305301865812, 51.617567006088329 ], [ -0.098339891337995, 51.617575102676689 ], [ -0.09838037440212, 51.61758458074469 ], [ -0.098404207056244, 51.617590146860216 ], [ -0.098441156959051, 51.617598794263564 ], [ -0.098468007657093, 51.617605074745669 ], [ -0.098476519218793, 51.617607065205767 ], [ -0.098509177654033, 51.617614707786089 ], [ -0.098536843288714, 51.61762119030751 ], [ -0.098567842660892, 51.617628437279798 ], [ -0.098616093899287, 51.617639722807368 ], [ -0.098635591616306, 51.617644287870391 ], [ -0.098720778649118, 51.617664215957745 ], [ -0.098752106332972, 51.617671558127618 ], [ -0.098792547389467, 51.617681008391749 ], [ -0.098840154786648, 51.61769214850019 ], [ -0.098917502656052, 51.61771024528462 ], [ -0.099000072131773, 51.617729559710241 ], [ -0.099019741458182, 51.617734167955845 ], [ -0.099067034394806, 51.617745230933039 ], [ -0.099115045762181, 51.617701478538514 ], [ -0.09917469587893, 51.61764711483896 ], [ -0.099261452566424, 51.617568047558578 ], [ -0.099270418134283, 51.617559874853086 ], [ -0.09930793140321, 51.617525700051402 ], [ -0.099338642326641, 51.617497709707621 ], [ -0.099409104764446, 51.617433485558578 ], [ -0.099441602517058, 51.617403869537178 ], [ -0.099469880432979, 51.61737809683644 ], [ -0.09957230659608, 51.617284751482011 ], [ -0.099592122413157, 51.617266683039816 ], [ -0.099677089991085, 51.617189259076547 ], [ -0.099743959765985, 51.617128321699319 ], [ -0.099755672618154, 51.617117648608378 ], [ -0.099812585499064, 51.617065776104553 ], [ -0.099829614418894, 51.617050252287861 ], [ -0.099832918139041, 51.617047239392008 ], [ -0.099838309535941, 51.617048540733101 ], [ -0.100033134348937, 51.617095445704969 ], [ -0.10005305377095, 51.617101676476636 ], [ -0.100168761995163, 51.617137902256466 ], [ -0.100175877359368, 51.617140121763846 ], [ -0.100195896741137, 51.617146381107055 ], [ -0.10027553113363, 51.61717130335493 ], [ -0.100422618792404, 51.617231912152938 ], [ -0.100420220879311, 51.61723398653659 ], [ -0.100290025999504, 51.617243019162359 ], [ -0.100168169094771, 51.617345609305644 ], [ -0.10016498907359, 51.617349460511662 ], [ -0.1001324208576, 51.617389066196864 ], [ -0.100129315636738, 51.617392855666665 ], [ -0.100116771207488, 51.617416842131199 ], [ -0.10010213817877, 51.617444832367951 ], [ -0.100083376945214, 51.617515245055941 ], [ -0.100082474622405, 51.617526462009472 ], [ -0.100082263116019, 51.617529102363633 ], [ -0.100114047036948, 51.617768771542266 ], [ -0.100114121138745, 51.61777701882059 ], [ -0.100114892683825, 51.617780331549866 ], [ -0.100116385259251, 51.617785746705259 ], [ -0.100228954991041, 51.617781464493987 ], [ -0.100289690784227, 51.617782821573677 ], [ -0.100305951328541, 51.617781897978475 ], [ -0.100320589848008, 51.617781074000106 ], [ -0.100403640534778, 51.617771961092018 ], [ -0.100416918795668, 51.617770503581184 ], [ -0.100562123332262, 51.61776441613182 ], [ -0.100587587415795, 51.6177605076983 ], [ -0.100645179384283, 51.617746360150065 ], [ -0.100669787138557, 51.617740302122918 ], [ -0.100673610902697, 51.617739365890948 ], [ -0.100685266536008, 51.61773836766217 ], [ -0.100798679070432, 51.617739664883018 ], [ -0.100810933888705, 51.617743685139594 ], [ -0.10113683617707, 51.617850383950575 ], [ -0.101134529289937, 51.617877589217102 ], [ -0.101134076149892, 51.617880828153375 ], [ -0.101124171220953, 51.617951240499693 ], [ -0.101276636232405, 51.617995595948443 ], [ -0.101286282802884, 51.618000158432615 ], [ -0.101353725240158, 51.618032022506114 ], [ -0.101366020948989, 51.61803783286107 ], [ -0.101408020369824, 51.618070854157828 ], [ -0.101458138479098, 51.618132908595165 ], [ -0.101464363371921, 51.618146417107909 ], [ -0.101482737216498, 51.618186191400454 ], [ -0.101484141607414, 51.618189226605423 ], [ -0.101487057849551, 51.618201368655889 ], [ -0.101503728023205, 51.618270511668371 ], [ -0.101508314333503, 51.618282096245295 ], [ -0.101511115194641, 51.618295962976482 ], [ -0.101518209639476, 51.618338274876599 ], [ -0.101509861049453, 51.618345688882378 ], [ -0.101500236144481, 51.618354435588735 ], [ -0.101479561078056, 51.61837630772802 ], [ -0.101451251408705, 51.618401815108797 ], [ -0.101437326905155, 51.618417353439504 ], [ -0.101395700843151, 51.618454906424361 ], [ -0.101385177841512, 51.618464402940035 ], [ -0.101382730966922, 51.618466611437348 ], [ -0.101362625674086, 51.618479684681304 ], [ -0.101348204167257, 51.618491213317384 ], [ -0.10132391945205, 51.618510621511746 ], [ -0.101312634047272, 51.618521769280356 ], [ -0.101286003634405, 51.618543729314318 ], [ -0.101251907118703, 51.618578427658811 ], [ -0.101231275018046, 51.618599266321901 ], [ -0.101170946388097, 51.618666092574585 ], [ -0.1011565867147, 51.618691349159221 ], [ -0.101140863761733, 51.618712586526115 ], [ -0.101088302014521, 51.618770878772622 ], [ -0.101065263878595, 51.618802968466653 ], [ -0.101049333338636, 51.618820875255878 ], [ -0.101038796253998, 51.618836927008232 ], [ -0.101037876060119, 51.618840625988433 ], [ -0.101007188949943, 51.618920935208614 ], [ -0.10099745929456, 51.6189397876906 ], [ -0.10099706274912, 51.61894305451996 ], [ -0.100976669576327, 51.619022806528392 ], [ -0.100976506064126, 51.619056790832119 ], [ -0.10097021480296, 51.619105014365189 ], [ -0.100973486646056, 51.619116595662263 ], [ -0.100979567024977, 51.619168472627223 ], [ -0.1009767082037, 51.619232038899547 ], [ -0.100979601347544, 51.619249225350224 ], [ -0.100978220087052, 51.619298175845458 ], [ -0.100983422603911, 51.619320939037777 ], [ -0.100983129343835, 51.61933832567977 ], [ -0.100998841291899, 51.619385107013954 ], [ -0.101000897533805, 51.61939121021085 ], [ -0.101007450521091, 51.619403608994034 ], [ -0.101037190851391, 51.619457784454845 ], [ -0.101049144078208, 51.619504981517153 ], [ -0.101065755596541, 51.619535770851961 ], [ -0.101071185684363, 51.619560003491728 ], [ -0.101073591875147, 51.61956896745464 ], [ -0.101075706644005, 51.619576263096398 ], [ -0.101087578939295, 51.619626435341623 ], [ -0.101093227989459, 51.619636787189556 ], [ -0.101107388932424, 51.619703749413979 ], [ -0.101104033975256, 51.61973252487094 ], [ -0.101098589128276, 51.619779161454737 ], [ -0.10105076345155, 51.619793575310567 ], [ -0.100719199598545, 51.619853630701165 ], [ -0.100726900955112, 51.619929449338819 ], [ -0.100750567536047, 51.619975658114932 ], [ -0.100767461355266, 51.620027341513804 ], [ -0.100788992880086, 51.620093182182814 ], [ -0.100461180548561, 51.620075706311731 ], [ -0.100063863043998, 51.620030395962971 ], [ -0.100002917571517, 51.620023446616955 ], [ -0.100017074094348, 51.620070787401616 ], [ -0.100020428167127, 51.620089725881691 ], [ -0.10003900593134, 51.620194743913117 ], [ -0.100045070425481, 51.620229013463792 ], [ -0.100053296472971, 51.62027550279884 ], [ -0.100077640882056, 51.620355929970202 ], [ -0.10010279618998, 51.620439076997144 ], [ -0.100103174673458, 51.620441771870368 ], [ -0.100108361398077, 51.62047872492959 ], [ -0.100108216642613, 51.620498425037255 ], [ -0.100107426090755, 51.62060370479837 ], [ -0.100106757976594, 51.62069361844884 ], [ -0.100106636536076, 51.620710342433512 ], [ -0.100106452991964, 51.620734079520979 ], [ -0.100106118554785, 51.620779045331794 ], [ -0.100106060779828, 51.620788027850608 ], [ -0.100105755791773, 51.620828488922129 ], [ -0.100105225876791, 51.620898513515613 ], [ -0.100104811742743, 51.620954367887563 ], [ -0.100104749141804, 51.620962774811375 ], [ -0.100104710078202, 51.620967854911072 ], [ -0.100104376007352, 51.621012811733841 ], [ -0.100103931130326, 51.621072856087054 ], [ -0.100103838978695, 51.621084733616456 ], [ -0.100103451815293, 51.621136487868121 ], [ -0.100103111507529, 51.621181939173304 ], [ -0.100102958728186, 51.621203212827119 ], [ -0.100102879884348, 51.621215117549198 ], [ -0.1001024587761, 51.621269065406928 ], [ -0.100102057301937, 51.62132358010642 ], [ -0.100102023024206, 51.621327509250243 ], [ -0.100101456521686, 51.621403935867718 ], [ -0.100095365418871, 51.621438359196546 ], [ -0.100093514380418, 51.621448769440832 ], [ -0.100076864703481, 51.621542920409411 ], [ -0.100053166220902, 51.621600079164601 ], [ -0.100029676773516, 51.621656728732496 ], [ -0.100016213701061, 51.621689180187694 ], [ -0.099990587262408, 51.621750983770788 ], [ -0.099942272963428, 51.621867534496452 ], [ -0.09993888447737, 51.621875671719359 ], [ -0.099926174206739, 51.621906354856996 ], [ -0.099753917498672, 51.622321829711318 ], [ -0.099668761023957, 51.622395599846151 ], [ -0.099652526075448, 51.622409688738855 ], [ -0.099695281601534, 51.622422795566493 ], [ -0.099709408492345, 51.622426122354653 ], [ -0.099703444001389, 51.62242814793278 ], [ -0.099658426905292, 51.622443380129489 ], [ -0.099643113766771, 51.62244855445762 ], [ -0.099593506430205, 51.622521030109731 ], [ -0.099585997790969, 51.622531996131094 ], [ -0.099557577859771, 51.622591137564676 ], [ -0.099556075174, 51.622594251579599 ], [ -0.099553296227803, 51.622603010155821 ], [ -0.099545690831846, 51.622626995669883 ], [ -0.099541150273693, 51.622635042275249 ], [ -0.099536485602882, 51.622646746795112 ], [ -0.099514110253174, 51.622702636478024 ], [ -0.099513361642384, 51.622707754538403 ], [ -0.099511755413164, 51.622711271535096 ], [ -0.099504917544665, 51.622726232074911 ], [ -0.099488046396821, 51.622763124475476 ], [ -0.099446450029527, 51.622827636680952 ], [ -0.099427040092241, 51.622874105355748 ], [ -0.099413255476184, 51.622903345732212 ], [ -0.099410558351043, 51.622909111146591 ], [ -0.099404164459209, 51.622928997744133 ], [ -0.099398669143956, 51.622940526934734 ], [ -0.099392810949999, 51.622952787625337 ], [ -0.099388439897743, 51.622961961028111 ], [ -0.09937066726188, 51.62302074440553 ], [ -0.099365752246982, 51.62302841624647 ], [ -0.099336518071657, 51.623072473097046 ], [ -0.099313780266928, 51.623101100766284 ], [ -0.099310407116636, 51.623113010553176 ], [ -0.099305664428623, 51.623122088006198 ], [ -0.099303402413801, 51.623126430670567 ], [ -0.099287860759377, 51.623156227069217 ], [ -0.09930064632212, 51.623159505188163 ], [ -0.099327712133818, 51.623164520957985 ], [ -0.099326309120631, 51.623168014268309 ], [ -0.099299680327163, 51.623234396615196 ], [ -0.099297550719913, 51.62323833676512 ], [ -0.099272872303211, 51.62328399614659 ], [ -0.099259750318041, 51.623308269926405 ], [ -0.099210847676723, 51.623398741748922 ], [ -0.099192055748679, 51.623433534720469 ], [ -0.099190067711919, 51.62343719839717 ], [ -0.099174408687398, 51.623466170071588 ], [ -0.099144748383848, 51.623490013945599 ], [ -0.099139366405479, 51.623494342012307 ], [ -0.099006999649877, 51.623600780492559 ], [ -0.098960311267364, 51.623638313602491 ], [ -0.098930800004339, 51.623662042939721 ], [ -0.098904786969651, 51.623682960381238 ], [ -0.098845510594476, 51.623730612741682 ], [ -0.098754014520679, 51.623719984303563 ], [ -0.098740801991427, 51.623718448237398 ], [ -0.098407010671293, 51.623679621013501 ], [ -0.098243687827218, 51.623660624670592 ], [ -0.098234486385419, 51.623659558244356 ], [ -0.098126644348146, 51.623647018650551 ], [ -0.098098781870162, 51.62364515503085 ], [ -0.098078180317433, 51.62364377783711 ], [ -0.097990140839387, 51.623637898907567 ], [ -0.097904853245333, 51.623632199426481 ], [ -0.097867338185565, 51.623629693619726 ], [ -0.097717825850416, 51.623619697143312 ], [ -0.097613751750863, 51.623612748543579 ], [ -0.097586407926674, 51.623610920191211 ], [ -0.097315288928025, 51.623592799832799 ], [ -0.097226241313261, 51.62358685001724 ], [ -0.097139801957666, 51.623581059351622 ], [ -0.097110296738438, 51.623579096904379 ], [ -0.097060565023797, 51.623575772153629 ], [ -0.09693416127939, 51.623570079298709 ], [ -0.097059179037048, 51.623147059576311 ], [ -0.097135679226642, 51.623154480360434 ], [ -0.097157585781684, 51.623156427436221 ], [ -0.097168251260056, 51.623157373822252 ], [ -0.097243946077671, 51.623164087251475 ], [ -0.09732780150821, 51.62317153551102 ], [ -0.097359754655475, 51.623174373917145 ], [ -0.097370175465387, 51.623175298330693 ], [ -0.097468841881801, 51.623184056854299 ], [ -0.09747893177304, 51.623184948912858 ], [ -0.097596583135361, 51.623195391129101 ], [ -0.097603110584759, 51.623195969108693 ], [ -0.097739653643003, 51.623208079959831 ], [ -0.097769304062268, 51.623210710049129 ], [ -0.097814945149314, 51.623214768491344 ], [ -0.097827740945091, 51.62321590223857 ], [ -0.097884451037296, 51.623220931507419 ], [ -0.097949221069607, 51.623226684959526 ], [ -0.098013646133935, 51.623232396811595 ], [ -0.098113536195108, 51.623241264556185 ], [ -0.09814351795929, 51.623243917907963 ], [ -0.09818671271181, 51.62324774769445 ], [ -0.098201033966589, 51.623249023037907 ], [ -0.098241997752957, 51.623252654764741 ], [ -0.098251482822896, 51.623253500979558 ], [ -0.098299744024016, 51.623257781564398 ], [ -0.098309821336013, 51.623257594252898 ], [ -0.098353310036589, 51.62326199526796 ], [ -0.098389226191613, 51.623261966107322 ], [ -0.09842449192608, 51.623261944375308 ], [ -0.098445469610114, 51.623261924787244 ], [ -0.098451549134392, 51.623258880492308 ], [ -0.098461201428761, 51.623247791924314 ], [ -0.098488889125268, 51.623220687948375 ], [ -0.098506393484179, 51.623203553361591 ], [ -0.098515148766744, 51.623184901085409 ], [ -0.098554689417224, 51.623100680377206 ], [ -0.098579717343586, 51.623047374225983 ], [ -0.098586712859892, 51.623032452260027 ], [ -0.098590376119545, 51.623024661239334 ], [ -0.098604206592663, 51.622995201378316 ], [ -0.098630282387589, 51.622939637115465 ], [ -0.098640146684663, 51.622918646787944 ], [ -0.09866019482733, 51.622875933930118 ], [ -0.098668474192904, 51.622858294571692 ], [ -0.098687886704913, 51.622816960738852 ], [ -0.098695024116282, 51.622801753309055 ], [ -0.098724509725709, 51.622738924449983 ], [ -0.098725921337588, 51.622735916877708 ], [ -0.098728442808371, 51.622730553290282 ], [ -0.098760254627141, 51.622667024751749 ], [ -0.098766071437307, 51.622655410875311 ], [ -0.098776050796339, 51.622635465527026 ], [ -0.098782134835186, 51.622623334419671 ], [ -0.098801603482532, 51.622584451922634 ], [ -0.098807010318831, 51.622573658704034 ], [ -0.09881410440969, 51.622559484697291 ], [ -0.098820930132237, 51.622545854879348 ], [ -0.098839185175457, 51.622509389658113 ], [ -0.098840875219827, 51.622504561130697 ], [ -0.098842018905074, 51.622490002909196 ], [ -0.098843205603492, 51.622474761958721 ], [ -0.098843636712538, 51.622469292545233 ], [ -0.09861274645567, 51.622392409545796 ], [ -0.098503415265867, 51.622377548530764 ], [ -0.098340799085015, 51.622374911969253 ], [ -0.09832878766353, 51.622374717214306 ], [ -0.09822683041531, 51.622393881540511 ], [ -0.098117866348387, 51.622423057658352 ], [ -0.09804678673495, 51.622442093066645 ], [ -0.097985651717811, 51.622454788162564 ], [ -0.097976179001672, 51.622456756761053 ], [ -0.097949816003143, 51.622462228273626 ], [ -0.097924304067554, 51.622468765699573 ], [ -0.097794599082176, 51.622495410995199 ], [ -0.097768646292527, 51.622500745241652 ], [ -0.097747110092892, 51.622504451542014 ], [ -0.097742692279697, 51.622504038175713 ], [ -0.097720552386527, 51.622484552135141 ], [ -0.097611760226083, 51.622390052867182 ], [ -0.097616048734982, 51.622362672962588 ], [ -0.097619306338426, 51.622341800361546 ], [ -0.0976189622248, 51.622338287722926 ], [ -0.097604829246214, 51.622194161231278 ], [ -0.097603938043285, 51.622190603748606 ], [ -0.097585400330034, 51.622116142286423 ], [ -0.097580172977494, 51.622106426576636 ], [ -0.097381208246234, 51.62173675650682 ], [ -0.097713296365977, 51.621688242575949 ], [ -0.097604619757808, 51.621667385242333 ], [ -0.097582108692066, 51.621663399733492 ], [ -0.097380317617175, 51.62162519963843 ], [ -0.097301788270626, 51.621610338061707 ], [ -0.097094733026076, 51.621578148950057 ], [ -0.096956657737153, 51.621556691709678 ], [ -0.096837543333329, 51.621538167786689 ], [ -0.0966559075192, 51.621509933402074 ], [ -0.096526645645845, 51.621481905808267 ], [ -0.096535433789046, 51.621489723502592 ], [ -0.096538818295468, 51.621508076287967 ], [ -0.096621706467543, 51.62151974665931 ], [ -0.096587923789012, 51.621588889946523 ], [ -0.096485020388214, 51.621575142972155 ], [ -0.09638369716337, 51.62156161039605 ], [ -0.096263583258016, 51.621545569567061 ], [ -0.096245031832464, 51.621569071477431 ], [ -0.096205363679619, 51.621574551430726 ], [ -0.0961757371905, 51.621592064423695 ], [ -0.096160547605787, 51.621609802772262 ], [ -0.096159752394742, 51.621628781939329 ], [ -0.096157615260823, 51.621679788450528 ], [ -0.09615428924007, 51.621684005877711 ], [ -0.096141596501352, 51.621700076188198 ], [ -0.096143200661969, 51.621707646902692 ], [ -0.096054182826441, 51.621900007335299 ], [ -0.096051322909142, 51.621906201675273 ], [ -0.09601480359618, 51.621985120154626 ], [ -0.096001512432292, 51.621982026796609 ], [ -0.095771587569954, 51.621928466695849 ], [ -0.095742988573249, 51.621921797555331 ], [ -0.095460401457428, 51.621855961345567 ], [ -0.095454335322611, 51.621854549938703 ], [ -0.095276703264186, 51.621813159523242 ], [ -0.095264142063099, 51.621810230806574 ], [ -0.095185011592096, 51.621791797028365 ], [ -0.095139152478104, 51.6218667237899 ], [ -0.095085569183421, 51.621954285384852 ], [ -0.095054598574373, 51.622004877532902 ], [ -0.095003092637647, 51.622089055698979 ], [ -0.094987428418971, 51.622114654601873 ], [ -0.094983396080315, 51.622121243528369 ], [ -0.094979568438136, 51.622123294585464 ], [ -0.094917185856769, 51.622156776387747 ], [ -0.094820824557348, 51.622208527433486 ], [ -0.094757393327932, 51.622214987749949 ], [ -0.094745902544359, 51.622216158946792 ], [ -0.094537908508952, 51.622237338356662 ], [ -0.094516146012136, 51.622239547640724 ], [ -0.094486350008762, 51.622275545979114 ], [ -0.094471010901111, 51.62229407303068 ], [ -0.09445258152651, 51.622300167247346 ], [ -0.094359306859439, 51.622322908924801 ], [ -0.094101973938161, 51.622355700000838 ], [ -0.094095249385293, 51.622356552918795 ], [ -0.094085565465698, 51.622357870316073 ], [ -0.094075638685466, 51.622361189085993 ], [ -0.094064074311312, 51.622365146685745 ], [ -0.094051954238016, 51.62238493548378 ], [ -0.094035198006997, 51.62240796715961 ], [ -0.094024178121657, 51.62242597983694 ], [ -0.094021029542078, 51.622435604563726 ], [ -0.093986540087027, 51.62254111920975 ], [ -0.093982694676297, 51.622552890803256 ], [ -0.093869156941912, 51.622667430626088 ], [ -0.0938640052813, 51.622672629974801 ], [ -0.093854533025585, 51.622685946745051 ], [ -0.093814621482472, 51.622758496767005 ], [ -0.093813033656126, 51.622765008484187 ], [ -0.093791800624833, 51.622851701478204 ], [ -0.093790023449273, 51.622858938507484 ], [ -0.093779842418538, 51.622876407265075 ], [ -0.093770236639046, 51.622892905192465 ], [ -0.093765223391219, 51.622901519428112 ], [ -0.093760502029804, 51.622912818162696 ], [ -0.093758433458797, 51.622924762508163 ], [ -0.093736415198152, 51.6229676674023 ], [ -0.093731126544778, 51.622981124100107 ], [ -0.093706218366318, 51.623044529805718 ], [ -0.093692357305936, 51.623071200984533 ], [ -0.093690911851995, 51.623073974148092 ], [ -0.093686346740819, 51.623079825984718 ], [ -0.093637657087447, 51.623142242647035 ], [ -0.093634007573552, 51.623146931350689 ], [ -0.093614501861776, 51.623186244106606 ], [ -0.093602504775092, 51.623217037145686 ], [ -0.0935832078056, 51.623266523770184 ], [ -0.093580259781142, 51.623274119448958 ], [ -0.093578608486128, 51.623278355037598 ], [ -0.093575979023005, 51.623281801374524 ], [ -0.09356099519011, 51.623312159186014 ], [ -0.093556985445244, 51.623320268162104 ], [ -0.093553085053356, 51.62332818108127 ], [ -0.093494429902909, 51.623345585774686 ], [ -0.093441072068293, 51.623365167298893 ], [ -0.093390797669959, 51.623390279832684 ], [ -0.093379169740925, 51.623396088785277 ], [ -0.093357939050028, 51.623403513148887 ], [ -0.093337618158044, 51.62341060159261 ], [ -0.093240011530433, 51.623455775656474 ], [ -0.09323242407387, 51.623459285262641 ], [ -0.09307551984137, 51.623510824025217 ], [ -0.093038781705394, 51.623509435372902 ], [ -0.092981056433459, 51.623507255849866 ], [ -0.092577225330658, 51.623707434995367 ], [ -0.092486587644117, 51.623691878734959 ], [ -0.092472617143217, 51.623689475346822 ], [ -0.092418699463596, 51.623680217454307 ], [ -0.092450156092328, 51.623607476398696 ], [ -0.092452171347028, 51.623602833089805 ], [ -0.092487963603463, 51.623520072987162 ] ] ] } },
{ "type": "Feature", "properties": { "lsoa21cd": "E01001404", "lsoa21nm": "Enfield 026A", "msoa21cd": "E02000302", "msoa21nm": "Enfield 026", "lad22cd": "E09000010", "lad22nm": "Enfield", "index_right": 313, "GSS_CODE": "E05000205", "risk_score": 0.0010682771893384807, "allocation_hours": 0.0087787560718243281, "patrol_units": 0 }, "geometry": { "type": "Polygon", "coordinates": [ [ [ -0.08483707392131, 51.632171462589618 ], [ -0.084826238745024, 51.632162850800263 ], [ -0.084816769672316, 51.632164670096671 ], [ -0.084734749079572, 51.632090110112181 ], [ -0.084571439970245, 51.631960299739461 ], [ -0.084557758293667, 51.631942100435396 ], [ -0.084524142093785, 51.631897735824296 ], [ -0.084674003408846, 51.631803805278992 ], [ -0.084680830687161, 51.631799528394367 ], [ -0.084725179917514, 51.631760064935861 ], [ -0.08472953484769, 51.631754452776228 ], [ -0.084777022977358, 51.63169333270109 ], [ -0.084792405292246, 51.631664376218055 ], [ -0.084803187492189, 51.631644103320127 ], [ -0.084815197702733, 51.631643013431166 ], [ -0.084825089872798, 51.631642122774217 ], [ -0.084912063668399, 51.631628376539481 ], [ -0.084918860294668, 51.631627907455808 ], [ -0.084934460129839, 51.631625644196781 ], [ -0.084961937850073, 51.631621659438295 ], [ -0.085057290399148, 51.631615491336795 ], [ -0.085076510558372, 51.631611326804936 ], [ -0.085188186673476, 51.631587107368105 ], [ -0.085215379238356, 51.631578234984381 ], [ -0.085265032505437, 51.631562022623804 ], [ -0.085271553149806, 51.631558846793105 ], [ -0.085362942395094, 51.631514404748103 ], [ -0.08537415411086, 51.631508949442384 ], [ -0.085403477321189, 51.631490669693164 ], [ -0.085422812844606, 51.631475203451842 ], [ -0.085434597137141, 51.631465764827283 ], [ -0.08544663523535, 51.631456132509221 ], [ -0.085502092578551, 51.63139788504138 ], [ -0.085492729760316, 51.631391365580299 ], [ -0.08548144368835, 51.631383510824243 ], [ -0.085453340440737, 51.631363961184036 ], [ -0.08532706568764, 51.631302666980744 ], [ -0.085320311476265, 51.6312993913985 ], [ -0.085270015119513, 51.631281871504278 ], [ -0.085265842347502, 51.631280427552319 ], [ -0.08519046156745, 51.631261886729959 ], [ -0.085165245698695, 51.63125781522686 ], [ -0.085153003887607, 51.631255834907677 ], [ -0.085139168773531, 51.631253603769387 ], [ -0.085087632044181, 51.631245280834378 ], [ -0.085063248754989, 51.631241339800788 ], [ -0.084963520450552, 51.631229316621557 ], [ -0.084950977183358, 51.631227803464938 ], [ -0.084941079337853, 51.631225919836382 ], [ -0.084922243904891, 51.631218571266039 ], [ -0.084805823702634, 51.631199765163366 ], [ -0.084812636549893, 51.631184526211179 ], [ -0.084813992812208, 51.631181490907217 ], [ -0.08484799504633, 51.631105394047793 ], [ -0.084870209299308, 51.631065191580511 ], [ -0.084971954889272, 51.630881085812327 ], [ -0.084943826891851, 51.63089090505563 ], [ -0.084926946744853, 51.630896807334821 ], [ -0.08468475254704, 51.63086175347776 ], [ -0.084557015163836, 51.630827641483947 ], [ -0.084494116355797, 51.630797532944825 ], [ -0.084482717555744, 51.630792014308298 ], [ -0.084465870790521, 51.63078017493784 ], [ -0.084494823046741, 51.630692098665698 ], [ -0.084508092888641, 51.630667657929067 ], [ -0.084517462462785, 51.630650383469948 ], [ -0.084486429236533, 51.630643788913687 ], [ -0.084494144725259, 51.630632669781292 ], [ -0.084529907574429, 51.630581110749304 ], [ -0.084564108256492, 51.630531814792349 ], [ -0.08458970875839, 51.630494913943444 ], [ -0.084604124077826, 51.630474142846914 ], [ -0.084608908538767, 51.630467251783159 ], [ -0.084617613851539, 51.630374285771339 ], [ -0.084614945600267, 51.630361158154322 ], [ -0.084596483802294, 51.630270311484203 ], [ -0.084588953592335, 51.630251187440116 ], [ -0.08455284416281, 51.630159441157303 ], [ -0.084542782801562, 51.630142775694075 ], [ -0.084492340811722, 51.630059230332712 ], [ -0.084470057708048, 51.630022312087995 ], [ -0.084375739716577, 51.629892071734361 ], [ -0.08433760281261, 51.629847017182065 ], [ -0.084341983034878, 51.62984559595089 ], [ -0.084401402120979, 51.629826306076652 ], [ -0.084504371270725, 51.62978302486971 ], [ -0.084527699118516, 51.629771553646897 ], [ -0.08457354281297, 51.629749020578529 ], [ -0.084592901600809, 51.62973949885987 ], [ -0.084667371162497, 51.629686768747753 ], [ -0.084714396267409, 51.629654381175897 ], [ -0.084756659040013, 51.629625279031124 ], [ -0.084796844218205, 51.629593705996051 ], [ -0.084811654428223, 51.629582059707715 ], [ -0.084846340231721, 51.629554803199063 ], [ -0.084907701536605, 51.62950418802933 ], [ -0.084921174242757, 51.629493077430212 ], [ -0.084937891057334, 51.629473566875177 ], [ -0.08498196257811, 51.62942212995803 ], [ -0.085017080143059, 51.62936819083167 ], [ -0.085028311850565, 51.629350946759025 ], [ -0.08505870586006, 51.629315473002272 ], [ -0.085064297664745, 51.62930587938429 ], [ -0.085121009955391, 51.629208580308301 ], [ -0.085121768442926, 51.629190598743058 ], [ -0.085154436173778, 51.629101216211744 ], [ -0.084617814015197, 51.628970985551931 ], [ -0.084473332294586, 51.628935929897672 ], [ -0.084439321518447, 51.628927677003169 ], [ -0.084457931254364, 51.628829063557248 ], [ -0.08445906879139, 51.628802104683274 ], [ -0.084446525984023, 51.628756937467934 ], [ -0.084405105832067, 51.628711298723886 ], [ -0.084313987152544, 51.628642951719641 ], [ -0.084307068705177, 51.628637757990781 ], [ -0.084231057769288, 51.628602758948858 ], [ -0.084165336749421, 51.628572496078874 ], [ -0.083995880196436, 51.628479803709716 ], [ -0.083880822748467, 51.628432647308074 ], [ -0.083679370285876, 51.628350069935379 ], [ -0.083597860851525, 51.628316653222249 ], [ -0.083470362817035, 51.62826439224137 ], [ -0.083313435901826, 51.628216865934156 ], [ -0.083253616649782, 51.628202210977896 ], [ -0.083205395140724, 51.628190398276729 ], [ -0.083156144328756, 51.628178325938535 ], [ -0.082909555423197, 51.628542988815397 ], [ -0.082825037290269, 51.628676620974581 ], [ -0.082791503221121, 51.628729623270807 ], [ -0.082785697449586, 51.62873879965494 ], [ -0.082770499757769, 51.628756536280811 ], [ -0.082720739659733, 51.628835198757102 ], [ -0.082708400481012, 51.628854699660835 ], [ -0.082705768663414, 51.628858856145463 ], [ -0.082578920343966, 51.629059401973365 ], [ -0.082522780753351, 51.629148148627472 ], [ -0.082511543564805, 51.629164816906169 ], [ -0.082414876277017, 51.62930825894346 ], [ -0.082384689243079, 51.629353834107718 ], [ -0.082350288162616, 51.629405788008448 ], [ -0.082284637053619, 51.629504873360716 ], [ -0.082127139717824, 51.629742677371631 ], [ -0.082090779768257, 51.629797548738338 ], [ -0.082033783081539, 51.62977863197159 ], [ -0.081987202764243, 51.629763167729195 ], [ -0.08197271118416, 51.629758362623718 ], [ -0.081891035087015, 51.629731254801577 ], [ -0.081840208626871, 51.629714381192173 ], [ -0.081135863514779, 51.629480613388964 ], [ -0.081121842520209, 51.629475959747126 ], [ -0.08099003909696, 51.629389499093868 ], [ -0.080840662480429, 51.629291510155852 ], [ -0.080645357491501, 51.629126449798818 ], [ -0.08063129901743, 51.629117218287199 ], [ -0.080562524214076, 51.629035169417392 ], [ -0.080386599371653, 51.629095238570891 ], [ -0.080356962249544, 51.629112729669785 ], [ -0.080268049228558, 51.629165238870357 ], [ -0.08014949872618, 51.629235239059675 ], [ -0.080049567175044, 51.629206626121125 ], [ -0.080006250769358, 51.629205917222272 ], [ -0.079875541410392, 51.629221763033193 ], [ -0.079831464824824, 51.629239026674298 ], [ -0.079787388206549, 51.629256290299743 ], [ -0.079772569294186, 51.629265040272095 ], [ -0.079712153260579, 51.629326999050619 ], [ -0.079709872979387, 51.62938090787673 ], [ -0.07972317112835, 51.629408112105324 ], [ -0.07973608956625, 51.629444293647431 ], [ -0.079834501075073, 51.629508852048978 ], [ -0.079819682089102, 51.629517602028997 ], [ -0.079578557723552, 51.629642644054378 ], [ -0.079539793719942, 51.629662737289571 ], [ -0.079332173162446, 51.629770405194719 ], [ -0.078750050783614, 51.62986878420795 ], [ -0.078515637683686, 51.629977846515615 ], [ -0.078470004465536, 51.629999085882368 ], [ -0.078399330780602, 51.629961958220683 ], [ -0.078286481358817, 51.629897162083303 ], [ -0.078205600522918, 51.629848923181989 ], [ -0.078243529151761, 51.62980830469639 ], [ -0.078258272106368, 51.629792485519395 ], [ -0.078267588380509, 51.629782494540329 ], [ -0.078522530915859, 51.629463703382747 ], [ -0.078573944658801, 51.629399412514445 ], [ -0.078638671088249, 51.629306929546189 ], [ -0.078727256149622, 51.629181714185869 ], [ -0.07879012999626, 51.629092431836149 ], [ -0.078839460407003, 51.629015211475306 ], [ -0.078859825051082, 51.628983306737254 ], [ -0.078945462631357, 51.628830334307132 ], [ -0.078981676860237, 51.628765659527446 ], [ -0.078994587255034, 51.628742598264019 ], [ -0.078997495284496, 51.628737385252023 ], [ -0.079227865919035, 51.628381501109665 ], [ -0.079292530584037, 51.628281600740479 ], [ -0.079304805671121, 51.628262620653253 ], [ -0.079399846906828, 51.628115781997614 ], [ -0.079456380583094, 51.62802841891763 ], [ -0.079472673339194, 51.628003263779796 ], [ -0.079499680085059, 51.627961530964214 ], [ -0.079663030396393, 51.627709177067679 ], [ -0.080245079867663, 51.626809874650291 ], [ -0.080414272295109, 51.626548488237539 ], [ -0.080416800832078, 51.626542162911662 ], [ -0.080417814905938, 51.626539364847702 ], [ -0.080434287033656, 51.626493538747148 ], [ -0.080464247571735, 51.626442043277137 ], [ -0.080472412191194, 51.626427995681858 ], [ -0.080476494688984, 51.626420967390885 ], [ -0.080478271306504, 51.626417903037108 ], [ -0.08049833726567, 51.626383439341495 ], [ -0.080500051569549, 51.626380481878044 ], [ -0.080502014736005, 51.626377105838564 ], [ -0.080504819476101, 51.62637227778994 ], [ -0.080520212860984, 51.626345812912042 ], [ -0.080529280568804, 51.626330224386393 ], [ -0.080531321998986, 51.626326705746962 ], [ -0.080533752109842, 51.626322537013927 ], [ -0.080563759534196, 51.626270952369303 ], [ -0.080568153175563, 51.626263398609055 ], [ -0.080589723562615, 51.626226324712952 ], [ -0.080613164358732, 51.626186017136042 ], [ -0.080618290127642, 51.626177207409455 ], [ -0.080621718703867, 51.626171292479683 ], [ -0.080633948197537, 51.626150288234413 ], [ -0.080638559900589, 51.62614236035482 ], [ -0.08064365488449, 51.626133595086358 ], [ -0.080671582638066, 51.626083010533009 ], [ -0.080675196987665, 51.626076460173195 ], [ -0.080681377055784, 51.626065266693672 ], [ -0.080690139555679, 51.626049376412574 ], [ -0.080712279249801, 51.626009254360696 ], [ -0.080715471098056, 51.626003470443401 ], [ -0.080743085623736, 51.625953456275084 ], [ -0.080746325715691, 51.625947556243922 ], [ -0.080750019449937, 51.625940836323686 ], [ -0.080752853958689, 51.62593564456126 ], [ -0.080756611709824, 51.625928777311813 ], [ -0.080764502964496, 51.625914356536981 ], [ -0.08077485277231, 51.625895434767713 ], [ -0.080783511862894, 51.625879596745236 ], [ -0.080796883213494, 51.625849348877892 ], [ -0.080798127872326, 51.625846563577497 ], [ -0.080803736052312, 51.625833858985786 ], [ -0.080806596940764, 51.62582735924267 ], [ -0.080814504083536, 51.625809485598495 ], [ -0.080816469470166, 51.625805030489659 ], [ -0.080825480685164, 51.625784621034754 ], [ -0.080848422051623, 51.625732704906746 ], [ -0.080859027021835, 51.625706719188265 ], [ -0.080860363992806, 51.625703458794419 ], [ -0.080864360846681, 51.625693668390255 ], [ -0.080869342094026, 51.625681439134958 ], [ -0.080880255161358, 51.62565465812235 ], [ -0.080885703711618, 51.625641285470245 ], [ -0.080893117625538, 51.625623115992383 ], [ -0.080898225753522, 51.625610619036877 ], [ -0.080904752907071, 51.625594629224189 ], [ -0.080907088700174, 51.62558893021491 ], [ -0.08091353644235, 51.625573109960513 ], [ -0.08092025848694, 51.625556610762537 ], [ -0.080930010439003, 51.625532688355577 ], [ -0.080940288172562, 51.625505555229232 ], [ -0.080944467162379, 51.62549452684403 ], [ -0.080955606647835, 51.625465096784076 ], [ -0.080984325430132, 51.625389220295212 ], [ -0.080986422789135, 51.625383688250018 ], [ -0.0810047994414, 51.625335123641165 ], [ -0.081009157499224, 51.625323612597192 ], [ -0.081023531629507, 51.625285665595946 ], [ -0.081027288680803, 51.625275385684013 ], [ -0.081029214692875, 51.625270147587365 ], [ -0.081040237393903, 51.625240059156219 ], [ -0.081045707332269, 51.625225140157809 ], [ -0.081062444962724, 51.625179462296366 ], [ -0.081067966167993, 51.625164355293094 ], [ -0.081070185819636, 51.62515832166698 ], [ -0.081075898674674, 51.625142781662355 ], [ -0.081077956303324, 51.625137163536799 ], [ -0.081079507359891, 51.625132935457984 ], [ -0.081092137650875, 51.625098475988118 ], [ -0.0811085883789, 51.625053602751954 ], [ -0.081111152569069, 51.625046594578755 ], [ -0.081118435625882, 51.625026714399802 ], [ -0.081144756818537, 51.624957309221884 ], [ -0.081154122383151, 51.624932589172751 ], [ -0.081157797719824, 51.624922874447755 ], [ -0.081161634125582, 51.624912766687473 ], [ -0.081172267329074, 51.624884713170914 ], [ -0.081177792672289, 51.624870190743188 ], [ -0.081181124211213, 51.624861432591103 ], [ -0.081187680151841, 51.624844058414041 ], [ -0.081207823184681, 51.624790945486858 ], [ -0.081209985447622, 51.624785243642009 ], [ -0.081247154095477, 51.624687149958426 ], [ -0.081249039799134, 51.624682180974034 ], [ -0.0812697019776, 51.624627718661152 ], [ -0.081270774744345, 51.624624894578872 ], [ -0.081284269404651, 51.624589289196109 ], [ -0.081314762039492, 51.624508841981353 ], [ -0.081319501141691, 51.62449634348787 ], [ -0.081324249546723, 51.624483795687581 ], [ -0.081339012514203, 51.624444838856945 ], [ -0.08134574080295, 51.624427143760556 ], [ -0.081350488055184, 51.624414622917904 ], [ -0.081358097251936, 51.624394541232121 ], [ -0.081362681912666, 51.624382449369527 ], [ -0.081368096586863, 51.624368149935499 ], [ -0.081373934053055, 51.624352733354158 ], [ -0.081379575124104, 51.624337862102699 ], [ -0.081380623195938, 51.624335280413142 ], [ -0.081398882542358, 51.624289816240363 ], [ -0.081400770129902, 51.624285144037138 ], [ -0.081403918511121, 51.624277300118408 ], [ -0.081405694034155, 51.624272886864603 ], [ -0.081421999651734, 51.624232291644901 ], [ -0.081428691275302, 51.624215634578526 ], [ -0.081435996385423, 51.624197449828564 ], [ -0.081438513411406, 51.624191214232454 ], [ -0.081450322636835, 51.624161817564016 ], [ -0.081452930634981, 51.624155309184253 ], [ -0.081482085625811, 51.624082748955601 ], [ -0.081499212384179, 51.624040152836059 ], [ -0.081500924069771, 51.624035882416784 ], [ -0.081504767194133, 51.624026296320928 ], [ -0.081507955046678, 51.624018372112651 ], [ -0.081519246993173, 51.623990275385957 ], [ -0.081530693529855, 51.623961767531583 ], [ -0.081534962854224, 51.623951154267992 ], [ -0.081539797038391, 51.623939138420234 ], [ -0.081540829895939, 51.623936574465446 ], [ -0.081553366620195, 51.623905341726811 ], [ -0.081563206283367, 51.623880845221144 ], [ -0.081572381708257, 51.623854458416552 ], [ -0.081577404731845, 51.623840022175905 ], [ -0.0815841895184, 51.623820471038222 ], [ -0.081586981459153, 51.623812513374666 ], [ -0.08158942705924, 51.62380694205256 ], [ -0.08159127968469, 51.623802754869835 ], [ -0.081616001753588, 51.623746555906081 ], [ -0.081623616786168, 51.623729239494594 ], [ -0.081628083276859, 51.623719088070395 ], [ -0.081635944646383, 51.623701240633203 ], [ -0.081647426714996, 51.623675138844249 ], [ -0.081658675913534, 51.623649590780765 ], [ -0.081680273227534, 51.623600503226641 ], [ -0.081682933620288, 51.623594463309239 ], [ -0.081695943083793, 51.623565032292802 ], [ -0.081698562638092, 51.623559104113433 ], [ -0.081707411605988, 51.623539078653039 ], [ -0.081709680161192, 51.623533936073152 ], [ -0.08171752901679, 51.623517410324354 ], [ -0.081735921877566, 51.623478692664136 ], [ -0.081742327595568, 51.623465209755246 ], [ -0.081744659224625, 51.62346028402645 ], [ -0.081746974140227, 51.623455411979272 ], [ -0.081752079943842, 51.623444659516259 ], [ -0.081761006832727, 51.623425867299652 ], [ -0.08176333883706, 51.623420932584125 ], [ -0.081780780053957, 51.623384222666793 ], [ -0.081787946997619, 51.623369133554327 ], [ -0.081791007960364, 51.623362673041811 ], [ -0.081798079171835, 51.623347798183218 ], [ -0.081807229381788, 51.623328506035328 ], [ -0.081818305123464, 51.623305180765549 ], [ -0.081828778008411, 51.62328313156366 ], [ -0.081832139433924, 51.623276055481163 ], [ -0.081835705986884, 51.62326856909808 ], [ -0.081848122619099, 51.623242397145901 ], [ -0.081863297809215, 51.623210425177994 ], [ -0.081865390479445, 51.623206026096753 ], [ -0.081867990647005, 51.623200556214499 ], [ -0.081896865564742, 51.623139735519253 ], [ -0.081898815400327, 51.623135639846716 ], [ -0.081907886513118, 51.623116508262932 ], [ -0.081911358454588, 51.623109209173016 ], [ -0.081914577405747, 51.623102427510979 ], [ -0.081929053559225, 51.623071954844001 ], [ -0.08193719133638, 51.623054912240889 ], [ -0.081958111711879, 51.623015003908314 ], [ -0.081965803992722, 51.623000301061829 ], [ -0.08196944120638, 51.622993364373251 ], [ -0.081971090962484, 51.622990216997856 ], [ -0.08200913101356, 51.622917613101748 ], [ -0.082011756253438, 51.622912575266767 ], [ -0.082013360038274, 51.622909490086577 ], [ -0.082021514959107, 51.62289392252913 ], [ -0.082079196202547, 51.622783812826817 ], [ -0.082091358428822, 51.622760581735584 ], [ -0.082126633470946, 51.622693238167216 ], [ -0.082128424892866, 51.622689814338571 ], [ -0.082132494337843, 51.622682048410077 ], [ -0.082144121478386, 51.622659856190843 ], [ -0.082148756908647, 51.622651002431105 ], [ -0.082154280186404, 51.622641992331552 ], [ -0.082160734137868, 51.622631468724009 ], [ -0.082184874700519, 51.622592098604258 ], [ -0.082186799105104, 51.622588946724413 ], [ -0.082208240293145, 51.622553974758702 ], [ -0.082214183298095, 51.62254426111167 ], [ -0.082248873009582, 51.622487698944035 ], [ -0.082270267759024, 51.622452798148316 ], [ -0.082278040925317, 51.622440110926199 ], [ -0.082284743250754, 51.622429177718089 ], [ -0.082290856024018, 51.622419206060584 ], [ -0.082299095270661, 51.622405744109955 ], [ -0.08230655731413, 51.622393582356828 ], [ -0.082326819224416, 51.622360533469845 ], [ -0.082351175279744, 51.622321013968524 ], [ -0.082354278064734, 51.622316811244765 ], [ -0.082379717605426, 51.622282255331001 ], [ -0.082387824411788, 51.622271246163031 ], [ -0.082410780317746, 51.622240084772578 ], [ -0.08251737960747, 51.622071680406599 ], [ -0.08252593860543, 51.622058169713455 ], [ -0.082598902976684, 51.62194290063789 ], [ -0.082602029205109, 51.621937969898269 ], [ -0.082617771250523, 51.621913084206803 ], [ -0.082647705859334, 51.621865796396193 ], [ -0.082652054455357, 51.621858943257209 ], [ -0.082700567106255, 51.621782345024343 ], [ -0.08270921279749, 51.621785473668922 ], [ -0.082789084241218, 51.621806095227782 ], [ -0.082928064079804, 51.621841945012328 ], [ -0.083044649480228, 51.621872033104161 ], [ -0.083198520634309, 51.621911731946376 ], [ -0.083342744762709, 51.621948961859665 ], [ -0.083350419134732, 51.621950939728855 ], [ -0.08336693955298, 51.621955202372945 ], [ -0.083381459317619, 51.621958946725705 ], [ -0.083444282839096, 51.621975152688357 ], [ -0.083448184236114, 51.621976160653922 ], [ -0.083582262612684, 51.622010760529761 ], [ -0.083620477295766, 51.622020611252701 ], [ -0.083624550045093, 51.622021666974625 ], [ -0.083634825378237, 51.622024316798338 ], [ -0.083655018543267, 51.622029529669256 ], [ -0.08367040989379, 51.62203350404674 ], [ -0.083746666870482, 51.622053184619958 ], [ -0.083766944786061, 51.622058443818467 ], [ -0.083823145919995, 51.622074109736211 ], [ -0.083865249798822, 51.622085843101871 ], [ -0.083888542549717, 51.622092340342277 ], [ -0.083960664627367, 51.622112443312517 ], [ -0.083975329274863, 51.622116522679939 ], [ -0.083991135595686, 51.622120935433799 ], [ -0.084014995530757, 51.622127583995827 ], [ -0.084149315979361, 51.622165028797049 ], [ -0.084167849806805, 51.622170196487886 ], [ -0.084188839846518, 51.622176042764629 ], [ -0.084204503546423, 51.622180412693268 ], [ -0.084296902089316, 51.622206161224717 ], [ -0.084311059598072, 51.622210106370922 ], [ -0.084319905003946, 51.622212579905245 ], [ -0.084353960314714, 51.622222065695333 ], [ -0.084373222503854, 51.62222743409211 ], [ -0.08438255327087, 51.622230045940299 ], [ -0.084469476149056, 51.62225426609929 ], [ -0.084479416820611, 51.622257043470967 ], [ -0.084583992560439, 51.622286189283059 ], [ -0.084587947589336, 51.622287297003417 ], [ -0.084622802754624, 51.622297002604057 ], [ -0.084636924606301, 51.622300938135375 ], [ -0.084643735541996, 51.62230283887039 ], [ -0.084650103864183, 51.622304615474334 ], [ -0.084658928408904, 51.62230707065693 ], [ -0.08466693877353, 51.622309305715405 ], [ -0.084737705004023, 51.622329030853528 ], [ -0.0847504701581, 51.622332593508716 ], [ -0.084824078123385, 51.622353106879814 ], [ -0.084851750677889, 51.622360820188909 ], [ -0.084863473708763, 51.622364087047366 ], [ -0.084906381931072, 51.622376046288515 ], [ -0.084923016671987, 51.622380688261224 ], [ -0.084941507703558, 51.622385846140901 ], [ -0.084952795324563, 51.622388988981385 ], [ -0.084984829611809, 51.622397929021723 ], [ -0.085037019796982, 51.622412458763627 ], [ -0.085047643318883, 51.622415419894139 ], [ -0.085053383258888, 51.622417024352579 ], [ -0.085057666937761, 51.62241821835633 ], [ -0.085162317187055, 51.622447390065858 ], [ -0.085169085219393, 51.622449281078573 ], [ -0.085178652179044, 51.622451946179531 ], [ -0.085206225058698, 51.6224596263094 ], [ -0.085234940011984, 51.622467630822847 ], [ -0.085245849643476, 51.622470659553393 ], [ -0.085269366814131, 51.62247722133305 ], [ -0.085296653639839, 51.622484833823577 ], [ -0.085308276786417, 51.62248807203148 ], [ -0.085372211150922, 51.622505886765254 ], [ -0.085399062611931, 51.622513375221644 ], [ -0.085405716684197, 51.62251522839 ], [ -0.085439843414737, 51.62252474201037 ], [ -0.085469029561754, 51.622532880051736 ], [ -0.085482138253745, 51.62253652017661 ], [ -0.085500629028931, 51.622541686954456 ], [ -0.085508496982801, 51.622543874669084 ], [ -0.085546007409017, 51.622554342741118 ], [ -0.085572024219193, 51.622561583727752 ], [ -0.085576208003411, 51.622562749103984 ], [ -0.08559151498778, 51.622567018603625 ], [ -0.085661572507008, 51.622586434869085 ], [ -0.085678373196557, 51.622591083941195 ], [ -0.08568532002739, 51.62259301830791 ], [ -0.08574962282165, 51.622610838843869 ], [ -0.08576276024237, 51.622614483901657 ], [ -0.085768614780049, 51.622616112675772 ], [ -0.085793647635499, 51.622623049792679 ], [ -0.085797831809458, 51.622624206174649 ], [ -0.085876371460297, 51.622645981891388 ], [ -0.085900961728464, 51.622652794859164 ], [ -0.085922452907395, 51.622658756912692 ], [ -0.085950627460117, 51.622666563584467 ], [ -0.085966378269466, 51.622670930201892 ], [ -0.086009404166463, 51.622682850494556 ], [ -0.086069879970231, 51.622699614726109 ], [ -0.086179678798952, 51.622730056530308 ], [ -0.086254121263781, 51.622746216761733 ], [ -0.086264471664735, 51.622748462915524 ], [ -0.086271829748048, 51.622750066738426 ], [ -0.08645043978456, 51.62278885382014 ], [ -0.086458150453901, 51.622790524532611 ], [ -0.086465093288168, 51.622792040635815 ], [ -0.08646943245802, 51.622792947732201 ], [ -0.086491270029462, 51.622797548471375 ], [ -0.086535123943306, 51.622806793320109 ], [ -0.086547131042963, 51.622809322762919 ], [ -0.086570973517681, 51.622814342873191 ], [ -0.086756843564055, 51.622853506904463 ], [ -0.086772838626459, 51.622856879228728 ], [ -0.086820322699371, 51.622866889096514 ], [ -0.086838129544206, 51.622870635378256 ], [ -0.08689812221572, 51.622883274528881 ], [ -0.086912255638773, 51.622886256767941 ], [ -0.086975506145028, 51.622899581190119 ], [ -0.086994651627531, 51.622903616358904 ], [ -0.087039157705277, 51.622912988554965 ], [ -0.087049224173685, 51.622915117600876 ], [ -0.087056154879363, 51.622916579515596 ], [ -0.087173348340432, 51.622941264382163 ], [ -0.087186450854403, 51.622944027443211 ], [ -0.087193329117, 51.622945362599488 ], [ -0.087205165474105, 51.622947659880431 ], [ -0.087283778837206, 51.622962907286031 ], [ -0.087301447900341, 51.622966324821668 ], [ -0.087313298705242, 51.622968622327093 ], [ -0.087484469111078, 51.623001808251985 ], [ -0.087490631218782, 51.623002996825193 ], [ -0.087501128155416, 51.623005024941108 ], [ -0.087568356869876, 51.623018058703821 ], [ -0.087583646844477, 51.623021023748834 ], [ -0.087596256783409, 51.623023477483109 ], [ -0.087641769204703, 51.623032285839429 ], [ -0.087647028223699, 51.62303330680701 ], [ -0.087663292733843, 51.623036458588601 ], [ -0.087704534176461, 51.623044455401754 ], [ -0.087780955473199, 51.623059275553949 ], [ -0.08780418454369, 51.62306377283587 ], [ -0.087809945081077, 51.623064891897513 ], [ -0.08783578201565, 51.62306989930012 ], [ -0.087899364135459, 51.623082221462127 ], [ -0.0879091800806, 51.623084126032595 ], [ -0.087928482570616, 51.623087866853538 ], [ -0.087939144247681, 51.623089929088927 ], [ -0.088058276652722, 51.623113017023591 ], [ -0.088082114244065, 51.623117645567831 ], [ -0.088094079867119, 51.623119962849586 ], [ -0.088105572474817, 51.62312219148702 ], [ -0.088177064581956, 51.623136054257451 ], [ -0.088198688889785, 51.623140237541769 ], [ -0.088204492379333, 51.623141366276293 ], [ -0.088212290824637, 51.623142876437171 ], [ -0.088286245044702, 51.623157212710581 ], [ -0.08829651960254, 51.623159205655611 ], [ -0.088412177299307, 51.623181620602871 ], [ -0.088431307762343, 51.623185331558304 ], [ -0.088442513931706, 51.623187501538723 ], [ -0.088447300346665, 51.62318842484229 ], [ -0.088463034201666, 51.623191486929819 ], [ -0.088472176948328, 51.623193254585715 ], [ -0.088537557456186, 51.623205933931054 ], [ -0.088542407896403, 51.623206880755326 ], [ -0.088688302606087, 51.623235147725829 ], [ -0.088710836764369, 51.623239512101961 ], [ -0.088725718268139, 51.623242402895279 ], [ -0.088743588153906, 51.623245859452126 ], [ -0.08877209054299, 51.623251386681559 ], [ -0.088795620718494, 51.623255942624994 ], [ -0.08880043564384, 51.623256875370942 ], [ -0.088805737647769, 51.623257905978534 ], [ -0.088814126598764, 51.623259391549574 ], [ -0.088826573630694, 51.62326159969745 ], [ -0.088893024942136, 51.623273383552551 ], [ -0.088902274450053, 51.623275018026618 ], [ -0.088908712824508, 51.623276166063114 ], [ -0.088924959972703, 51.623279047609095 ], [ -0.088932445446999, 51.623280374570463 ], [ -0.089056915935713, 51.623302455864035 ], [ -0.08906117500802, 51.623303208685464 ], [ -0.089074095462229, 51.623305496459913 ], [ -0.089269836315524, 51.623340204110143 ], [ -0.089280046329917, 51.623342016066324 ], [ -0.089284348720718, 51.623342769585179 ], [ -0.089302302209382, 51.623345957642904 ], [ -0.089384570885855, 51.623360543763994 ], [ -0.089412734413545, 51.623365543750936 ], [ -0.089473249521803, 51.623376268376042 ], [ -0.089736403593922, 51.623422927257451 ], [ -0.089807415386065, 51.623435522245963 ], [ -0.089886070422059, 51.623449473637088 ], [ -0.089927842668918, 51.62345688929139 ], [ -0.08991694597843, 51.623473473815892 ], [ -0.089880275728598, 51.623529241479915 ], [ -0.0898464509284, 51.623580725595815 ], [ -0.089844066079517, 51.623584360184005 ], [ -0.089820144251029, 51.623620731846373 ], [ -0.089812689845083, 51.623632066860978 ], [ -0.089786884237654, 51.623671321400863 ], [ -0.089781359123464, 51.623679720316787 ], [ -0.089760230520469, 51.623711848047314 ], [ -0.089741324018612, 51.623740603815676 ], [ -0.089732586665478, 51.623753932245975 ], [ -0.089713434400452, 51.623783034714265 ], [ -0.089709482720973, 51.623789058261679 ], [ -0.089687551148157, 51.623822413864566 ], [ -0.089685066198811, 51.623826195195406 ], [ -0.08965344239302, 51.623874284478418 ], [ -0.089649799465352, 51.623879836451437 ], [ -0.089628546490836, 51.623912168961944 ], [ -0.089621323282949, 51.623923157024599 ], [ -0.089619409336014, 51.623926070887755 ], [ -0.089608312082077, 51.623942953367795 ], [ -0.089604543633698, 51.623948741595783 ], [ -0.089595087678593, 51.623965758717929 ], [ -0.089580971439453, 51.623991220306998 ], [ -0.089563509829861, 51.624022715313316 ], [ -0.089555006869475, 51.624038025895267 ], [ -0.089525664984425, 51.624090936315739 ], [ -0.089521381595076, 51.62409866302567 ], [ -0.089492197229253, 51.624151261267642 ], [ -0.08948814927975, 51.624158542187494 ], [ -0.089433750441696, 51.624256591347944 ], [ -0.089432295927906, 51.624259229429086 ], [ -0.089416522570291, 51.624287676488123 ], [ -0.089414286865246, 51.624291713663304 ], [ -0.0893805370278, 51.624352555555731 ], [ -0.089376739689017, 51.62435937294557 ], [ -0.089343409789944, 51.624419502270769 ], [ -0.089338626178358, 51.624428129066636 ], [ -0.089315148993858, 51.624470397954724 ], [ -0.089308333204621, 51.62448268755432 ], [ -0.089288291039766, 51.624518852545926 ], [ -0.089222635553521, 51.624637203113473 ], [ -0.089218180779368, 51.624645223773378 ], [ -0.089143004274388, 51.624780747704115 ], [ -0.089031262005211, 51.624982202223912 ], [ -0.089009720015017, 51.625021040481563 ], [ -0.089005013680915, 51.62502988794089 ], [ -0.088983699623367, 51.625068114822206 ], [ -0.088875787073611, 51.625263669592293 ], [ -0.088874144340598, 51.625271124570347 ], [ -0.088868672944653, 51.625295755751402 ], [ -0.088838997948116, 51.625429709823059 ], [ -0.088821331699074, 51.625474631667224 ], [ -0.088796532477812, 51.625537628993577 ], [ -0.088781878954886, 51.62556414280094 ], [ -0.088765757430631, 51.625593267478024 ], [ -0.08870857003671, 51.625696657187596 ], [ -0.088611092859436, 51.625965439759099 ], [ -0.088610210234862, 51.625969554715169 ], [ -0.088609338575424, 51.625973374897136 ], [ -0.088604216102458, 51.625987634401746 ], [ -0.088586739513481, 51.626059577071068 ], [ -0.088572038001712, 51.626203900331149 ], [ -0.088571349609673, 51.626210642452797 ], [ -0.088595564177015, 51.626407621266608 ], [ -0.088615329183503, 51.626474532526466 ], [ -0.088651646517614, 51.626555633830733 ], [ -0.08870997852737, 51.626657767504 ], [ -0.088733217448535, 51.626698450374789 ], [ -0.088863978932614, 51.626993096680287 ], [ -0.089164580379115, 51.627670476918716 ], [ -0.089169042259396, 51.627696627728746 ], [ -0.089185582814556, 51.627793494146452 ], [ -0.089160033447441, 51.628295113347129 ], [ -0.089157414065845, 51.628346359155756 ], [ -0.089157119213593, 51.628352334336469 ], [ -0.089154453801143, 51.62840433026507 ], [ -0.089156542191357, 51.628424912047187 ], [ -0.089157872291824, 51.628438107662667 ], [ -0.089159708688121, 51.628456266368914 ], [ -0.089163749596587, 51.628496195752433 ], [ -0.089165753312423, 51.628516043269393 ], [ -0.089166613471778, 51.628524613603076 ], [ -0.089172969318392, 51.628587466495475 ], [ -0.089173369022008, 51.62859135774746 ], [ -0.089174297503258, 51.628600536184607 ], [ -0.089175217219916, 51.62860957959213 ], [ -0.089177407681715, 51.628631341047146 ], [ -0.089180577107433, 51.628638083061738 ], [ -0.089187285824076, 51.628652391428801 ], [ -0.089191382746008, 51.628661126891345 ], [ -0.089194936855414, 51.628668684492531 ], [ -0.089204084430603, 51.628688212239432 ], [ -0.089211351171591, 51.628703680728563 ], [ -0.089220420827783, 51.628723000377995 ], [ -0.089232393852322, 51.628748518158069 ], [ -0.089241130547579, 51.628767166940101 ], [ -0.089242694746121, 51.628770510634716 ], [ -0.089245412232655, 51.628776319062538 ], [ -0.089268775241035, 51.628826104158421 ], [ -0.089270326139473, 51.628829420658519 ], [ -0.089282816941484, 51.628856025959834 ], [ -0.089288981766992, 51.628869183418104 ], [ -0.089295120744286, 51.62888226851527 ], [ -0.089305556250474, 51.628904496980716 ], [ -0.089307624122022, 51.628908918980081 ], [ -0.089323255177268, 51.628942274802526 ], [ -0.089345993753561, 51.628984585969135 ], [ -0.089348043656924, 51.62898840518038 ], [ -0.089370619980743, 51.62903045291683 ], [ -0.089379155620215, 51.629046328734169 ], [ -0.089388467067662, 51.629063682956428 ], [ -0.089391401861202, 51.62906913522076 ], [ -0.089396091227263, 51.629077871330253 ], [ -0.089405161699035, 51.629094772003256 ], [ -0.089418667637458, 51.629119919055896 ], [ -0.089422719735443, 51.629127318397956 ], [ -0.089449046523897, 51.62917054675799 ], [ -0.089460182813901, 51.629188829938492 ], [ -0.089462141807833, 51.629192063157006 ], [ -0.089478373237324, 51.629218711366619 ], [ -0.089482847295136, 51.629226041142232 ], [ -0.08949215803432, 51.629241354055232 ], [ -0.089495469774585, 51.629246776485331 ], [ -0.089504335051061, 51.629261344761048 ], [ -0.0895216338316, 51.629289754881867 ], [ -0.089526337480126, 51.629297466077489 ], [ -0.089538074382625, 51.629316757192335 ], [ -0.089542527935452, 51.629324059653747 ], [ -0.089579179642333, 51.629384258522656 ], [ -0.089582858494763, 51.629389884762112 ], [ -0.089600367894168, 51.629416107736581 ], [ -0.089619813149925, 51.629446320710706 ], [ -0.089624998678256, 51.629454255567531 ], [ -0.089647330329551, 51.629488394884476 ], [ -0.089655204226019, 51.629500429114714 ], [ -0.089684752276168, 51.629545575798218 ], [ -0.089723097173473, 51.629604174548774 ], [ -0.089741450570389, 51.629632251096169 ], [ -0.089743121062302, 51.629634787192082 ], [ -0.089758203799982, 51.629657837651756 ], [ -0.089806330722986, 51.629731374748495 ], [ -0.08984206222238, 51.629785987706107 ], [ -0.089879545463988, 51.629843268457009 ], [ -0.089878311956964, 51.629851980042297 ], [ -0.089873639367178, 51.629885077112178 ], [ -0.089865396580762, 51.62994141728872 ], [ -0.089864808692796, 51.629945911135778 ], [ -0.089854421273933, 51.629993950530981 ], [ -0.089853074023602, 51.630000214317377 ], [ -0.089837489149243, 51.630027207680662 ], [ -0.089823206129064, 51.630040603173256 ], [ -0.089814684711359, 51.63004858909985 ], [ -0.089800545088917, 51.630061838549487 ], [ -0.089790790872986, 51.630070964427091 ], [ -0.089747903046477, 51.630096618452789 ], [ -0.089666976264455, 51.630144804107381 ], [ -0.089655668558931, 51.630151530670489 ], [ -0.089628065588446, 51.630167964504274 ], [ -0.089622174180074, 51.630171479035546 ], [ -0.089608057627418, 51.630179886404619 ], [ -0.089589650687387, 51.630190845204297 ], [ -0.089576430951645, 51.630198714138452 ], [ -0.089548746428699, 51.630215196085388 ], [ -0.089530783603585, 51.63022590132784 ], [ -0.089523255237304, 51.630230373869871 ], [ -0.089515800578296, 51.630234811642005 ], [ -0.089444188135609, 51.630277447626376 ], [ -0.089437896439599, 51.630281202922504 ], [ -0.089430123378571, 51.630285824345634 ], [ -0.089408307966207, 51.630298804865113 ], [ -0.089397918865605, 51.63030498883375 ], [ -0.089339792928443, 51.630339593827941 ], [ -0.089331322670486, 51.630344644520129 ], [ -0.089299851917923, 51.630363366815125 ], [ -0.08927668690614, 51.630377170621557 ], [ -0.089264785819067, 51.630384260672102 ], [ -0.089251535958398, 51.630392156059159 ], [ -0.089229927889719, 51.630405014030721 ], [ -0.089199708944741, 51.630423001323791 ], [ -0.089176766891934, 51.630436655871826 ], [ -0.089162316781403, 51.630445260088528 ], [ -0.089135254296779, 51.63046137439413 ], [ -0.08913199406054, 51.630463308622318 ], [ -0.089112682644124, 51.630474810152471 ], [ -0.089064619104445, 51.630503432580298 ], [ -0.089048079674588, 51.630513270687132 ], [ -0.089036126844373, 51.630520386850733 ], [ -0.089029968817992, 51.630524054379499 ], [ -0.089023196050272, 51.630528080584867 ], [ -0.089018764080805, 51.630530733104649 ], [ -0.088932538089246, 51.630582055765139 ], [ -0.088929040564851, 51.6305841344982 ], [ -0.088907722486909, 51.630598337014717 ], [ -0.088902519860996, 51.630601790793428 ], [ -0.08889137050949, 51.630609212287133 ], [ -0.088867480633124, 51.630625126430004 ], [ -0.088828160075248, 51.630651310361998 ], [ -0.088819448551922, 51.6306571124559 ], [ -0.088813933039186, 51.630660790441397 ], [ -0.088794236069373, 51.630673895291636 ], [ -0.088754410491168, 51.630700403694441 ], [ -0.088743855880153, 51.630707425707811 ], [ -0.088738295523818, 51.630711138929271 ], [ -0.088709336812573, 51.630730414573385 ], [ -0.088683559284111, 51.63074757485726 ], [ -0.088646840321068, 51.630772020612739 ], [ -0.088635824056915, 51.630779367816636 ], [ -0.088632078636172, 51.630781842666984 ], [ -0.088613763396057, 51.63079404377833 ], [ -0.088610522911399, 51.630796194133943 ], [ -0.088597143423972, 51.630805103488434 ], [ -0.088582990759275, 51.630814530799142 ], [ -0.088548917954961, 51.630837212156429 ], [ -0.088540830788425, 51.630842597262465 ], [ -0.088533471961438, 51.630847499649953 ], [ -0.088517446553822, 51.630858164376562 ], [ -0.088478731670407, 51.630884367062315 ], [ -0.088467412941367, 51.630892033051886 ], [ -0.088425351389536, 51.630920503942932 ], [ -0.088415326826437, 51.630927289071863 ], [ -0.088362184779653, 51.630963256253601 ], [ -0.088352561679982, 51.630969771850928 ], [ -0.088344500128872, 51.630975233797848 ], [ -0.088333181354791, 51.630982899774864 ], [ -0.08832625049787, 51.630987588808978 ], [ -0.088308819245813, 51.630999381635831 ], [ -0.088218345022155, 51.631060616215841 ], [ -0.088197254693451, 51.631074889768954 ], [ -0.088188003508592, 51.631081150633399 ], [ -0.088183838973862, 51.63108396934657 ], [ -0.088175078290702, 51.631089905482419 ], [ -0.088140393815192, 51.631113377091971 ], [ -0.088125312407554, 51.631123580553165 ], [ -0.088116581723576, 51.631129490196543 ], [ -0.088111212384265, 51.631133125571644 ], [ -0.08808308169277, 51.631158115786995 ], [ -0.088015517677259, 51.63121811843601 ], [ -0.087993126071743, 51.63124475786033 ], [ -0.08798962708528, 51.631248927290557 ], [ -0.087946911276534, 51.631299775887939 ], [ -0.087942903196611, 51.631304539514453 ], [ -0.087938438083183, 51.63130986221703 ], [ -0.087927926652111, 51.631322370267355 ], [ -0.087922344207885, 51.631329005642854 ], [ -0.087916058137319, 51.631341025025712 ], [ -0.087900828068093, 51.63137008772145 ], [ -0.087896809391063, 51.631377778219424 ], [ -0.087895348410509, 51.631380560055 ], [ -0.087875718920103, 51.631418015646211 ], [ -0.087844523694615, 51.631508989291675 ], [ -0.087838196053399, 51.631527482564458 ], [ -0.08782268232098, 51.631572983340838 ], [ -0.087820347623748, 51.631598906517894 ], [ -0.087819211559388, 51.631611468451844 ], [ -0.08781414390474, 51.631667966408301 ], [ -0.087814991412893, 51.631673573531515 ], [ -0.087821826269474, 51.631718845062551 ], [ -0.087822842297096, 51.631725596974604 ], [ -0.087827306180512, 51.631755120034391 ], [ -0.087827825795497, 51.631758563622874 ], [ -0.087832417317358, 51.631789001497076 ], [ -0.087833912078027, 51.631798967023258 ], [ -0.087844739880462, 51.631836920822117 ], [ -0.087859886058635, 51.631890016363144 ], [ -0.087943641674341, 51.631873072775093 ], [ -0.087957253637411, 51.631870318114984 ], [ -0.087956010458221, 51.631880621196167 ], [ -0.087954281600716, 51.631883587508476 ], [ -0.087940435157147, 51.631907344729456 ], [ -0.08791079867414, 51.631924846634405 ], [ -0.087881176608185, 51.63194234876741 ], [ -0.087874375505206, 51.631942237921194 ], [ -0.087837843041969, 51.631941642498468 ], [ -0.087794523917224, 51.631940936448849 ], [ -0.087766023073633, 51.631931479451474 ], [ -0.087737522241958, 51.631922022447029 ], [ -0.087727958144293, 51.631909295098559 ], [ -0.08772383970042, 51.631903814509052 ], [ -0.087683992597185, 51.631893408191395 ], [ -0.087644387958315, 51.631883077751638 ], [ -0.087611801288657, 51.63187457026261 ], [ -0.087520000605235, 51.631850619648112 ], [ -0.087479067161212, 51.631839934768045 ], [ -0.087415808806756, 51.631823427504422 ], [ -0.087314675792372, 51.631797031506963 ], [ -0.087247858816109, 51.631779593863747 ], [ -0.087209312308494, 51.631769532312049 ], [ -0.087189000527199, 51.631765658115221 ], [ -0.08703308458546, 51.631735949686721 ], [ -0.087017302432536, 51.631732940654331 ], [ -0.086951292306281, 51.631720362930757 ], [ -0.08690820065579, 51.631714264778658 ], [ -0.086879472895398, 51.631710199335068 ], [ -0.086836722140817, 51.631696013497177 ], [ -0.086793971413046, 51.631681827643384 ], [ -0.086751362749899, 51.631664271915731 ], [ -0.086730363579469, 51.631655624916903 ], [ -0.086694593432748, 51.631640891919496 ], [ -0.086680348384512, 51.631635012334364 ], [ -0.086657494968831, 51.631639675403967 ], [ -0.086522618913895, 51.631667195751739 ], [ -0.086508495860976, 51.631670076797214 ], [ -0.086476299869031, 51.631676646728359 ], [ -0.086453009612847, 51.631682759413742 ], [ -0.086304441470215, 51.631721782367983 ], [ -0.086199546154695, 51.631749341769186 ], [ -0.086182275427453, 51.631753879998378 ], [ -0.086166144249431, 51.631758122078175 ], [ -0.086140647382956, 51.631764819187595 ], [ -0.086092648613291, 51.631777434941917 ], [ -0.086085518331146, 51.63177930595662 ], [ -0.086037446954427, 51.631791929497155 ], [ -0.086032508380751, 51.631793224776537 ], [ -0.085981193101947, 51.631806703612753 ], [ -0.085934889328921, 51.631818870357044 ], [ -0.08584803876806, 51.631841688069791 ], [ -0.085837606450052, 51.631844422426923 ], [ -0.085821782231601, 51.631848579544616 ], [ -0.08575950823307, 51.631864936925375 ], [ -0.085744312106775, 51.631868933424222 ], [ -0.085668595519044, 51.631888821281386 ], [ -0.085659536047687, 51.631891209332885 ], [ -0.08559679455929, 51.631907684896746 ], [ -0.085544149477393, 51.631921510540366 ], [ -0.085515993329985, 51.631928901506697 ], [ -0.085498912459355, 51.631933388782123 ], [ -0.085436199736508, 51.631949864732519 ], [ -0.085380442137151, 51.631964511781469 ], [ -0.085374154642694, 51.631966612327687 ], [ -0.085348154269059, 51.631975306375104 ], [ -0.085320087563619, 51.631984686092096 ], [ -0.085277833592844, 51.631998807098462 ], [ -0.085257895859208, 51.632006619891975 ], [ -0.08521578762807, 51.63202310827586 ], [ -0.085192661488993, 51.632032172929591 ], [ -0.085143383045177, 51.632051475808716 ], [ -0.085108033009085, 51.632065322763161 ], [ -0.085073344112629, 51.632078910724523 ], [ -0.085057461430912, 51.632085135057643 ], [ -0.08502979563426, 51.632095969040421 ], [ -0.08496943879161, 51.632119614236906 ], [ -0.084945269514901, 51.6321290844635 ], [ -0.084879080247398, 51.632154999544262 ], [ -0.08483707392131, 51.632171462589618 ] ] ] } },
{ "type": "Feature", "properties": { "lsoa21cd": "E01001527", "lsoa21nm": "Enfield 036F", "msoa21cd": "E02000312", "msoa21nm": "Enfield 036", "lad22cd": "E09000010", "lad22nm": "Enfield", "index_right": 313, "GSS_CODE": "E05000205", "risk_score": 9.4751201913984389, "allocation_hours": 77.863470025988775, "patrol_units": 39 }, "geometry": { "type": "Polygon", "coordinates": [ [ [ -0.116273487863882, 51.620502598714481 ], [ -0.116298637883654, 51.62045748754511 ], [ -0.116338841152547, 51.620385357632763 ], [ -0.116341259853058, 51.620381026165255 ], [ -0.116343258221603, 51.620377425324946 ], [ -0.116317548461579, 51.620371410272305 ], [ -0.116301745012287, 51.620367919270251 ], [ -0.116294744945579, 51.620366377085816 ], [ -0.116140430473127, 51.620332335985665 ], [ -0.116130495961815, 51.620330144181018 ], [ -0.116090817064366, 51.620321692637333 ], [ -0.116080292536662, 51.620319446391925 ], [ -0.115620099888415, 51.620221394380401 ], [ -0.115614114398603, 51.620220120237654 ], [ -0.115609773514172, 51.620218899487654 ], [ -0.11559092650918, 51.620213561023206 ], [ -0.115515051058565, 51.620192118373204 ], [ -0.11530385219825, 51.620146191684867 ], [ -0.115238525687968, 51.620131981843052 ], [ -0.11515739418506, 51.620113975038336 ], [ -0.115138442554776, 51.620109767860235 ], [ -0.115018347654322, 51.62008313622254 ], [ -0.114974232492475, 51.620073336094627 ], [ -0.114951387457435, 51.620068266004751 ], [ -0.114937006472031, 51.620093861093743 ], [ -0.114901366897768, 51.620157269331223 ], [ -0.114890246130632, 51.620177053758823 ], [ -0.114883771872261, 51.620188603873459 ], [ -0.1148803619332, 51.620192973340153 ], [ -0.114853325065456, 51.620186397092915 ], [ -0.114817841966707, 51.620177796714906 ], [ -0.114805070185223, 51.620174704926804 ], [ -0.114630016367081, 51.620132235387494 ], [ -0.114512204486462, 51.620105594954723 ], [ -0.114218576656057, 51.6200392056734 ], [ -0.114123707118178, 51.620010775440235 ], [ -0.114098181240553, 51.620003126231168 ], [ -0.114182771737328, 51.619858962014369 ], [ -0.114173422306327, 51.619856078037998 ], [ -0.114114174175255, 51.619837788293161 ], [ -0.113773218328763, 51.619732581205255 ], [ -0.113757215142814, 51.619727647857189 ], [ -0.113652311426306, 51.619695279085121 ], [ -0.113537390660052, 51.619657497580263 ], [ -0.113521229965781, 51.619652183985401 ], [ -0.113513705533401, 51.619649706981974 ], [ -0.113484006048861, 51.619639949245673 ], [ -0.113408418323852, 51.619615101702827 ], [ -0.113386998705543, 51.619608066902209 ], [ -0.113206780396877, 51.619548813229152 ], [ -0.113155105958053, 51.619531831788699 ], [ -0.113110770891022, 51.61951726143208 ], [ -0.112962577823536, 51.619465689396883 ], [ -0.112872414503587, 51.619434317761012 ], [ -0.112857068422989, 51.619428975810315 ], [ -0.112816834094822, 51.619414974877557 ], [ -0.11277169456358, 51.619399258404776 ], [ -0.112631165604912, 51.619351684952484 ], [ -0.112508343645552, 51.619310106391701 ], [ -0.112383228352048, 51.619267753421013 ], [ -0.112243583644355, 51.61922047248116 ], [ -0.112150206912763, 51.619188863320062 ], [ -0.112112856554816, 51.619176212445574 ], [ -0.112067142172244, 51.61914653022594 ], [ -0.111802533649749, 51.61899628889136 ], [ -0.111725807870595, 51.618953338175544 ], [ -0.111841944021003, 51.618862037074251 ], [ -0.11189062557917, 51.618823784539877 ], [ -0.112036498069062, 51.618708083446094 ], [ -0.11209755412616, 51.618729254871504 ], [ -0.112368136548255, 51.618823312703064 ], [ -0.112394895516436, 51.61883192635019 ], [ -0.11240629187359, 51.618819016774339 ], [ -0.112634479635234, 51.618562169105019 ], [ -0.112685456632017, 51.618504799361652 ], [ -0.112808050563415, 51.618366804765074 ], [ -0.112855223896425, 51.618313708104765 ], [ -0.112880985598531, 51.618284699363514 ], [ -0.113034248363762, 51.618112199447694 ], [ -0.113049281578172, 51.618095256768605 ], [ -0.113133140966054, 51.618000863465014 ], [ -0.113140793241796, 51.617992254919685 ], [ -0.113205285760219, 51.617919671385522 ], [ -0.113239093612451, 51.617881601744607 ], [ -0.113290508623961, 51.617823735229607 ], [ -0.113360229391962, 51.617745246760705 ], [ -0.113442389774653, 51.617652777281805 ], [ -0.113469226390165, 51.617622562741211 ], [ -0.113528217791452, 51.617556158283882 ], [ -0.113625379925519, 51.617446781413605 ], [ -0.113634426473184, 51.617436594610858 ], [ -0.113656428535782, 51.61741183261929 ], [ -0.113820733271635, 51.61722686599235 ], [ -0.113879056517179, 51.617161214983234 ], [ -0.114029970711319, 51.616991328842623 ], [ -0.114056970993006, 51.616960945949096 ], [ -0.114138215627628, 51.61686948641924 ], [ -0.114206944948274, 51.616792105587095 ], [ -0.114212763338277, 51.616785553733358 ], [ -0.11423709878138, 51.616785648183217 ], [ -0.114440750259906, 51.61678645782213 ], [ -0.114456532093798, 51.616785981306343 ], [ -0.114460810288582, 51.616779577339052 ], [ -0.114485645899168, 51.616739726528721 ], [ -0.114540019624184, 51.616652510887313 ], [ -0.114563632411833, 51.61661462772927 ], [ -0.114575160150425, 51.616596135786345 ], [ -0.11459176300944, 51.616569506354551 ], [ -0.114596699655252, 51.616561573466143 ], [ -0.114668630340581, 51.616504854422907 ], [ -0.114736365323159, 51.616451431067652 ], [ -0.114766693600997, 51.616427513089995 ], [ -0.114780565899429, 51.616416576456345 ], [ -0.114814357937534, 51.616380529426422 ], [ -0.11484198486568, 51.616351037691125 ], [ -0.114847259528549, 51.616345403287788 ], [ -0.114850961076966, 51.616341479137795 ], [ -0.11492452962326, 51.616262997677119 ], [ -0.114999564393281, 51.61618293908694 ], [ -0.115014948797471, 51.616166532367608 ], [ -0.115026555402021, 51.616154147492786 ], [ -0.11507688097619, 51.616100444206715 ], [ -0.115090134307525, 51.616086314282953 ], [ -0.115141025245861, 51.616032035549736 ], [ -0.115164442493936, 51.616007044244391 ], [ -0.115218273391047, 51.615949611423154 ], [ -0.115230196795583, 51.615936898900969 ], [ -0.115258412218154, 51.61590678706245 ], [ -0.115265741139219, 51.615898982508689 ], [ -0.115293004304123, 51.615869889489005 ], [ -0.115359287263895, 51.615799177058861 ], [ -0.115394242006195, 51.615761889618661 ], [ -0.115436073153176, 51.615717257940283 ], [ -0.115499967395461, 51.615649105865153 ], [ -0.115531945363354, 51.615614980852889 ], [ -0.115541662470258, 51.615604615844511 ], [ -0.115547133177586, 51.615598777736281 ], [ -0.115577569491365, 51.615566300533303 ], [ -0.115617934228193, 51.615523236893374 ], [ -0.115624976484181, 51.615515724463179 ], [ -0.115638759432388, 51.615500308084179 ], [ -0.115641061463147, 51.615497737267098 ], [ -0.115656389330247, 51.615480592185115 ], [ -0.115694208779854, 51.615438296950629 ], [ -0.115712323247403, 51.615418040291146 ], [ -0.115724197657802, 51.615404760414393 ], [ -0.115741494286278, 51.615385416831067 ], [ -0.115755019856207, 51.615370284062088 ], [ -0.115771384989934, 51.615351982119371 ], [ -0.115792369504225, 51.615328516300025 ], [ -0.11580610699009, 51.615313148630904 ], [ -0.115836989783176, 51.615278601292893 ], [ -0.115864282538047, 51.615248078834448 ], [ -0.115898543097232, 51.615209745979804 ], [ -0.11587056540604, 51.615203100845171 ], [ -0.11585484579221, 51.615199368298661 ], [ -0.115774024022002, 51.615180166240791 ], [ -0.115755493704453, 51.615175768057469 ], [ -0.115730648574174, 51.615169865621439 ], [ -0.115639978761237, 51.615148329117702 ], [ -0.115622042294085, 51.615144066345977 ], [ -0.115553822015423, 51.615127858703403 ], [ -0.115549008884543, 51.615126715782644 ], [ -0.115504282677695, 51.615112238888507 ], [ -0.115314717329158, 51.615050868637944 ], [ -0.115321474964142, 51.615043252736506 ], [ -0.11533840033102, 51.615024155033311 ], [ -0.115367810603828, 51.61499098697103 ], [ -0.11538563001297, 51.614970878491569 ], [ -0.115417343721909, 51.614935103658702 ], [ -0.115421086263241, 51.614930883402138 ], [ -0.1154588307723, 51.614888299283372 ], [ -0.11546419486237, 51.614882243649213 ], [ -0.115474406949666, 51.61487073557236 ], [ -0.115482967863633, 51.614861080380159 ], [ -0.11548613544978, 51.614857489345418 ], [ -0.11554297024297, 51.614793400819224 ], [ -0.11559112407096, 51.614739073447986 ], [ -0.115595184594924, 51.61473449859843 ], [ -0.115598093748757, 51.614731218143405 ], [ -0.115636095975387, 51.614688332370669 ], [ -0.115641975359127, 51.614681691508203 ], [ -0.115675899957338, 51.614643443246699 ], [ -0.115679688360661, 51.61463916077242 ], [ -0.115734281542082, 51.614577567513557 ], [ -0.115743629788394, 51.614567034703256 ], [ -0.115763819525035, 51.614544266525449 ], [ -0.115818979827951, 51.614482052871928 ], [ -0.115826783146749, 51.614473248758316 ], [ -0.115868254565055, 51.614426452991218 ], [ -0.115871633478075, 51.614422640531238 ], [ -0.115920286504975, 51.614367750036564 ], [ -0.115925665653448, 51.614361676640073 ], [ -0.115929226329694, 51.614357660272759 ], [ -0.115935302208776, 51.614350806735196 ], [ -0.115983045479901, 51.614296953715403 ], [ -0.115992015634726, 51.614286828464728 ], [ -0.116030637597986, 51.614243260113312 ], [ -0.116035153022825, 51.614238162004177 ], [ -0.116066668408512, 51.614202617627186 ], [ -0.116069834788119, 51.614199053535771 ], [ -0.116103457341947, 51.614161106051284 ], [ -0.116109987039027, 51.614153756219388 ], [ -0.116174594986046, 51.614080849307499 ], [ -0.11622926385126, 51.61399437507896 ], [ -0.116243823222246, 51.613971354542365 ], [ -0.116245024888371, 51.613966751746034 ], [ -0.116246390560089, 51.613960281164118 ], [ -0.116252591288283, 51.613930876674864 ], [ -0.116264572170005, 51.61387420113288 ], [ -0.116265471006628, 51.613869935184447 ], [ -0.116248061590806, 51.613872488211207 ], [ -0.116191870754523, 51.613880964893767 ], [ -0.116162365347472, 51.613885418879484 ], [ -0.116064228506711, 51.613900199949114 ], [ -0.115860337137144, 51.613930943385149 ], [ -0.115737550723083, 51.613942783399644 ], [ -0.11564855349345, 51.613951362303226 ], [ -0.11563931570142, 51.613952257023357 ], [ -0.115483929113364, 51.613967241970464 ], [ -0.115453489795061, 51.613970179044692 ], [ -0.115404430530006, 51.613974903196024 ], [ -0.11534002093653, 51.613987213080129 ], [ -0.115315164318836, 51.613999385090338 ], [ -0.115307285914314, 51.614003377028197 ], [ -0.115224429326929, 51.614045371134445 ], [ -0.115196795625028, 51.614059377911367 ], [ -0.11515575110604, 51.614080174275472 ], [ -0.11514773978733, 51.61408423600659 ], [ -0.115141307189719, 51.614087495803702 ], [ -0.115098108301103, 51.614109390573894 ], [ -0.115063894594045, 51.614126726685889 ], [ -0.114986319368406, 51.61416604482973 ], [ -0.114923925729561, 51.614197666604817 ], [ -0.114904982084579, 51.61420726281068 ], [ -0.114888015454339, 51.614215856658923 ], [ -0.114875511647186, 51.614222193192802 ], [ -0.114869954309769, 51.614223326849228 ], [ -0.114821059884103, 51.614232082009153 ], [ -0.114788696525782, 51.614237874555251 ], [ -0.114695316413711, 51.614246589134545 ], [ -0.114676524242389, 51.614248346361087 ], [ -0.114672348162756, 51.614248737853956 ], [ -0.114650047240707, 51.614250816363025 ], [ -0.11459312319713, 51.614250827646288 ], [ -0.114455774448052, 51.614250859048738 ], [ -0.114366611575599, 51.614250869063902 ], [ -0.114358849931822, 51.614250786558941 ], [ -0.114171143911792, 51.614229386727082 ], [ -0.114114517920712, 51.61422290555447 ], [ -0.114105915649503, 51.614221986712366 ], [ -0.114119634454987, 51.614206273625172 ], [ -0.114177800119887, 51.614142510175128 ], [ -0.114183344202629, 51.614136295627723 ], [ -0.114281251487141, 51.614026723452142 ], [ -0.114320315280706, 51.613982982891514 ], [ -0.114350395248451, 51.613949340253576 ], [ -0.114388428218591, 51.613906770099078 ], [ -0.114399409270888, 51.613894483142403 ], [ -0.114470582913568, 51.613814812467758 ], [ -0.114485381232114, 51.613798243531001 ], [ -0.114548192881491, 51.613727952367064 ], [ -0.114637752891939, 51.6136277192468 ], [ -0.114791123003219, 51.613456077784271 ], [ -0.11480891943, 51.613436166857483 ], [ -0.114820552205108, 51.613423134976649 ], [ -0.114822642416326, 51.613420794574132 ], [ -0.114943917236232, 51.613285060847353 ], [ -0.114955534012147, 51.613272064666724 ], [ -0.114989908723106, 51.613233643090012 ], [ -0.114996046989525, 51.6132267825095 ], [ -0.115008757719674, 51.613212482020245 ], [ -0.115267373879753, 51.612923035655037 ], [ -0.115513552963367, 51.612647489044654 ], [ -0.11551597591106, 51.612644785287884 ], [ -0.1155319120635, 51.612626950394585 ], [ -0.115543995108458, 51.612613429300943 ], [ -0.115562896298674, 51.612592286073415 ], [ -0.115595626194329, 51.612555646281351 ], [ -0.11563838243931, 51.612507783168894 ], [ -0.115652937073166, 51.612491497938883 ], [ -0.115655617662052, 51.612488501569068 ], [ -0.115678305856373, 51.612463102807332 ], [ -0.115683024007808, 51.612462522156846 ], [ -0.115874270010963, 51.612439129636101 ], [ -0.115878788237092, 51.6124388425158 ], [ -0.116100009989635, 51.612424374991036 ], [ -0.116161372801536, 51.612420360747386 ], [ -0.116197260635478, 51.61241801458695 ], [ -0.116644594306375, 51.612388760781286 ], [ -0.116886153408059, 51.612372963723139 ], [ -0.11696545979123, 51.612367780362902 ], [ -0.117105998545434, 51.612358589112901 ], [ -0.117158584955591, 51.61235514386717 ], [ -0.117174993827084, 51.612354067393731 ], [ -0.117183489434806, 51.612353996938573 ], [ -0.117284586250277, 51.612353110800655 ], [ -0.117429115217484, 51.612351851561137 ], [ -0.117455642758334, 51.612351620872026 ], [ -0.117499330909445, 51.612351239350822 ], [ -0.117628317703086, 51.612350111704856 ], [ -0.117638325746024, 51.612350838834573 ], [ -0.117652675345038, 51.612351882926866 ], [ -0.11780715165605, 51.612363115927629 ], [ -0.11783863026867, 51.612365401538668 ], [ -0.117894818872326, 51.612369495439751 ], [ -0.117920619379839, 51.612371372487623 ], [ -0.117970620563638, 51.612375010073578 ], [ -0.118083229142973, 51.612383192441115 ], [ -0.118147107589111, 51.612387841231936 ], [ -0.118299603548879, 51.612398938012433 ], [ -0.11831228196804, 51.612399599009713 ], [ -0.118319663251016, 51.612400383696283 ], [ -0.118485032026289, 51.61241242312542 ], [ -0.118560228751058, 51.612417891077349 ], [ -0.118648745843644, 51.612424318888657 ], [ -0.118712580783186, 51.6124289661416 ], [ -0.118866689718567, 51.612440168084952 ], [ -0.118917943220083, 51.612443975095871 ], [ -0.118929173761764, 51.612445351094273 ], [ -0.118989091702227, 51.612449719594636 ], [ -0.11900267950477, 51.612451547018345 ], [ -0.119178835490004, 51.612475169708645 ], [ -0.119198657087175, 51.612477834390987 ], [ -0.119234321459799, 51.612482632376789 ], [ -0.119249617238106, 51.612484720945801 ], [ -0.119347264506739, 51.612498092794695 ], [ -0.119349800090613, 51.612498493123056 ], [ -0.119436174030235, 51.612512118574664 ], [ -0.11954376989257, 51.612529091065234 ], [ -0.119551963652223, 51.612530382374658 ], [ -0.119617412338032, 51.612540720196961 ], [ -0.119705519745661, 51.612554622312253 ], [ -0.119773723813538, 51.612565390865782 ], [ -0.119985705618939, 51.612598839476263 ], [ -0.120052080278226, 51.612609317780709 ], [ -0.120122537615146, 51.61262043695799 ], [ -0.12020473306058, 51.612633409500646 ], [ -0.12035633842301, 51.612657336768876 ], [ -0.120371075799385, 51.612659659041292 ], [ -0.12041462732378, 51.612666534335631 ], [ -0.120480895037003, 51.612676983704937 ], [ -0.120495815098794, 51.612680477898003 ], [ -0.120519661666953, 51.612686057403167 ], [ -0.120529947132277, 51.612688461228892 ], [ -0.120682425054808, 51.612724138912405 ], [ -0.120699662637176, 51.612728173764658 ], [ -0.120751819138545, 51.612740375335633 ], [ -0.120804962692392, 51.612752808505576 ], [ -0.120876903069764, 51.612769643154266 ], [ -0.120902859789058, 51.61277571497962 ], [ -0.120934150948843, 51.612780551228973 ], [ -0.120949798793395, 51.612782932068328 ], [ -0.121101154505043, 51.612805929947996 ], [ -0.121195154509883, 51.612825806294296 ], [ -0.121276554481059, 51.612843016943764 ], [ -0.121287379599278, 51.61284564515843 ], [ -0.121300507417184, 51.612848822800352 ], [ -0.121372138659166, 51.612866155766099 ], [ -0.121449947127299, 51.612884999370948 ], [ -0.121475942390863, 51.612893463659788 ], [ -0.121468836990782, 51.612908484114065 ], [ -0.121392212844312, 51.613031946033573 ], [ -0.121391471727679, 51.613033139150183 ], [ -0.121383315808228, 51.613046001695928 ], [ -0.12128412698958, 51.61320242003913 ], [ -0.12127680234202, 51.613213968608655 ], [ -0.12123467244366, 51.613280401664447 ], [ -0.121230006793718, 51.613287754685807 ], [ -0.121204611658645, 51.61332780669099 ], [ -0.121167387950554, 51.613386513773229 ], [ -0.121164870029143, 51.613390475075825 ], [ -0.121154333025452, 51.613407095173976 ], [ -0.121088578478481, 51.613510776811445 ], [ -0.121040729108829, 51.613586248204513 ], [ -0.120990748843753, 51.613665048615147 ], [ -0.120977878852353, 51.613685345201816 ], [ -0.120953096488964, 51.613724433989937 ], [ -0.120880758496093, 51.613838513218568 ], [ -0.12080424416222, 51.613959137635462 ], [ -0.120790009208412, 51.613980794476589 ], [ -0.120780445906554, 51.613978384256555 ], [ -0.120778110439799, 51.613977857674264 ], [ -0.120301072654608, 51.613870292065315 ], [ -0.120274873204112, 51.6138643843842 ], [ -0.120242188157742, 51.613857017664543 ], [ -0.120176686859341, 51.613962546312244 ], [ -0.120124925003155, 51.61404596690079 ], [ -0.120096933162955, 51.614091046993387 ], [ -0.120075067991364, 51.614126279636253 ], [ -0.120010076814066, 51.614230980074851 ], [ -0.11997092700326, 51.614294055019329 ], [ -0.119955993597386, 51.614318131218312 ], [ -0.119884796975173, 51.614432821644954 ], [ -0.120076008611016, 51.614475379249271 ], [ -0.120415180951766, 51.614550871398137 ], [ -0.120435239553028, 51.614555338132362 ], [ -0.120440828649087, 51.61455657866815 ], [ -0.120436021698929, 51.614564199168264 ], [ -0.120354213778506, 51.614693467440262 ], [ -0.120344246290545, 51.614709224329111 ], [ -0.120335576698613, 51.614722933754976 ], [ -0.12031612035239, 51.614753699834054 ], [ -0.120216137658169, 51.614911713344753 ], [ -0.120199955233595, 51.614907992081463 ], [ -0.120182943039089, 51.614904077677558 ], [ -0.120172462814581, 51.614920006187695 ], [ -0.120141825601634, 51.614913049931133 ], [ -0.119931198889353, 51.614865262607204 ], [ -0.119848473815148, 51.614846492139634 ], [ -0.119778885231632, 51.614830701724983 ], [ -0.119735311939835, 51.614820813421225 ], [ -0.11955691156348, 51.61478033995693 ], [ -0.119536531070352, 51.614776322030899 ], [ -0.119445876218559, 51.614921243080438 ], [ -0.119363750457274, 51.615052528890494 ], [ -0.119362033791954, 51.615055271038422 ], [ -0.119314723790125, 51.615130867306995 ], [ -0.119294849707004, 51.615162633678644 ], [ -0.119272577727579, 51.615198246333449 ], [ -0.119207494934325, 51.61530228843786 ], [ -0.119171906558808, 51.615359179484443 ], [ -0.119092980162412, 51.615485363747581 ], [ -0.119047354600714, 51.615558278401608 ], [ -0.119130151295185, 51.615580928086857 ], [ -0.119074469913266, 51.615594522462644 ], [ -0.118955332163184, 51.615635776514026 ], [ -0.118947913146383, 51.615653111834405 ], [ -0.118945323879637, 51.615659140197955 ], [ -0.11886633614453, 51.615775953263075 ], [ -0.118858685976495, 51.615783159442081 ], [ -0.118786859206377, 51.61585079994461 ], [ -0.118780847442998, 51.615856458712287 ], [ -0.118590023723254, 51.615922803127333 ], [ -0.118544226277259, 51.615938731860425 ], [ -0.118536263859935, 51.615946850237378 ], [ -0.118528300537667, 51.615949577661162 ], [ -0.118497149681249, 51.615962886091694 ], [ -0.118466917523637, 51.615975809080915 ], [ -0.118444001877909, 51.615982959343484 ], [ -0.118414587894759, 51.615994609524435 ], [ -0.118319367243817, 51.616039384727884 ], [ -0.118236053795813, 51.616060637697807 ], [ -0.118201285422958, 51.616069378093471 ], [ -0.118187226788582, 51.616071922225515 ], [ -0.118181303447073, 51.616072996215401 ], [ -0.118110840745268, 51.616093654409255 ], [ -0.118074037725928, 51.616104439369856 ], [ -0.117931351396448, 51.616115241331151 ], [ -0.117912339474796, 51.616114020878165 ], [ -0.117806382270953, 51.6161047582411 ], [ -0.117801326969712, 51.616103355246992 ], [ -0.11762109583195, 51.61605326222012 ], [ -0.117582776179265, 51.616036469998008 ], [ -0.117476901960133, 51.616085937713962 ], [ -0.117345250761181, 51.616223539752305 ], [ -0.11733723283067, 51.61623194485508 ], [ -0.117210370135505, 51.616364812673233 ], [ -0.117165495262913, 51.616411815060786 ], [ -0.117203039519641, 51.616438270786396 ], [ -0.117215138441038, 51.616446782938212 ], [ -0.117245808138405, 51.61643412829995 ], [ -0.117343599479551, 51.616424673101385 ], [ -0.117452920177088, 51.616414107939789 ], [ -0.11746168267314, 51.616413888863342 ], [ -0.117489185305587, 51.616413188183408 ], [ -0.117669817306622, 51.616408596088185 ], [ -0.117691469830114, 51.616408943523517 ], [ -0.117698312027625, 51.61640905331226 ], [ -0.117733764427225, 51.61640962216903 ], [ -0.11777086241988, 51.616410217418924 ], [ -0.117863518957181, 51.616419428537846 ], [ -0.11791622742052, 51.616424662488129 ], [ -0.117986644061871, 51.61643166425862 ], [ -0.118063068482084, 51.616445677516239 ], [ -0.118201682360683, 51.616471083554586 ], [ -0.118228059318584, 51.616473152284577 ], [ -0.118302467078152, 51.61647899454109 ], [ -0.118345660388172, 51.616482384761653 ], [ -0.118475574906817, 51.616484467540431 ], [ -0.118490009854262, 51.616484698951417 ], [ -0.118648794288422, 51.616487244355127 ], [ -0.118657708268666, 51.616486155287504 ], [ -0.11875795173768, 51.616473967803181 ], [ -0.118779452171151, 51.616471353934671 ], [ -0.118846453810365, 51.616464874262867 ], [ -0.118929596594558, 51.616456836793716 ], [ -0.118953600613607, 51.616451664219326 ], [ -0.11912311397383, 51.61641516513118 ], [ -0.119132689887564, 51.616399465012165 ], [ -0.119138435646709, 51.616397794584159 ], [ -0.119153422073809, 51.61639342165639 ], [ -0.119190120077708, 51.616382724310988 ], [ -0.119202153111457, 51.616379212279291 ], [ -0.11920058222283, 51.61638192079154 ], [ -0.119175329899523, 51.616425318038864 ], [ -0.119155504013328, 51.616459396204704 ], [ -0.119122918124096, 51.616548797876206 ], [ -0.119114875640518, 51.616580160332269 ], [ -0.119102183568655, 51.616629648867431 ], [ -0.119088474065919, 51.616683131700867 ], [ -0.119094750940185, 51.616729048511978 ], [ -0.11909956461368, 51.616764240931296 ], [ -0.119152845582491, 51.616873003452362 ], [ -0.119159239973729, 51.616879751299948 ], [ -0.119222048241493, 51.616946051538456 ], [ -0.119228883105632, 51.61695053136642 ], [ -0.119278302305363, 51.616982922538639 ], [ -0.119281143137887, 51.616984784523432 ], [ -0.119348620006981, 51.617029011251056 ], [ -0.119452068523881, 51.617079074859113 ], [ -0.119617686088783, 51.617159215805003 ], [ -0.119634734158333, 51.617165774616403 ], [ -0.119689033467998, 51.617186679583973 ], [ -0.119788305074289, 51.617224895940289 ], [ -0.119830739855696, 51.617237032035312 ], [ -0.119888221258423, 51.617253473707329 ], [ -0.120064287706378, 51.61729084274566 ], [ -0.120117339541442, 51.617302105678348 ], [ -0.120332737794811, 51.617332532699251 ], [ -0.120440737503029, 51.617341006586052 ], [ -0.120476732603643, 51.617343831115889 ], [ -0.12072759117226, 51.617351957635343 ], [ -0.120946107626738, 51.617359044264177 ], [ -0.120925509715863, 51.617458925603927 ], [ -0.120716646008511, 51.617455581462316 ], [ -0.120436183499528, 51.617451090358372 ], [ -0.120327904694761, 51.617449356288006 ], [ -0.120012202914735, 51.617399337873074 ], [ -0.119996145656549, 51.617395717514505 ], [ -0.119840482104949, 51.617360617578782 ], [ -0.119761080022856, 51.617337907724092 ], [ -0.119640606149924, 51.617303461183305 ], [ -0.119624445352689, 51.61729780683531 ], [ -0.119610933429111, 51.617293067185322 ], [ -0.11939856993676, 51.617218651745972 ], [ -0.119369685168524, 51.617218188913149 ], [ -0.118561418942923, 51.617933878956293 ], [ -0.117772977201831, 51.618631992088581 ], [ -0.117853140657487, 51.618643340707912 ], [ -0.117865374144595, 51.618644427222748 ], [ -0.118560691517213, 51.618649427413708 ], [ -0.11894229758335, 51.618741709028328 ], [ -0.118959799537234, 51.618747079218501 ], [ -0.119091643762229, 51.618787490741695 ], [ -0.119110615140335, 51.618793307099487 ], [ -0.119114603554306, 51.618794665918855 ], [ -0.119321204163389, 51.618850734911327 ], [ -0.12006009115152, 51.618946453178999 ], [ -0.120070484608952, 51.618957797185061 ], [ -0.120079840411338, 51.618965941266524 ], [ -0.12013418670341, 51.619018931573187 ], [ -0.120336082224759, 51.619201347289241 ], [ -0.120362644008273, 51.619228659891327 ], [ -0.12048960535312, 51.619359230163226 ], [ -0.120527820507082, 51.61939851834839 ], [ -0.120580012235318, 51.619458919625409 ], [ -0.120694487657475, 51.619610943376919 ], [ -0.120884234838748, 51.619810231109525 ], [ -0.120889604765443, 51.619818356269974 ], [ -0.121238329294859, 51.620196457138462 ], [ -0.121269698718458, 51.620244124290231 ], [ -0.121330727793839, 51.620361246708363 ], [ -0.121334590423759, 51.620352028400013 ], [ -0.121337042279992, 51.620343389999846 ], [ -0.121355190444875, 51.620279357999202 ], [ -0.121374929293615, 51.620209695249883 ], [ -0.121436070977373, 51.619993966532341 ], [ -0.121451250599185, 51.619976215737431 ], [ -0.121474813030627, 51.619968490724467 ], [ -0.121609246299815, 51.619924412440938 ], [ -0.121817353583712, 51.619856181441449 ], [ -0.121994300772713, 51.619769089064597 ], [ -0.122008505861541, 51.619758831241917 ], [ -0.122128310786159, 51.619672317081417 ], [ -0.122134742660719, 51.619666637889353 ], [ -0.122158297067228, 51.61964581971089 ], [ -0.12224800778815, 51.619513259564208 ], [ -0.122296763309696, 51.619441210304316 ], [ -0.122338243224407, 51.619327445891628 ], [ -0.1223829200225, 51.619204830152064 ], [ -0.122405858373017, 51.61914193572634 ], [ -0.122440922494665, 51.619045684710137 ], [ -0.122482305013873, 51.61893216148227 ], [ -0.12249227643811, 51.61890479532191 ], [ -0.122522482340079, 51.618795013968239 ], [ -0.122563956735313, 51.618644299704009 ], [ -0.122573562610416, 51.618609347114244 ], [ -0.122610532042961, 51.618475007831279 ], [ -0.122628992234279, 51.618407905235692 ], [ -0.122662255533586, 51.618287040183489 ], [ -0.122666587745476, 51.618182195395534 ], [ -0.122668640774676, 51.618132509371605 ], [ -0.122954010383628, 51.618178816196178 ], [ -0.123520562961244, 51.618270713359152 ], [ -0.123548690167591, 51.618280092482181 ], [ -0.123759557794336, 51.618350438800832 ], [ -0.123774637891091, 51.618356574371347 ], [ -0.123744150911013, 51.618409407307304 ], [ -0.123738577983704, 51.618416682974797 ], [ -0.123735499036906, 51.618422681127825 ], [ -0.123734264882199, 51.618425282676306 ], [ -0.123712668016352, 51.618538996729171 ], [ -0.123710415139984, 51.618550875612918 ], [ -0.123697493758207, 51.618567844486684 ], [ -0.123691506546884, 51.618575707025954 ], [ -0.123665821402392, 51.618626813734508 ], [ -0.123660486444301, 51.618637420381972 ], [ -0.123630989112967, 51.618772436949186 ], [ -0.123631453979989, 51.618782866545075 ], [ -0.123633907636218, 51.61883712980007 ], [ -0.123629802820588, 51.618851177711342 ], [ -0.123625028696992, 51.618867615886728 ], [ -0.123608593774947, 51.618972977591703 ], [ -0.12360660762551, 51.618985741990144 ], [ -0.123582147091199, 51.619045662801746 ], [ -0.123578212739294, 51.61905197999296 ], [ -0.123572521993162, 51.619063259872682 ], [ -0.12355936804382, 51.619089352275182 ], [ -0.123551262503741, 51.619125767704013 ], [ -0.12355128935389, 51.619140506637457 ], [ -0.123551382282771, 51.619193167476375 ], [ -0.123551386906801, 51.619201449528461 ], [ -0.123540554830427, 51.619224485672355 ], [ -0.123537084945785, 51.61923190286155 ], [ -0.123518168811926, 51.619323358639058 ], [ -0.123517517356454, 51.619326540517143 ], [ -0.123499240357512, 51.619349709415978 ], [ -0.123488646576461, 51.619363127522917 ], [ -0.123417849738674, 51.619505810668016 ], [ -0.123414666423883, 51.619512234281835 ], [ -0.123415368661041, 51.619543844717604 ], [ -0.123410989083491, 51.619562442866062 ], [ -0.123398285094747, 51.619616454778615 ], [ -0.123395727926955, 51.61962730365957 ], [ -0.123379947191049, 51.619662076647316 ], [ -0.123369618354711, 51.619684815081037 ], [ -0.123361148894991, 51.619697161080254 ], [ -0.12335598436262, 51.619704686054057 ], [ -0.123353336730775, 51.619719822850733 ], [ -0.123351334048242, 51.619724242055547 ], [ -0.123287259831414, 51.619865719724288 ], [ -0.123284429618428, 51.61987198711779 ], [ -0.123283602052017, 51.619883628003812 ], [ -0.123278503140282, 51.61989935506989 ], [ -0.1232688026095, 51.619929261472024 ], [ -0.123265805834998, 51.619938511670405 ], [ -0.123248156903595, 51.61996849780207 ], [ -0.123237499411193, 51.619986599895824 ], [ -0.123191388228099, 51.620038895102404 ], [ -0.123146789451509, 51.620142520473188 ], [ -0.123145019390703, 51.620162008320612 ], [ -0.123140358637806, 51.620179470721723 ], [ -0.12310798473114, 51.620241737796682 ], [ -0.123100045048735, 51.620248948610659 ], [ -0.123096638096227, 51.620252041460901 ], [ -0.123077322151467, 51.62026957344753 ], [ -0.122983952645925, 51.620389315512909 ], [ -0.122968035231744, 51.620409725437433 ], [ -0.122963490338196, 51.620414661507404 ], [ -0.122958540296931, 51.620422585558927 ], [ -0.122957178368002, 51.620429326044714 ], [ -0.122945981112135, 51.620484261241771 ], [ -0.122944056925056, 51.620493771379437 ], [ -0.122917381820218, 51.620547811593575 ], [ -0.122889818812208, 51.62058593009013 ], [ -0.122839105033706, 51.620656068861209 ], [ -0.122816504013921, 51.620702054096185 ], [ -0.122811929497686, 51.620728157737602 ], [ -0.122810706131787, 51.620730844876618 ], [ -0.122772440212337, 51.620815768336136 ], [ -0.122771013640945, 51.620829665716329 ], [ -0.122535506612521, 51.620963437204097 ], [ -0.122518441918225, 51.620961437703407 ], [ -0.122388001452604, 51.620937166922047 ], [ -0.121849038900449, 51.620836866586984 ], [ -0.121833859878075, 51.620854599457054 ], [ -0.121785732930932, 51.620925714388228 ], [ -0.121738944278569, 51.620994854408792 ], [ -0.121715634871055, 51.621029290885552 ], [ -0.121695387023981, 51.621059208224558 ], [ -0.12167872089324, 51.621112904768047 ], [ -0.121673211649528, 51.62112526205221 ], [ -0.121646875882468, 51.621184325165636 ], [ -0.121644274925042, 51.621247230176841 ], [ -0.121635484803424, 51.62124809665135 ], [ -0.121625991701361, 51.621237315739933 ], [ -0.121482657084643, 51.621263194912949 ], [ -0.121019655610675, 51.621346813627802 ], [ -0.120894673814545, 51.621369379947041 ], [ -0.120886508765563, 51.621370849869912 ], [ -0.120792752297512, 51.621662833038357 ], [ -0.120789982281385, 51.621671475325442 ], [ -0.120479248753146, 51.621908817504099 ], [ -0.120474892698561, 51.621912146868603 ], [ -0.12045714004998, 51.621899534041155 ], [ -0.120443262632626, 51.621887531801853 ], [ -0.120255269599841, 51.621724942490744 ], [ -0.120243771925322, 51.621711989176752 ], [ -0.12019129172149, 51.62165292303429 ], [ -0.120170766438556, 51.621629816611986 ], [ -0.119811303626003, 51.621505188703701 ], [ -0.119809871240256, 51.621502450059864 ], [ -0.119668860295375, 51.621233072489211 ], [ -0.119665767248456, 51.621227177891015 ], [ -0.119657807484691, 51.621179363782431 ], [ -0.11964179972527, 51.62118079789974 ], [ -0.119438258185146, 51.621199051169583 ], [ -0.119155022566415, 51.621182296630103 ], [ -0.119148004671787, 51.6211818784301 ], [ -0.119026582555384, 51.621139394966718 ], [ -0.119016657298176, 51.621135926710927 ], [ -0.11898035060644, 51.621116483342718 ], [ -0.118910040664096, 51.621051973727468 ], [ -0.118840046475786, 51.620987518586453 ], [ -0.118810172336372, 51.620987516376815 ], [ -0.118790944873424, 51.620987513946844 ], [ -0.118697484072422, 51.620981474792416 ], [ -0.118679035836758, 51.620978004782081 ], [ -0.118616782690425, 51.620966279017622 ], [ -0.118567401499997, 51.620956980671792 ], [ -0.118462798244178, 51.620929082085254 ], [ -0.118450444542968, 51.620943092012503 ], [ -0.118109150330099, 51.621330019967218 ], [ -0.118067420517433, 51.621334431295303 ], [ -0.11802860634113, 51.621327046410009 ], [ -0.117958746779184, 51.621313750082102 ], [ -0.117885962954798, 51.62129955701981 ], [ -0.117885229326744, 51.621297040871902 ], [ -0.11796540226348, 51.620846252895625 ], [ -0.117971052217694, 51.620814483514245 ], [ -0.117873414264631, 51.620801874543588 ], [ -0.117868816220833, 51.62080127922075 ], [ -0.117856343906647, 51.620799667327262 ], [ -0.117699766999577, 51.620765430169179 ], [ -0.117692164965963, 51.620763770503579 ], [ -0.117554542151024, 51.620604708200887 ], [ -0.11755113724866, 51.620600768857244 ], [ -0.117121620609008, 51.62049682146656 ], [ -0.117107702406486, 51.620500123106957 ], [ -0.117090749426356, 51.620504149384821 ], [ -0.11707152336284, 51.620520845422078 ], [ -0.117065998264827, 51.620529722157237 ], [ -0.117034753661003, 51.620579865818108 ], [ -0.117027607970624, 51.62059020028537 ], [ -0.116989204032555, 51.620645777331916 ], [ -0.116942548553319, 51.620713271725243 ], [ -0.116920643026703, 51.620740239001783 ], [ -0.116851227157345, 51.620825694525699 ], [ -0.11683235119096, 51.620848924620134 ], [ -0.116828804238021, 51.620853291941295 ], [ -0.116811331990027, 51.620874824320545 ], [ -0.116805543705694, 51.620881928017305 ], [ -0.116714827480106, 51.620979388108346 ], [ -0.116589792229994, 51.621113309873373 ], [ -0.116555219079861, 51.62115033404357 ], [ -0.11650191555042, 51.62120741627411 ], [ -0.116448716670187, 51.621264410238524 ], [ -0.11644335027056, 51.621270151151244 ], [ -0.116439590344614, 51.621271988181149 ], [ -0.116355275179133, 51.621362060122401 ], [ -0.116351148816908, 51.621366463089636 ], [ -0.116349168280704, 51.621371026402223 ], [ -0.116343740756537, 51.621376847260869 ], [ -0.11633101426636, 51.621387982333921 ], [ -0.116317697246284, 51.621402210298598 ], [ -0.116312523035862, 51.621410283320287 ], [ -0.116294215758113, 51.621429889540742 ], [ -0.116276422410766, 51.621448946482097 ], [ -0.116234335053417, 51.62149402399897 ], [ -0.116183434586247, 51.621548527895044 ], [ -0.116165580792203, 51.621567646797033 ], [ -0.116112639171882, 51.621624339010467 ], [ -0.116055449918832, 51.621685567098091 ], [ -0.116041632094416, 51.621700371497418 ], [ -0.1160338678169, 51.621705408451255 ], [ -0.115970833842508, 51.621772756387884 ], [ -0.115965832572234, 51.62178153357921 ], [ -0.11596155356924, 51.621786131915243 ], [ -0.115956201857348, 51.621791864050891 ], [ -0.115950752189118, 51.621795778150542 ], [ -0.115920361952945, 51.621826664570854 ], [ -0.115865430228769, 51.621885348010359 ], [ -0.115859002874766, 51.621895941239451 ], [ -0.115851149117186, 51.621904353387457 ], [ -0.115827947701648, 51.621928053412837 ], [ -0.115815621036834, 51.621940687591824 ], [ -0.115788428935446, 51.62196760574318 ], [ -0.115780069345126, 51.621976544810394 ], [ -0.115772703222058, 51.621988350419848 ], [ -0.115768122400353, 51.621993258635811 ], [ -0.115722315247791, 51.622042313826313 ], [ -0.115713652731877, 51.622051589734859 ], [ -0.115688783147293, 51.622074057962863 ], [ -0.115660183928451, 51.622104595405546 ], [ -0.115653349506418, 51.622115771088097 ], [ -0.115634294613259, 51.622134232164953 ], [ -0.115614010920635, 51.622153932437499 ], [ -0.115604912315793, 51.622167625590627 ], [ -0.115570362826596, 51.622200558335557 ], [ -0.115565088833997, 51.622206016535884 ], [ -0.114888560427797, 51.621979947822005 ], [ -0.114927648245801, 51.621938266651796 ], [ -0.114950653067493, 51.621913745329593 ], [ -0.114966886698966, 51.621896435019131 ], [ -0.115014499232719, 51.621845664592641 ], [ -0.115037565064362, 51.621821063303408 ], [ -0.115058545873587, 51.621798316914138 ], [ -0.115077227143198, 51.621778069431734 ], [ -0.115105453419366, 51.621747472180395 ], [ -0.115118053341851, 51.621733826322739 ], [ -0.115165884640313, 51.621681953289908 ], [ -0.115227600962429, 51.621615052202451 ], [ -0.11523110758972, 51.621611313746051 ], [ -0.11525557469809, 51.621585314130485 ], [ -0.115318215715841, 51.621518751580041 ], [ -0.11536087781386, 51.621473422828572 ], [ -0.115384725662518, 51.621448069685144 ], [ -0.115431135647145, 51.621398754537857 ], [ -0.1154653054479, 51.621362425608282 ], [ -0.115468297336625, 51.621359254390264 ], [ -0.115470654932189, 51.621356747413039 ], [ -0.115472770732421, 51.621354497331204 ], [ -0.115497721902897, 51.621327965900932 ], [ -0.115500167232664, 51.62132543335521 ], [ -0.115574322903654, 51.621248030960842 ], [ -0.115603389839186, 51.621217698888699 ], [ -0.115632276416502, 51.621187534768524 ], [ -0.115634405332895, 51.621185316368049 ], [ -0.115644884401183, 51.621174383569766 ], [ -0.115649323296617, 51.621169760836239 ], [ -0.115694169523447, 51.621122956331234 ], [ -0.115744799387534, 51.621070102895949 ], [ -0.115760306947213, 51.621053913864408 ], [ -0.115774470018686, 51.621039142020585 ], [ -0.115880017411101, 51.6209289627662 ], [ -0.115888442634551, 51.620920177618935 ], [ -0.115893697197588, 51.620914695714085 ], [ -0.115938734699945, 51.620867795278222 ], [ -0.115960981263575, 51.620844637432178 ], [ -0.116019176805032, 51.62078402804898 ], [ -0.116044375652823, 51.620757779252784 ], [ -0.116053177373916, 51.620748622460034 ], [ -0.116058235654146, 51.620743344221445 ], [ -0.116080943274431, 51.620719690184195 ], [ -0.116101702502844, 51.620698082098421 ], [ -0.116104689184566, 51.620694685972033 ], [ -0.116125989920859, 51.620670469791975 ], [ -0.116139633616335, 51.620654979168691 ], [ -0.116156431719474, 51.62063587929223 ], [ -0.116211206891567, 51.620573609757528 ], [ -0.116254368529103, 51.620524552389071 ], [ -0.116273487863882, 51.620502598714481 ] ] ] } }
]
}
