{
"type": "FeatureCollection",
"name": "lsoas_E05000273",
"crs": { "type": "name", "properties": { "name": "urn:ogc:def:crs:OGC:1.3:CRS84" } },
"features": [
{ "type": "Feature", "properties": { "lsoa21cd": "E01033086", "lsoa21nm": "Haringey 020F", "msoa21cd": "E02000416", "msoa21nm": "Haringey 020", "lad22cd": "E09000014", "lad22nm": "Haringey", "index_right": 583, "GSS_CODE": "E05000273", "risk_score": 0.00017060603105653225, "allocation_hours": 0.004240469705919488, "patrol_units": 0 }, "geometry": { "type": "Polygon", "coordinates": [ [ [ -0.120115676821809, 51.591275422451773 ], [ -0.120095906363568, 51.591200711386769 ], [ -0.12006250218988, 51.59124474260777 ], [ -0.120018706552363, 51.591301646327445 ], [ -0.119854673901118, 51.591343359548318 ], [ -0.119836220074176, 51.591336454406566 ], [ -0.119820216004827, 51.59132860834459 ], [ -0.119793499811782, 51.591311670138822 ], [ -0.119774393998653, 51.591299574904887 ], [ -0.119767556360681, 51.591295247885746 ], [ -0.119706584897987, 51.591237663505616 ], [ -0.119703499171254, 51.591232326511332 ], [ -0.119672198857774, 51.591178149138116 ], [ -0.119671751771244, 51.591173241103697 ], [ -0.119668386033521, 51.591136561033721 ], [ -0.119672722433368, 51.591121388374923 ], [ -0.119681550287373, 51.591090434056994 ], [ -0.119682832182695, 51.591085958389897 ], [ -0.119698211117802, 51.591057528018268 ], [ -0.119704796817177, 51.591051168007766 ], [ -0.119724523566785, 51.591032123457389 ], [ -0.119898309508016, 51.590901667626881 ], [ -0.119950351057865, 51.590868483199323 ], [ -0.119981842756957, 51.590848404151664 ], [ -0.120001628110898, 51.590844377836966 ], [ -0.119994635500852, 51.590817917998415 ], [ -0.119984968992498, 51.590781388764775 ], [ -0.119956485920762, 51.590771939947913 ], [ -0.119927632032505, 51.590771477603788 ], [ -0.119904188335348, 51.590773898588466 ], [ -0.119625473618983, 51.590802677127215 ], [ -0.119616238773468, 51.590803617209168 ], [ -0.119579946927018, 51.590809177399393 ], [ -0.119570988978185, 51.590808305446352 ], [ -0.119374450195312, 51.590828598637273 ], [ -0.119282574377034, 51.590838087733985 ], [ -0.119173721452066, 51.590849318916199 ], [ -0.119178491343909, 51.590870509583894 ], [ -0.119162423080982, 51.590872967717516 ], [ -0.119143769008573, 51.59087581603351 ], [ -0.11914422481522, 51.590884707852652 ], [ -0.119147027423671, 51.590937466353772 ], [ -0.119149701225125, 51.590987749873726 ], [ -0.118971756180691, 51.591001389311117 ], [ -0.118902414752348, 51.59100669820414 ], [ -0.118894475167787, 51.591032909714336 ], [ -0.118785089829781, 51.591034644995226 ], [ -0.118771851751689, 51.590987438348328 ], [ -0.118767158791263, 51.590970682161647 ], [ -0.118754838852441, 51.590926763474833 ], [ -0.118745716592453, 51.590894208523721 ], [ -0.118726251176406, 51.590824753688217 ], [ -0.118723736478836, 51.590815729938441 ], [ -0.118706785816312, 51.590755298849665 ], [ -0.118684552171533, 51.590675970902566 ], [ -0.118683041729488, 51.590670596192673 ], [ -0.118669653363532, 51.590622838584075 ], [ -0.118663866751735, 51.590602153152666 ], [ -0.118652226232624, 51.590560664308256 ], [ -0.118639404386, 51.590514921089429 ], [ -0.118608804286069, 51.590405721030983 ], [ -0.118586997647555, 51.590327946604781 ], [ -0.118507059382798, 51.590322105594169 ], [ -0.118479381605972, 51.590320088079707 ], [ -0.11846442492052, 51.590321152132937 ], [ -0.118448150571981, 51.590322311955227 ], [ -0.118443980811631, 51.590322604784205 ], [ -0.118402322997331, 51.59033226003568 ], [ -0.118385386119433, 51.590336178890482 ], [ -0.118344585098656, 51.590336972341056 ], [ -0.118336610002711, 51.590337123207206 ], [ -0.118328922767337, 51.590338168939148 ], [ -0.118219541001307, 51.590340730766961 ], [ -0.118212937194404, 51.590340885575316 ], [ -0.118163369201201, 51.59033304008225 ], [ -0.118150142654599, 51.590331186710841 ], [ -0.118143916939196, 51.590331100291166 ], [ -0.11813398369057, 51.590332523551211 ], [ -0.118126115748036, 51.590333575295183 ], [ -0.118103015344204, 51.590334328633666 ], [ -0.118008722823386, 51.590348169945784 ], [ -0.11800496409832, 51.590349346080593 ], [ -0.118000768029225, 51.590349926192708 ], [ -0.11791160310163, 51.590362303022943 ], [ -0.117854724018026, 51.590363696674395 ], [ -0.117841633295409, 51.59036397215624 ], [ -0.117837385506768, 51.590364056849147 ], [ -0.117827027368421, 51.59036563063119 ], [ -0.117688910659786, 51.590382850844151 ], [ -0.117682235349475, 51.590383687899177 ], [ -0.117615490979406, 51.590375773289566 ], [ -0.117392566361152, 51.590295723070163 ], [ -0.117384447607154, 51.590292013745497 ], [ -0.117350549821453, 51.590276497152196 ], [ -0.117363393208681, 51.590101229670523 ], [ -0.117445992058326, 51.590065271328591 ], [ -0.117493809782876, 51.590053554789122 ], [ -0.117525061461963, 51.590045936319299 ], [ -0.117555568830138, 51.590038512718742 ], [ -0.117567575868236, 51.590036511313272 ], [ -0.117573744287692, 51.59003116991628 ], [ -0.117680677153004, 51.589938483956352 ], [ -0.11768352821452, 51.589935166554291 ], [ -0.117710873009785, 51.589903304695554 ], [ -0.117716917165142, 51.589895798618734 ], [ -0.117705185195208, 51.589841102724044 ], [ -0.117699026286266, 51.58981511467443 ], [ -0.117681671224008, 51.589741799625813 ], [ -0.11766774536414, 51.589682972459826 ], [ -0.117663504395315, 51.589665072406248 ], [ -0.11767276381329, 51.589664231871211 ], [ -0.117754608057546, 51.589656753705391 ], [ -0.11808070949015, 51.589626959386194 ], [ -0.118100112696827, 51.58962518633188 ], [ -0.118184623024528, 51.589617466493031 ], [ -0.118236608796525, 51.589612716430949 ], [ -0.118306387710009, 51.589606343189168 ], [ -0.118417026483901, 51.589596232230306 ], [ -0.118438474887901, 51.589598068931025 ], [ -0.118452617886076, 51.589608313293255 ], [ -0.118502676587265, 51.589603558723454 ], [ -0.118548803687873, 51.589599169126423 ], [ -0.118637896884811, 51.589590691695001 ], [ -0.11882474123841, 51.589572915053125 ], [ -0.118819013624339, 51.589545207489401 ], [ -0.118796995668122, 51.589438635964264 ], [ -0.118784516626416, 51.589378229808595 ], [ -0.118784012483385, 51.589375790174095 ], [ -0.118752106069725, 51.589221351686028 ], [ -0.118736176728359, 51.589144238031359 ], [ -0.118705219475674, 51.588994404477049 ], [ -0.118672712274632, 51.58899783991243 ], [ -0.118666905001473, 51.588972065331959 ], [ -0.118660512205964, 51.588943689745889 ], [ -0.118654358763934, 51.588920705358575 ], [ -0.118609427382045, 51.588752357111886 ], [ -0.118588303167016, 51.58867415477858 ], [ -0.118535498945523, 51.58847731454992 ], [ -0.118508149264835, 51.588375364090446 ], [ -0.118458755382648, 51.588189431463796 ], [ -0.118541161482632, 51.588233865307181 ], [ -0.118549288304991, 51.588230380670431 ], [ -0.118797501492372, 51.588123942648309 ], [ -0.118781827339963, 51.587989605283525 ], [ -0.118767843329191, 51.587947548306374 ], [ -0.118769104571358, 51.587942523778018 ], [ -0.118775088451081, 51.58791856498317 ], [ -0.118787047526765, 51.587910717501238 ], [ -0.118800317247658, 51.587899096228554 ], [ -0.118813873936937, 51.587891013578684 ], [ -0.11885409821051, 51.587867073207008 ], [ -0.11891395525843, 51.5878455697964 ], [ -0.118953634914572, 51.587838841153932 ], [ -0.119204364860172, 51.58788171687906 ], [ -0.119249757287347, 51.588054667439572 ], [ -0.119276876284657, 51.588157975486332 ], [ -0.119304805695787, 51.588164358173088 ], [ -0.119635169873445, 51.588239821035309 ], [ -0.119651272424839, 51.588243505211899 ], [ -0.119660510873817, 51.588245613616749 ], [ -0.119692257600758, 51.588363437562712 ], [ -0.119723822102592, 51.588363943404161 ], [ -0.119956675249696, 51.588367674763077 ], [ -0.120040390447558, 51.588369016145585 ], [ -0.120049427949906, 51.588372497141052 ], [ -0.120052104516772, 51.588369203837303 ], [ -0.120175881265636, 51.588371187010829 ], [ -0.120183150110961, 51.588309417601593 ], [ -0.120206794613794, 51.58830979642179 ], [ -0.120292242127746, 51.588337729001758 ], [ -0.12034458736755, 51.588354843884431 ], [ -0.120482664840127, 51.588399994662396 ], [ -0.120519541670954, 51.588412050729531 ], [ -0.120530627097497, 51.588418729826486 ], [ -0.120560885117154, 51.588436911606422 ], [ -0.120616371900095, 51.588470263054312 ], [ -0.120675154813331, 51.588505600642499 ], [ -0.120685733542289, 51.58851196586626 ], [ -0.120692227226679, 51.588516224377592 ], [ -0.120752455503731, 51.588555721592819 ], [ -0.120785247649411, 51.588577217145399 ], [ -0.120794988203991, 51.588583604904372 ], [ -0.120845953977982, 51.588617027711329 ], [ -0.120855847914567, 51.588627572421849 ], [ -0.120887090767815, 51.588687162019475 ], [ -0.120895022193519, 51.588702414303405 ], [ -0.120909578241518, 51.588753405164205 ], [ -0.120910344736627, 51.58876457254226 ], [ -0.120911563670573, 51.588782271170039 ], [ -0.120924573147081, 51.588973325737818 ], [ -0.120916524110218, 51.589013779639373 ], [ -0.120915692237523, 51.589017848877113 ], [ -0.121054434253547, 51.589035393886107 ], [ -0.121340190440424, 51.589071533090461 ], [ -0.121351822858258, 51.589073005261525 ], [ -0.121357129059735, 51.58906965511639 ], [ -0.121704295972028, 51.588933861380767 ], [ -0.121708844465201, 51.588932081756433 ], [ -0.121738218594351, 51.588923748407709 ], [ -0.12173781004048, 51.588926655412799 ], [ -0.121791868391757, 51.588925704314711 ], [ -0.121837186556034, 51.588924910033604 ], [ -0.121902194918993, 51.588923774469315 ], [ -0.121974412415912, 51.588922502472997 ], [ -0.122046658392376, 51.588921239880484 ], [ -0.12216222945927, 51.588919204891958 ], [ -0.122179998354608, 51.588918895776665 ], [ -0.122234461002044, 51.58891794195273 ], [ -0.122342808866453, 51.588916033980631 ], [ -0.122429486783078, 51.588914516517313 ], [ -0.122513073376193, 51.588913048440141 ], [ -0.122494181523289, 51.588928347992109 ], [ -0.122484877641962, 51.588935878642218 ], [ -0.122457879837807, 51.58894610264371 ], [ -0.122366746091093, 51.588991989380695 ], [ -0.122376709360158, 51.589091416188914 ], [ -0.122337099882461, 51.589137938586489 ], [ -0.122327861618085, 51.589148779485924 ], [ -0.122234199502297, 51.589258804583487 ], [ -0.122230497592108, 51.589263160617612 ], [ -0.122233903872883, 51.589282440933637 ], [ -0.12219863341635, 51.589392681098083 ], [ -0.122190368165984, 51.589409859232347 ], [ -0.12215760592599, 51.5894583615774 ], [ -0.121992511652452, 51.589498720936817 ], [ -0.121969946811431, 51.589502253477519 ], [ -0.121935874635384, 51.5895075801538 ], [ -0.121915751229432, 51.589510720126896 ], [ -0.121755471298741, 51.589515177529371 ], [ -0.121747103498739, 51.589515403272777 ], [ -0.121571752592511, 51.589502344718227 ], [ -0.121559533711703, 51.589501438695002 ], [ -0.121534290539056, 51.589495702045951 ], [ -0.121511664461406, 51.589490564822057 ], [ -0.121505434898136, 51.589488648615514 ], [ -0.121499975106737, 51.589486969543515 ], [ -0.121444749386883, 51.589515517548328 ], [ -0.12143929151074, 51.589518343708185 ], [ -0.121381574653906, 51.589542535434681 ], [ -0.121359524640722, 51.589551786289732 ], [ -0.12127420648754, 51.589578413595795 ], [ -0.121258438341705, 51.58958183451562 ], [ -0.121217009570903, 51.589587191560902 ], [ -0.12083839407481, 51.58953782974973 ], [ -0.120817344061044, 51.589535082641468 ], [ -0.120954408677213, 51.589944778449755 ], [ -0.120763427358367, 51.58996448854144 ], [ -0.120759325530752, 51.589962435518501 ], [ -0.120594339579926, 51.589977346085988 ], [ -0.120595409729678, 51.589981850446613 ], [ -0.120639452215935, 51.590148151373967 ], [ -0.120681224062029, 51.590305810162953 ], [ -0.120705055926915, 51.590395819354477 ], [ -0.120707741246534, 51.590405965351728 ], [ -0.120742512594704, 51.59053700682135 ], [ -0.120745364300748, 51.590586169104462 ], [ -0.120757460263131, 51.590618411833361 ], [ -0.120780206896812, 51.590679088328997 ], [ -0.120786654113444, 51.590703381204747 ], [ -0.120787928098527, 51.590708194570162 ], [ -0.12079192719822, 51.590723239995739 ], [ -0.120810943840472, 51.590794899436943 ], [ -0.120831695682886, 51.590873142140545 ], [ -0.120842166858863, 51.590912579750956 ], [ -0.120867817701046, 51.591009254440486 ], [ -0.120879275594786, 51.591052421719681 ], [ -0.120882747763037, 51.59106554331651 ], [ -0.120923108854796, 51.591227342893809 ], [ -0.120928374926749, 51.591248424533958 ], [ -0.120939685157322, 51.591293774599059 ], [ -0.120943562977488, 51.59130931265895 ], [ -0.12096300055821, 51.591387228542779 ], [ -0.120970087613363, 51.591415614211733 ], [ -0.120949176259952, 51.591393382773113 ], [ -0.12094430349765, 51.591389716759672 ], [ -0.120832903006018, 51.591306236476285 ], [ -0.120733430729637, 51.591259078686463 ], [ -0.120706372524724, 51.591249724813743 ], [ -0.120488817122393, 51.591490725936666 ], [ -0.120484051978682, 51.591496000094111 ], [ -0.120352808793615, 51.591521171646562 ], [ -0.120144324191476, 51.591383763512738 ], [ -0.120115676821809, 51.591275422451773 ] ] ] } },
{ "type": "Feature", "properties": { "lsoa21cd": "E01033945", "lsoa21nm": "Haringey 020G", "msoa21cd": "E02000416", "msoa21nm": "Haringey 020", "lad22cd": "E09000014", "lad22nm": "Haringey", "index_right": 583, "GSS_CODE": "E05000273", "risk_score": 0.00035870466331799667, "allocation_hours": 0.0089157238390241214, "patrol_units": 0 }, "geometry": { "type": "Polygon", "coordinates": [ [ [ -0.114679672720588, 51.590987242707982 ], [ -0.114620261272719, 51.590911659354092 ], [ -0.114151684325803, 51.590315489246038 ], [ -0.114131428290566, 51.590289723901442 ], [ -0.114119154643462, 51.590274095503332 ], [ -0.114049404789909, 51.590185351501731 ], [ -0.114026899691108, 51.59015672634245 ], [ -0.114007451658618, 51.590132718501046 ], [ -0.115021300729796, 51.589696125138659 ], [ -0.115094751457374, 51.589587957845033 ], [ -0.115512574513291, 51.588972639788871 ], [ -0.115539168514027, 51.588933473493881 ], [ -0.115535730297122, 51.588929344669623 ], [ -0.115807868027288, 51.588712332163283 ], [ -0.116025551797877, 51.588538742698162 ], [ -0.116259672310582, 51.588506246428786 ], [ -0.116294353860926, 51.588596521023732 ], [ -0.116410374697664, 51.588898578965612 ], [ -0.116420954770692, 51.58892166161921 ], [ -0.116421974954311, 51.588923872158709 ], [ -0.116528237790294, 51.589155407461234 ], [ -0.116534406386296, 51.589170317068479 ], [ -0.116549565442142, 51.589206955601284 ], [ -0.116553114295753, 51.589216442960478 ], [ -0.116553989888514, 51.58922913634693 ], [ -0.116550785773764, 51.589241692267407 ], [ -0.116545336821365, 51.589251280600678 ], [ -0.116540641683492, 51.589256951350279 ], [ -0.116536220519185, 51.58926123267392 ], [ -0.116525749237064, 51.589269040770169 ], [ -0.116510025179873, 51.589277151170336 ], [ -0.116494722946256, 51.589282390766904 ], [ -0.116448534197437, 51.589298995264912 ], [ -0.116549063467237, 51.589437717509952 ], [ -0.116583332246138, 51.589415076444538 ], [ -0.116613477866039, 51.5893951639938 ], [ -0.116834252802462, 51.589249338249992 ], [ -0.11684660063695, 51.589241182580608 ], [ -0.117066008773466, 51.589190994101024 ], [ -0.117109511320795, 51.589181045589434 ], [ -0.117114734450162, 51.589178665531392 ], [ -0.117156606395379, 51.589159617462066 ], [ -0.117509939284322, 51.588974308162463 ], [ -0.117570311993837, 51.588942644725186 ], [ -0.117826778607882, 51.58906220624732 ], [ -0.11786186901105, 51.589239821319822 ], [ -0.117766305645843, 51.589367684845421 ], [ -0.117616583694047, 51.589568010358327 ], [ -0.117613740713616, 51.589571831464262 ], [ -0.11767276381329, 51.589664231871211 ], [ -0.117663504395315, 51.589665072406248 ], [ -0.11766774536414, 51.589682972459826 ], [ -0.117681671224008, 51.589741799625813 ], [ -0.117699026286266, 51.58981511467443 ], [ -0.117705185195208, 51.589841102724044 ], [ -0.117716917165142, 51.589895798618734 ], [ -0.117710873009785, 51.589903304695554 ], [ -0.11768352821452, 51.589935166554291 ], [ -0.117680677153004, 51.589938483956352 ], [ -0.117573744287692, 51.59003116991628 ], [ -0.117567575868236, 51.590036511313272 ], [ -0.117555568830138, 51.590038512718742 ], [ -0.117525061461963, 51.590045936319299 ], [ -0.117493809782876, 51.590053554789122 ], [ -0.117445992058326, 51.590065271328591 ], [ -0.117363393208681, 51.590101229670523 ], [ -0.117350549821453, 51.590276497152196 ], [ -0.117384447607154, 51.590292013745497 ], [ -0.117392566361152, 51.590295723070163 ], [ -0.117615490979406, 51.590375773289566 ], [ -0.117682235349475, 51.590383687899177 ], [ -0.117688910659786, 51.590382850844151 ], [ -0.117827027368421, 51.59036563063119 ], [ -0.117837385506768, 51.590364056849147 ], [ -0.117841633295409, 51.59036397215624 ], [ -0.117854724018026, 51.590363696674395 ], [ -0.11791160310163, 51.590362303022943 ], [ -0.118000768029225, 51.590349926192708 ], [ -0.11800496409832, 51.590349346080593 ], [ -0.118008722823386, 51.590348169945784 ], [ -0.118103015344204, 51.590334328633666 ], [ -0.118126115748036, 51.590333575295183 ], [ -0.11813398369057, 51.590332523551211 ], [ -0.118143916939196, 51.590331100291166 ], [ -0.118150142654599, 51.590331186710841 ], [ -0.118163369201201, 51.59033304008225 ], [ -0.118212937194404, 51.590340885575316 ], [ -0.118219541001307, 51.590340730766961 ], [ -0.118328922767337, 51.590338168939148 ], [ -0.118336610002711, 51.590337123207206 ], [ -0.118344585098656, 51.590336972341056 ], [ -0.118385386119433, 51.590336178890482 ], [ -0.118402322997331, 51.59033226003568 ], [ -0.118443980811631, 51.590322604784205 ], [ -0.118448150571981, 51.590322311955227 ], [ -0.11846442492052, 51.590321152132937 ], [ -0.118479381605972, 51.590320088079707 ], [ -0.118507059382798, 51.590322105594169 ], [ -0.118586997647555, 51.590327946604781 ], [ -0.118608804286069, 51.590405721030983 ], [ -0.118639404386, 51.590514921089429 ], [ -0.118652226232624, 51.590560664308256 ], [ -0.118663866751735, 51.590602153152666 ], [ -0.118669653363532, 51.590622838584075 ], [ -0.118683041729488, 51.590670596192673 ], [ -0.118684552171533, 51.590675970902566 ], [ -0.118706785816312, 51.590755298849665 ], [ -0.118723736478836, 51.590815729938441 ], [ -0.118726251176406, 51.590824753688217 ], [ -0.118745716592453, 51.590894208523721 ], [ -0.118754838852441, 51.590926763474833 ], [ -0.118767158791263, 51.590970682161647 ], [ -0.118771851751689, 51.590987438348328 ], [ -0.118785089829781, 51.591034644995226 ], [ -0.118894475167787, 51.591032909714336 ], [ -0.118902414752348, 51.59100669820414 ], [ -0.118971756180691, 51.591001389311117 ], [ -0.119149701225125, 51.590987749873726 ], [ -0.119147027423671, 51.590937466353772 ], [ -0.11914422481522, 51.590884707852652 ], [ -0.119143769008573, 51.59087581603351 ], [ -0.119162423080982, 51.590872967717516 ], [ -0.119178491343909, 51.590870509583894 ], [ -0.119173721452066, 51.590849318916199 ], [ -0.119282574377034, 51.590838087733985 ], [ -0.119374450195312, 51.590828598637273 ], [ -0.119570988978185, 51.590808305446352 ], [ -0.119579946927018, 51.590809177399393 ], [ -0.119616238773468, 51.590803617209168 ], [ -0.119625473618983, 51.590802677127215 ], [ -0.119904188335348, 51.590773898588466 ], [ -0.119927632032505, 51.590771477603788 ], [ -0.119956485920762, 51.590771939947913 ], [ -0.119984968992498, 51.590781388764775 ], [ -0.119994635500852, 51.590817917998415 ], [ -0.120001628110898, 51.590844377836966 ], [ -0.119981842756957, 51.590848404151664 ], [ -0.119950351057865, 51.590868483199323 ], [ -0.119898309508016, 51.590901667626881 ], [ -0.119724523566785, 51.591032123457389 ], [ -0.119704796817177, 51.591051168007766 ], [ -0.119698211117802, 51.591057528018268 ], [ -0.119682832182695, 51.591085958389897 ], [ -0.119681550287373, 51.591090434056994 ], [ -0.119672722433368, 51.591121388374923 ], [ -0.119668386033521, 51.591136561033721 ], [ -0.119671751771244, 51.591173241103697 ], [ -0.119672198857774, 51.591178149138116 ], [ -0.119703499171254, 51.591232326511332 ], [ -0.119706584897987, 51.591237663505616 ], [ -0.119767556360681, 51.591295247885746 ], [ -0.119774393998653, 51.591299574904887 ], [ -0.119793499811782, 51.591311670138822 ], [ -0.119820216004827, 51.59132860834459 ], [ -0.119836220074176, 51.591336454406566 ], [ -0.119854673901118, 51.591343359548318 ], [ -0.119849706144292, 51.591354241703925 ], [ -0.119772361115956, 51.591523741359993 ], [ -0.119361657211196, 51.591428808547185 ], [ -0.119337250140807, 51.591425530766962 ], [ -0.119325046421484, 51.591423896368198 ], [ -0.119243992551293, 51.591594361361594 ], [ -0.119203915700098, 51.591678652350133 ], [ -0.119027216506096, 51.591600508221966 ], [ -0.118885246132524, 51.591542452163765 ], [ -0.118785029250102, 51.591471756612457 ], [ -0.118763370063255, 51.591456472927312 ], [ -0.118761418627094, 51.591454085624385 ], [ -0.118738340194149, 51.591425973971766 ], [ -0.118731894470513, 51.591418101170078 ], [ -0.118687413577367, 51.591363946000847 ], [ -0.118684047402847, 51.591359809467427 ], [ -0.118667972157482, 51.591340231494023 ], [ -0.118660831471534, 51.591331533730873 ], [ -0.118647609784847, 51.591315396148957 ], [ -0.118588162408767, 51.591242962161296 ], [ -0.118522597629303, 51.591163101222598 ], [ -0.118520405063065, 51.591160435780004 ], [ -0.11846387927553, 51.591091551125437 ], [ -0.118433488612384, 51.591054536554843 ], [ -0.118391708038254, 51.591039532613976 ], [ -0.118327762836204, 51.59104840777259 ], [ -0.118314823132832, 51.591052013039331 ], [ -0.118273389187458, 51.591064270644068 ], [ -0.118262442308549, 51.591067512199089 ], [ -0.118167998933132, 51.591095455934322 ], [ -0.118138081519317, 51.591104309970149 ], [ -0.117844330467659, 51.591191210411381 ], [ -0.117833463807233, 51.591194430639852 ], [ -0.11781474883605, 51.591199970838751 ], [ -0.117742272075326, 51.591221405500377 ], [ -0.117629266583839, 51.59125484190178 ], [ -0.117612955820275, 51.591259669793693 ], [ -0.116993089916552, 51.591443046188409 ], [ -0.116611071489631, 51.591556061030282 ], [ -0.11595239677467, 51.591751524009787 ], [ -0.1159467649217, 51.591796944194272 ], [ -0.116392670711006, 51.592382293318721 ], [ -0.116560808191724, 51.592658435617516 ], [ -0.116647323666003, 51.592748337554248 ], [ -0.116710084826538, 51.592867362103199 ], [ -0.116678936919294, 51.592922363148865 ], [ -0.116632974371152, 51.592962045962153 ], [ -0.116619979044734, 51.592973266632221 ], [ -0.116570359417396, 51.593000831842133 ], [ -0.116547943696342, 51.593013277048762 ], [ -0.116526158128249, 51.593022701923736 ], [ -0.11634235751463, 51.593102539461881 ], [ -0.115996781138704, 51.59266294518136 ], [ -0.115571980478956, 51.592122987405943 ], [ -0.114869716396713, 51.591229019917932 ], [ -0.114821220443094, 51.591167343586122 ], [ -0.114798083839675, 51.591137908112472 ], [ -0.114679672720588, 51.590987242707982 ] ] ] } },
{ "type": "Feature", "properties": { "lsoa21cd": "E01033946", "lsoa21nm": "Haringey 020H", "msoa21cd": "E02000416", "msoa21nm": "Haringey 020", "lad22cd": "E09000014", "lad22nm": "Haringey", "index_right": 583, "GSS_CODE": "E05000273", "risk_score": 0.00043707480612397256, "allocation_hours": 0.010863639832141649, "patrol_units": 0 }, "geometry": { "type": "Polygon", "coordinates": [ [ [ -0.112838620512283, 51.588631798945428 ], [ -0.112586746101023, 51.588279697334691 ], [ -0.11257038064084, 51.588247802119433 ], [ -0.11260146632824, 51.58823735057392 ], [ -0.112642353838999, 51.588223971477511 ], [ -0.113080679583911, 51.588080690031234 ], [ -0.113147681019618, 51.588058243949682 ], [ -0.113178275353726, 51.588048008259463 ], [ -0.113183150294144, 51.588046369144919 ], [ -0.113214104341406, 51.588041390816862 ], [ -0.113284876661339, 51.588030021068484 ], [ -0.113325005574066, 51.588022402677062 ], [ -0.113590427373453, 51.587971989856477 ], [ -0.113640946998039, 51.587967577958359 ], [ -0.11393812497154, 51.587941613071663 ], [ -0.114136869696159, 51.587925331942557 ], [ -0.11421473020064, 51.58791861861161 ], [ -0.114358352824919, 51.587903409182282 ], [ -0.114581528706623, 51.587866387949241 ], [ -0.114594755999709, 51.587864190654493 ], [ -0.114605453836048, 51.587862420294876 ], [ -0.114726321736839, 51.587773827788219 ], [ -0.114737890832847, 51.587764256999392 ], [ -0.114738688573931, 51.587761374261291 ], [ -0.114816999272027, 51.587478103667074 ], [ -0.114828947873825, 51.587464591292623 ], [ -0.115020020204628, 51.587248472382889 ], [ -0.115291107478427, 51.587123051044493 ], [ -0.115426287476433, 51.587125313624547 ], [ -0.115857201739975, 51.587132526131747 ], [ -0.115933994452751, 51.587139937817376 ], [ -0.11597395062665, 51.587143799093177 ], [ -0.116060775662951, 51.587217556181812 ], [ -0.116168395442857, 51.587349792339168 ], [ -0.116189048224551, 51.587379925048189 ], [ -0.116218254991773, 51.587394845092689 ], [ -0.116258234480964, 51.587410369825974 ], [ -0.116372717906954, 51.587454815032729 ], [ -0.11644831561633, 51.587484166692626 ], [ -0.116497813159349, 51.587490492102098 ], [ -0.116517801859218, 51.587493043291587 ], [ -0.116780592059075, 51.587493568131343 ], [ -0.116811613027344, 51.587468788607453 ], [ -0.116806764670298, 51.587491794310061 ], [ -0.116851049235492, 51.587492505505857 ], [ -0.116918002631333, 51.58749358072393 ], [ -0.116953620131586, 51.587494152696969 ], [ -0.117463301062635, 51.587502336356579 ], [ -0.117452258354867, 51.587670740118106 ], [ -0.117448250062104, 51.587731770321376 ], [ -0.117446973541284, 51.587751137501648 ], [ -0.117453337302519, 51.587750844000631 ], [ -0.117670818910312, 51.587740810699231 ], [ -0.117887950780529, 51.58772631113856 ], [ -0.11807784523741, 51.587705807736562 ], [ -0.118085675338284, 51.587704962219284 ], [ -0.118114733784442, 51.587701822608857 ], [ -0.118220701256909, 51.587690376269308 ], [ -0.118224326450231, 51.587699768583512 ], [ -0.118325619436644, 51.587689307547897 ], [ -0.118322956400407, 51.587679337201493 ], [ -0.118588969681411, 51.587652174548332 ], [ -0.118627385844782, 51.587648249377459 ], [ -0.118669261290714, 51.587641304252287 ], [ -0.118707634098028, 51.587634932420087 ], [ -0.118764349720807, 51.587625527482288 ], [ -0.118842883021543, 51.587612488677763 ], [ -0.118874467668893, 51.587607248910786 ], [ -0.11908651956001, 51.587572061995587 ], [ -0.119120734907827, 51.587566387736295 ], [ -0.119140208060947, 51.587563597515135 ], [ -0.119440585679934, 51.587520824412543 ], [ -0.119569820842751, 51.58750241995925 ], [ -0.119634133402917, 51.587493262249204 ], [ -0.119666416854584, 51.587497774963211 ], [ -0.119667688663274, 51.587513025817181 ], [ -0.119661480099649, 51.587663477513274 ], [ -0.119657398260687, 51.587762391727651 ], [ -0.11952571677296, 51.587758905474715 ], [ -0.119338245239257, 51.587753940332028 ], [ -0.119302835477829, 51.587829295800418 ], [ -0.119248988237352, 51.587889338363468 ], [ -0.119204364860172, 51.58788171687906 ], [ -0.118953634914572, 51.587838841153932 ], [ -0.11891395525843, 51.5878455697964 ], [ -0.11885409821051, 51.587867073207008 ], [ -0.118813873936937, 51.587891013578684 ], [ -0.118800317247658, 51.587899096228554 ], [ -0.118787047526765, 51.587910717501238 ], [ -0.118775088451081, 51.58791856498317 ], [ -0.118769104571358, 51.587942523778018 ], [ -0.118767843329191, 51.587947548306374 ], [ -0.118781827339963, 51.587989605283525 ], [ -0.118797501492372, 51.588123942648309 ], [ -0.118549288304991, 51.588230380670431 ], [ -0.118541161482632, 51.588233865307181 ], [ -0.118458755382648, 51.588189431463796 ], [ -0.118508149264835, 51.588375364090446 ], [ -0.118535498945523, 51.58847731454992 ], [ -0.118588303167016, 51.58867415477858 ], [ -0.118609427382045, 51.588752357111886 ], [ -0.118654358763934, 51.588920705358575 ], [ -0.118660512205964, 51.588943689745889 ], [ -0.118666905001473, 51.588972065331959 ], [ -0.118672712274632, 51.58899783991243 ], [ -0.118705219475674, 51.588994404477049 ], [ -0.118736176728359, 51.589144238031359 ], [ -0.118752106069725, 51.589221351686028 ], [ -0.118784012483385, 51.589375790174095 ], [ -0.118784516626416, 51.589378229808595 ], [ -0.118796995668122, 51.589438635964264 ], [ -0.118819013624339, 51.589545207489401 ], [ -0.11882474123841, 51.589572915053125 ], [ -0.118637896884811, 51.589590691695001 ], [ -0.118548803687873, 51.589599169126423 ], [ -0.118502676587265, 51.589603558723454 ], [ -0.118452617886076, 51.589608313293255 ], [ -0.118438474887901, 51.589598068931025 ], [ -0.118417026483901, 51.589596232230306 ], [ -0.118306387710009, 51.589606343189168 ], [ -0.118236608796525, 51.589612716430949 ], [ -0.118184623024528, 51.589617466493031 ], [ -0.118100112696827, 51.58962518633188 ], [ -0.11808070949015, 51.589626959386194 ], [ -0.117754608057546, 51.589656753705391 ], [ -0.11767276381329, 51.589664231871211 ], [ -0.117613740713616, 51.589571831464262 ], [ -0.117616583694047, 51.589568010358327 ], [ -0.117766305645843, 51.589367684845421 ], [ -0.11786186901105, 51.589239821319822 ], [ -0.117826778607882, 51.58906220624732 ], [ -0.117570311993837, 51.588942644725186 ], [ -0.117509939284322, 51.588974308162463 ], [ -0.117156606395379, 51.589159617462066 ], [ -0.117114734450162, 51.589178665531392 ], [ -0.117109511320795, 51.589181045589434 ], [ -0.117066008773466, 51.589190994101024 ], [ -0.11684660063695, 51.589241182580608 ], [ -0.116834252802462, 51.589249338249992 ], [ -0.116613477866039, 51.5893951639938 ], [ -0.116583332246138, 51.589415076444538 ], [ -0.116549063467237, 51.589437717509952 ], [ -0.116448534197437, 51.589298995264912 ], [ -0.116494722946256, 51.589282390766904 ], [ -0.116510025179873, 51.589277151170336 ], [ -0.116525749237064, 51.589269040770169 ], [ -0.116536220519185, 51.58926123267392 ], [ -0.116540641683492, 51.589256951350279 ], [ -0.116545336821365, 51.589251280600678 ], [ -0.116550785773764, 51.589241692267407 ], [ -0.116553989888514, 51.58922913634693 ], [ -0.116553114295753, 51.589216442960478 ], [ -0.116549565442142, 51.589206955601284 ], [ -0.116534406386296, 51.589170317068479 ], [ -0.116528237790294, 51.589155407461234 ], [ -0.116421974954311, 51.588923872158709 ], [ -0.116420954770692, 51.58892166161921 ], [ -0.116410374697664, 51.588898578965612 ], [ -0.116294353860926, 51.588596521023732 ], [ -0.116259672310582, 51.588506246428786 ], [ -0.116025551797877, 51.588538742698162 ], [ -0.115807868027288, 51.588712332163283 ], [ -0.115535730297122, 51.588929344669623 ], [ -0.115539168514027, 51.588933473493881 ], [ -0.115512574513291, 51.588972639788871 ], [ -0.115094751457374, 51.589587957845033 ], [ -0.115021300729796, 51.589696125138659 ], [ -0.114007451658618, 51.590132718501046 ], [ -0.113980133322841, 51.590099007135308 ], [ -0.113558674333979, 51.589578930809317 ], [ -0.113317841813752, 51.589281768014487 ], [ -0.113288495485881, 51.589239184278462 ], [ -0.113225827160063, 51.589148233624151 ], [ -0.113057418991401, 51.588903825119282 ], [ -0.112919113757663, 51.58873185826468 ], [ -0.112913086197009, 51.588724378474019 ], [ -0.112838620512283, 51.588631798945428 ] ] ] } },
{ "type": "Feature", "properties": { "lsoa21cd": "E01002016", "lsoa21nm": "Haringey 028A", "msoa21cd": "E02000424", "msoa21nm": "Haringey 028", "lad22cd": "E09000014", "lad22nm": "Haringey", "index_right": 583, "GSS_CODE": "E05000273", "risk_score": 0.00044593190143775961, "allocation_hours": 0.01108378588517368, "patrol_units": 0 }, "geometry": { "type": "Polygon", "coordinates": [ [ [ -0.113252989076265, 51.585313791437038 ], [ -0.113170574522372, 51.585100936102165 ], [ -0.113091552150547, 51.584896812987473 ], [ -0.11301826756906, 51.584707520755508 ], [ -0.113051669429821, 51.584249443720559 ], [ -0.112915999191528, 51.584134782854996 ], [ -0.112661311468009, 51.583919559048496 ], [ -0.112169328935113, 51.584187581148477 ], [ -0.111551902533752, 51.584523928878042 ], [ -0.111461580073259, 51.584516053550047 ], [ -0.111398035408709, 51.584511271223818 ], [ -0.111263222545804, 51.584502778052922 ], [ -0.111248919860195, 51.584502035095653 ], [ -0.110947610239256, 51.584489582573283 ], [ -0.110636543859659, 51.584483725390065 ], [ -0.110633494863784, 51.584479557719398 ], [ -0.110566785882374, 51.584383360678252 ], [ -0.110486103352398, 51.584267280923633 ], [ -0.110436403405256, 51.584201536550246 ], [ -0.110414742312471, 51.584172870255948 ], [ -0.110395845259841, 51.584147863465539 ], [ -0.110392068587673, 51.584142865748142 ], [ -0.110359555217469, 51.584099870437399 ], [ -0.110278288530372, 51.583992332927949 ], [ -0.110260519986865, 51.583970051028203 ], [ -0.110247733116587, 51.583953991257189 ], [ -0.110245468557899, 51.58395116710043 ], [ -0.110212402414592, 51.583909673566993 ], [ -0.110199285409032, 51.583893221793971 ], [ -0.110098260567238, 51.583766499564405 ], [ -0.110086200668642, 51.583751359734357 ], [ -0.110052570608959, 51.583712680705595 ], [ -0.109948001958186, 51.583592420759082 ], [ -0.109942807998922, 51.583586446982345 ], [ -0.109937159645675, 51.583579944318785 ], [ -0.109925586378479, 51.583566646774436 ], [ -0.109824201004903, 51.583450043993587 ], [ -0.109815824466132, 51.583440412934401 ], [ -0.109716048586642, 51.583344527622351 ], [ -0.110485703331215, 51.583145466634591 ], [ -0.110599350487436, 51.583124394228506 ], [ -0.110698143974753, 51.583083496826248 ], [ -0.11071635474857, 51.583075957835462 ], [ -0.111009636125177, 51.582954528061592 ], [ -0.111127388153039, 51.582899520841146 ], [ -0.11133943694433, 51.582802374117527 ], [ -0.111524648717636, 51.582717501106288 ], [ -0.111467672934319, 51.582646909961369 ], [ -0.111416546768495, 51.582583544016686 ], [ -0.111413963574869, 51.582580049309605 ], [ -0.111340690703139, 51.58248128304416 ], [ -0.111328306432621, 51.582464564436464 ], [ -0.111281197957073, 51.582400737085585 ], [ -0.111251865026831, 51.582334642198063 ], [ -0.111229269150407, 51.58224808560449 ], [ -0.111239313943628, 51.582183330936836 ], [ -0.111240405289601, 51.582176500768398 ], [ -0.111250895985579, 51.582159498680909 ], [ -0.111289673187832, 51.582096609664987 ], [ -0.111356693614415, 51.582050523841978 ], [ -0.1113667370117, 51.582043617553914 ], [ -0.11144530490645, 51.581999606096694 ], [ -0.111533070649608, 51.581956201345427 ], [ -0.111598718407442, 51.581923725828268 ], [ -0.111641407485861, 51.581902615664369 ], [ -0.111667251677303, 51.581913921742633 ], [ -0.111688133833588, 51.581923061654564 ], [ -0.111716727546405, 51.581935590012883 ], [ -0.111784731030339, 51.582010342293835 ], [ -0.111886956847566, 51.582122730472861 ], [ -0.111900278629562, 51.582137377870659 ], [ -0.11190555150956, 51.58214319096804 ], [ -0.111915394774792, 51.582154005522099 ], [ -0.111917755204874, 51.582156606378966 ], [ -0.111926880683561, 51.582153390150232 ], [ -0.1119683039252, 51.58213879699219 ], [ -0.112028008035884, 51.582117744851779 ], [ -0.112077692245755, 51.5821002452263 ], [ -0.112135506136841, 51.582079872999692 ], [ -0.112198212078482, 51.582057781020445 ], [ -0.112235533862171, 51.582044632464637 ], [ -0.112257520199628, 51.582036875260776 ], [ -0.112297507708023, 51.582022789427079 ], [ -0.112438504652989, 51.581973100996372 ], [ -0.112485098173434, 51.581956684493427 ], [ -0.112513719767162, 51.581946588111755 ], [ -0.112517048954404, 51.581937298553783 ], [ -0.112540533565182, 51.581871402280555 ], [ -0.11254435537946, 51.581860672868245 ], [ -0.112547973047974, 51.581842674273702 ], [ -0.11255571980025, 51.581804086500057 ], [ -0.11253428054229, 51.581781907722068 ], [ -0.112527055616714, 51.581774435596834 ], [ -0.112469215629966, 51.581714594977491 ], [ -0.112531134358215, 51.581700691262604 ], [ -0.112567700561673, 51.581694625480232 ], [ -0.11258201613373, 51.581692248113988 ], [ -0.112614135457278, 51.58168691106205 ], [ -0.112684172799036, 51.581675278154307 ], [ -0.112694651396584, 51.581673540423488 ], [ -0.112792951348053, 51.581673719830668 ], [ -0.112982835652049, 51.581640707264583 ], [ -0.113029183337991, 51.581633701682712 ], [ -0.113236093518435, 51.581602563369266 ], [ -0.113296499522799, 51.581593463853743 ], [ -0.113323659487955, 51.581589377688253 ], [ -0.113405981897568, 51.581576988831493 ], [ -0.113536190411233, 51.581557385085375 ], [ -0.113639659623399, 51.581541815756843 ], [ -0.113660951890764, 51.581538610792428 ], [ -0.113693602459, 51.581528453051277 ], [ -0.113774782563376, 51.581503204350696 ], [ -0.113795033838803, 51.581496902703599 ], [ -0.11392199439467, 51.581457417944826 ], [ -0.114064176795819, 51.581413178091921 ], [ -0.114113086352593, 51.581397967221569 ], [ -0.114162317665302, 51.581382653596854 ], [ -0.114238774750292, 51.581358866322347 ], [ -0.114272580540339, 51.581348340326677 ], [ -0.11431675229174, 51.581334608867145 ], [ -0.114443946452352, 51.581295037382986 ], [ -0.114483878664029, 51.581282604534351 ], [ -0.114570058156749, 51.581255808053989 ], [ -0.114635314461104, 51.581235509326902 ], [ -0.114668593375705, 51.581225154595302 ], [ -0.114811504827278, 51.581180700759589 ], [ -0.114851906737076, 51.581169120628751 ], [ -0.114860086313921, 51.581166779218485 ], [ -0.114904344044383, 51.581154101038514 ], [ -0.114933849308392, 51.581145645913637 ], [ -0.114961820730345, 51.581137633728673 ], [ -0.115012929042907, 51.581122988391463 ], [ -0.115265212356821, 51.581050707161474 ], [ -0.115491251060363, 51.58098515256907 ], [ -0.115506602593817, 51.580981448028858 ], [ -0.115522254261251, 51.580974778107162 ], [ -0.115476232598, 51.580913079560673 ], [ -0.115472003786231, 51.580907490232867 ], [ -0.115464586638838, 51.580897677166433 ], [ -0.115483316066274, 51.58089430928451 ], [ -0.115509722924874, 51.580889572050033 ], [ -0.115794298130157, 51.58083842837204 ], [ -0.115889937031256, 51.580821234002698 ], [ -0.115949004056381, 51.58081061887232 ], [ -0.115945789062147, 51.580806340764212 ], [ -0.115930233599347, 51.580785650988048 ], [ -0.115908098058105, 51.580756195753253 ], [ -0.115893432994504, 51.580736662319659 ], [ -0.115957102636469, 51.580723639232922 ], [ -0.115882336301195, 51.580606714087835 ], [ -0.115866000721256, 51.580581155847447 ], [ -0.115842709363808, 51.580544748852532 ], [ -0.115859520885196, 51.580542033517226 ], [ -0.115987057989431, 51.580521314053975 ], [ -0.116139893401951, 51.580496477730748 ], [ -0.116223387551139, 51.580482909750799 ], [ -0.116235331448617, 51.580480979430597 ], [ -0.116257505364494, 51.580477379009182 ], [ -0.116267749435399, 51.580475718126515 ], [ -0.116283307361226, 51.580495301827824 ], [ -0.116298014857204, 51.580513810756095 ], [ -0.116359039478663, 51.580590624400848 ], [ -0.116374398551441, 51.580609957602285 ], [ -0.116377204660138, 51.580613478261 ], [ -0.116401474969896, 51.580644019816162 ], [ -0.116432605114663, 51.580683196400052 ], [ -0.116486936388646, 51.580751548469216 ], [ -0.116490996742681, 51.580756676438988 ], [ -0.116495839516069, 51.580762779168523 ], [ -0.116516704002124, 51.58075663977926 ], [ -0.116520649288772, 51.580755471191736 ], [ -0.116528930347356, 51.580766736857804 ], [ -0.116626314775144, 51.58089940195741 ], [ -0.116663072115024, 51.580949459791583 ], [ -0.116670436976678, 51.580959496750857 ], [ -0.116685973156239, 51.580980662714254 ], [ -0.116708683434383, 51.581011592794781 ], [ -0.11674833691669, 51.581065617821544 ], [ -0.116761085537457, 51.581082989153508 ], [ -0.116773533923061, 51.581099942009502 ], [ -0.116776649162726, 51.581104191514299 ], [ -0.1167839053664, 51.581114064856642 ], [ -0.116847349196747, 51.581200485036426 ], [ -0.116852035943803, 51.581206873002095 ], [ -0.116874022819663, 51.581236802260719 ], [ -0.116909399623234, 51.581285003380273 ], [ -0.116917051900633, 51.581295422621004 ], [ -0.116948220496453, 51.581337881913598 ], [ -0.116974306349137, 51.581373407331078 ], [ -0.117008248668225, 51.581419652006062 ], [ -0.117035195802449, 51.581456342272574 ], [ -0.117048231207528, 51.581474113843157 ], [ -0.117072540477649, 51.58150722771007 ], [ -0.117088855757847, 51.581529458241739 ], [ -0.117090795931711, 51.581532106198104 ], [ -0.117088666572716, 51.581535435174672 ], [ -0.117085920158397, 51.58153972542523 ], [ -0.117179177538519, 51.581661613751812 ], [ -0.117261863905408, 51.581769672743548 ], [ -0.117294792055626, 51.581812704231325 ], [ -0.117311574716753, 51.581834631994695 ], [ -0.11734457802358, 51.581877768087026 ], [ -0.117368983039875, 51.581910321396599 ], [ -0.11741181729399, 51.581965651694084 ], [ -0.117466280193853, 51.582036829007407 ], [ -0.117466536191776, 51.582043910164948 ], [ -0.117492827699296, 51.582079717523392 ], [ -0.117518436640337, 51.582114578703312 ], [ -0.117529436420371, 51.582129574840039 ], [ -0.117539562424553, 51.582143360953239 ], [ -0.117554253560676, 51.582151806911384 ], [ -0.117581834468901, 51.582187850767568 ], [ -0.117585766132587, 51.582198372091497 ], [ -0.117588801626878, 51.582206478047354 ], [ -0.117604450381255, 51.58222738490403 ], [ -0.117610619809054, 51.582235622104356 ], [ -0.117636613320792, 51.58225942873419 ], [ -0.117646377075735, 51.582272201868982 ], [ -0.117685352284689, 51.582323131254185 ], [ -0.117725340789986, 51.582375389787558 ], [ -0.117828147238183, 51.582509741488408 ], [ -0.11785355126548, 51.582542935698569 ], [ -0.117833225439523, 51.582543355795508 ], [ -0.117812318830397, 51.582544557900157 ], [ -0.117617361228509, 51.582620022063189 ], [ -0.11760879636895, 51.582623301686638 ], [ -0.117550774981617, 51.582637558406759 ], [ -0.117537476328297, 51.582640824972273 ], [ -0.117522210651532, 51.582642441317425 ], [ -0.117461422368031, 51.582648902091954 ], [ -0.117354729346713, 51.58263591252102 ], [ -0.117347360892481, 51.582646917852891 ], [ -0.117328438467761, 51.582675209969715 ], [ -0.117284148806354, 51.582741402540954 ], [ -0.117281764907259, 51.582744952244525 ], [ -0.117252143433066, 51.582769133867508 ], [ -0.117232496485317, 51.582779672259889 ], [ -0.117180774697647, 51.582807392714038 ], [ -0.117135127600576, 51.582821883904941 ], [ -0.117085428851604, 51.582837667872106 ], [ -0.11706559050047, 51.582839561432472 ], [ -0.11698298930377, 51.582847488142122 ], [ -0.116966200359103, 51.58287758597497 ], [ -0.116978722291939, 51.58289137464309 ], [ -0.117003931105135, 51.582919152457599 ], [ -0.117016387732705, 51.582932076798798 ], [ -0.117072125546353, 51.582989876024818 ], [ -0.117100818233884, 51.583019625152367 ], [ -0.117238819653772, 51.583156089230748 ], [ -0.117201214494597, 51.583183307982651 ], [ -0.117300714896501, 51.583233123114006 ], [ -0.117513490466467, 51.583339646656071 ], [ -0.117483939488788, 51.583392866040342 ], [ -0.117382479923397, 51.583572515534883 ], [ -0.11737678510622, 51.583577594748668 ], [ -0.117359950743949, 51.583602152565852 ], [ -0.117337514077168, 51.58362885055201 ], [ -0.117280783567053, 51.583686948008229 ], [ -0.117259345779074, 51.583711476857133 ], [ -0.117250365929206, 51.583722874456917 ], [ -0.117255876552212, 51.583768550087015 ], [ -0.117267619408356, 51.583802253444048 ], [ -0.117283779576552, 51.584006101617554 ], [ -0.117281425884602, 51.584009966540954 ], [ -0.117274254351355, 51.584018295284061 ], [ -0.117260688050588, 51.584046547495355 ], [ -0.117229827615393, 51.584097551633121 ], [ -0.117211608771288, 51.584127662505452 ], [ -0.117193540282108, 51.584151687912211 ], [ -0.117165376694777, 51.584189120794548 ], [ -0.117121064214229, 51.584235907263043 ], [ -0.117053087125532, 51.584293680132895 ], [ -0.117045838743042, 51.584298626473675 ], [ -0.117032985498105, 51.584309615646461 ], [ -0.117025566184002, 51.584314855991394 ], [ -0.117007948780194, 51.584327261398521 ], [ -0.116926674703864, 51.584368328537984 ], [ -0.116888715288766, 51.584384318948658 ], [ -0.116815439070691, 51.58443443495247 ], [ -0.116796945670578, 51.584447078048015 ], [ -0.11676299560211, 51.584493886935448 ], [ -0.116759097178303, 51.58449600948407 ], [ -0.116754091631227, 51.584498725736459 ], [ -0.116744362115707, 51.584505727446533 ], [ -0.116648174980897, 51.584560106474143 ], [ -0.116535099954655, 51.584558586959815 ], [ -0.116487802553143, 51.584550444425645 ], [ -0.116413137666528, 51.584527276515395 ], [ -0.116374221993534, 51.584508423702502 ], [ -0.116307899008453, 51.584456479052669 ], [ -0.116291925146841, 51.584456878880488 ], [ -0.116226444508439, 51.584455970790899 ], [ -0.116158500637234, 51.584448305740914 ], [ -0.115942501181027, 51.584391087463381 ], [ -0.115926552419203, 51.584386865532515 ], [ -0.115913045424079, 51.584383285327718 ], [ -0.115892420795986, 51.584390912228749 ], [ -0.11587896998737, 51.584397494375409 ], [ -0.115872929457703, 51.584400454740631 ], [ -0.115842182673125, 51.584415499606699 ], [ -0.115825325613027, 51.584444418178151 ], [ -0.115818364634556, 51.584456374170763 ], [ -0.115815303340636, 51.584461639508135 ], [ -0.115809773483674, 51.584471100615055 ], [ -0.115813808286087, 51.584473710310277 ], [ -0.115790306844746, 51.584504482458371 ], [ -0.115691720596552, 51.58463361225359 ], [ -0.115705584250512, 51.584636946426379 ], [ -0.115698257942984, 51.584644121557872 ], [ -0.11564184857396, 51.584699255903217 ], [ -0.115603745293507, 51.584736510705156 ], [ -0.115585543456624, 51.584757800031291 ], [ -0.115510817130373, 51.584819546133872 ], [ -0.11546642718604, 51.584845810015658 ], [ -0.115465566132838, 51.584866631651579 ], [ -0.115463454188299, 51.584917701723271 ], [ -0.11545048213366, 51.584949002731967 ], [ -0.115418971295443, 51.585025093853432 ], [ -0.115415347764956, 51.585033830217235 ], [ -0.115320249137167, 51.585239127749439 ], [ -0.115299730827119, 51.58522113680943 ], [ -0.115278460335302, 51.58520248631995 ], [ -0.115236299926615, 51.585174831337746 ], [ -0.115187132097622, 51.585155363719352 ], [ -0.115165289318191, 51.585146712591019 ], [ -0.115079110274636, 51.585136334838566 ], [ -0.115050260032628, 51.585135871060849 ], [ -0.114977390982905, 51.585152684507783 ], [ -0.114962594130324, 51.58516143906833 ], [ -0.114874184641108, 51.585204979931042 ], [ -0.11465334607833, 51.585309338562176 ], [ -0.114627628657046, 51.585320723131865 ], [ -0.114594529985617, 51.585335370167392 ], [ -0.114448061634738, 51.585386969593777 ], [ -0.114331158236661, 51.585421059417847 ], [ -0.114156568234347, 51.585454221367087 ], [ -0.1137071548261, 51.585500947220531 ], [ -0.113330610830925, 51.585530858975737 ], [ -0.113273675204279, 51.585371639941556 ], [ -0.113252989076265, 51.585313791437038 ] ] ] } },
{ "type": "Feature", "properties": { "lsoa21cd": "E01002021", "lsoa21nm": "Haringey 022C", "msoa21cd": "E02000418", "msoa21nm": "Haringey 022", "lad22cd": "E09000014", "lad22nm": "Haringey", "index_right": 583, "GSS_CODE": "E05000273", "risk_score": 0.00036931786493370742, "allocation_hours": 0.0091795184988935855, "patrol_units": 0 }, "geometry": { "type": "Polygon", "coordinates": [ [ [ -0.127144360570485, 51.588423303507021 ], [ -0.127144149207975, 51.588420719307351 ], [ -0.127134508417635, 51.58842101503965 ], [ -0.127033694216783, 51.5884240548517 ], [ -0.127004135977886, 51.588424958845579 ], [ -0.126992038656847, 51.588425314268129 ], [ -0.126984262178291, 51.588425558817242 ], [ -0.126949313334599, 51.588426610546755 ], [ -0.126931867580075, 51.588427141361478 ], [ -0.126892886047305, 51.588428317537002 ], [ -0.126887321589675, 51.588428480491686 ], [ -0.126853961848507, 51.588429503607351 ], [ -0.126817914756187, 51.58843058272663 ], [ -0.126806236163974, 51.588430935822601 ], [ -0.12677305064344, 51.588431934719416 ], [ -0.126659249275664, 51.58843537834845 ], [ -0.12656329869969, 51.588438270599838 ], [ -0.126558890189122, 51.588438407033991 ], [ -0.126549957757772, 51.588438678059049 ], [ -0.12638725232843, 51.588443597646659 ], [ -0.126345712334051, 51.588444854182754 ], [ -0.126266997388066, 51.588447234589793 ], [ -0.126249826458756, 51.588447751707086 ], [ -0.126249304737461, 51.588443588875116 ], [ -0.12624570637005, 51.58841560093893 ], [ -0.126233580543964, 51.58832117117597 ], [ -0.126226237322172, 51.588264019450477 ], [ -0.126222014214383, 51.588231039732271 ], [ -0.126219968804265, 51.588215135436975 ], [ -0.126219600640938, 51.588212153064752 ], [ -0.126215439159339, 51.588179956671198 ], [ -0.126213419279526, 51.588164133715225 ], [ -0.126210444784051, 51.588140984672286 ], [ -0.126207720787655, 51.588119817963211 ], [ -0.126200930413071, 51.58806695096159 ], [ -0.126195980459768, 51.588028303398112 ], [ -0.12619338708817, 51.588008172903372 ], [ -0.126189474643438, 51.587977644083722 ], [ -0.126187596492174, 51.587962938450993 ], [ -0.126185930362813, 51.587950097636316 ], [ -0.126183218595319, 51.587928985075905 ], [ -0.126181665685091, 51.587916901432976 ], [ -0.12617900127745, 51.587896041416634 ], [ -0.126177314430833, 51.587883002437472 ], [ -0.126169673847789, 51.587823431489362 ], [ -0.126167891172089, 51.587809563676338 ], [ -0.126165267479453, 51.587789117961158 ], [ -0.126162654519219, 51.587768762341518 ], [ -0.126158858665996, 51.587739260518283 ], [ -0.126156191320231, 51.587718472393341 ], [ -0.126152310371358, 51.587688231831741 ], [ -0.126151599229025, 51.587682708117427 ], [ -0.126149609731354, 51.587667200379272 ], [ -0.126142624853691, 51.587612747597305 ], [ -0.126141783102642, 51.58760618766798 ], [ -0.126139462464404, 51.587588201723818 ], [ -0.126138251081773, 51.587578695367895 ], [ -0.126134031234463, 51.587545814611822 ], [ -0.12613080521132, 51.587520710191171 ], [ -0.126125807638148, 51.587481819065466 ], [ -0.126124985873454, 51.587475475273308 ], [ -0.12612085373239, 51.587443270348913 ], [ -0.126117226640797, 51.587414931241128 ], [ -0.126114021355233, 51.58739002498406 ], [ -0.126112414457281, 51.587377499848103 ], [ -0.126108829186778, 51.58734954808201 ], [ -0.126106500798195, 51.587331400149026 ], [ -0.126097970914533, 51.587265025706358 ], [ -0.126091850083697, 51.587217295067823 ], [ -0.126086719373871, 51.587177430630284 ], [ -0.126038258330961, 51.586798712142439 ], [ -0.126069603556542, 51.586799996913577 ], [ -0.126068197526599, 51.586787151256637 ], [ -0.126169151362853, 51.586784842890935 ], [ -0.126202817311975, 51.586784067655735 ], [ -0.126203615809695, 51.586781499581448 ], [ -0.126210090329348, 51.586760605664381 ], [ -0.126240828868092, 51.58666146946328 ], [ -0.126309283605477, 51.586383365782631 ], [ -0.126315791231756, 51.586360610954671 ], [ -0.126356904945038, 51.586216615316246 ], [ -0.126490560949298, 51.586108084276169 ], [ -0.126570801457624, 51.586043221712075 ], [ -0.126575519163939, 51.586039421303838 ], [ -0.126626419663413, 51.585998275357511 ], [ -0.126651921846014, 51.58597766723544 ], [ -0.126658505600586, 51.585973770723974 ], [ -0.126760501872107, 51.585913405393299 ], [ -0.126801776770474, 51.585883076454216 ], [ -0.126861269888255, 51.585839369858853 ], [ -0.127061367039688, 51.585740329255266 ], [ -0.127093488568939, 51.585724430823831 ], [ -0.127416245162538, 51.585590082899159 ], [ -0.127763187849803, 51.585445661828501 ], [ -0.127842477361681, 51.585412656876571 ], [ -0.127836977159111, 51.58540142749446 ], [ -0.127988072995273, 51.585357338485103 ], [ -0.128071737253592, 51.585344681103876 ], [ -0.128281014583797, 51.585313003281286 ], [ -0.128411347934534, 51.585293275719053 ], [ -0.12842127005833, 51.585311769553179 ], [ -0.128511285719221, 51.58530367341632 ], [ -0.128555548908211, 51.585296843776725 ], [ -0.128565732213787, 51.585294569253982 ], [ -0.128626701474463, 51.585285155450357 ], [ -0.128638550823551, 51.585284139456768 ], [ -0.128695123901745, 51.585273162757368 ], [ -0.128740293898045, 51.58526744908324 ], [ -0.128825855211934, 51.585256039893409 ], [ -0.128847365368918, 51.585254575455281 ], [ -0.128866418695724, 51.585252127627747 ], [ -0.128990882201597, 51.585224707209058 ], [ -0.129073512532682, 51.585210324063901 ], [ -0.129091000101569, 51.585211205408584 ], [ -0.12912523745748, 51.585210546355 ], [ -0.129367263184988, 51.585600171487869 ], [ -0.129389757622954, 51.585597589597029 ], [ -0.129446065982112, 51.585585682095285 ], [ -0.12945489660436, 51.58558295429355 ], [ -0.129494953095524, 51.585574519528855 ], [ -0.12954230406595, 51.585559987269768 ], [ -0.129550743833212, 51.585558341313707 ], [ -0.129597071422744, 51.585544826847276 ], [ -0.129691164854215, 51.58552636359304 ], [ -0.129774810291144, 51.585500796066015 ], [ -0.12977976099569, 51.585507488910359 ], [ -0.129945898949821, 51.585873799784181 ], [ -0.129912143475062, 51.585884160595249 ], [ -0.129864267062464, 51.585898828506757 ], [ -0.129851701632751, 51.585904275469801 ], [ -0.129840270405294, 51.585907762175701 ], [ -0.129752390126307, 51.585943994707272 ], [ -0.129705453157394, 51.58596882997962 ], [ -0.129650345004023, 51.585987006474973 ], [ -0.129636298201207, 51.585993023300681 ], [ -0.12958545929884, 51.586164957403184 ], [ -0.129457203364754, 51.586310199720231 ], [ -0.129425842081338, 51.586306534403676 ], [ -0.129428784728983, 51.586308343833409 ], [ -0.129585358923302, 51.586383318918536 ], [ -0.129596575422298, 51.586386824923117 ], [ -0.129769636324908, 51.58641886295986 ], [ -0.129826291602432, 51.586421033955389 ], [ -0.1299972824352, 51.586402923863488 ], [ -0.130127079764396, 51.586389350163238 ], [ -0.130412093580447, 51.586502030460444 ], [ -0.130515439951003, 51.586514567004194 ], [ -0.130597766081485, 51.586514152172363 ], [ -0.130641945975762, 51.586519577097405 ], [ -0.13070084422796, 51.58652020973161 ], [ -0.130707524803027, 51.586520280196069 ], [ -0.130732893359844, 51.586523651862514 ], [ -0.130775175884542, 51.586524658204723 ], [ -0.130804974663655, 51.586528415169525 ], [ -0.130840201665939, 51.586532861095037 ], [ -0.130924434630314, 51.586535228093801 ], [ -0.130936418929465, 51.586534447821052 ], [ -0.130948445793917, 51.586536500839664 ], [ -0.130981114822968, 51.586542074990319 ], [ -0.130985185921826, 51.586542769310803 ], [ -0.131011838948924, 51.586550019129042 ], [ -0.131067624493944, 51.586560026059374 ], [ -0.13107864415111, 51.586562000074018 ], [ -0.131126603096225, 51.586574890275337 ], [ -0.131152491366213, 51.586581781671832 ], [ -0.13122538584026, 51.586600509423043 ], [ -0.131237008733658, 51.586603261883319 ], [ -0.131267814657275, 51.586610973454619 ], [ -0.13132547144386, 51.586619881515986 ], [ -0.131378402136783, 51.58663350724423 ], [ -0.131410131167047, 51.586637542088368 ], [ -0.131479919134383, 51.586652650213878 ], [ -0.131505101347893, 51.586658104988636 ], [ -0.131513497564424, 51.586661044335735 ], [ -0.131578389352265, 51.586677274919879 ], [ -0.131618454681583, 51.586687471880325 ], [ -0.13168154937638, 51.586703350062855 ], [ -0.131696902039731, 51.586705617826787 ], [ -0.131701895308158, 51.586706353783754 ], [ -0.131757594093776, 51.586719893027812 ], [ -0.131788730636806, 51.586730811030442 ], [ -0.131815954926976, 51.586737512231238 ], [ -0.131828986844373, 51.586739347359213 ], [ -0.131836030958326, 51.586741114123988 ], [ -0.131914159144985, 51.586760711616158 ], [ -0.131934362674556, 51.586765781287575 ], [ -0.131950510832877, 51.58677153276038 ], [ -0.132008847540246, 51.586785518543159 ], [ -0.132111850326989, 51.586798362944172 ], [ -0.132134553282946, 51.586805846372272 ], [ -0.132209781900052, 51.586830685053826 ], [ -0.132220307379079, 51.586834152829525 ], [ -0.132326403603618, 51.586885282083969 ], [ -0.132245465203574, 51.586937399695401 ], [ -0.132211756042123, 51.586930073801135 ], [ -0.132182904356094, 51.586929614506758 ], [ -0.132150835635585, 51.586973121919058 ], [ -0.13213704803126, 51.586991831483395 ], [ -0.132122805670641, 51.587016351906293 ], [ -0.131984609766541, 51.58725418660805 ], [ -0.13198173648629, 51.587259131659081 ], [ -0.132124890719254, 51.587288388006634 ], [ -0.132196283708952, 51.587307509396652 ], [ -0.132164659510842, 51.587415346708802 ], [ -0.132225684461346, 51.587439662512573 ], [ -0.132350949054192, 51.587445442332402 ], [ -0.132377550351841, 51.587448689386264 ], [ -0.132618371863054, 51.587494589010021 ], [ -0.132693637549082, 51.58752665787862 ], [ -0.132701045052217, 51.587530480647558 ], [ -0.132692749293488, 51.587644489479111 ], [ -0.132684290016485, 51.587760725827181 ], [ -0.132732927138591, 51.587944145024807 ], [ -0.132744379005266, 51.587963409201876 ], [ -0.13277480580559, 51.588001886420386 ], [ -0.132907659608041, 51.588116298012295 ], [ -0.132995146743649, 51.58820947584978 ], [ -0.133019809982456, 51.588243402847191 ], [ -0.133013053757794, 51.588247708823062 ], [ -0.132955592111797, 51.588299328212976 ], [ -0.132923189069405, 51.588328442628203 ], [ -0.132808669853502, 51.588431319031251 ], [ -0.132777721222323, 51.588459107687456 ], [ -0.132774574207668, 51.588461926188579 ], [ -0.132648948190413, 51.588574787116364 ], [ -0.132616829909336, 51.5886036362051 ], [ -0.132574984583363, 51.588641223977881 ], [ -0.132480771880666, 51.588725862887998 ], [ -0.13241900767522, 51.588781343217903 ], [ -0.132349554849025, 51.58884372421182 ], [ -0.132255686384994, 51.588928044690903 ], [ -0.132212746071528, 51.588966622053363 ], [ -0.132146589567575, 51.589026051930077 ], [ -0.132068158129248, 51.589096499901743 ], [ -0.132054774163682, 51.589108516520938 ], [ -0.131994094827599, 51.589156172502221 ], [ -0.131957817877455, 51.589184676433177 ], [ -0.131875611766108, 51.589274289978093 ], [ -0.131864323292356, 51.589286600719703 ], [ -0.131832488508623, 51.589336676223184 ], [ -0.131825159658242, 51.589352053476283 ], [ -0.131791031737715, 51.589423548377418 ], [ -0.131748605043056, 51.589490064211084 ], [ -0.131736802529071, 51.589508571526814 ], [ -0.131690257314565, 51.589581523280714 ], [ -0.131660867015888, 51.589627600062222 ], [ -0.131598600783821, 51.589687523207786 ], [ -0.131581016151197, 51.589704454681538 ], [ -0.13155184086205, 51.589725571893517 ], [ -0.131518722684769, 51.58974954884544 ], [ -0.131464845570653, 51.589780910694273 ], [ -0.131459714182446, 51.589783886398521 ], [ -0.131448474176947, 51.589790433728197 ], [ -0.131316120292798, 51.589850697291347 ], [ -0.131244977983096, 51.589883096954388 ], [ -0.131228722723279, 51.589890490603054 ], [ -0.131075725393961, 51.589913780974719 ], [ -0.131046918781194, 51.589918160042522 ], [ -0.130864765804356, 51.589945886586719 ], [ -0.130793903468298, 51.589956672652555 ], [ -0.13075569778487, 51.589962484577171 ], [ -0.130669528453633, 51.589980418475662 ], [ -0.130461240900212, 51.590023734521296 ], [ -0.130449228531406, 51.59002623185058 ], [ -0.1304269945122, 51.590030859372582 ], [ -0.130415885083134, 51.590033164260404 ], [ -0.130350915087028, 51.590046701209516 ], [ -0.130299773504253, 51.590058866824869 ], [ -0.130264289484819, 51.590067302785037 ], [ -0.130060817367669, 51.590115676657746 ], [ -0.13003747695383, 51.590121230677191 ], [ -0.129972835614804, 51.590136602612617 ], [ -0.12983275038142, 51.590169907888104 ], [ -0.129771229084789, 51.590184529117977 ], [ -0.129661962503151, 51.590213676346877 ], [ -0.12959193008045, 51.590232361269607 ], [ -0.129329068293795, 51.59030246599319 ], [ -0.12932346343153, 51.590303959297678 ], [ -0.129315917285925, 51.590305970188396 ], [ -0.12928408290289, 51.590314464040404 ], [ -0.129204823407227, 51.590338118303173 ], [ -0.129193496440897, 51.590341498697164 ], [ -0.129179948171643, 51.590345536088194 ], [ -0.129113554303408, 51.590368415255149 ], [ -0.129105690446728, 51.590371131467606 ], [ -0.12882175831016, 51.590468977910568 ], [ -0.128724622143703, 51.590507665341583 ], [ -0.128624554669662, 51.5905475963513 ], [ -0.128613576164121, 51.59055198040577 ], [ -0.128506419195655, 51.590594747753251 ], [ -0.128457030784805, 51.590614462688841 ], [ -0.128317116314745, 51.590681499448522 ], [ -0.127615291468515, 51.590872523255186 ], [ -0.127564629039314, 51.590719841759785 ], [ -0.127562264405285, 51.590712744972656 ], [ -0.127526506372425, 51.590605236440851 ], [ -0.127519118359945, 51.590583024155819 ], [ -0.12749814832764, 51.590520003321544 ], [ -0.127495809612362, 51.59051297888584 ], [ -0.127478282403799, 51.59046032729983 ], [ -0.127475455676577, 51.590451829310524 ], [ -0.127452154270051, 51.590381784147638 ], [ -0.127437552468345, 51.590337865922322 ], [ -0.127436049573908, 51.590333336733153 ], [ -0.127416787624755, 51.590275477815389 ], [ -0.127415206668495, 51.590270740554345 ], [ -0.127381247428319, 51.590168656132775 ], [ -0.127379460767128, 51.590163304103378 ], [ -0.127344808327741, 51.590059122363968 ], [ -0.127342199569382, 51.590051293289093 ], [ -0.127318018916659, 51.589978590289753 ], [ -0.127309345778161, 51.589952526705829 ], [ -0.127302228423002, 51.589931110057989 ], [ -0.127292514542536, 51.589901918483271 ], [ -0.127283276100046, 51.589874155298865 ], [ -0.127282053314848, 51.589870538812924 ], [ -0.127274732491095, 51.589848453476307 ], [ -0.127273872653458, 51.589845840942203 ], [ -0.127260455677034, 51.589805592525927 ], [ -0.127258740290924, 51.589785161339194 ], [ -0.127257132624231, 51.589765972826051 ], [ -0.127256123154171, 51.589753830431597 ], [ -0.127253321574192, 51.589720489471077 ], [ -0.127248631607705, 51.589664780291614 ], [ -0.127247036158425, 51.589645645927519 ], [ -0.127245610628669, 51.589628699434272 ], [ -0.127245368535983, 51.589625809002385 ], [ -0.127243553590685, 51.58960428814261 ], [ -0.127242481566767, 51.589591384889545 ], [ -0.127241364765408, 51.589578166186925 ], [ -0.127238197210997, 51.589540383421422 ], [ -0.127237636030638, 51.58953366611658 ], [ -0.12723721848019, 51.589528722611661 ], [ -0.127236923822647, 51.58952517939003 ], [ -0.127236461484225, 51.589519745083123 ], [ -0.127232205274556, 51.58946911275283 ], [ -0.127231307051854, 51.589458303011909 ], [ -0.127229025891925, 51.589431266850681 ], [ -0.127227875031629, 51.589417472088897 ], [ -0.127226478387339, 51.589400876760379 ], [ -0.127225360854968, 51.58938767603042 ], [ -0.127223916828407, 51.58937047745313 ], [ -0.127219400041819, 51.589316702606276 ], [ -0.127217966751663, 51.58929959412432 ], [ -0.127216074832141, 51.589277136822368 ], [ -0.12721468447463, 51.589260388722508 ], [ -0.12721396967786, 51.589251789548825 ], [ -0.127212945810513, 51.589239822275495 ], [ -0.127211504008097, 51.589222569778642 ], [ -0.127207382586894, 51.58917357621764 ], [ -0.127206802165197, 51.589166624802182 ], [ -0.127203784586084, 51.589130813767973 ], [ -0.127202404599253, 51.589114164749788 ], [ -0.127201603935469, 51.589104669459097 ], [ -0.127200250617008, 51.589088600877808 ], [ -0.127197234893441, 51.589052744910518 ], [ -0.127196886937461, 51.589048566871931 ], [ -0.127196337238564, 51.589041921689073 ], [ -0.127194998359793, 51.589026028690299 ], [ -0.127194453483677, 51.5890196173874 ], [ -0.127189439068382, 51.588959863624034 ], [ -0.127188988764871, 51.588954487959342 ], [ -0.127188618606296, 51.58895014770264 ], [ -0.127188297677766, 51.588946365762013 ], [ -0.12718715683169, 51.58893267906776 ], [ -0.127183324553813, 51.588887188171917 ], [ -0.127182550173857, 51.588877931599555 ], [ -0.12718064125116, 51.588855186266613 ], [ -0.127179244635575, 51.588838590936554 ], [ -0.12717860388934, 51.588831000095581 ], [ -0.12717806358165, 51.588828059941008 ], [ -0.127175984103431, 51.588804757952104 ], [ -0.127173451152431, 51.588775560485459 ], [ -0.127172287919884, 51.588760978687176 ], [ -0.127171145129969, 51.588747444832535 ], [ -0.127168862367257, 51.588720449107534 ], [ -0.127167082657347, 51.588693717696188 ], [ -0.127165947752207, 51.588680237921778 ], [ -0.127160232501502, 51.588612074042977 ], [ -0.127159854939636, 51.588607562811738 ], [ -0.127157830175606, 51.588583421802646 ], [ -0.127150288602273, 51.588493664936571 ], [ -0.127146457863426, 51.588448138091351 ], [ -0.127145615757251, 51.588438071118844 ], [ -0.127144360570485, 51.588423303507021 ] ] ] } },
{ "type": "Feature", "properties": { "lsoa21cd": "E01002060", "lsoa21nm": "Haringey 028D", "msoa21cd": "E02000424", "msoa21nm": "Haringey 028", "lad22cd": "E09000014", "lad22nm": "Haringey", "index_right": 583, "GSS_CODE": "E05000273", "risk_score": 5.5762385936158045, "allocation_hours": 138.59926687686428, "patrol_units": 69 }, "geometry": { "type": "Polygon", "coordinates": [ [ [ -0.11395730242105, 51.580651255774704 ], [ -0.114198749142445, 51.580638188627397 ], [ -0.114248395020945, 51.580629230305682 ], [ -0.114359689649476, 51.580577955826833 ], [ -0.114408749316467, 51.580518621332679 ], [ -0.11441886724966, 51.580501869261568 ], [ -0.11444717890982, 51.580473413855792 ], [ -0.114446420557703, 51.58047081183642 ], [ -0.114425097430924, 51.580438491793146 ], [ -0.114419257367757, 51.580429639233721 ], [ -0.114391926257831, 51.580393922337038 ], [ -0.114332867669286, 51.580316770562696 ], [ -0.114192856798184, 51.580133842537236 ], [ -0.113875826493603, 51.579719640713584 ], [ -0.113710021681937, 51.57950302506778 ], [ -0.113489341155727, 51.579206986192332 ], [ -0.113325451553876, 51.579263240622829 ], [ -0.112995196036759, 51.579376617189048 ], [ -0.112984376149467, 51.579362208005563 ], [ -0.112925295737705, 51.579283580363793 ], [ -0.112880305024483, 51.579223703911197 ], [ -0.112828612045781, 51.579154897970255 ], [ -0.112798216766825, 51.579114455283658 ], [ -0.112755812092397, 51.579058010556778 ], [ -0.112727304644204, 51.579020080153079 ], [ -0.112543130343607, 51.578774993728878 ], [ -0.112494954201052, 51.578710857368421 ], [ -0.112430992135978, 51.57862573025708 ], [ -0.112209165624055, 51.578330479690202 ], [ -0.112115494088978, 51.578205828808471 ], [ -0.112088082719292, 51.578169336691175 ], [ -0.112044913417367, 51.578111881208834 ], [ -0.112033697448635, 51.57809694398928 ], [ -0.111967780702538, 51.578009222277302 ], [ -0.111960079760512, 51.577998972766053 ], [ -0.111902793963323, 51.57792274746739 ], [ -0.111899388797286, 51.577918196405108 ], [ -0.111869282021747, 51.577878144776641 ], [ -0.111802436522998, 51.577789167047847 ], [ -0.111766851702492, 51.577779628483327 ], [ -0.11174962322704, 51.577775007662268 ], [ -0.111542885443222, 51.577814922633316 ], [ -0.111468220630493, 51.577842936466418 ], [ -0.111384501506038, 51.577894760297923 ], [ -0.111340550105621, 51.577938762783795 ], [ -0.111286552409044, 51.578046189051292 ], [ -0.111275809452283, 51.578067561908455 ], [ -0.111263635530414, 51.578087418965715 ], [ -0.111222438901844, 51.578095756755985 ], [ -0.111195312057711, 51.578103269077928 ], [ -0.111189807612793, 51.578104799043523 ], [ -0.111124930140401, 51.578089905478322 ], [ -0.11096094433398, 51.578067363178093 ], [ -0.110720921233653, 51.578078423186817 ], [ -0.1105135903817, 51.578158702923986 ], [ -0.110494561671279, 51.578197162731541 ], [ -0.110482636651837, 51.578221277152714 ], [ -0.110319153986992, 51.57801461256841 ], [ -0.110289763039087, 51.577992835735643 ], [ -0.110274738512064, 51.577981703712709 ], [ -0.110243622897707, 51.57799595881368 ], [ -0.110236296527284, 51.57799931181458 ], [ -0.110233940501992, 51.57799661207342 ], [ -0.110195888408168, 51.577953293572648 ], [ -0.11019209910507, 51.577948961078981 ], [ -0.110075409832746, 51.577816060099508 ], [ -0.110069560489673, 51.577812332859125 ], [ -0.109945223835452, 51.577672096518924 ], [ -0.109945724986126, 51.577668363736208 ], [ -0.109901693820629, 51.577618195412079 ], [ -0.109846120341075, 51.577554891854945 ], [ -0.109750071401655, 51.577445478851949 ], [ -0.109723134347987, 51.577421619212195 ], [ -0.109627381197727, 51.577313613693406 ], [ -0.109593270887654, 51.577275151516595 ], [ -0.109588238820681, 51.577269468080381 ], [ -0.109592090581478, 51.577267767663514 ], [ -0.10963455056612, 51.577248965613919 ], [ -0.10964704714259, 51.57724343890483 ], [ -0.110064272318786, 51.577084605071093 ], [ -0.110145611210689, 51.577053642276866 ], [ -0.110189911310034, 51.577038484657628 ], [ -0.110292536427009, 51.577003368638117 ], [ -0.110298026450407, 51.577001487777103 ], [ -0.110315183797327, 51.576997717708167 ], [ -0.110341201070765, 51.576987714784472 ], [ -0.110405625307262, 51.576968933743061 ], [ -0.110499252909894, 51.5769416218643 ], [ -0.110642681306696, 51.576899789308328 ], [ -0.110646620070063, 51.576898773686032 ], [ -0.110718188663563, 51.576880323423346 ], [ -0.110741150338941, 51.5768743987107 ], [ -0.110905265152267, 51.57683208086236 ], [ -0.11091283931037, 51.576830404410359 ], [ -0.110942640732703, 51.576823807520427 ], [ -0.111094618940647, 51.576790169414089 ], [ -0.111164590813454, 51.576774022202898 ], [ -0.111360080128441, 51.576728917937153 ], [ -0.111386046350832, 51.576722924597007 ], [ -0.111444779651433, 51.576710507900785 ], [ -0.111476592338638, 51.576703781409741 ], [ -0.111568303213193, 51.576684387142308 ], [ -0.111612360515843, 51.576675070176819 ], [ -0.11166267825311, 51.576664433218902 ], [ -0.111982656375638, 51.57661412094658 ], [ -0.11198224436368, 51.576600373842801 ], [ -0.112064183354323, 51.576595290687195 ], [ -0.112068014601189, 51.576600702890488 ], [ -0.112373464911437, 51.576552682500413 ], [ -0.112389008490306, 51.57655023501691 ], [ -0.112392560825979, 51.576556807241488 ], [ -0.112491030256205, 51.576739100383271 ], [ -0.112616619055613, 51.576971571747748 ], [ -0.112625768295604, 51.576969497895817 ], [ -0.112686503325493, 51.576955790911477 ], [ -0.112704391372579, 51.576958767603557 ], [ -0.113027225591623, 51.576929082170814 ], [ -0.113073666313356, 51.57692110692242 ], [ -0.11293945806628, 51.576484368677022 ], [ -0.11293850510197, 51.576481241950411 ], [ -0.11300828654252, 51.576461997179955 ], [ -0.113141025216283, 51.576440537303014 ], [ -0.113226558178087, 51.576426716561045 ], [ -0.114152497536461, 51.576277061074606 ], [ -0.1143497737907, 51.576239570237796 ], [ -0.11458063019886, 51.576533631146042 ], [ -0.114594745029241, 51.576551069677116 ], [ -0.114648046374552, 51.576616924232496 ], [ -0.114717138338749, 51.576702276517118 ], [ -0.114751946179299, 51.57674525360428 ], [ -0.114765195263385, 51.576761644060497 ], [ -0.114798670365044, 51.576802999046819 ], [ -0.114864789809524, 51.576884688476582 ], [ -0.114873625855624, 51.576895594509416 ], [ -0.114956558688373, 51.576998057000765 ], [ -0.114973214513436, 51.577018620746024 ], [ -0.114995801013087, 51.577046536745307 ], [ -0.115035606504639, 51.577095708955795 ], [ -0.115072199208543, 51.577140908792764 ], [ -0.11509639263806, 51.577170801966624 ], [ -0.11511595600066, 51.577194977039696 ], [ -0.115152975587539, 51.577240746639347 ], [ -0.11518430735256, 51.577279504201968 ], [ -0.115188907075747, 51.577285189433837 ], [ -0.115207112980449, 51.577307711438102 ], [ -0.115212262119257, 51.577314070942315 ], [ -0.115214598715558, 51.577317246868738 ], [ -0.115243930461065, 51.577356907476712 ], [ -0.115288117458681, 51.577416707161113 ], [ -0.115293448406918, 51.577423905881567 ], [ -0.115341271710126, 51.577488610926309 ], [ -0.115351796102146, 51.577502844287288 ], [ -0.115375796736539, 51.577535315131442 ], [ -0.115402995474273, 51.577572117781095 ], [ -0.115406699320666, 51.577577132154694 ], [ -0.115461015231445, 51.577650619218581 ], [ -0.115469269978318, 51.577661803617353 ], [ -0.115482419099805, 51.57767957721542 ], [ -0.115488652228237, 51.577687995414941 ], [ -0.115500091768049, 51.577703484428298 ], [ -0.115556307981059, 51.577779537857467 ], [ -0.115560121670624, 51.577784688877891 ], [ -0.115576687098168, 51.57780710352074 ], [ -0.115587935551195, 51.577822328672539 ], [ -0.115597229654512, 51.577834905610572 ], [ -0.115646639745323, 51.577901744750697 ], [ -0.115684377749823, 51.577952785395091 ], [ -0.115690090744537, 51.577960520790157 ], [ -0.115713558710164, 51.577992272594592 ], [ -0.115724247119651, 51.578006733366031 ], [ -0.115758171375545, 51.578052627465084 ], [ -0.115771744055681, 51.578070983351047 ], [ -0.115786259550295, 51.57809062232171 ], [ -0.115795471681902, 51.578103090015844 ], [ -0.115821373346689, 51.578138118187709 ], [ -0.115829819416876, 51.578149566414211 ], [ -0.115843227993853, 51.578167703835256 ], [ -0.115875266497769, 51.578211040715878 ], [ -0.115902316294877, 51.578247625026506 ], [ -0.115915806637899, 51.578265880654214 ], [ -0.115923310686476, 51.578276027815939 ], [ -0.115954077833894, 51.578317653663404 ], [ -0.115980525830474, 51.578353436948746 ], [ -0.115998902613949, 51.57837830409651 ], [ -0.116023895042812, 51.578412117117757 ], [ -0.116051450314039, 51.578449397434916 ], [ -0.116054142524776, 51.578453051160437 ], [ -0.116067633730827, 51.578471288797971 ], [ -0.116094642421165, 51.578507827437257 ], [ -0.116107025560788, 51.5785245904896 ], [ -0.116135894084746, 51.578563622931561 ], [ -0.116142140760843, 51.578572068288032 ], [ -0.116154605645183, 51.578588949550038 ], [ -0.116169285629238, 51.578608806930283 ], [ -0.11619531024197, 51.57864401683598 ], [ -0.116204222370793, 51.578656066022376 ], [ -0.116234211360752, 51.578696627170821 ], [ -0.11623654846887, 51.578699794090689 ], [ -0.116238625650991, 51.578702615121536 ], [ -0.116292602946699, 51.57877562871591 ], [ -0.116295787503503, 51.578779942297594 ], [ -0.116312654986174, 51.578802748354427 ], [ -0.116317931161659, 51.578809883196769 ], [ -0.116350748485138, 51.57885430254828 ], [ -0.116376459467527, 51.578889075733983 ], [ -0.116410344351663, 51.57893490604669 ], [ -0.116448780824206, 51.578986897352785 ], [ -0.116510330752519, 51.579070166972805 ], [ -0.116528920341757, 51.579095311717616 ], [ -0.116535235193383, 51.579103857063195 ], [ -0.116582816101877, 51.579168224938968 ], [ -0.116607351643072, 51.5792014145024 ], [ -0.11664403817856, 51.579251057578375 ], [ -0.116647687943448, 51.579255990108337 ], [ -0.116684484011285, 51.579305778808944 ], [ -0.116693833806778, 51.579318419493397 ], [ -0.116709252642171, 51.579339268843626 ], [ -0.116728033978485, 51.579364668422194 ], [ -0.116733677805704, 51.579372339703447 ], [ -0.116757011886199, 51.579403873309978 ], [ -0.116761905138247, 51.579410498403156 ], [ -0.116805591368519, 51.579469588007221 ], [ -0.116823469878285, 51.579493786065861 ], [ -0.116841595403984, 51.579518293831924 ], [ -0.116860773258856, 51.579544230309821 ], [ -0.116871078953196, 51.579558190235623 ], [ -0.116935119214245, 51.579644799834668 ], [ -0.116947270389517, 51.579661253321298 ], [ -0.116982611756303, 51.579709062700417 ], [ -0.116994565520019, 51.57972522974935 ], [ -0.117034479740699, 51.579779213922244 ], [ -0.117051265497178, 51.579801919633368 ], [ -0.117067708874142, 51.579824179213851 ], [ -0.117105750821992, 51.579875624401794 ], [ -0.117107662824291, 51.579878253921919 ], [ -0.11715466001507, 51.579941766880133 ], [ -0.117159320060791, 51.579948100452093 ], [ -0.117179277723573, 51.579975083526115 ], [ -0.117219806170897, 51.580029931775179 ], [ -0.117227174353544, 51.580039887822529 ], [ -0.117237863712383, 51.580054348458056 ], [ -0.117372520851851, 51.580236494360591 ], [ -0.117401404086672, 51.580275571659627 ], [ -0.117404057955417, 51.580279599720235 ], [ -0.117017287592637, 51.580343510167722 ], [ -0.116922855655494, 51.580359124175118 ], [ -0.116893905051803, 51.580363677889807 ], [ -0.11686953625908, 51.580367934697399 ], [ -0.116833946589003, 51.580373810665883 ], [ -0.116838300136254, 51.580379527841529 ], [ -0.116861434511496, 51.580409970124407 ], [ -0.116922078184338, 51.58048973586417 ], [ -0.116944373887845, 51.580517772670845 ], [ -0.1169614229788, 51.580541795515558 ], [ -0.117011789746951, 51.58061074910718 ], [ -0.116993423403413, 51.580616164346061 ], [ -0.116960154045187, 51.580625962351846 ], [ -0.116888515322694, 51.580647077079711 ], [ -0.11678908654404, 51.58067636916374 ], [ -0.116758694960634, 51.580685332075689 ], [ -0.116731342859638, 51.58069339060178 ], [ -0.116692491860615, 51.580704834420338 ], [ -0.116652384062823, 51.580716653705842 ], [ -0.116520649288772, 51.580755471191736 ], [ -0.116516704002124, 51.58075663977926 ], [ -0.116495839516069, 51.580762779168523 ], [ -0.116490996742681, 51.580756676438988 ], [ -0.116486936388646, 51.580751548469216 ], [ -0.116432605114663, 51.580683196400052 ], [ -0.116401474969896, 51.580644019816162 ], [ -0.116377204660138, 51.580613478261 ], [ -0.116374398551441, 51.580609957602285 ], [ -0.116359039478663, 51.580590624400848 ], [ -0.116298014857204, 51.580513810756095 ], [ -0.116283307361226, 51.580495301827824 ], [ -0.116267749435399, 51.580475718126515 ], [ -0.116257505364494, 51.580477379009182 ], [ -0.116235331448617, 51.580480979430597 ], [ -0.116223387551139, 51.580482909750799 ], [ -0.116139893401951, 51.580496477730748 ], [ -0.115987057989431, 51.580521314053975 ], [ -0.115859520885196, 51.580542033517226 ], [ -0.115842709363808, 51.580544748852532 ], [ -0.115866000721256, 51.580581155847447 ], [ -0.115882336301195, 51.580606714087835 ], [ -0.115957102636469, 51.580723639232922 ], [ -0.115893432994504, 51.580736662319659 ], [ -0.115908098058105, 51.580756195753253 ], [ -0.115930233599347, 51.580785650988048 ], [ -0.115945789062147, 51.580806340764212 ], [ -0.115949004056381, 51.58081061887232 ], [ -0.115889937031256, 51.580821234002698 ], [ -0.115794298130157, 51.58083842837204 ], [ -0.115509722924874, 51.580889572050033 ], [ -0.115483316066274, 51.58089430928451 ], [ -0.115464586638838, 51.580897677166433 ], [ -0.115472003786231, 51.580907490232867 ], [ -0.115454488958539, 51.580912550229357 ], [ -0.115396352070023, 51.580835737561443 ], [ -0.115263053468921, 51.580661376162574 ], [ -0.115191701571914, 51.580668902395551 ], [ -0.11509705383958, 51.58069389059203 ], [ -0.115031182578546, 51.580711284115985 ], [ -0.114740462772995, 51.580793036336686 ], [ -0.114717345631157, 51.580799543851114 ], [ -0.114607690586187, 51.580830369240978 ], [ -0.114283425542056, 51.580921553542503 ], [ -0.114184210830693, 51.580949453051247 ], [ -0.114152013196006, 51.580907165285971 ], [ -0.11395730242105, 51.580651255774704 ] ] ] } },
{ "type": "Feature", "properties": { "lsoa21cd": "E01002015", "lsoa21nm": "Haringey 020C", "msoa21cd": "E02000416", "msoa21nm": "Haringey 020", "lad22cd": "E09000014", "lad22nm": "Haringey", "index_right": 583, "GSS_CODE": "E05000273", "risk_score": 0.0, "allocation_hours": 0.0, "patrol_units": 0 }, "geometry": { "type": "Polygon", "coordinates": [ [ [ -0.121156428344885, 51.586879456589486 ], [ -0.121156799253009, 51.586870461109662 ], [ -0.121128245577741, 51.586874679929636 ], [ -0.121118950485168, 51.586876050802061 ], [ -0.120774132840431, 51.586926866070229 ], [ -0.120683651113956, 51.586940200378884 ], [ -0.120500683410445, 51.586967160408221 ], [ -0.120384146006816, 51.586984339510032 ], [ -0.120145247285638, 51.587019548260777 ], [ -0.120141890348631, 51.587013442572974 ], [ -0.120122287588945, 51.586977743297773 ], [ -0.12018500282755, 51.586758145895672 ], [ -0.120103755037152, 51.586749901995432 ], [ -0.120030897768198, 51.586738771024173 ], [ -0.119987303561823, 51.586732119523781 ], [ -0.119909350075147, 51.58670910875442 ], [ -0.119873504536287, 51.586698858510729 ], [ -0.119843671712723, 51.586698218594869 ], [ -0.119761175068788, 51.586699954023899 ], [ -0.119702603668816, 51.586701191558255 ], [ -0.119672555188629, 51.586702454537367 ], [ -0.11963315620077, 51.586700833957323 ], [ -0.119625792100834, 51.586700536089346 ], [ -0.119608598150616, 51.586700575266697 ], [ -0.119538276578556, 51.586700761131226 ], [ -0.119482430142219, 51.586702078198556 ], [ -0.119441191789127, 51.586703053862166 ], [ -0.119349436544762, 51.586707023598215 ], [ -0.119326949739026, 51.586707994040765 ], [ -0.119313143886028, 51.586708833853685 ], [ -0.119220371395045, 51.586709819682319 ], [ -0.119207217160574, 51.586708511745556 ], [ -0.119126473892689, 51.586702739180645 ], [ -0.119081589548742, 51.586700418996507 ], [ -0.119072694849216, 51.586700132526452 ], [ -0.118946683968086, 51.58669608008087 ], [ -0.118922333494055, 51.586695338983326 ], [ -0.118735727415603, 51.58669678935938 ], [ -0.11872934084206, 51.586697289449852 ], [ -0.118548492684909, 51.58671136729378 ], [ -0.118507031718445, 51.586714587165964 ], [ -0.11850236626958, 51.586714831582377 ], [ -0.118483836057281, 51.586702309226936 ], [ -0.11846573303598, 51.586690103957835 ], [ -0.118428872972781, 51.586646574015035 ], [ -0.118338528861766, 51.586547854085104 ], [ -0.118323170009036, 51.586531070695109 ], [ -0.118320587086363, 51.586528250611494 ], [ -0.118304786849893, 51.586512368375487 ], [ -0.118253156655121, 51.586455634417106 ], [ -0.118224365517233, 51.586419112755948 ], [ -0.118173990168405, 51.586333047110848 ], [ -0.118141145904847, 51.586261848513381 ], [ -0.118140853317543, 51.586251106858619 ], [ -0.118135104585674, 51.586040420922068 ], [ -0.118140718489369, 51.585990468155146 ], [ -0.118142868288425, 51.585971267852607 ], [ -0.118156886276517, 51.585924039779805 ], [ -0.118165869940635, 51.585905389780685 ], [ -0.118176117846051, 51.585884089318974 ], [ -0.118194475276903, 51.585858314878649 ], [ -0.118206978930916, 51.585840764488594 ], [ -0.118233706430073, 51.58581189608617 ], [ -0.118241127507977, 51.585803993934249 ], [ -0.118397293603608, 51.585814088164895 ], [ -0.118452757346668, 51.585817819222065 ], [ -0.118471729557231, 51.585819103640475 ], [ -0.118473371158058, 51.585812907205074 ], [ -0.118504290096768, 51.58569580453964 ], [ -0.118532880078603, 51.585587558029601 ], [ -0.118533977683303, 51.585583349188937 ], [ -0.118552558733893, 51.585512993634467 ], [ -0.118553547892556, 51.585509313607872 ], [ -0.118555296799464, 51.585502615315725 ], [ -0.118485254513655, 51.585496780099746 ], [ -0.118497165770896, 51.585459310817122 ], [ -0.118505593927974, 51.585432783418966 ], [ -0.118542373234224, 51.585317074119004 ], [ -0.118571305591413, 51.585226049089272 ], [ -0.118583881641594, 51.585186459250771 ], [ -0.118584791896961, 51.585183641231737 ], [ -0.1186382644637, 51.585188383394431 ], [ -0.118642512687204, 51.585172193201622 ], [ -0.11864439700282, 51.585165011487874 ], [ -0.118666038392235, 51.585083104748762 ], [ -0.118674662068368, 51.585050438642746 ], [ -0.118701919596457, 51.584947175002796 ], [ -0.118731313274456, 51.584835870404106 ], [ -0.118849851112911, 51.584862778926023 ], [ -0.118883495063223, 51.584867751601877 ], [ -0.118910036437733, 51.584871693168623 ], [ -0.118941966724555, 51.584873945120734 ], [ -0.118952225582162, 51.584873871292906 ], [ -0.118959436417291, 51.584874378068271 ], [ -0.11899432006067, 51.584879042363447 ], [ -0.119016901309522, 51.584882057144945 ], [ -0.119033706834104, 51.584883018979539 ], [ -0.119042856569252, 51.584883412954177 ], [ -0.119051941638353, 51.584883275338115 ], [ -0.119118945394504, 51.584888216218232 ], [ -0.119145426746278, 51.584890115487958 ], [ -0.119149744261445, 51.584890427495253 ], [ -0.11915827505822, 51.584890429360769 ], [ -0.119177617301014, 51.584890433679526 ], [ -0.119191922839704, 51.58489146332537 ], [ -0.119215728711615, 51.584893310698632 ], [ -0.119237713156319, 51.584896621613531 ], [ -0.119278974645887, 51.584899243364156 ], [ -0.119293369961374, 51.584901245619065 ], [ -0.119303719729074, 51.584901942070445 ], [ -0.119325282917382, 51.584903393776045 ], [ -0.119337936252425, 51.584904235057252 ], [ -0.119366777637838, 51.584904211755862 ], [ -0.119478450589774, 51.584894958957264 ], [ -0.119504230729026, 51.584899859371099 ], [ -0.119526588119075, 51.584904102429434 ], [ -0.119604026044717, 51.58492413769563 ], [ -0.11962017053555, 51.584929576074458 ], [ -0.119655515850608, 51.584915008268766 ], [ -0.119675248640554, 51.584908346381638 ], [ -0.119691556263151, 51.584902834585748 ], [ -0.119719771411079, 51.58489594893021 ], [ -0.119779892018432, 51.584881247569058 ], [ -0.119795449197472, 51.584878880075564 ], [ -0.119828887880624, 51.584873786662023 ], [ -0.119853450661136, 51.584872507677083 ], [ -0.119940244096826, 51.584868008418326 ], [ -0.119969262036409, 51.584866504046964 ], [ -0.120031787817661, 51.584857704159845 ], [ -0.120051265800214, 51.584851793490714 ], [ -0.120117664313657, 51.584831167617487 ], [ -0.12011933827796, 51.584824180342864 ], [ -0.120151110533193, 51.584685922718442 ], [ -0.120098180764784, 51.584661734819974 ], [ -0.120091739982244, 51.584659707243411 ], [ -0.119948802764412, 51.584614720902614 ], [ -0.119872761935697, 51.584589940464134 ], [ -0.119870950868265, 51.584516561989545 ], [ -0.119873232896586, 51.584509881212085 ], [ -0.119881951809767, 51.584484329552936 ], [ -0.119885630133558, 51.584473543624227 ], [ -0.119918443878324, 51.58442586101372 ], [ -0.119922214290327, 51.584422639193221 ], [ -0.119968415385182, 51.584383192332197 ], [ -0.119983863490622, 51.584374717205691 ], [ -0.120015320066173, 51.58435747917504 ], [ -0.1200195430329, 51.58435588324015 ], [ -0.120099041417191, 51.584325953283305 ], [ -0.120116432746258, 51.584321807655947 ], [ -0.120179539212096, 51.584306785239008 ], [ -0.12020408051473, 51.584298320884557 ], [ -0.12021244169626, 51.584295433385783 ], [ -0.120210919741693, 51.584290687976036 ], [ -0.120207188447968, 51.584278965013254 ], [ -0.120202997399102, 51.584230797356078 ], [ -0.120205395497784, 51.584216052221322 ], [ -0.120215040449545, 51.584156497007882 ], [ -0.120221877503299, 51.584144017143643 ], [ -0.120237722349931, 51.584115072575102 ], [ -0.120241734238681, 51.584107745072124 ], [ -0.120290282637364, 51.584056168930118 ], [ -0.120429746708074, 51.583970097489342 ], [ -0.120421680342819, 51.583960589164427 ], [ -0.120418981691492, 51.583957425559603 ], [ -0.120416050049882, 51.583953961472105 ], [ -0.120408324423735, 51.583947740842042 ], [ -0.120327821736192, 51.583917351679297 ], [ -0.120275432541297, 51.583897574313042 ], [ -0.120226426079551, 51.583879074089545 ], [ -0.120069001527197, 51.583813033802642 ], [ -0.120027815455914, 51.583794960040208 ], [ -0.120033544368953, 51.583790447708139 ], [ -0.120162086565068, 51.583689202177773 ], [ -0.120434291200921, 51.58349943440227 ], [ -0.120507606815934, 51.58358262884785 ], [ -0.120513922396093, 51.583589789076704 ], [ -0.120596109981713, 51.583653688438396 ], [ -0.120652977297489, 51.58368370334324 ], [ -0.120657200980965, 51.583685938173083 ], [ -0.120737827564738, 51.583714368753427 ], [ -0.120758843429127, 51.583717879689466 ], [ -0.120808300867106, 51.583726144537025 ], [ -0.120814984316041, 51.583726485384148 ], [ -0.120867069729177, 51.583729127063719 ], [ -0.120896871925254, 51.583730638495396 ], [ -0.121002568798543, 51.58372394129816 ], [ -0.121011196490643, 51.583728764525347 ], [ -0.121024647705652, 51.583734753082553 ], [ -0.12108482999628, 51.583761570101217 ], [ -0.121089500925351, 51.583763110667832 ], [ -0.121131453493301, 51.58377695640025 ], [ -0.121147570182491, 51.583780262919475 ], [ -0.121161396694659, 51.583783101126436 ], [ -0.121181220134876, 51.583787177400531 ], [ -0.121233040268802, 51.5837924044909 ], [ -0.121240401719115, 51.583792405465495 ], [ -0.121256264176833, 51.583792425660377 ], [ -0.121277168494616, 51.583794792678425 ], [ -0.121296664373254, 51.583797011246574 ], [ -0.121327471869872, 51.583802149128353 ], [ -0.121385289386809, 51.583805102674241 ], [ -0.121409994170215, 51.583806316540596 ], [ -0.121433006675491, 51.583809715445604 ], [ -0.12143940646189, 51.583809934813836 ], [ -0.121451222927221, 51.583810411763487 ], [ -0.121499273087689, 51.583815353565122 ], [ -0.121506589001175, 51.583816109158434 ], [ -0.121533720208103, 51.583815887087347 ], [ -0.121564109412906, 51.583818217066842 ], [ -0.12156990815429, 51.583818660608607 ], [ -0.121584860870607, 51.583819740790226 ], [ -0.121713406939904, 51.583825485598069 ], [ -0.121719194077679, 51.583825160093554 ], [ -0.121729733040949, 51.583825463692847 ], [ -0.121742881348667, 51.583826897147034 ], [ -0.121765139786664, 51.583829330717556 ], [ -0.121772913596467, 51.583830183548685 ], [ -0.121777360115194, 51.583830515509369 ], [ -0.121876511895884, 51.583841661648407 ], [ -0.121896969585776, 51.583841908184631 ], [ -0.121948098831558, 51.583842537758429 ], [ -0.121971958699278, 51.583840087054838 ], [ -0.122011053458833, 51.583836072718235 ], [ -0.122090851870438, 51.583820875807085 ], [ -0.122101399828797, 51.583818859468799 ], [ -0.122178378704865, 51.583795722012681 ], [ -0.122336521807016, 51.583733341032897 ], [ -0.122369536007906, 51.583713299167897 ], [ -0.122399855452619, 51.583694900251629 ], [ -0.122371051123875, 51.583676526370056 ], [ -0.122355763165556, 51.58366676772021 ], [ -0.122293667155331, 51.583627178444637 ], [ -0.122291466949077, 51.583624526434761 ], [ -0.12228570059924, 51.583619794055558 ], [ -0.122247694719026, 51.583588629520953 ], [ -0.122256979293421, 51.583591700652363 ], [ -0.122273283426756, 51.583597114246679 ], [ -0.122330817913559, 51.583602027643387 ], [ -0.122373177278472, 51.583605655043918 ], [ -0.122382857348742, 51.583606484385683 ], [ -0.122402735669723, 51.583608178336441 ], [ -0.12245322221065, 51.583608986245686 ], [ -0.122532558208182, 51.583610255773522 ], [ -0.122561407663237, 51.583610717406735 ], [ -0.122615471544031, 51.583611582488288 ], [ -0.122659495816038, 51.58361228690665 ], [ -0.122717079335664, 51.583613208257276 ], [ -0.122792203330695, 51.583614410217379 ], [ -0.122863956818971, 51.583624550640948 ], [ -0.122901017976391, 51.583626798175459 ], [ -0.12291435085101, 51.583627604980578 ], [ -0.122929080334441, 51.583628497074464 ], [ -0.123218514954461, 51.583646040286837 ], [ -0.123468700096915, 51.583661201526709 ], [ -0.123471667402513, 51.583649432923998 ], [ -0.123470619649607, 51.583645783222629 ], [ -0.12347444383991, 51.58363844361044 ], [ -0.123478010001215, 51.583624400506658 ], [ -0.123491644697061, 51.58357055604835 ], [ -0.12353627265712, 51.583394298651683 ], [ -0.123554870772766, 51.58332086710557 ], [ -0.123556280416576, 51.583315727991383 ], [ -0.123571885248789, 51.583258201152461 ], [ -0.123572552408569, 51.583241998459407 ], [ -0.123577806039257, 51.583114407866105 ], [ -0.123584836476137, 51.582943664004404 ], [ -0.123590494818558, 51.582806242150866 ], [ -0.123591496827539, 51.582781906656123 ], [ -0.123598645167051, 51.582608296082704 ], [ -0.123606079454656, 51.582427738922895 ], [ -0.123606307236994, 51.582413372650514 ], [ -0.123657921750024, 51.582406455587559 ], [ -0.124085734224495, 51.582349126307314 ], [ -0.124179973037124, 51.582336496871015 ], [ -0.124252157803161, 51.582511456738615 ], [ -0.124310265616049, 51.582502413071296 ], [ -0.124315699506779, 51.582521186224994 ], [ -0.124326822500349, 51.582559545930806 ], [ -0.124333166246337, 51.582581462997062 ], [ -0.1243315046165, 51.582606403937255 ], [ -0.124330694421293, 51.582618373408529 ], [ -0.124330368937682, 51.58262312520479 ], [ -0.124329570762038, 51.582635153319067 ], [ -0.124327605281067, 51.58266432034344 ], [ -0.124325614645572, 51.582694098451306 ], [ -0.124324644478683, 51.58270820106894 ], [ -0.124324218018646, 51.582714704776222 ], [ -0.124321340798825, 51.582757606661772 ], [ -0.124321030477166, 51.582762340715433 ], [ -0.124320408354885, 51.582771494063785 ], [ -0.124318022686134, 51.582807012023387 ], [ -0.124316849823244, 51.582824461083284 ], [ -0.12431652914428, 51.582829271407014 ], [ -0.124315262517437, 51.582848121788111 ], [ -0.124312287446912, 51.582892348492727 ], [ -0.124311987109894, 51.58289683991007 ], [ -0.124311303953715, 51.582907125329584 ], [ -0.124311055399093, 51.582910709338556 ], [ -0.124309819281409, 51.582929169036042 ], [ -0.124307979527695, 51.58295668346021 ], [ -0.124304889224521, 51.583002657350733 ], [ -0.12430251166511, 51.583037977604725 ], [ -0.124295471799973, 51.583142734862399 ], [ -0.124286562523328, 51.58327537475607 ], [ -0.124275942077505, 51.583336668275585 ], [ -0.124266457847006, 51.583391397494324 ], [ -0.124265732864536, 51.583404802619548 ], [ -0.124265477825646, 51.583409596007201 ], [ -0.12426042401346, 51.583503796413133 ], [ -0.124247164250431, 51.583750363858393 ], [ -0.124304470200831, 51.583757682607178 ], [ -0.124412391273448, 51.583771457699768 ], [ -0.124497567833321, 51.583782333261162 ], [ -0.124508357212194, 51.583783566834541 ], [ -0.124522854504713, 51.583785192396718 ], [ -0.124617132795469, 51.583795871646181 ], [ -0.12463644243357, 51.583798059705416 ], [ -0.124741323756733, 51.583809942460036 ], [ -0.124789397232661, 51.583815377871254 ], [ -0.1248215775402, 51.583820838023634 ], [ -0.124865956824689, 51.583828354562499 ], [ -0.124879903789209, 51.583830726650071 ], [ -0.124918391101314, 51.583837258754762 ], [ -0.125098037288028, 51.583856279991771 ], [ -0.125106905618668, 51.583857896463414 ], [ -0.125169670427321, 51.583869366594598 ], [ -0.125172150489181, 51.583875395182652 ], [ -0.125186766777806, 51.583910968989635 ], [ -0.125192172250639, 51.583924130357637 ], [ -0.125195137605288, 51.583931344708034 ], [ -0.125198378154322, 51.583939237887975 ], [ -0.125177352007036, 51.583956140402151 ], [ -0.125174657370293, 51.583958309482398 ], [ -0.125154788322708, 51.583974277284199 ], [ -0.125131201762989, 51.583993243105382 ], [ -0.125113687816017, 51.584020731867206 ], [ -0.125112007173824, 51.584023339793426 ], [ -0.125100805972243, 51.584040884883095 ], [ -0.125093584456947, 51.584052216849543 ], [ -0.12507767565863, 51.584077177405305 ], [ -0.125075808603003, 51.584080106079618 ], [ -0.125038929766749, 51.584137967552316 ], [ -0.12503647610587, 51.584141822064687 ], [ -0.125019873383558, 51.584167859607319 ], [ -0.125014503727167, 51.584176280637266 ], [ -0.125001586563902, 51.584189221148193 ], [ -0.124935543734455, 51.584255303215556 ], [ -0.124928106835162, 51.584262746999464 ], [ -0.124916650965069, 51.584274200125712 ], [ -0.124842902240117, 51.584326895155407 ], [ -0.124832670937414, 51.58433419535659 ], [ -0.124811627258596, 51.584349236091008 ], [ -0.124774813042283, 51.584370085668624 ], [ -0.124757787570263, 51.584379732208951 ], [ -0.124661901307563, 51.584434051641026 ], [ -0.124634471506403, 51.584449588267745 ], [ -0.12449639270682, 51.584512329008334 ], [ -0.124488994154732, 51.584515681821458 ], [ -0.124478904041472, 51.584520250549758 ], [ -0.124406473763415, 51.584543345314309 ], [ -0.124372861947471, 51.584554066526721 ], [ -0.124355632159352, 51.584559555239615 ], [ -0.124214749278509, 51.58460448627627 ], [ -0.124208664487147, 51.58460643027869 ], [ -0.124186651822796, 51.584613443153941 ], [ -0.12413061777423, 51.584631305506313 ], [ -0.123332163689764, 51.584619553287297 ], [ -0.123323364040333, 51.584619421531116 ], [ -0.123242522002918, 51.584618227364878 ], [ -0.123153249927917, 51.584613184420391 ], [ -0.123100311925724, 51.584610188406266 ], [ -0.122998964293397, 51.584772858823158 ], [ -0.122928273463413, 51.584866535103565 ], [ -0.122810039990046, 51.585076064528614 ], [ -0.122801059243034, 51.585090488578793 ], [ -0.122798385991732, 51.585094762174698 ], [ -0.122771537666521, 51.585137855974331 ], [ -0.122745800836513, 51.58517919604266 ], [ -0.122964651219926, 51.585188173780836 ], [ -0.123003807012322, 51.585182703317479 ], [ -0.123052515664727, 51.585175901909082 ], [ -0.123129781922336, 51.585165106052777 ], [ -0.123348915984092, 51.585160185316283 ], [ -0.123486447602534, 51.5851570884601 ], [ -0.123531626678658, 51.585156075481507 ], [ -0.123546932944726, 51.585156293297203 ], [ -0.123605590322078, 51.585157123476478 ], [ -0.123792671001365, 51.58515976449641 ], [ -0.123851890604394, 51.585160612535383 ], [ -0.124489000303399, 51.585169620387987 ], [ -0.124509933161092, 51.585169910033471 ], [ -0.124588657930806, 51.585171015528672 ], [ -0.124593764832394, 51.585171088165055 ], [ -0.124604268647566, 51.585178566902414 ], [ -0.124629047020669, 51.585196426252296 ], [ -0.124646405353516, 51.585227979369527 ], [ -0.124652315689702, 51.58523904460089 ], [ -0.124647303439077, 51.585311731222426 ], [ -0.124626383605015, 51.585616617861774 ], [ -0.12462599636158, 51.585622168992984 ], [ -0.12462463601786, 51.585642245327193 ], [ -0.124623554546486, 51.585658000760702 ], [ -0.124621904597891, 51.585681957194872 ], [ -0.124620790946226, 51.58569814375047 ], [ -0.124640608582782, 51.585809364127236 ], [ -0.124647925414102, 51.585850441586643 ], [ -0.124707350102345, 51.586184102228657 ], [ -0.12471382293723, 51.586220436175019 ], [ -0.124724504485757, 51.586280424525775 ], [ -0.124727233598842, 51.58629583620349 ], [ -0.124730268035629, 51.586314211269716 ], [ -0.124638278230321, 51.586339484455692 ], [ -0.124621739108206, 51.586341854880857 ], [ -0.124527122381672, 51.58635540482819 ], [ -0.124298207139555, 51.586360926763568 ], [ -0.124294809904326, 51.586362625976918 ], [ -0.124259703091339, 51.586380175483995 ], [ -0.124204655191, 51.586407693514829 ], [ -0.124052554995647, 51.586430773259629 ], [ -0.123956393637395, 51.586445368148695 ], [ -0.123926101270341, 51.586448004159486 ], [ -0.123883365258883, 51.586425761471695 ], [ -0.123814001782962, 51.586380252215363 ], [ -0.123754455863483, 51.586330498118819 ], [ -0.123723964271356, 51.586305020563138 ], [ -0.123708769242244, 51.586287368232433 ], [ -0.123705947836391, 51.586281918664788 ], [ -0.123689389287342, 51.586250054475926 ], [ -0.123679772186275, 51.586231556129299 ], [ -0.123673767489971, 51.586207711101828 ], [ -0.123677944767979, 51.586198461749021 ], [ -0.123781138492711, 51.58596959106935 ], [ -0.123765168482104, 51.585962699281161 ], [ -0.123065934469179, 51.585661060270404 ], [ -0.122950322984377, 51.585747678284214 ], [ -0.122925130352782, 51.585768794130502 ], [ -0.122844798816719, 51.58583610318383 ], [ -0.12281156778819, 51.585867683479982 ], [ -0.122711505275662, 51.585992057443079 ], [ -0.122706392496121, 51.585998432201571 ], [ -0.122703030830898, 51.586002595863306 ], [ -0.122643252130672, 51.585980255388002 ], [ -0.122306999370778, 51.585854600924556 ], [ -0.122243681342406, 51.585830935670991 ], [ -0.122223243800481, 51.585862405812236 ], [ -0.122194647282547, 51.585902710821003 ], [ -0.122156090528764, 51.585957028478248 ], [ -0.122134467441564, 51.585987490461967 ], [ -0.122115970070016, 51.586013560209643 ], [ -0.122068658350565, 51.586131799768815 ], [ -0.122024355060963, 51.586242533820261 ], [ -0.122019431967934, 51.586254810617241 ], [ -0.121998342711979, 51.586341663639978 ], [ -0.121984640549668, 51.586398132583717 ], [ -0.1219792847184, 51.586443674433696 ], [ -0.12196243708539, 51.586586618161874 ], [ -0.121957957741476, 51.586600035104304 ], [ -0.121939355569099, 51.586655607297715 ], [ -0.121935092264577, 51.586668335280301 ], [ -0.121909721032446, 51.586744193942671 ], [ -0.121908439153059, 51.586747977220377 ], [ -0.121901788901877, 51.58676783395827 ], [ -0.121878443420335, 51.586837619180955 ], [ -0.121865092173172, 51.586877511688598 ], [ -0.121861303282065, 51.586885733063866 ], [ -0.121839709311265, 51.586932633611234 ], [ -0.121801040780306, 51.587016597384782 ], [ -0.121816823787605, 51.587021723930228 ], [ -0.121802056605096, 51.58706584718152 ], [ -0.121797808018105, 51.587078566401509 ], [ -0.121771186297138, 51.587081440463038 ], [ -0.121725308568811, 51.58708639824674 ], [ -0.121641663092934, 51.587100580110786 ], [ -0.12159976746627, 51.587107687838369 ], [ -0.121579924715778, 51.587111048066234 ], [ -0.121523027412919, 51.587122438783815 ], [ -0.121480554625143, 51.587130940046869 ], [ -0.121455999314848, 51.587135861424677 ], [ -0.121288829318308, 51.58716933434372 ], [ -0.121236032659509, 51.587176565940169 ], [ -0.121220783386876, 51.587137418723032 ], [ -0.121190210653749, 51.587058964827385 ], [ -0.121196229485199, 51.58703902608039 ], [ -0.12117022834713, 51.586934774171269 ], [ -0.121164703757882, 51.586912618289567 ], [ -0.121156428344885, 51.586879456589486 ] ] ] } },
{ "type": "Feature", "properties": { "lsoa21cd": "E01002013", "lsoa21nm": "Haringey 022A", "msoa21cd": "E02000418", "msoa21nm": "Haringey 022", "lad22cd": "E09000014", "lad22nm": "Haringey", "index_right": 583, "GSS_CODE": "E05000273", "risk_score": 4.6855613271551277, "allocation_hours": 116.46118686417022, "patrol_units": 58 }, "geometry": { "type": "Polygon", "coordinates": [ [ [ -0.126697166990021, 51.589746701436738 ], [ -0.126693616603236, 51.589731933147434 ], [ -0.126500506674276, 51.58974556669606 ], [ -0.126422454929695, 51.589751073671572 ], [ -0.126392824314635, 51.589767407353008 ], [ -0.126367979902385, 51.589781092753057 ], [ -0.126304103006158, 51.589790670265593 ], [ -0.126282821309147, 51.589797232092366 ], [ -0.126265236489818, 51.589802535563514 ], [ -0.126240882779885, 51.589802884017715 ], [ -0.126234964904776, 51.58980356285786 ], [ -0.126187504636351, 51.589809036657698 ], [ -0.126166425178278, 51.58981331312161 ], [ -0.126101804047495, 51.589826417156388 ], [ -0.126090194153939, 51.589828776588504 ], [ -0.126049512815379, 51.589837029349539 ], [ -0.12600977788469, 51.589845085890445 ], [ -0.125972648608091, 51.589852617513358 ], [ -0.12596293875997, 51.589854584636939 ], [ -0.125941058399354, 51.589859028116514 ], [ -0.125900515540969, 51.589867247068007 ], [ -0.12584695800437, 51.589878108716974 ], [ -0.12582076859565, 51.589886934593544 ], [ -0.125808998358676, 51.589890910072604 ], [ -0.125784677993566, 51.589895008804895 ], [ -0.125777478331332, 51.589895262487914 ], [ -0.125747162658236, 51.589896306936943 ], [ -0.125730907146009, 51.589898771972052 ], [ -0.125700851238008, 51.589903327603459 ], [ -0.125690406809843, 51.589904622026793 ], [ -0.125665615366696, 51.589906766349607 ], [ -0.125659832856488, 51.589907312436843 ], [ -0.125639803433789, 51.589908871883765 ], [ -0.125627675375844, 51.589908911939766 ], [ -0.125608577182375, 51.589909065455132 ], [ -0.125594742169759, 51.589910067405036 ], [ -0.125560343790801, 51.589914202922976 ], [ -0.125542527951024, 51.589916346254647 ], [ -0.125519990282645, 51.589916764037888 ], [ -0.12550640087198, 51.589916884147527 ], [ -0.125497408587167, 51.589916848393791 ], [ -0.12545575649069, 51.589919743940705 ], [ -0.12544473856193, 51.589920521107672 ], [ -0.125414320790214, 51.589922642930148 ], [ -0.125363605385868, 51.589926175980473 ], [ -0.125332695619534, 51.589928325890668 ], [ -0.125245829096658, 51.589934383659575 ], [ -0.125231640984657, 51.58993537093226 ], [ -0.125212544831915, 51.589936702423088 ], [ -0.125187918069642, 51.589938422136235 ], [ -0.125153676440115, 51.589939448661397 ], [ -0.125085366297981, 51.58994150444807 ], [ -0.125043362349785, 51.589942775589932 ], [ -0.124992787447998, 51.589944296422502 ], [ -0.124943412180811, 51.589945782450094 ], [ -0.124898084161352, 51.589947144296659 ], [ -0.124886145124054, 51.589947502031571 ], [ -0.124811807551109, 51.589949740096586 ], [ -0.124797656785039, 51.589950170383446 ], [ -0.124755583097294, 51.589952083265842 ], [ -0.124652569254277, 51.589956744976696 ], [ -0.124633123691875, 51.589957621167251 ], [ -0.12459515772525, 51.589959343364342 ], [ -0.124521749722254, 51.589962670698185 ], [ -0.124483270304612, 51.589964416125191 ], [ -0.124414381923484, 51.589967541368658 ], [ -0.124391370915517, 51.589968585334205 ], [ -0.124362791557502, 51.589969881992118 ], [ -0.124334834397239, 51.589971143627501 ], [ -0.124276981711213, 51.58997376178425 ], [ -0.124219128649373, 51.58997638889884 ], [ -0.124193528589017, 51.589977553297558 ], [ -0.124181856988313, 51.589978077099971 ], [ -0.124174177154823, 51.589978421924442 ], [ -0.124132060326014, 51.589980329397221 ], [ -0.124106951880633, 51.589981474659673 ], [ -0.12409282144376, 51.589982112012201 ], [ -0.124060033531649, 51.589983593096697 ], [ -0.124045570168751, 51.589984252097807 ], [ -0.124003829165563, 51.589986147548629 ], [ -0.123945441176906, 51.589988792952539 ], [ -0.123921331128161, 51.589989882199689 ], [ -0.123864780136808, 51.589992440034976 ], [ -0.123839440481892, 51.589993590535478 ], [ -0.123833079038386, 51.589993120123914 ], [ -0.123828660757653, 51.589993139397727 ], [ -0.123811705640795, 51.589993308904482 ], [ -0.123769585802252, 51.589996690956227 ], [ -0.123676813683134, 51.589999964392042 ], [ -0.123645904561114, 51.590001043769675 ], [ -0.123578217586194, 51.590003387409297 ], [ -0.123544012132791, 51.590004584899042 ], [ -0.123515011405655, 51.590005595846335 ], [ -0.123439098211417, 51.5900082304859 ], [ -0.123409345439485, 51.590009274341085 ], [ -0.123358746008323, 51.590011036872063 ], [ -0.123335788419553, 51.590011834193298 ], [ -0.123273276738377, 51.590014004150028 ], [ -0.12326477605045, 51.590014299815522 ], [ -0.123247326335031, 51.590014910950536 ], [ -0.123138696928676, 51.590018685678594 ], [ -0.123129010655654, 51.590019025316117 ], [ -0.123062378638487, 51.590021340571489 ], [ -0.123041979235308, 51.590021014239838 ], [ -0.12301704983788, 51.590020615436522 ], [ -0.122961391497758, 51.590019725033642 ], [ -0.122937457546774, 51.59001934213844 ], [ -0.122961490208856, 51.590010671243377 ], [ -0.122919359601352, 51.589929865757583 ], [ -0.122916937927994, 51.589925222894642 ], [ -0.122908381848055, 51.589892173744985 ], [ -0.122909313106501, 51.589887089939936 ], [ -0.122916949627179, 51.589845748050287 ], [ -0.122923167231498, 51.589833240144358 ], [ -0.122930852761493, 51.589817689306045 ], [ -0.122933560631221, 51.589815034900106 ], [ -0.122977172087459, 51.589772290199242 ], [ -0.123003485369588, 51.589756614712954 ], [ -0.12302170327105, 51.589745764541128 ], [ -0.123026868485715, 51.589742681838061 ], [ -0.123115901920606, 51.589710654288837 ], [ -0.123127691902394, 51.589707956319842 ], [ -0.123137937513774, 51.589704550221164 ], [ -0.123159819622488, 51.589697265686787 ], [ -0.12317135365222, 51.589693421581401 ], [ -0.123195619435094, 51.589687497055969 ], [ -0.123281292788051, 51.589666593215114 ], [ -0.123277653750617, 51.589660312251368 ], [ -0.123267099491627, 51.589642824026775 ], [ -0.1232600455685, 51.589631128956228 ], [ -0.123250919003808, 51.589607018165928 ], [ -0.123245920617463, 51.589585023679533 ], [ -0.123236389891333, 51.589543038478467 ], [ -0.123236799537487, 51.58953764957711 ], [ -0.123238914011525, 51.589509622542792 ], [ -0.123250124204195, 51.589483323665128 ], [ -0.123361063541205, 51.589335464211544 ], [ -0.123384091823013, 51.589326983990205 ], [ -0.123202303618691, 51.589311450913335 ], [ -0.1231300685135, 51.589300520665503 ], [ -0.122919616995909, 51.589281678037104 ], [ -0.122913445229322, 51.589286767927824 ], [ -0.122920406836175, 51.589268813522715 ], [ -0.122919740779454, 51.589264482007465 ], [ -0.122934113782024, 51.589228692796993 ], [ -0.122938645950761, 51.589217147091858 ], [ -0.122963266704534, 51.589154594008939 ], [ -0.122965249960948, 51.589149554009886 ], [ -0.122973522959033, 51.589128500209668 ], [ -0.12297626311177, 51.589121556932824 ], [ -0.122993774622173, 51.589077036821536 ], [ -0.1230112864679, 51.58903250772029 ], [ -0.123027475006798, 51.58899136557541 ], [ -0.123029926961921, 51.588985110103401 ], [ -0.123042940288393, 51.58895201034273 ], [ -0.123060451665965, 51.588907490218254 ], [ -0.123076931995575, 51.588865570392677 ], [ -0.123077963378846, 51.588862961103786 ], [ -0.12308334817574, 51.588849288834922 ], [ -0.123100829139379, 51.588804804186879 ], [ -0.123104907309479, 51.58879446518938 ], [ -0.123118371845571, 51.588760221606954 ], [ -0.123135869016728, 51.588715692250254 ], [ -0.123145010457643, 51.58869247616186 ], [ -0.12315202551221, 51.588674621513029 ], [ -0.123153410912656, 51.588671127636346 ], [ -0.123169568486418, 51.588630029936432 ], [ -0.123182870892593, 51.588596215388669 ], [ -0.12318735447178, 51.588584794789554 ], [ -0.123173730134421, 51.58858472073301 ], [ -0.123180970822746, 51.588578910547774 ], [ -0.123196973417117, 51.588561199660539 ], [ -0.12319901572632, 51.588558930268427 ], [ -0.123238130210176, 51.588558386917057 ], [ -0.123254388160366, 51.58853517674271 ], [ -0.123270246581325, 51.588512553675464 ], [ -0.123308283423089, 51.588458263326679 ], [ -0.123326565489307, 51.588432171972002 ], [ -0.123336903196682, 51.588417409896032 ], [ -0.123357623350466, 51.588387850487173 ], [ -0.123371810387047, 51.588367601650084 ], [ -0.12337763841733, 51.588359286948659 ], [ -0.123417715085176, 51.58830207967349 ], [ -0.123437515155857, 51.588273827420636 ], [ -0.123456329506263, 51.588241467845712 ], [ -0.123465636239321, 51.588225448314262 ], [ -0.123478951007572, 51.588202541740074 ], [ -0.1234934469035, 51.588177594789201 ], [ -0.123499661486311, 51.58816690327113 ], [ -0.123515745127064, 51.588134949634274 ], [ -0.123521530260192, 51.588123468905721 ], [ -0.12353110444764, 51.588104459168683 ], [ -0.123541544569101, 51.588067577346088 ], [ -0.123552270626567, 51.588029710928481 ], [ -0.123557711888946, 51.588010455243122 ], [ -0.123565515498082, 51.58798291035211 ], [ -0.123577357951911, 51.587941069149146 ], [ -0.123581784485608, 51.587925421181609 ], [ -0.123584860068512, 51.587894905114382 ], [ -0.123590401877947, 51.587839906144048 ], [ -0.12359308971926, 51.587813196663639 ], [ -0.123597594484058, 51.587768306578511 ], [ -0.123604930975289, 51.587695666191436 ], [ -0.123606202558271, 51.587683016199364 ], [ -0.123606757664683, 51.587669536438334 ], [ -0.12360879305119, 51.587620110647585 ], [ -0.123609681218042, 51.58759854302965 ], [ -0.123612123671228, 51.587539232079827 ], [ -0.123607612758313, 51.587521175087851 ], [ -0.1235947768712, 51.587469712982816 ], [ -0.123587342173444, 51.587439928069827 ], [ -0.123573203640746, 51.58740292293507 ], [ -0.123567548603887, 51.587388111894221 ], [ -0.123543844756257, 51.58732608972138 ], [ -0.123514399837493, 51.587334422392061 ], [ -0.123500890082467, 51.587338234934123 ], [ -0.123432551912624, 51.587357536783358 ], [ -0.123423133775046, 51.587463892444433 ], [ -0.123406543555971, 51.587527428361753 ], [ -0.123368980525443, 51.587589864473664 ], [ -0.123345051846268, 51.587621278963205 ], [ -0.122852605387003, 51.587695772048157 ], [ -0.122843395991591, 51.587697162413015 ], [ -0.122600998342226, 51.587848079677919 ], [ -0.122582618937257, 51.587858135869737 ], [ -0.122506885521856, 51.587894503370663 ], [ -0.122474265257562, 51.587910167749563 ], [ -0.122434578447908, 51.587924963674197 ], [ -0.122428787572657, 51.587927119112514 ], [ -0.122376595056773, 51.587928185790986 ], [ -0.122244593317196, 51.587915116037003 ], [ -0.122229224437426, 51.587913593147817 ], [ -0.122217916378225, 51.587918268081111 ], [ -0.122165046638848, 51.58794014578794 ], [ -0.122144523474603, 51.587947748638342 ], [ -0.122072651105721, 51.587974308467125 ], [ -0.122043997596175, 51.587983737022036 ], [ -0.121920888789726, 51.588019507720475 ], [ -0.121912663182124, 51.588021893933799 ], [ -0.12187150663979, 51.588027511852971 ], [ -0.121800161337363, 51.58803427413477 ], [ -0.121746771825941, 51.588039336489537 ], [ -0.121732214097712, 51.58803809629309 ], [ -0.121688326378708, 51.588034327296391 ], [ -0.121632576926284, 51.588026951265014 ], [ -0.121614845529525, 51.588024608132194 ], [ -0.121529966281663, 51.588008447704915 ], [ -0.121505445161369, 51.588003774722097 ], [ -0.121451586776902, 51.587989747509212 ], [ -0.121436964215435, 51.587984828336126 ], [ -0.121346509101966, 51.58795440643879 ], [ -0.121337667222386, 51.587951432251181 ], [ -0.121100718400404, 51.5876343329466 ], [ -0.121111246676177, 51.587555098423181 ], [ -0.121114197109079, 51.587553212298857 ], [ -0.121174138583483, 51.587500217610064 ], [ -0.121190787748992, 51.587446529658258 ], [ -0.121184632500368, 51.587407808624022 ], [ -0.121179326158683, 51.587374406714311 ], [ -0.121173780634308, 51.587359759175143 ], [ -0.121122881422013, 51.587225325645356 ], [ -0.121114237189232, 51.58720250832053 ], [ -0.121134482158227, 51.587198147460668 ], [ -0.121216802512308, 51.587180401723636 ], [ -0.121230755478234, 51.58717739686756 ], [ -0.121236032659509, 51.587176565940169 ], [ -0.121288829318308, 51.58716933434372 ], [ -0.121455999314848, 51.587135861424677 ], [ -0.121480554625143, 51.587130940046869 ], [ -0.121523027412919, 51.587122438783815 ], [ -0.121579924715778, 51.587111048066234 ], [ -0.12159976746627, 51.587107687838369 ], [ -0.121641663092934, 51.587100580110786 ], [ -0.121725308568811, 51.58708639824674 ], [ -0.121771186297138, 51.587081440463038 ], [ -0.121797808018105, 51.587078566401509 ], [ -0.121802056605096, 51.58706584718152 ], [ -0.121816823787605, 51.587021723930228 ], [ -0.121801040780306, 51.587016597384782 ], [ -0.121839709311265, 51.586932633611234 ], [ -0.121861303282065, 51.586885733063866 ], [ -0.121865092173172, 51.586877511688598 ], [ -0.121878443420335, 51.586837619180955 ], [ -0.121901788901877, 51.58676783395827 ], [ -0.121908439153059, 51.586747977220377 ], [ -0.121909721032446, 51.586744193942671 ], [ -0.121935092264577, 51.586668335280301 ], [ -0.121939355569099, 51.586655607297715 ], [ -0.121957957741476, 51.586600035104304 ], [ -0.12196243708539, 51.586586618161874 ], [ -0.1219792847184, 51.586443674433696 ], [ -0.121984640549668, 51.586398132583717 ], [ -0.121998342711979, 51.586341663639978 ], [ -0.122019431967934, 51.586254810617241 ], [ -0.122024355060963, 51.586242533820261 ], [ -0.122068658350565, 51.586131799768815 ], [ -0.122115970070016, 51.586013560209643 ], [ -0.122134467441564, 51.585987490461967 ], [ -0.122156090528764, 51.585957028478248 ], [ -0.122194647282547, 51.585902710821003 ], [ -0.122223243800481, 51.585862405812236 ], [ -0.122243681342406, 51.585830935670991 ], [ -0.122306999370778, 51.585854600924556 ], [ -0.122643252130672, 51.585980255388002 ], [ -0.122703030830898, 51.586002595863306 ], [ -0.122706392496121, 51.585998432201571 ], [ -0.122711505275662, 51.585992057443079 ], [ -0.12281156778819, 51.585867683479982 ], [ -0.122844798816719, 51.58583610318383 ], [ -0.122925130352782, 51.585768794130502 ], [ -0.122950322984377, 51.585747678284214 ], [ -0.123065934469179, 51.585661060270404 ], [ -0.123765168482104, 51.585962699281161 ], [ -0.123781138492711, 51.58596959106935 ], [ -0.123677944767979, 51.586198461749021 ], [ -0.123673767489971, 51.586207711101828 ], [ -0.123679772186275, 51.586231556129299 ], [ -0.123689389287342, 51.586250054475926 ], [ -0.123705947836391, 51.586281918664788 ], [ -0.123708769242244, 51.586287368232433 ], [ -0.123723964271356, 51.586305020563138 ], [ -0.123754455863483, 51.586330498118819 ], [ -0.123814001782962, 51.586380252215363 ], [ -0.123883365258883, 51.586425761471695 ], [ -0.123926101270341, 51.586448004159486 ], [ -0.123956393637395, 51.586445368148695 ], [ -0.124052554995647, 51.586430773259629 ], [ -0.124204655191, 51.586407693514829 ], [ -0.124259703091339, 51.586380175483995 ], [ -0.124294809904326, 51.586362625976918 ], [ -0.124298207139555, 51.586360926763568 ], [ -0.124527122381672, 51.58635540482819 ], [ -0.124621739108206, 51.586341854880857 ], [ -0.124638278230321, 51.586339484455692 ], [ -0.124730268035629, 51.586314211269716 ], [ -0.12474170480337, 51.586377035310797 ], [ -0.12487367521731, 51.586393055769378 ], [ -0.124901934629114, 51.58654926522987 ], [ -0.124911732025864, 51.586603385360519 ], [ -0.124933211577044, 51.586721952067407 ], [ -0.125205526500394, 51.586740673540397 ], [ -0.125370199681617, 51.586751991384681 ], [ -0.125402889534468, 51.586754240223961 ], [ -0.125517944512898, 51.586762157291929 ], [ -0.125554276329401, 51.586764653114315 ], [ -0.125698638961213, 51.586774575919499 ], [ -0.12587623826193, 51.586786791958474 ], [ -0.125891942747119, 51.586787870109269 ], [ -0.125906308595462, 51.586788854936813 ], [ -0.126038258330961, 51.586798712142439 ], [ -0.126086719373871, 51.587177430630284 ], [ -0.126091850083697, 51.587217295067823 ], [ -0.126097970914533, 51.587265025706358 ], [ -0.126106500798195, 51.587331400149026 ], [ -0.126108829186778, 51.58734954808201 ], [ -0.126112414457281, 51.587377499848103 ], [ -0.126114021355233, 51.58739002498406 ], [ -0.126117226640797, 51.587414931241128 ], [ -0.12612085373239, 51.587443270348913 ], [ -0.126124985873454, 51.587475475273308 ], [ -0.126125807638148, 51.587481819065466 ], [ -0.12613080521132, 51.587520710191171 ], [ -0.126134031234463, 51.587545814611822 ], [ -0.126138251081773, 51.587578695367895 ], [ -0.126139462464404, 51.587588201723818 ], [ -0.126141783102642, 51.58760618766798 ], [ -0.126142624853691, 51.587612747597305 ], [ -0.126149609731354, 51.587667200379272 ], [ -0.126151599229025, 51.587682708117427 ], [ -0.126152310371358, 51.587688231831741 ], [ -0.126156191320231, 51.587718472393341 ], [ -0.126158858665996, 51.587739260518283 ], [ -0.126162654519219, 51.587768762341518 ], [ -0.126165267479453, 51.587789117961158 ], [ -0.126167891172089, 51.587809563676338 ], [ -0.126169673847789, 51.587823431489362 ], [ -0.126177314430833, 51.587883002437472 ], [ -0.12617900127745, 51.587896041416634 ], [ -0.126181665685091, 51.587916901432976 ], [ -0.126183218595319, 51.587928985075905 ], [ -0.126185930362813, 51.587950097636316 ], [ -0.126187596492174, 51.587962938450993 ], [ -0.126189474643438, 51.587977644083722 ], [ -0.12619338708817, 51.588008172903372 ], [ -0.126195980459768, 51.588028303398112 ], [ -0.126200930413071, 51.58806695096159 ], [ -0.126207720787655, 51.588119817963211 ], [ -0.126210444784051, 51.588140984672286 ], [ -0.126213419279526, 51.588164133715225 ], [ -0.126215439159339, 51.588179956671198 ], [ -0.126219600640938, 51.588212153064752 ], [ -0.126219968804265, 51.588215135436975 ], [ -0.126222014214383, 51.588231039732271 ], [ -0.126226237322172, 51.588264019450477 ], [ -0.126233580543964, 51.58832117117597 ], [ -0.12624570637005, 51.58841560093893 ], [ -0.126249304737461, 51.588443588875116 ], [ -0.126249826458756, 51.588447751707086 ], [ -0.126266997388066, 51.588447234589793 ], [ -0.126345712334051, 51.588444854182754 ], [ -0.12638725232843, 51.588443597646659 ], [ -0.126549957757772, 51.588438678059049 ], [ -0.126558890189122, 51.588438407033991 ], [ -0.12656329869969, 51.588438270599838 ], [ -0.126659249275664, 51.58843537834845 ], [ -0.12677305064344, 51.588431934719416 ], [ -0.126806236163974, 51.588430935822601 ], [ -0.126817914756187, 51.58843058272663 ], [ -0.126853961848507, 51.588429503607351 ], [ -0.126887321589675, 51.588428480491686 ], [ -0.126892886047305, 51.588428317537002 ], [ -0.126931867580075, 51.588427141361478 ], [ -0.126949313334599, 51.588426610546755 ], [ -0.126984262178291, 51.588425558817242 ], [ -0.126992038656847, 51.588425314268129 ], [ -0.127004135977886, 51.588424958845579 ], [ -0.127033694216783, 51.5884240548517 ], [ -0.127134508417635, 51.58842101503965 ], [ -0.127144149207975, 51.588420719307351 ], [ -0.127144360570485, 51.588423303507021 ], [ -0.127145615757251, 51.588438071118844 ], [ -0.127146457863426, 51.588448138091351 ], [ -0.127150288602273, 51.588493664936571 ], [ -0.127157830175606, 51.588583421802646 ], [ -0.127159854939636, 51.588607562811738 ], [ -0.127160232501502, 51.588612074042977 ], [ -0.127165947752207, 51.588680237921778 ], [ -0.127167082657347, 51.588693717696188 ], [ -0.127168862367257, 51.588720449107534 ], [ -0.127171145129969, 51.588747444832535 ], [ -0.127172287919884, 51.588760978687176 ], [ -0.127173451152431, 51.588775560485459 ], [ -0.127175984103431, 51.588804757952104 ], [ -0.12717806358165, 51.588828059941008 ], [ -0.12717860388934, 51.588831000095581 ], [ -0.127179244635575, 51.588838590936554 ], [ -0.12718064125116, 51.588855186266613 ], [ -0.127182550173857, 51.588877931599555 ], [ -0.127183324553813, 51.588887188171917 ], [ -0.12718715683169, 51.58893267906776 ], [ -0.127188297677766, 51.588946365762013 ], [ -0.127188618606296, 51.58895014770264 ], [ -0.127188988764871, 51.588954487959342 ], [ -0.127189439068382, 51.588959863624034 ], [ -0.127194453483677, 51.5890196173874 ], [ -0.127194998359793, 51.589026028690299 ], [ -0.127196337238564, 51.589041921689073 ], [ -0.127196886937461, 51.589048566871931 ], [ -0.127197234893441, 51.589052744910518 ], [ -0.127200250617008, 51.589088600877808 ], [ -0.127201603935469, 51.589104669459097 ], [ -0.127202404599253, 51.589114164749788 ], [ -0.127203784586084, 51.589130813767973 ], [ -0.127206802165197, 51.589166624802182 ], [ -0.127207382586894, 51.58917357621764 ], [ -0.127211504008097, 51.589222569778642 ], [ -0.127212945810513, 51.589239822275495 ], [ -0.12721396967786, 51.589251789548825 ], [ -0.12721468447463, 51.589260388722508 ], [ -0.127216074832141, 51.589277136822368 ], [ -0.127217966751663, 51.58929959412432 ], [ -0.127219400041819, 51.589316702606276 ], [ -0.127223916828407, 51.58937047745313 ], [ -0.127225360854968, 51.58938767603042 ], [ -0.127226478387339, 51.589400876760379 ], [ -0.127227875031629, 51.589417472088897 ], [ -0.127229025891925, 51.589431266850681 ], [ -0.127231307051854, 51.589458303011909 ], [ -0.127232205274556, 51.58946911275283 ], [ -0.127236461484225, 51.589519745083123 ], [ -0.127236923822647, 51.58952517939003 ], [ -0.12723721848019, 51.589528722611661 ], [ -0.127237636030638, 51.58953366611658 ], [ -0.127238197210997, 51.589540383421422 ], [ -0.127241364765408, 51.589578166186925 ], [ -0.127242481566767, 51.589591384889545 ], [ -0.127243553590685, 51.58960428814261 ], [ -0.127245368535983, 51.589625809002385 ], [ -0.127245610628669, 51.589628699434272 ], [ -0.127247036158425, 51.589645645927519 ], [ -0.127248631607705, 51.589664780291614 ], [ -0.127253321574192, 51.589720489471077 ], [ -0.127256123154171, 51.589753830431597 ], [ -0.127257132624231, 51.589765972826051 ], [ -0.127258740290924, 51.589785161339194 ], [ -0.127260455677034, 51.589805592525927 ], [ -0.127273872653458, 51.589845840942203 ], [ -0.127274732491095, 51.589848453476307 ], [ -0.127282053314848, 51.589870538812924 ], [ -0.127283276100046, 51.589874155298865 ], [ -0.127292514542536, 51.589901918483271 ], [ -0.127302228423002, 51.589931110057989 ], [ -0.127309345778161, 51.589952526705829 ], [ -0.127318018916659, 51.589978590289753 ], [ -0.127342199569382, 51.590051293289093 ], [ -0.127344808327741, 51.590059122363968 ], [ -0.127379460767128, 51.590163304103378 ], [ -0.127381247428319, 51.590168656132775 ], [ -0.127415206668495, 51.590270740554345 ], [ -0.127416787624755, 51.590275477815389 ], [ -0.127436049573908, 51.590333336733153 ], [ -0.127437552468345, 51.590337865922322 ], [ -0.127452154270051, 51.590381784147638 ], [ -0.127475455676577, 51.590451829310524 ], [ -0.127478282403799, 51.59046032729983 ], [ -0.127495809612362, 51.59051297888584 ], [ -0.12749814832764, 51.590520003321544 ], [ -0.127519118359945, 51.590583024155819 ], [ -0.127526506372425, 51.590605236440851 ], [ -0.127562264405285, 51.590712744972656 ], [ -0.127564629039314, 51.590719841759785 ], [ -0.127615291468515, 51.590872523255186 ], [ -0.127579513376016, 51.590881061618326 ], [ -0.127543749697553, 51.590889600200569 ], [ -0.127473301353332, 51.590906415787657 ], [ -0.127447728891065, 51.590912518176282 ], [ -0.127377236458164, 51.590929350986819 ], [ -0.127245553430469, 51.590960790951854 ], [ -0.127220141453765, 51.590966850890254 ], [ -0.127129704454066, 51.590988432432816 ], [ -0.127107412535766, 51.590993746320933 ], [ -0.127083603756787, 51.590999436154284 ], [ -0.127000528968632, 51.591019269190589 ], [ -0.12698860274157, 51.591022118244616 ], [ -0.126957723276183, 51.591029484670742 ], [ -0.126931027971483, 51.591035856779229 ], [ -0.126725207354103, 51.591084978700032 ], [ -0.126720629209238, 51.591086074620947 ], [ -0.126716109881085, 51.591087144503469 ], [ -0.126704634924239, 51.591089901816908 ], [ -0.12667346350205, 51.591097344438531 ], [ -0.126659758652823, 51.591100614682226 ], [ -0.126565807435763, 51.591123034426175 ], [ -0.126556112154345, 51.591125343543077 ], [ -0.126484671342014, 51.591142403469021 ], [ -0.126458719452613, 51.591148598499792 ], [ -0.126429589553387, 51.59115554310285 ], [ -0.126409119529735, 51.591160431833423 ], [ -0.126311544865021, 51.591183719731838 ], [ -0.126183964524259, 51.59121418090006 ], [ -0.126165564910182, 51.591218572100516 ], [ -0.126125426927506, 51.591228150953647 ], [ -0.126047935514258, 51.591246647187326 ], [ -0.126036067619526, 51.591249479091239 ], [ -0.126007097402782, 51.59125639916239 ], [ -0.125900572619212, 51.591283347561657 ], [ -0.125701347674797, 51.591018395836798 ], [ -0.125699805011185, 51.591015187876408 ], [ -0.125709555379285, 51.591010838430662 ], [ -0.125732472292189, 51.590999285059461 ], [ -0.125776375750147, 51.590987833119279 ], [ -0.125800660400752, 51.590982160145131 ], [ -0.125823406080828, 51.590973540046377 ], [ -0.125844982148185, 51.590968435282129 ], [ -0.125899038821467, 51.590955648237774 ], [ -0.125910386545133, 51.590953176728327 ], [ -0.125918724620301, 51.590952626485937 ], [ -0.125923971425213, 51.5909521212877 ], [ -0.125946294197717, 51.590948165972911 ], [ -0.125985373631975, 51.590939046871803 ], [ -0.126016654739664, 51.590931745567296 ], [ -0.126035385704481, 51.59092736867467 ], [ -0.126077949205914, 51.590917428427957 ], [ -0.12610764128932, 51.59091050188308 ], [ -0.126145146462683, 51.590901748756387 ], [ -0.126180013347388, 51.590893609929815 ], [ -0.126189561000984, 51.590891379418053 ], [ -0.126207256895772, 51.59088724674772 ], [ -0.12630665341114, 51.590864050975874 ], [ -0.126370396571347, 51.590849161302955 ], [ -0.126398937007799, 51.590842504051317 ], [ -0.126410058649986, 51.590839911981817 ], [ -0.1264821101399, 51.59082308666234 ], [ -0.126514382292524, 51.590815553758269 ], [ -0.126553199048547, 51.590806497716592 ], [ -0.126574611828441, 51.590801498119816 ], [ -0.126696149844987, 51.590773125211427 ], [ -0.126713291882137, 51.590769118508085 ], [ -0.126738916892391, 51.590763143012353 ], [ -0.126780266096312, 51.590747266110171 ], [ -0.126809247720644, 51.5907404089766 ], [ -0.126821012416963, 51.590737624805016 ], [ -0.126853618251622, 51.590736369348669 ], [ -0.126870162474322, 51.590732505949596 ], [ -0.126989834268937, 51.590704570549107 ], [ -0.127009158405151, 51.590693134926681 ], [ -0.127031708150768, 51.590679790444213 ], [ -0.127013400989967, 51.590615220373351 ], [ -0.127009416931831, 51.590601164566465 ], [ -0.127005913121643, 51.590588771031385 ], [ -0.1270040968409, 51.59058238439529 ], [ -0.126998965080109, 51.590564290654257 ], [ -0.126994149293139, 51.590547290040043 ], [ -0.126971467858051, 51.590467273091292 ], [ -0.126962198918716, 51.590434635504536 ], [ -0.126958908616852, 51.590423018724415 ], [ -0.126946931015904, 51.590380769958784 ], [ -0.126940300849007, 51.590357337772843 ], [ -0.126938699177507, 51.590351700932544 ], [ -0.126903598269776, 51.590227899433764 ], [ -0.126901165989323, 51.590219290825907 ], [ -0.126896399480833, 51.590202497819156 ], [ -0.126870042404831, 51.590109536026254 ], [ -0.126867343750579, 51.590103719808312 ], [ -0.126860419281296, 51.590089203401355 ], [ -0.126821147403603, 51.590006817329375 ], [ -0.126791059206549, 51.589943691257197 ], [ -0.126767974668692, 51.589895262702704 ], [ -0.12675754199819, 51.589873379439659 ], [ -0.12671493573617, 51.589783970966515 ], [ -0.126709154878523, 51.589771837815867 ], [ -0.126697166990021, 51.589746701436738 ] ] ] } },
{ "type": "Feature", "properties": { "lsoa21cd": "E01002059", "lsoa21nm": "Haringey 028C", "msoa21cd": "E02000424", "msoa21nm": "Haringey 028", "lad22cd": "E09000014", "lad22nm": "Haringey", "index_right": 583, "GSS_CODE": "E05000273", "risk_score": 0.00012294202471642369, "allocation_hours": 0.0030557649584008573, "patrol_units": 0 }, "geometry": { "type": "Polygon", "coordinates": [ [ [ -0.108215411958992, 51.581941530941627 ], [ -0.108103132228267, 51.581836866327976 ], [ -0.108052732354534, 51.581789865152437 ], [ -0.107953625641225, 51.581697505097324 ], [ -0.107911076673924, 51.581657836198609 ], [ -0.107884592267984, 51.581633120194503 ], [ -0.107878088458281, 51.581627071227757 ], [ -0.107867999816304, 51.581617673172161 ], [ -0.10783573000759, 51.581584554766565 ], [ -0.107832213694113, 51.581580946001523 ], [ -0.107770566824004, 51.581517696376707 ], [ -0.107610919953588, 51.581353894104844 ], [ -0.107596384582028, 51.581338965835037 ], [ -0.107585502643161, 51.581327819406063 ], [ -0.107567492049107, 51.581309336977306 ], [ -0.107552195110621, 51.581293632051135 ], [ -0.107547932545124, 51.581288878182939 ], [ -0.10751393886137, 51.581251055782296 ], [ -0.107408982167921, 51.581134177307106 ], [ -0.107400442300112, 51.581124678313941 ], [ -0.107379679006557, 51.581099497004132 ], [ -0.107364302294486, 51.581080850231054 ], [ -0.107345764859327, 51.581058375603718 ], [ -0.107302197693165, 51.581004046718988 ], [ -0.107262655485532, 51.580957622414132 ], [ -0.107253476091364, 51.580946494443559 ], [ -0.107214724984415, 51.580899512770166 ], [ -0.107208994669046, 51.580892568012516 ], [ -0.107176937203775, 51.58085422102981 ], [ -0.107008877989085, 51.580649949107908 ], [ -0.106963943928406, 51.580595466728454 ], [ -0.106943538210833, 51.580570722746195 ], [ -0.10693785809939, 51.580563266214696 ], [ -0.106924349082711, 51.580545530795135 ], [ -0.106856406774143, 51.580456343680403 ], [ -0.106817740765334, 51.580405595399142 ], [ -0.106814935482195, 51.580401899165174 ], [ -0.106788642156343, 51.580367402188216 ], [ -0.106785056169021, 51.580362695184633 ], [ -0.106718867288611, 51.580275784409928 ], [ -0.106688318342926, 51.58023567933617 ], [ -0.106682747356151, 51.580228377425087 ], [ -0.106677696840522, 51.580221749360177 ], [ -0.106589389394753, 51.580105831362147 ], [ -0.106583285448982, 51.580096767309939 ], [ -0.106570738257006, 51.580078121154934 ], [ -0.106567869244778, 51.580073875345384 ], [ -0.106517244423465, 51.579998672180011 ], [ -0.106486915961432, 51.579953615764722 ], [ -0.106362747780269, 51.579769153430938 ], [ -0.106301561117091, 51.579678258595536 ], [ -0.106282787981922, 51.579650366517939 ], [ -0.106279851386489, 51.579646011699502 ], [ -0.106220867207258, 51.579558389676173 ], [ -0.106211147477391, 51.579543952656557 ], [ -0.106207231786043, 51.579538152220536 ], [ -0.10620348021397, 51.579532570254287 ], [ -0.106180954137045, 51.579499132139937 ], [ -0.106171452882698, 51.579484995396712 ], [ -0.106139085945907, 51.579436911466168 ], [ -0.106123348615605, 51.579411685202594 ], [ -0.106105717136977, 51.579383415866282 ], [ -0.106027451072344, 51.579257938750906 ], [ -0.105931882639014, 51.579093856197872 ], [ -0.105926386361189, 51.57908441524841 ], [ -0.105922641488758, 51.579077979096574 ], [ -0.105918882941089, 51.579071524738787 ], [ -0.105895252513754, 51.579030982663497 ], [ -0.105884787718687, 51.579011210040228 ], [ -0.105860390369456, 51.578966896718583 ], [ -0.105793285530442, 51.578838560285831 ], [ -0.10578141507585, 51.578816148136092 ], [ -0.105915595749341, 51.578788370972084 ], [ -0.107161094302027, 51.578530519170279 ], [ -0.107365475341307, 51.578283018867168 ], [ -0.107372493872955, 51.578274225132439 ], [ -0.107370037632944, 51.578269423975435 ], [ -0.107339423230321, 51.578249335210451 ], [ -0.107325093232928, 51.57823191929414 ], [ -0.107317042926339, 51.578222113452433 ], [ -0.107092126462325, 51.577948591719803 ], [ -0.106983977376583, 51.577838936086479 ], [ -0.106874319060446, 51.577727754236612 ], [ -0.106624813115785, 51.577474777939429 ], [ -0.106560791618916, 51.577387910989984 ], [ -0.106527453897408, 51.577376078063963 ], [ -0.106521128959998, 51.577372342962434 ], [ -0.10681168835526, 51.577293243342083 ], [ -0.10699189707024, 51.577241969031377 ], [ -0.106998006667656, 51.577243591898309 ], [ -0.107081956404404, 51.577379195761772 ], [ -0.107111050677456, 51.577410851343132 ], [ -0.107186588277878, 51.577459533069955 ], [ -0.107339666887139, 51.577517694607543 ], [ -0.107379976317627, 51.577527427695394 ], [ -0.107428523759289, 51.577533058299508 ], [ -0.107494048645269, 51.57754065350931 ], [ -0.107524419086023, 51.577547141702105 ], [ -0.107660664627464, 51.577576237248394 ], [ -0.1076394980751, 51.577617818464063 ], [ -0.107626731279227, 51.577683383255156 ], [ -0.107624270372995, 51.577696076858267 ], [ -0.107605478455488, 51.577728083455845 ], [ -0.107589435197747, 51.577755413374383 ], [ -0.107569756316217, 51.577834508154389 ], [ -0.10759455732292, 51.577957772436264 ], [ -0.10775382772907, 51.578045879319781 ], [ -0.1078533911323, 51.578100964306707 ], [ -0.107856960653849, 51.57810293730661 ], [ -0.107861978062329, 51.578101669410316 ], [ -0.107920438499702, 51.578074857623371 ], [ -0.107932583455775, 51.578069293945745 ], [ -0.108026655274985, 51.578026155460883 ], [ -0.108040440984955, 51.578019831408852 ], [ -0.108078350545756, 51.578001163309963 ], [ -0.108117910115419, 51.577981685525195 ], [ -0.108123494214928, 51.577978934013935 ], [ -0.108129078313765, 51.577976182502411 ], [ -0.108239152636041, 51.577921980560809 ], [ -0.108315929392787, 51.577884165090673 ], [ -0.108341963747199, 51.577871339247032 ], [ -0.108491862390214, 51.577797519592735 ], [ -0.108513800613432, 51.577786713879085 ], [ -0.108653680212198, 51.577717822117464 ], [ -0.108745675585424, 51.577672518357254 ], [ -0.10883270593745, 51.577629652328199 ], [ -0.108942101351544, 51.57757577150911 ], [ -0.109035495755169, 51.577529779686806 ], [ -0.109157973843177, 51.577469455253343 ], [ -0.109178909764314, 51.577459145823155 ], [ -0.109183937934561, 51.57745518030746 ], [ -0.109205599046719, 51.57744374052578 ], [ -0.109217392804501, 51.577440198852884 ], [ -0.109275250463148, 51.577411699588517 ], [ -0.109406611664503, 51.577347008434927 ], [ -0.10944514444237, 51.57733207732543 ], [ -0.109528755211061, 51.577299946597066 ], [ -0.109545577064153, 51.577293482485111 ], [ -0.109568573308811, 51.577284645000518 ], [ -0.109564926146789, 51.577281411856724 ], [ -0.109588238820681, 51.577269468080381 ], [ -0.109593270887654, 51.577275151516595 ], [ -0.109627381197727, 51.577313613693406 ], [ -0.109723134347987, 51.577421619212195 ], [ -0.109750071401655, 51.577445478851949 ], [ -0.109846120341075, 51.577554891854945 ], [ -0.109901693820629, 51.577618195412079 ], [ -0.109945724986126, 51.577668363736208 ], [ -0.109945223835452, 51.577672096518924 ], [ -0.110069560489673, 51.577812332859125 ], [ -0.110075409832746, 51.577816060099508 ], [ -0.11019209910507, 51.577948961078981 ], [ -0.110195888408168, 51.577953293572648 ], [ -0.110233940501992, 51.57799661207342 ], [ -0.110236296527284, 51.57799931181458 ], [ -0.110243622897707, 51.57799595881368 ], [ -0.110274738512064, 51.577981703712709 ], [ -0.110289763039087, 51.577992835735643 ], [ -0.110319153986992, 51.57801461256841 ], [ -0.110482636651837, 51.578221277152714 ], [ -0.110494561671279, 51.578197162731541 ], [ -0.1105135903817, 51.578158702923986 ], [ -0.110720921233653, 51.578078423186817 ], [ -0.11096094433398, 51.578067363178093 ], [ -0.111124930140401, 51.578089905478322 ], [ -0.111189807612793, 51.578104799043523 ], [ -0.111195312057711, 51.578103269077928 ], [ -0.111222438901844, 51.578095756755985 ], [ -0.111263635530414, 51.578087418965715 ], [ -0.111275809452283, 51.578067561908455 ], [ -0.111286552409044, 51.578046189051292 ], [ -0.111340550105621, 51.577938762783795 ], [ -0.111384501506038, 51.577894760297923 ], [ -0.111468220630493, 51.577842936466418 ], [ -0.111542885443222, 51.577814922633316 ], [ -0.11174962322704, 51.577775007662268 ], [ -0.111766851702492, 51.577779628483327 ], [ -0.111802436522998, 51.577789167047847 ], [ -0.111869282021747, 51.577878144776641 ], [ -0.111899388797286, 51.577918196405108 ], [ -0.111902793963323, 51.57792274746739 ], [ -0.111960079760512, 51.577998972766053 ], [ -0.111967780702538, 51.578009222277302 ], [ -0.112033697448635, 51.57809694398928 ], [ -0.112044913417367, 51.578111881208834 ], [ -0.112088082719292, 51.578169336691175 ], [ -0.112115494088978, 51.578205828808471 ], [ -0.112209165624055, 51.578330479690202 ], [ -0.112430992135978, 51.57862573025708 ], [ -0.112494954201052, 51.578710857368421 ], [ -0.112543130343607, 51.578774993728878 ], [ -0.112727304644204, 51.579020080153079 ], [ -0.112755812092397, 51.579058010556778 ], [ -0.112798216766825, 51.579114455283658 ], [ -0.112828612045781, 51.579154897970255 ], [ -0.112880305024483, 51.579223703911197 ], [ -0.112925295737705, 51.579283580363793 ], [ -0.112984376149467, 51.579362208005563 ], [ -0.112995196036759, 51.579376617189048 ], [ -0.113325451553876, 51.579263240622829 ], [ -0.113489341155727, 51.579206986192332 ], [ -0.113710021681937, 51.57950302506778 ], [ -0.113875826493603, 51.579719640713584 ], [ -0.114192856798184, 51.580133842537236 ], [ -0.114332867669286, 51.580316770562696 ], [ -0.114391926257831, 51.580393922337038 ], [ -0.114419257367757, 51.580429639233721 ], [ -0.114425097430924, 51.580438491793146 ], [ -0.114446420557703, 51.58047081183642 ], [ -0.11444717890982, 51.580473413855792 ], [ -0.11441886724966, 51.580501869261568 ], [ -0.114408749316467, 51.580518621332679 ], [ -0.114359689649476, 51.580577955826833 ], [ -0.114248395020945, 51.580629230305682 ], [ -0.114198749142445, 51.580638188627397 ], [ -0.11395730242105, 51.580651255774704 ], [ -0.114152013196006, 51.580907165285971 ], [ -0.114184210830693, 51.580949453051247 ], [ -0.114283425542056, 51.580921553542503 ], [ -0.114607690586187, 51.580830369240978 ], [ -0.114717345631157, 51.580799543851114 ], [ -0.114740462772995, 51.580793036336686 ], [ -0.115031182578546, 51.580711284115985 ], [ -0.11509705383958, 51.58069389059203 ], [ -0.115191701571914, 51.580668902395551 ], [ -0.115263053468921, 51.580661376162574 ], [ -0.115396352070023, 51.580835737561443 ], [ -0.115454488958539, 51.580912550229357 ], [ -0.115472003786231, 51.580907490232867 ], [ -0.115476232598, 51.580913079560673 ], [ -0.115522254261251, 51.580974778107162 ], [ -0.115506602593817, 51.580981448028858 ], [ -0.115491251060363, 51.58098515256907 ], [ -0.115265212356821, 51.581050707161474 ], [ -0.115012929042907, 51.581122988391463 ], [ -0.114961820730345, 51.581137633728673 ], [ -0.114933849308392, 51.581145645913637 ], [ -0.114904344044383, 51.581154101038514 ], [ -0.114860086313921, 51.581166779218485 ], [ -0.114851906737076, 51.581169120628751 ], [ -0.114811504827278, 51.581180700759589 ], [ -0.114668593375705, 51.581225154595302 ], [ -0.114635314461104, 51.581235509326902 ], [ -0.114570058156749, 51.581255808053989 ], [ -0.114483878664029, 51.581282604534351 ], [ -0.114443946452352, 51.581295037382986 ], [ -0.11431675229174, 51.581334608867145 ], [ -0.114272580540339, 51.581348340326677 ], [ -0.114238774750292, 51.581358866322347 ], [ -0.114162317665302, 51.581382653596854 ], [ -0.114113086352593, 51.581397967221569 ], [ -0.114064176795819, 51.581413178091921 ], [ -0.11392199439467, 51.581457417944826 ], [ -0.113795033838803, 51.581496902703599 ], [ -0.113774782563376, 51.581503204350696 ], [ -0.113693602459, 51.581528453051277 ], [ -0.113660951890764, 51.581538610792428 ], [ -0.113639659623399, 51.581541815756843 ], [ -0.113536190411233, 51.581557385085375 ], [ -0.113405981897568, 51.581576988831493 ], [ -0.113323659487955, 51.581589377688253 ], [ -0.113296499522799, 51.581593463853743 ], [ -0.113236093518435, 51.581602563369266 ], [ -0.113029183337991, 51.581633701682712 ], [ -0.112982835652049, 51.581640707264583 ], [ -0.112792951348053, 51.581673719830668 ], [ -0.112694651396584, 51.581673540423488 ], [ -0.112684172799036, 51.581675278154307 ], [ -0.112614135457278, 51.58168691106205 ], [ -0.11258201613373, 51.581692248113988 ], [ -0.112567700561673, 51.581694625480232 ], [ -0.112531134358215, 51.581700691262604 ], [ -0.112469215629966, 51.581714594977491 ], [ -0.112527055616714, 51.581774435596834 ], [ -0.11253428054229, 51.581781907722068 ], [ -0.11255571980025, 51.581804086500057 ], [ -0.112547973047974, 51.581842674273702 ], [ -0.11254435537946, 51.581860672868245 ], [ -0.112540533565182, 51.581871402280555 ], [ -0.112517048954404, 51.581937298553783 ], [ -0.112513719767162, 51.581946588111755 ], [ -0.112485098173434, 51.581956684493427 ], [ -0.112438504652989, 51.581973100996372 ], [ -0.112297507708023, 51.582022789427079 ], [ -0.112257520199628, 51.582036875260776 ], [ -0.112235533862171, 51.582044632464637 ], [ -0.112198212078482, 51.582057781020445 ], [ -0.112135506136841, 51.582079872999692 ], [ -0.112077692245755, 51.5821002452263 ], [ -0.112028008035884, 51.582117744851779 ], [ -0.1119683039252, 51.58213879699219 ], [ -0.111926880683561, 51.582153390150232 ], [ -0.111917755204874, 51.582156606378966 ], [ -0.111915394774792, 51.582154005522099 ], [ -0.11190555150956, 51.58214319096804 ], [ -0.111900278629562, 51.582137377870659 ], [ -0.111886956847566, 51.582122730472861 ], [ -0.111784731030339, 51.582010342293835 ], [ -0.111716727546405, 51.581935590012883 ], [ -0.111688133833588, 51.581923061654564 ], [ -0.111667251677303, 51.581913921742633 ], [ -0.111641407485861, 51.581902615664369 ], [ -0.111598718407442, 51.581923725828268 ], [ -0.111533070649608, 51.581956201345427 ], [ -0.11144530490645, 51.581999606096694 ], [ -0.1113667370117, 51.582043617553914 ], [ -0.111356693614415, 51.582050523841978 ], [ -0.111289673187832, 51.582096609664987 ], [ -0.111250895985579, 51.582159498680909 ], [ -0.111240405289601, 51.582176500768398 ], [ -0.111239313943628, 51.582183330936836 ], [ -0.111229269150407, 51.58224808560449 ], [ -0.111251865026831, 51.582334642198063 ], [ -0.111281197957073, 51.582400737085585 ], [ -0.111328306432621, 51.582464564436464 ], [ -0.111340690703139, 51.58248128304416 ], [ -0.111413963574869, 51.582580049309605 ], [ -0.111416546768495, 51.582583544016686 ], [ -0.111467672934319, 51.582646909961369 ], [ -0.111524648717636, 51.582717501106288 ], [ -0.11133943694433, 51.582802374117527 ], [ -0.111127388153039, 51.582899520841146 ], [ -0.111009636125177, 51.582954528061592 ], [ -0.11071635474857, 51.583075957835462 ], [ -0.110698143974753, 51.583083496826248 ], [ -0.110599350487436, 51.583124394228506 ], [ -0.110485703331215, 51.583145466634591 ], [ -0.109716048586642, 51.583344527622351 ], [ -0.109623530090929, 51.583255057536618 ], [ -0.109603378573859, 51.583235188459618 ], [ -0.109511105235501, 51.583145664680536 ], [ -0.109476111272468, 51.583111702504581 ], [ -0.109395494536693, 51.583033472248282 ], [ -0.10936809004527, 51.583006889318703 ], [ -0.109235482395427, 51.582878209264685 ], [ -0.10918937450329, 51.582833465680025 ], [ -0.109186086051007, 51.582830274285314 ], [ -0.109182464464006, 51.582826762782567 ], [ -0.109147873261938, 51.58279319367287 ], [ -0.10911938646473, 51.582765568088604 ], [ -0.109072039939555, 51.582721460928838 ], [ -0.108976499348558, 51.582632459528831 ], [ -0.108933822535717, 51.582592699036482 ], [ -0.108834654981454, 51.582500329795586 ], [ -0.108791491839428, 51.582460120774201 ], [ -0.10865633260759, 51.582334222499355 ], [ -0.108577441632344, 51.582260731528635 ], [ -0.108536251834993, 51.582222370715733 ], [ -0.108501858168214, 51.582190324314887 ], [ -0.108491449826519, 51.582180624407712 ], [ -0.108407671107831, 51.582108061621142 ], [ -0.108393487526919, 51.582095773920315 ], [ -0.108255078858329, 51.581975883646336 ], [ -0.108245506721075, 51.581967600030204 ], [ -0.108215411958992, 51.581941530941627 ] ] ] } },
{ "type": "Feature", "properties": { "lsoa21cd": "E01002024", "lsoa21nm": "Haringey 022D", "msoa21cd": "E02000418", "msoa21nm": "Haringey 022", "lad22cd": "E09000014", "lad22nm": "Haringey", "index_right": 583, "GSS_CODE": "E05000273", "risk_score": 5.3576736437882975, "allocation_hours": 133.16676227676462, "patrol_units": 67 }, "geometry": { "type": "Polygon", "coordinates": [ [ [ -0.124604268647566, 51.585178566902414 ], [ -0.124593764832394, 51.585171088165055 ], [ -0.124588657930806, 51.585171015528672 ], [ -0.124509933161092, 51.585169910033471 ], [ -0.124489000303399, 51.585169620387987 ], [ -0.123851890604394, 51.585160612535383 ], [ -0.123792671001365, 51.58515976449641 ], [ -0.123605590322078, 51.585157123476478 ], [ -0.123546932944726, 51.585156293297203 ], [ -0.123531626678658, 51.585156075481507 ], [ -0.123486447602534, 51.5851570884601 ], [ -0.123348915984092, 51.585160185316283 ], [ -0.123129781922336, 51.585165106052777 ], [ -0.123052515664727, 51.585175901909082 ], [ -0.123003807012322, 51.585182703317479 ], [ -0.122964651219926, 51.585188173780836 ], [ -0.122745800836513, 51.58517919604266 ], [ -0.122771537666521, 51.585137855974331 ], [ -0.122798385991732, 51.585094762174698 ], [ -0.122801059243034, 51.585090488578793 ], [ -0.122810039990046, 51.585076064528614 ], [ -0.122928273463413, 51.584866535103565 ], [ -0.122998964293397, 51.584772858823158 ], [ -0.123100311925724, 51.584610188406266 ], [ -0.123153249927917, 51.584613184420391 ], [ -0.123242522002918, 51.584618227364878 ], [ -0.123323364040333, 51.584619421531116 ], [ -0.123332163689764, 51.584619553287297 ], [ -0.12413061777423, 51.584631305506313 ], [ -0.124186651822796, 51.584613443153941 ], [ -0.124208664487147, 51.58460643027869 ], [ -0.124214749278509, 51.58460448627627 ], [ -0.124355632159352, 51.584559555239615 ], [ -0.124372861947471, 51.584554066526721 ], [ -0.124406473763415, 51.584543345314309 ], [ -0.124478904041472, 51.584520250549758 ], [ -0.124488994154732, 51.584515681821458 ], [ -0.12449639270682, 51.584512329008334 ], [ -0.124634471506403, 51.584449588267745 ], [ -0.124661901307563, 51.584434051641026 ], [ -0.124757787570263, 51.584379732208951 ], [ -0.124774813042283, 51.584370085668624 ], [ -0.124811627258596, 51.584349236091008 ], [ -0.124832670937414, 51.58433419535659 ], [ -0.124842902240117, 51.584326895155407 ], [ -0.124916650965069, 51.584274200125712 ], [ -0.124928106835162, 51.584262746999464 ], [ -0.124935543734455, 51.584255303215556 ], [ -0.125001586563902, 51.584189221148193 ], [ -0.125014503727167, 51.584176280637266 ], [ -0.125019873383558, 51.584167859607319 ], [ -0.12503647610587, 51.584141822064687 ], [ -0.125038929766749, 51.584137967552316 ], [ -0.125075808603003, 51.584080106079618 ], [ -0.12507767565863, 51.584077177405305 ], [ -0.125093584456947, 51.584052216849543 ], [ -0.125100805972243, 51.584040884883095 ], [ -0.125112007173824, 51.584023339793426 ], [ -0.125113687816017, 51.584020731867206 ], [ -0.125131201762989, 51.583993243105382 ], [ -0.125154788322708, 51.583974277284199 ], [ -0.125174657370293, 51.583958309482398 ], [ -0.125177352007036, 51.583956140402151 ], [ -0.125198378154322, 51.583939237887975 ], [ -0.125195137605288, 51.583931344708034 ], [ -0.125192172250639, 51.583924130357637 ], [ -0.125186766777806, 51.583910968989635 ], [ -0.125172150489181, 51.583875395182652 ], [ -0.125169670427321, 51.583869366594598 ], [ -0.125106905618668, 51.583857896463414 ], [ -0.125098037288028, 51.583856279991771 ], [ -0.124918391101314, 51.583837258754762 ], [ -0.124879903789209, 51.583830726650071 ], [ -0.124865956824689, 51.583828354562499 ], [ -0.1248215775402, 51.583820838023634 ], [ -0.124789397232661, 51.583815377871254 ], [ -0.124741323756733, 51.583809942460036 ], [ -0.12463644243357, 51.583798059705416 ], [ -0.124617132795469, 51.583795871646181 ], [ -0.124522854504713, 51.583785192396718 ], [ -0.124508357212194, 51.583783566834541 ], [ -0.124497567833321, 51.583782333261162 ], [ -0.124412391273448, 51.583771457699768 ], [ -0.124304470200831, 51.583757682607178 ], [ -0.124247164250431, 51.583750363858393 ], [ -0.12426042401346, 51.583503796413133 ], [ -0.124265477825646, 51.583409596007201 ], [ -0.124265732864536, 51.583404802619548 ], [ -0.124266457847006, 51.583391397494324 ], [ -0.124275942077505, 51.583336668275585 ], [ -0.124286562523328, 51.58327537475607 ], [ -0.124295471799973, 51.583142734862399 ], [ -0.12430251166511, 51.583037977604725 ], [ -0.124304889224521, 51.583002657350733 ], [ -0.124307979527695, 51.58295668346021 ], [ -0.124309819281409, 51.582929169036042 ], [ -0.124311055399093, 51.582910709338556 ], [ -0.124311303953715, 51.582907125329584 ], [ -0.124311987109894, 51.58289683991007 ], [ -0.124312287446912, 51.582892348492727 ], [ -0.124315262517437, 51.582848121788111 ], [ -0.12431652914428, 51.582829271407014 ], [ -0.124316849823244, 51.582824461083284 ], [ -0.124318022686134, 51.582807012023387 ], [ -0.124320408354885, 51.582771494063785 ], [ -0.124321030477166, 51.582762340715433 ], [ -0.124321340798825, 51.582757606661772 ], [ -0.124324218018646, 51.582714704776222 ], [ -0.124324644478683, 51.58270820106894 ], [ -0.124325614645572, 51.582694098451306 ], [ -0.124327605281067, 51.58266432034344 ], [ -0.124329570762038, 51.582635153319067 ], [ -0.124330368937682, 51.58262312520479 ], [ -0.124330694421293, 51.582618373408529 ], [ -0.1243315046165, 51.582606403937255 ], [ -0.124333166246337, 51.582581462997062 ], [ -0.124326822500349, 51.582559545930806 ], [ -0.124315699506779, 51.582521186224994 ], [ -0.124310265616049, 51.582502413071296 ], [ -0.124252157803161, 51.582511456738615 ], [ -0.124179973037124, 51.582336496871015 ], [ -0.124085734224495, 51.582349126307314 ], [ -0.123657921750024, 51.582406455587559 ], [ -0.123606307236994, 51.582413372650514 ], [ -0.12360849563683, 51.582368004830926 ], [ -0.123608659162874, 51.582365084903877 ], [ -0.123614962914904, 51.582259659459282 ], [ -0.123615292919168, 51.582254098417856 ], [ -0.123621102368132, 51.5821571719123 ], [ -0.123623117896118, 51.582123293661667 ], [ -0.124145919107444, 51.582051521612094 ], [ -0.124150099558096, 51.582050949984797 ], [ -0.124328948266033, 51.582026400272994 ], [ -0.124368671193635, 51.582021459971436 ], [ -0.12439282664422, 51.582018464956768 ], [ -0.124464785910389, 51.582009525731699 ], [ -0.124479119545691, 51.582007749540168 ], [ -0.124510108377141, 51.582003901540901 ], [ -0.124515621397999, 51.582003216314554 ], [ -0.124608065444208, 51.581991740348201 ], [ -0.124667764957332, 51.581984336084922 ], [ -0.124684507055068, 51.581982256650655 ], [ -0.124744497063799, 51.581974807532866 ], [ -0.124756538705874, 51.581973309410643 ], [ -0.124789703702628, 51.581969190374991 ], [ -0.124812321257512, 51.581966386513244 ], [ -0.124868466248213, 51.581959424419374 ], [ -0.124901757518603, 51.581954165330259 ], [ -0.124976279453437, 51.581942398157246 ], [ -0.124988381361173, 51.581940487322093 ], [ -0.125018759471805, 51.581935694214778 ], [ -0.125024440018024, 51.581934795823038 ], [ -0.125122213876941, 51.58191936252053 ], [ -0.125157212139569, 51.581913833884876 ], [ -0.125178524800916, 51.581910469554963 ], [ -0.125184452401605, 51.581909530140877 ], [ -0.125174613374785, 51.581895731393885 ], [ -0.125158865100071, 51.581873655102221 ], [ -0.125124414528324, 51.581825350260608 ], [ -0.12510598445364, 51.581799521727092 ], [ -0.124751278839553, 51.581847529033858 ], [ -0.12466116466411, 51.581734699403292 ], [ -0.124565971008349, 51.581615538766762 ], [ -0.124558798119447, 51.581607807518282 ], [ -0.124555274180632, 51.581604001343841 ], [ -0.124527108949915, 51.581573615311605 ], [ -0.124518803992317, 51.581575856565145 ], [ -0.124495553805346, 51.581582112347647 ], [ -0.12443724449623, 51.581597834273012 ], [ -0.12442937780164, 51.581599947639312 ], [ -0.124384788387147, 51.58161196815049 ], [ -0.124367142495844, 51.581616721833868 ], [ -0.12421603551531, 51.581657433906571 ], [ -0.124215919411685, 51.581649734522699 ], [ -0.124214184095606, 51.581547417786382 ], [ -0.124213744815022, 51.581520919037992 ], [ -0.124213420900903, 51.581501436236415 ], [ -0.124213321432878, 51.581495787394438 ], [ -0.124212766413623, 51.581462983095662 ], [ -0.124212584859472, 51.581451964455113 ], [ -0.124211748818397, 51.581402492673448 ], [ -0.124211413068399, 51.581383297440354 ], [ -0.124211315080009, 51.581377612652147 ], [ -0.124212888872398, 51.581353052483458 ], [ -0.124213333454539, 51.581346108435426 ], [ -0.124215987443458, 51.581304772155192 ], [ -0.124216915256475, 51.581290295672105 ], [ -0.124217198205113, 51.581285875915427 ], [ -0.124219422955934, 51.581251110741952 ], [ -0.124221165582864, 51.581223675691156 ], [ -0.124222381517155, 51.581204828992199 ], [ -0.124223459491101, 51.581187931446983 ], [ -0.124225289029647, 51.581159436677439 ], [ -0.124225526852718, 51.581155762571697 ], [ -0.124226753694663, 51.581136475417331 ], [ -0.124227637670634, 51.581122713131862 ], [ -0.124228292329459, 51.581112768967166 ], [ -0.124228714714767, 51.581106013405183 ], [ -0.124229416347044, 51.581094927951568 ], [ -0.124230421636372, 51.581079270200647 ], [ -0.124231444308935, 51.581063190082922 ], [ -0.124231874089521, 51.581056605495462 ], [ -0.124232864583042, 51.581040956500331 ], [ -0.124233272541742, 51.581034551412777 ], [ -0.12423520470266, 51.581004439643813 ], [ -0.124236592794715, 51.580982637183595 ], [ -0.124248976759583, 51.580948969635294 ], [ -0.124255819295464, 51.580930356765222 ], [ -0.124266759352629, 51.580900559857881 ], [ -0.124279258294841, 51.580866552431196 ], [ -0.124349576643987, 51.580900948583327 ], [ -0.124474565517659, 51.580962080863799 ], [ -0.124482955816618, 51.580966180647231 ], [ -0.124513587114556, 51.580981175083529 ], [ -0.124546694916244, 51.58099736912169 ], [ -0.124562202163039, 51.581004945830813 ], [ -0.124593130867583, 51.581020079886791 ], [ -0.124604888263086, 51.581025834134927 ], [ -0.124615004285603, 51.581030788796951 ], [ -0.124639170389038, 51.581042604448449 ], [ -0.124611200968049, 51.581064638497168 ], [ -0.1246349968795, 51.581077734151364 ], [ -0.124656167633017, 51.581089385021485 ], [ -0.124667642125168, 51.581095701265333 ], [ -0.124679568573145, 51.581102258535161 ], [ -0.12468925042375, 51.581107592926294 ], [ -0.124705579906433, 51.581116585578947 ], [ -0.124711805169323, 51.581119634596774 ], [ -0.124738671596802, 51.581132824267748 ], [ -0.124759638974663, 51.581143105017873 ], [ -0.124782522726475, 51.581154342613551 ], [ -0.124829698828278, 51.581177487759199 ], [ -0.124840394828725, 51.581182730436552 ], [ -0.124858970813746, 51.581191848895344 ], [ -0.124917882468001, 51.58122075687055 ], [ -0.124957567230187, 51.58124023023116 ], [ -0.124975308881442, 51.581248930678463 ], [ -0.12498676828312, 51.581254563224611 ], [ -0.125015331347924, 51.581239849427028 ], [ -0.125025226524193, 51.581234737984261 ], [ -0.125078017282197, 51.581207543149795 ], [ -0.125215452956942, 51.581334554320719 ], [ -0.125217928016008, 51.581336841978562 ], [ -0.125222370695812, 51.581340946075308 ], [ -0.125262932990126, 51.581322076101856 ], [ -0.125303243737004, 51.58130223271003 ], [ -0.125359985843698, 51.581274312245448 ], [ -0.125365127032898, 51.581271786580125 ], [ -0.125387961140059, 51.58126055115698 ], [ -0.125474315162254, 51.581211465235796 ], [ -0.125565265385303, 51.581159763937414 ], [ -0.125569004474936, 51.581157638508394 ], [ -0.125581933750704, 51.581165434679448 ], [ -0.125685886276968, 51.581228189958999 ], [ -0.12579200808801, 51.581292252228337 ], [ -0.125809218681873, 51.581302639142059 ], [ -0.125844259398439, 51.581323791547852 ], [ -0.126010140126975, 51.581423919129314 ], [ -0.126057828627744, 51.581452701234163 ], [ -0.126073855798874, 51.5814623857828 ], [ -0.126246103317313, 51.581566360068159 ], [ -0.126303200569118, 51.581600813687167 ], [ -0.12635805803811, 51.581633927607946 ], [ -0.126498603654988, 51.581718758444453 ], [ -0.126519673502377, 51.581731477468438 ], [ -0.126539144187418, 51.581745528812831 ], [ -0.126544126388222, 51.581749117215168 ], [ -0.126604622554124, 51.581792750487359 ], [ -0.1266397655331, 51.58181810375843 ], [ -0.126666819986581, 51.58183762666912 ], [ -0.126723327163582, 51.581878374363363 ], [ -0.12672635487838, 51.581880562903756 ], [ -0.126793641524296, 51.58192909926229 ], [ -0.126825252484658, 51.581951896190347 ], [ -0.126833565226236, 51.581957891972799 ], [ -0.126836452771956, 51.581959979355744 ], [ -0.126973214052743, 51.582058615551233 ], [ -0.12697639602554, 51.582060914456967 ], [ -0.126981246472103, 51.582064409014606 ], [ -0.127082555286772, 51.582137498132035 ], [ -0.127085709529622, 51.582139769614841 ], [ -0.127152716553971, 51.582188103470557 ], [ -0.12719996486659, 51.582222188121619 ], [ -0.127305879998321, 51.582298583353136 ], [ -0.127309314625362, 51.582301057138778 ], [ -0.12753894908971, 51.582466693882871 ], [ -0.127736273117389, 51.582609009773186 ], [ -0.127860701256941, 51.582698761436433 ], [ -0.127866070403643, 51.58270263292399 ], [ -0.127969681128843, 51.582777376644927 ], [ -0.128034979163109, 51.582815354014087 ], [ -0.128152057673463, 51.582882710238309 ], [ -0.128161222479088, 51.582888000125187 ], [ -0.128218932174347, 51.582921320544614 ], [ -0.128307194982915, 51.582972303891601 ], [ -0.128346051663827, 51.582993030833357 ], [ -0.128557157302736, 51.583105656334801 ], [ -0.128582185903745, 51.583119013648059 ], [ -0.128678388414381, 51.583170343668961 ], [ -0.128687552750162, 51.583175296290854 ], [ -0.128596834414785, 51.583212552841999 ], [ -0.128582040690016, 51.583221309322823 ], [ -0.128538766719705, 51.583220619096252 ], [ -0.128510286491236, 51.583211172384139 ], [ -0.128341855521685, 51.583121196082963 ], [ -0.128329760298625, 51.583489989892364 ], [ -0.128441020774585, 51.583527374740179 ], [ -0.12851573851464, 51.583559905202947 ], [ -0.128572953298796, 51.583593352440531 ], [ -0.128579552278249, 51.583595750766442 ], [ -0.128597631320059, 51.583604357131996 ], [ -0.128641887236241, 51.583625430873447 ], [ -0.128648233220822, 51.583627663296461 ], [ -0.128712594843059, 51.5836582569491 ], [ -0.128753460280126, 51.583683161307725 ], [ -0.128800571901089, 51.583698318546823 ], [ -0.128905608093948, 51.583746169805053 ], [ -0.128917182529721, 51.583756057226346 ], [ -0.128994201581747, 51.58379477940899 ], [ -0.129037939682543, 51.583814059744988 ], [ -0.12907677713151, 51.583828248635449 ], [ -0.129089762290951, 51.583835066934391 ], [ -0.12928157607252, 51.583853788394372 ], [ -0.129343553640585, 51.583874263147713 ], [ -0.12944534681278, 51.583918510164786 ], [ -0.129449785010722, 51.583923265977653 ], [ -0.129542678143972, 51.584022935248264 ], [ -0.129543619513409, 51.5840267270762 ], [ -0.12954589653196, 51.584035958136162 ], [ -0.129561531717819, 51.584054880169674 ], [ -0.129658269541307, 51.58406159293714 ], [ -0.129737929582294, 51.584076090621487 ], [ -0.129757117727145, 51.584083005918004 ], [ -0.130189089950838, 51.584297364100173 ], [ -0.130141179573503, 51.584337174421357 ], [ -0.130118802104218, 51.584359083053101 ], [ -0.130072418192056, 51.584411992666141 ], [ -0.130060775235372, 51.584429090558828 ], [ -0.130025231869281, 51.584491839784235 ], [ -0.130008573787673, 51.584536527448542 ], [ -0.130001616612242, 51.584568177828082 ], [ -0.129876950655558, 51.584604282782237 ], [ -0.129826650273955, 51.584628102308692 ], [ -0.129745369120477, 51.584657650743161 ], [ -0.129665213012211, 51.584677370344835 ], [ -0.129705848570562, 51.584678018099297 ], [ -0.129877843577278, 51.584707736932742 ], [ -0.130032476164369, 51.584740568945264 ], [ -0.130335760597174, 51.5848049590466 ], [ -0.130407517708232, 51.584815094906283 ], [ -0.130479643546554, 51.584816244167861 ], [ -0.130566931913843, 51.584799650112771 ], [ -0.13063979506075, 51.584782826164556 ], [ -0.130741877107351, 51.584757475248246 ], [ -0.130832163531319, 51.584704032820959 ], [ -0.131015428034085, 51.584754630090018 ], [ -0.131092639988111, 51.584794365575412 ], [ -0.131140611303598, 51.584842456836576 ], [ -0.131195403635279, 51.584936113451036 ], [ -0.131206516773561, 51.584975218683347 ], [ -0.131208600867583, 51.585004297424135 ], [ -0.131175531726536, 51.585012376462345 ], [ -0.131113880854042, 51.585021537938822 ], [ -0.131097683801531, 51.585028258069563 ], [ -0.131024652607803, 51.585049455340823 ], [ -0.130727482779494, 51.58504221600743 ], [ -0.130715773907835, 51.585041921555508 ], [ -0.130436964047298, 51.585034988379633 ], [ -0.130380322737898, 51.585033573265079 ], [ -0.130326435177542, 51.585032237974218 ], [ -0.129958423812104, 51.585023081864179 ], [ -0.129946538329387, 51.585024277263827 ], [ -0.129827452297471, 51.585036236501224 ], [ -0.129601426343349, 51.585062452467007 ], [ -0.129596292143891, 51.585063045053253 ], [ -0.129442436622028, 51.585080888201396 ], [ -0.129080412493794, 51.585161452328649 ], [ -0.128898677464952, 51.58521950497169 ], [ -0.128411347934534, 51.585293275719053 ], [ -0.128281014583797, 51.585313003281286 ], [ -0.128071737253592, 51.585344681103876 ], [ -0.127988072995273, 51.585357338485103 ], [ -0.127836977159111, 51.58540142749446 ], [ -0.127842477361681, 51.585412656876571 ], [ -0.127763187849803, 51.585445661828501 ], [ -0.127416245162538, 51.585590082899159 ], [ -0.127093488568939, 51.585724430823831 ], [ -0.127061367039688, 51.585740329255266 ], [ -0.126861269888255, 51.585839369858853 ], [ -0.126801776770474, 51.585883076454216 ], [ -0.126760501872107, 51.585913405393299 ], [ -0.126658505600586, 51.585973770723974 ], [ -0.126651921846014, 51.58597766723544 ], [ -0.126626419663413, 51.585998275357511 ], [ -0.126575519163939, 51.586039421303838 ], [ -0.126570801457624, 51.586043221712075 ], [ -0.126490560949298, 51.586108084276169 ], [ -0.126356904945038, 51.586216615316246 ], [ -0.126315791231756, 51.586360610954671 ], [ -0.126309283605477, 51.586383365782631 ], [ -0.126240828868092, 51.58666146946328 ], [ -0.126210090329348, 51.586760605664381 ], [ -0.126203615809695, 51.586781499581448 ], [ -0.126202817311975, 51.586784067655735 ], [ -0.126169151362853, 51.586784842890935 ], [ -0.126068197526599, 51.586787151256637 ], [ -0.126069603556542, 51.586799996913577 ], [ -0.126038258330961, 51.586798712142439 ], [ -0.125906308595462, 51.586788854936813 ], [ -0.125891942747119, 51.586787870109269 ], [ -0.12587623826193, 51.586786791958474 ], [ -0.125698638961213, 51.586774575919499 ], [ -0.125554276329401, 51.586764653114315 ], [ -0.125517944512898, 51.586762157291929 ], [ -0.125402889534468, 51.586754240223961 ], [ -0.125370199681617, 51.586751991384681 ], [ -0.125205526500394, 51.586740673540397 ], [ -0.124933211577044, 51.586721952067407 ], [ -0.124911732025864, 51.586603385360519 ], [ -0.124901934629114, 51.58654926522987 ], [ -0.12487367521731, 51.586393055769378 ], [ -0.12474170480337, 51.586377035310797 ], [ -0.124730268035629, 51.586314211269716 ], [ -0.124727233598842, 51.58629583620349 ], [ -0.124724504485757, 51.586280424525775 ], [ -0.12471382293723, 51.586220436175019 ], [ -0.124707350102345, 51.586184102228657 ], [ -0.124647925414102, 51.585850441586643 ], [ -0.124640608582782, 51.585809364127236 ], [ -0.124620790946226, 51.58569814375047 ], [ -0.124621904597891, 51.585681957194872 ], [ -0.124623554546486, 51.585658000760702 ], [ -0.12462463601786, 51.585642245327193 ], [ -0.12462599636158, 51.585622168992984 ], [ -0.124626383605015, 51.585616617861774 ], [ -0.124647303439077, 51.585311731222426 ], [ -0.124652315689702, 51.58523904460089 ], [ -0.124646405353516, 51.585227979369527 ], [ -0.124629047020669, 51.585196426252296 ], [ -0.124604268647566, 51.585178566902414 ] ] ] } },
{ "type": "Feature", "properties": { "lsoa21cd": "E01002017", "lsoa21nm": "Haringey 028B", "msoa21cd": "E02000424", "msoa21nm": "Haringey 028", "lad22cd": "E09000014", "lad22nm": "Haringey", "index_right": 583, "GSS_CODE": "E05000273", "risk_score": 0.00041604366084815121, "allocation_hours": 0.010340903713901136, "patrol_units": 0 }, "geometry": { "type": "Polygon", "coordinates": [ [ [ -0.115989953336237, 51.585145802655916 ], [ -0.116004610326678, 51.58488973578023 ], [ -0.115966799774885, 51.584874524542599 ], [ -0.115884128666511, 51.584845643355465 ], [ -0.115766778026067, 51.584812410025222 ], [ -0.115747410896145, 51.58478787318294 ], [ -0.115745737762822, 51.584655531596503 ], [ -0.11574563107572, 51.584646591400805 ], [ -0.115705584250512, 51.584636946426379 ], [ -0.115691720596552, 51.58463361225359 ], [ -0.115790306844746, 51.584504482458371 ], [ -0.115813808286087, 51.584473710310277 ], [ -0.115809773483674, 51.584471100615055 ], [ -0.115815303340636, 51.584461639508135 ], [ -0.115818364634556, 51.584456374170763 ], [ -0.115825325613027, 51.584444418178151 ], [ -0.115842182673125, 51.584415499606699 ], [ -0.115872929457703, 51.584400454740631 ], [ -0.11587896998737, 51.584397494375409 ], [ -0.115892420795986, 51.584390912228749 ], [ -0.115913045424079, 51.584383285327718 ], [ -0.115926552419203, 51.584386865532515 ], [ -0.115942501181027, 51.584391087463381 ], [ -0.116158500637234, 51.584448305740914 ], [ -0.116226444508439, 51.584455970790899 ], [ -0.116291925146841, 51.584456878880488 ], [ -0.116307899008453, 51.584456479052669 ], [ -0.116374221993534, 51.584508423702502 ], [ -0.116413137666528, 51.584527276515395 ], [ -0.116487802553143, 51.584550444425645 ], [ -0.116535099954655, 51.584558586959815 ], [ -0.116648174980897, 51.584560106474143 ], [ -0.116744362115707, 51.584505727446533 ], [ -0.116754091631227, 51.584498725736459 ], [ -0.116759097178303, 51.58449600948407 ], [ -0.11676299560211, 51.584493886935448 ], [ -0.116796945670578, 51.584447078048015 ], [ -0.116815439070691, 51.58443443495247 ], [ -0.116888715288766, 51.584384318948658 ], [ -0.116926674703864, 51.584368328537984 ], [ -0.117007948780194, 51.584327261398521 ], [ -0.117025566184002, 51.584314855991394 ], [ -0.117032985498105, 51.584309615646461 ], [ -0.117045838743042, 51.584298626473675 ], [ -0.117053087125532, 51.584293680132895 ], [ -0.117121064214229, 51.584235907263043 ], [ -0.117165376694777, 51.584189120794548 ], [ -0.117193540282108, 51.584151687912211 ], [ -0.117211608771288, 51.584127662505452 ], [ -0.117229827615393, 51.584097551633121 ], [ -0.117260688050588, 51.584046547495355 ], [ -0.117274254351355, 51.584018295284061 ], [ -0.117281425884602, 51.584009966540954 ], [ -0.117283779576552, 51.584006101617554 ], [ -0.117267619408356, 51.583802253444048 ], [ -0.117255876552212, 51.583768550087015 ], [ -0.117250365929206, 51.583722874456917 ], [ -0.117259345779074, 51.583711476857133 ], [ -0.117280783567053, 51.583686948008229 ], [ -0.117337514077168, 51.58362885055201 ], [ -0.117359950743949, 51.583602152565852 ], [ -0.11737678510622, 51.583577594748668 ], [ -0.117382479923397, 51.583572515534883 ], [ -0.117483939488788, 51.583392866040342 ], [ -0.117513490466467, 51.583339646656071 ], [ -0.117300714896501, 51.583233123114006 ], [ -0.117201214494597, 51.583183307982651 ], [ -0.117238819653772, 51.583156089230748 ], [ -0.117100818233884, 51.583019625152367 ], [ -0.117072125546353, 51.582989876024818 ], [ -0.117016387732705, 51.582932076798798 ], [ -0.117003931105135, 51.582919152457599 ], [ -0.116978722291939, 51.58289137464309 ], [ -0.116966200359103, 51.58287758597497 ], [ -0.11698298930377, 51.582847488142122 ], [ -0.11706559050047, 51.582839561432472 ], [ -0.117085428851604, 51.582837667872106 ], [ -0.117135127600576, 51.582821883904941 ], [ -0.117180774697647, 51.582807392714038 ], [ -0.117232496485317, 51.582779672259889 ], [ -0.117252143433066, 51.582769133867508 ], [ -0.117281764907259, 51.582744952244525 ], [ -0.117284148806354, 51.582741402540954 ], [ -0.117328438467761, 51.582675209969715 ], [ -0.117347360892481, 51.582646917852891 ], [ -0.117354729346713, 51.58263591252102 ], [ -0.117461422368031, 51.582648902091954 ], [ -0.117522210651532, 51.582642441317425 ], [ -0.117537476328297, 51.582640824972273 ], [ -0.117550774981617, 51.582637558406759 ], [ -0.11760879636895, 51.582623301686638 ], [ -0.117617361228509, 51.582620022063189 ], [ -0.117812318830397, 51.582544557900157 ], [ -0.117833225439523, 51.582543355795508 ], [ -0.11785355126548, 51.582542935698569 ], [ -0.117828147238183, 51.582509741488408 ], [ -0.117725340789986, 51.582375389787558 ], [ -0.117685352284689, 51.582323131254185 ], [ -0.117646377075735, 51.582272201868982 ], [ -0.117636613320792, 51.58225942873419 ], [ -0.117610619809054, 51.582235622104356 ], [ -0.117604450381255, 51.58222738490403 ], [ -0.117588801626878, 51.582206478047354 ], [ -0.117585766132587, 51.582198372091497 ], [ -0.117581834468901, 51.582187850767568 ], [ -0.117554253560676, 51.582151806911384 ], [ -0.117539562424553, 51.582143360953239 ], [ -0.117529436420371, 51.582129574840039 ], [ -0.117518436640337, 51.582114578703312 ], [ -0.117492827699296, 51.582079717523392 ], [ -0.117466536191776, 51.582043910164948 ], [ -0.117466280193853, 51.582036829007407 ], [ -0.11741181729399, 51.581965651694084 ], [ -0.117368983039875, 51.581910321396599 ], [ -0.11734457802358, 51.581877768087026 ], [ -0.117311574716753, 51.581834631994695 ], [ -0.117294792055626, 51.581812704231325 ], [ -0.117261863905408, 51.581769672743548 ], [ -0.117179177538519, 51.581661613751812 ], [ -0.117085920158397, 51.58153972542523 ], [ -0.117088666572716, 51.581535435174672 ], [ -0.117090795931711, 51.581532106198104 ], [ -0.117088855757847, 51.581529458241739 ], [ -0.117072540477649, 51.58150722771007 ], [ -0.117048231207528, 51.581474113843157 ], [ -0.117035195802449, 51.581456342272574 ], [ -0.117008248668225, 51.581419652006062 ], [ -0.116974306349137, 51.581373407331078 ], [ -0.116948220496453, 51.581337881913598 ], [ -0.116917051900633, 51.581295422621004 ], [ -0.116909399623234, 51.581285003380273 ], [ -0.116874022819663, 51.581236802260719 ], [ -0.116852035943803, 51.581206873002095 ], [ -0.116847349196747, 51.581200485036426 ], [ -0.1167839053664, 51.581114064856642 ], [ -0.116776649162726, 51.581104191514299 ], [ -0.116773533923061, 51.581099942009502 ], [ -0.116761085537457, 51.581082989153508 ], [ -0.11674833691669, 51.581065617821544 ], [ -0.116708683434383, 51.581011592794781 ], [ -0.116685973156239, 51.580980662714254 ], [ -0.116670436976678, 51.580959496750857 ], [ -0.116663072115024, 51.580949459791583 ], [ -0.116626314775144, 51.58089940195741 ], [ -0.116528930347356, 51.580766736857804 ], [ -0.116520649288772, 51.580755471191736 ], [ -0.116652384062823, 51.580716653705842 ], [ -0.116692491860615, 51.580704834420338 ], [ -0.116731342859638, 51.58069339060178 ], [ -0.116758694960634, 51.580685332075689 ], [ -0.11678908654404, 51.58067636916374 ], [ -0.116888515322694, 51.580647077079711 ], [ -0.116960154045187, 51.580625962351846 ], [ -0.116993423403413, 51.580616164346061 ], [ -0.117011789746951, 51.58061074910718 ], [ -0.1169614229788, 51.580541795515558 ], [ -0.116944373887845, 51.580517772670845 ], [ -0.116922078184338, 51.58048973586417 ], [ -0.116861434511496, 51.580409970124407 ], [ -0.116838300136254, 51.580379527841529 ], [ -0.116833946589003, 51.580373810665883 ], [ -0.11686953625908, 51.580367934697399 ], [ -0.116893905051803, 51.580363677889807 ], [ -0.116922855655494, 51.580359124175118 ], [ -0.117017287592637, 51.580343510167722 ], [ -0.117404057955417, 51.580279599720235 ], [ -0.11749820493019, 51.58040353260845 ], [ -0.117514450991535, 51.580424988625282 ], [ -0.117550898190282, 51.580473134803022 ], [ -0.117600443770388, 51.580538576892437 ], [ -0.117632565957474, 51.580581015346823 ], [ -0.117637096370469, 51.580586996111705 ], [ -0.117673763471289, 51.580635415551278 ], [ -0.117688599389807, 51.580655023438304 ], [ -0.117691857067891, 51.580659320167484 ], [ -0.117740527059591, 51.580723606096001 ], [ -0.117753282699191, 51.580740464862195 ], [ -0.117773853852257, 51.580767637522811 ], [ -0.117791468697894, 51.580790904966108 ], [ -0.11783329556935, 51.580846151509114 ], [ -0.117868197039438, 51.580892249467624 ], [ -0.117876847168891, 51.580903673830932 ], [ -0.11790844996202, 51.580945420440052 ], [ -0.117936549188846, 51.580982533651103 ], [ -0.117938438002885, 51.580985027897611 ], [ -0.117962062248421, 51.581016215194232 ], [ -0.117971560319171, 51.581028777215259 ], [ -0.117991761952054, 51.581055467303585 ], [ -0.118030995683548, 51.581107286493882 ], [ -0.118039830411968, 51.58111896109903 ], [ -0.118075738463332, 51.581166383546055 ], [ -0.118105419136509, 51.581205576867696 ], [ -0.118152529438031, 51.581267814277737 ], [ -0.11819602747806, 51.581325254678497 ], [ -0.11820482752881, 51.58133689724 ], [ -0.118213737781241, 51.581348667463523 ], [ -0.118239380482307, 51.58138253986251 ], [ -0.11824577974831, 51.58139097855279 ], [ -0.118279751026712, 51.581435856152119 ], [ -0.118307048515368, 51.581472477700778 ], [ -0.11832435740563, 51.581494779563791 ], [ -0.11833246087981, 51.581505466641048 ], [ -0.118338839307243, 51.581513886936357 ], [ -0.118382583490367, 51.58157167244395 ], [ -0.118435060305673, 51.581640991391119 ], [ -0.118466281108768, 51.581682227788882 ], [ -0.118475739549973, 51.581694708094339 ], [ -0.118480906415732, 51.581701535276942 ], [ -0.11851514533056, 51.581746758746682 ], [ -0.118526396534402, 51.581761614821865 ], [ -0.118546462047511, 51.581788122555025 ], [ -0.1185751233547, 51.581825981687267 ], [ -0.118580529687854, 51.581833127440554 ], [ -0.118599514735083, 51.581858188041849 ], [ -0.118609656616504, 51.581871596523762 ], [ -0.118622829959938, 51.581886744191522 ], [ -0.118674710968968, 51.581946386608756 ], [ -0.118680898091605, 51.58195349991469 ], [ -0.118685556094089, 51.581958844169534 ], [ -0.118692336010463, 51.581966632420077 ], [ -0.118725419104815, 51.582001576926558 ], [ -0.118798127308736, 51.582078378075288 ], [ -0.11882885895723, 51.582110847901049 ], [ -0.118855925860465, 51.582139437177617 ], [ -0.11885834624789, 51.582141993865093 ], [ -0.11894301855366, 51.582231432271399 ], [ -0.118993119112936, 51.58229436421118 ], [ -0.11901280953793, 51.58231913031063 ], [ -0.119021619686653, 51.582330188366278 ], [ -0.119040487704651, 51.582353898154246 ], [ -0.11908710238901, 51.582412466794132 ], [ -0.119188520421474, 51.582374206625197 ], [ -0.119331872098254, 51.58232012189854 ], [ -0.11936395292468, 51.58230801522808 ], [ -0.119418921059444, 51.582287278458317 ], [ -0.119487818407176, 51.582261279527657 ], [ -0.119492993980638, 51.582259330188421 ], [ -0.119499489245562, 51.582256880438862 ], [ -0.119652693493983, 51.582199068494916 ], [ -0.119680184653311, 51.582188700158667 ], [ -0.119746251860118, 51.582163770781598 ], [ -0.119845220497562, 51.582126428482219 ], [ -0.119876729063094, 51.582114541807293 ], [ -0.120054241804291, 51.582047559895003 ], [ -0.120078082218039, 51.582038562767508 ], [ -0.120139046719947, 51.582015556722787 ], [ -0.12016591479916, 51.582005591940877 ], [ -0.120255312114821, 51.581972475260088 ], [ -0.120316317834887, 51.581949865449971 ], [ -0.120385047721981, 51.581924402851179 ], [ -0.120429768249405, 51.581907835793054 ], [ -0.120595869465154, 51.581846281528072 ], [ -0.120642935139414, 51.581828843716394 ], [ -0.120876885632435, 51.581742153866223 ], [ -0.120983095049236, 51.581702786363643 ], [ -0.121035056270525, 51.581683529389551 ], [ -0.121080448152729, 51.581659419185378 ], [ -0.121223206331575, 51.581583560925075 ], [ -0.12127566823328, 51.581556704258553 ], [ -0.121354449000047, 51.581516384652112 ], [ -0.121381077853363, 51.581502755836951 ], [ -0.121418573925275, 51.58148355484299 ], [ -0.121434642952276, 51.58147399238036 ], [ -0.121495254380209, 51.581437176579556 ], [ -0.121518006426689, 51.581424384907798 ], [ -0.121542894750041, 51.581409559172471 ], [ -0.121574515262031, 51.581390731667575 ], [ -0.121581321437309, 51.581386686125335 ], [ -0.121647083616291, 51.581349143386539 ], [ -0.121655435227842, 51.581344371712206 ], [ -0.121686653384749, 51.581326549384634 ], [ -0.121866169820895, 51.581187411782203 ], [ -0.121918214451064, 51.581213147613639 ], [ -0.121944452335504, 51.581225986148802 ], [ -0.121960164443079, 51.581234537663114 ], [ -0.122156870525028, 51.581316076717115 ], [ -0.122221768027257, 51.58133516857891 ], [ -0.122316207692048, 51.581361768863758 ], [ -0.122318261613054, 51.581358159795734 ], [ -0.122360750307535, 51.581283276286804 ], [ -0.122387208533422, 51.581236642261935 ], [ -0.122417511538548, 51.581183217518245 ], [ -0.122424670801751, 51.581170598790507 ], [ -0.122434298208607, 51.581162884467446 ], [ -0.12249670577275, 51.58111285102374 ], [ -0.122528976911912, 51.581086974605604 ], [ -0.122550620558161, 51.581069614821445 ], [ -0.122608183089004, 51.581083583909098 ], [ -0.122620258794652, 51.581086510830481 ], [ -0.122667761294323, 51.581098025849428 ], [ -0.122726667533198, 51.581112313129246 ], [ -0.12276325122724, 51.581121198475017 ], [ -0.122795448603565, 51.581128997486417 ], [ -0.122831032639839, 51.581137624021551 ], [ -0.122883936799403, 51.581150457337657 ], [ -0.122911517835892, 51.581157148332537 ], [ -0.12291857739899, 51.581158861926681 ], [ -0.123018126985105, 51.581182998535944 ], [ -0.123027515829946, 51.581185279939596 ], [ -0.1230865225191, 51.581199586630937 ], [ -0.123107884054176, 51.581200989450871 ], [ -0.123199003640737, 51.581206925246242 ], [ -0.123220091867225, 51.581208305689103 ], [ -0.123254121364312, 51.581210522598766 ], [ -0.123269530983868, 51.581211528939903 ], [ -0.123286250597609, 51.58121261917946 ], [ -0.123268522689286, 51.58124670472192 ], [ -0.123244618765161, 51.581292669402558 ], [ -0.123227471112941, 51.581325631172312 ], [ -0.123292660739158, 51.581341565374004 ], [ -0.123298600508785, 51.581372576384744 ], [ -0.123285303256175, 51.581456793702735 ], [ -0.123271016829786, 51.581547155016366 ], [ -0.123268555482631, 51.58156276248971 ], [ -0.12326809384421, 51.581565560746547 ], [ -0.123341618643505, 51.581569065807159 ], [ -0.12349169327173, 51.581576223087183 ], [ -0.123550265489022, 51.581579012276201 ], [ -0.123629855117309, 51.581582802990681 ], [ -0.12364091840777, 51.581583330620447 ], [ -0.123645340691212, 51.581583545220532 ], [ -0.123644852026961, 51.581705492858141 ], [ -0.123644505006469, 51.581711817985308 ], [ -0.123642116884164, 51.581757902011432 ], [ -0.123639363603894, 51.581810751503653 ], [ -0.123639229676637, 51.581813303214375 ], [ -0.123638955162136, 51.581818568393217 ], [ -0.123635471184664, 51.581885659214173 ], [ -0.123631994594664, 51.581952570303649 ], [ -0.123631236898986, 51.5819671169439 ], [ -0.123628466567876, 51.582020379813571 ], [ -0.12362343347959, 51.582117381684377 ], [ -0.123623117896118, 51.582123293661667 ], [ -0.123621102368132, 51.5821571719123 ], [ -0.123615292919168, 51.582254098417856 ], [ -0.123614962914904, 51.582259659459282 ], [ -0.123608659162874, 51.582365084903877 ], [ -0.12360849563683, 51.582368004830926 ], [ -0.123606307236994, 51.582413372650514 ], [ -0.123606079454656, 51.582427738922895 ], [ -0.123598645167051, 51.582608296082704 ], [ -0.123591496827539, 51.582781906656123 ], [ -0.123590494818558, 51.582806242150866 ], [ -0.123584836476137, 51.582943664004404 ], [ -0.123577806039257, 51.583114407866105 ], [ -0.123572552408569, 51.583241998459407 ], [ -0.123571885248789, 51.583258201152461 ], [ -0.123556280416576, 51.583315727991383 ], [ -0.123554870772766, 51.58332086710557 ], [ -0.12353627265712, 51.583394298651683 ], [ -0.123491644697061, 51.58357055604835 ], [ -0.123478010001215, 51.583624400506658 ], [ -0.12347444383991, 51.58363844361044 ], [ -0.123470619649607, 51.583645783222629 ], [ -0.123471667402513, 51.583649432923998 ], [ -0.123468700096915, 51.583661201526709 ], [ -0.123218514954461, 51.583646040286837 ], [ -0.122929080334441, 51.583628497074464 ], [ -0.12291435085101, 51.583627604980578 ], [ -0.122901017976391, 51.583626798175459 ], [ -0.122863956818971, 51.583624550640948 ], [ -0.122792203330695, 51.583614410217379 ], [ -0.122717079335664, 51.583613208257276 ], [ -0.122659495816038, 51.58361228690665 ], [ -0.122615471544031, 51.583611582488288 ], [ -0.122561407663237, 51.583610717406735 ], [ -0.122532558208182, 51.583610255773522 ], [ -0.12245322221065, 51.583608986245686 ], [ -0.122402735669723, 51.583608178336441 ], [ -0.122382857348742, 51.583606484385683 ], [ -0.122373177278472, 51.583605655043918 ], [ -0.122330817913559, 51.583602027643387 ], [ -0.122273283426756, 51.583597114246679 ], [ -0.122256979293421, 51.583591700652363 ], [ -0.122247694719026, 51.583588629520953 ], [ -0.12228570059924, 51.583619794055558 ], [ -0.122291466949077, 51.583624526434761 ], [ -0.122293667155331, 51.583627178444637 ], [ -0.122355763165556, 51.58366676772021 ], [ -0.122371051123875, 51.583676526370056 ], [ -0.122399855452619, 51.583694900251629 ], [ -0.122369536007906, 51.583713299167897 ], [ -0.122336521807016, 51.583733341032897 ], [ -0.122178378704865, 51.583795722012681 ], [ -0.122101399828797, 51.583818859468799 ], [ -0.122090851870438, 51.583820875807085 ], [ -0.122011053458833, 51.583836072718235 ], [ -0.121971958699278, 51.583840087054838 ], [ -0.121948098831558, 51.583842537758429 ], [ -0.121896969585776, 51.583841908184631 ], [ -0.121876511895884, 51.583841661648407 ], [ -0.121777360115194, 51.583830515509369 ], [ -0.121772913596467, 51.583830183548685 ], [ -0.121765139786664, 51.583829330717556 ], [ -0.121742881348667, 51.583826897147034 ], [ -0.121729733040949, 51.583825463692847 ], [ -0.121719194077679, 51.583825160093554 ], [ -0.121713406939904, 51.583825485598069 ], [ -0.121584860870607, 51.583819740790226 ], [ -0.12156990815429, 51.583818660608607 ], [ -0.121564109412906, 51.583818217066842 ], [ -0.121533720208103, 51.583815887087347 ], [ -0.121506589001175, 51.583816109158434 ], [ -0.121499273087689, 51.583815353565122 ], [ -0.121451222927221, 51.583810411763487 ], [ -0.12143940646189, 51.583809934813836 ], [ -0.121433006675491, 51.583809715445604 ], [ -0.121409994170215, 51.583806316540596 ], [ -0.121385289386809, 51.583805102674241 ], [ -0.121327471869872, 51.583802149128353 ], [ -0.121296664373254, 51.583797011246574 ], [ -0.121277168494616, 51.583794792678425 ], [ -0.121256264176833, 51.583792425660377 ], [ -0.121240401719115, 51.583792405465495 ], [ -0.121233040268802, 51.5837924044909 ], [ -0.121181220134876, 51.583787177400531 ], [ -0.121161396694659, 51.583783101126436 ], [ -0.121147570182491, 51.583780262919475 ], [ -0.121131453493301, 51.58377695640025 ], [ -0.121089500925351, 51.583763110667832 ], [ -0.12108482999628, 51.583761570101217 ], [ -0.121024647705652, 51.583734753082553 ], [ -0.121011196490643, 51.583728764525347 ], [ -0.121002568798543, 51.58372394129816 ], [ -0.120896871925254, 51.583730638495396 ], [ -0.120867069729177, 51.583729127063719 ], [ -0.120814984316041, 51.583726485384148 ], [ -0.120808300867106, 51.583726144537025 ], [ -0.120758843429127, 51.583717879689466 ], [ -0.120737827564738, 51.583714368753427 ], [ -0.120657200980965, 51.583685938173083 ], [ -0.120652977297489, 51.58368370334324 ], [ -0.120596109981713, 51.583653688438396 ], [ -0.120513922396093, 51.583589789076704 ], [ -0.120507606815934, 51.58358262884785 ], [ -0.120434291200921, 51.58349943440227 ], [ -0.120162086565068, 51.583689202177773 ], [ -0.120033544368953, 51.583790447708139 ], [ -0.120027815455914, 51.583794960040208 ], [ -0.120069001527197, 51.583813033802642 ], [ -0.120226426079551, 51.583879074089545 ], [ -0.120275432541297, 51.583897574313042 ], [ -0.120327821736192, 51.583917351679297 ], [ -0.120408324423735, 51.583947740842042 ], [ -0.120416050049882, 51.583953961472105 ], [ -0.120418981691492, 51.583957425559603 ], [ -0.120421680342819, 51.583960589164427 ], [ -0.120429746708074, 51.583970097489342 ], [ -0.120290282637364, 51.584056168930118 ], [ -0.120241734238681, 51.584107745072124 ], [ -0.120237722349931, 51.584115072575102 ], [ -0.120221877503299, 51.584144017143643 ], [ -0.120215040449545, 51.584156497007882 ], [ -0.120205395497784, 51.584216052221322 ], [ -0.120202997399102, 51.584230797356078 ], [ -0.120207188447968, 51.584278965013254 ], [ -0.120210919741693, 51.584290687976036 ], [ -0.12021244169626, 51.584295433385783 ], [ -0.12020408051473, 51.584298320884557 ], [ -0.120179539212096, 51.584306785239008 ], [ -0.120116432746258, 51.584321807655947 ], [ -0.120099041417191, 51.584325953283305 ], [ -0.1200195430329, 51.58435588324015 ], [ -0.120015320066173, 51.58435747917504 ], [ -0.119983863490622, 51.584374717205691 ], [ -0.119968415385182, 51.584383192332197 ], [ -0.119922214290327, 51.584422639193221 ], [ -0.119918443878324, 51.58442586101372 ], [ -0.119885630133558, 51.584473543624227 ], [ -0.119881951809767, 51.584484329552936 ], [ -0.119873232896586, 51.584509881212085 ], [ -0.119870950868265, 51.584516561989545 ], [ -0.119872761935697, 51.584589940464134 ], [ -0.119865163402693, 51.584588615515891 ], [ -0.119812025053038, 51.584583483600959 ], [ -0.119692637282621, 51.584571930492586 ], [ -0.119651988211795, 51.58456916583075 ], [ -0.119538606105482, 51.584561440671472 ], [ -0.119382602487916, 51.584550829108593 ], [ -0.119372757301433, 51.584550149744246 ], [ -0.119363084102615, 51.584549500113091 ], [ -0.119321214508667, 51.584563369753795 ], [ -0.119300153426033, 51.584561647330325 ], [ -0.119284199496498, 51.584560339487076 ], [ -0.11920980960457, 51.584554255165145 ], [ -0.119159458987609, 51.58455012983157 ], [ -0.119155157412744, 51.584549782110415 ], [ -0.119134096343276, 51.584548059657358 ], [ -0.118986827578618, 51.584536004924487 ], [ -0.118945055335497, 51.58453282634413 ], [ -0.118936226128023, 51.584535859120258 ], [ -0.118916250004327, 51.584530233322639 ], [ -0.118814196281871, 51.58452187976502 ], [ -0.118740877679757, 51.584515722397533 ], [ -0.118676678934623, 51.584510331694226 ], [ -0.118162913773419, 51.584433362564802 ], [ -0.118090782993052, 51.584420469786373 ], [ -0.118082260002642, 51.5844195821265 ], [ -0.118078974558863, 51.584432204226815 ], [ -0.11804822101084, 51.584545473874435 ], [ -0.118042059145474, 51.584568152802724 ], [ -0.118031165681407, 51.584608237072771 ], [ -0.117991837204324, 51.584728859770756 ], [ -0.11799057262192, 51.584732742188436 ], [ -0.117981581596477, 51.58476031254844 ], [ -0.117967725718372, 51.584816202919022 ], [ -0.117965595522404, 51.584824792468723 ], [ -0.117946043275913, 51.584903621020175 ], [ -0.117945004079432, 51.584907812797617 ], [ -0.117929085617921, 51.58497205100231 ], [ -0.117914998788616, 51.584931125154618 ], [ -0.117908477617436, 51.584912172348396 ], [ -0.117906860550022, 51.584909385716465 ], [ -0.117714914633123, 51.584967255300789 ], [ -0.117425978826811, 51.585073412468169 ], [ -0.117303987229812, 51.585118232431867 ], [ -0.11725010346617, 51.585140918426895 ], [ -0.117243919098522, 51.585143516855695 ], [ -0.117220803141808, 51.585170563610433 ], [ -0.117213128647241, 51.5851795317297 ], [ -0.117208472155999, 51.585184978313343 ], [ -0.117179775433399, 51.585235648492009 ], [ -0.116981969027681, 51.585198094024399 ], [ -0.116598043812654, 51.585125213088155 ], [ -0.116572478432032, 51.585120360185272 ], [ -0.116566957333869, 51.585133103704877 ], [ -0.116553745316969, 51.585163591652886 ], [ -0.116515096373789, 51.585252823235969 ], [ -0.116443611262031, 51.585238258242185 ], [ -0.116058890167893, 51.585159850388052 ], [ -0.115989953336237, 51.585145802655916 ] ] ] } },
{ "type": "Feature", "properties": { "lsoa21cd": "E01002018", "lsoa21nm": "Haringey 020D", "msoa21cd": "E02000416", "msoa21nm": "Haringey 020", "lad22cd": "E09000014", "lad22nm": "Haringey", "index_right": 583, "GSS_CODE": "E05000273", "risk_score": 0.00016217388511084713, "allocation_hours": 0.0040308859109203458, "patrol_units": 0 }, "geometry": { "type": "Polygon", "coordinates": [ [ [ -0.119458750496529, 51.591791347506792 ], [ -0.119203915700098, 51.591678652350133 ], [ -0.119243992551293, 51.591594361361594 ], [ -0.119325046421484, 51.591423896368198 ], [ -0.119337250140807, 51.591425530766962 ], [ -0.119361657211196, 51.591428808547185 ], [ -0.119772361115956, 51.591523741359993 ], [ -0.119849706144292, 51.591354241703925 ], [ -0.119854673901118, 51.591343359548318 ], [ -0.120018706552363, 51.591301646327445 ], [ -0.12006250218988, 51.59124474260777 ], [ -0.120095906363568, 51.591200711386769 ], [ -0.120115676821809, 51.591275422451773 ], [ -0.120144324191476, 51.591383763512738 ], [ -0.120352808793615, 51.591521171646562 ], [ -0.120484051978682, 51.591496000094111 ], [ -0.120488817122393, 51.591490725936666 ], [ -0.120706372524724, 51.591249724813743 ], [ -0.120733430729637, 51.591259078686463 ], [ -0.120832903006018, 51.591306236476285 ], [ -0.12094430349765, 51.591389716759672 ], [ -0.120949176259952, 51.591393382773113 ], [ -0.120970087613363, 51.591415614211733 ], [ -0.12096300055821, 51.591387228542779 ], [ -0.120943562977488, 51.59130931265895 ], [ -0.120939685157322, 51.591293774599059 ], [ -0.120928374926749, 51.591248424533958 ], [ -0.120923108854796, 51.591227342893809 ], [ -0.120882747763037, 51.59106554331651 ], [ -0.120879275594786, 51.591052421719681 ], [ -0.120867817701046, 51.591009254440486 ], [ -0.120842166858863, 51.590912579750956 ], [ -0.120831695682886, 51.590873142140545 ], [ -0.120810943840472, 51.590794899436943 ], [ -0.12079192719822, 51.590723239995739 ], [ -0.120787928098527, 51.590708194570162 ], [ -0.120786654113444, 51.590703381204747 ], [ -0.120780206896812, 51.590679088328997 ], [ -0.120757460263131, 51.590618411833361 ], [ -0.120745364300748, 51.590586169104462 ], [ -0.120742512594704, 51.59053700682135 ], [ -0.120707741246534, 51.590405965351728 ], [ -0.120705055926915, 51.590395819354477 ], [ -0.120681224062029, 51.590305810162953 ], [ -0.120639452215935, 51.590148151373967 ], [ -0.120595409729678, 51.589981850446613 ], [ -0.120594339579926, 51.589977346085988 ], [ -0.120759325530752, 51.589962435518501 ], [ -0.120763427358367, 51.58996448854144 ], [ -0.120954408677213, 51.589944778449755 ], [ -0.120817344061044, 51.589535082641468 ], [ -0.12083839407481, 51.58953782974973 ], [ -0.121217009570903, 51.589587191560902 ], [ -0.121258438341705, 51.58958183451562 ], [ -0.12127420648754, 51.589578413595795 ], [ -0.121359524640722, 51.589551786289732 ], [ -0.121381574653906, 51.589542535434681 ], [ -0.12143929151074, 51.589518343708185 ], [ -0.121444749386883, 51.589515517548328 ], [ -0.121499975106737, 51.589486969543515 ], [ -0.121505434898136, 51.589488648615514 ], [ -0.121511664461406, 51.589490564822057 ], [ -0.121534290539056, 51.589495702045951 ], [ -0.121559533711703, 51.589501438695002 ], [ -0.121571752592511, 51.589502344718227 ], [ -0.121747103498739, 51.589515403272777 ], [ -0.121755471298741, 51.589515177529371 ], [ -0.121915751229432, 51.589510720126896 ], [ -0.121935874635384, 51.5895075801538 ], [ -0.121969946811431, 51.589502253477519 ], [ -0.121992511652452, 51.589498720936817 ], [ -0.12215760592599, 51.5894583615774 ], [ -0.122190368165984, 51.589409859232347 ], [ -0.12219863341635, 51.589392681098083 ], [ -0.122233903872883, 51.589282440933637 ], [ -0.122230497592108, 51.589263160617612 ], [ -0.122234199502297, 51.589258804583487 ], [ -0.122327861618085, 51.589148779485924 ], [ -0.122337099882461, 51.589137938586489 ], [ -0.122376709360158, 51.589091416188914 ], [ -0.122366746091093, 51.588991989380695 ], [ -0.122457879837807, 51.58894610264371 ], [ -0.122484877641962, 51.588935878642218 ], [ -0.122494181523289, 51.588928347992109 ], [ -0.122513073376193, 51.588913048440141 ], [ -0.122429486783078, 51.588914516517313 ], [ -0.122342808866453, 51.588916033980631 ], [ -0.122234461002044, 51.58891794195273 ], [ -0.122179998354608, 51.588918895776665 ], [ -0.12216222945927, 51.588919204891958 ], [ -0.122046658392376, 51.588921239880484 ], [ -0.121974412415912, 51.588922502472997 ], [ -0.121902194918993, 51.588923774469315 ], [ -0.121837186556034, 51.588924910033604 ], [ -0.121791868391757, 51.588925704314711 ], [ -0.12173781004048, 51.588926655412799 ], [ -0.121738218594351, 51.588923748407709 ], [ -0.121708844465201, 51.588932081756433 ], [ -0.121704295972028, 51.588933861380767 ], [ -0.121357129059735, 51.58906965511639 ], [ -0.121351822858258, 51.589073005261525 ], [ -0.121340190440424, 51.589071533090461 ], [ -0.121054434253547, 51.589035393886107 ], [ -0.120915692237523, 51.589017848877113 ], [ -0.120916524110218, 51.589013779639373 ], [ -0.120924573147081, 51.588973325737818 ], [ -0.120911563670573, 51.588782271170039 ], [ -0.120910344736627, 51.58876457254226 ], [ -0.120909578241518, 51.588753405164205 ], [ -0.120895022193519, 51.588702414303405 ], [ -0.120887090767815, 51.588687162019475 ], [ -0.120855847914567, 51.588627572421849 ], [ -0.120845953977982, 51.588617027711329 ], [ -0.120794988203991, 51.588583604904372 ], [ -0.120785247649411, 51.588577217145399 ], [ -0.120752455503731, 51.588555721592819 ], [ -0.120692227226679, 51.588516224377592 ], [ -0.120685733542289, 51.58851196586626 ], [ -0.120675154813331, 51.588505600642499 ], [ -0.120616371900095, 51.588470263054312 ], [ -0.120560885117154, 51.588436911606422 ], [ -0.120530627097497, 51.588418729826486 ], [ -0.120519541670954, 51.588412050729531 ], [ -0.120482664840127, 51.588399994662396 ], [ -0.12034458736755, 51.588354843884431 ], [ -0.120292242127746, 51.588337729001758 ], [ -0.120206794613794, 51.58830979642179 ], [ -0.120183150110961, 51.588309417601593 ], [ -0.120175881265636, 51.588371187010829 ], [ -0.120052104516772, 51.588369203837303 ], [ -0.120187177933191, 51.588203389503711 ], [ -0.120188253680601, 51.588198658738428 ], [ -0.120219921222767, 51.588060547863471 ], [ -0.120219245102854, 51.588055941901864 ], [ -0.120218593757161, 51.588051435253831 ], [ -0.120210691061398, 51.587997354090376 ], [ -0.120209982045564, 51.587992495813708 ], [ -0.120198872528319, 51.587972057889246 ], [ -0.120244310267237, 51.587936150718278 ], [ -0.120252154935478, 51.587925854176959 ], [ -0.12026642441574, 51.587907135747102 ], [ -0.12027425353576, 51.587896865932414 ], [ -0.120294907085157, 51.587801076780792 ], [ -0.120287020854288, 51.587796984778358 ], [ -0.120154339232173, 51.587728162228458 ], [ -0.120139574715462, 51.587595476233204 ], [ -0.120131031063707, 51.587518795817161 ], [ -0.120165483392638, 51.587508772715751 ], [ -0.120312969457727, 51.587476253986956 ], [ -0.120336674899508, 51.587468846316369 ], [ -0.120384027315472, 51.587454048009057 ], [ -0.120344067735854, 51.587381315574149 ], [ -0.120338266510247, 51.587370773437854 ], [ -0.120342254048481, 51.587369992031171 ], [ -0.120385902394412, 51.587361698853861 ], [ -0.120495241147689, 51.587335681783202 ], [ -0.120515694895691, 51.587330811806353 ], [ -0.120577770024283, 51.587316042433422 ], [ -0.12059411229421, 51.587312158698047 ], [ -0.120633751351521, 51.587302722116078 ], [ -0.121114237189232, 51.58720250832053 ], [ -0.121122881422013, 51.587225325645356 ], [ -0.121173780634308, 51.587359759175143 ], [ -0.121179326158683, 51.587374406714311 ], [ -0.121184632500368, 51.587407808624022 ], [ -0.121190787748992, 51.587446529658258 ], [ -0.121174138583483, 51.587500217610064 ], [ -0.121114197109079, 51.587553212298857 ], [ -0.121111246676177, 51.587555098423181 ], [ -0.121100718400404, 51.5876343329466 ], [ -0.121337667222386, 51.587951432251181 ], [ -0.121346509101966, 51.58795440643879 ], [ -0.121436964215435, 51.587984828336126 ], [ -0.121451586776902, 51.587989747509212 ], [ -0.121505445161369, 51.588003774722097 ], [ -0.121529966281663, 51.588008447704915 ], [ -0.121614845529525, 51.588024608132194 ], [ -0.121632576926284, 51.588026951265014 ], [ -0.121688326378708, 51.588034327296391 ], [ -0.121732214097712, 51.58803809629309 ], [ -0.121746771825941, 51.588039336489537 ], [ -0.121800161337363, 51.58803427413477 ], [ -0.12187150663979, 51.588027511852971 ], [ -0.121912663182124, 51.588021893933799 ], [ -0.121920888789726, 51.588019507720475 ], [ -0.122043997596175, 51.587983737022036 ], [ -0.122072651105721, 51.587974308467125 ], [ -0.122144523474603, 51.587947748638342 ], [ -0.122165046638848, 51.58794014578794 ], [ -0.122217916378225, 51.587918268081111 ], [ -0.122229224437426, 51.587913593147817 ], [ -0.122244593317196, 51.587915116037003 ], [ -0.122376595056773, 51.587928185790986 ], [ -0.122428787572657, 51.587927119112514 ], [ -0.122434578447908, 51.587924963674197 ], [ -0.122474265257562, 51.587910167749563 ], [ -0.122506885521856, 51.587894503370663 ], [ -0.122582618937257, 51.587858135869737 ], [ -0.122600998342226, 51.587848079677919 ], [ -0.122843395991591, 51.587697162413015 ], [ -0.122852605387003, 51.587695772048157 ], [ -0.123345051846268, 51.587621278963205 ], [ -0.123368980525443, 51.587589864473664 ], [ -0.123406543555971, 51.587527428361753 ], [ -0.123423133775046, 51.587463892444433 ], [ -0.123432551912624, 51.587357536783358 ], [ -0.123500890082467, 51.587338234934123 ], [ -0.123514399837493, 51.587334422392061 ], [ -0.123543844756257, 51.58732608972138 ], [ -0.123567548603887, 51.587388111894221 ], [ -0.123573203640746, 51.58740292293507 ], [ -0.123587342173444, 51.587439928069827 ], [ -0.1235947768712, 51.587469712982816 ], [ -0.123607612758313, 51.587521175087851 ], [ -0.123612123671228, 51.587539232079827 ], [ -0.123609681218042, 51.58759854302965 ], [ -0.12360879305119, 51.587620110647585 ], [ -0.123606757664683, 51.587669536438334 ], [ -0.123606202558271, 51.587683016199364 ], [ -0.123604930975289, 51.587695666191436 ], [ -0.123597594484058, 51.587768306578511 ], [ -0.12359308971926, 51.587813196663639 ], [ -0.123590401877947, 51.587839906144048 ], [ -0.123584860068512, 51.587894905114382 ], [ -0.123581784485608, 51.587925421181609 ], [ -0.123577357951911, 51.587941069149146 ], [ -0.123565515498082, 51.58798291035211 ], [ -0.123557711888946, 51.588010455243122 ], [ -0.123552270626567, 51.588029710928481 ], [ -0.123541544569101, 51.588067577346088 ], [ -0.12353110444764, 51.588104459168683 ], [ -0.123521530260192, 51.588123468905721 ], [ -0.123515745127064, 51.588134949634274 ], [ -0.123499661486311, 51.58816690327113 ], [ -0.1234934469035, 51.588177594789201 ], [ -0.123478951007572, 51.588202541740074 ], [ -0.123465636239321, 51.588225448314262 ], [ -0.123456329506263, 51.588241467845712 ], [ -0.123437515155857, 51.588273827420636 ], [ -0.123417715085176, 51.58830207967349 ], [ -0.12337763841733, 51.588359286948659 ], [ -0.123371810387047, 51.588367601650084 ], [ -0.123357623350466, 51.588387850487173 ], [ -0.123336903196682, 51.588417409896032 ], [ -0.123326565489307, 51.588432171972002 ], [ -0.123308283423089, 51.588458263326679 ], [ -0.123270246581325, 51.588512553675464 ], [ -0.123254388160366, 51.58853517674271 ], [ -0.123238130210176, 51.588558386917057 ], [ -0.12319901572632, 51.588558930268427 ], [ -0.123196973417117, 51.588561199660539 ], [ -0.123180970822746, 51.588578910547774 ], [ -0.123173730134421, 51.58858472073301 ], [ -0.12318735447178, 51.588584794789554 ], [ -0.123182870892593, 51.588596215388669 ], [ -0.123169568486418, 51.588630029936432 ], [ -0.123153410912656, 51.588671127636346 ], [ -0.12315202551221, 51.588674621513029 ], [ -0.123145010457643, 51.58869247616186 ], [ -0.123135869016728, 51.588715692250254 ], [ -0.123118371845571, 51.588760221606954 ], [ -0.123104907309479, 51.58879446518938 ], [ -0.123100829139379, 51.588804804186879 ], [ -0.12308334817574, 51.588849288834922 ], [ -0.123077963378846, 51.588862961103786 ], [ -0.123076931995575, 51.588865570392677 ], [ -0.123060451665965, 51.588907490218254 ], [ -0.123042940288393, 51.58895201034273 ], [ -0.123029926961921, 51.588985110103401 ], [ -0.123027475006798, 51.58899136557541 ], [ -0.1230112864679, 51.58903250772029 ], [ -0.122993774622173, 51.589077036821536 ], [ -0.12297626311177, 51.589121556932824 ], [ -0.122973522959033, 51.589128500209668 ], [ -0.122965249960948, 51.589149554009886 ], [ -0.122963266704534, 51.589154594008939 ], [ -0.122938645950761, 51.589217147091858 ], [ -0.122934113782024, 51.589228692796993 ], [ -0.122919740779454, 51.589264482007465 ], [ -0.122920406836175, 51.589268813522715 ], [ -0.122913445229322, 51.589286767927824 ], [ -0.122919616995909, 51.589281678037104 ], [ -0.1231300685135, 51.589300520665503 ], [ -0.123202303618691, 51.589311450913335 ], [ -0.123384091823013, 51.589326983990205 ], [ -0.123361063541205, 51.589335464211544 ], [ -0.123250124204195, 51.589483323665128 ], [ -0.123238914011525, 51.589509622542792 ], [ -0.123236799537487, 51.58953764957711 ], [ -0.123236389891333, 51.589543038478467 ], [ -0.123245920617463, 51.589585023679533 ], [ -0.123250919003808, 51.589607018165928 ], [ -0.1232600455685, 51.589631128956228 ], [ -0.123267099491627, 51.589642824026775 ], [ -0.123277653750617, 51.589660312251368 ], [ -0.123281292788051, 51.589666593215114 ], [ -0.123195619435094, 51.589687497055969 ], [ -0.12317135365222, 51.589693421581401 ], [ -0.123159819622488, 51.589697265686787 ], [ -0.123137937513774, 51.589704550221164 ], [ -0.123127691902394, 51.589707956319842 ], [ -0.123115901920606, 51.589710654288837 ], [ -0.123026868485715, 51.589742681838061 ], [ -0.12302170327105, 51.589745764541128 ], [ -0.123003485369588, 51.589756614712954 ], [ -0.122977172087459, 51.589772290199242 ], [ -0.122933560631221, 51.589815034900106 ], [ -0.122930852761493, 51.589817689306045 ], [ -0.122923167231498, 51.589833240144358 ], [ -0.122916949627179, 51.589845748050287 ], [ -0.122909313106501, 51.589887089939936 ], [ -0.122908381848055, 51.589892173744985 ], [ -0.122916937927994, 51.589925222894642 ], [ -0.122919359601352, 51.589929865757583 ], [ -0.122961490208856, 51.590010671243377 ], [ -0.122937457546774, 51.59001934213844 ], [ -0.122961391497758, 51.590019725033642 ], [ -0.12301704983788, 51.590020615436522 ], [ -0.123041979235308, 51.590021014239838 ], [ -0.123062378638487, 51.590021340571489 ], [ -0.123129010655654, 51.590019025316117 ], [ -0.123138696928676, 51.590018685678594 ], [ -0.123247326335031, 51.590014910950536 ], [ -0.12326477605045, 51.590014299815522 ], [ -0.123273276738377, 51.590014004150028 ], [ -0.123335788419553, 51.590011834193298 ], [ -0.123358746008323, 51.590011036872063 ], [ -0.123409345439485, 51.590009274341085 ], [ -0.123439098211417, 51.5900082304859 ], [ -0.123515011405655, 51.590005595846335 ], [ -0.123544012132791, 51.590004584899042 ], [ -0.123578217586194, 51.590003387409297 ], [ -0.123645904561114, 51.590001043769675 ], [ -0.123676813683134, 51.589999964392042 ], [ -0.123769585802252, 51.589996690956227 ], [ -0.123811705640795, 51.589993308904482 ], [ -0.123828660757653, 51.589993139397727 ], [ -0.123833079038386, 51.589993120123914 ], [ -0.123839440481892, 51.589993590535478 ], [ -0.123864780136808, 51.589992440034976 ], [ -0.123921331128161, 51.589989882199689 ], [ -0.123945441176906, 51.589988792952539 ], [ -0.124003829165563, 51.589986147548629 ], [ -0.124045570168751, 51.589984252097807 ], [ -0.124060033531649, 51.589983593096697 ], [ -0.12409282144376, 51.589982112012201 ], [ -0.124106951880633, 51.589981474659673 ], [ -0.124132060326014, 51.589980329397221 ], [ -0.124174177154823, 51.589978421924442 ], [ -0.124181856988313, 51.589978077099971 ], [ -0.124193528589017, 51.589977553297558 ], [ -0.124219128649373, 51.58997638889884 ], [ -0.124276981711213, 51.58997376178425 ], [ -0.124334834397239, 51.589971143627501 ], [ -0.124362791557502, 51.589969881992118 ], [ -0.124391370915517, 51.589968585334205 ], [ -0.124414381923484, 51.589967541368658 ], [ -0.124483270304612, 51.589964416125191 ], [ -0.124521749722254, 51.589962670698185 ], [ -0.12459515772525, 51.589959343364342 ], [ -0.124633123691875, 51.589957621167251 ], [ -0.124652569254277, 51.589956744976696 ], [ -0.124755583097294, 51.589952083265842 ], [ -0.124797656785039, 51.589950170383446 ], [ -0.124811807551109, 51.589949740096586 ], [ -0.124886145124054, 51.589947502031571 ], [ -0.124898084161352, 51.589947144296659 ], [ -0.124943412180811, 51.589945782450094 ], [ -0.124992787447998, 51.589944296422502 ], [ -0.125043362349785, 51.589942775589932 ], [ -0.125085366297981, 51.58994150444807 ], [ -0.125153676440115, 51.589939448661397 ], [ -0.125187918069642, 51.589938422136235 ], [ -0.125212544831915, 51.589936702423088 ], [ -0.125231640984657, 51.58993537093226 ], [ -0.125245829096658, 51.589934383659575 ], [ -0.125332695619534, 51.589928325890668 ], [ -0.125363605385868, 51.589926175980473 ], [ -0.125414320790214, 51.589922642930148 ], [ -0.12544473856193, 51.589920521107672 ], [ -0.12545575649069, 51.589919743940705 ], [ -0.125497408587167, 51.589916848393791 ], [ -0.12550640087198, 51.589916884147527 ], [ -0.125519990282645, 51.589916764037888 ], [ -0.125542527951024, 51.589916346254647 ], [ -0.125560343790801, 51.589914202922976 ], [ -0.125594742169759, 51.589910067405036 ], [ -0.125608577182375, 51.589909065455132 ], [ -0.125627675375844, 51.589908911939766 ], [ -0.125639803433789, 51.589908871883765 ], [ -0.125659832856488, 51.589907312436843 ], [ -0.125665615366696, 51.589906766349607 ], [ -0.125690406809843, 51.589904622026793 ], [ -0.125700851238008, 51.589903327603459 ], [ -0.125730907146009, 51.589898771972052 ], [ -0.125747162658236, 51.589896306936943 ], [ -0.125777478331332, 51.589895262487914 ], [ -0.125784677993566, 51.589895008804895 ], [ -0.125808998358676, 51.589890910072604 ], [ -0.12582076859565, 51.589886934593544 ], [ -0.12584695800437, 51.589878108716974 ], [ -0.125900515540969, 51.589867247068007 ], [ -0.125941058399354, 51.589859028116514 ], [ -0.12596293875997, 51.589854584636939 ], [ -0.125972648608091, 51.589852617513358 ], [ -0.12600977788469, 51.589845085890445 ], [ -0.126049512815379, 51.589837029349539 ], [ -0.126090194153939, 51.589828776588504 ], [ -0.126101804047495, 51.589826417156388 ], [ -0.126166425178278, 51.58981331312161 ], [ -0.126187504636351, 51.589809036657698 ], [ -0.126234964904776, 51.58980356285786 ], [ -0.126240882779885, 51.589802884017715 ], [ -0.126265236489818, 51.589802535563514 ], [ -0.126282821309147, 51.589797232092366 ], [ -0.126304103006158, 51.589790670265593 ], [ -0.126367979902385, 51.589781092753057 ], [ -0.126392824314635, 51.589767407353008 ], [ -0.126422454929695, 51.589751073671572 ], [ -0.126500506674276, 51.58974556669606 ], [ -0.126693616603236, 51.589731933147434 ], [ -0.126697166990021, 51.589746701436738 ], [ -0.126709154878523, 51.589771837815867 ], [ -0.12671493573617, 51.589783970966515 ], [ -0.12675754199819, 51.589873379439659 ], [ -0.126767974668692, 51.589895262702704 ], [ -0.126791059206549, 51.589943691257197 ], [ -0.126821147403603, 51.590006817329375 ], [ -0.126860419281296, 51.590089203401355 ], [ -0.126867343750579, 51.590103719808312 ], [ -0.126870042404831, 51.590109536026254 ], [ -0.126896399480833, 51.590202497819156 ], [ -0.126901165989323, 51.590219290825907 ], [ -0.126903598269776, 51.590227899433764 ], [ -0.126938699177507, 51.590351700932544 ], [ -0.126940300849007, 51.590357337772843 ], [ -0.126946931015904, 51.590380769958784 ], [ -0.126958908616852, 51.590423018724415 ], [ -0.126962198918716, 51.590434635504536 ], [ -0.126971467858051, 51.590467273091292 ], [ -0.126994149293139, 51.590547290040043 ], [ -0.126998965080109, 51.590564290654257 ], [ -0.1270040968409, 51.59058238439529 ], [ -0.127005913121643, 51.590588771031385 ], [ -0.127009416931831, 51.590601164566465 ], [ -0.127013400989967, 51.590615220373351 ], [ -0.127031708150768, 51.590679790444213 ], [ -0.127009158405151, 51.590693134926681 ], [ -0.126989834268937, 51.590704570549107 ], [ -0.126870162474322, 51.590732505949596 ], [ -0.126853618251622, 51.590736369348669 ], [ -0.126821012416963, 51.590737624805016 ], [ -0.126809247720644, 51.5907404089766 ], [ -0.126780266096312, 51.590747266110171 ], [ -0.126738916892391, 51.590763143012353 ], [ -0.126713291882137, 51.590769118508085 ], [ -0.126696149844987, 51.590773125211427 ], [ -0.126574611828441, 51.590801498119816 ], [ -0.126553199048547, 51.590806497716592 ], [ -0.126514382292524, 51.590815553758269 ], [ -0.1264821101399, 51.59082308666234 ], [ -0.126410058649986, 51.590839911981817 ], [ -0.126398937007799, 51.590842504051317 ], [ -0.126370396571347, 51.590849161302955 ], [ -0.12630665341114, 51.590864050975874 ], [ -0.126207256895772, 51.59088724674772 ], [ -0.126189561000984, 51.590891379418053 ], [ -0.126180013347388, 51.590893609929815 ], [ -0.126145146462683, 51.590901748756387 ], [ -0.12610764128932, 51.59091050188308 ], [ -0.126077949205914, 51.590917428427957 ], [ -0.126035385704481, 51.59092736867467 ], [ -0.126016654739664, 51.590931745567296 ], [ -0.125985373631975, 51.590939046871803 ], [ -0.125946294197717, 51.590948165972911 ], [ -0.125923971425213, 51.5909521212877 ], [ -0.125918724620301, 51.590952626485937 ], [ -0.125910386545133, 51.590953176728327 ], [ -0.125899038821467, 51.590955648237774 ], [ -0.125844982148185, 51.590968435282129 ], [ -0.125823406080828, 51.590973540046377 ], [ -0.125800660400752, 51.590982160145131 ], [ -0.125776375750147, 51.590987833119279 ], [ -0.125732472292189, 51.590999285059461 ], [ -0.125709555379285, 51.591010838430662 ], [ -0.125699805011185, 51.591015187876408 ], [ -0.125701347674797, 51.591018395836798 ], [ -0.125900572619212, 51.591283347561657 ], [ -0.125779021374926, 51.591314102423745 ], [ -0.125753024915756, 51.591320674267948 ], [ -0.12574546772269, 51.591322594827986 ], [ -0.125615308853302, 51.591355532064981 ], [ -0.125569456969532, 51.591367137161548 ], [ -0.125539404587365, 51.591374741237587 ], [ -0.125535100872707, 51.591375832504035 ], [ -0.125414176728567, 51.591406421653929 ], [ -0.125339308276731, 51.591425363984825 ], [ -0.125306571263136, 51.591433653493183 ], [ -0.125163252730834, 51.591469922977339 ], [ -0.125137693353085, 51.591476393760111 ], [ -0.125133769165026, 51.591477383167351 ], [ -0.125074124297974, 51.591492459054805 ], [ -0.125023070593652, 51.591505397119228 ], [ -0.125012902391044, 51.591507968323626 ], [ -0.124876104870033, 51.591542579150243 ], [ -0.124858189982392, 51.591547112778407 ], [ -0.12480969754404, 51.59155937678581 ], [ -0.124747228802273, 51.591575185219668 ], [ -0.124737979472603, 51.591577528290863 ], [ -0.124730597542825, 51.591579397632103 ], [ -0.12470199389539, 51.591584416846274 ], [ -0.124626696305292, 51.591597637179802 ], [ -0.124557432961674, 51.591609811880787 ], [ -0.124536191983659, 51.591613604374373 ], [ -0.124494792794074, 51.5916241696603 ], [ -0.124489175411903, 51.591625608578831 ], [ -0.124468501518978, 51.591630880385623 ], [ -0.124451051929962, 51.591635331465156 ], [ -0.124444033990637, 51.591637125675 ], [ -0.124405924917224, 51.591646848776961 ], [ -0.124379283662812, 51.591653643811853 ], [ -0.124331063812424, 51.591665943452199 ], [ -0.124282595343333, 51.591678320029907 ], [ -0.124267138528955, 51.591683108682012 ], [ -0.124250248599419, 51.591688342026913 ], [ -0.124059590083151, 51.591747404480593 ], [ -0.124047555092392, 51.591751132753473 ], [ -0.123925318793754, 51.591788996736042 ], [ -0.123883993262474, 51.591801797600247 ], [ -0.12386948672335, 51.591806295652525 ], [ -0.123853035444953, 51.591811392075456 ], [ -0.123841351510724, 51.591813606221656 ], [ -0.123829377178936, 51.591815860685202 ], [ -0.123811204262702, 51.59181929295201 ], [ -0.123803968405742, 51.591819716791044 ], [ -0.123774647646231, 51.591821460063315 ], [ -0.123760552891336, 51.591822268802289 ], [ -0.12373797122633, 51.591820576817049 ], [ -0.123731767862662, 51.591820117920498 ], [ -0.123688247030661, 51.591816814155386 ], [ -0.123661060478693, 51.591814760757927 ], [ -0.123640983619955, 51.591813243696905 ], [ -0.123612703188596, 51.591811109847846 ], [ -0.123523083893331, 51.591804344087421 ], [ -0.123499682852299, 51.59180256701255 ], [ -0.123451124347663, 51.591798894832941 ], [ -0.123441050042331, 51.591798131214901 ], [ -0.123377689169158, 51.591793345496981 ], [ -0.123322718058663, 51.591789282941235 ], [ -0.123214161851923, 51.59178725430246 ], [ -0.123192480228806, 51.591786844540223 ], [ -0.123176380856018, 51.591786551045288 ], [ -0.123148481813165, 51.591786023835766 ], [ -0.123134560961509, 51.591785765183339 ], [ -0.123076353151933, 51.591784681182048 ], [ -0.123066500425873, 51.591784496591281 ], [ -0.123061927716513, 51.591784405456799 ], [ -0.122995447376171, 51.591787532418095 ], [ -0.122989603572223, 51.591787807620371 ], [ -0.122924511945297, 51.591790866833385 ], [ -0.122889753199977, 51.591792495909083 ], [ -0.122852158928344, 51.591794268450293 ], [ -0.122827771203981, 51.591795415976947 ], [ -0.122818534770684, 51.59179551549424 ], [ -0.122794378286314, 51.591795780960204 ], [ -0.122790074140854, 51.591795828998251 ], [ -0.122706215995289, 51.591796753382958 ], [ -0.122687006225548, 51.591796967584315 ], [ -0.122562374667442, 51.59179833655071 ], [ -0.122464267197103, 51.591814328860558 ], [ -0.122377396792834, 51.59182038444149 ], [ -0.122347914798414, 51.591820083497524 ], [ -0.122279094749231, 51.591819377808825 ], [ -0.122248113626866, 51.591815168122686 ], [ -0.122168721497174, 51.591804410503912 ], [ -0.12200614215406, 51.591790909554163 ], [ -0.12180903266629, 51.591774544583622 ], [ -0.121746993061025, 51.591769405949655 ], [ -0.121655001798606, 51.591768355939401 ], [ -0.121554014432376, 51.591780659453406 ], [ -0.121515346024975, 51.591785372875506 ], [ -0.121459011763806, 51.591798197867796 ], [ -0.121426593127597, 51.591805569667116 ], [ -0.121400579192326, 51.591811492812091 ], [ -0.121379551011692, 51.591814492311869 ], [ -0.121313076189835, 51.591823958063991 ], [ -0.121291024574796, 51.591827094031821 ], [ -0.121052455798807, 51.591861059945252 ], [ -0.120940795281629, 51.591876959833037 ], [ -0.120934187495362, 51.591877906121546 ], [ -0.120853270398087, 51.591889424391297 ], [ -0.120455362481682, 51.591896071904188 ], [ -0.120432507721485, 51.59189645215671 ], [ -0.120399092983089, 51.591895943843653 ], [ -0.120188101130486, 51.591892734477419 ], [ -0.119904090559391, 51.591888408660495 ], [ -0.119732377411987, 51.591867105649285 ], [ -0.119686446468378, 51.591861338318829 ], [ -0.119508503703004, 51.591806640709414 ], [ -0.119458750496529, 51.591791347506792 ] ] ] } },
{ "type": "Feature", "properties": { "lsoa21cd": "E01001998", "lsoa21nm": "Haringey 023A", "msoa21cd": "E02000419", "msoa21nm": "Haringey 023", "lad22cd": "E09000014", "lad22nm": "Haringey", "index_right": 583, "GSS_CODE": "E05000273", "risk_score": 0.00024230783110911188, "allocation_hours": 0.0060226418196480469, "patrol_units": 0 }, "geometry": { "type": "Polygon", "coordinates": [ [ [ -0.104100792502008, 51.58830099380161 ], [ -0.104596225973531, 51.588220849891236 ], [ -0.105330020959135, 51.588102138088715 ], [ -0.105647561494745, 51.588050768762869 ], [ -0.105631891693254, 51.588019689481584 ], [ -0.105572784434988, 51.587902516093337 ], [ -0.105487527335194, 51.587733438377199 ], [ -0.105478877205359, 51.587720322508446 ], [ -0.105475075218909, 51.587714550872334 ], [ -0.105418730335086, 51.587725384671081 ], [ -0.105408864884501, 51.587729694525557 ], [ -0.10532943569124, 51.587742655208189 ], [ -0.105278491698206, 51.587754133738578 ], [ -0.105053580726521, 51.587792089489916 ], [ -0.10434968332458, 51.587910869193287 ], [ -0.104014517020039, 51.587967426431575 ], [ -0.103924092259291, 51.587982690303811 ], [ -0.103778072501275, 51.588007329883922 ], [ -0.103654286612035, 51.588028217498199 ], [ -0.103525335279156, 51.588049978240093 ], [ -0.103220261649125, 51.588101455382386 ], [ -0.103134075201831, 51.588117815946234 ], [ -0.103118905844203, 51.5881088083066 ], [ -0.102640060507084, 51.587615468330874 ], [ -0.102551390844617, 51.587524108931262 ], [ -0.102482255701184, 51.587451050496604 ], [ -0.102413120402736, 51.587378001007679 ], [ -0.102175643939696, 51.587098268954335 ], [ -0.102127896286416, 51.587042012652049 ], [ -0.102097114709361, 51.58700575140923 ], [ -0.102041939487771, 51.586940745680238 ], [ -0.102064823603562, 51.586937110835933 ], [ -0.102174974500364, 51.586918166031687 ], [ -0.102193076188992, 51.586915050859282 ], [ -0.10228874571811, 51.586898596288641 ], [ -0.10234952728228, 51.58687896922639 ], [ -0.102415587319825, 51.586868123266775 ], [ -0.102757221457221, 51.586817988020279 ], [ -0.102886382903387, 51.587120812707589 ], [ -0.103171533786296, 51.587074123742312 ], [ -0.103180239829498, 51.587072699885191 ], [ -0.103486391862152, 51.587022582037619 ], [ -0.103494310330348, 51.587041468382282 ], [ -0.103515852494285, 51.587039622633235 ], [ -0.10354123459768, 51.587039160876046 ], [ -0.103586447067034, 51.58702942487102 ], [ -0.10360454721042, 51.587023917461764 ], [ -0.10362111246427, 51.587018870819705 ], [ -0.103686895287772, 51.587007399182276 ], [ -0.10371193970294, 51.587006032681252 ], [ -0.103726234993922, 51.58700246004873 ], [ -0.103785774742497, 51.586991849589097 ], [ -0.10382235312108, 51.586982153720463 ], [ -0.103913734133886, 51.586970574334174 ], [ -0.103926196835409, 51.586969759707358 ], [ -0.103943823016089, 51.586965233753183 ], [ -0.103967087750365, 51.586956680422503 ], [ -0.104065765583358, 51.586936604127963 ], [ -0.104090845720424, 51.586932990009117 ], [ -0.104113364015984, 51.586932661674574 ], [ -0.104155872072468, 51.586924428429867 ], [ -0.10418667438391, 51.58691581707405 ], [ -0.104214198809322, 51.586910354030934 ], [ -0.104312632131173, 51.586904130958267 ], [ -0.104332894856582, 51.586898685377101 ], [ -0.104390002301231, 51.586877136431156 ], [ -0.104510345489168, 51.586859181520438 ], [ -0.104514828717016, 51.586857941092404 ], [ -0.104582504390665, 51.586842596828262 ], [ -0.104591409246644, 51.58684055560137 ], [ -0.104699686064525, 51.586821865906273 ], [ -0.104730437867629, 51.586821059047395 ], [ -0.104813265516312, 51.586797155936054 ], [ -0.104870282383373, 51.586783329818047 ], [ -0.104766900993286, 51.586513557762629 ], [ -0.104752467417262, 51.586475861889099 ], [ -0.10493471198805, 51.586445472317138 ], [ -0.105227268187763, 51.586395849660875 ], [ -0.106305870360932, 51.586212912862578 ], [ -0.106292420852148, 51.586178776111097 ], [ -0.1061725162612, 51.585873982658455 ], [ -0.106167424459532, 51.585861041207437 ], [ -0.106078763275022, 51.585635670042215 ], [ -0.10607718183326, 51.585566051871922 ], [ -0.105963696047761, 51.585585126268221 ], [ -0.104944268508575, 51.585756444684399 ], [ -0.104354666200065, 51.585855525270489 ], [ -0.104295909580518, 51.585865393295613 ], [ -0.104291047022321, 51.585858057766224 ], [ -0.104172471148861, 51.585679537728602 ], [ -0.104142816618362, 51.585593962600335 ], [ -0.104183796345493, 51.585587044524928 ], [ -0.104340258202393, 51.585560618379766 ], [ -0.104473271558832, 51.585538156329747 ], [ -0.104602810638604, 51.585516276435122 ], [ -0.104732538245865, 51.585494372468716 ], [ -0.104836477082548, 51.58547682654784 ], [ -0.104902373385827, 51.585465688811311 ], [ -0.104968792326092, 51.585454478552499 ], [ -0.10503500816172, 51.585443291951478 ], [ -0.105172658340852, 51.585420040774686 ], [ -0.105291235785658, 51.585400015286091 ], [ -0.105295945767887, 51.58539921912444 ], [ -0.105382716233025, 51.5853845696439 ], [ -0.105395450523813, 51.585382419378135 ], [ -0.105492978822945, 51.585365938320621 ], [ -0.105538827923309, 51.585358199204599 ], [ -0.105651488463029, 51.585339174838303 ], [ -0.105717994716917, 51.585327938592584 ], [ -0.105784311918539, 51.585316735225291 ], [ -0.105819200354571, 51.585310842239522 ], [ -0.10581403158814, 51.585298367134655 ], [ -0.105973910775325, 51.585272677462868 ], [ -0.105949473667371, 51.58522160123708 ], [ -0.105881969253609, 51.585080435288354 ], [ -0.105828357389787, 51.584968296562081 ], [ -0.105862510020681, 51.584962040974133 ], [ -0.105891135205437, 51.584956802160399 ], [ -0.105904109491372, 51.584954430906308 ], [ -0.105950785473689, 51.584945886677858 ], [ -0.106038406512973, 51.58492984763992 ], [ -0.106079017185046, 51.584922410380834 ], [ -0.10618954681073, 51.584902182073691 ], [ -0.106307974448186, 51.584880507537513 ], [ -0.106364526612531, 51.584870153299065 ], [ -0.106553702546187, 51.584835520882692 ], [ -0.106543547532523, 51.584806518088207 ], [ -0.106473577355235, 51.584606897663015 ], [ -0.106484104175136, 51.584603326795516 ], [ -0.106764096567805, 51.584508346435307 ], [ -0.106724988932483, 51.584428194683788 ], [ -0.106718722710997, 51.584420243089575 ], [ -0.106694685199633, 51.584389766196857 ], [ -0.106675206875387, 51.584361772895186 ], [ -0.106612770480867, 51.584271964189242 ], [ -0.10659830561587, 51.584251155870554 ], [ -0.106584343864386, 51.584231093055656 ], [ -0.106548644975461, 51.584179736175834 ], [ -0.106525258418901, 51.584146104410905 ], [ -0.106531627879498, 51.584144273889237 ], [ -0.107125714128246, 51.583973423292029 ], [ -0.109221049954291, 51.583370816720929 ], [ -0.109623530090929, 51.583255057536618 ], [ -0.109716048586642, 51.583344527622351 ], [ -0.109815824466132, 51.583440412934401 ], [ -0.109824201004903, 51.583450043993587 ], [ -0.109925586378479, 51.583566646774436 ], [ -0.109937159645675, 51.583579944318785 ], [ -0.109942807998922, 51.583586446982345 ], [ -0.109948001958186, 51.583592420759082 ], [ -0.110052570608959, 51.583712680705595 ], [ -0.110086200668642, 51.583751359734357 ], [ -0.110098260567238, 51.583766499564405 ], [ -0.110199285409032, 51.583893221793971 ], [ -0.110212402414592, 51.583909673566993 ], [ -0.110245468557899, 51.58395116710043 ], [ -0.110247733116587, 51.583953991257189 ], [ -0.110260519986865, 51.583970051028203 ], [ -0.110278288530372, 51.583992332927949 ], [ -0.110359555217469, 51.584099870437399 ], [ -0.110392068587673, 51.584142865748142 ], [ -0.110395845259841, 51.584147863465539 ], [ -0.110414742312471, 51.584172870255948 ], [ -0.110436403405256, 51.584201536550246 ], [ -0.110486103352398, 51.584267280923633 ], [ -0.110566785882374, 51.584383360678252 ], [ -0.110633494863784, 51.584479557719398 ], [ -0.110157269253638, 51.584605681822929 ], [ -0.10918997570482, 51.584861857472632 ], [ -0.108672376871657, 51.584998929407909 ], [ -0.108437993994835, 51.585060997627899 ], [ -0.107846421849534, 51.585217660471152 ], [ -0.107365896158794, 51.585309937351468 ], [ -0.107391164124414, 51.585345217937508 ], [ -0.107428751907726, 51.585397711089001 ], [ -0.107438889817966, 51.585411848992834 ], [ -0.107494268536701, 51.585489196656262 ], [ -0.107498403314166, 51.585494951118079 ], [ -0.107507081556139, 51.585507046650612 ], [ -0.107524019917515, 51.585530704906589 ], [ -0.107562365870217, 51.585584239882614 ], [ -0.10757943405038, 51.585608075577667 ], [ -0.107615126868536, 51.585657894297803 ], [ -0.107655580637158, 51.585714381308392 ], [ -0.107687057652967, 51.585758313850199 ], [ -0.107708710143663, 51.585788554193392 ], [ -0.107782456162778, 51.585891502876322 ], [ -0.107796850199378, 51.585911608476785 ], [ -0.107827768135086, 51.585954758603386 ], [ -0.107832693581285, 51.585961636378812 ], [ -0.107838478569946, 51.585969715028007 ], [ -0.10787642227603, 51.586022699354615 ], [ -0.107903820480462, 51.586060927745933 ], [ -0.1079213799673, 51.58608545473944 ], [ -0.107960550135265, 51.586140194369037 ], [ -0.108050207682613, 51.586265323203961 ], [ -0.108081439593411, 51.586308918951701 ], [ -0.108207827409962, 51.586485348708663 ], [ -0.108258861683962, 51.586556590143175 ], [ -0.108264140994643, 51.586563952904847 ], [ -0.108283012604448, 51.586589498268921 ], [ -0.108357460681872, 51.586690200767904 ], [ -0.108419143979078, 51.586773620635512 ], [ -0.108448776191251, 51.58681369240491 ], [ -0.108493005546029, 51.586873513249053 ], [ -0.108501656882292, 51.586885226086025 ], [ -0.108510391046469, 51.586897030182861 ], [ -0.108523443862981, 51.586914686087056 ], [ -0.108595104575002, 51.587011620581372 ], [ -0.108636997319706, 51.587068274302858 ], [ -0.108645170685592, 51.587079331962151 ], [ -0.108701756580186, 51.58715586216065 ], [ -0.108715436320644, 51.587174067699664 ], [ -0.108718815470576, 51.58717890618469 ], [ -0.108793161423101, 51.587285244993161 ], [ -0.108876502121222, 51.587404426149128 ], [ -0.108910677249296, 51.587453315310761 ], [ -0.108919657028266, 51.587466162861595 ], [ -0.108930463432302, 51.587481606314448 ], [ -0.109090617789152, 51.587710672806757 ], [ -0.109096334129598, 51.587708588814003 ], [ -0.109102757063049, 51.587718350275807 ], [ -0.109096981762058, 51.587719767877005 ], [ -0.109137276425934, 51.587792350927401 ], [ -0.109021721879457, 51.587811778945749 ], [ -0.108688153322498, 51.587868400409 ], [ -0.108694456015415, 51.587873962279602 ], [ -0.108841632769777, 51.587983382093576 ], [ -0.108866501266379, 51.588047827372947 ], [ -0.108868541136382, 51.588063372242566 ], [ -0.10882806078184, 51.588150045047755 ], [ -0.10882223973951, 51.588158476007287 ], [ -0.108865075845709, 51.588169822901989 ], [ -0.108933082289707, 51.588198346615641 ], [ -0.108989783662061, 51.588235266773864 ], [ -0.109056332169422, 51.588351452249093 ], [ -0.109054896618961, 51.58835682456764 ], [ -0.109021975741196, 51.588480488367225 ], [ -0.109020812769636, 51.588484857926964 ], [ -0.10906089374886, 51.588490944697178 ], [ -0.109077799277669, 51.588503438043674 ], [ -0.108818556477971, 51.588553292940318 ], [ -0.108786978336833, 51.588559375115679 ], [ -0.108591021161402, 51.588597067241757 ], [ -0.108583602597064, 51.58855599597743 ], [ -0.108526802350607, 51.5885282373346 ], [ -0.108428394861317, 51.588330515676589 ], [ -0.108187822097809, 51.588302382086574 ], [ -0.108052965829044, 51.588314495349351 ], [ -0.108030189030584, 51.588319990935467 ], [ -0.107937996988205, 51.588347760357848 ], [ -0.108016457065981, 51.58861211388686 ], [ -0.108035703874752, 51.588647135275515 ], [ -0.107629043308109, 51.588715336573927 ], [ -0.107509657338179, 51.58873535595454 ], [ -0.107191243575887, 51.588788744051335 ], [ -0.107111783274393, 51.588802074143395 ], [ -0.107094557175878, 51.588804952424589 ], [ -0.107088626108492, 51.588805944769426 ], [ -0.107073129419815, 51.588808545221035 ], [ -0.106930752245733, 51.58883242382695 ], [ -0.106892010663823, 51.588838920406573 ], [ -0.106786194563908, 51.58885666272527 ], [ -0.106752090381294, 51.588862379846958 ], [ -0.106716343330796, 51.588868376177118 ], [ -0.106661334577235, 51.588877600027168 ], [ -0.106202031240088, 51.58895460882988 ], [ -0.105882472891527, 51.58900819523798 ], [ -0.105935383384529, 51.589047025000326 ], [ -0.105850964072919, 51.5890612093634 ], [ -0.104146336790293, 51.589349495325919 ], [ -0.104108283081788, 51.589327990613512 ], [ -0.104104603341756, 51.589307832979351 ], [ -0.104078817454528, 51.589166009689777 ], [ -0.104084894107819, 51.589138276282206 ], [ -0.104095503640634, 51.589089726683362 ], [ -0.104143070639871, 51.589052592524993 ], [ -0.104193594479173, 51.589033212299455 ], [ -0.10426246960242, 51.588999875685587 ], [ -0.104328405796994, 51.588950430993918 ], [ -0.104322789272871, 51.588945942885985 ], [ -0.104308565730455, 51.588937367947509 ], [ -0.104235420625215, 51.588882851189574 ], [ -0.104144924221311, 51.588746789018657 ], [ -0.104140577132737, 51.588648646993889 ], [ -0.104163565670403, 51.588645017017981 ], [ -0.104157599736293, 51.588629498499117 ], [ -0.104151505248625, 51.588613600218274 ], [ -0.104118580254924, 51.588527828389601 ], [ -0.104035565754928, 51.588311548457746 ], [ -0.104062525565243, 51.588307185981435 ], [ -0.104100792502008, 51.58830099380161 ] ] ] } },
{ "type": "Feature", "properties": { "lsoa21cd": "E01002014", "lsoa21nm": "Haringey 020B", "msoa21cd": "E02000416", "msoa21nm": "Haringey 020", "lad22cd": "E09000014", "lad22nm": "Haringey", "index_right": 583, "GSS_CODE": "E05000273", "risk_score": 0.0015361753566062351, "allocation_hours": 0.038182149964618092, "patrol_units": 0 }, "geometry": { "type": "Polygon", "coordinates": [ [ [ -0.120049427949906, 51.588372497141052 ], [ -0.120040390447558, 51.588369016145585 ], [ -0.119956675249696, 51.588367674763077 ], [ -0.119723822102592, 51.588363943404161 ], [ -0.119692257600758, 51.588363437562712 ], [ -0.119660510873817, 51.588245613616749 ], [ -0.119651272424839, 51.588243505211899 ], [ -0.119635169873445, 51.588239821035309 ], [ -0.119304805695787, 51.588164358173088 ], [ -0.119276876284657, 51.588157975486332 ], [ -0.119249757287347, 51.588054667439572 ], [ -0.119204364860172, 51.58788171687906 ], [ -0.119248988237352, 51.587889338363468 ], [ -0.119302835477829, 51.587829295800418 ], [ -0.119338245239257, 51.587753940332028 ], [ -0.11952571677296, 51.587758905474715 ], [ -0.119657398260687, 51.587762391727651 ], [ -0.119661480099649, 51.587663477513274 ], [ -0.119667688663274, 51.587513025817181 ], [ -0.119666416854584, 51.587497774963211 ], [ -0.119634133402917, 51.587493262249204 ], [ -0.119569820842751, 51.58750241995925 ], [ -0.119440585679934, 51.587520824412543 ], [ -0.119140208060947, 51.587563597515135 ], [ -0.119120734907827, 51.587566387736295 ], [ -0.11908651956001, 51.587572061995587 ], [ -0.118874467668893, 51.587607248910786 ], [ -0.118842883021543, 51.587612488677763 ], [ -0.118764349720807, 51.587625527482288 ], [ -0.118707634098028, 51.587634932420087 ], [ -0.118669261290714, 51.587641304252287 ], [ -0.118627385844782, 51.587648249377459 ], [ -0.118588969681411, 51.587652174548332 ], [ -0.118322956400407, 51.587679337201493 ], [ -0.118325619436644, 51.587689307547897 ], [ -0.118224326450231, 51.587699768583512 ], [ -0.118220701256909, 51.587690376269308 ], [ -0.118114733784442, 51.587701822608857 ], [ -0.118085675338284, 51.587704962219284 ], [ -0.11807784523741, 51.587705807736562 ], [ -0.117887950780529, 51.58772631113856 ], [ -0.117670818910312, 51.587740810699231 ], [ -0.117453337302519, 51.587750844000631 ], [ -0.117446973541284, 51.587751137501648 ], [ -0.117448250062104, 51.587731770321376 ], [ -0.117452258354867, 51.587670740118106 ], [ -0.117463301062635, 51.587502336356579 ], [ -0.116953620131586, 51.587494152696969 ], [ -0.116918002631333, 51.58749358072393 ], [ -0.116851049235492, 51.587492505505857 ], [ -0.116806764670298, 51.587491794310061 ], [ -0.116811613027344, 51.587468788607453 ], [ -0.116780592059075, 51.587493568131343 ], [ -0.116517801859218, 51.587493043291587 ], [ -0.116497813159349, 51.587490492102098 ], [ -0.11644831561633, 51.587484166692626 ], [ -0.116372717906954, 51.587454815032729 ], [ -0.116258234480964, 51.587410369825974 ], [ -0.116218254991773, 51.587394845092689 ], [ -0.116189048224551, 51.587379925048189 ], [ -0.116168395442857, 51.587349792339168 ], [ -0.116060775662951, 51.587217556181812 ], [ -0.11597395062665, 51.587143799093177 ], [ -0.115933994452751, 51.587139937817376 ], [ -0.115857201739975, 51.587132526131747 ], [ -0.115426287476433, 51.587125313624547 ], [ -0.115291107478427, 51.587123051044493 ], [ -0.115020020204628, 51.587248472382889 ], [ -0.114828947873825, 51.587464591292623 ], [ -0.114816999272027, 51.587478103667074 ], [ -0.114738688573931, 51.587761374261291 ], [ -0.114737890832847, 51.587764256999392 ], [ -0.114726321736839, 51.587773827788219 ], [ -0.114605453836048, 51.587862420294876 ], [ -0.114594755999709, 51.587864190654493 ], [ -0.114581528706623, 51.587866387949241 ], [ -0.114358352824919, 51.587903409182282 ], [ -0.11421473020064, 51.58791861861161 ], [ -0.114136869696159, 51.587925331942557 ], [ -0.11393812497154, 51.587941613071663 ], [ -0.113640946998039, 51.587967577958359 ], [ -0.113590427373453, 51.587971989856477 ], [ -0.113325005574066, 51.588022402677062 ], [ -0.113284876661339, 51.588030021068484 ], [ -0.113214104341406, 51.588041390816862 ], [ -0.113183150294144, 51.588046369144919 ], [ -0.113178275353726, 51.588048008259463 ], [ -0.113147681019618, 51.588058243949682 ], [ -0.113080679583911, 51.588080690031234 ], [ -0.112642353838999, 51.588223971477511 ], [ -0.11260146632824, 51.58823735057392 ], [ -0.11257038064084, 51.588247802119433 ], [ -0.112451318837025, 51.588018548715951 ], [ -0.112418670322818, 51.587955705568966 ], [ -0.112343593806509, 51.587811124268164 ], [ -0.112329111242882, 51.587783232183327 ], [ -0.11220375628755, 51.58754185788014 ], [ -0.112195981579693, 51.587526904179924 ], [ -0.112115971708019, 51.587364674752472 ], [ -0.112114103433959, 51.587360884933929 ], [ -0.111974207010778, 51.587077182605832 ], [ -0.111947959609122, 51.587023974356526 ], [ -0.111934207138069, 51.586993907007475 ], [ -0.111906013180164, 51.58693228644858 ], [ -0.111845085979655, 51.586799107503921 ], [ -0.111766671757871, 51.58662776176682 ], [ -0.111623057780233, 51.586313869889992 ], [ -0.11159361962462, 51.586249549454372 ], [ -0.111555856132255, 51.586167029111216 ], [ -0.111480595708048, 51.586002532220192 ], [ -0.111477233701288, 51.585995185200552 ], [ -0.11143872332816, 51.585920943815978 ], [ -0.111423311377331, 51.585891227348903 ], [ -0.111374228008162, 51.585796600632861 ], [ -0.111366180111093, 51.585781111912482 ], [ -0.111335343478063, 51.58572164277853 ], [ -0.111287234919724, 51.585628929126472 ], [ -0.111281735888405, 51.585618325685047 ], [ -0.111273400565671, 51.585602250516189 ], [ -0.111259392108055, 51.585575245371537 ], [ -0.111252480667712, 51.585561942126887 ], [ -0.111246973630218, 51.585551323267396 ], [ -0.111202983959283, 51.585466508340367 ], [ -0.111118545414512, 51.585303751740256 ], [ -0.111112182649105, 51.585291491455656 ], [ -0.111105164831281, 51.585277970668379 ], [ -0.111095259525713, 51.585258890996201 ], [ -0.111081422654792, 51.585232208721564 ], [ -0.111051364303702, 51.585174248379772 ], [ -0.111044854072439, 51.58516171594183 ], [ -0.111041392131597, 51.585155041730765 ], [ -0.111019122981509, 51.585112121731619 ], [ -0.110986000840116, 51.58504826332554 ], [ -0.110964554299205, 51.585011966014747 ], [ -0.110954477996664, 51.584994924859068 ], [ -0.11095203618533, 51.584990802949577 ], [ -0.110860475888557, 51.584835880718572 ], [ -0.110857615604029, 51.584831059646234 ], [ -0.110822100057463, 51.584770975422664 ], [ -0.110780297706573, 51.584700286715126 ], [ -0.110750264659922, 51.584654894535191 ], [ -0.110660883820812, 51.58451985357307 ], [ -0.110645315985073, 51.584496357248 ], [ -0.110636543859659, 51.584483725390065 ], [ -0.110947610239256, 51.584489582573283 ], [ -0.111248919860195, 51.584502035095653 ], [ -0.111263222545804, 51.584502778052922 ], [ -0.111398035408709, 51.584511271223818 ], [ -0.111461580073259, 51.584516053550047 ], [ -0.111551902533752, 51.584523928878042 ], [ -0.112169328935113, 51.584187581148477 ], [ -0.112661311468009, 51.583919559048496 ], [ -0.112915999191528, 51.584134782854996 ], [ -0.113051669429821, 51.584249443720559 ], [ -0.11301826756906, 51.584707520755508 ], [ -0.113091552150547, 51.584896812987473 ], [ -0.113170574522372, 51.585100936102165 ], [ -0.113252989076265, 51.585313791437038 ], [ -0.113273675204279, 51.585371639941556 ], [ -0.113330610830925, 51.585530858975737 ], [ -0.1137071548261, 51.585500947220531 ], [ -0.114156568234347, 51.585454221367087 ], [ -0.114331158236661, 51.585421059417847 ], [ -0.114448061634738, 51.585386969593777 ], [ -0.114594529985617, 51.585335370167392 ], [ -0.114627628657046, 51.585320723131865 ], [ -0.11465334607833, 51.585309338562176 ], [ -0.114874184641108, 51.585204979931042 ], [ -0.114962594130324, 51.58516143906833 ], [ -0.114977390982905, 51.585152684507783 ], [ -0.115050260032628, 51.585135871060849 ], [ -0.115079110274636, 51.585136334838566 ], [ -0.115165289318191, 51.585146712591019 ], [ -0.115187132097622, 51.585155363719352 ], [ -0.115236299926615, 51.585174831337746 ], [ -0.115278460335302, 51.58520248631995 ], [ -0.115299730827119, 51.58522113680943 ], [ -0.115320249137167, 51.585239127749439 ], [ -0.115415347764956, 51.585033830217235 ], [ -0.115418971295443, 51.585025093853432 ], [ -0.11545048213366, 51.584949002731967 ], [ -0.115463454188299, 51.584917701723271 ], [ -0.115465566132838, 51.584866631651579 ], [ -0.11546642718604, 51.584845810015658 ], [ -0.115510817130373, 51.584819546133872 ], [ -0.115585543456624, 51.584757800031291 ], [ -0.115603745293507, 51.584736510705156 ], [ -0.11564184857396, 51.584699255903217 ], [ -0.115698257942984, 51.584644121557872 ], [ -0.115705584250512, 51.584636946426379 ], [ -0.11574563107572, 51.584646591400805 ], [ -0.115745737762822, 51.584655531596503 ], [ -0.115747410896145, 51.58478787318294 ], [ -0.115766778026067, 51.584812410025222 ], [ -0.115884128666511, 51.584845643355465 ], [ -0.115966799774885, 51.584874524542599 ], [ -0.116004610326678, 51.58488973578023 ], [ -0.115989953336237, 51.585145802655916 ], [ -0.116058890167893, 51.585159850388052 ], [ -0.116443611262031, 51.585238258242185 ], [ -0.116515096373789, 51.585252823235969 ], [ -0.116553745316969, 51.585163591652886 ], [ -0.116566957333869, 51.585133103704877 ], [ -0.116572478432032, 51.585120360185272 ], [ -0.116598043812654, 51.585125213088155 ], [ -0.116981969027681, 51.585198094024399 ], [ -0.117179775433399, 51.585235648492009 ], [ -0.117208472155999, 51.585184978313343 ], [ -0.117213128647241, 51.5851795317297 ], [ -0.117220803141808, 51.585170563610433 ], [ -0.117243919098522, 51.585143516855695 ], [ -0.11725010346617, 51.585140918426895 ], [ -0.117303987229812, 51.585118232431867 ], [ -0.117425978826811, 51.585073412468169 ], [ -0.117714914633123, 51.584967255300789 ], [ -0.117906860550022, 51.584909385716465 ], [ -0.117908477617436, 51.584912172348396 ], [ -0.117914998788616, 51.584931125154618 ], [ -0.117929085617921, 51.58497205100231 ], [ -0.117945004079432, 51.584907812797617 ], [ -0.117946043275913, 51.584903621020175 ], [ -0.117965595522404, 51.584824792468723 ], [ -0.117967725718372, 51.584816202919022 ], [ -0.117981581596477, 51.58476031254844 ], [ -0.11799057262192, 51.584732742188436 ], [ -0.117991837204324, 51.584728859770756 ], [ -0.118031165681407, 51.584608237072771 ], [ -0.118042059145474, 51.584568152802724 ], [ -0.11804822101084, 51.584545473874435 ], [ -0.118078974558863, 51.584432204226815 ], [ -0.118082260002642, 51.5844195821265 ], [ -0.118090782993052, 51.584420469786373 ], [ -0.118162913773419, 51.584433362564802 ], [ -0.118676678934623, 51.584510331694226 ], [ -0.118740877679757, 51.584515722397533 ], [ -0.118814196281871, 51.58452187976502 ], [ -0.118916250004327, 51.584530233322639 ], [ -0.118936226128023, 51.584535859120258 ], [ -0.118945055335497, 51.58453282634413 ], [ -0.118986827578618, 51.584536004924487 ], [ -0.119134096343276, 51.584548059657358 ], [ -0.119155157412744, 51.584549782110415 ], [ -0.119159458987609, 51.58455012983157 ], [ -0.11920980960457, 51.584554255165145 ], [ -0.119284199496498, 51.584560339487076 ], [ -0.119300153426033, 51.584561647330325 ], [ -0.119321214508667, 51.584563369753795 ], [ -0.119363084102615, 51.584549500113091 ], [ -0.119372757301433, 51.584550149744246 ], [ -0.119382602487916, 51.584550829108593 ], [ -0.119538606105482, 51.584561440671472 ], [ -0.119651988211795, 51.58456916583075 ], [ -0.119692637282621, 51.584571930492586 ], [ -0.119812025053038, 51.584583483600959 ], [ -0.119865163402693, 51.584588615515891 ], [ -0.119872761935697, 51.584589940464134 ], [ -0.119948802764412, 51.584614720902614 ], [ -0.120091739982244, 51.584659707243411 ], [ -0.120098180764784, 51.584661734819974 ], [ -0.120151110533193, 51.584685922718442 ], [ -0.12011933827796, 51.584824180342864 ], [ -0.120117664313657, 51.584831167617487 ], [ -0.120051265800214, 51.584851793490714 ], [ -0.120031787817661, 51.584857704159845 ], [ -0.119969262036409, 51.584866504046964 ], [ -0.119940244096826, 51.584868008418326 ], [ -0.119853450661136, 51.584872507677083 ], [ -0.119828887880624, 51.584873786662023 ], [ -0.119795449197472, 51.584878880075564 ], [ -0.119779892018432, 51.584881247569058 ], [ -0.119719771411079, 51.58489594893021 ], [ -0.119691556263151, 51.584902834585748 ], [ -0.119675248640554, 51.584908346381638 ], [ -0.119655515850608, 51.584915008268766 ], [ -0.11962017053555, 51.584929576074458 ], [ -0.119604026044717, 51.58492413769563 ], [ -0.119526588119075, 51.584904102429434 ], [ -0.119504230729026, 51.584899859371099 ], [ -0.119478450589774, 51.584894958957264 ], [ -0.119366777637838, 51.584904211755862 ], [ -0.119337936252425, 51.584904235057252 ], [ -0.119325282917382, 51.584903393776045 ], [ -0.119303719729074, 51.584901942070445 ], [ -0.119293369961374, 51.584901245619065 ], [ -0.119278974645887, 51.584899243364156 ], [ -0.119237713156319, 51.584896621613531 ], [ -0.119215728711615, 51.584893310698632 ], [ -0.119191922839704, 51.58489146332537 ], [ -0.119177617301014, 51.584890433679526 ], [ -0.11915827505822, 51.584890429360769 ], [ -0.119149744261445, 51.584890427495253 ], [ -0.119145426746278, 51.584890115487958 ], [ -0.119118945394504, 51.584888216218232 ], [ -0.119051941638353, 51.584883275338115 ], [ -0.119042856569252, 51.584883412954177 ], [ -0.119033706834104, 51.584883018979539 ], [ -0.119016901309522, 51.584882057144945 ], [ -0.11899432006067, 51.584879042363447 ], [ -0.118959436417291, 51.584874378068271 ], [ -0.118952225582162, 51.584873871292906 ], [ -0.118941966724555, 51.584873945120734 ], [ -0.118910036437733, 51.584871693168623 ], [ -0.118883495063223, 51.584867751601877 ], [ -0.118849851112911, 51.584862778926023 ], [ -0.118731313274456, 51.584835870404106 ], [ -0.118701919596457, 51.584947175002796 ], [ -0.118674662068368, 51.585050438642746 ], [ -0.118666038392235, 51.585083104748762 ], [ -0.11864439700282, 51.585165011487874 ], [ -0.118642512687204, 51.585172193201622 ], [ -0.1186382644637, 51.585188383394431 ], [ -0.118584791896961, 51.585183641231737 ], [ -0.118583881641594, 51.585186459250771 ], [ -0.118571305591413, 51.585226049089272 ], [ -0.118542373234224, 51.585317074119004 ], [ -0.118505593927974, 51.585432783418966 ], [ -0.118497165770896, 51.585459310817122 ], [ -0.118485254513655, 51.585496780099746 ], [ -0.118555296799464, 51.585502615315725 ], [ -0.118553547892556, 51.585509313607872 ], [ -0.118552558733893, 51.585512993634467 ], [ -0.118533977683303, 51.585583349188937 ], [ -0.118532880078603, 51.585587558029601 ], [ -0.118504290096768, 51.58569580453964 ], [ -0.118473371158058, 51.585812907205074 ], [ -0.118471729557231, 51.585819103640475 ], [ -0.118452757346668, 51.585817819222065 ], [ -0.118397293603608, 51.585814088164895 ], [ -0.118241127507977, 51.585803993934249 ], [ -0.118233706430073, 51.58581189608617 ], [ -0.118206978930916, 51.585840764488594 ], [ -0.118194475276903, 51.585858314878649 ], [ -0.118176117846051, 51.585884089318974 ], [ -0.118165869940635, 51.585905389780685 ], [ -0.118156886276517, 51.585924039779805 ], [ -0.118142868288425, 51.585971267852607 ], [ -0.118140718489369, 51.585990468155146 ], [ -0.118135104585674, 51.586040420922068 ], [ -0.118140853317543, 51.586251106858619 ], [ -0.118141145904847, 51.586261848513381 ], [ -0.118173990168405, 51.586333047110848 ], [ -0.118224365517233, 51.586419112755948 ], [ -0.118253156655121, 51.586455634417106 ], [ -0.118304786849893, 51.586512368375487 ], [ -0.118320587086363, 51.586528250611494 ], [ -0.118323170009036, 51.586531070695109 ], [ -0.118338528861766, 51.586547854085104 ], [ -0.118428872972781, 51.586646574015035 ], [ -0.11846573303598, 51.586690103957835 ], [ -0.118483836057281, 51.586702309226936 ], [ -0.11850236626958, 51.586714831582377 ], [ -0.118507031718445, 51.586714587165964 ], [ -0.118548492684909, 51.58671136729378 ], [ -0.11872934084206, 51.586697289449852 ], [ -0.118735727415603, 51.58669678935938 ], [ -0.118922333494055, 51.586695338983326 ], [ -0.118946683968086, 51.58669608008087 ], [ -0.119072694849216, 51.586700132526452 ], [ -0.119081589548742, 51.586700418996507 ], [ -0.119126473892689, 51.586702739180645 ], [ -0.119207217160574, 51.586708511745556 ], [ -0.119220371395045, 51.586709819682319 ], [ -0.119313143886028, 51.586708833853685 ], [ -0.119326949739026, 51.586707994040765 ], [ -0.119349436544762, 51.586707023598215 ], [ -0.119441191789127, 51.586703053862166 ], [ -0.119482430142219, 51.586702078198556 ], [ -0.119538276578556, 51.586700761131226 ], [ -0.119608598150616, 51.586700575266697 ], [ -0.119625792100834, 51.586700536089346 ], [ -0.11963315620077, 51.586700833957323 ], [ -0.119672555188629, 51.586702454537367 ], [ -0.119702603668816, 51.586701191558255 ], [ -0.119761175068788, 51.586699954023899 ], [ -0.119843671712723, 51.586698218594869 ], [ -0.119873504536287, 51.586698858510729 ], [ -0.119909350075147, 51.58670910875442 ], [ -0.119987303561823, 51.586732119523781 ], [ -0.120030897768198, 51.586738771024173 ], [ -0.120103755037152, 51.586749901995432 ], [ -0.12018500282755, 51.586758145895672 ], [ -0.120122287588945, 51.586977743297773 ], [ -0.120141890348631, 51.587013442572974 ], [ -0.120145247285638, 51.587019548260777 ], [ -0.120384146006816, 51.586984339510032 ], [ -0.120500683410445, 51.586967160408221 ], [ -0.120683651113956, 51.586940200378884 ], [ -0.120774132840431, 51.586926866070229 ], [ -0.121118950485168, 51.586876050802061 ], [ -0.121128245577741, 51.586874679929636 ], [ -0.121156799253009, 51.586870461109662 ], [ -0.121156428344885, 51.586879456589486 ], [ -0.121164703757882, 51.586912618289567 ], [ -0.12117022834713, 51.586934774171269 ], [ -0.121196229485199, 51.58703902608039 ], [ -0.121190210653749, 51.587058964827385 ], [ -0.121220783386876, 51.587137418723032 ], [ -0.121236032659509, 51.587176565940169 ], [ -0.121230755478234, 51.58717739686756 ], [ -0.121216802512308, 51.587180401723636 ], [ -0.121134482158227, 51.587198147460668 ], [ -0.121114237189232, 51.58720250832053 ], [ -0.120633751351521, 51.587302722116078 ], [ -0.12059411229421, 51.587312158698047 ], [ -0.120577770024283, 51.587316042433422 ], [ -0.120515694895691, 51.587330811806353 ], [ -0.120495241147689, 51.587335681783202 ], [ -0.120385902394412, 51.587361698853861 ], [ -0.120342254048481, 51.587369992031171 ], [ -0.120338266510247, 51.587370773437854 ], [ -0.120344067735854, 51.587381315574149 ], [ -0.120384027315472, 51.587454048009057 ], [ -0.120336674899508, 51.587468846316369 ], [ -0.120312969457727, 51.587476253986956 ], [ -0.120165483392638, 51.587508772715751 ], [ -0.120131031063707, 51.587518795817161 ], [ -0.120139574715462, 51.587595476233204 ], [ -0.120154339232173, 51.587728162228458 ], [ -0.120287020854288, 51.587796984778358 ], [ -0.120294907085157, 51.587801076780792 ], [ -0.12027425353576, 51.587896865932414 ], [ -0.12026642441574, 51.587907135747102 ], [ -0.120252154935478, 51.587925854176959 ], [ -0.120244310267237, 51.587936150718278 ], [ -0.120198872528319, 51.587972057889246 ], [ -0.120209982045564, 51.587992495813708 ], [ -0.120210691061398, 51.587997354090376 ], [ -0.120218593757161, 51.588051435253831 ], [ -0.120219245102854, 51.588055941901864 ], [ -0.120219921222767, 51.588060547863471 ], [ -0.120188253680601, 51.588198658738428 ], [ -0.120187177933191, 51.588203389503711 ], [ -0.120052104516772, 51.588369203837303 ], [ -0.120049427949906, 51.588372497141052 ] ] ] } },
{ "type": "Feature", "properties": { "lsoa21cd": "E01002030", "lsoa21nm": "Haringey 016C", "msoa21cd": "E02000412", "msoa21nm": "Haringey 016", "lad22cd": "E09000014", "lad22nm": "Haringey", "index_right": 583, "GSS_CODE": "E05000273", "risk_score": 6.5591043516863632, "allocation_hours": 163.02872254307545, "patrol_units": 82 }, "geometry": { "type": "Polygon", "coordinates": [ [ [ -0.117210499495461, 51.595736679247516 ], [ -0.117196428351655, 51.5957274519225 ], [ -0.116787986707508, 51.59582881182579 ], [ -0.116701058483715, 51.595836408297288 ], [ -0.116600787441339, 51.595816813148645 ], [ -0.116444303117691, 51.595760345374572 ], [ -0.116315189804337, 51.59574028673331 ], [ -0.11623905065505, 51.595739063734683 ], [ -0.116185333384699, 51.595738200861732 ], [ -0.1158664199444, 51.595769047274636 ], [ -0.115765420467484, 51.595767424555689 ], [ -0.115679592921134, 51.595748060679227 ], [ -0.115648188691764, 51.59572746610155 ], [ -0.115637422618367, 51.595720405812713 ], [ -0.115595995452956, 51.595674787013166 ], [ -0.115640024660328, 51.595657500644691 ], [ -0.115655568269676, 51.595630773123915 ], [ -0.115724804829717, 51.595353120402784 ], [ -0.115785042570149, 51.595026638055764 ], [ -0.115799244013989, 51.594949657257828 ], [ -0.115819247362071, 51.594815092252439 ], [ -0.115850400501435, 51.594410933577734 ], [ -0.115770150623409, 51.594256772954786 ], [ -0.115704815129653, 51.594163352964067 ], [ -0.115388471260886, 51.593711094130398 ], [ -0.115220427184911, 51.593465579889958 ], [ -0.115172912131558, 51.593396177007428 ], [ -0.115018312140273, 51.593435381012853 ], [ -0.114766022310378, 51.593505791812653 ], [ -0.114104408964301, 51.593690451534378 ], [ -0.113987484270538, 51.593724531881286 ], [ -0.113565774747578, 51.593838004761778 ], [ -0.113249783423843, 51.593923025436766 ], [ -0.113199091334612, 51.593936669682428 ], [ -0.113135388718446, 51.593854856743782 ], [ -0.11306738154536, 51.593767525093227 ], [ -0.112993452993835, 51.593672580447382 ], [ -0.112776578015102, 51.593360209479009 ], [ -0.112734587774399, 51.593299725062607 ], [ -0.112253645252832, 51.59343578215185 ], [ -0.112135296090757, 51.593484360506466 ], [ -0.112096323479461, 51.593501232380859 ], [ -0.11208598666201, 51.593506101733993 ], [ -0.112017204077863, 51.593539965972681 ], [ -0.111942830753811, 51.593592723186525 ], [ -0.111935416599289, 51.593597091042803 ], [ -0.111898430137273, 51.593618985629298 ], [ -0.111888195538494, 51.593641940393148 ], [ -0.111882512603554, 51.593654699081867 ], [ -0.111871767956463, 51.593665227082717 ], [ -0.111837366993631, 51.593698934372526 ], [ -0.111733231866058, 51.593787011136627 ], [ -0.111724703692653, 51.593794220635765 ], [ -0.111624204094247, 51.593879217483732 ], [ -0.111533519343459, 51.593955910420185 ], [ -0.111175355030551, 51.594258825463065 ], [ -0.111043384989706, 51.594369033298229 ], [ -0.110832427223976, 51.594258265455366 ], [ -0.110667036083836, 51.594154723882852 ], [ -0.110633333521409, 51.59413361520933 ], [ -0.11052283890749, 51.594064436684526 ], [ -0.110364032347451, 51.593974129717438 ], [ -0.110311266499725, 51.593944117007084 ], [ -0.110231222204056, 51.593885014801565 ], [ -0.110199198176632, 51.593861388189779 ], [ -0.110171775246956, 51.593849355024346 ], [ -0.110163423754489, 51.593845686412955 ], [ -0.110119333509384, 51.59382476089408 ], [ -0.110116808782221, 51.59382193255221 ], [ -0.110114107875022, 51.59382404721007 ], [ -0.109906679432053, 51.593733000995854 ], [ -0.109646207523071, 51.593618672251594 ], [ -0.109599439050513, 51.593603152777895 ], [ -0.10953227707421, 51.593580865949839 ], [ -0.109469153224807, 51.593554858366275 ], [ -0.109428287034131, 51.593538013169336 ], [ -0.109374105834242, 51.593515692721077 ], [ -0.109316944469567, 51.593492128206194 ], [ -0.109298008563602, 51.593484332214281 ], [ -0.109267135507131, 51.593471604746078 ], [ -0.109100618443309, 51.59340299636046 ], [ -0.109097065260119, 51.59341138296589 ], [ -0.109088760830821, 51.593407975816241 ], [ -0.109079311187392, 51.593407463749472 ], [ -0.109066851006497, 51.593406786236962 ], [ -0.108935202662002, 51.593399690583297 ], [ -0.1089107428768, 51.593398369930732 ], [ -0.108826041067537, 51.593371888138094 ], [ -0.108702715301365, 51.593333336005827 ], [ -0.108667412243903, 51.593322299450115 ], [ -0.108592629993117, 51.593298926987579 ], [ -0.108467722564012, 51.59325988148872 ], [ -0.108413527635471, 51.593250428547364 ], [ -0.10828072768409, 51.593227271071328 ], [ -0.108262481101652, 51.593224090157825 ], [ -0.10804310727608, 51.593185831348428 ], [ -0.107984684003714, 51.5931756445503 ], [ -0.107966036290231, 51.59317238967536 ], [ -0.107911726716038, 51.593162921162381 ], [ -0.107876022694835, 51.593234545380476 ], [ -0.10785581682868, 51.593275063017416 ], [ -0.107816557822453, 51.593307485775483 ], [ -0.107806287342542, 51.593315961792079 ], [ -0.107788376309642, 51.593304702017221 ], [ -0.107539332314374, 51.593147964743693 ], [ -0.107503356672962, 51.593125325727392 ], [ -0.1074711318769, 51.593104597875339 ], [ -0.107445591652844, 51.593050295813669 ], [ -0.107424141146201, 51.593018593001233 ], [ -0.107420605387204, 51.593013347301884 ], [ -0.107357864920569, 51.592942364574725 ], [ -0.107372314387915, 51.592901061699493 ], [ -0.107376903413805, 51.592858017016049 ], [ -0.107376083490491, 51.592809291740124 ], [ -0.107373669795201, 51.592790242768906 ], [ -0.107399101361225, 51.592771984902683 ], [ -0.107462702478964, 51.592718679013352 ], [ -0.107470282022401, 51.592711031866273 ], [ -0.107475948623308, 51.592706339337177 ], [ -0.107522716456899, 51.592673525298679 ], [ -0.107559045183327, 51.592643168573908 ], [ -0.107594935042421, 51.592607040602381 ], [ -0.107635023959604, 51.592556016960607 ], [ -0.107668047794958, 51.592499906480548 ], [ -0.107678267487822, 51.592475270242964 ], [ -0.107693419222196, 51.592408359200164 ], [ -0.107696437493457, 51.592368364571186 ], [ -0.107694357287109, 51.592338503082537 ], [ -0.107702289914211, 51.592333127712877 ], [ -0.10775016843949, 51.592293371359368 ], [ -0.107794229036488, 51.592249947414231 ], [ -0.107807883328903, 51.592232641467696 ], [ -0.10783052893648, 51.592203934304223 ], [ -0.107847289944287, 51.592173351685176 ], [ -0.107854475500311, 51.592160239740707 ], [ -0.10787560585746, 51.592103011049979 ], [ -0.107874974567106, 51.592100482979824 ], [ -0.108128265559638, 51.592079741381255 ], [ -0.108439978394736, 51.592070921372283 ], [ -0.108469472768603, 51.592055975074459 ], [ -0.108469969360077, 51.592044014142964 ], [ -0.108442539878524, 51.591823193905775 ], [ -0.108437415541087, 51.591781970821756 ], [ -0.108469574490604, 51.591778645276065 ], [ -0.108474093862196, 51.591778803601045 ], [ -0.10851436329426, 51.591774507289216 ], [ -0.108954267520919, 51.591727557312957 ], [ -0.108980393581063, 51.591708536952311 ], [ -0.10890395637658, 51.591619708956586 ], [ -0.108881723876048, 51.59156092652983 ], [ -0.108879613239318, 51.591514041866994 ], [ -0.108892955886985, 51.591469447694017 ], [ -0.108922890314878, 51.591420930602951 ], [ -0.108972857303901, 51.59136802450503 ], [ -0.109004920637123, 51.591341950890993 ], [ -0.108940277027153, 51.591298032501463 ], [ -0.108891741510232, 51.591252107745596 ], [ -0.10886150130195, 51.591210956248581 ], [ -0.108841874987332, 51.591164517498967 ], [ -0.10883690501555, 51.591152783142491 ], [ -0.108833868755627, 51.591027685260514 ], [ -0.108867595902471, 51.590993869045768 ], [ -0.108890069031778, 51.590971372669529 ], [ -0.108851514766499, 51.590930887416491 ], [ -0.108848611049826, 51.590926065601231 ], [ -0.108801705046278, 51.590848198941281 ], [ -0.108796466529032, 51.590817198436589 ], [ -0.108791100656344, 51.590785440512228 ], [ -0.108797551605598, 51.59074062729205 ], [ -0.108800078496944, 51.590736441595418 ], [ -0.10884942802826, 51.590654920630023 ], [ -0.108858107384117, 51.590645456670934 ], [ -0.10889007227588, 51.590610613870446 ], [ -0.108902557811113, 51.59059222783744 ], [ -0.108908345365477, 51.590586350187507 ], [ -0.108962392315242, 51.590531468608475 ], [ -0.108987586259747, 51.590511237224646 ], [ -0.108978054551201, 51.590504716867876 ], [ -0.108938482443368, 51.590477631949497 ], [ -0.108854211743421, 51.59039950445694 ], [ -0.108837390620744, 51.590383919049877 ], [ -0.108831934829482, 51.590372761364783 ], [ -0.108797334077914, 51.590302080266902 ], [ -0.108795178234873, 51.590297675170611 ], [ -0.108792936885093, 51.590286982976551 ], [ -0.108769247238672, 51.590173592867814 ], [ -0.10880296346903, 51.590128895640134 ], [ -0.108808555079891, 51.590121477127127 ], [ -0.108817614751607, 51.590109456458137 ], [ -0.108788663293162, 51.59008040256284 ], [ -0.108733144505506, 51.590024680228652 ], [ -0.10870641239912, 51.589985635528954 ], [ -0.108689340968194, 51.589922179274367 ], [ -0.108691250960078, 51.58988868624369 ], [ -0.108693304944452, 51.589852767574989 ], [ -0.108697338703556, 51.589843579407002 ], [ -0.108711858855402, 51.589810604492804 ], [ -0.108784866680381, 51.589712082722961 ], [ -0.108792673583104, 51.589704852809973 ], [ -0.10882986506663, 51.589678673113546 ], [ -0.108861348438008, 51.589650198201625 ], [ -0.10883887383209, 51.589640051969184 ], [ -0.108668839159663, 51.589582806436233 ], [ -0.108453292574398, 51.589561263918171 ], [ -0.108203323314717, 51.589602130787853 ], [ -0.108158820434124, 51.589539805573246 ], [ -0.108136794637211, 51.589389935505409 ], [ -0.108269694906848, 51.589366178609211 ], [ -0.108308583007634, 51.589359288267936 ], [ -0.108327910896383, 51.589355859203508 ], [ -0.108350758324706, 51.589351803485556 ], [ -0.108366895362278, 51.589348385888599 ], [ -0.108428953445673, 51.589335232843673 ], [ -0.108448687739243, 51.58933105494971 ], [ -0.108464154806483, 51.58932777940403 ], [ -0.108483437772062, 51.589323693141033 ], [ -0.108510949611199, 51.589317860186917 ], [ -0.108547028827441, 51.589308037884344 ], [ -0.10860890868884, 51.589291176982798 ], [ -0.108634854351283, 51.589284122743265 ], [ -0.108647513095687, 51.58928068497616 ], [ -0.108735251211636, 51.589256786336158 ], [ -0.108832333632738, 51.589230349590281 ], [ -0.108874590404609, 51.589218810342423 ], [ -0.108995645673517, 51.589185889844572 ], [ -0.10900534075802, 51.589183249537108 ], [ -0.109090289509536, 51.589160114974398 ], [ -0.109197292620489, 51.589130982802907 ], [ -0.10926189477538, 51.589113387610801 ], [ -0.109280072954436, 51.58910843811541 ], [ -0.109307303590589, 51.589101026765171 ], [ -0.109401494271101, 51.589075379227971 ], [ -0.109448728300147, 51.589062517201398 ], [ -0.109491800841822, 51.589050793052834 ], [ -0.109526740967797, 51.589041275817237 ], [ -0.109559067452009, 51.589032471801467 ], [ -0.109568616717922, 51.589029865067168 ], [ -0.109653316626651, 51.589009234983173 ], [ -0.109679960545379, 51.589002740311287 ], [ -0.109687850547204, 51.589000808230253 ], [ -0.109745440342177, 51.58898677314837 ], [ -0.10991188853395, 51.588950536831248 ], [ -0.109966210854868, 51.588938706079595 ], [ -0.110028516279251, 51.588925133541281 ], [ -0.110123758439495, 51.588904431137635 ], [ -0.110231397821642, 51.588880950149758 ], [ -0.110237675919669, 51.588879594549091 ], [ -0.110243794583031, 51.588878254363628 ], [ -0.110258493054518, 51.588875056122596 ], [ -0.110273003598996, 51.588871898914213 ], [ -0.110306585803961, 51.588866191246268 ], [ -0.110322969794847, 51.588863424819223 ], [ -0.110601778523322, 51.588816228882003 ], [ -0.110613510680871, 51.588814241744259 ], [ -0.110758337169354, 51.588789732711305 ], [ -0.110773427484153, 51.588787179182859 ], [ -0.11081533987671, 51.588780093948529 ], [ -0.110820195871348, 51.588779263945 ], [ -0.110844924918188, 51.588775076196875 ], [ -0.110872765019828, 51.58877036304694 ], [ -0.1109948614754, 51.588749696000981 ], [ -0.111083099119374, 51.58873476014778 ], [ -0.111120695882538, 51.588725914708611 ], [ -0.111401134473316, 51.588659903980776 ], [ -0.111424649024865, 51.588654365670266 ], [ -0.11146432318054, 51.588645027522048 ], [ -0.11161544646962, 51.588609454738126 ], [ -0.111621831433152, 51.588607956906152 ], [ -0.11164343636305, 51.588602864399526 ], [ -0.111741193323012, 51.588576795839785 ], [ -0.111804924676544, 51.588559792233717 ], [ -0.112061239513032, 51.58843802505114 ], [ -0.112065582256595, 51.588436341443995 ], [ -0.112164301903992, 51.588389461548296 ], [ -0.112173048990382, 51.588385303983465 ], [ -0.112248202199596, 51.588365948155115 ], [ -0.112302384149616, 51.588352072792368 ], [ -0.112307414452504, 51.58835079681139 ], [ -0.112347493394559, 51.588340632185677 ], [ -0.112360332072495, 51.588337367776617 ], [ -0.112495616376646, 51.588303045140236 ], [ -0.112586746101023, 51.588279697334691 ], [ -0.112838620512283, 51.588631798945428 ], [ -0.112913086197009, 51.588724378474019 ], [ -0.112919113757663, 51.58873185826468 ], [ -0.113057418991401, 51.588903825119282 ], [ -0.113225827160063, 51.589148233624151 ], [ -0.113288495485881, 51.589239184278462 ], [ -0.113317841813752, 51.589281768014487 ], [ -0.113558674333979, 51.589578930809317 ], [ -0.113980133322841, 51.590099007135308 ], [ -0.114007451658618, 51.590132718501046 ], [ -0.114026899691108, 51.59015672634245 ], [ -0.114049404789909, 51.590185351501731 ], [ -0.114119154643462, 51.590274095503332 ], [ -0.114131428290566, 51.590289723901442 ], [ -0.114151684325803, 51.590315489246038 ], [ -0.114620261272719, 51.590911659354092 ], [ -0.114679672720588, 51.590987242707982 ], [ -0.114798083839675, 51.591137908112472 ], [ -0.114821220443094, 51.591167343586122 ], [ -0.114869716396713, 51.591229019917932 ], [ -0.115571980478956, 51.592122987405943 ], [ -0.115996781138704, 51.59266294518136 ], [ -0.11634235751463, 51.593102539461881 ], [ -0.116683691881737, 51.593511776236831 ], [ -0.116697502396512, 51.593528337266228 ], [ -0.116712537187047, 51.593546365735619 ], [ -0.116870012067558, 51.593735172680212 ], [ -0.117054508642817, 51.593952433671234 ], [ -0.117563979782809, 51.594552359312821 ], [ -0.117585072196634, 51.594577193248199 ], [ -0.117614513432893, 51.594613815372519 ], [ -0.118484126593137, 51.595695385111391 ], [ -0.118650169009615, 51.595902441690228 ], [ -0.11863380737716, 51.59590580689067 ], [ -0.118623963491732, 51.595907834211161 ], [ -0.118328813884622, 51.595968516740086 ], [ -0.117883175342567, 51.596060134474392 ], [ -0.117497299413622, 51.596139476865119 ], [ -0.117334042450362, 51.595891533824556 ], [ -0.117210499495461, 51.595736679247516 ] ] ] } },
{ "type": "Feature", "properties": { "lsoa21cd": "E01001990", "lsoa21nm": "Haringey 034C", "msoa21cd": "E02000430", "msoa21nm": "Haringey 034", "lad22cd": "E09000014", "lad22nm": "Haringey", "index_right": 583, "GSS_CODE": "E05000273", "risk_score": 10.0, "allocation_hours": 248.55332954286712, "patrol_units": 124 }, "geometry": { "type": "Polygon", "coordinates": [ [ [ -0.118075738463332, 51.581166383546055 ], [ -0.118039830411968, 51.58111896109903 ], [ -0.118030995683548, 51.581107286493882 ], [ -0.117991761952054, 51.581055467303585 ], [ -0.117971560319171, 51.581028777215259 ], [ -0.117962062248421, 51.581016215194232 ], [ -0.117938438002885, 51.580985027897611 ], [ -0.117936549188846, 51.580982533651103 ], [ -0.11790844996202, 51.580945420440052 ], [ -0.117876847168891, 51.580903673830932 ], [ -0.117868197039438, 51.580892249467624 ], [ -0.11783329556935, 51.580846151509114 ], [ -0.117791468697894, 51.580790904966108 ], [ -0.117773853852257, 51.580767637522811 ], [ -0.117753282699191, 51.580740464862195 ], [ -0.117740527059591, 51.580723606096001 ], [ -0.117691857067891, 51.580659320167484 ], [ -0.117688599389807, 51.580655023438304 ], [ -0.117673763471289, 51.580635415551278 ], [ -0.117637096370469, 51.580586996111705 ], [ -0.117632565957474, 51.580581015346823 ], [ -0.117600443770388, 51.580538576892437 ], [ -0.117550898190282, 51.580473134803022 ], [ -0.117514450991535, 51.580424988625282 ], [ -0.11749820493019, 51.58040353260845 ], [ -0.117404057955417, 51.580279599720235 ], [ -0.117401404086672, 51.580275571659627 ], [ -0.117416347353031, 51.580273005953913 ], [ -0.117503631259889, 51.580256422504668 ], [ -0.117983320581914, 51.580174198846109 ], [ -0.117994231025359, 51.580172125865424 ], [ -0.118324846545853, 51.580109304712501 ], [ -0.118507021916612, 51.580074691724953 ], [ -0.118527532027342, 51.580071180845778 ], [ -0.118572433018556, 51.580063501910239 ], [ -0.118674183149338, 51.580046105443074 ], [ -0.118745975094493, 51.580033830841323 ], [ -0.118767139054299, 51.580030213501985 ], [ -0.118845050389161, 51.580016894914586 ], [ -0.119126002687967, 51.57996884542046 ], [ -0.119128646335919, 51.579975642918747 ], [ -0.119134253094326, 51.579985273773978 ], [ -0.11914101309194, 51.579984096220073 ], [ -0.119344831416926, 51.579948569925861 ], [ -0.119442262782784, 51.579931589158448 ], [ -0.119478519556277, 51.579925273065001 ], [ -0.119631993751027, 51.579898516321492 ], [ -0.119733102992303, 51.579880892843285 ], [ -0.11981340857085, 51.579866901576153 ], [ -0.120086802979704, 51.579819243028872 ], [ -0.120098593136727, 51.579817183822684 ], [ -0.120243402023213, 51.579791942048473 ], [ -0.120423013443873, 51.579760639177735 ], [ -0.12057349163261, 51.579734408720135 ], [ -0.120600322233931, 51.579729728986521 ], [ -0.12064322819544, 51.57972225290154 ], [ -0.120814478620053, 51.579686139438579 ], [ -0.121022870267041, 51.579642194601234 ], [ -0.121201763576443, 51.579604476416399 ], [ -0.121357162266375, 51.579571772747308 ], [ -0.12145450176421, 51.579563462040007 ], [ -0.121701525600205, 51.579542372812 ], [ -0.121885311967867, 51.579526691450546 ], [ -0.121898391165951, 51.579525569925224 ], [ -0.12206636107707, 51.57951123576327 ], [ -0.122170065810729, 51.579512895542052 ], [ -0.122305689693324, 51.579515066043697 ], [ -0.122525964953069, 51.579518590957441 ], [ -0.122540258615033, 51.579518819674796 ], [ -0.122564619861729, 51.579519209482726 ], [ -0.122585606016061, 51.579519545281244 ], [ -0.122790776219838, 51.579568824338317 ], [ -0.122973794347227, 51.579612793825262 ], [ -0.122961940495971, 51.579572947527076 ], [ -0.123018729592091, 51.579562268346443 ], [ -0.123145463030929, 51.579538429797239 ], [ -0.123227542707729, 51.579380018979435 ], [ -0.123219876015798, 51.579352046756256 ], [ -0.123208520215772, 51.579310616785385 ], [ -0.12317679601801, 51.579268222542609 ], [ -0.123107820869417, 51.579176052752864 ], [ -0.123096554900201, 51.579169595813205 ], [ -0.123013868049929, 51.579104606597909 ], [ -0.122986612297483, 51.579073749149003 ], [ -0.122972220117979, 51.579057341507735 ], [ -0.122899372773155, 51.578930245951845 ], [ -0.122955560777058, 51.578904985829112 ], [ -0.12301499915079, 51.578905936689694 ], [ -0.123044215801693, 51.578897411627672 ], [ -0.123073802508146, 51.578879900035915 ], [ -0.123079580137962, 51.578873131225279 ], [ -0.123104129312257, 51.578844415391266 ], [ -0.123115623528982, 51.578830957722083 ], [ -0.123129281439052, 51.578823838364563 ], [ -0.12312922027588, 51.578814808974272 ], [ -0.123128884476452, 51.578770740635932 ], [ -0.123128644166397, 51.578738372992198 ], [ -0.123336275418022, 51.578482441997132 ], [ -0.123367789135742, 51.578342403146301 ], [ -0.123329333894299, 51.578318030047853 ], [ -0.12330969396144, 51.578287114632843 ], [ -0.123301941246692, 51.578274904787492 ], [ -0.123292935775932, 51.578201634200546 ], [ -0.123268229563358, 51.578177741774354 ], [ -0.123232504244671, 51.578117217725335 ], [ -0.123009337438165, 51.578090141655387 ], [ -0.122803777418749, 51.578142642214232 ], [ -0.122764485254959, 51.578121429873718 ], [ -0.122632194640899, 51.577884952198772 ], [ -0.122611185028701, 51.57784736034337 ], [ -0.122968514333102, 51.577760895723749 ], [ -0.123277706899949, 51.577686078645108 ], [ -0.123371003679363, 51.577663507096034 ], [ -0.123412957911626, 51.577653360196656 ], [ -0.12341136071429, 51.577650789789928 ], [ -0.123405628334121, 51.57764156628096 ], [ -0.123293092779901, 51.577460317644466 ], [ -0.123285756975006, 51.577448501140395 ], [ -0.123229776881309, 51.577358346737732 ], [ -0.123152885860073, 51.577234513837233 ], [ -0.123095106082958, 51.577141461991623 ], [ -0.123100493501253, 51.577128041519039 ], [ -0.12307732214104, 51.57709563078047 ], [ -0.123003440550237, 51.576992312723867 ], [ -0.122997661553158, 51.576982823171662 ], [ -0.122933899223845, 51.57689505302271 ], [ -0.122738570552309, 51.576658951786271 ], [ -0.122718842687633, 51.576635102922658 ], [ -0.122748029056181, 51.576628681674883 ], [ -0.123214021017513, 51.576526122718015 ], [ -0.123269507772153, 51.576517469248621 ], [ -0.123325926005331, 51.576660758015521 ], [ -0.123483343568794, 51.576774530237834 ], [ -0.123541352278135, 51.576816454516582 ], [ -0.123592571920186, 51.576921280258098 ], [ -0.123626684325618, 51.576991175518657 ], [ -0.123649584172886, 51.576997935355251 ], [ -0.123801456374379, 51.577042763319959 ], [ -0.12386204276745, 51.577060646890573 ], [ -0.123920276456968, 51.57707783636333 ], [ -0.124057212713925, 51.577132110044417 ], [ -0.124086487228981, 51.577127056725338 ], [ -0.124233782756077, 51.57711688510544 ], [ -0.124333254991827, 51.577116407029742 ], [ -0.124466360713849, 51.57711577407661 ], [ -0.124549876625855, 51.577123223884605 ], [ -0.124625666052988, 51.577132906159278 ], [ -0.124707872244876, 51.577231824060128 ], [ -0.12482456839268, 51.57750938848892 ], [ -0.124837269088989, 51.577514645220361 ], [ -0.124953247696916, 51.577399219210619 ], [ -0.125006845807134, 51.577343522237037 ], [ -0.125064258370212, 51.57728385757602 ], [ -0.125149246622001, 51.577195524970946 ], [ -0.125227769169504, 51.577111045668175 ], [ -0.125330451502612, 51.577000586470085 ], [ -0.125345613442134, 51.576982843824034 ], [ -0.125448825476415, 51.577003017253872 ], [ -0.125546053247364, 51.577022015898301 ], [ -0.125637102890769, 51.577037534609062 ], [ -0.125742455958532, 51.577055484879395 ], [ -0.125564712544439, 51.577223492988217 ], [ -0.125545920723073, 51.577263173195227 ], [ -0.125543186463599, 51.577268947626465 ], [ -0.125543725474469, 51.577330941165492 ], [ -0.125441682040474, 51.577355676776151 ], [ -0.12542876628945, 51.577358806625853 ], [ -0.12533800451835, 51.577539093857126 ], [ -0.125336338564388, 51.577542403436922 ], [ -0.125269918393806, 51.577674394421656 ], [ -0.125265816535309, 51.577682538984931 ], [ -0.125261793443421, 51.577690522942596 ], [ -0.125274528339777, 51.577699512037938 ], [ -0.125288016235655, 51.57771054545568 ], [ -0.125276208293928, 51.577746038812734 ], [ -0.125264335249173, 51.577781710977042 ], [ -0.125221879541627, 51.577909318832326 ], [ -0.125214205109312, 51.577932387722512 ], [ -0.125131665338734, 51.577960114439833 ], [ -0.1250957955119, 51.577972166660388 ], [ -0.124975331771459, 51.577989251691989 ], [ -0.124962266389826, 51.577991102171097 ], [ -0.124928458497827, 51.577994077944815 ], [ -0.124895056692302, 51.578028228010467 ], [ -0.124793352097457, 51.578095898392078 ], [ -0.124765498728719, 51.578109544397535 ], [ -0.124750632278831, 51.578112022516294 ], [ -0.124663076295127, 51.578126602709226 ], [ -0.12462480082433, 51.578127663538261 ], [ -0.124581573341476, 51.578175064198767 ], [ -0.124566958047726, 51.578191079936595 ], [ -0.124559362014704, 51.578281332582556 ], [ -0.124687562516753, 51.578389474515326 ], [ -0.124693102489059, 51.578390228500695 ], [ -0.124707585196267, 51.57839286994929 ], [ -0.124713918806023, 51.578392926215081 ], [ -0.124769668022226, 51.578399689287664 ], [ -0.124802600862185, 51.578398695898372 ], [ -0.12489856689244, 51.578395805295443 ], [ -0.124973926316031, 51.578393538512358 ], [ -0.125264440089993, 51.578384781946127 ], [ -0.125274208435111, 51.578384492897889 ], [ -0.125333424830387, 51.578382754790212 ], [ -0.125745775839593, 51.578370557131478 ], [ -0.125865987050368, 51.578367000906802 ], [ -0.125864385297735, 51.578376822048909 ], [ -0.12587172076883, 51.578377083096058 ], [ -0.125897945049917, 51.578367601286331 ], [ -0.125905422534181, 51.57836791855437 ], [ -0.126211773177959, 51.578381516022063 ], [ -0.126891960190775, 51.578104986995882 ], [ -0.126914443260296, 51.578120156472274 ], [ -0.126987678283571, 51.578169570032991 ], [ -0.127040594391999, 51.578227363890193 ], [ -0.127075441670378, 51.578295678220165 ], [ -0.12705049489475, 51.578448628170776 ], [ -0.126996573525397, 51.578542772606646 ], [ -0.126987954414605, 51.57854354325471 ], [ -0.1268558244754, 51.578588815146041 ], [ -0.126825909645766, 51.578596089057342 ], [ -0.126775766163716, 51.578612347190827 ], [ -0.126727732583964, 51.578622919793638 ], [ -0.126611626703619, 51.578667035424942 ], [ -0.126553051399581, 51.578683365661924 ], [ -0.12653179395808, 51.578691393712262 ], [ -0.126508159915341, 51.578697549352022 ], [ -0.126388395833608, 51.578736552595025 ], [ -0.126378955722145, 51.57873868593208 ], [ -0.126294719612198, 51.578768337734807 ], [ -0.126187490671035, 51.578793458779217 ], [ -0.126090708088582, 51.578807416084359 ], [ -0.126039440771877, 51.578818350410394 ], [ -0.125943711510178, 51.57875087985272 ], [ -0.125856982442822, 51.57867794169173 ], [ -0.125817863143771, 51.578667222817451 ], [ -0.125792701599912, 51.578660332854774 ], [ -0.125685490292803, 51.578630977497042 ], [ -0.125610069513297, 51.57862069030439 ], [ -0.125530480378593, 51.578621568033419 ], [ -0.125453611555693, 51.578632452796853 ], [ -0.125448036815494, 51.578633244992176 ], [ -0.1253969231173, 51.578648165144578 ], [ -0.12536991459817, 51.578659864437256 ], [ -0.125322743911346, 51.578690854104515 ], [ -0.125248293981065, 51.578739770454554 ], [ -0.125182325266874, 51.578775126784031 ], [ -0.125125209905145, 51.578797702404316 ], [ -0.125116621868441, 51.578803329330555 ], [ -0.125111311944401, 51.57880680548945 ], [ -0.125019498360055, 51.578866963551775 ], [ -0.125005388024451, 51.578872457260616 ], [ -0.124870227510192, 51.578980445726692 ], [ -0.124748909825619, 51.579005241376088 ], [ -0.124693340520713, 51.579064242901779 ], [ -0.124665631629946, 51.579093654940856 ], [ -0.124642670088479, 51.57910485222321 ], [ -0.124624422003298, 51.579113741841141 ], [ -0.124497699657708, 51.579175517691425 ], [ -0.124129151880246, 51.579355167104509 ], [ -0.12404023629968, 51.579398509891696 ], [ -0.124036697679773, 51.579409091373343 ], [ -0.124025944086048, 51.579463116886217 ], [ -0.123913812513715, 51.579525575003899 ], [ -0.123903797383606, 51.579531152043899 ], [ -0.123827580472756, 51.579586459826892 ], [ -0.123818891904335, 51.57959276847447 ], [ -0.123827862524398, 51.579632550599662 ], [ -0.123835270313781, 51.579665419523806 ], [ -0.123847843830488, 51.579710591775886 ], [ -0.123963971991351, 51.579694463738186 ], [ -0.124137350754339, 51.57968617508147 ], [ -0.124290353072861, 51.579678864329274 ], [ -0.124404757602054, 51.579673400312934 ], [ -0.124428236646803, 51.579841129467013 ], [ -0.124429273488388, 51.57984539496973 ], [ -0.124478962641546, 51.579938433713444 ], [ -0.124502050925093, 51.579981687724683 ], [ -0.124660745364828, 51.579998117599267 ], [ -0.124668243485098, 51.580005305501992 ], [ -0.124741713274834, 51.580075685586209 ], [ -0.124789091720692, 51.580121072290083 ], [ -0.124804389768865, 51.580129167185575 ], [ -0.124811946704889, 51.580133172694843 ], [ -0.124840339315284, 51.580148194214907 ], [ -0.124847826191008, 51.580153902669828 ], [ -0.124852012280909, 51.580161257943949 ], [ -0.124855455882508, 51.580164909954654 ], [ -0.124866905895292, 51.580182691150753 ], [ -0.124873539798202, 51.580192994598463 ], [ -0.124877784845391, 51.580196812288207 ], [ -0.124937637197602, 51.580250536440801 ], [ -0.124945084540516, 51.580257206448948 ], [ -0.124944609921936, 51.580262778673955 ], [ -0.124926142229079, 51.580372416137422 ], [ -0.124921096123316, 51.580402451180838 ], [ -0.124924829689091, 51.580405019737995 ], [ -0.125027377548144, 51.580489928512243 ], [ -0.125053973591896, 51.580493896538613 ], [ -0.125113922700901, 51.580502830798103 ], [ -0.125139699318425, 51.580514438278492 ], [ -0.125169794767112, 51.58053684274558 ], [ -0.125183729450572, 51.580547208879075 ], [ -0.125225091797011, 51.580570099105721 ], [ -0.125273945517753, 51.580583855793535 ], [ -0.125297650315312, 51.580592849305155 ], [ -0.12532952683601, 51.580604940881841 ], [ -0.12538211410489, 51.580632497627455 ], [ -0.125412353920795, 51.580652098697449 ], [ -0.125429884319658, 51.580663475448645 ], [ -0.125441680945283, 51.580669679862069 ], [ -0.125468696535987, 51.580689768951878 ], [ -0.125475347864255, 51.580693337305469 ], [ -0.125482583943301, 51.580698128980337 ], [ -0.125490493887701, 51.580703381042582 ], [ -0.125536030006935, 51.580733585748177 ], [ -0.125553428327581, 51.580740805863151 ], [ -0.125559725365012, 51.58074456638564 ], [ -0.125617669181098, 51.580779281154605 ], [ -0.125629958504449, 51.580785965523184 ], [ -0.125652941994665, 51.580798112779554 ], [ -0.125655092101521, 51.580832866941456 ], [ -0.125688126686242, 51.580918229344007 ], [ -0.125761614865735, 51.580973492789404 ], [ -0.125924195464766, 51.581048541814887 ], [ -0.126021131790051, 51.581035171630532 ], [ -0.126026618785133, 51.581034413977427 ], [ -0.126048857090688, 51.581031343037132 ], [ -0.126068903332966, 51.581028578795419 ], [ -0.126118340756266, 51.581024998036682 ], [ -0.12612430659957, 51.581031549888614 ], [ -0.126154814902662, 51.581064994422213 ], [ -0.126160435675766, 51.581071163078825 ], [ -0.12624612467484, 51.581133707117509 ], [ -0.126402225641863, 51.581188050322204 ], [ -0.126502972990402, 51.581223119928332 ], [ -0.126499789024888, 51.581240532408238 ], [ -0.126499834027229, 51.581246108440119 ], [ -0.126540141400496, 51.581367016948114 ], [ -0.126537183292579, 51.581373669083511 ], [ -0.126505281617709, 51.581404651222989 ], [ -0.126458287036489, 51.581450265848147 ], [ -0.126418568463021, 51.581488820672156 ], [ -0.126323615821211, 51.581581005628941 ], [ -0.126303200569118, 51.581600813687167 ], [ -0.126246103317313, 51.581566360068159 ], [ -0.126073855798874, 51.5814623857828 ], [ -0.126057828627744, 51.581452701234163 ], [ -0.126010140126975, 51.581423919129314 ], [ -0.125844259398439, 51.581323791547852 ], [ -0.125809218681873, 51.581302639142059 ], [ -0.12579200808801, 51.581292252228337 ], [ -0.125685886276968, 51.581228189958999 ], [ -0.125581933750704, 51.581165434679448 ], [ -0.125569004474936, 51.581157638508394 ], [ -0.125565265385303, 51.581159763937414 ], [ -0.125474315162254, 51.581211465235796 ], [ -0.125387961140059, 51.58126055115698 ], [ -0.125365127032898, 51.581271786580125 ], [ -0.125359985843698, 51.581274312245448 ], [ -0.125303243737004, 51.58130223271003 ], [ -0.125262932990126, 51.581322076101856 ], [ -0.125222370695812, 51.581340946075308 ], [ -0.125217928016008, 51.581336841978562 ], [ -0.125215452956942, 51.581334554320719 ], [ -0.125078017282197, 51.581207543149795 ], [ -0.125025226524193, 51.581234737984261 ], [ -0.125015331347924, 51.581239849427028 ], [ -0.12498676828312, 51.581254563224611 ], [ -0.124975308881442, 51.581248930678463 ], [ -0.124957567230187, 51.58124023023116 ], [ -0.124917882468001, 51.58122075687055 ], [ -0.124858970813746, 51.581191848895344 ], [ -0.124840394828725, 51.581182730436552 ], [ -0.124829698828278, 51.581177487759199 ], [ -0.124782522726475, 51.581154342613551 ], [ -0.124759638974663, 51.581143105017873 ], [ -0.124738671596802, 51.581132824267748 ], [ -0.124711805169323, 51.581119634596774 ], [ -0.124705579906433, 51.581116585578947 ], [ -0.12468925042375, 51.581107592926294 ], [ -0.124679568573145, 51.581102258535161 ], [ -0.124667642125168, 51.581095701265333 ], [ -0.124656167633017, 51.581089385021485 ], [ -0.1246349968795, 51.581077734151364 ], [ -0.124611200968049, 51.581064638497168 ], [ -0.124639170389038, 51.581042604448449 ], [ -0.124615004285603, 51.581030788796951 ], [ -0.124604888263086, 51.581025834134927 ], [ -0.124593130867583, 51.581020079886791 ], [ -0.124562202163039, 51.581004945830813 ], [ -0.124546694916244, 51.58099736912169 ], [ -0.124513587114556, 51.580981175083529 ], [ -0.124482955816618, 51.580966180647231 ], [ -0.124474565517659, 51.580962080863799 ], [ -0.124349576643987, 51.580900948583327 ], [ -0.124279258294841, 51.580866552431196 ], [ -0.124266759352629, 51.580900559857881 ], [ -0.124255819295464, 51.580930356765222 ], [ -0.124248976759583, 51.580948969635294 ], [ -0.124236592794715, 51.580982637183595 ], [ -0.12423520470266, 51.581004439643813 ], [ -0.124233272541742, 51.581034551412777 ], [ -0.124232864583042, 51.581040956500331 ], [ -0.124231874089521, 51.581056605495462 ], [ -0.124231444308935, 51.581063190082922 ], [ -0.124230421636372, 51.581079270200647 ], [ -0.124229416347044, 51.581094927951568 ], [ -0.124228714714767, 51.581106013405183 ], [ -0.124228292329459, 51.581112768967166 ], [ -0.124227637670634, 51.581122713131862 ], [ -0.124226753694663, 51.581136475417331 ], [ -0.124225526852718, 51.581155762571697 ], [ -0.124225289029647, 51.581159436677439 ], [ -0.124223459491101, 51.581187931446983 ], [ -0.124222381517155, 51.581204828992199 ], [ -0.124221165582864, 51.581223675691156 ], [ -0.124219422955934, 51.581251110741952 ], [ -0.124217198205113, 51.581285875915427 ], [ -0.124216915256475, 51.581290295672105 ], [ -0.124215987443458, 51.581304772155192 ], [ -0.124213333454539, 51.581346108435426 ], [ -0.124212888872398, 51.581353052483458 ], [ -0.124211315080009, 51.581377612652147 ], [ -0.124211413068399, 51.581383297440354 ], [ -0.124211748818397, 51.581402492673448 ], [ -0.124212584859472, 51.581451964455113 ], [ -0.124212766413623, 51.581462983095662 ], [ -0.124213321432878, 51.581495787394438 ], [ -0.124213420900903, 51.581501436236415 ], [ -0.124213744815022, 51.581520919037992 ], [ -0.124214184095606, 51.581547417786382 ], [ -0.124215919411685, 51.581649734522699 ], [ -0.12421603551531, 51.581657433906571 ], [ -0.124367142495844, 51.581616721833868 ], [ -0.124384788387147, 51.58161196815049 ], [ -0.12442937780164, 51.581599947639312 ], [ -0.12443724449623, 51.581597834273012 ], [ -0.124495553805346, 51.581582112347647 ], [ -0.124518803992317, 51.581575856565145 ], [ -0.124527108949915, 51.581573615311605 ], [ -0.124555274180632, 51.581604001343841 ], [ -0.124558798119447, 51.581607807518282 ], [ -0.124565971008349, 51.581615538766762 ], [ -0.12466116466411, 51.581734699403292 ], [ -0.124751278839553, 51.581847529033858 ], [ -0.12510598445364, 51.581799521727092 ], [ -0.125124414528324, 51.581825350260608 ], [ -0.125158865100071, 51.581873655102221 ], [ -0.125174613374785, 51.581895731393885 ], [ -0.125184452401605, 51.581909530140877 ], [ -0.125178524800916, 51.581910469554963 ], [ -0.125157212139569, 51.581913833884876 ], [ -0.125122213876941, 51.58191936252053 ], [ -0.125024440018024, 51.581934795823038 ], [ -0.125018759471805, 51.581935694214778 ], [ -0.124988381361173, 51.581940487322093 ], [ -0.124976279453437, 51.581942398157246 ], [ -0.124901757518603, 51.581954165330259 ], [ -0.124868466248213, 51.581959424419374 ], [ -0.124812321257512, 51.581966386513244 ], [ -0.124789703702628, 51.581969190374991 ], [ -0.124756538705874, 51.581973309410643 ], [ -0.124744497063799, 51.581974807532866 ], [ -0.124684507055068, 51.581982256650655 ], [ -0.124667764957332, 51.581984336084922 ], [ -0.124608065444208, 51.581991740348201 ], [ -0.124515621397999, 51.582003216314554 ], [ -0.124510108377141, 51.582003901540901 ], [ -0.124479119545691, 51.582007749540168 ], [ -0.124464785910389, 51.582009525731699 ], [ -0.12439282664422, 51.582018464956768 ], [ -0.124368671193635, 51.582021459971436 ], [ -0.124328948266033, 51.582026400272994 ], [ -0.124150099558096, 51.582050949984797 ], [ -0.124145919107444, 51.582051521612094 ], [ -0.123623117896118, 51.582123293661667 ], [ -0.12362343347959, 51.582117381684377 ], [ -0.123628466567876, 51.582020379813571 ], [ -0.123631236898986, 51.5819671169439 ], [ -0.123631994594664, 51.581952570303649 ], [ -0.123635471184664, 51.581885659214173 ], [ -0.123638955162136, 51.581818568393217 ], [ -0.123639229676637, 51.581813303214375 ], [ -0.123639363603894, 51.581810751503653 ], [ -0.123642116884164, 51.581757902011432 ], [ -0.123644505006469, 51.581711817985308 ], [ -0.123644852026961, 51.581705492858141 ], [ -0.123645340691212, 51.581583545220532 ], [ -0.12364091840777, 51.581583330620447 ], [ -0.123629855117309, 51.581582802990681 ], [ -0.123550265489022, 51.581579012276201 ], [ -0.12349169327173, 51.581576223087183 ], [ -0.123341618643505, 51.581569065807159 ], [ -0.12326809384421, 51.581565560746547 ], [ -0.123268555482631, 51.58156276248971 ], [ -0.123271016829786, 51.581547155016366 ], [ -0.123285303256175, 51.581456793702735 ], [ -0.123298600508785, 51.581372576384744 ], [ -0.123292660739158, 51.581341565374004 ], [ -0.123227471112941, 51.581325631172312 ], [ -0.123244618765161, 51.581292669402558 ], [ -0.123268522689286, 51.58124670472192 ], [ -0.123286250597609, 51.58121261917946 ], [ -0.123269530983868, 51.581211528939903 ], [ -0.123254121364312, 51.581210522598766 ], [ -0.123220091867225, 51.581208305689103 ], [ -0.123199003640737, 51.581206925246242 ], [ -0.123107884054176, 51.581200989450871 ], [ -0.1230865225191, 51.581199586630937 ], [ -0.123027515829946, 51.581185279939596 ], [ -0.123018126985105, 51.581182998535944 ], [ -0.12291857739899, 51.581158861926681 ], [ -0.122911517835892, 51.581157148332537 ], [ -0.122883936799403, 51.581150457337657 ], [ -0.122831032639839, 51.581137624021551 ], [ -0.122795448603565, 51.581128997486417 ], [ -0.12276325122724, 51.581121198475017 ], [ -0.122726667533198, 51.581112313129246 ], [ -0.122667761294323, 51.581098025849428 ], [ -0.122620258794652, 51.581086510830481 ], [ -0.122608183089004, 51.581083583909098 ], [ -0.122550620558161, 51.581069614821445 ], [ -0.122528976911912, 51.581086974605604 ], [ -0.12249670577275, 51.58111285102374 ], [ -0.122434298208607, 51.581162884467446 ], [ -0.122424670801751, 51.581170598790507 ], [ -0.122417511538548, 51.581183217518245 ], [ -0.122387208533422, 51.581236642261935 ], [ -0.122360750307535, 51.581283276286804 ], [ -0.122318261613054, 51.581358159795734 ], [ -0.122316207692048, 51.581361768863758 ], [ -0.122221768027257, 51.58133516857891 ], [ -0.122156870525028, 51.581316076717115 ], [ -0.121960164443079, 51.581234537663114 ], [ -0.121944452335504, 51.581225986148802 ], [ -0.121918214451064, 51.581213147613639 ], [ -0.121866169820895, 51.581187411782203 ], [ -0.121686653384749, 51.581326549384634 ], [ -0.121655435227842, 51.581344371712206 ], [ -0.121647083616291, 51.581349143386539 ], [ -0.121581321437309, 51.581386686125335 ], [ -0.121574515262031, 51.581390731667575 ], [ -0.121542894750041, 51.581409559172471 ], [ -0.121518006426689, 51.581424384907798 ], [ -0.121495254380209, 51.581437176579556 ], [ -0.121434642952276, 51.58147399238036 ], [ -0.121418573925275, 51.58148355484299 ], [ -0.121381077853363, 51.581502755836951 ], [ -0.121354449000047, 51.581516384652112 ], [ -0.12127566823328, 51.581556704258553 ], [ -0.121223206331575, 51.581583560925075 ], [ -0.121080448152729, 51.581659419185378 ], [ -0.121035056270525, 51.581683529389551 ], [ -0.120983095049236, 51.581702786363643 ], [ -0.120876885632435, 51.581742153866223 ], [ -0.120642935139414, 51.581828843716394 ], [ -0.120595869465154, 51.581846281528072 ], [ -0.120429768249405, 51.581907835793054 ], [ -0.120385047721981, 51.581924402851179 ], [ -0.120316317834887, 51.581949865449971 ], [ -0.120255312114821, 51.581972475260088 ], [ -0.12016591479916, 51.582005591940877 ], [ -0.120139046719947, 51.582015556722787 ], [ -0.120078082218039, 51.582038562767508 ], [ -0.120054241804291, 51.582047559895003 ], [ -0.119876729063094, 51.582114541807293 ], [ -0.119845220497562, 51.582126428482219 ], [ -0.119746251860118, 51.582163770781598 ], [ -0.119680184653311, 51.582188700158667 ], [ -0.119652693493983, 51.582199068494916 ], [ -0.119499489245562, 51.582256880438862 ], [ -0.119492993980638, 51.582259330188421 ], [ -0.119487818407176, 51.582261279527657 ], [ -0.119418921059444, 51.582287278458317 ], [ -0.11936395292468, 51.58230801522808 ], [ -0.119331872098254, 51.58232012189854 ], [ -0.119188520421474, 51.582374206625197 ], [ -0.11908710238901, 51.582412466794132 ], [ -0.119040487704651, 51.582353898154246 ], [ -0.119021619686653, 51.582330188366278 ], [ -0.11901280953793, 51.58231913031063 ], [ -0.118993119112936, 51.58229436421118 ], [ -0.11894301855366, 51.582231432271399 ], [ -0.11885834624789, 51.582141993865093 ], [ -0.118855925860465, 51.582139437177617 ], [ -0.11882885895723, 51.582110847901049 ], [ -0.118798127308736, 51.582078378075288 ], [ -0.118725419104815, 51.582001576926558 ], [ -0.118692336010463, 51.581966632420077 ], [ -0.118685556094089, 51.581958844169534 ], [ -0.118680898091605, 51.58195349991469 ], [ -0.118674710968968, 51.581946386608756 ], [ -0.118622829959938, 51.581886744191522 ], [ -0.118609656616504, 51.581871596523762 ], [ -0.118599514735083, 51.581858188041849 ], [ -0.118580529687854, 51.581833127440554 ], [ -0.1185751233547, 51.581825981687267 ], [ -0.118546462047511, 51.581788122555025 ], [ -0.118526396534402, 51.581761614821865 ], [ -0.11851514533056, 51.581746758746682 ], [ -0.118480906415732, 51.581701535276942 ], [ -0.118475739549973, 51.581694708094339 ], [ -0.118466281108768, 51.581682227788882 ], [ -0.118435060305673, 51.581640991391119 ], [ -0.118382583490367, 51.58157167244395 ], [ -0.118338839307243, 51.581513886936357 ], [ -0.11833246087981, 51.581505466641048 ], [ -0.11832435740563, 51.581494779563791 ], [ -0.118307048515368, 51.581472477700778 ], [ -0.118279751026712, 51.581435856152119 ], [ -0.11824577974831, 51.58139097855279 ], [ -0.118239380482307, 51.58138253986251 ], [ -0.118213737781241, 51.581348667463523 ], [ -0.11820482752881, 51.58133689724 ], [ -0.11819602747806, 51.581325254678497 ], [ -0.118152529438031, 51.581267814277737 ], [ -0.118105419136509, 51.581205576867696 ], [ -0.118075738463332, 51.581166383546055 ] ] ] } },
{ "type": "Feature", "properties": { "lsoa21cd": "E01001964", "lsoa21nm": "Haringey 009B", "msoa21cd": "E02000405", "msoa21nm": "Haringey 009", "lad22cd": "E09000014", "lad22nm": "Haringey", "index_right": 583, "GSS_CODE": "E05000273", "risk_score": 0.00051463029384963242, "allocation_hours": 0.012791307301995023, "patrol_units": 0 }, "geometry": { "type": "Polygon", "coordinates": [ [ [ -0.124082928553835, 51.600992830388996 ], [ -0.12398111769999, 51.600920531483865 ], [ -0.123947883273815, 51.600897116291222 ], [ -0.123888735852618, 51.600854902729886 ], [ -0.123864465779164, 51.600837653945014 ], [ -0.123791219070764, 51.600785639800733 ], [ -0.123761597056842, 51.600764587064468 ], [ -0.123683050379248, 51.600708913629035 ], [ -0.123671167570473, 51.600700477592639 ], [ -0.123618976279616, 51.600663484601029 ], [ -0.123461561549837, 51.60055189853724 ], [ -0.123438398449969, 51.600535476680015 ], [ -0.123402945294135, 51.600510342468851 ], [ -0.123371995697025, 51.600488400620641 ], [ -0.123355765569565, 51.60047648689573 ], [ -0.123083602507969, 51.600276737881579 ], [ -0.122989200996103, 51.600207443096835 ], [ -0.122801567481537, 51.600063971136478 ], [ -0.12262961321171, 51.599932484812456 ], [ -0.122537597355142, 51.599859118285814 ], [ -0.122316127539128, 51.59968256059873 ], [ -0.122278367830392, 51.599652461260511 ], [ -0.122182113707587, 51.59957230029719 ], [ -0.122070601016649, 51.599479449556931 ], [ -0.121924133286106, 51.599357488339429 ], [ -0.121623037182169, 51.59909512614297 ], [ -0.121432333934564, 51.598928968847652 ], [ -0.121421169850504, 51.598919231180219 ], [ -0.121406673861262, 51.598906607558561 ], [ -0.121384094241883, 51.598885527542237 ], [ -0.121318606727368, 51.598824418743227 ], [ -0.121309375056454, 51.598815791093131 ], [ -0.121204067723964, 51.598717508504301 ], [ -0.121179416882661, 51.598694488891148 ], [ -0.121125206648987, 51.598643883837212 ], [ -0.121072497456062, 51.598594696616637 ], [ -0.121034609636905, 51.598559343236936 ], [ -0.121015631158455, 51.598541630019035 ], [ -0.12098502172366, 51.598511500863538 ], [ -0.120949847820054, 51.598476865345113 ], [ -0.12081354925484, 51.598342700944649 ], [ -0.120762695909581, 51.598292644056528 ], [ -0.120756341238242, 51.598286382479628 ], [ -0.120720320858459, 51.598250924014074 ], [ -0.120662308427333, 51.598193810276953 ], [ -0.120564681565693, 51.598097718347994 ], [ -0.12037109483764, 51.59788825952694 ], [ -0.120368551481154, 51.597885512068146 ], [ -0.120274426062666, 51.597783675862743 ], [ -0.120143774587112, 51.597647820600315 ], [ -0.120064140823136, 51.597557877747519 ], [ -0.119533844712901, 51.596955585851397 ], [ -0.119435685136304, 51.596844188278752 ], [ -0.119386046570887, 51.596787864522874 ], [ -0.119327690611127, 51.596717822469735 ], [ -0.119309668521237, 51.596696212584902 ], [ -0.119210427301565, 51.596577117946616 ], [ -0.1190068833949, 51.596332867299409 ], [ -0.118865976991706, 51.596163727033343 ], [ -0.118714561806944, 51.595981972583061 ], [ -0.118707942721179, 51.595973737307979 ], [ -0.118650169009615, 51.595902441690228 ], [ -0.118484126593137, 51.595695385111391 ], [ -0.117614513432893, 51.594613815372519 ], [ -0.117585072196634, 51.594577193248199 ], [ -0.117563979782809, 51.594552359312821 ], [ -0.117054508642817, 51.593952433671234 ], [ -0.116870012067558, 51.593735172680212 ], [ -0.116712537187047, 51.593546365735619 ], [ -0.116697502396512, 51.593528337266228 ], [ -0.116683691881737, 51.593511776236831 ], [ -0.11634235751463, 51.593102539461881 ], [ -0.116526158128249, 51.593022701923736 ], [ -0.116547943696342, 51.593013277048762 ], [ -0.116570359417396, 51.593000831842133 ], [ -0.116619979044734, 51.592973266632221 ], [ -0.116632974371152, 51.592962045962153 ], [ -0.116678936919294, 51.592922363148865 ], [ -0.116710084826538, 51.592867362103199 ], [ -0.116647323666003, 51.592748337554248 ], [ -0.116560808191724, 51.592658435617516 ], [ -0.116392670711006, 51.592382293318721 ], [ -0.1159467649217, 51.591796944194272 ], [ -0.11595239677467, 51.591751524009787 ], [ -0.116611071489631, 51.591556061030282 ], [ -0.116993089916552, 51.591443046188409 ], [ -0.117612955820275, 51.591259669793693 ], [ -0.117629266583839, 51.59125484190178 ], [ -0.117742272075326, 51.591221405500377 ], [ -0.11781474883605, 51.591199970838751 ], [ -0.117833463807233, 51.591194430639852 ], [ -0.117844330467659, 51.591191210411381 ], [ -0.118138081519317, 51.591104309970149 ], [ -0.118167998933132, 51.591095455934322 ], [ -0.118262442308549, 51.591067512199089 ], [ -0.118273389187458, 51.591064270644068 ], [ -0.118314823132832, 51.591052013039331 ], [ -0.118327762836204, 51.59104840777259 ], [ -0.118391708038254, 51.591039532613976 ], [ -0.118433488612384, 51.591054536554843 ], [ -0.11846387927553, 51.591091551125437 ], [ -0.118520405063065, 51.591160435780004 ], [ -0.118522597629303, 51.591163101222598 ], [ -0.118588162408767, 51.591242962161296 ], [ -0.118647609784847, 51.591315396148957 ], [ -0.118660831471534, 51.591331533730873 ], [ -0.118667972157482, 51.591340231494023 ], [ -0.118684047402847, 51.591359809467427 ], [ -0.118687413577367, 51.591363946000847 ], [ -0.118731894470513, 51.591418101170078 ], [ -0.118738340194149, 51.591425973971766 ], [ -0.118761418627094, 51.591454085624385 ], [ -0.118763370063255, 51.591456472927312 ], [ -0.118785029250102, 51.591471756612457 ], [ -0.118885246132524, 51.591542452163765 ], [ -0.119027216506096, 51.591600508221966 ], [ -0.119203915700098, 51.591678652350133 ], [ -0.119458750496529, 51.591791347506792 ], [ -0.119508503703004, 51.591806640709414 ], [ -0.119686446468378, 51.591861338318829 ], [ -0.119732377411987, 51.591867105649285 ], [ -0.119904090559391, 51.591888408660495 ], [ -0.120188101130486, 51.591892734477419 ], [ -0.120399092983089, 51.591895943843653 ], [ -0.120432507721485, 51.59189645215671 ], [ -0.120455362481682, 51.591896071904188 ], [ -0.120853270398087, 51.591889424391297 ], [ -0.120934187495362, 51.591877906121546 ], [ -0.120940795281629, 51.591876959833037 ], [ -0.121052455798807, 51.591861059945252 ], [ -0.121291024574796, 51.591827094031821 ], [ -0.121313076189835, 51.591823958063991 ], [ -0.121379551011692, 51.591814492311869 ], [ -0.121400579192326, 51.591811492812091 ], [ -0.121426593127597, 51.591805569667116 ], [ -0.121459011763806, 51.591798197867796 ], [ -0.121515346024975, 51.591785372875506 ], [ -0.121554014432376, 51.591780659453406 ], [ -0.121655001798606, 51.591768355939401 ], [ -0.121746993061025, 51.591769405949655 ], [ -0.12180903266629, 51.591774544583622 ], [ -0.12200614215406, 51.591790909554163 ], [ -0.122168721497174, 51.591804410503912 ], [ -0.122248113626866, 51.591815168122686 ], [ -0.122279094749231, 51.591819377808825 ], [ -0.122347914798414, 51.591820083497524 ], [ -0.122377396792834, 51.59182038444149 ], [ -0.122464267197103, 51.591814328860558 ], [ -0.122562374667442, 51.59179833655071 ], [ -0.122687006225548, 51.591796967584315 ], [ -0.122706215995289, 51.591796753382958 ], [ -0.122790074140854, 51.591795828998251 ], [ -0.122794378286314, 51.591795780960204 ], [ -0.122818534770684, 51.59179551549424 ], [ -0.122827771203981, 51.591795415976947 ], [ -0.122852158928344, 51.591794268450293 ], [ -0.122889753199977, 51.591792495909083 ], [ -0.122924511945297, 51.591790866833385 ], [ -0.122989603572223, 51.591787807620371 ], [ -0.122995447376171, 51.591787532418095 ], [ -0.123061927716513, 51.591784405456799 ], [ -0.123066500425873, 51.591784496591281 ], [ -0.123076353151933, 51.591784681182048 ], [ -0.123134560961509, 51.591785765183339 ], [ -0.123148481813165, 51.591786023835766 ], [ -0.123176380856018, 51.591786551045288 ], [ -0.123192480228806, 51.591786844540223 ], [ -0.123214161851923, 51.59178725430246 ], [ -0.123322718058663, 51.591789282941235 ], [ -0.123377689169158, 51.591793345496981 ], [ -0.123441050042331, 51.591798131214901 ], [ -0.123451124347663, 51.591798894832941 ], [ -0.123499682852299, 51.59180256701255 ], [ -0.123523083893331, 51.591804344087421 ], [ -0.123612703188596, 51.591811109847846 ], [ -0.123640983619955, 51.591813243696905 ], [ -0.123661060478693, 51.591814760757927 ], [ -0.123688247030661, 51.591816814155386 ], [ -0.123731767862662, 51.591820117920498 ], [ -0.12373797122633, 51.591820576817049 ], [ -0.123760552891336, 51.591822268802289 ], [ -0.123774647646231, 51.591821460063315 ], [ -0.123803968405742, 51.591819716791044 ], [ -0.123811204262702, 51.59181929295201 ], [ -0.123829377178936, 51.591815860685202 ], [ -0.123841351510724, 51.591813606221656 ], [ -0.123853035444953, 51.591811392075456 ], [ -0.12386948672335, 51.591806295652525 ], [ -0.123883993262474, 51.591801797600247 ], [ -0.123925318793754, 51.591788996736042 ], [ -0.124047555092392, 51.591751132753473 ], [ -0.124059590083151, 51.591747404480593 ], [ -0.124250248599419, 51.591688342026913 ], [ -0.124267138528955, 51.591683108682012 ], [ -0.124282595343333, 51.591678320029907 ], [ -0.124331063812424, 51.591665943452199 ], [ -0.124379283662812, 51.591653643811853 ], [ -0.124405924917224, 51.591646848776961 ], [ -0.124444033990637, 51.591637125675 ], [ -0.124451051929962, 51.591635331465156 ], [ -0.124468501518978, 51.591630880385623 ], [ -0.125357935876438, 51.592882720954471 ], [ -0.125367147628435, 51.592895682322705 ], [ -0.125400580278294, 51.592936124810748 ], [ -0.1254439150668, 51.592988541522274 ], [ -0.126039258847196, 51.593462779407865 ], [ -0.126620132412725, 51.593925470641047 ], [ -0.126751428498215, 51.594030062372262 ], [ -0.126994017988099, 51.594223297263142 ], [ -0.128069668255267, 51.59508006604954 ], [ -0.128093588248724, 51.595099124887874 ], [ -0.128223689722846, 51.595202733647263 ], [ -0.128705344422019, 51.595586370658467 ], [ -0.129022859033532, 51.595839264664619 ], [ -0.129323245171315, 51.595972114883864 ], [ -0.129394425265947, 51.595978438293734 ], [ -0.129400697343522, 51.595978996897223 ], [ -0.129647151306791, 51.59600091046336 ], [ -0.130230441170696, 51.596045124206434 ], [ -0.130399873909695, 51.596055998107332 ], [ -0.130674934521896, 51.596055299804171 ], [ -0.130845774707377, 51.596052284239256 ], [ -0.13110853671812, 51.596047648165438 ], [ -0.131148656331472, 51.596051263653145 ], [ -0.13146394699725, 51.596079647206366 ], [ -0.131550719593399, 51.596082126065077 ], [ -0.13166078278155, 51.596085263472638 ], [ -0.131692204674199, 51.59608480160982 ], [ -0.131796800149027, 51.596083256713449 ], [ -0.131968370439256, 51.596089899980662 ], [ -0.131989070549937, 51.59609070612764 ], [ -0.132020120787067, 51.596091209439145 ], [ -0.132218910691177, 51.596161852926365 ], [ -0.1325136019703, 51.596266601892339 ], [ -0.132623976918955, 51.596305820848535 ], [ -0.132749507112235, 51.596334948610661 ], [ -0.132901525007372, 51.596370225875752 ], [ -0.133042398274212, 51.596389966607248 ], [ -0.132908213968823, 51.596467000568687 ], [ -0.132760501167851, 51.596551768373608 ], [ -0.132677076997805, 51.596599665154777 ], [ -0.132592972714255, 51.596647946719294 ], [ -0.132554503419333, 51.596668511573014 ], [ -0.132215720270218, 51.596849567642977 ], [ -0.132150856544823, 51.596884234936979 ], [ -0.132042386340942, 51.596942199725319 ], [ -0.132013674486033, 51.596957542284827 ], [ -0.131614111509332, 51.597171080751799 ], [ -0.131446975069346, 51.597260402535412 ], [ -0.131366449033845, 51.597416738911157 ], [ -0.131311698108366, 51.597523029379218 ], [ -0.13118801443197, 51.597763116925044 ], [ -0.131152448207385, 51.597832187593092 ], [ -0.131013686449748, 51.598101538865315 ], [ -0.130875186429522, 51.598074172022386 ], [ -0.130924968528972, 51.59810274251673 ], [ -0.131044567974296, 51.598218446312138 ], [ -0.131012799020034, 51.598289969397435 ], [ -0.130686051716515, 51.59863750027187 ], [ -0.13081083434742, 51.598687786245378 ], [ -0.131027262216211, 51.598723273574159 ], [ -0.131100339547373, 51.598723232531633 ], [ -0.131104556960174, 51.598725313999729 ], [ -0.131181978083356, 51.598754540399419 ], [ -0.131301088746984, 51.598783315622313 ], [ -0.131312167540415, 51.598784975801848 ], [ -0.131331612688349, 51.598787893265921 ], [ -0.131350670452502, 51.598790750603264 ], [ -0.131367290986917, 51.598795295664793 ], [ -0.131466807830096, 51.598810351025143 ], [ -0.131514366553988, 51.598814480490503 ], [ -0.131569119417737, 51.598838588690661 ], [ -0.131639661395051, 51.598855304733128 ], [ -0.131660933363709, 51.598859096514836 ], [ -0.131751081012535, 51.598875171462907 ], [ -0.131762018184553, 51.598877117101424 ], [ -0.131994519170817, 51.598918568707113 ], [ -0.132006674405006, 51.598920740538617 ], [ -0.132094643373662, 51.598936429833678 ], [ -0.132089784694171, 51.598947871746489 ], [ -0.131941176393528, 51.599297872957514 ], [ -0.131923312664163, 51.599299342084223 ], [ -0.131776676302081, 51.599271343242158 ], [ -0.131726794417265, 51.599266988058844 ], [ -0.131715413681605, 51.599265997541799 ], [ -0.131705063245657, 51.599264178142967 ], [ -0.131640380976305, 51.599247861189227 ], [ -0.131591193184207, 51.599245594242625 ], [ -0.131487791548526, 51.599232995007469 ], [ -0.131467108512913, 51.599227162308139 ], [ -0.131432462428779, 51.599219227844408 ], [ -0.131362844857473, 51.599196861194812 ], [ -0.131251995963355, 51.599179961689757 ], [ -0.131181665371669, 51.599174273461173 ], [ -0.131177031816388, 51.599173183524577 ], [ -0.131159479854273, 51.599170925656104 ], [ -0.131103598408257, 51.59915901096538 ], [ -0.13108147502029, 51.599152741606446 ], [ -0.131066283882267, 51.59914714018467 ], [ -0.131019456386289, 51.599134155685398 ], [ -0.130958150079299, 51.599123899043128 ], [ -0.130925022133848, 51.599115215263254 ], [ -0.130908350320613, 51.599112269969545 ], [ -0.130890392602141, 51.599107937346226 ], [ -0.130770065171721, 51.599078890542749 ], [ -0.130688021843093, 51.599071864405822 ], [ -0.130663906019196, 51.599064538093252 ], [ -0.130624233937678, 51.599059805544421 ], [ -0.130519126993268, 51.599047259212846 ], [ -0.130484176359487, 51.599036549955862 ], [ -0.130395350828852, 51.599026259225077 ], [ -0.130372762742003, 51.599024631395963 ], [ -0.130347198525359, 51.599020582149436 ], [ -0.13027878310676, 51.599009753263431 ], [ -0.130253797418453, 51.599001459810957 ], [ -0.13022792816936, 51.598992882502024 ], [ -0.130187915646997, 51.598983783067233 ], [ -0.130153537899493, 51.598973190748168 ], [ -0.130122097990832, 51.598963490520106 ], [ -0.130034973009582, 51.598955043077638 ], [ -0.129946631348485, 51.598933851937375 ], [ -0.129912680594192, 51.598927456809093 ], [ -0.129879638749934, 51.598921256004665 ], [ -0.129862887350334, 51.598916735623 ], [ -0.129819080924881, 51.598909311127692 ], [ -0.129781151430005, 51.598908562720197 ], [ -0.129773323501516, 51.598907907403827 ], [ -0.12973291627258, 51.598904556655967 ], [ -0.129716511925021, 51.598903189124123 ], [ -0.129620252776929, 51.598887222015883 ], [ -0.129595378146855, 51.598881151314011 ], [ -0.129558431197546, 51.598871947656718 ], [ -0.129515365654044, 51.598858262659071 ], [ -0.129484378092639, 51.598845111891478 ], [ -0.129405620904602, 51.598827521709268 ], [ -0.129395770682213, 51.598823722758929 ], [ -0.129315055818982, 51.598811964350602 ], [ -0.1292962068749, 51.598809298850959 ], [ -0.129255486991334, 51.598800907209529 ], [ -0.129230746121417, 51.598795800748611 ], [ -0.129206076666735, 51.598790713405812 ], [ -0.129181558910853, 51.598789315360051 ], [ -0.129091388333135, 51.598792104115454 ], [ -0.129068641354924, 51.598790833196254 ], [ -0.129025395090019, 51.598788408115311 ], [ -0.12899501793893, 51.598784128959224 ], [ -0.128962875357299, 51.598777483620864 ], [ -0.128950504945115, 51.598774930360356 ], [ -0.128905980131517, 51.598761801877316 ], [ -0.128895979460587, 51.598758854763389 ], [ -0.128890400028499, 51.598758648892577 ], [ -0.128864333205181, 51.598757702675968 ], [ -0.128855740584312, 51.598757385807609 ], [ -0.128842721418276, 51.598756917419543 ], [ -0.128716642576432, 51.598744205888423 ], [ -0.128688646227758, 51.598734344370257 ], [ -0.128607074025964, 51.598713413039263 ], [ -0.128532945336847, 51.598703723967567 ], [ -0.128487355885101, 51.598705793485358 ], [ -0.128462702818365, 51.598706987438099 ], [ -0.128393988896672, 51.598701336801959 ], [ -0.128387030460407, 51.59870025463357 ], [ -0.128365523209055, 51.598696926106868 ], [ -0.128323047891054, 51.598686986423381 ], [ -0.128292857497327, 51.598679922418889 ], [ -0.128222286324341, 51.59866746628218 ], [ -0.128201641779561, 51.598662469907872 ], [ -0.128193131724771, 51.598662603927899 ], [ -0.128175227339704, 51.59866278142465 ], [ -0.128139299778238, 51.598660405321212 ], [ -0.128117882717287, 51.598657869518824 ], [ -0.128112601070853, 51.598656742144016 ], [ -0.12797559942829, 51.598696910731597 ], [ -0.127971083463734, 51.59869823250677 ], [ -0.127949036242246, 51.598702421928785 ], [ -0.1279286624456, 51.598706296333667 ], [ -0.127644407579354, 51.598928873018792 ], [ -0.127672524450679, 51.59903345367475 ], [ -0.127527489478091, 51.599049124158618 ], [ -0.127483792948035, 51.599055189145226 ], [ -0.127411313654323, 51.599065255018481 ], [ -0.127257151478582, 51.599085527500414 ], [ -0.127118232290891, 51.599103803968056 ], [ -0.127106444115638, 51.599105351349195 ], [ -0.127084317803242, 51.599109350507987 ], [ -0.126943937375272, 51.599134716437405 ], [ -0.126821478988336, 51.599156843279687 ], [ -0.126691193763986, 51.59918039173553 ], [ -0.12668713499766, 51.599181127262355 ], [ -0.126475632392717, 51.599219349346463 ], [ -0.126466879073351, 51.599222235529702 ], [ -0.126456852755429, 51.599228689355627 ], [ -0.12643108282338, 51.599227540515272 ], [ -0.126298477024528, 51.599252031657727 ], [ -0.126119806673544, 51.5992850312212 ], [ -0.125789804177599, 51.599345980830016 ], [ -0.12534603583433, 51.59942794375106 ], [ -0.125025733270379, 51.599487166780875 ], [ -0.124824565540532, 51.599524355059316 ], [ -0.124764037599429, 51.599535545506356 ], [ -0.125155418146176, 51.599804804893424 ], [ -0.125208715913024, 51.599843375096782 ], [ -0.125241333589922, 51.599866898802532 ], [ -0.125296776057524, 51.59991998549711 ], [ -0.125371514663003, 51.599991545093005 ], [ -0.125394144047052, 51.600013227603178 ], [ -0.125397829277427, 51.600016658628391 ], [ -0.125442022855163, 51.600057839447445 ], [ -0.125515056523217, 51.600125927619104 ], [ -0.125533509781684, 51.60014312811883 ], [ -0.125539114249712, 51.600148343316668 ], [ -0.125561016347454, 51.600168755238364 ], [ -0.125654393126613, 51.600280062044135 ], [ -0.125667965069004, 51.600296231355649 ], [ -0.125692672097026, 51.600325680457914 ], [ -0.125698659598814, 51.600332817147667 ], [ -0.125772065292665, 51.600420307704397 ], [ -0.12581527157896, 51.600471813867642 ], [ -0.125827975955016, 51.600486962153362 ], [ -0.125854844395509, 51.600518981585374 ], [ -0.125905140197905, 51.600578918870553 ], [ -0.125910104348422, 51.600587064332331 ], [ -0.12597708540057, 51.600697005004058 ], [ -0.125992167383249, 51.60072175014696 ], [ -0.126026976816917, 51.600778886211586 ], [ -0.126048667657304, 51.600816200349819 ], [ -0.126057972226664, 51.600832211527077 ], [ -0.126122566746421, 51.600943318975794 ], [ -0.12612962014041, 51.600955436459813 ], [ -0.126135108706545, 51.600964876198049 ], [ -0.126134285365422, 51.60097470972228 ], [ -0.126132841707929, 51.600978211687107 ], [ -0.126130020247427, 51.600985018835608 ], [ -0.126135834844532, 51.600983726860839 ], [ -0.126138358460674, 51.600989774080389 ], [ -0.126126970511322, 51.600992460798714 ], [ -0.125751950364707, 51.601080693752699 ], [ -0.125492920343117, 51.601141634110455 ], [ -0.125360860546523, 51.601172706377746 ], [ -0.125288339280413, 51.601180540173942 ], [ -0.125255813444112, 51.601180020526847 ], [ -0.125193074078659, 51.601194017465453 ], [ -0.124822376717114, 51.60142898250632 ], [ -0.124788393978797, 51.601450515780499 ], [ -0.124335652592717, 51.601172338954377 ], [ -0.124311465801386, 51.601155163535282 ], [ -0.12411645845178, 51.601016647729679 ], [ -0.124082928553835, 51.600992830388996 ] ] ] } },
{ "type": "Feature", "properties": { "lsoa21cd": "E01002003", "lsoa21nm": "Haringey 023C", "msoa21cd": "E02000419", "msoa21nm": "Haringey 023", "lad22cd": "E09000014", "lad22nm": "Haringey", "index_right": 583, "GSS_CODE": "E05000273", "risk_score": 0.0023480745450715395, "allocation_hours": 0.058362174619238399, "patrol_units": 0 }, "geometry": { "type": "Polygon", "coordinates": [ [ [ -0.102417077108118, 51.589354851012693 ], [ -0.102324703105371, 51.58920748046323 ], [ -0.102320101320469, 51.589200122099015 ], [ -0.102293555463525, 51.589157787634463 ], [ -0.102287790128614, 51.589148557991741 ], [ -0.102285705839886, 51.589145224027739 ], [ -0.102253487474024, 51.589093859246027 ], [ -0.102237920559745, 51.58906902192625 ], [ -0.102229095155712, 51.58905493178986 ], [ -0.102199260602285, 51.589007337441863 ], [ -0.10218627922718, 51.588986624536474 ], [ -0.102151619267768, 51.588932365100874 ], [ -0.102059823440432, 51.588886389186996 ], [ -0.102003881624822, 51.588858380456223 ], [ -0.101927478469778, 51.588820112824294 ], [ -0.101874591475499, 51.588793628240232 ], [ -0.10176723376452, 51.588739869001657 ], [ -0.101692918578001, 51.588704161893403 ], [ -0.101654381249828, 51.588685643023595 ], [ -0.101562587703038, 51.588641541591194 ], [ -0.101355040982345, 51.588541826377693 ], [ -0.101237016545767, 51.588496724148165 ], [ -0.10095957641515, 51.588390696577228 ], [ -0.100698933280069, 51.588291082314726 ], [ -0.100494815790425, 51.588213074972863 ], [ -0.100415641346617, 51.588182818438256 ], [ -0.100287800323883, 51.588133959203553 ], [ -0.100247687335828, 51.588118633511172 ], [ -0.100233905076204, 51.588113694532076 ], [ -0.100190736670578, 51.588096866126868 ], [ -0.10008722235449, 51.588057303414672 ], [ -0.1000264778308, 51.588034089628778 ], [ -0.099926032956016, 51.587995700574645 ], [ -0.099802689831863, 51.587948568317003 ], [ -0.099731949527857, 51.587921532432276 ], [ -0.099664769019633, 51.587895849120791 ], [ -0.099659895154325, 51.587893989611381 ], [ -0.099639832032221, 51.587886317558684 ], [ -0.099544290148157, 51.587849797149545 ], [ -0.099535210332999, 51.587846331744103 ], [ -0.099459987214513, 51.587817586397541 ], [ -0.099435007785823, 51.587808036118588 ], [ -0.099413606713423, 51.587799218278931 ], [ -0.09925176877592, 51.587732442314753 ], [ -0.099072688904053, 51.587658552287863 ], [ -0.099059817657565, 51.587653235869389 ], [ -0.098705888132239, 51.587507214134355 ], [ -0.098694946624666, 51.587502702322787 ], [ -0.098598659842113, 51.587462967737643 ], [ -0.098581757801234, 51.587456003219522 ], [ -0.098556496948943, 51.587447671163041 ], [ -0.098466830515669, 51.587418106412102 ], [ -0.098387586923777, 51.587391992902134 ], [ -0.098252093766119, 51.587347939678978 ], [ -0.098247344599722, 51.587346657651047 ], [ -0.09820886742219, 51.587333052870171 ], [ -0.098246827126122, 51.587296866956585 ], [ -0.09835520332873, 51.587193561408959 ], [ -0.098370477052676, 51.587179007551093 ], [ -0.098393922142491, 51.587120154448172 ], [ -0.098395967578062, 51.587115070910997 ], [ -0.098400774177262, 51.587102973072554 ], [ -0.09840474101468, 51.587093010812829 ], [ -0.098432764579056, 51.58709705334406 ], [ -0.09857837936213, 51.58711802948671 ], [ -0.098648230878457, 51.58712809186855 ], [ -0.098693875400412, 51.587134668226618 ], [ -0.098718755181299, 51.587138291013943 ], [ -0.098781185620155, 51.587148385838695 ], [ -0.098803754692285, 51.587152034083104 ], [ -0.098842012273538, 51.587156440310153 ], [ -0.098898931889182, 51.5871629925999 ], [ -0.098905810421541, 51.587135137566349 ], [ -0.098915347832115, 51.587096489724232 ], [ -0.098917553295757, 51.58708756898946 ], [ -0.098922537366719, 51.587067407764494 ], [ -0.098926914937067, 51.587049673663273 ], [ -0.098934718074483, 51.587017993836874 ], [ -0.098936071587949, 51.587012539371905 ], [ -0.098942584151398, 51.586986189135899 ], [ -0.098944235384194, 51.586979480552962 ], [ -0.098955891424859, 51.586932261269567 ], [ -0.098964090415144, 51.586899050147657 ], [ -0.099004689455065, 51.586877083411942 ], [ -0.099017918131197, 51.58685652531134 ], [ -0.099037723934127, 51.586825714531649 ], [ -0.099062084388267, 51.586787801609972 ], [ -0.099070297081509, 51.586775021589311 ], [ -0.099076785645699, 51.586753050287939 ], [ -0.099087106780969, 51.586718102049616 ], [ -0.09923658425392, 51.586729509076072 ], [ -0.09933113725821, 51.586736725251157 ], [ -0.099397472737953, 51.586741784329185 ], [ -0.099414466893634, 51.586743075977154 ], [ -0.099414501428088, 51.586710406902021 ], [ -0.099414540230494, 51.586680750372587 ], [ -0.099414557335183, 51.586676533182512 ], [ -0.099414546440337, 51.58666468093341 ], [ -0.099414597001397, 51.586610169413412 ], [ -0.099403963850333, 51.586589269396924 ], [ -0.099360137024475, 51.586503130447745 ], [ -0.099357068056653, 51.586497109695415 ], [ -0.099299161361178, 51.58650108978717 ], [ -0.099273135770598, 51.586436695430734 ], [ -0.099473902235151, 51.586412064553485 ], [ -0.099526932677237, 51.586405244642215 ], [ -0.099707721021467, 51.586381989086853 ], [ -0.099868596800303, 51.586361308794743 ], [ -0.099987515621539, 51.586346021828312 ], [ -0.100079759689509, 51.586334162928281 ], [ -0.100186850404068, 51.58632039534352 ], [ -0.100226470679759, 51.586315300180011 ], [ -0.100514812718043, 51.586278229211125 ], [ -0.100620974337973, 51.586264581064427 ], [ -0.100634892528155, 51.586262783248081 ], [ -0.100669723125975, 51.586258311750065 ], [ -0.100556229112486, 51.585974118520845 ], [ -0.100527439550039, 51.585898771797432 ], [ -0.100525743592443, 51.585893919860546 ], [ -0.100502315620452, 51.585826910587237 ], [ -0.100487844253964, 51.58578553557728 ], [ -0.100482736454501, 51.585770938975507 ], [ -0.100477441665861, 51.585771563592694 ], [ -0.100441985187146, 51.585684400631422 ], [ -0.10038226618504, 51.585537620132335 ], [ -0.100287190134451, 51.585238293951647 ], [ -0.10028486821929, 51.585230972427283 ], [ -0.100267425028461, 51.585176060525775 ], [ -0.100254873131034, 51.585130894785593 ], [ -0.10024344512522, 51.585058769847407 ], [ -0.100243048165141, 51.585056830933219 ], [ -0.100201995948418, 51.584856037390047 ], [ -0.100162765778908, 51.58466414082644 ], [ -0.1001264241107, 51.584486409230855 ], [ -0.100126160451021, 51.584485116337149 ], [ -0.100123547347234, 51.584472316373066 ], [ -0.100087016614245, 51.584309859902731 ], [ -0.100085540398562, 51.584301643838842 ], [ -0.100100565155408, 51.584301680498939 ], [ -0.100101844105205, 51.58430804990936 ], [ -0.100152899184919, 51.584301809196639 ], [ -0.100367421229468, 51.584275565259318 ], [ -0.100534507524237, 51.584255128581567 ], [ -0.100643922719132, 51.584241746260204 ], [ -0.100683145596818, 51.584243924812206 ], [ -0.100654081265685, 51.584499500145256 ], [ -0.100778596198818, 51.584580830918924 ], [ -0.100904033751851, 51.584631026588653 ], [ -0.100925501081105, 51.584639611433268 ], [ -0.100860622911795, 51.584695078151739 ], [ -0.100784977617582, 51.584739084860459 ], [ -0.100780880991267, 51.584741095756407 ], [ -0.10074639366929, 51.584779960049431 ], [ -0.100724189510117, 51.584804986078922 ], [ -0.100702447382845, 51.584829489033652 ], [ -0.100677713476641, 51.584890794655166 ], [ -0.10067462580969, 51.584964878550096 ], [ -0.100797312306912, 51.585087688909439 ], [ -0.100810129976274, 51.585100512984589 ], [ -0.100788202580534, 51.585125822275366 ], [ -0.100796877361908, 51.585195105897967 ], [ -0.100802713213051, 51.585241763440379 ], [ -0.1008431716641, 51.58529134686664 ], [ -0.10092969859455, 51.585359121917058 ], [ -0.100998206982309, 51.585393395854503 ], [ -0.100953054216955, 51.585436017155693 ], [ -0.100879157344295, 51.585534159927732 ], [ -0.100896668992459, 51.585662613246917 ], [ -0.100904628725923, 51.585721004385761 ], [ -0.100976135632458, 51.585746379398948 ], [ -0.101062036836418, 51.585776888413548 ], [ -0.101068008137601, 51.585801597517374 ], [ -0.101079668782412, 51.585849815158632 ], [ -0.101105729446777, 51.585907878983832 ], [ -0.101125713928334, 51.585934397728558 ], [ -0.101189861445713, 51.585996792301678 ], [ -0.101193315167691, 51.586000166459456 ], [ -0.101205685925307, 51.586009521150203 ], [ -0.101232479890082, 51.586025395171752 ], [ -0.101191714009835, 51.586088131821334 ], [ -0.101150563532575, 51.586193351635593 ], [ -0.101140014041468, 51.586220311043512 ], [ -0.101106715107129, 51.586305460928088 ], [ -0.10125360059816, 51.586362424205184 ], [ -0.101250705918802, 51.586381315459413 ], [ -0.101249218119661, 51.586391039197707 ], [ -0.101244470188374, 51.586421842433118 ], [ -0.10122787635697, 51.586529771044155 ], [ -0.101255603775688, 51.586558933057283 ], [ -0.101262712165207, 51.586566404019813 ], [ -0.101451473400881, 51.586677460489106 ], [ -0.101471875539373, 51.586689463100292 ], [ -0.101561609590208, 51.586756570197039 ], [ -0.101589957514807, 51.586781587650044 ], [ -0.101454277312085, 51.587063345643628 ], [ -0.101925439296315, 51.586956445617794 ], [ -0.101983515948885, 51.586948393223224 ], [ -0.102041939487771, 51.586940745680238 ], [ -0.102097114709361, 51.58700575140923 ], [ -0.102127896286416, 51.587042012652049 ], [ -0.102175643939696, 51.587098268954335 ], [ -0.102413120402736, 51.587378001007679 ], [ -0.102482255701184, 51.587451050496604 ], [ -0.102551390844617, 51.587524108931262 ], [ -0.102640060507084, 51.587615468330874 ], [ -0.103118905844203, 51.5881088083066 ], [ -0.103134075201831, 51.588117815946234 ], [ -0.103220261649125, 51.588101455382386 ], [ -0.103525335279156, 51.588049978240093 ], [ -0.103654286612035, 51.588028217498199 ], [ -0.103778072501275, 51.588007329883922 ], [ -0.103924092259291, 51.587982690303811 ], [ -0.104014517020039, 51.587967426431575 ], [ -0.10434968332458, 51.587910869193287 ], [ -0.105053580726521, 51.587792089489916 ], [ -0.105278491698206, 51.587754133738578 ], [ -0.10532943569124, 51.587742655208189 ], [ -0.105408864884501, 51.587729694525557 ], [ -0.105418730335086, 51.587725384671081 ], [ -0.105475075218909, 51.587714550872334 ], [ -0.105478877205359, 51.587720322508446 ], [ -0.105487527335194, 51.587733438377199 ], [ -0.105572784434988, 51.587902516093337 ], [ -0.105631891693254, 51.588019689481584 ], [ -0.105647561494745, 51.588050768762869 ], [ -0.105330020959135, 51.588102138088715 ], [ -0.104596225973531, 51.588220849891236 ], [ -0.104100792502008, 51.58830099380161 ], [ -0.104062525565243, 51.588307185981435 ], [ -0.104035565754928, 51.588311548457746 ], [ -0.104118580254924, 51.588527828389601 ], [ -0.104151505248625, 51.588613600218274 ], [ -0.104157599736293, 51.588629498499117 ], [ -0.104163565670403, 51.588645017017981 ], [ -0.104140577132737, 51.588648646993889 ], [ -0.104144924221311, 51.588746789018657 ], [ -0.104235420625215, 51.588882851189574 ], [ -0.104308565730455, 51.588937367947509 ], [ -0.104322789272871, 51.588945942885985 ], [ -0.104328405796994, 51.588950430993918 ], [ -0.10426246960242, 51.588999875685587 ], [ -0.104193594479173, 51.589033212299455 ], [ -0.104143070639871, 51.589052592524993 ], [ -0.104095503640634, 51.589089726683362 ], [ -0.104084894107819, 51.589138276282206 ], [ -0.104078817454528, 51.589166009689777 ], [ -0.104104603341756, 51.589307832979351 ], [ -0.104108283081788, 51.589327990613512 ], [ -0.104146336790293, 51.589349495325919 ], [ -0.105850964072919, 51.5890612093634 ], [ -0.105935383384529, 51.589047025000326 ], [ -0.105882472891527, 51.58900819523798 ], [ -0.106202031240088, 51.58895460882988 ], [ -0.106661334577235, 51.588877600027168 ], [ -0.106716343330796, 51.588868376177118 ], [ -0.106752090381294, 51.588862379846958 ], [ -0.106786194563908, 51.58885666272527 ], [ -0.106892010663823, 51.588838920406573 ], [ -0.106930752245733, 51.58883242382695 ], [ -0.107073129419815, 51.588808545221035 ], [ -0.107088626108492, 51.588805944769426 ], [ -0.107094557175878, 51.588804952424589 ], [ -0.107111783274393, 51.588802074143395 ], [ -0.107191243575887, 51.588788744051335 ], [ -0.107509657338179, 51.58873535595454 ], [ -0.107629043308109, 51.588715336573927 ], [ -0.108035703874752, 51.588647135275515 ], [ -0.108016457065981, 51.58861211388686 ], [ -0.107937996988205, 51.588347760357848 ], [ -0.108030189030584, 51.588319990935467 ], [ -0.108052965829044, 51.588314495349351 ], [ -0.108187822097809, 51.588302382086574 ], [ -0.108428394861317, 51.588330515676589 ], [ -0.108526802350607, 51.5885282373346 ], [ -0.108583602597064, 51.58855599597743 ], [ -0.108591021161402, 51.588597067241757 ], [ -0.108786978336833, 51.588559375115679 ], [ -0.108818556477971, 51.588553292940318 ], [ -0.109077799277669, 51.588503438043674 ], [ -0.10906089374886, 51.588490944697178 ], [ -0.109020812769636, 51.588484857926964 ], [ -0.109021975741196, 51.588480488367225 ], [ -0.109054896618961, 51.58835682456764 ], [ -0.109056332169422, 51.588351452249093 ], [ -0.108989783662061, 51.588235266773864 ], [ -0.108933082289707, 51.588198346615641 ], [ -0.108865075845709, 51.588169822901989 ], [ -0.10882223973951, 51.588158476007287 ], [ -0.10882806078184, 51.588150045047755 ], [ -0.108868541136382, 51.588063372242566 ], [ -0.108866501266379, 51.588047827372947 ], [ -0.108841632769777, 51.587983382093576 ], [ -0.108694456015415, 51.587873962279602 ], [ -0.108688153322498, 51.587868400409 ], [ -0.109021721879457, 51.587811778945749 ], [ -0.109137276425934, 51.587792350927401 ], [ -0.109096981762058, 51.587719767877005 ], [ -0.109102757063049, 51.587718350275807 ], [ -0.109096334129598, 51.587708588814003 ], [ -0.109090617789152, 51.587710672806757 ], [ -0.108930463432302, 51.587481606314448 ], [ -0.108919657028266, 51.587466162861595 ], [ -0.108910677249296, 51.587453315310761 ], [ -0.108876502121222, 51.587404426149128 ], [ -0.108793161423101, 51.587285244993161 ], [ -0.108718815470576, 51.58717890618469 ], [ -0.108715436320644, 51.587174067699664 ], [ -0.108701756580186, 51.58715586216065 ], [ -0.108645170685592, 51.587079331962151 ], [ -0.108636997319706, 51.587068274302858 ], [ -0.108595104575002, 51.587011620581372 ], [ -0.108523443862981, 51.586914686087056 ], [ -0.108510391046469, 51.586897030182861 ], [ -0.108501656882292, 51.586885226086025 ], [ -0.108493005546029, 51.586873513249053 ], [ -0.108448776191251, 51.58681369240491 ], [ -0.108419143979078, 51.586773620635512 ], [ -0.108357460681872, 51.586690200767904 ], [ -0.108283012604448, 51.586589498268921 ], [ -0.108264140994643, 51.586563952904847 ], [ -0.108258861683962, 51.586556590143175 ], [ -0.108207827409962, 51.586485348708663 ], [ -0.108081439593411, 51.586308918951701 ], [ -0.108050207682613, 51.586265323203961 ], [ -0.107960550135265, 51.586140194369037 ], [ -0.1079213799673, 51.58608545473944 ], [ -0.107903820480462, 51.586060927745933 ], [ -0.10787642227603, 51.586022699354615 ], [ -0.107838478569946, 51.585969715028007 ], [ -0.107832693581285, 51.585961636378812 ], [ -0.107827768135086, 51.585954758603386 ], [ -0.107796850199378, 51.585911608476785 ], [ -0.107782456162778, 51.585891502876322 ], [ -0.107708710143663, 51.585788554193392 ], [ -0.107687057652967, 51.585758313850199 ], [ -0.107655580637158, 51.585714381308392 ], [ -0.107615126868536, 51.585657894297803 ], [ -0.10757943405038, 51.585608075577667 ], [ -0.107562365870217, 51.585584239882614 ], [ -0.107524019917515, 51.585530704906589 ], [ -0.107507081556139, 51.585507046650612 ], [ -0.107498403314166, 51.585494951118079 ], [ -0.107494268536701, 51.585489196656262 ], [ -0.107438889817966, 51.585411848992834 ], [ -0.107428751907726, 51.585397711089001 ], [ -0.107391164124414, 51.585345217937508 ], [ -0.107365896158794, 51.585309937351468 ], [ -0.107846421849534, 51.585217660471152 ], [ -0.108437993994835, 51.585060997627899 ], [ -0.108672376871657, 51.584998929407909 ], [ -0.10918997570482, 51.584861857472632 ], [ -0.110157269253638, 51.584605681822929 ], [ -0.110633494863784, 51.584479557719398 ], [ -0.110636543859659, 51.584483725390065 ], [ -0.110645315985073, 51.584496357248 ], [ -0.110660883820812, 51.58451985357307 ], [ -0.110750264659922, 51.584654894535191 ], [ -0.110780297706573, 51.584700286715126 ], [ -0.110822100057463, 51.584770975422664 ], [ -0.110857615604029, 51.584831059646234 ], [ -0.110860475888557, 51.584835880718572 ], [ -0.11095203618533, 51.584990802949577 ], [ -0.110954477996664, 51.584994924859068 ], [ -0.110964554299205, 51.585011966014747 ], [ -0.110986000840116, 51.58504826332554 ], [ -0.111019122981509, 51.585112121731619 ], [ -0.111041392131597, 51.585155041730765 ], [ -0.111044854072439, 51.58516171594183 ], [ -0.111051364303702, 51.585174248379772 ], [ -0.111081422654792, 51.585232208721564 ], [ -0.111095259525713, 51.585258890996201 ], [ -0.111105164831281, 51.585277970668379 ], [ -0.111112182649105, 51.585291491455656 ], [ -0.111118545414512, 51.585303751740256 ], [ -0.111202983959283, 51.585466508340367 ], [ -0.111246973630218, 51.585551323267396 ], [ -0.111252480667712, 51.585561942126887 ], [ -0.111259392108055, 51.585575245371537 ], [ -0.111273400565671, 51.585602250516189 ], [ -0.111281735888405, 51.585618325685047 ], [ -0.111287234919724, 51.585628929126472 ], [ -0.111335343478063, 51.58572164277853 ], [ -0.111366180111093, 51.585781111912482 ], [ -0.111374228008162, 51.585796600632861 ], [ -0.111423311377331, 51.585891227348903 ], [ -0.11143872332816, 51.585920943815978 ], [ -0.111477233701288, 51.585995185200552 ], [ -0.111480595708048, 51.586002532220192 ], [ -0.111555856132255, 51.586167029111216 ], [ -0.11159361962462, 51.586249549454372 ], [ -0.111623057780233, 51.586313869889992 ], [ -0.111766671757871, 51.58662776176682 ], [ -0.111845085979655, 51.586799107503921 ], [ -0.111906013180164, 51.58693228644858 ], [ -0.111934207138069, 51.586993907007475 ], [ -0.111947959609122, 51.587023974356526 ], [ -0.111974207010778, 51.587077182605832 ], [ -0.112114103433959, 51.587360884933929 ], [ -0.112115971708019, 51.587364674752472 ], [ -0.112195981579693, 51.587526904179924 ], [ -0.11220375628755, 51.58754185788014 ], [ -0.112329111242882, 51.587783232183327 ], [ -0.112343593806509, 51.587811124268164 ], [ -0.112418670322818, 51.587955705568966 ], [ -0.112451318837025, 51.588018548715951 ], [ -0.11257038064084, 51.588247802119433 ], [ -0.112586746101023, 51.588279697334691 ], [ -0.112495616376646, 51.588303045140236 ], [ -0.112360332072495, 51.588337367776617 ], [ -0.112347493394559, 51.588340632185677 ], [ -0.112307414452504, 51.58835079681139 ], [ -0.112302384149616, 51.588352072792368 ], [ -0.112248202199596, 51.588365948155115 ], [ -0.112173048990382, 51.588385303983465 ], [ -0.112164301903992, 51.588389461548296 ], [ -0.112065582256595, 51.588436341443995 ], [ -0.112061239513032, 51.58843802505114 ], [ -0.111804924676544, 51.588559792233717 ], [ -0.111741193323012, 51.588576795839785 ], [ -0.11164343636305, 51.588602864399526 ], [ -0.111621831433152, 51.588607956906152 ], [ -0.11161544646962, 51.588609454738126 ], [ -0.11146432318054, 51.588645027522048 ], [ -0.111424649024865, 51.588654365670266 ], [ -0.111401134473316, 51.588659903980776 ], [ -0.111120695882538, 51.588725914708611 ], [ -0.111083099119374, 51.58873476014778 ], [ -0.1109948614754, 51.588749696000981 ], [ -0.110872765019828, 51.58877036304694 ], [ -0.110844924918188, 51.588775076196875 ], [ -0.110820195871348, 51.588779263945 ], [ -0.11081533987671, 51.588780093948529 ], [ -0.110773427484153, 51.588787179182859 ], [ -0.110758337169354, 51.588789732711305 ], [ -0.110613510680871, 51.588814241744259 ], [ -0.110601778523322, 51.588816228882003 ], [ -0.110322969794847, 51.588863424819223 ], [ -0.110306585803961, 51.588866191246268 ], [ -0.110273003598996, 51.588871898914213 ], [ -0.110258493054518, 51.588875056122596 ], [ -0.110243794583031, 51.588878254363628 ], [ -0.110237675919669, 51.588879594549091 ], [ -0.110231397821642, 51.588880950149758 ], [ -0.110123758439495, 51.588904431137635 ], [ -0.110028516279251, 51.588925133541281 ], [ -0.109966210854868, 51.588938706079595 ], [ -0.10991188853395, 51.588950536831248 ], [ -0.109745440342177, 51.58898677314837 ], [ -0.109687850547204, 51.589000808230253 ], [ -0.109679960545379, 51.589002740311287 ], [ -0.109653316626651, 51.589009234983173 ], [ -0.109568616717922, 51.589029865067168 ], [ -0.109559067452009, 51.589032471801467 ], [ -0.109526740967797, 51.589041275817237 ], [ -0.109491800841822, 51.589050793052834 ], [ -0.109448728300147, 51.589062517201398 ], [ -0.109401494271101, 51.589075379227971 ], [ -0.109307303590589, 51.589101026765171 ], [ -0.109280072954436, 51.58910843811541 ], [ -0.10926189477538, 51.589113387610801 ], [ -0.109197292620489, 51.589130982802907 ], [ -0.109090289509536, 51.589160114974398 ], [ -0.10900534075802, 51.589183249537108 ], [ -0.108995645673517, 51.589185889844572 ], [ -0.108874590404609, 51.589218810342423 ], [ -0.108832333632738, 51.589230349590281 ], [ -0.108735251211636, 51.589256786336158 ], [ -0.108647513095687, 51.58928068497616 ], [ -0.108634854351283, 51.589284122743265 ], [ -0.10860890868884, 51.589291176982798 ], [ -0.108547028827441, 51.589308037884344 ], [ -0.108510949611199, 51.589317860186917 ], [ -0.108483437772062, 51.589323693141033 ], [ -0.108464154806483, 51.58932777940403 ], [ -0.108448687739243, 51.58933105494971 ], [ -0.108428953445673, 51.589335232843673 ], [ -0.108366895362278, 51.589348385888599 ], [ -0.108350758324706, 51.589351803485556 ], [ -0.108327910896383, 51.589355859203508 ], [ -0.108308583007634, 51.589359288267936 ], [ -0.108269694906848, 51.589366178609211 ], [ -0.108136794637211, 51.589389935505409 ], [ -0.108082540195824, 51.589399515706532 ], [ -0.107884854106874, 51.589427116254832 ], [ -0.107867605436092, 51.589429490710245 ], [ -0.107779881231424, 51.589441563865201 ], [ -0.107775147989379, 51.589442215876076 ], [ -0.107767308086815, 51.589443285363579 ], [ -0.107745217179485, 51.58944632893688 ], [ -0.107703568927219, 51.589452067582194 ], [ -0.107615873864926, 51.589464132093312 ], [ -0.107603300335123, 51.589465862560466 ], [ -0.107516359875034, 51.589477831266038 ], [ -0.10737365911096, 51.589497465267478 ], [ -0.1073037423475, 51.589507087275919 ], [ -0.107298232425145, 51.589507843633612 ], [ -0.107244446250719, 51.589515248541211 ], [ -0.107218907008825, 51.589518766012112 ], [ -0.107156721728082, 51.58952732122868 ], [ -0.107123472752675, 51.589531901234153 ], [ -0.107103625245446, 51.589534629295592 ], [ -0.107014782720893, 51.589546854687349 ], [ -0.10698323281314, 51.589551192307709 ], [ -0.106936335947808, 51.589557647180868 ], [ -0.106887769573273, 51.58956432687161 ], [ -0.106762991821871, 51.589581502289256 ], [ -0.106727768449707, 51.58958634705764 ], [ -0.106720465265791, 51.589587353201601 ], [ -0.106696813708232, 51.589590604286187 ], [ -0.106665016625263, 51.589594982793074 ], [ -0.106662975232742, 51.589595263669594 ], [ -0.106633960140419, 51.589599256347327 ], [ -0.106551244552208, 51.589610636109441 ], [ -0.106510256858735, 51.589616277990167 ], [ -0.106486691831071, 51.589619530429928 ], [ -0.106438589964224, 51.589626145497085 ], [ -0.10642934055006, 51.589627434931586 ], [ -0.106370335295411, 51.589635537507817 ], [ -0.106359300964307, 51.589637049901988 ], [ -0.106263619486965, 51.589650216407549 ], [ -0.106252279952073, 51.58965177781765 ], [ -0.106207974096673, 51.589658755341134 ], [ -0.106089050007184, 51.589677485855809 ], [ -0.106082641610954, 51.589678497419385 ], [ -0.106074271445114, 51.589679819011572 ], [ -0.106042242712406, 51.589685947137767 ], [ -0.105957579876733, 51.589702141966001 ], [ -0.105936217626635, 51.589706230203205 ], [ -0.105876118081661, 51.589717731989744 ], [ -0.105826554817836, 51.589727200787529 ], [ -0.105796286569905, 51.589732997586204 ], [ -0.105767124441802, 51.589738578441064 ], [ -0.105709309575541, 51.589749640448524 ], [ -0.105667138048962, 51.589757708860702 ], [ -0.105652382544666, 51.589760527928739 ], [ -0.105642952720977, 51.589762335949608 ], [ -0.10558480299727, 51.589773464426528 ], [ -0.105573132430809, 51.5897756948577 ], [ -0.105498454626472, 51.589792518274535 ], [ -0.105415718192267, 51.589811153815823 ], [ -0.105363839632618, 51.589822833126625 ], [ -0.105291755869148, 51.589839066155633 ], [ -0.105288520744049, 51.589839794429047 ], [ -0.105183370975642, 51.589863485615844 ], [ -0.105152316354171, 51.589870483524962 ], [ -0.105055742986935, 51.589892231428678 ], [ -0.105011602107014, 51.589902174184417 ], [ -0.104928114840675, 51.589920977101855 ], [ -0.104901082237468, 51.5899270687583 ], [ -0.10489131852096, 51.589929266991454 ], [ -0.104827708580499, 51.589943589101225 ], [ -0.104755383676293, 51.589959883552538 ], [ -0.10474687333937, 51.589961796287525 ], [ -0.104690228736439, 51.589974558301435 ], [ -0.104657060807222, 51.589982034494497 ], [ -0.104639675714131, 51.589985943984225 ], [ -0.104625991974873, 51.589989023043884 ], [ -0.104350049980771, 51.590051167052664 ], [ -0.104338004090041, 51.590053879585412 ], [ -0.104316450690506, 51.590058737792212 ], [ -0.104191572051362, 51.590086677334945 ], [ -0.104188392074444, 51.590087258993705 ], [ -0.104152286971009, 51.590095722592636 ], [ -0.104018828956605, 51.590145891983646 ], [ -0.104009428553761, 51.590149417909565 ], [ -0.103971268021418, 51.590163769753062 ], [ -0.103875236555557, 51.590199872024264 ], [ -0.103718737431945, 51.590258714926868 ], [ -0.103712976397553, 51.59026185905055 ], [ -0.103620966287441, 51.590311978842266 ], [ -0.103430380453639, 51.590415427547221 ], [ -0.10336222539358, 51.590369842253317 ], [ -0.103336298148992, 51.590352490111215 ], [ -0.103184019644409, 51.59025062442749 ], [ -0.103161264922694, 51.590230931567632 ], [ -0.103042070844811, 51.590127784366892 ], [ -0.102971984299634, 51.590059782662578 ], [ -0.102875547366848, 51.58996622968796 ], [ -0.102861866091128, 51.589952951300248 ], [ -0.102856481871835, 51.589947738491631 ], [ -0.102795079145013, 51.589876792748271 ], [ -0.102758634597779, 51.589834675937404 ], [ -0.102743428435669, 51.589817110437671 ], [ -0.102686887718167, 51.589751791643209 ], [ -0.102668108075124, 51.589726093086007 ], [ -0.102648617569126, 51.589699438815359 ], [ -0.10253921774686, 51.589549742698026 ], [ -0.102466979426483, 51.589434481941822 ], [ -0.102417077108118, 51.589354851012693 ] ] ] } },
{ "type": "Feature", "properties": { "lsoa21cd": "E01001966", "lsoa21nm": "Haringey 009D", "msoa21cd": "E02000405", "msoa21nm": "Haringey 009", "lad22cd": "E09000014", "lad22nm": "Haringey", "index_right": 583, "GSS_CODE": "E05000273", "risk_score": 0.00054969813655605633, "allocation_hours": 0.013662930208451742, "patrol_units": 0 }, "geometry": { "type": "Polygon", "coordinates": [ [ [ -0.135386720521571, 51.599559290071682 ], [ -0.135230270334348, 51.599465118515759 ], [ -0.135197811355293, 51.599467219675169 ], [ -0.135159995403924, 51.599465440937202 ], [ -0.135077827979374, 51.599452580384067 ], [ -0.134967395215622, 51.599419100782747 ], [ -0.134918933021997, 51.599390984974058 ], [ -0.13489997014044, 51.599391088234718 ], [ -0.134787565598042, 51.599391684533956 ], [ -0.134782697006516, 51.599390689921023 ], [ -0.134609254606152, 51.599370568511404 ], [ -0.134523606961548, 51.59936972848741 ], [ -0.134517269940852, 51.599370742798449 ], [ -0.134492971149333, 51.599369628112413 ], [ -0.134299361496796, 51.599376198757604 ], [ -0.13426697790602, 51.59936941616607 ], [ -0.13411278596871, 51.59937319613217 ], [ -0.134030138292764, 51.599381602666234 ], [ -0.134026136971141, 51.599382348351995 ], [ -0.134006521077955, 51.599384293506425 ], [ -0.133997287196952, 51.599384470392486 ], [ -0.133985994706372, 51.599386610851539 ], [ -0.133936128379096, 51.599391384134258 ], [ -0.13385426865735, 51.599393949029611 ], [ -0.133792472162046, 51.599401976604192 ], [ -0.133760772967226, 51.599399988708797 ], [ -0.133643004854126, 51.599402683758065 ], [ -0.13358859234737, 51.599408283823841 ], [ -0.133490302743339, 51.599418905095177 ], [ -0.133457225780732, 51.599426930710273 ], [ -0.133350391833765, 51.599429709471153 ], [ -0.133334536111293, 51.599427631784238 ], [ -0.133271109538695, 51.599427162321518 ], [ -0.133150947133262, 51.599440888421661 ], [ -0.133068303539216, 51.59943685786795 ], [ -0.132976865303928, 51.599435322095097 ], [ -0.132945145896174, 51.599438054663231 ], [ -0.132801683812606, 51.599402338192867 ], [ -0.132792978968301, 51.599400176388194 ], [ -0.132687347754519, 51.599393693534751 ], [ -0.132681573698121, 51.599394006306753 ], [ -0.132578008560363, 51.599381153649738 ], [ -0.132568469198106, 51.599379976702927 ], [ -0.132520970716315, 51.599378411461977 ], [ -0.132415987223511, 51.599383601805179 ], [ -0.132403681344164, 51.599381931193861 ], [ -0.132359915021576, 51.599369634416973 ], [ -0.132289945271711, 51.599364995717799 ], [ -0.132166318013413, 51.599337507476946 ], [ -0.1321034294502, 51.599329555281891 ], [ -0.132030353708536, 51.599311225523323 ], [ -0.131941176393528, 51.599297872957514 ], [ -0.132089784694171, 51.598947871746489 ], [ -0.132094643373662, 51.598936429833678 ], [ -0.132006674405006, 51.598920740538617 ], [ -0.131994519170817, 51.598918568707113 ], [ -0.131762018184553, 51.598877117101424 ], [ -0.131751081012535, 51.598875171462907 ], [ -0.131660933363709, 51.598859096514836 ], [ -0.131639661395051, 51.598855304733128 ], [ -0.131569119417737, 51.598838588690661 ], [ -0.131514366553988, 51.598814480490503 ], [ -0.131466807830096, 51.598810351025143 ], [ -0.131367290986917, 51.598795295664793 ], [ -0.131350670452502, 51.598790750603264 ], [ -0.131331612688349, 51.598787893265921 ], [ -0.131312167540415, 51.598784975801848 ], [ -0.131301088746984, 51.598783315622313 ], [ -0.131181978083356, 51.598754540399419 ], [ -0.131104556960174, 51.598725313999729 ], [ -0.131100339547373, 51.598723232531633 ], [ -0.131027262216211, 51.598723273574159 ], [ -0.13081083434742, 51.598687786245378 ], [ -0.130686051716515, 51.59863750027187 ], [ -0.131012799020034, 51.598289969397435 ], [ -0.131044567974296, 51.598218446312138 ], [ -0.130924968528972, 51.59810274251673 ], [ -0.130875186429522, 51.598074172022386 ], [ -0.131013686449748, 51.598101538865315 ], [ -0.131152448207385, 51.597832187593092 ], [ -0.13118801443197, 51.597763116925044 ], [ -0.131311698108366, 51.597523029379218 ], [ -0.131366449033845, 51.597416738911157 ], [ -0.131446975069346, 51.597260402535412 ], [ -0.131614111509332, 51.597171080751799 ], [ -0.132013674486033, 51.596957542284827 ], [ -0.132042386340942, 51.596942199725319 ], [ -0.132150856544823, 51.596884234936979 ], [ -0.132215720270218, 51.596849567642977 ], [ -0.132554503419333, 51.596668511573014 ], [ -0.132592972714255, 51.596647946719294 ], [ -0.132677076997805, 51.596599665154777 ], [ -0.132760501167851, 51.596551768373608 ], [ -0.132908213968823, 51.596467000568687 ], [ -0.133042398274212, 51.596389966607248 ], [ -0.132901525007372, 51.596370225875752 ], [ -0.132749507112235, 51.596334948610661 ], [ -0.132623976918955, 51.596305820848535 ], [ -0.1325136019703, 51.596266601892339 ], [ -0.132218910691177, 51.596161852926365 ], [ -0.132020120787067, 51.596091209439145 ], [ -0.131989070549937, 51.59609070612764 ], [ -0.131968370439256, 51.596089899980662 ], [ -0.131796800149027, 51.596083256713449 ], [ -0.131692204674199, 51.59608480160982 ], [ -0.13166078278155, 51.596085263472638 ], [ -0.131550719593399, 51.596082126065077 ], [ -0.13146394699725, 51.596079647206366 ], [ -0.131148656331472, 51.596051263653145 ], [ -0.13110853671812, 51.596047648165438 ], [ -0.130845774707377, 51.596052284239256 ], [ -0.130674934521896, 51.596055299804171 ], [ -0.130399873909695, 51.596055998107332 ], [ -0.130230441170696, 51.596045124206434 ], [ -0.129647151306791, 51.59600091046336 ], [ -0.129400697343522, 51.595978996897223 ], [ -0.129394425265947, 51.595978438293734 ], [ -0.129323245171315, 51.595972114883864 ], [ -0.129022859033532, 51.595839264664619 ], [ -0.128705344422019, 51.595586370658467 ], [ -0.128223689722846, 51.595202733647263 ], [ -0.128093588248724, 51.595099124887874 ], [ -0.128069668255267, 51.59508006604954 ], [ -0.126994017988099, 51.594223297263142 ], [ -0.126751428498215, 51.594030062372262 ], [ -0.126620132412725, 51.593925470641047 ], [ -0.126039258847196, 51.593462779407865 ], [ -0.1254439150668, 51.592988541522274 ], [ -0.125400580278294, 51.592936124810748 ], [ -0.125367147628435, 51.592895682322705 ], [ -0.125357935876438, 51.592882720954471 ], [ -0.124468501518978, 51.591630880385623 ], [ -0.124489175411903, 51.591625608578831 ], [ -0.124494792794074, 51.5916241696603 ], [ -0.124536191983659, 51.591613604374373 ], [ -0.124557432961674, 51.591609811880787 ], [ -0.124626696305292, 51.591597637179802 ], [ -0.12470199389539, 51.591584416846274 ], [ -0.124730597542825, 51.591579397632103 ], [ -0.124737979472603, 51.591577528290863 ], [ -0.124747228802273, 51.591575185219668 ], [ -0.12480969754404, 51.59155937678581 ], [ -0.124858189982392, 51.591547112778407 ], [ -0.124876104870033, 51.591542579150243 ], [ -0.125012902391044, 51.591507968323626 ], [ -0.125023070593652, 51.591505397119228 ], [ -0.125074124297974, 51.591492459054805 ], [ -0.125133769165026, 51.591477383167351 ], [ -0.125137693353085, 51.591476393760111 ], [ -0.125163252730834, 51.591469922977339 ], [ -0.125306571263136, 51.591433653493183 ], [ -0.125339308276731, 51.591425363984825 ], [ -0.125414176728567, 51.591406421653929 ], [ -0.125535100872707, 51.591375832504035 ], [ -0.125539404587365, 51.591374741237587 ], [ -0.125569456969532, 51.591367137161548 ], [ -0.125615308853302, 51.591355532064981 ], [ -0.12574546772269, 51.591322594827986 ], [ -0.125753024915756, 51.591320674267948 ], [ -0.125779021374926, 51.591314102423745 ], [ -0.125900572619212, 51.591283347561657 ], [ -0.126007097402782, 51.59125639916239 ], [ -0.126036067619526, 51.591249479091239 ], [ -0.126047935514258, 51.591246647187326 ], [ -0.126125426927506, 51.591228150953647 ], [ -0.126165564910182, 51.591218572100516 ], [ -0.126183964524259, 51.59121418090006 ], [ -0.126311544865021, 51.591183719731838 ], [ -0.126409119529735, 51.591160431833423 ], [ -0.126429589553387, 51.59115554310285 ], [ -0.126458719452613, 51.591148598499792 ], [ -0.126484671342014, 51.591142403469021 ], [ -0.126556112154345, 51.591125343543077 ], [ -0.126565807435763, 51.591123034426175 ], [ -0.126659758652823, 51.591100614682226 ], [ -0.12667346350205, 51.591097344438531 ], [ -0.126704634924239, 51.591089901816908 ], [ -0.126716109881085, 51.591087144503469 ], [ -0.126720629209238, 51.591086074620947 ], [ -0.126725207354103, 51.591084978700032 ], [ -0.126931027971483, 51.591035856779229 ], [ -0.126957723276183, 51.591029484670742 ], [ -0.12698860274157, 51.591022118244616 ], [ -0.127000528968632, 51.591019269190589 ], [ -0.127083603756787, 51.590999436154284 ], [ -0.127107412535766, 51.590993746320933 ], [ -0.127129704454066, 51.590988432432816 ], [ -0.127220141453765, 51.590966850890254 ], [ -0.127245553430469, 51.590960790951854 ], [ -0.127377236458164, 51.590929350986819 ], [ -0.127447728891065, 51.590912518176282 ], [ -0.127473301353332, 51.590906415787657 ], [ -0.127543749697553, 51.590889600200569 ], [ -0.127579513376016, 51.590881061618326 ], [ -0.127615291468515, 51.590872523255186 ], [ -0.128317116314745, 51.590681499448522 ], [ -0.128457030784805, 51.590614462688841 ], [ -0.128506419195655, 51.590594747753251 ], [ -0.128613576164121, 51.59055198040577 ], [ -0.128624554669662, 51.5905475963513 ], [ -0.128724622143703, 51.590507665341583 ], [ -0.12882175831016, 51.590468977910568 ], [ -0.129105690446728, 51.590371131467606 ], [ -0.129113554303408, 51.590368415255149 ], [ -0.129179948171643, 51.590345536088194 ], [ -0.129193496440897, 51.590341498697164 ], [ -0.129204823407227, 51.590338118303173 ], [ -0.12928408290289, 51.590314464040404 ], [ -0.129315917285925, 51.590305970188396 ], [ -0.12932346343153, 51.590303959297678 ], [ -0.129329068293795, 51.59030246599319 ], [ -0.12959193008045, 51.590232361269607 ], [ -0.129661962503151, 51.590213676346877 ], [ -0.129771229084789, 51.590184529117977 ], [ -0.12983275038142, 51.590169907888104 ], [ -0.129972835614804, 51.590136602612617 ], [ -0.13003747695383, 51.590121230677191 ], [ -0.130060817367669, 51.590115676657746 ], [ -0.130264289484819, 51.590067302785037 ], [ -0.130299773504253, 51.590058866824869 ], [ -0.130350915087028, 51.590046701209516 ], [ -0.130415885083134, 51.590033164260404 ], [ -0.1304269945122, 51.590030859372582 ], [ -0.130449228531406, 51.59002623185058 ], [ -0.130461240900212, 51.590023734521296 ], [ -0.130669528453633, 51.589980418475662 ], [ -0.13075569778487, 51.589962484577171 ], [ -0.130793903468298, 51.589956672652555 ], [ -0.130864765804356, 51.589945886586719 ], [ -0.131046918781194, 51.589918160042522 ], [ -0.131075725393961, 51.589913780974719 ], [ -0.131228722723279, 51.589890490603054 ], [ -0.131244977983096, 51.589883096954388 ], [ -0.131316120292798, 51.589850697291347 ], [ -0.131448474176947, 51.589790433728197 ], [ -0.131459714182446, 51.589783886398521 ], [ -0.131464845570653, 51.589780910694273 ], [ -0.131518722684769, 51.58974954884544 ], [ -0.13155184086205, 51.589725571893517 ], [ -0.131581016151197, 51.589704454681538 ], [ -0.131598600783821, 51.589687523207786 ], [ -0.131660867015888, 51.589627600062222 ], [ -0.131690257314565, 51.589581523280714 ], [ -0.131736802529071, 51.589508571526814 ], [ -0.131748605043056, 51.589490064211084 ], [ -0.131791031737715, 51.589423548377418 ], [ -0.131825159658242, 51.589352053476283 ], [ -0.131832488508623, 51.589336676223184 ], [ -0.131864323292356, 51.589286600719703 ], [ -0.131875611766108, 51.589274289978093 ], [ -0.131957817877455, 51.589184676433177 ], [ -0.131994094827599, 51.589156172502221 ], [ -0.132054774163682, 51.589108516520938 ], [ -0.132068158129248, 51.589096499901743 ], [ -0.132146589567575, 51.589026051930077 ], [ -0.132212746071528, 51.588966622053363 ], [ -0.132255686384994, 51.588928044690903 ], [ -0.132349554849025, 51.58884372421182 ], [ -0.13241900767522, 51.588781343217903 ], [ -0.132480771880666, 51.588725862887998 ], [ -0.132574984583363, 51.588641223977881 ], [ -0.132616829909336, 51.5886036362051 ], [ -0.132648948190413, 51.588574787116364 ], [ -0.132774574207668, 51.588461926188579 ], [ -0.132777721222323, 51.588459107687456 ], [ -0.132808669853502, 51.588431319031251 ], [ -0.132923189069405, 51.588328442628203 ], [ -0.132955592111797, 51.588299328212976 ], [ -0.133013053757794, 51.588247708823062 ], [ -0.133019809982456, 51.588243402847191 ], [ -0.133034749432037, 51.58823434959158 ], [ -0.133047268697881, 51.588227217273683 ], [ -0.133087280772839, 51.588307628431416 ], [ -0.133141244392703, 51.588369208410732 ], [ -0.133431291038054, 51.588477627062979 ], [ -0.133510565440945, 51.588479904326647 ], [ -0.133590077807094, 51.588482715875081 ], [ -0.13360535249439, 51.588483732201126 ], [ -0.133604434616379, 51.588486757039732 ], [ -0.133600325455824, 51.588567155886842 ], [ -0.133586765782286, 51.588782398670048 ], [ -0.133569631109256, 51.589036099125799 ], [ -0.133568042538978, 51.589059723929601 ], [ -0.133567861041683, 51.589064154307231 ], [ -0.13356377544298, 51.589128645923765 ], [ -0.133564009827577, 51.58915816278585 ], [ -0.13356371714771, 51.589165307106661 ], [ -0.133564279446528, 51.589246724459706 ], [ -0.133564778065346, 51.589318419989333 ], [ -0.133565387060058, 51.589407859324666 ], [ -0.133565428424232, 51.589413192489531 ], [ -0.133566285918803, 51.589538146854522 ], [ -0.133567104349821, 51.589614897612989 ], [ -0.133568625443946, 51.589877643528489 ], [ -0.133568709147314, 51.589889519353768 ], [ -0.133568756307484, 51.589896120542001 ], [ -0.133568783132439, 51.589898989551422 ], [ -0.133571449299262, 51.590286011856016 ], [ -0.133571481483789, 51.590289807169995 ], [ -0.13357169448049, 51.590321607761759 ], [ -0.133572266000734, 51.590404913655647 ], [ -0.133572296481302, 51.59040945531347 ], [ -0.133570455740217, 51.590413157887014 ], [ -0.133534278682294, 51.590485735747393 ], [ -0.133509392983625, 51.590512452020647 ], [ -0.133479662579362, 51.590543956118104 ], [ -0.133431730515031, 51.590594774124916 ], [ -0.133405833468039, 51.590622211665178 ], [ -0.133355713586266, 51.590675332864244 ], [ -0.133274624282122, 51.590761296229168 ], [ -0.133248349799442, 51.590789132387933 ], [ -0.133028413824188, 51.591022250536668 ], [ -0.133022512810401, 51.591028505288442 ], [ -0.133017169905533, 51.591034175420845 ], [ -0.132865085891363, 51.591195381427404 ], [ -0.132852604715745, 51.591208608492316 ], [ -0.132792272926085, 51.591272744516615 ], [ -0.132760524718317, 51.591327389784219 ], [ -0.132731685901193, 51.591392413635532 ], [ -0.132718937552669, 51.591439277078216 ], [ -0.132717422149619, 51.591564301556168 ], [ -0.132729078604369, 51.59161029445233 ], [ -0.132760575396994, 51.591678373742994 ], [ -0.132822421572781, 51.591776314237933 ], [ -0.132901707560622, 51.591867212392266 ], [ -0.133044113084832, 51.591981326137024 ], [ -0.133245539233402, 51.592059455876885 ], [ -0.133260318788031, 51.5920651853897 ], [ -0.133629677747039, 51.592208456426008 ], [ -0.133798889046281, 51.592274103719639 ], [ -0.133839433870915, 51.592289819857342 ], [ -0.13396160719084, 51.592337210556828 ], [ -0.133995448684194, 51.592357271267247 ], [ -0.134016647543555, 51.592369829077157 ], [ -0.134088826689113, 51.592412620760626 ], [ -0.134138680058756, 51.592442171256934 ], [ -0.134375700946574, 51.592609772751203 ], [ -0.134378956162313, 51.592612072610159 ], [ -0.134406294735578, 51.592635644742806 ], [ -0.134479147131135, 51.592721070850395 ], [ -0.134497289917944, 51.592742338575867 ], [ -0.134602908436524, 51.592866179522574 ], [ -0.134660752642083, 51.592934011572808 ], [ -0.135100799241001, 51.593450001582724 ], [ -0.135180978588332, 51.593424976060817 ], [ -0.135227252867706, 51.593499840823611 ], [ -0.135367076556444, 51.59372603536238 ], [ -0.135369093943787, 51.593729304667519 ], [ -0.135310332123032, 51.593786363304325 ], [ -0.135282409320309, 51.593813994050649 ], [ -0.135210878609611, 51.593830033327954 ], [ -0.134892592687085, 51.593970968453092 ], [ -0.134779651034758, 51.594020978299334 ], [ -0.134605836403575, 51.594110935687453 ], [ -0.134576955824523, 51.594125880510141 ], [ -0.134543650011869, 51.594143119970674 ], [ -0.134492198953507, 51.594167696481691 ], [ -0.133912981404449, 51.594444345305497 ], [ -0.133476494048446, 51.594652833456884 ], [ -0.133403590795672, 51.594702345870772 ], [ -0.133398859679851, 51.594709284676611 ], [ -0.133380263588141, 51.594700131330406 ], [ -0.13332144575443, 51.594726172804023 ], [ -0.133289541358267, 51.59474442337369 ], [ -0.133110798884718, 51.594846682719258 ], [ -0.132944194099163, 51.594941985979254 ], [ -0.132877915841663, 51.594979895389066 ], [ -0.132834147081387, 51.59500509700613 ], [ -0.132665001379304, 51.595102481649427 ], [ -0.132737715685957, 51.595080510393586 ], [ -0.13290617858596, 51.595237212965422 ], [ -0.132963446415332, 51.595269094040006 ], [ -0.133000426819922, 51.595280949938761 ], [ -0.133107304010037, 51.595304007424836 ], [ -0.13326582585834, 51.595321070220983 ], [ -0.133305653104656, 51.595322648042249 ], [ -0.133325181342217, 51.595322095445866 ], [ -0.133326929266276, 51.59528296136542 ], [ -0.13336218759805, 51.595158905644787 ], [ -0.133394764595075, 51.595106980235393 ], [ -0.133417074186724, 51.595082237361474 ], [ -0.133507160079642, 51.595025651480498 ], [ -0.133714824243685, 51.594944111425733 ], [ -0.13374900711025, 51.59494566226865 ], [ -0.133767597254598, 51.59494650648557 ], [ -0.13377342782863, 51.594941275722917 ], [ -0.133907915663878, 51.594820380723405 ], [ -0.133920491093646, 51.594812622451443 ], [ -0.134037248915192, 51.594765039101674 ], [ -0.134192364633836, 51.594743963695706 ], [ -0.134321565202544, 51.594736621063916 ], [ -0.134354661012008, 51.594734746328797 ], [ -0.134396931839735, 51.594735166648555 ], [ -0.134470261853763, 51.594740433093179 ], [ -0.134584950812228, 51.594761338363796 ], [ -0.134593320283995, 51.594762856252132 ], [ -0.134632170623988, 51.594765362297423 ], [ -0.134651150124032, 51.594765511157917 ], [ -0.134721266836217, 51.594766041323041 ], [ -0.13473331853404, 51.594766133992685 ], [ -0.134809574411213, 51.594870614867268 ], [ -0.134828262258208, 51.594896225524415 ], [ -0.134878529479454, 51.594965114979615 ], [ -0.134893636205944, 51.594985803815511 ], [ -0.134926583917284, 51.595030929731635 ], [ -0.134974965380506, 51.595097234931281 ], [ -0.13498394756656, 51.595109535345053 ], [ -0.135019547544844, 51.595158304631887 ], [ -0.135058072715529, 51.59521109501609 ], [ -0.135095941631853, 51.595262989212138 ], [ -0.135116038545532, 51.595290519448511 ], [ -0.135231322225422, 51.59527227970456 ], [ -0.135254303212471, 51.595309774341281 ], [ -0.135256930624802, 51.595312603718206 ], [ -0.135260884701131, 51.595316883958915 ], [ -0.135283545986075, 51.595341379501633 ], [ -0.135297956914157, 51.595352624088342 ], [ -0.135311164869949, 51.59536292334888 ], [ -0.135348392240317, 51.595400518360606 ], [ -0.135349989256948, 51.59540312454412 ], [ -0.135415144706172, 51.595509388426272 ], [ -0.135422040284325, 51.595516233251963 ], [ -0.135429270015908, 51.595523380133606 ], [ -0.135438422993681, 51.595532747209454 ], [ -0.135503747364403, 51.595602086458193 ], [ -0.135510577744978, 51.595613876060391 ], [ -0.135512480156619, 51.595617134544526 ], [ -0.135563441380778, 51.595665243904463 ], [ -0.135565984748239, 51.595667658289749 ], [ -0.135595316376169, 51.595716152502931 ], [ -0.135602508762075, 51.595723154902792 ], [ -0.135631404776957, 51.595751602637577 ], [ -0.135663165056988, 51.595810256344315 ], [ -0.135668099464953, 51.595813868718281 ], [ -0.135675010228905, 51.595818933276561 ], [ -0.135737460873951, 51.595892889318378 ], [ -0.135740628355834, 51.595896635493148 ], [ -0.135767355545059, 51.596021478697345 ], [ -0.135779500409287, 51.596078224727208 ], [ -0.135774929290722, 51.59608372742241 ], [ -0.136289561438367, 51.595992478741444 ], [ -0.136288048171032, 51.595989235439788 ], [ -0.136314544232555, 51.595984602352239 ], [ -0.136324534822229, 51.595982854568632 ], [ -0.136327487498997, 51.595966796062797 ], [ -0.136326624632428, 51.595963536109714 ], [ -0.136293445247534, 51.595838792915401 ], [ -0.136306648794019, 51.595837739096694 ], [ -0.137180262613103, 51.595782992862198 ], [ -0.137182499039921, 51.595786913065432 ], [ -0.137188930640456, 51.595816761972095 ], [ -0.13719205012265, 51.595831217292243 ], [ -0.137231710852706, 51.595909271158838 ], [ -0.137240992836513, 51.595922025782023 ], [ -0.137265111912956, 51.59596492454326 ], [ -0.137269345794483, 51.595975431896633 ], [ -0.137274784188118, 51.595993556937827 ], [ -0.137281265155278, 51.596006312075488 ], [ -0.137318006858435, 51.596079490679486 ], [ -0.137322760277972, 51.596088945171537 ], [ -0.137328143480684, 51.596096062640385 ], [ -0.137366085185901, 51.596161436884287 ], [ -0.137385149945573, 51.596204363335872 ], [ -0.13738827972861, 51.596211683347043 ], [ -0.137432905437396, 51.596284676767901 ], [ -0.137445279916234, 51.596311139891831 ], [ -0.13744979927148, 51.596334088253244 ], [ -0.137452633829138, 51.59634139009016 ], [ -0.137465025487332, 51.596373613114878 ], [ -0.137466118924075, 51.596388715209017 ], [ -0.137468810728679, 51.596429169748355 ], [ -0.137470461228323, 51.596433296467616 ], [ -0.137500769066314, 51.596509529269014 ], [ -0.137511963310248, 51.596555325299057 ], [ -0.137513044381717, 51.596564550665001 ], [ -0.137525639376955, 51.596601160702619 ], [ -0.137529251448803, 51.596611694151107 ], [ -0.137544648469975, 51.596634509342557 ], [ -0.137589534979138, 51.596753579387467 ], [ -0.137592862148818, 51.596758721868476 ], [ -0.137626036922234, 51.596810046219566 ], [ -0.137634475555827, 51.596834252739058 ], [ -0.137669310619139, 51.596882051420884 ], [ -0.137671690792548, 51.596886342583666 ], [ -0.137677215283729, 51.596896717525958 ], [ -0.137688712541374, 51.596923454464957 ], [ -0.137710977843547, 51.596997590291444 ], [ -0.137713771964207, 51.597001645225383 ], [ -0.137778802388031, 51.597096314655431 ], [ -0.137798355374736, 51.597147800554588 ], [ -0.137799325051658, 51.597156043979417 ], [ -0.137817876358144, 51.597211371723766 ], [ -0.137823023494014, 51.597226740445855 ], [ -0.137853825070122, 51.59727432222126 ], [ -0.137876723893767, 51.597323082530359 ], [ -0.137877839074259, 51.597339951970675 ], [ -0.137883738999594, 51.597353507174631 ], [ -0.137938352736352, 51.597479080014978 ], [ -0.137946878363005, 51.597498692777414 ], [ -0.137968082200272, 51.597526051257283 ], [ -0.137971251795744, 51.597542467693451 ], [ -0.137981077089071, 51.597568081011779 ], [ -0.138008739475768, 51.597640189174214 ], [ -0.138015374558329, 51.597657308028666 ], [ -0.138021707014392, 51.597671940181407 ], [ -0.138024765708592, 51.597682240027567 ], [ -0.138025690910377, 51.597690689569973 ], [ -0.138027993050354, 51.597698657378025 ], [ -0.138045844630116, 51.597760340604168 ], [ -0.138054093607143, 51.597788842450704 ], [ -0.138062195976325, 51.597804329974096 ], [ -0.138073324807948, 51.59785139283975 ], [ -0.138082177374527, 51.597873960283835 ], [ -0.138110737119584, 51.597946730107175 ], [ -0.138113132136732, 51.597949600698009 ], [ -0.138143949098748, 51.597986580608165 ], [ -0.138169616920511, 51.598055923409994 ], [ -0.138194089537266, 51.598122009987947 ], [ -0.138195277881566, 51.598126848759044 ], [ -0.138220512682017, 51.598132608442953 ], [ -0.138173190917087, 51.598146164832094 ], [ -0.138163966557814, 51.598154237583337 ], [ -0.137963664968757, 51.598213341947492 ], [ -0.13805818955214, 51.598230470021122 ], [ -0.138024983660718, 51.598257576969722 ], [ -0.138038079672852, 51.598355064421675 ], [ -0.138032828448901, 51.598400869324109 ], [ -0.138031753025437, 51.598410222342402 ], [ -0.138002506338218, 51.598460565482682 ], [ -0.137941746960272, 51.598565109502026 ], [ -0.137931417537992, 51.598582903468397 ], [ -0.137931040643377, 51.598587177869987 ], [ -0.1379277199007, 51.59862531589652 ], [ -0.137927171926444, 51.59863165583517 ], [ -0.13798681052559, 51.598707463504482 ], [ -0.137989006862574, 51.598710250014861 ], [ -0.137994757910483, 51.598717562128869 ], [ -0.137989608820309, 51.598721661919441 ], [ -0.137863804989291, 51.598758648424784 ], [ -0.137617969626931, 51.598830923114996 ], [ -0.137598634325002, 51.598836605296128 ], [ -0.137593095729028, 51.598829395450139 ], [ -0.137557193086537, 51.598827800714233 ], [ -0.137534509805098, 51.598833789463548 ], [ -0.137556412075816, 51.598849019365012 ], [ -0.137537359645837, 51.598854139502961 ], [ -0.137680723021073, 51.598943550249849 ], [ -0.137744716728786, 51.599026908801228 ], [ -0.137482180389672, 51.599155867073527 ], [ -0.137392935818953, 51.599266631182125 ], [ -0.137386044803323, 51.599275190509992 ], [ -0.137313873862246, 51.5992699807965 ], [ -0.137308379845061, 51.599270154399321 ], [ -0.137131344562933, 51.599314528229222 ], [ -0.137050412170477, 51.599356191543428 ], [ -0.137023281059568, 51.599390426647105 ], [ -0.137017312823804, 51.599397957479411 ], [ -0.136969953119007, 51.599420873843506 ], [ -0.136803288705601, 51.599501498226878 ], [ -0.136799841512494, 51.599503170052436 ], [ -0.136558865604854, 51.599117366245217 ], [ -0.136554258366925, 51.59910998229573 ], [ -0.136440590155441, 51.599141458716083 ], [ -0.136420108802788, 51.59915467611544 ], [ -0.136388426865327, 51.599163201517541 ], [ -0.136357989101801, 51.599185783785757 ], [ -0.136302413785141, 51.599227039822814 ], [ -0.136259213869973, 51.59925909526271 ], [ -0.136255118422158, 51.599262141608484 ], [ -0.136228668647066, 51.599280066151863 ], [ -0.13611850008158, 51.599354797260972 ], [ -0.136094292005467, 51.599371219667134 ], [ -0.136034411168365, 51.599411822703601 ], [ -0.135940727417062, 51.599475368078444 ], [ -0.135868935488898, 51.59952404589361 ], [ -0.135777330708681, 51.59958617637183 ], [ -0.135729782272223, 51.599636614934333 ], [ -0.135709315991187, 51.599631991543426 ], [ -0.135386720521571, 51.599559290071682 ] ] ] } }
]
}
