{
"type": "FeatureCollection",
"name": "lsoas_E05000365",
"crs": { "type": "name", "properties": { "name": "urn:ogc:def:crs:OGC:1.3:CRS84" } },
"features": [
{ "type": "Feature", "properties": { "lsoa21cd": "E01002580", "lsoa21nm": "Hounslow 008C", "msoa21cd": "E02000533", "msoa21nm": "Hounslow 008", "lad22cd": "E09000018", "lad22nm": "Hounslow", "index_right": 85, "GSS_CODE": "E05000365", "risk_score": 0.0011052537324549249, "allocation_hours": 0.011274727636122859, "patrol_units": 0 }, "geometry": { "type": "Polygon", "coordinates": [ [ [ -0.280388085007378, 51.489845195334915 ], [ -0.280443930876163, 51.489725377176782 ], [ -0.28047082024994, 51.489708253567002 ], [ -0.280537860802158, 51.489730036206851 ], [ -0.280572740261418, 51.489741365591762 ], [ -0.280637531933766, 51.489762431771219 ], [ -0.280665452081602, 51.489766536939122 ], [ -0.280790683851262, 51.489766969314765 ], [ -0.280827694456577, 51.489760704214724 ], [ -0.280970758812934, 51.489708673672439 ], [ -0.281061619517957, 51.489652460872371 ], [ -0.281076566366652, 51.489647616995725 ], [ -0.281127126706549, 51.489628456996478 ], [ -0.281086877496517, 51.489566483301935 ], [ -0.281085508891408, 51.489563423726189 ], [ -0.281064865477244, 51.489517123742253 ], [ -0.281058544454911, 51.489482966882314 ], [ -0.280975688172095, 51.489447005162319 ], [ -0.280873506862398, 51.489377190556141 ], [ -0.28092675964905, 51.489233584519923 ], [ -0.280866243322566, 51.48922562951406 ], [ -0.280906732146047, 51.489186619078723 ], [ -0.280915982956657, 51.489177725988348 ], [ -0.280848288911642, 51.489151505091975 ], [ -0.280822549309856, 51.489141519236163 ], [ -0.280803070498817, 51.489133967712647 ], [ -0.280776564156657, 51.489123687341475 ], [ -0.280736289961123, 51.48911180234429 ], [ -0.28073842973408, 51.489108911083008 ], [ -0.280691317515156, 51.489013437876302 ], [ -0.280555939151921, 51.488981436270429 ], [ -0.280346201341196, 51.488657809235804 ], [ -0.280338032890491, 51.48864520766913 ], [ -0.280371488444109, 51.488638845642342 ], [ -0.280505251967949, 51.488613423557879 ], [ -0.280554550311545, 51.488606727142738 ], [ -0.280575825215991, 51.488586436734415 ], [ -0.280849537192716, 51.488598235625496 ], [ -0.280896995792428, 51.488597941869571 ], [ -0.280995976128616, 51.488597323908635 ], [ -0.281001350005318, 51.488597294737303 ], [ -0.28099996468558, 51.488592382424123 ], [ -0.280998262047884, 51.48858633238445 ], [ -0.280999740838667, 51.488547011102327 ], [ -0.281000290102961, 51.488532406054588 ], [ -0.28101813945092, 51.488491930775922 ], [ -0.281031787022479, 51.488460917171281 ], [ -0.281056258782576, 51.488405404248482 ], [ -0.281063283164964, 51.488389446253137 ], [ -0.281077760740374, 51.48834919134206 ], [ -0.28107936935824, 51.488344718574027 ], [ -0.281098943812303, 51.48828383720187 ], [ -0.281100378995247, 51.488279379877724 ], [ -0.281128303702194, 51.488192560073998 ], [ -0.281175177336277, 51.488205512839322 ], [ -0.281220065690763, 51.488159408583854 ], [ -0.281203086092925, 51.488146309288062 ], [ -0.281073760911298, 51.488110826857202 ], [ -0.281108544764084, 51.488073342450903 ], [ -0.281130477893241, 51.488049707318964 ], [ -0.281212220777662, 51.487961607679907 ], [ -0.281220773390582, 51.487943693675867 ], [ -0.281282109619606, 51.487815259625577 ], [ -0.281296290162152, 51.48778557572011 ], [ -0.281302545015597, 51.487772457114133 ], [ -0.281499977032745, 51.48783403552396 ], [ -0.281540531109349, 51.487846688742636 ], [ -0.281544574653282, 51.487847943997991 ], [ -0.281560622379101, 51.487853646609111 ], [ -0.281592902626658, 51.487865117480226 ], [ -0.281628537792822, 51.487877770559614 ], [ -0.281684584247459, 51.487897682918572 ], [ -0.281729358914707, 51.487913590288485 ], [ -0.281775312329114, 51.487928795491001 ], [ -0.281786267252943, 51.487932418115449 ], [ -0.28183648919893, 51.487949025718464 ], [ -0.281843175976391, 51.487951236927458 ], [ -0.281884779461331, 51.487959543947738 ], [ -0.281911399887305, 51.487964861786722 ], [ -0.281956878056769, 51.487973935946378 ], [ -0.281999825360239, 51.487982514399853 ], [ -0.282043330750835, 51.48799119093669 ], [ -0.282084926943119, 51.487999502275052 ], [ -0.282116679208768, 51.488005673080401 ], [ -0.282226614891116, 51.488027030732241 ], [ -0.28224454638506, 51.488030521655325 ], [ -0.282386513059124, 51.488058112451576 ], [ -0.282410526721561, 51.488064956736849 ], [ -0.282459921914572, 51.488079043010522 ], [ -0.282472280989641, 51.488079799478975 ], [ -0.282478740885064, 51.488084408373709 ], [ -0.282536152910277, 51.488100770222218 ], [ -0.282566023329833, 51.488109300910729 ], [ -0.2826452335109, 51.488131863018928 ], [ -0.282735673152096, 51.488157646956388 ], [ -0.28277100268349, 51.488167714314159 ], [ -0.28278553889499, 51.488171865876836 ], [ -0.282849903738552, 51.488178572290366 ], [ -0.282885989268855, 51.48818231983676 ], [ -0.282900236829326, 51.488159838056923 ], [ -0.28294651190733, 51.488144640579243 ], [ -0.282958577513881, 51.488140747985469 ], [ -0.283002275894468, 51.48812972404253 ], [ -0.283170453130317, 51.488087284857166 ], [ -0.283333875262859, 51.488046034826283 ], [ -0.283333288938067, 51.488039785331878 ], [ -0.283334306525556, 51.48803493518588 ], [ -0.283339343269354, 51.488027005407801 ], [ -0.283348422608325, 51.48801268703648 ], [ -0.283399215470673, 51.487960796138907 ], [ -0.283438446551188, 51.487937161889761 ], [ -0.283479336554738, 51.487919981661051 ], [ -0.283492104864306, 51.487912524706829 ], [ -0.283546137488768, 51.487880986603273 ], [ -0.283543201081821, 51.487875179337841 ], [ -0.283531026849344, 51.487851089700456 ], [ -0.283523768073928, 51.487819230369226 ], [ -0.28354436774613, 51.487752050744191 ], [ -0.283579892404714, 51.487692858247499 ], [ -0.283600842637109, 51.487669658811534 ], [ -0.283664962940144, 51.487618799102954 ], [ -0.283745739516163, 51.487584288905765 ], [ -0.283755523093225, 51.487578829595691 ], [ -0.28376371747966, 51.487574264289179 ], [ -0.283749024792915, 51.487552799662161 ], [ -0.283629219055099, 51.487278748794573 ], [ -0.283785967302835, 51.487211069955663 ], [ -0.283837007123967, 51.48721394786309 ], [ -0.283887314111427, 51.487216779057654 ], [ -0.283944897668098, 51.487217621376033 ], [ -0.283962604612337, 51.487217880383255 ], [ -0.284060064789838, 51.487219305928015 ], [ -0.284340559009527, 51.487228273285432 ], [ -0.284499443741463, 51.487233357480058 ], [ -0.284577979686846, 51.487235872753729 ], [ -0.284540135392569, 51.48753462250518 ], [ -0.284478383315586, 51.487521642366353 ], [ -0.284450615986052, 51.487515795756615 ], [ -0.284204737622419, 51.487464098172296 ], [ -0.284165594168335, 51.48745587291765 ], [ -0.284115911094071, 51.487496656440008 ], [ -0.284021167593621, 51.487574406202164 ], [ -0.284012374336174, 51.487578809891495 ], [ -0.28400845502432, 51.487580766922747 ], [ -0.284096684145429, 51.487666579541091 ], [ -0.284122038975034, 51.487737884583211 ], [ -0.284125493586209, 51.4877762798654 ], [ -0.284090378000445, 51.487883682827501 ], [ -0.284114865959497, 51.487894396052837 ], [ -0.284127262134525, 51.487896465819674 ], [ -0.284229116669422, 51.48791171427623 ], [ -0.284255095287755, 51.487921473567958 ], [ -0.284275454682276, 51.487926672324306 ], [ -0.284286197798885, 51.487929419327301 ], [ -0.28429264602673, 51.487930313977216 ], [ -0.284339676832409, 51.487936793049002 ], [ -0.284409964044811, 51.487933072781935 ], [ -0.284428859106404, 51.487938142185826 ], [ -0.284443974956345, 51.487942203099429 ], [ -0.284528291961865, 51.48794730290026 ], [ -0.284536938055606, 51.487946053448269 ], [ -0.284581907520153, 51.487939525855559 ], [ -0.284647273387139, 51.488008987789414 ], [ -0.284651989738678, 51.488133182593799 ], [ -0.284652175159445, 51.488138221200892 ], [ -0.284738673226426, 51.488135493143716 ], [ -0.284842433532549, 51.488132217045916 ], [ -0.284862695245148, 51.48813157802762 ], [ -0.284873323781352, 51.488131238814958 ], [ -0.284890095546333, 51.488130710638686 ], [ -0.284889758307367, 51.488139698379648 ], [ -0.284890611274596, 51.488151131541848 ], [ -0.284896423863794, 51.488157835123872 ], [ -0.284899635126786, 51.488275326353865 ], [ -0.284904474329748, 51.48834175401592 ], [ -0.284901571306551, 51.488345416557678 ], [ -0.284902956577444, 51.488396407267018 ], [ -0.284903801032479, 51.488426877787894 ], [ -0.284904070144788, 51.488436980491258 ], [ -0.284911350070031, 51.488437977189136 ], [ -0.285429476052202, 51.488508813833143 ], [ -0.285513906792897, 51.488613445441224 ], [ -0.285541765968228, 51.48864797075813 ], [ -0.285547767017276, 51.488655414459167 ], [ -0.28549937142007, 51.488665327572733 ], [ -0.285462868814845, 51.48879556555498 ], [ -0.285455653633615, 51.488820873400556 ], [ -0.28545274407622, 51.48883104655436 ], [ -0.28544450729939, 51.488859972508358 ], [ -0.285459048163722, 51.488864780266624 ], [ -0.285569399143817, 51.488901275473005 ], [ -0.285731227532282, 51.488954772525922 ], [ -0.286004204407352, 51.489045036601354 ], [ -0.286264192688546, 51.489130991678451 ], [ -0.286420869559589, 51.489178243569953 ], [ -0.286814514939109, 51.489257750406949 ], [ -0.287021767017125, 51.489299616016368 ], [ -0.287053061494705, 51.489305936163532 ], [ -0.287092791015727, 51.489313953174914 ], [ -0.287115643825816, 51.48930491646464 ], [ -0.28705722354627, 51.489338244660345 ], [ -0.286850889799195, 51.489455958516764 ], [ -0.286825395644015, 51.489470514075379 ], [ -0.286813514398859, 51.489476212792901 ], [ -0.286773043532502, 51.489495657476226 ], [ -0.28664064414479, 51.489559262561201 ], [ -0.286513319644614, 51.489620432657169 ], [ -0.286502333029131, 51.489625703767651 ], [ -0.286429927974147, 51.489660491030264 ], [ -0.286238500775084, 51.489752441668628 ], [ -0.286084844739543, 51.489826257020574 ], [ -0.28593670385467, 51.489897418971402 ], [ -0.285923869073905, 51.489903571283584 ], [ -0.285887108597965, 51.489921235357514 ], [ -0.285834608124704, 51.489946466086025 ], [ -0.285802277989658, 51.489961991660735 ], [ -0.285755484290231, 51.489984464053066 ], [ -0.285720539365032, 51.490002109638446 ], [ -0.2857084856606, 51.49000817442019 ], [ -0.285583361570585, 51.490071291067999 ], [ -0.285511843041173, 51.490107367661018 ], [ -0.285485283039128, 51.490120747288024 ], [ -0.285475754074577, 51.490125553997679 ], [ -0.285388482783102, 51.49016952966997 ], [ -0.285247165850734, 51.490240736499466 ], [ -0.285118735055531, 51.490308255675295 ], [ -0.285083541313878, 51.490326760724002 ], [ -0.285040323961199, 51.490349491931376 ], [ -0.284840357130547, 51.490454660519681 ], [ -0.284832774523082, 51.490458650321997 ], [ -0.28481721249261, 51.4904668399478 ], [ -0.284792223926982, 51.490479981606804 ], [ -0.284768175638694, 51.490492633418057 ], [ -0.284722195355389, 51.490516816905746 ], [ -0.284662277193411, 51.490548323453375 ], [ -0.284515585026998, 51.490625475918705 ], [ -0.28437130097972, 51.490691611427977 ], [ -0.284350517300383, 51.490701136482365 ], [ -0.28429754695871, 51.490725406430272 ], [ -0.28427858086626, 51.490734094756426 ], [ -0.284251758291486, 51.490746391147219 ], [ -0.284188460016104, 51.490771031579541 ], [ -0.284046820953001, 51.490826162378788 ], [ -0.284022349481229, 51.490835687392781 ], [ -0.283900225697801, 51.490883225876502 ], [ -0.283853329257505, 51.490901478449182 ], [ -0.283847525547376, 51.490903740639411 ], [ -0.283822060144291, 51.490913646750094 ], [ -0.283815218716032, 51.490916307421564 ], [ -0.28367020139605, 51.490972764229163 ], [ -0.283644122126531, 51.490982904122951 ], [ -0.283545446255498, 51.491021307 ], [ -0.283535900154541, 51.491025025190062 ], [ -0.283461491050767, 51.491053985519216 ], [ -0.28329879921757, 51.491117309959172 ], [ -0.283100925634109, 51.491172309187746 ], [ -0.282929739431748, 51.49119944371143 ], [ -0.282868545219449, 51.491201785433475 ], [ -0.282754654252196, 51.491206125542654 ], [ -0.282645444424272, 51.491210286766247 ], [ -0.282613090292795, 51.491213171918474 ], [ -0.282454673161095, 51.491227480276514 ], [ -0.282428740620986, 51.491243287431182 ], [ -0.282338617390414, 51.491298235122677 ], [ -0.2821456763377, 51.491415875955035 ], [ -0.282102228908847, 51.491442361662358 ], [ -0.281946017335853, 51.49137038099871 ], [ -0.281691635288817, 51.491254346068267 ], [ -0.281683137909765, 51.491250471669439 ], [ -0.281520577173466, 51.491176517969585 ], [ -0.28137996948692, 51.491112543760678 ], [ -0.281331621164497, 51.491090459919533 ], [ -0.281074370691709, 51.490973023714893 ], [ -0.281010005306347, 51.490943636823019 ], [ -0.28094403984549, 51.490913516028755 ], [ -0.280912727262275, 51.490899244467194 ], [ -0.280628054042448, 51.490769499142907 ], [ -0.28056435661991, 51.490740751278821 ], [ -0.280555178014724, 51.490736610521765 ], [ -0.280497769635979, 51.490710702054578 ], [ -0.280435786005435, 51.490682734622247 ], [ -0.280277924081889, 51.490611491888913 ], [ -0.280256636187727, 51.490601854438665 ], [ -0.280213946603864, 51.490582541887555 ], [ -0.280225123702445, 51.490539693780505 ], [ -0.280248974914935, 51.49044828218198 ], [ -0.280350225581826, 51.490060086860893 ], [ -0.280309886063343, 51.490033839466271 ], [ -0.28031471546843, 51.490019189251107 ], [ -0.280320162283757, 51.490002677609851 ], [ -0.280323872307205, 51.489997295921029 ], [ -0.280331849601024, 51.489967318872729 ], [ -0.280338014398382, 51.489948569586531 ], [ -0.280342220112723, 51.489943604329582 ], [ -0.280388085007378, 51.489845195334915 ] ] ] } },
{ "type": "Feature", "properties": { "lsoa21cd": "E01002689", "lsoa21nm": "Hounslow 007E", "msoa21cd": "E02000532", "msoa21nm": "Hounslow 007", "lad22cd": "E09000018", "lad22nm": "Hounslow", "index_right": 85, "GSS_CODE": "E05000365", "risk_score": 0.0001557788828250035, "allocation_hours": 0.0015891052196768227, "patrol_units": 0 }, "geometry": { "type": "Polygon", "coordinates": [ [ [ -0.256530502494243, 51.491642383561796 ], [ -0.256472839307343, 51.491625366789961 ], [ -0.256289504839826, 51.491668010158534 ], [ -0.2562402200925, 51.491556748615636 ], [ -0.256173627697805, 51.491401996587356 ], [ -0.256142827648539, 51.491403063939771 ], [ -0.256139149630679, 51.491409227708161 ], [ -0.256113852131261, 51.491414944224807 ], [ -0.25608930619087, 51.491420217777119 ], [ -0.256065602815443, 51.491425306009724 ], [ -0.255737412905614, 51.491495812773756 ], [ -0.255736836123986, 51.491504358035648 ], [ -0.255728770143995, 51.491485990169039 ], [ -0.255725566438587, 51.491480290638663 ], [ -0.25569359574784, 51.4914236335417 ], [ -0.255690694887515, 51.491418491562754 ], [ -0.255677066370246, 51.491394368406972 ], [ -0.255675663072539, 51.491391883548509 ], [ -0.25567013180576, 51.491382062237392 ], [ -0.255664073704862, 51.491371324832329 ], [ -0.255662063021764, 51.491367769806821 ], [ -0.255643820527114, 51.491335457655957 ], [ -0.255638437349417, 51.491325908325493 ], [ -0.255628993056974, 51.491309158424805 ], [ -0.255618252422545, 51.491290141078728 ], [ -0.255604476248127, 51.491265736945593 ], [ -0.255595307392627, 51.491249508216541 ], [ -0.255588162925868, 51.491236852702713 ], [ -0.255572673292533, 51.491209410540925 ], [ -0.255558492873466, 51.491184276480716 ], [ -0.255550222440732, 51.491169607847553 ], [ -0.255545364760932, 51.491161010557654 ], [ -0.255535770745681, 51.491144033605863 ], [ -0.255533031533933, 51.491139186288528 ], [ -0.25553044074023, 51.49113460196569 ], [ -0.255504134189547, 51.491088258209416 ], [ -0.255502757645738, 51.491085827702683 ], [ -0.255500570462488, 51.491081991276737 ], [ -0.255484387858564, 51.491053459676991 ], [ -0.255477139763739, 51.491040690206674 ], [ -0.25547441307422, 51.491035892533823 ], [ -0.255469985932814, 51.491028092998512 ], [ -0.25546190115942, 51.491013845279134 ], [ -0.255443922864843, 51.49098216651192 ], [ -0.25544077801115, 51.490976625220362 ], [ -0.255438779700601, 51.490973124330928 ], [ -0.255411947878212, 51.490925828510782 ], [ -0.255402022986087, 51.490908352029898 ], [ -0.255389272097508, 51.490885887550206 ], [ -0.255377745017078, 51.490865590518325 ], [ -0.25537623309522, 51.490862933179891 ], [ -0.255343368123221, 51.490805008205541 ], [ -0.255333056169104, 51.490786842518879 ], [ -0.25532676651524, 51.490775759930287 ], [ -0.255317169228204, 51.490758872837908 ], [ -0.255305372801961, 51.490738086188387 ], [ -0.255303737149935, 51.490735274133392 ], [ -0.255280542935019, 51.49069514558748 ], [ -0.255264942243354, 51.49066816935089 ], [ -0.255255754245549, 51.490652259549535 ], [ -0.255248685871982, 51.490640068268746 ], [ -0.255242848349304, 51.490629972601567 ], [ -0.255222727406877, 51.490595186437268 ], [ -0.255216146796411, 51.490583802756966 ], [ -0.255191607066195, 51.490541379034028 ], [ -0.255186297072028, 51.490532181484781 ], [ -0.255184822872296, 51.490529668587662 ], [ -0.255182498636523, 51.490525650263628 ], [ -0.255179066610878, 51.490519709015913 ], [ -0.255169769674175, 51.49050363571908 ], [ -0.25514359199407, 51.490458462843264 ], [ -0.25513947206844, 51.490451297351605 ], [ -0.255133243509596, 51.490440503426598 ], [ -0.255125325167736, 51.49042680671176 ], [ -0.255120534816358, 51.49041852514862 ], [ -0.255112772436219, 51.490405082547568 ], [ -0.255061720848537, 51.490316815478486 ], [ -0.255055788463762, 51.490306565515091 ], [ -0.255040640466881, 51.490280378343627 ], [ -0.255036181245392, 51.49027266824082 ], [ -0.255034695410449, 51.49027008322723 ], [ -0.255015410064908, 51.490236811231703 ], [ -0.255009368704179, 51.490226397776723 ], [ -0.255002463267995, 51.490214469691651 ], [ -0.254978164192942, 51.49017254409894 ], [ -0.254953405875197, 51.490129820314159 ], [ -0.254940904027272, 51.490108276741189 ], [ -0.254919403278008, 51.490071158879786 ], [ -0.254914011816139, 51.490061834208312 ], [ -0.254898091417799, 51.490034376553126 ], [ -0.254886576740533, 51.490014520296626 ], [ -0.254879428358239, 51.4900021659342 ], [ -0.254852075270921, 51.489954970138463 ], [ -0.254825181864326, 51.489908563537249 ], [ -0.254818484911849, 51.489897025227407 ], [ -0.254788855765753, 51.489845874750031 ], [ -0.254787274673631, 51.489843144433252 ], [ -0.254774367853374, 51.489820893388384 ], [ -0.25476671843382, 51.489807704238792 ], [ -0.254717947407622, 51.489723499659632 ], [ -0.25471452646496, 51.489717648489396 ], [ -0.254712148156486, 51.4897135394244 ], [ -0.254709320162049, 51.489708758211265 ], [ -0.254691174570139, 51.489677337622282 ], [ -0.254677700800522, 51.489657110478362 ], [ -0.254661300775433, 51.489630149244661 ], [ -0.254648844047848, 51.489609694424978 ], [ -0.254642988937914, 51.489600066084421 ], [ -0.254632765017865, 51.489590736953389 ], [ -0.25462534241942, 51.489584623913252 ], [ -0.254600589545599, 51.489562709198779 ], [ -0.254589005161631, 51.489543364457717 ], [ -0.254575757811424, 51.489520982426441 ], [ -0.254531385395278, 51.48944608768349 ], [ -0.254471122880623, 51.489359931479669 ], [ -0.254411803821128, 51.489275102212986 ], [ -0.254408771913306, 51.489270758599829 ], [ -0.254326717533752, 51.489151634644543 ], [ -0.25425066070555, 51.489044677047325 ], [ -0.254244159614288, 51.489035371803219 ], [ -0.254240799735527, 51.489030564678508 ], [ -0.254199646673116, 51.488971724685641 ], [ -0.2541592182646, 51.488913902641869 ], [ -0.254149712083352, 51.488900308127661 ], [ -0.254133540345724, 51.488877190090442 ], [ -0.254069851949342, 51.488786108659149 ], [ -0.254040050035351, 51.488743480478128 ], [ -0.254010630325183, 51.488701406530971 ], [ -0.253996862323986, 51.488681732473921 ], [ -0.253928680545417, 51.488584235257647 ], [ -0.253875469243967, 51.48850812059532 ], [ -0.25385275571774, 51.48847564269083 ], [ -0.253841563478734, 51.488459622009998 ], [ -0.253797754926127, 51.488396983406957 ], [ -0.253779739308304, 51.488371238989693 ], [ -0.253765152111865, 51.488349259577319 ], [ -0.25375819199262, 51.488338778424293 ], [ -0.253732613892347, 51.488300223767908 ], [ -0.253690160322693, 51.488236247396294 ], [ -0.253665247905481, 51.488198745784651 ], [ -0.253646520695215, 51.488170517766072 ], [ -0.253638961546301, 51.488159128420648 ], [ -0.253614731235916, 51.488122626146478 ], [ -0.253588307871627, 51.488082826877701 ], [ -0.253586210743855, 51.488079657213703 ], [ -0.25358352790099, 51.488075606540562 ], [ -0.253538200323511, 51.488007315805326 ], [ -0.253466940158769, 51.487899961468351 ], [ -0.253464938323954, 51.487896937103677 ], [ -0.253441921177778, 51.48786224239683 ], [ -0.253396035383428, 51.487793115967712 ], [ -0.253337605537661, 51.487705097983159 ], [ -0.253314533746235, 51.487670330495419 ], [ -0.253307122813117, 51.487654689794624 ], [ -0.253304349667383, 51.487648857218829 ], [ -0.253290380460057, 51.487619387046884 ], [ -0.253272200314133, 51.487596832502717 ], [ -0.253269931825394, 51.487594002003632 ], [ -0.253263477610322, 51.487586495938331 ], [ -0.253234445523584, 51.48756333917779 ], [ -0.253207063084638, 51.487549784180871 ], [ -0.253193237859369, 51.487542932743317 ], [ -0.2531597902678, 51.487526391786403 ], [ -0.253155650192591, 51.487525421882268 ], [ -0.253114008157552, 51.487515629313336 ], [ -0.253100460635969, 51.487512442022513 ], [ -0.253034632321748, 51.487503458342523 ], [ -0.252907568496171, 51.487491953064279 ], [ -0.252871826527037, 51.487488714010254 ], [ -0.252757868294749, 51.487478392929887 ], [ -0.252713351019014, 51.487464690543852 ], [ -0.252701614868933, 51.487460729834957 ], [ -0.252664569328295, 51.48743443204458 ], [ -0.252650660750861, 51.487389823513688 ], [ -0.252655913621984, 51.48736733460494 ], [ -0.252658134813063, 51.48735821313312 ], [ -0.252664421895394, 51.487332407837165 ], [ -0.252684806011605, 51.487281093414374 ], [ -0.252689810669265, 51.48726848826437 ], [ -0.252724440137252, 51.487222448875613 ], [ -0.252732922623797, 51.487214571715327 ], [ -0.252737626964784, 51.487210199390219 ], [ -0.252769705169356, 51.487180407744965 ], [ -0.252808560005086, 51.487153450786991 ], [ -0.252848607198201, 51.487134865777243 ], [ -0.252855396725821, 51.487131711534332 ], [ -0.25290570768181, 51.487108387330643 ], [ -0.253049378198797, 51.487023405571115 ], [ -0.253138624109871, 51.486971389819601 ], [ -0.253517663164602, 51.487007473144637 ], [ -0.253693242235105, 51.487024326645361 ], [ -0.25370775822327, 51.487025725249566 ], [ -0.253726027500521, 51.487027471980042 ], [ -0.253766827816685, 51.487031388572582 ], [ -0.253912764806378, 51.487045395000848 ], [ -0.254258118766017, 51.487092683072504 ], [ -0.254351215151134, 51.48710500790601 ], [ -0.254834425546597, 51.487171624830083 ], [ -0.254940015376373, 51.487186081952082 ], [ -0.255041635862559, 51.48720000332964 ], [ -0.255127408573878, 51.487211755496411 ], [ -0.255231909670496, 51.487226061272999 ], [ -0.255243086144961, 51.487227594373117 ], [ -0.255533275446868, 51.487267349748748 ], [ -0.255613993408199, 51.487281724205744 ], [ -0.255792195957351, 51.487313482975694 ], [ -0.255898350868504, 51.487332399014974 ], [ -0.25598582131882, 51.487347988690971 ], [ -0.256103106997922, 51.487368886527946 ], [ -0.256155297868374, 51.487378178365205 ], [ -0.256226315930294, 51.487390834503287 ], [ -0.256266932365232, 51.487398074786419 ], [ -0.256293628509702, 51.48740283301548 ], [ -0.25641363252574, 51.487424220577516 ], [ -0.256435664830846, 51.487428145083967 ], [ -0.256555498873706, 51.487449460731099 ], [ -0.256874076267663, 51.487494245191215 ], [ -0.256900384118853, 51.487497177393358 ], [ -0.257158620633636, 51.487522143945448 ], [ -0.257323426807853, 51.48753829421284 ], [ -0.257424343721742, 51.487546528689663 ], [ -0.257440052621108, 51.487547814156017 ], [ -0.257519258652902, 51.487554269266724 ], [ -0.257801317802546, 51.487577288787506 ], [ -0.257916502088867, 51.487582686185647 ], [ -0.257921865213521, 51.487582936682145 ], [ -0.258041269389882, 51.487588536004054 ], [ -0.258190681338415, 51.487595533939988 ], [ -0.258353989591992, 51.487603192107557 ], [ -0.258511829253499, 51.487602783368729 ], [ -0.258618082939313, 51.48760251701254 ], [ -0.258617219517611, 51.487662233616803 ], [ -0.258616377617819, 51.487720250922344 ], [ -0.258457105951431, 51.487751807193426 ], [ -0.258293700700898, 51.487834380336736 ], [ -0.258037355523418, 51.487963936004569 ], [ -0.257787192234636, 51.48809036352651 ], [ -0.25794826847727, 51.488307051055941 ], [ -0.257961052234569, 51.488324246041515 ], [ -0.258076989746944, 51.488490218853052 ], [ -0.258108473877611, 51.488535290021169 ], [ -0.258254352634959, 51.488744143667496 ], [ -0.258291314764078, 51.488797047804425 ], [ -0.258331117618316, 51.488854031815748 ], [ -0.258342798970158, 51.488870679824728 ], [ -0.258380944240219, 51.488925049318553 ], [ -0.258437731946675, 51.489005990143141 ], [ -0.258456483663404, 51.489032715981466 ], [ -0.258527911366094, 51.489134512288118 ], [ -0.258476608582468, 51.489146457423871 ], [ -0.258572743448645, 51.489278413212659 ], [ -0.258666647987714, 51.489407296290139 ], [ -0.258686537678161, 51.489434596526898 ], [ -0.258733997015096, 51.489499724501869 ], [ -0.258808915853034, 51.489602552648428 ], [ -0.258898071263763, 51.4897249262917 ], [ -0.258902752805754, 51.489731353594486 ], [ -0.258919554356753, 51.489727799029403 ], [ -0.258928016992209, 51.489740847101956 ], [ -0.258956181246678, 51.489784250084959 ], [ -0.259012741987704, 51.489871392205409 ], [ -0.259029749981542, 51.489897588483039 ], [ -0.259062553201539, 51.489948164497847 ], [ -0.259083017026829, 51.489979690753302 ], [ -0.259107235926334, 51.490017010056796 ], [ -0.259139904249727, 51.490067350237759 ], [ -0.259160517642329, 51.490099112508283 ], [ -0.259199608160835, 51.490159349989476 ], [ -0.259204464660167, 51.490166858997753 ], [ -0.259242182016593, 51.490224953816472 ], [ -0.25925446010283, 51.490241080017533 ], [ -0.259272377271895, 51.490264591943792 ], [ -0.259281293871337, 51.490276315808543 ], [ -0.259335716038679, 51.490347778770285 ], [ -0.259359092423462, 51.490378484891153 ], [ -0.259396805214271, 51.490428009564745 ], [ -0.259419921149019, 51.490458370087183 ], [ -0.259457894601759, 51.490508240329738 ], [ -0.25948075008466, 51.490538255253988 ], [ -0.259540330730299, 51.490616503187425 ], [ -0.259543376563252, 51.490620496159501 ], [ -0.259579726217222, 51.49067083687018 ], [ -0.259627300092605, 51.490717702036015 ], [ -0.259697951322629, 51.490856670828826 ], [ -0.259711491890242, 51.490873319298089 ], [ -0.259624163439013, 51.49087346270953 ], [ -0.259604960804557, 51.490873483602869 ], [ -0.259533351545618, 51.490883752079974 ], [ -0.259515371576208, 51.490889114764357 ], [ -0.259492014817514, 51.490896088303622 ], [ -0.259478595132909, 51.490900097792021 ], [ -0.259384422403674, 51.490945678425504 ], [ -0.259309132359896, 51.490914157121509 ], [ -0.25929676827897, 51.490908982737785 ], [ -0.259121077129461, 51.4909451163442 ], [ -0.259072642513685, 51.490970206631587 ], [ -0.259025592692782, 51.49100999350415 ], [ -0.259005828800126, 51.491037982201952 ], [ -0.258989420514551, 51.491053889565428 ], [ -0.258968852853688, 51.491084069536008 ], [ -0.258941161344326, 51.49111218338021 ], [ -0.258891327183268, 51.49110556261418 ], [ -0.258831498953423, 51.491101509295163 ], [ -0.258793216970673, 51.491103225287162 ], [ -0.258685598661542, 51.491118678163012 ], [ -0.258653826713642, 51.491126848558274 ], [ -0.25863020422296, 51.491129447538157 ], [ -0.258566826070327, 51.491142571370304 ], [ -0.258471851274686, 51.491150945633585 ], [ -0.258450189644617, 51.49114820505374 ], [ -0.258428732467723, 51.491149927874645 ], [ -0.258358678251528, 51.491165488427555 ], [ -0.258333121567459, 51.491173481220919 ], [ -0.258326795869975, 51.491174664274865 ], [ -0.25829281623653, 51.491181039232849 ], [ -0.258274607654734, 51.491184455913391 ], [ -0.258243868552753, 51.491186310683325 ], [ -0.258238832399019, 51.491187297052761 ], [ -0.258218770815827, 51.491193977536021 ], [ -0.258191151594192, 51.491203171674691 ], [ -0.258123836063437, 51.491218682819877 ], [ -0.258100612995305, 51.491227051931531 ], [ -0.258078470951334, 51.491231246499737 ], [ -0.258033557391547, 51.491235363746647 ], [ -0.257963880300852, 51.491250093343226 ], [ -0.257937546278158, 51.491252400126335 ], [ -0.257846344332623, 51.491284228858881 ], [ -0.257828148837243, 51.491294102408936 ], [ -0.257760175906307, 51.491343856702962 ], [ -0.257801883081235, 51.491420077518065 ], [ -0.257784636078882, 51.491416026491308 ], [ -0.257763902305597, 51.491503442191558 ], [ -0.257741194150916, 51.491599191759292 ], [ -0.257733498385856, 51.491607215850102 ], [ -0.25763670327979, 51.49170808359154 ], [ -0.257633140231141, 51.491711803105197 ], [ -0.257636117120474, 51.491719113401096 ], [ -0.257533679663794, 51.491763364777263 ], [ -0.257393307483628, 51.491824003815815 ], [ -0.257169733869943, 51.491863762232811 ], [ -0.257075793456, 51.491880473452895 ], [ -0.25703431290464, 51.491887851702984 ], [ -0.256728749036334, 51.491942195807482 ], [ -0.256718439973501, 51.491944326765719 ], [ -0.256525070267258, 51.491864080302754 ], [ -0.256519101343691, 51.491856662566434 ], [ -0.256547245575011, 51.491736300126533 ], [ -0.256565678537312, 51.491657528392537 ], [ -0.25655438304106, 51.491652666358178 ], [ -0.256530502494243, 51.491642383561796 ] ] ] } },
{ "type": "Feature", "properties": { "lsoa21cd": "E01002690", "lsoa21nm": "Hounslow 007F", "msoa21cd": "E02000532", "msoa21nm": "Hounslow 007", "lad22cd": "E09000018", "lad22nm": "Hounslow", "index_right": 85, "GSS_CODE": "E05000365", "risk_score": 0.0, "allocation_hours": 0.0, "patrol_units": 0 }, "geometry": { "type": "Polygon", "coordinates": [ [ [ -0.265072083848891, 51.49118876187859 ], [ -0.264998648127751, 51.491127254073859 ], [ -0.264651182076982, 51.491196349692437 ], [ -0.264505505781838, 51.491239158264783 ], [ -0.264477735652847, 51.491211769423096 ], [ -0.264424003674277, 51.491150723592561 ], [ -0.2644026963333, 51.491126505835808 ], [ -0.264229171323535, 51.490929319040404 ], [ -0.264193061557561, 51.490886366309724 ], [ -0.264178962299771, 51.490869593185657 ], [ -0.264170840772529, 51.49087179313652 ], [ -0.26415020206787, 51.490877386975882 ], [ -0.26414197873565, 51.490879612396526 ], [ -0.263719656886552, 51.490825683894208 ], [ -0.263713005422199, 51.490824830071809 ], [ -0.263501896731168, 51.491032323225731 ], [ -0.263478193551915, 51.491055632135961 ], [ -0.26347145984107, 51.491062250001313 ], [ -0.26319076821464, 51.491052645469473 ], [ -0.263087891587623, 51.491049126083915 ], [ -0.263081853707464, 51.490960108061181 ], [ -0.263110413381652, 51.490817349388124 ], [ -0.263110207519542, 51.490795853829432 ], [ -0.263110035168694, 51.490778783166576 ], [ -0.263118185666862, 51.490737537490709 ], [ -0.263117896427263, 51.490733018882061 ], [ -0.263115400270204, 51.490695221653844 ], [ -0.263120787809996, 51.490670580528729 ], [ -0.263121406307486, 51.490641417422722 ], [ -0.263121626276556, 51.490630701401493 ], [ -0.263117397420325, 51.490610827915873 ], [ -0.263117918297838, 51.490579684974179 ], [ -0.263122882259682, 51.490560882821519 ], [ -0.263123244559883, 51.490553244404779 ], [ -0.263124826486748, 51.490520714312439 ], [ -0.263120672488969, 51.490499250229952 ], [ -0.26311538925659, 51.490471870229605 ], [ -0.263115107307466, 51.490450481455554 ], [ -0.263115051749524, 51.490447773835498 ], [ -0.26310960009497, 51.490444536695001 ], [ -0.26309973960433, 51.490438671368807 ], [ -0.263057006724722, 51.49041955425961 ], [ -0.262924829499919, 51.490378960248506 ], [ -0.262915175100792, 51.490376011587472 ], [ -0.262823811719763, 51.490362010604528 ], [ -0.262730906667926, 51.490364695126765 ], [ -0.262716513811284, 51.490365138466515 ], [ -0.26257492953282, 51.490386341866262 ], [ -0.262572736226389, 51.49039288303667 ], [ -0.262557620717299, 51.490420293703693 ], [ -0.262557586492339, 51.490423467613894 ], [ -0.262557012653664, 51.490481003293077 ], [ -0.262554234160941, 51.490495359430888 ], [ -0.262551313842801, 51.490510414897521 ], [ -0.262555450421089, 51.490526267307892 ], [ -0.262555675429255, 51.490541189500675 ], [ -0.262552414441165, 51.490551186034502 ], [ -0.262547655384369, 51.490565728665715 ], [ -0.26255313989001, 51.490623803697289 ], [ -0.26254861080662, 51.490643664409482 ], [ -0.26254754156545, 51.490648297791651 ], [ -0.262552058356237, 51.490678400241556 ], [ -0.262544832332933, 51.490707060820625 ], [ -0.262537171623013, 51.490724420152546 ], [ -0.262522091462068, 51.490742182188733 ], [ -0.262513179081381, 51.490752679551079 ], [ -0.262509069570401, 51.490756197778481 ], [ -0.262495030947874, 51.490764371051078 ], [ -0.262390128144569, 51.490803176580144 ], [ -0.262320200335931, 51.490820009344297 ], [ -0.261996380588222, 51.490897945406047 ], [ -0.261762346972571, 51.490954270543796 ], [ -0.261721378648859, 51.490964131032314 ], [ -0.261605177957832, 51.49098938735191 ], [ -0.261602024802169, 51.49097381926164 ], [ -0.261561884836054, 51.490982729751416 ], [ -0.261510793768328, 51.491009903958087 ], [ -0.261488977140787, 51.491014643554209 ], [ -0.26142663297442, 51.491030149331451 ], [ -0.261357798846131, 51.491056080335639 ], [ -0.261320706402083, 51.491060989198331 ], [ -0.261282078986845, 51.491066109110605 ], [ -0.261271524479284, 51.491067508425346 ], [ -0.261144019097929, 51.491068433413169 ], [ -0.261115073413895, 51.49106442531069 ], [ -0.261101231011265, 51.491000039375336 ], [ -0.261080138791388, 51.490902066228074 ], [ -0.261066288738301, 51.490880287500644 ], [ -0.261059412416767, 51.490826661137312 ], [ -0.261054716566946, 51.490793907632749 ], [ -0.261044332387401, 51.490739910033987 ], [ -0.261041023576448, 51.490732981588586 ], [ -0.261038913035934, 51.490702510076908 ], [ -0.261021414366877, 51.490649041007252 ], [ -0.261021082107536, 51.490636572224858 ], [ -0.261018273637681, 51.490628230351135 ], [ -0.261003589433039, 51.490584461135931 ], [ -0.260995102078958, 51.490571664642871 ], [ -0.260983079640723, 51.490516999777029 ], [ -0.260975575148651, 51.490501466090222 ], [ -0.260970189487242, 51.490471890261773 ], [ -0.260968404094019, 51.490462025802742 ], [ -0.260967855378956, 51.490459032098691 ], [ -0.260949664761743, 51.490420345722669 ], [ -0.260947495336867, 51.490389909305833 ], [ -0.26093788726819, 51.490359245721109 ], [ -0.260936829123896, 51.490336325673617 ], [ -0.260910114777301, 51.490267252565843 ], [ -0.260905814801702, 51.490261388545818 ], [ -0.26088695336042, 51.490201721278943 ], [ -0.260886654359554, 51.490196707922394 ], [ -0.26085635190461, 51.490109124131202 ], [ -0.260846752245903, 51.490061585892846 ], [ -0.260846991572935, 51.490054539177109 ], [ -0.260842025767178, 51.490034753603851 ], [ -0.260833057016048, 51.489999027612839 ], [ -0.2608201636695, 51.489969151635641 ], [ -0.260816904605389, 51.489941990383585 ], [ -0.26079728245592, 51.489894371011005 ], [ -0.260779638372264, 51.489841331392334 ], [ -0.260740061275773, 51.4898226019425 ], [ -0.260733552036715, 51.489821044133883 ], [ -0.260606603239437, 51.489766177192131 ], [ -0.260495387927546, 51.489688513128314 ], [ -0.26046425758655, 51.489623088416366 ], [ -0.260486539370538, 51.489470992799454 ], [ -0.260420115119411, 51.489449549563396 ], [ -0.26041228911271, 51.489447014491809 ], [ -0.260393286777951, 51.489449736290034 ], [ -0.259897409249977, 51.489453182762844 ], [ -0.259891847790341, 51.489453217180767 ], [ -0.259960838773402, 51.48958960729437 ], [ -0.259963426374619, 51.489624932961718 ], [ -0.259233748033884, 51.489745950334971 ], [ -0.259205345926689, 51.489701221964523 ], [ -0.259202636035563, 51.489695974992195 ], [ -0.25920153147837, 51.489693206841942 ], [ -0.25916796216752, 51.489642322738199 ], [ -0.25914753471374, 51.489603036350069 ], [ -0.259143225992873, 51.489594762096203 ], [ -0.259055119550334, 51.489489841015406 ], [ -0.259040655731456, 51.489477783021051 ], [ -0.258881698118499, 51.489550477048212 ], [ -0.258808915853034, 51.489602552648428 ], [ -0.258733997015096, 51.489499724501869 ], [ -0.258686537678161, 51.489434596526898 ], [ -0.258666647987714, 51.489407296290139 ], [ -0.258572743448645, 51.489278413212659 ], [ -0.258476608582468, 51.489146457423871 ], [ -0.258527911366094, 51.489134512288118 ], [ -0.258456483663404, 51.489032715981466 ], [ -0.258437731946675, 51.489005990143141 ], [ -0.258380944240219, 51.488925049318553 ], [ -0.258342798970158, 51.488870679824728 ], [ -0.258331117618316, 51.488854031815748 ], [ -0.258291314764078, 51.488797047804425 ], [ -0.258254352634959, 51.488744143667496 ], [ -0.258108473877611, 51.488535290021169 ], [ -0.258076989746944, 51.488490218853052 ], [ -0.257961052234569, 51.488324246041515 ], [ -0.25794826847727, 51.488307051055941 ], [ -0.257787192234636, 51.48809036352651 ], [ -0.258037355523418, 51.487963936004569 ], [ -0.258293700700898, 51.487834380336736 ], [ -0.258457105951431, 51.487751807193426 ], [ -0.258616377617819, 51.487720250922344 ], [ -0.258617219517611, 51.487662233616803 ], [ -0.258618082939313, 51.48760251701254 ], [ -0.258724867073621, 51.487602164908886 ], [ -0.258920950070102, 51.487603019247892 ], [ -0.259460541237273, 51.487605162393464 ], [ -0.259465264776516, 51.487605187506254 ], [ -0.259522713648757, 51.487605410287777 ], [ -0.259540600783445, 51.487605477803406 ], [ -0.259746430692405, 51.487606300896921 ], [ -0.259907039262508, 51.487606938531307 ], [ -0.260179578706294, 51.487608012863689 ], [ -0.260714028427163, 51.487610136941882 ], [ -0.260737589920226, 51.48761022544744 ], [ -0.260758270879814, 51.487610307216634 ], [ -0.261178745257128, 51.487611971492662 ], [ -0.261220928087761, 51.487612138045336 ], [ -0.261394267793344, 51.487612827432812 ], [ -0.261492761587831, 51.487613216846739 ], [ -0.261541473599053, 51.487613273202882 ], [ -0.261767791935102, 51.487613560017998 ], [ -0.26180137298791, 51.487613606112774 ], [ -0.261975400520655, 51.487613821024695 ], [ -0.262103394365277, 51.487614114571279 ], [ -0.262155009251526, 51.487614044610147 ], [ -0.262390804871535, 51.487614344706984 ], [ -0.262512973275239, 51.487614499370487 ], [ -0.262599623595879, 51.48761460004895 ], [ -0.262612169037765, 51.487614610473472 ], [ -0.262750915264695, 51.487614794558702 ], [ -0.262847244210505, 51.487614916968447 ], [ -0.263015690394284, 51.487615126829937 ], [ -0.263048587587073, 51.487615164241156 ], [ -0.26306361031157, 51.487615179818938 ], [ -0.263068450048695, 51.487615179528753 ], [ -0.263094534248995, 51.487615214981652 ], [ -0.263103420927114, 51.48761522963963 ], [ -0.263181170016077, 51.487615319511001 ], [ -0.263187406492187, 51.487615330900255 ], [ -0.263207599717532, 51.487615360053475 ], [ -0.26327759940217, 51.487615452046583 ], [ -0.263286572797307, 51.487615458981672 ], [ -0.26329617960986, 51.487615475292408 ], [ -0.263308091124335, 51.48761548974754 ], [ -0.263382988131709, 51.487615582229843 ], [ -0.263391370955748, 51.487615589407902 ], [ -0.263531413862057, 51.487615764784479 ], [ -0.263608600838564, 51.487615864037913 ], [ -0.263615096782165, 51.487615870251886 ], [ -0.263624487657783, 51.487615883339842 ], [ -0.263649203914494, 51.487615907416355 ], [ -0.263665926376155, 51.487615921094637 ], [ -0.2636829799425, 51.487615939670739 ], [ -0.263699744909061, 51.487615971958618 ], [ -0.26372158028861, 51.487615998348076 ], [ -0.263834055204311, 51.487616143068493 ], [ -0.263858050986887, 51.487616174424581 ], [ -0.263982452160388, 51.487616324626046 ], [ -0.264024164062438, 51.487616375289157 ], [ -0.264034620915067, 51.487616386131727 ], [ -0.264273932994348, 51.487616635551412 ], [ -0.264355167610851, 51.487616731246973 ], [ -0.264468720869514, 51.487616927281799 ], [ -0.26461563439402, 51.487617104078808 ], [ -0.264708161173373, 51.487617213682299 ], [ -0.264743751771404, 51.487617254484448 ], [ -0.264864018972763, 51.487617405555447 ], [ -0.264873049613741, 51.487617422208388 ], [ -0.264962594749824, 51.487617532477735 ], [ -0.265016318612161, 51.487617607551591 ], [ -0.265073370307787, 51.487617668862931 ], [ -0.265094514352514, 51.487617693766033 ], [ -0.265148598795566, 51.487617756125971 ], [ -0.265285645720459, 51.487617930068005 ], [ -0.265347436047561, 51.487617998361735 ], [ -0.265352348448729, 51.48761798106618 ], [ -0.265393132478781, 51.487617810691397 ], [ -0.265454964900097, 51.487617528835976 ], [ -0.265468737239514, 51.487617471663086 ], [ -0.265517992519474, 51.487617255624862 ], [ -0.265628301820949, 51.487616773089705 ], [ -0.26581786008446, 51.487615951109518 ], [ -0.266023352114364, 51.487615049573712 ], [ -0.266487192810902, 51.487613019240513 ], [ -0.266491860482407, 51.487612998281186 ], [ -0.266505258529391, 51.487612935456127 ], [ -0.266810024445141, 51.487611601857608 ], [ -0.266939335539953, 51.487611039089842 ], [ -0.267160716769685, 51.487615145386911 ], [ -0.267117757051325, 51.487689689739376 ], [ -0.267102816235149, 51.487712589259125 ], [ -0.267019409850547, 51.487840438324312 ], [ -0.266827195625486, 51.4881350320859 ], [ -0.266812882496928, 51.488156564958331 ], [ -0.26658763732831, 51.488495202127389 ], [ -0.266579783288267, 51.488542018915673 ], [ -0.266566102500482, 51.488562823698771 ], [ -0.266542438079626, 51.488563157499996 ], [ -0.266536969301517, 51.488571385939991 ], [ -0.266530047932883, 51.488587911152102 ], [ -0.266513508424656, 51.488594078560801 ], [ -0.266470485140804, 51.488729987813109 ], [ -0.266462028895279, 51.488750141372293 ], [ -0.266458290854818, 51.488759069832867 ], [ -0.266426172610213, 51.488835698542651 ], [ -0.266400294643814, 51.48889742864425 ], [ -0.266375887726307, 51.488955691314473 ], [ -0.266273975156816, 51.489198777404432 ], [ -0.266267451002864, 51.489214319273664 ], [ -0.266251296664499, 51.489252857010648 ], [ -0.266221173367629, 51.489324722037061 ], [ -0.266216105762361, 51.489382748886889 ], [ -0.266194871534536, 51.489403307108631 ], [ -0.266188547594708, 51.489402557186423 ], [ -0.26618429056821, 51.4894118736457 ], [ -0.26618289404992, 51.489414892535159 ], [ -0.266139647919328, 51.489456761847656 ], [ -0.266135909701825, 51.489460375617433 ], [ -0.266135433650294, 51.489492670306277 ], [ -0.266145963535133, 51.48949570358235 ], [ -0.266121459715739, 51.489549288565314 ], [ -0.266039684534631, 51.489728140526232 ], [ -0.266016703766412, 51.489778402716325 ], [ -0.266007215830165, 51.489799161486182 ], [ -0.265984345312157, 51.489849173503579 ], [ -0.265885900462637, 51.490079720712977 ], [ -0.265877206188629, 51.490100059553278 ], [ -0.265873680308206, 51.490108325670391 ], [ -0.265858824693496, 51.490142988711376 ], [ -0.265762582113815, 51.490367471317555 ], [ -0.265747253159048, 51.490403215460681 ], [ -0.265731136845833, 51.490447940646234 ], [ -0.265715049293609, 51.49049266625439 ], [ -0.265714939138279, 51.490495569262798 ], [ -0.265708569536923, 51.490663431451473 ], [ -0.265715858138003, 51.490699123240823 ], [ -0.265718261608716, 51.490710948177068 ], [ -0.265738679585691, 51.490811005831503 ], [ -0.265745553423947, 51.490844722089633 ], [ -0.265751296733221, 51.490872927106551 ], [ -0.265755028030252, 51.490891138489062 ], [ -0.265769299681119, 51.490961087705848 ], [ -0.265810701000702, 51.491108352353557 ], [ -0.265870834502206, 51.491322295830635 ], [ -0.265881072751629, 51.491367194748065 ], [ -0.265883185447227, 51.491376434482085 ], [ -0.265694304095221, 51.49141860591682 ], [ -0.26554931981942, 51.491443566548675 ], [ -0.265361139305645, 51.491467636544868 ], [ -0.265218614287242, 51.491494971225151 ], [ -0.265215826401389, 51.491472403333788 ], [ -0.265193224885608, 51.491290237102262 ], [ -0.265072083848891, 51.49118876187859 ] ] ] } },
{ "type": "Feature", "properties": { "lsoa21cd": "E01002570", "lsoa21nm": "Hounslow 001B", "msoa21cd": "E02000526", "msoa21nm": "Hounslow 001", "lad22cd": "E09000018", "lad22nm": "Hounslow", "index_right": 85, "GSS_CODE": "E05000365", "risk_score": 0.00073659198578038829, "allocation_hours": 0.0075139977136095791, "patrol_units": 0 }, "geometry": { "type": "Polygon", "coordinates": [ [ [ -0.252165383495387, 51.495153021384368 ], [ -0.252168116456522, 51.495099673068211 ], [ -0.25214661588643, 51.494997062005886 ], [ -0.252130889058131, 51.494922018321539 ], [ -0.252121790046606, 51.494878574432228 ], [ -0.252097071212328, 51.494760681955896 ], [ -0.252087778694505, 51.494716272972092 ], [ -0.252061003034922, 51.494588511942702 ], [ -0.252025030808875, 51.494385984340944 ], [ -0.252014671308193, 51.494327674884332 ], [ -0.252000162702682, 51.494246030772324 ], [ -0.251952184606739, 51.49397590676908 ], [ -0.25195211073725, 51.493920619189545 ], [ -0.251951993875516, 51.493834081698111 ], [ -0.252066758131135, 51.493835791560329 ], [ -0.252055077530328, 51.493785654674532 ], [ -0.252055214908703, 51.493764371246719 ], [ -0.25205278673989, 51.493751403717567 ], [ -0.252053455349536, 51.493728284721996 ], [ -0.252045525351875, 51.493705873930764 ], [ -0.252045420946874, 51.493699190876406 ], [ -0.252045321215211, 51.493693515062439 ], [ -0.252044748383774, 51.49366067455977 ], [ -0.252039886221991, 51.493645809299522 ], [ -0.252035672065477, 51.493632833146044 ], [ -0.252032980806732, 51.493587025231477 ], [ -0.252028221207828, 51.493536164135726 ], [ -0.252029929001754, 51.493526922709272 ], [ -0.252033303066871, 51.493508771963711 ], [ -0.252030391145362, 51.493485482718164 ], [ -0.252028262771552, 51.493468446008258 ], [ -0.252026809392255, 51.493456733979322 ], [ -0.252023659968029, 51.493449439023927 ], [ -0.252022158522829, 51.493435595033446 ], [ -0.252024316676331, 51.493422866693059 ], [ -0.251985453738097, 51.493346722885605 ], [ -0.251982576015057, 51.493327058164084 ], [ -0.251976462299096, 51.493285421277889 ], [ -0.25197969062202, 51.493229670314768 ], [ -0.251976855106026, 51.493207020679399 ], [ -0.251810823209854, 51.493159745691557 ], [ -0.251800444474355, 51.493158413010669 ], [ -0.25157413971627, 51.493164950519521 ], [ -0.251524140402679, 51.493202504871931 ], [ -0.251505305420424, 51.493202678303263 ], [ -0.251422947515122, 51.493203433768286 ], [ -0.251120031644171, 51.493206216324111 ], [ -0.251026838402838, 51.493147207056339 ], [ -0.250661119684016, 51.493259296966102 ], [ -0.250654243849199, 51.493256775437359 ], [ -0.250539531198873, 51.492938174799448 ], [ -0.25051911081687, 51.492939875654564 ], [ -0.250464121571342, 51.492944460227754 ], [ -0.250264946544083, 51.492961057885339 ], [ -0.250260882817791, 51.492939280152591 ], [ -0.250257382510488, 51.492920469387478 ], [ -0.250230448351159, 51.492775943301169 ], [ -0.250184300936301, 51.492528282284184 ], [ -0.250228868555703, 51.49249151077651 ], [ -0.250535511564996, 51.492536100701706 ], [ -0.250539665346328, 51.492535218417011 ], [ -0.250824178571193, 51.492474938629279 ], [ -0.250866982639539, 51.492417619478744 ], [ -0.250951285522578, 51.492304706237668 ], [ -0.250959926892364, 51.492296103247249 ], [ -0.250957973182682, 51.492269249197626 ], [ -0.250955579587747, 51.492259150795654 ], [ -0.250954043161619, 51.492229299438328 ], [ -0.25094245099125, 51.492201348483881 ], [ -0.25092306235805, 51.492154657425296 ], [ -0.250918838981426, 51.492135152293976 ], [ -0.250917544855249, 51.492091428588978 ], [ -0.250913612575659, 51.492071469170511 ], [ -0.25091267052324, 51.492066724977811 ], [ -0.250912737660485, 51.492054055296258 ], [ -0.250918442966129, 51.492020912409245 ], [ -0.250930745555772, 51.491990790495173 ], [ -0.25093378125199, 51.491983362836613 ], [ -0.250937453782221, 51.491947626730216 ], [ -0.250937081375127, 51.491943430590609 ], [ -0.250926963071505, 51.491826896511618 ], [ -0.250944929571547, 51.491767345064225 ], [ -0.250943376309021, 51.491760127765936 ], [ -0.250937641167278, 51.491733450917998 ], [ -0.250936364857514, 51.49169754211318 ], [ -0.250934272007513, 51.491638177223621 ], [ -0.250932223403356, 51.491631105416062 ], [ -0.250930963540604, 51.491626761155821 ], [ -0.250924667326027, 51.491604958966548 ], [ -0.250910846276967, 51.491585553552405 ], [ -0.250906413722476, 51.491572268234044 ], [ -0.250897705906898, 51.491546104612311 ], [ -0.250896434262523, 51.491537551602683 ], [ -0.250897579864201, 51.491514016857685 ], [ -0.250898022940784, 51.491504698055969 ], [ -0.250901176898902, 51.491439602115207 ], [ -0.250902223531397, 51.491417900400698 ], [ -0.250896151008499, 51.491410579756376 ], [ -0.250883730225134, 51.491389216825304 ], [ -0.250876255413472, 51.491376380747603 ], [ -0.250865684813434, 51.491364262893327 ], [ -0.250817305944914, 51.49130872225647 ], [ -0.250769072219823, 51.491235090495131 ], [ -0.250763560343138, 51.491226672103494 ], [ -0.250729698334625, 51.491139239509899 ], [ -0.250731935548389, 51.491042399236818 ], [ -0.250734759358121, 51.491029968493642 ], [ -0.250741230692618, 51.491015200081002 ], [ -0.250744071521607, 51.491008722744546 ], [ -0.250743466888886, 51.491000809165193 ], [ -0.250742284689527, 51.490997823955162 ], [ -0.250737252973537, 51.490985141198834 ], [ -0.25073434956092, 51.490977822833003 ], [ -0.250703067570543, 51.49089920105515 ], [ -0.250696984363786, 51.490891785818185 ], [ -0.250691377282284, 51.490889431565392 ], [ -0.250686157737072, 51.49088692571862 ], [ -0.25066888710856, 51.490878619764182 ], [ -0.250600632716624, 51.490836181780885 ], [ -0.250445451717913, 51.490767960470606 ], [ -0.250368745920667, 51.490709991867497 ], [ -0.25036335420635, 51.490698814496909 ], [ -0.250340015397476, 51.490650346625436 ], [ -0.250384446890133, 51.490440958230387 ], [ -0.250370669329204, 51.490440375078542 ], [ -0.250095113603072, 51.490482631735468 ], [ -0.250013666827803, 51.490494708105508 ], [ -0.249883262764713, 51.490514552222152 ], [ -0.249838896502399, 51.490521300376443 ], [ -0.249752858589563, 51.49053439619118 ], [ -0.249655143452153, 51.490549988558335 ], [ -0.24964981950178, 51.490547202335328 ], [ -0.249640965562966, 51.490542555920342 ], [ -0.24966737265335, 51.490464245965185 ], [ -0.249711001219037, 51.490403036204732 ], [ -0.249829320530581, 51.490331250150433 ], [ -0.249870908146043, 51.490306025558745 ], [ -0.24984205381041, 51.490161613362076 ], [ -0.249822909836031, 51.490065690649828 ], [ -0.249797224691445, 51.489937080887813 ], [ -0.249740752514897, 51.489654362928661 ], [ -0.249705316671099, 51.489510311133515 ], [ -0.249811461088043, 51.489536345664902 ], [ -0.249819956263223, 51.489539071274045 ], [ -0.249971870389556, 51.489583755783279 ], [ -0.249979354508724, 51.489585800841823 ], [ -0.249987716751778, 51.489588236690366 ], [ -0.250011123350802, 51.489594655875059 ], [ -0.25013451913918, 51.489625731535121 ], [ -0.250171898623071, 51.489634022732282 ], [ -0.250706988710859, 51.489450700678788 ], [ -0.250715870287629, 51.489460644114359 ], [ -0.251095678138742, 51.489322423371057 ], [ -0.251161161245213, 51.489297950175718 ], [ -0.251257887799869, 51.489261802508246 ], [ -0.251423193155588, 51.489459497378036 ], [ -0.25143463975146, 51.489473183972926 ], [ -0.251527059714576, 51.489459246775183 ], [ -0.2515599584874, 51.489444971065922 ], [ -0.251658542283181, 51.489415622292718 ], [ -0.251698927370325, 51.489410486779889 ], [ -0.251708629802127, 51.489407636800287 ], [ -0.251721709905393, 51.489401590794515 ], [ -0.251770971642905, 51.489390715311629 ], [ -0.251839918515737, 51.489365304197577 ], [ -0.251850628313401, 51.489359465660726 ], [ -0.251904184975162, 51.489341370045715 ], [ -0.251916863656063, 51.489335273073401 ], [ -0.251987557880183, 51.489312378880513 ], [ -0.251995253568771, 51.489310775938769 ], [ -0.252033358929682, 51.489300840222569 ], [ -0.252125557219809, 51.489269327606351 ], [ -0.252136822801166, 51.489263079163621 ], [ -0.252150132995102, 51.489256852187708 ], [ -0.252221047891544, 51.48923232447283 ], [ -0.252232158301108, 51.489229945058995 ], [ -0.252274324277074, 51.489213639988272 ], [ -0.252281663351303, 51.489209684625102 ], [ -0.252317198770335, 51.489196886829987 ], [ -0.252366594848404, 51.489179097724417 ], [ -0.252371262587089, 51.489176442472733 ], [ -0.252423985135412, 51.489155663367526 ], [ -0.25247817942117, 51.489142729794033 ], [ -0.252483964035757, 51.489142132512832 ], [ -0.252515182308016, 51.489135250486825 ], [ -0.252540773878605, 51.489126342225561 ], [ -0.252551410140503, 51.489120916192391 ], [ -0.252589420882056, 51.489108173168503 ], [ -0.252670709776919, 51.489069618232044 ], [ -0.25273947163145, 51.48905542669889 ], [ -0.252768570411674, 51.489053117293302 ], [ -0.25278601160913, 51.489047531794512 ], [ -0.252811257280891, 51.489034103995905 ], [ -0.25283340582295, 51.489019173254356 ], [ -0.25291185761736, 51.488980593884556 ], [ -0.252953387654076, 51.488968100988544 ], [ -0.253013233754195, 51.48898856022592 ], [ -0.253017775208258, 51.488991091845897 ], [ -0.253073724590876, 51.489022302232748 ], [ -0.253101900759552, 51.489047523594024 ], [ -0.253122759142468, 51.489090468479205 ], [ -0.253132481669665, 51.489184703682803 ], [ -0.253142973490403, 51.489218483541379 ], [ -0.252653819068014, 51.489389739973589 ], [ -0.252035523299432, 51.489606209994385 ], [ -0.251890184419294, 51.489640015234173 ], [ -0.251776312297462, 51.489654046662501 ], [ -0.251732995250232, 51.489659381313317 ], [ -0.251748645475571, 51.489659956246562 ], [ -0.251816974802682, 51.489715101380156 ], [ -0.251818921810392, 51.489717675321046 ], [ -0.25184206210825, 51.489748388413467 ], [ -0.25156873082637, 51.489829808715598 ], [ -0.251744299669252, 51.490038690206418 ], [ -0.251710602063723, 51.49005162312411 ], [ -0.251481004564379, 51.490139738046395 ], [ -0.251394740066776, 51.490182885237438 ], [ -0.25136312215524, 51.490198681762536 ], [ -0.251335510440699, 51.490207280895746 ], [ -0.251306373363118, 51.490215839302017 ], [ -0.251305935616837, 51.490227280459827 ], [ -0.251293584949793, 51.490233454201842 ], [ -0.251301081178887, 51.490247234805395 ], [ -0.251318362897691, 51.490278966764507 ], [ -0.251324146010772, 51.490289331592813 ], [ -0.251332415659513, 51.490288168894267 ], [ -0.251340415158257, 51.490318539498965 ], [ -0.251351221425779, 51.490359509342724 ], [ -0.25135922198044, 51.490389852983654 ], [ -0.251360367023454, 51.490394186536193 ], [ -0.251362266175031, 51.490401399993104 ], [ -0.251380417277447, 51.490470275677296 ], [ -0.251418896340064, 51.49061626979644 ], [ -0.25142046967755, 51.490622210428555 ], [ -0.251507222314758, 51.490612262484483 ], [ -0.251521536490719, 51.490600326696672 ], [ -0.251618961046629, 51.490599467467248 ], [ -0.251653945545754, 51.490595456508593 ], [ -0.251658169301023, 51.4905951867227 ], [ -0.25176770991232, 51.490582421785525 ], [ -0.25191784215521, 51.490593606565589 ], [ -0.251993453833846, 51.490599247479025 ], [ -0.252027051070743, 51.490601753418332 ], [ -0.252047778825119, 51.490651495004279 ], [ -0.252152608055008, 51.490873611269194 ], [ -0.252186176586246, 51.490984226734064 ], [ -0.252188120186431, 51.49099065847728 ], [ -0.252174008126437, 51.491011248308084 ], [ -0.252247114940553, 51.491191273757735 ], [ -0.252330835753978, 51.491442202677376 ], [ -0.252446822660603, 51.491418184374531 ], [ -0.252444167810746, 51.491407371599372 ], [ -0.252429132389731, 51.491366968346711 ], [ -0.252402348757841, 51.491315850672457 ], [ -0.253025771408043, 51.491200977997238 ], [ -0.253038950526306, 51.491197626628455 ], [ -0.253440814416146, 51.491120598434591 ], [ -0.253442761282041, 51.49111337931749 ], [ -0.253480479892844, 51.491111710642855 ], [ -0.253489791637678, 51.491129645776887 ], [ -0.253526622822363, 51.49112292797588 ], [ -0.253622726091961, 51.49110540198533 ], [ -0.253768947867817, 51.491078738944601 ], [ -0.253783541002132, 51.491076078493073 ], [ -0.253808926442554, 51.491071456398792 ], [ -0.253943064259304, 51.491044361488974 ], [ -0.254083632598285, 51.491015977248573 ], [ -0.254099253044302, 51.491012819462831 ], [ -0.254160939114453, 51.491001786147876 ], [ -0.254293680871128, 51.490978042316591 ], [ -0.254307198622731, 51.490975626586085 ], [ -0.254366071012105, 51.490965090857358 ], [ -0.254393614164171, 51.490960168011817 ], [ -0.254440854096779, 51.490951716329967 ], [ -0.254450586112768, 51.490949981656726 ], [ -0.254540047204139, 51.490933983762872 ], [ -0.254546458312477, 51.490932829162084 ], [ -0.254562180831062, 51.490930014554991 ], [ -0.254665783772401, 51.49091147519816 ], [ -0.254671062998883, 51.490910537561767 ], [ -0.254708439891022, 51.490903854484976 ], [ -0.254764179050063, 51.490893883447725 ], [ -0.254795464295286, 51.490888287766644 ], [ -0.254802361126493, 51.490901951322037 ], [ -0.254812242853064, 51.490901576740505 ], [ -0.254823042472094, 51.490895271650125 ], [ -0.254845540497709, 51.490882135274937 ], [ -0.254852733890667, 51.490879355625978 ], [ -0.254861403667323, 51.490876013413363 ], [ -0.254887416534897, 51.490871175600958 ], [ -0.254925677503222, 51.49085397517608 ], [ -0.254985504055049, 51.49083975733641 ], [ -0.254994846144779, 51.490841443029545 ], [ -0.255021398812296, 51.490846235384524 ], [ -0.255027421777843, 51.490847323154512 ], [ -0.255127798822174, 51.49096232167922 ], [ -0.255136874789599, 51.490986071441114 ], [ -0.25513587898032, 51.491031775418463 ], [ -0.255134257823864, 51.491035375357981 ], [ -0.255133109748197, 51.49103790321174 ], [ -0.255173238758314, 51.491062141782507 ], [ -0.255209021844233, 51.491100227383896 ], [ -0.255252148685074, 51.491218007407745 ], [ -0.255254722952625, 51.491223967370942 ], [ -0.255257697354217, 51.491226992678264 ], [ -0.255405229653794, 51.491193152941086 ], [ -0.255545364760932, 51.491161010557654 ], [ -0.255550222440732, 51.491169607847553 ], [ -0.255558492873466, 51.491184276480716 ], [ -0.255572673292533, 51.491209410540925 ], [ -0.255588162925868, 51.491236852702713 ], [ -0.255595307392627, 51.491249508216541 ], [ -0.255604476248127, 51.491265736945593 ], [ -0.255618252422545, 51.491290141078728 ], [ -0.255628993056974, 51.491309158424805 ], [ -0.255638437349417, 51.491325908325493 ], [ -0.255643820527114, 51.491335457655957 ], [ -0.255662063021764, 51.491367769806821 ], [ -0.255664073704862, 51.491371324832329 ], [ -0.25567013180576, 51.491382062237392 ], [ -0.255675663072539, 51.491391883548509 ], [ -0.255677066370246, 51.491394368406972 ], [ -0.255690694887515, 51.491418491562754 ], [ -0.25569359574784, 51.4914236335417 ], [ -0.255725566438587, 51.491480290638663 ], [ -0.255728770143995, 51.491485990169039 ], [ -0.255736836123986, 51.491504358035648 ], [ -0.255741984117877, 51.491516824687245 ], [ -0.255758556194118, 51.491555541753698 ], [ -0.255761319922973, 51.491562012608725 ], [ -0.255764746565129, 51.491569986104189 ], [ -0.25578728245676, 51.491624178306303 ], [ -0.255808615969037, 51.491675528926734 ], [ -0.255830346797894, 51.491727793710311 ], [ -0.255844742067835, 51.491762404717861 ], [ -0.255859334794064, 51.491797504263602 ], [ -0.255877740176315, 51.491841788056888 ], [ -0.255900447371263, 51.491896405437814 ], [ -0.255912559542062, 51.49192554192458 ], [ -0.255935214202521, 51.491980028123315 ], [ -0.255941718825565, 51.491995677657904 ], [ -0.255953830361615, 51.492024832115959 ], [ -0.255970693784097, 51.492065361009246 ], [ -0.255978339696526, 51.492083756785512 ], [ -0.255983900519426, 51.492097148614143 ], [ -0.256006073746649, 51.492150476578324 ], [ -0.256017493464925, 51.49217794360721 ], [ -0.256034958370509, 51.492215153789346 ], [ -0.256041992259176, 51.49223014108933 ], [ -0.256059710851532, 51.492267876608715 ], [ -0.256087433806424, 51.492326938391905 ], [ -0.256092312557889, 51.492342909817005 ], [ -0.256103829075992, 51.492380849895007 ], [ -0.256121728559377, 51.492444792510618 ], [ -0.256131566904811, 51.492479901951498 ], [ -0.256142033980722, 51.4925242021747 ], [ -0.256160266325499, 51.492601314886954 ], [ -0.256166242102958, 51.492626663903621 ], [ -0.256169938624316, 51.492642285026335 ], [ -0.256174564676874, 51.492661858720886 ], [ -0.256168268204731, 51.492662268718369 ], [ -0.256023920367559, 51.492670302724392 ], [ -0.255897365988502, 51.492677324120955 ], [ -0.255848795242731, 51.492680028243299 ], [ -0.255674435856024, 51.492689692944907 ], [ -0.255513877030547, 51.492698600383058 ], [ -0.255460549603209, 51.492701566342873 ], [ -0.255448509915775, 51.492702232620964 ], [ -0.255368908863157, 51.492706651337429 ], [ -0.255327809305315, 51.492708926787564 ], [ -0.255327816984603, 51.492712874650621 ], [ -0.255327924131275, 51.492755330280907 ], [ -0.255328244998076, 51.492880449013164 ], [ -0.255328384785339, 51.49293129072155 ], [ -0.25532838445582, 51.492940917288365 ], [ -0.255328340684303, 51.492945457897356 ], [ -0.255327549120292, 51.492998997022426 ], [ -0.255326935758612, 51.493040326854768 ], [ -0.255326405279803, 51.493076469192836 ], [ -0.255325177173749, 51.493159164806109 ], [ -0.255321871844687, 51.493382995258919 ], [ -0.255321428416936, 51.493412709185471 ], [ -0.255321367519141, 51.493416943791274 ], [ -0.255321057557314, 51.49343788293146 ], [ -0.255319937441775, 51.493513224204889 ], [ -0.255319808456259, 51.493521504465008 ], [ -0.255319506770102, 51.493541472527866 ], [ -0.255318952161198, 51.493579754741461 ], [ -0.25531735006908, 51.493687327291298 ], [ -0.255316853989805, 51.493720682433569 ], [ -0.255316529543052, 51.493743132112954 ], [ -0.255316417375826, 51.493750971985818 ], [ -0.255316118410503, 51.493771245836598 ], [ -0.255315848036393, 51.493788885282825 ], [ -0.255315338848703, 51.493823715014827 ], [ -0.255315252506382, 51.493829370071623 ], [ -0.255314709695654, 51.493864702888587 ], [ -0.255313818505915, 51.493927637783749 ], [ -0.255313181655693, 51.493971467201618 ], [ -0.255312701356118, 51.494004408917839 ], [ -0.255312226244509, 51.494036460444377 ], [ -0.25531113337494, 51.494070202384215 ], [ -0.255311315838399, 51.494099520948431 ], [ -0.255310554773469, 51.494151882487955 ], [ -0.255310131935686, 51.494180679472763 ], [ -0.255309339203295, 51.494235378614668 ], [ -0.255308897098554, 51.494265434275498 ], [ -0.25530837171672, 51.494301441793667 ], [ -0.255307874199851, 51.494335588259503 ], [ -0.255307044261784, 51.494393524179891 ], [ -0.255306631734564, 51.49442167385034 ], [ -0.255306228515462, 51.494448825481435 ], [ -0.255305881675349, 51.494472992410316 ], [ -0.255305075859051, 51.494528410762541 ], [ -0.255304819523699, 51.494546059408066 ], [ -0.255304679825427, 51.494555751344429 ], [ -0.255303882262906, 51.494610576307629 ], [ -0.25530158898846, 51.49476829923676 ], [ -0.25530111243426, 51.494801142086111 ], [ -0.25530035996936, 51.494852145866624 ], [ -0.255297532456726, 51.494907689723348 ], [ -0.255025737815415, 51.494891630824291 ], [ -0.255034970147794, 51.494665802295508 ], [ -0.254890245218106, 51.49466204003906 ], [ -0.254857316652375, 51.494661181551081 ], [ -0.254493231129726, 51.494651700739361 ], [ -0.253873627646767, 51.494642480875953 ], [ -0.253741482856206, 51.494640514102599 ], [ -0.252693482191325, 51.494624910935023 ], [ -0.252679084211124, 51.494624696505284 ], [ -0.252650540206743, 51.4946060074342 ], [ -0.252621466036893, 51.494628667400683 ], [ -0.252607240112154, 51.494643913794029 ], [ -0.252544550868049, 51.494685542049865 ], [ -0.252490464945084, 51.494792989316792 ], [ -0.252486910550746, 51.494800040524424 ], [ -0.252545585103779, 51.494934148722642 ], [ -0.252637579352958, 51.49514438983951 ], [ -0.252619448524096, 51.495148355319941 ], [ -0.252400522242287, 51.495154572718484 ], [ -0.252384960851546, 51.495155015368489 ], [ -0.252268686191679, 51.495147887778856 ], [ -0.252253450984205, 51.495146959403549 ], [ -0.252257842533064, 51.495148904275062 ], [ -0.252165383495387, 51.495153021384368 ] ] ] } },
{ "type": "Feature", "properties": { "lsoa21cd": "E01002573", "lsoa21nm": "Hounslow 001C", "msoa21cd": "E02000526", "msoa21nm": "Hounslow 001", "lad22cd": "E09000018", "lad22nm": "Hounslow", "index_right": 85, "GSS_CODE": "E05000365", "risk_score": 6.3634195065795254, "allocation_hours": 64.913439931768281, "patrol_units": 32 }, "geometry": { "type": "Polygon", "coordinates": [ [ [ -0.251410412720968, 51.499853107482025 ], [ -0.251406289954354, 51.499848270977843 ], [ -0.251398420930975, 51.499850213011449 ], [ -0.251316300677452, 51.499870409517946 ], [ -0.251311673461062, 51.49986407272273 ], [ -0.251288469873918, 51.499832270833984 ], [ -0.251269837644625, 51.499806759941983 ], [ -0.251258680805735, 51.499791468128691 ], [ -0.251248181257128, 51.499777071880445 ], [ -0.251236384702459, 51.499760426138536 ], [ -0.25121868363308, 51.499735432700675 ], [ -0.251215977056983, 51.499731615474019 ], [ -0.251166496096437, 51.499661751957547 ], [ -0.251162457156488, 51.499656044412589 ], [ -0.251158212893037, 51.499650055036938 ], [ -0.251155753129339, 51.499646565220644 ], [ -0.251134675111353, 51.499616827304827 ], [ -0.25110636798568, 51.499576837993345 ], [ -0.251097455474552, 51.499564268399553 ], [ -0.251094557478129, 51.499560183035271 ], [ -0.251083704352665, 51.499544864256656 ], [ -0.251062230869025, 51.499514544906297 ], [ -0.251033295221657, 51.499473664933284 ], [ -0.251026077079959, 51.499463503625712 ], [ -0.251023473025107, 51.499459831803797 ], [ -0.25107531036569, 51.499442007801363 ], [ -0.251158584397273, 51.499414238919222 ], [ -0.251172602023775, 51.499409564872124 ], [ -0.251167357348678, 51.499401294453136 ], [ -0.251127226123154, 51.499345949418242 ], [ -0.251104002727355, 51.49931392237729 ], [ -0.251084323657036, 51.49928678617426 ], [ -0.251069352277746, 51.499266140847496 ], [ -0.251032854003553, 51.499215822830514 ], [ -0.251024985630268, 51.499204959400465 ], [ -0.250999764350769, 51.499170177801894 ], [ -0.250972229733289, 51.499132223299959 ], [ -0.250962459000033, 51.499118741642043 ], [ -0.250955698497675, 51.499109423461654 ], [ -0.25092550301843, 51.499067778291881 ], [ -0.250917148644592, 51.499056251150115 ], [ -0.250907664841224, 51.499043178430973 ], [ -0.250874492826696, 51.49899743321749 ], [ -0.250810570658905, 51.498909297130432 ], [ -0.25078992052788, 51.498880815493642 ], [ -0.250766191676612, 51.498848079422253 ], [ -0.250716762127854, 51.498779925051871 ], [ -0.250709385771377, 51.498769761363498 ], [ -0.250687544648058, 51.498739652277067 ], [ -0.250643001463724, 51.49867821624774 ], [ -0.250616685968173, 51.498641925475098 ], [ -0.250613196617199, 51.498637107377121 ], [ -0.25058530068037, 51.498598634811181 ], [ -0.250546005139218, 51.498544453070714 ], [ -0.250506689124561, 51.498490244032844 ], [ -0.250495235698578, 51.498474435139158 ], [ -0.250465991529376, 51.498434116943173 ], [ -0.250449789505006, 51.4984117625728 ], [ -0.250447203022419, 51.498408198909758 ], [ -0.250437226593335, 51.49839445335175 ], [ -0.250431793758385, 51.498387340135203 ], [ -0.250417853481934, 51.498369129099757 ], [ -0.250361282188046, 51.49829524770314 ], [ -0.250356617165909, 51.498289153102576 ], [ -0.25035180132928, 51.498282858415848 ], [ -0.250307147441519, 51.498224523040861 ], [ -0.250304327870969, 51.498220838994797 ], [ -0.250250755255477, 51.498150864575791 ], [ -0.250218148145737, 51.498108270495131 ], [ -0.250187290032098, 51.498067973117621 ], [ -0.250183853685399, 51.49806346604062 ], [ -0.250130562670697, 51.497993859961625 ], [ -0.250128663271179, 51.497991354174999 ], [ -0.250084591948769, 51.497933809751899 ], [ -0.250081243878237, 51.497929443373373 ], [ -0.250078046966074, 51.497925268093645 ], [ -0.250040727423883, 51.497876511195123 ], [ -0.250034148353994, 51.497867919566559 ], [ -0.249971740803668, 51.49778639714188 ], [ -0.249965374956698, 51.497778069474592 ], [ -0.24994864243972, 51.49775622419056 ], [ -0.249892175995795, 51.497682465512248 ], [ -0.24988840294694, 51.497677535248009 ], [ -0.249833190546889, 51.497609968659724 ], [ -0.249827603231751, 51.497603131878932 ], [ -0.249777702730061, 51.49754207420164 ], [ -0.249775514562422, 51.497539397738322 ], [ -0.249739087647169, 51.49749480862944 ], [ -0.249733486649995, 51.49748795365452 ], [ -0.249703939795162, 51.497451807796573 ], [ -0.249588795307543, 51.497310916177788 ], [ -0.249573932787563, 51.497292727245437 ], [ -0.249557570388164, 51.497272699430489 ], [ -0.249534926014129, 51.497244979149748 ], [ -0.249502427510351, 51.497205223637444 ], [ -0.249397289335077, 51.497076562654009 ], [ -0.24938368634456, 51.497057466250801 ], [ -0.249342050585209, 51.496999009146052 ], [ -0.24948711438586, 51.496959731136869 ], [ -0.249550522397684, 51.496943114596206 ], [ -0.249637765887694, 51.496922195442288 ], [ -0.249676283537397, 51.496912968121606 ], [ -0.249797711679139, 51.496883853975241 ], [ -0.249826853506795, 51.496875296080972 ], [ -0.2498360333922, 51.496873346731292 ], [ -0.250187945983011, 51.496798475995455 ], [ -0.250234530631105, 51.49676463466929 ], [ -0.250249849040605, 51.496761149172428 ], [ -0.250262616749628, 51.496782876840051 ], [ -0.250384071637153, 51.496755677912738 ], [ -0.25065940078338, 51.496694020422339 ], [ -0.250724923628444, 51.496679341212996 ], [ -0.250910171084095, 51.496637859355552 ], [ -0.250941588339708, 51.496630818885293 ], [ -0.251090898935658, 51.496597388950399 ], [ -0.251149851038819, 51.496584239222067 ], [ -0.251279801716507, 51.496555241591786 ], [ -0.251252839667882, 51.496506882240553 ], [ -0.251158473457137, 51.496337610981399 ], [ -0.251118250653876, 51.496263092320902 ], [ -0.251084163429417, 51.496367707642094 ], [ -0.250827563457663, 51.49634967419388 ], [ -0.250707029444545, 51.496341204687539 ], [ -0.250570016956384, 51.496307085278872 ], [ -0.250552312457986, 51.496273197986248 ], [ -0.250542785480234, 51.496246977409484 ], [ -0.250542328264863, 51.496241988694727 ], [ -0.250541658187386, 51.496234658731431 ], [ -0.250524384308717, 51.496194420090198 ], [ -0.250521927685692, 51.496185588702431 ], [ -0.250510503082485, 51.496164528554445 ], [ -0.25050102959718, 51.496147067558411 ], [ -0.250498445826719, 51.49614230791957 ], [ -0.250484879538735, 51.496128266028428 ], [ -0.250477216005043, 51.496120346184021 ], [ -0.250441853777268, 51.496093857264441 ], [ -0.250429108822168, 51.496078307865233 ], [ -0.250411904244063, 51.496047170744767 ], [ -0.250404993290387, 51.496034648916307 ], [ -0.250385296143045, 51.495999005302899 ], [ -0.250376395013359, 51.495975631206697 ], [ -0.250304071697759, 51.495948604560155 ], [ -0.250258999541062, 51.495922870040744 ], [ -0.250252367069777, 51.49592037909958 ], [ -0.250209816153306, 51.495904421141333 ], [ -0.250199874654002, 51.495900684832655 ], [ -0.250159231803498, 51.495889449446743 ], [ -0.250068499108545, 51.495824392680603 ], [ -0.250057453370953, 51.495754346472538 ], [ -0.250148848504837, 51.495634021771117 ], [ -0.25011086228376, 51.495617376473845 ], [ -0.250096339195435, 51.495611017926599 ], [ -0.250061344455579, 51.495608418701764 ], [ -0.250098689946122, 51.495608696926716 ], [ -0.250221110014414, 51.495609623437844 ], [ -0.250322646685697, 51.495610391271441 ], [ -0.250283437360775, 51.495509844855583 ], [ -0.250284621116168, 51.495384928371152 ], [ -0.25028697556149, 51.495135059229966 ], [ -0.250412121751268, 51.495136242028636 ], [ -0.250438009647355, 51.49513662806384 ], [ -0.250889204957069, 51.495143355280455 ], [ -0.250956788111779, 51.495110928309785 ], [ -0.250919118074821, 51.494791462321558 ], [ -0.250920794317217, 51.494783052255308 ], [ -0.250919375435613, 51.494773831677385 ], [ -0.2509145125796, 51.494742437971432 ], [ -0.250918871256526, 51.494723042971195 ], [ -0.250917191601811, 51.494710850948913 ], [ -0.250911962885572, 51.494673210926578 ], [ -0.250912714787474, 51.49466787154099 ], [ -0.250910357564479, 51.49465230618646 ], [ -0.250907330457186, 51.494632414399156 ], [ -0.250906339682573, 51.494625933952179 ], [ -0.250902889773851, 51.494618211837 ], [ -0.250904113710351, 51.49456518275754 ], [ -0.250896083621323, 51.494538624812769 ], [ -0.250897025481109, 51.494510267212192 ], [ -0.250886788142712, 51.494467237894604 ], [ -0.250888412866846, 51.494459420571779 ], [ -0.250887808258269, 51.494449627613236 ], [ -0.250886562444067, 51.494429492602166 ], [ -0.250884695061526, 51.49441881752886 ], [ -0.250882393387676, 51.494405564098457 ], [ -0.250871637517483, 51.494343723528544 ], [ -0.250868873108341, 51.49432788232388 ], [ -0.25086017130014, 51.4942778616686 ], [ -0.250846130817438, 51.494197213569521 ], [ -0.250834534170551, 51.494130621360135 ], [ -0.250822913922263, 51.494063893907828 ], [ -0.250820778401529, 51.494051569189821 ], [ -0.250813952245232, 51.494012385593436 ], [ -0.250812381511519, 51.494003369578586 ], [ -0.250804127812464, 51.493955945464407 ], [ -0.250787536887045, 51.493860646357696 ], [ -0.250772907545969, 51.493776572276218 ], [ -0.250761075804422, 51.493708600680996 ], [ -0.250748441274521, 51.493636012904453 ], [ -0.250742563636075, 51.493602158067546 ], [ -0.250741843358033, 51.493598019726178 ], [ -0.250734045984372, 51.493553354141447 ], [ -0.250730644962872, 51.493533825466677 ], [ -0.250717634124964, 51.493459028886953 ], [ -0.250708800755342, 51.493408313819458 ], [ -0.250702303345958, 51.493390267718738 ], [ -0.25066860543914, 51.493296673907672 ], [ -0.250661119684016, 51.493259296966102 ], [ -0.251026838402838, 51.493147207056339 ], [ -0.251120031644171, 51.493206216324111 ], [ -0.251422947515122, 51.493203433768286 ], [ -0.251505305420424, 51.493202678303263 ], [ -0.251524140402679, 51.493202504871931 ], [ -0.25157413971627, 51.493164950519521 ], [ -0.251800444474355, 51.493158413010669 ], [ -0.251810823209854, 51.493159745691557 ], [ -0.251976855106026, 51.493207020679399 ], [ -0.25197969062202, 51.493229670314768 ], [ -0.251976462299096, 51.493285421277889 ], [ -0.251982576015057, 51.493327058164084 ], [ -0.251985453738097, 51.493346722885605 ], [ -0.252024316676331, 51.493422866693059 ], [ -0.252022158522829, 51.493435595033446 ], [ -0.252023659968029, 51.493449439023927 ], [ -0.252026809392255, 51.493456733979322 ], [ -0.252028262771552, 51.493468446008258 ], [ -0.252030391145362, 51.493485482718164 ], [ -0.252033303066871, 51.493508771963711 ], [ -0.252029929001754, 51.493526922709272 ], [ -0.252028221207828, 51.493536164135726 ], [ -0.252032980806732, 51.493587025231477 ], [ -0.252035672065477, 51.493632833146044 ], [ -0.252039886221991, 51.493645809299522 ], [ -0.252044748383774, 51.49366067455977 ], [ -0.252045321215211, 51.493693515062439 ], [ -0.252045420946874, 51.493699190876406 ], [ -0.252045525351875, 51.493705873930764 ], [ -0.252053455349536, 51.493728284721996 ], [ -0.25205278673989, 51.493751403717567 ], [ -0.252055214908703, 51.493764371246719 ], [ -0.252055077530328, 51.493785654674532 ], [ -0.252066758131135, 51.493835791560329 ], [ -0.251951993875516, 51.493834081698111 ], [ -0.25195211073725, 51.493920619189545 ], [ -0.251952184606739, 51.49397590676908 ], [ -0.252000162702682, 51.494246030772324 ], [ -0.252014671308193, 51.494327674884332 ], [ -0.252025030808875, 51.494385984340944 ], [ -0.252061003034922, 51.494588511942702 ], [ -0.252087778694505, 51.494716272972092 ], [ -0.252097071212328, 51.494760681955896 ], [ -0.252121790046606, 51.494878574432228 ], [ -0.252130889058131, 51.494922018321539 ], [ -0.25214661588643, 51.494997062005886 ], [ -0.252168116456522, 51.495099673068211 ], [ -0.252165383495387, 51.495153021384368 ], [ -0.252257842533064, 51.495148904275062 ], [ -0.252253450984205, 51.495146959403549 ], [ -0.252268686191679, 51.495147887778856 ], [ -0.252384960851546, 51.495155015368489 ], [ -0.252400522242287, 51.495154572718484 ], [ -0.252619448524096, 51.495148355319941 ], [ -0.252637579352958, 51.49514438983951 ], [ -0.252545585103779, 51.494934148722642 ], [ -0.252486910550746, 51.494800040524424 ], [ -0.252490464945084, 51.494792989316792 ], [ -0.252544550868049, 51.494685542049865 ], [ -0.252607240112154, 51.494643913794029 ], [ -0.252621466036893, 51.494628667400683 ], [ -0.252650540206743, 51.4946060074342 ], [ -0.252679084211124, 51.494624696505284 ], [ -0.252693482191325, 51.494624910935023 ], [ -0.253741482856206, 51.494640514102599 ], [ -0.253873627646767, 51.494642480875953 ], [ -0.254493231129726, 51.494651700739361 ], [ -0.254857316652375, 51.494661181551081 ], [ -0.254890245218106, 51.49466204003906 ], [ -0.255034970147794, 51.494665802295508 ], [ -0.255025737815415, 51.494891630824291 ], [ -0.255297532456726, 51.494907689723348 ], [ -0.255299497342698, 51.494911690970127 ], [ -0.25538439326093, 51.494913582883285 ], [ -0.25540533665065, 51.49491404718335 ], [ -0.255413296393322, 51.494914228491055 ], [ -0.25541038266139, 51.495177973824319 ], [ -0.25540753853248, 51.495433482969169 ], [ -0.255406296888884, 51.495545575128631 ], [ -0.255444232728881, 51.495651847113962 ], [ -0.255510800391374, 51.495838309079609 ], [ -0.255573289547347, 51.496013883281606 ], [ -0.255502238068725, 51.496039480883887 ], [ -0.255482958524153, 51.496046361311336 ], [ -0.255475231894315, 51.496049124052284 ], [ -0.255468493970238, 51.49605164970145 ], [ -0.255585565190087, 51.496274958794324 ], [ -0.255490763251588, 51.496287483246519 ], [ -0.255413411693381, 51.496301112406819 ], [ -0.255246656391524, 51.496330466472472 ], [ -0.255205633560068, 51.49633735983118 ], [ -0.255088504501229, 51.496357484285561 ], [ -0.255075820509541, 51.496528469580035 ], [ -0.255065280800182, 51.496670476668157 ], [ -0.255062393622645, 51.496691746164231 ], [ -0.255057583026981, 51.496727159374089 ], [ -0.255056921766871, 51.496732023522597 ], [ -0.255050969045457, 51.496775836808744 ], [ -0.255044605777616, 51.496822476653875 ], [ -0.25502958688002, 51.496850939639835 ], [ -0.255023948444657, 51.496861637894241 ], [ -0.254982092284821, 51.496940932502284 ], [ -0.254954849715042, 51.496992567425501 ], [ -0.254924861505426, 51.497031221169657 ], [ -0.254882855431409, 51.497085397212352 ], [ -0.25477690174161, 51.497222010314957 ], [ -0.254766522030501, 51.497235380770213 ], [ -0.254760824054554, 51.497242732883343 ], [ -0.254717438600062, 51.497298686866273 ], [ -0.254620788145986, 51.497423307215492 ], [ -0.25459966406668, 51.497450537265131 ], [ -0.254582558741329, 51.497471379410399 ], [ -0.254565227455736, 51.49749247897671 ], [ -0.254560180880537, 51.497498617778774 ], [ -0.254556493748708, 51.49750311317591 ], [ -0.254435400180211, 51.4976505526285 ], [ -0.254339131690499, 51.497767777529027 ], [ -0.254321588970684, 51.497789125706106 ], [ -0.254288376559043, 51.497829556811254 ], [ -0.254269926907716, 51.497852015559879 ], [ -0.254263890051029, 51.497859371599247 ], [ -0.254212931048998, 51.497921390615382 ], [ -0.254201273747647, 51.497937268927899 ], [ -0.254195042390654, 51.497945755135724 ], [ -0.254170239346173, 51.497979512940354 ], [ -0.254143049866276, 51.498016526516238 ], [ -0.254109660155024, 51.498061963804176 ], [ -0.254037606075742, 51.498160034862458 ], [ -0.254024429025214, 51.498177976822248 ], [ -0.253970292980119, 51.498251665796822 ], [ -0.253958210339545, 51.498268113281071 ], [ -0.253903146933154, 51.498343065371373 ], [ -0.253899955766297, 51.498347397269839 ], [ -0.25389238400962, 51.498357401245883 ], [ -0.253889683852744, 51.498360949103734 ], [ -0.253877531251585, 51.498376963894287 ], [ -0.253856351355165, 51.49840487641633 ], [ -0.253796950394357, 51.498483235041377 ], [ -0.253755256586353, 51.498538215668979 ], [ -0.25369494595252, 51.4986177477249 ], [ -0.253692458007328, 51.498621019966535 ], [ -0.25360781070899, 51.498732635004032 ], [ -0.253588359291362, 51.49875828908845 ], [ -0.253570896235798, 51.498781301968023 ], [ -0.253541673698863, 51.498822475688279 ], [ -0.253515590251155, 51.498859172856719 ], [ -0.253497470338947, 51.498884666894448 ], [ -0.253442805305122, 51.498961594075482 ], [ -0.253355629571935, 51.499084286130497 ], [ -0.253352781516, 51.499088308381367 ], [ -0.253305851291698, 51.499154352711095 ], [ -0.253299083990219, 51.499163658210612 ], [ -0.25322647386369, 51.499263366136383 ], [ -0.253203023404022, 51.499295624126539 ], [ -0.253200362208914, 51.499299280459667 ], [ -0.253164445122804, 51.499348591626159 ], [ -0.25314794539193, 51.499371268074313 ], [ -0.253142456338099, 51.499378794078687 ], [ -0.253107982710595, 51.499426148349833 ], [ -0.25310416594296, 51.499431388156026 ], [ -0.253078847559775, 51.499466145226954 ], [ -0.253025882056416, 51.499538906972674 ], [ -0.253022810041047, 51.499543132710372 ], [ -0.253016925584559, 51.49955120136925 ], [ -0.252989657158441, 51.499587215325342 ], [ -0.252972987954947, 51.49960923276663 ], [ -0.252965848512661, 51.49961865860196 ], [ -0.252944709968984, 51.499646589560498 ], [ -0.252939869294928, 51.499652983151414 ], [ -0.252920840567145, 51.499678112856593 ], [ -0.252898534403021, 51.499707564152779 ], [ -0.252888898288908, 51.499720298048608 ], [ -0.252886653131742, 51.499725129606013 ], [ -0.252868309131463, 51.499764747563532 ], [ -0.252855855448024, 51.499791625306067 ], [ -0.252828639249941, 51.499850368765344 ], [ -0.252824005901837, 51.499860380458649 ], [ -0.252806934411789, 51.499897238646284 ], [ -0.25280578571607, 51.49990165488579 ], [ -0.252804146533266, 51.499907970249595 ], [ -0.252802203111327, 51.499915459111655 ], [ -0.252799549339736, 51.499925698119604 ], [ -0.252798738838512, 51.499928806477584 ], [ -0.252794785795161, 51.499944008030312 ], [ -0.252794093283709, 51.499946668515982 ], [ -0.252790307959926, 51.499961252077661 ], [ -0.252765922812371, 51.50005520318998 ], [ -0.252759941931769, 51.500078216078663 ], [ -0.252760030311758, 51.500081931332979 ], [ -0.252760150759681, 51.500087067893539 ], [ -0.252760633884424, 51.500107955873808 ], [ -0.252762170608511, 51.500174362030855 ], [ -0.252762475598298, 51.500187855452154 ], [ -0.252762545408048, 51.500190549771339 ], [ -0.252764192910668, 51.500261215566752 ], [ -0.252766400299536, 51.500287686641954 ], [ -0.252776265712617, 51.50040509687674 ], [ -0.252776520443306, 51.500408230089995 ], [ -0.252778613180755, 51.500432990865619 ], [ -0.252778937762785, 51.500436934451805 ], [ -0.252779184627366, 51.500439896688782 ], [ -0.252779967690606, 51.500449179705925 ], [ -0.252839132037466, 51.500491228800037 ], [ -0.252861483995302, 51.500513692392026 ], [ -0.252899360891729, 51.500551782420757 ], [ -0.252917453460497, 51.500569965036576 ], [ -0.252922572764666, 51.500575122069684 ], [ -0.252928274861415, 51.500580863305267 ], [ -0.252938653348886, 51.500591287363946 ], [ -0.252944743862915, 51.500597421063055 ], [ -0.253000589087625, 51.500653556928164 ], [ -0.253003710801754, 51.500656696855138 ], [ -0.253007484902738, 51.500660484968613 ], [ -0.253017502951583, 51.500670539454035 ], [ -0.253028712986024, 51.500681825684168 ], [ -0.253039021925513, 51.500692185750147 ], [ -0.253045120541515, 51.500709785097108 ], [ -0.253046677672255, 51.500714277591229 ], [ -0.253052102098226, 51.500729915510874 ], [ -0.253082389280334, 51.50081727069945 ], [ -0.253083362018708, 51.50082009086573 ], [ -0.253094173222818, 51.500851222258994 ], [ -0.253095275668535, 51.500863081893542 ], [ -0.25309555889047, 51.500866224518852 ], [ -0.253096287361472, 51.500873924015991 ], [ -0.253098523040832, 51.500898345164174 ], [ -0.253099146015573, 51.500905035922237 ], [ -0.253102518752136, 51.500941542034255 ], [ -0.253103028018527, 51.500947062064618 ], [ -0.253104767118333, 51.500966008333812 ], [ -0.253105011992691, 51.500968646803912 ], [ -0.253104803475651, 51.500983025523233 ], [ -0.25306263364518, 51.501006414126543 ], [ -0.253056392245902, 51.501009873264188 ], [ -0.253000925250747, 51.501040638305845 ], [ -0.25300332004344, 51.501054495549859 ], [ -0.25300444085792, 51.501060977899158 ], [ -0.253005325928796, 51.501066089867038 ], [ -0.253014267782457, 51.501117840382491 ], [ -0.253017594598646, 51.501137089062688 ], [ -0.253018243240045, 51.501140848623969 ], [ -0.253032871463079, 51.501225497706493 ], [ -0.25303606980253, 51.501243962118949 ], [ -0.253039112915642, 51.501261587910683 ], [ -0.253040375943311, 51.501268872715933 ], [ -0.253045165917935, 51.501296578214415 ], [ -0.253055164401149, 51.501353101528643 ], [ -0.253061189008047, 51.501399682835604 ], [ -0.252893045702404, 51.501303476590294 ], [ -0.252787784602581, 51.501243250586583 ], [ -0.252782610144563, 51.501240286914992 ], [ -0.252756131039539, 51.501225135784338 ], [ -0.252812439804953, 51.501184806302319 ], [ -0.252821032180999, 51.501178648444053 ], [ -0.252851031587721, 51.501157144293707 ], [ -0.252766097543603, 51.501098889077873 ], [ -0.25267425599147, 51.501035899754314 ], [ -0.252667067491222, 51.501030972679978 ], [ -0.252661339113203, 51.501027047540731 ], [ -0.252653532832788, 51.501021697606795 ], [ -0.252614782924432, 51.500995122980399 ], [ -0.252606499434073, 51.500989442203526 ], [ -0.252481040219864, 51.50090339417995 ], [ -0.252472904007338, 51.500897819001693 ], [ -0.252439829038164, 51.50086885138554 ], [ -0.2524257580937, 51.500856461363426 ], [ -0.252423381826756, 51.50085436217406 ], [ -0.25240462126869, 51.500837824166751 ], [ -0.252362305501591, 51.500800522156695 ], [ -0.25232207329152, 51.500765063170356 ], [ -0.252196081514863, 51.500653994056357 ], [ -0.25217786448535, 51.500637940715087 ], [ -0.252174762640268, 51.500635412557116 ], [ -0.252146148644205, 51.500610175784281 ], [ -0.252096310067756, 51.500564272617744 ], [ -0.252060319945609, 51.500531111390373 ], [ -0.252052832179246, 51.500524219437878 ], [ -0.252038900524405, 51.50051139530342 ], [ -0.252036312623113, 51.500508991700315 ], [ -0.251972570994655, 51.500450282680546 ], [ -0.251967143243448, 51.500445282870245 ], [ -0.251964067185735, 51.500442458332181 ], [ -0.251937527001275, 51.500418007749225 ], [ -0.251904090329327, 51.500387218049966 ], [ -0.251856667992972, 51.500343891125823 ], [ -0.251736278085547, 51.50023390750065 ], [ -0.251731197305375, 51.500229254567373 ], [ -0.251689375015471, 51.500180224286574 ], [ -0.251675517115031, 51.500163975014303 ], [ -0.251649387118801, 51.500133334582898 ], [ -0.251617383011382, 51.500095808215974 ], [ -0.251614060295644, 51.500091900882246 ], [ -0.251596038172056, 51.500070769519525 ], [ -0.251514090635563, 51.499974685565938 ], [ -0.251471690434311, 51.499924954195059 ], [ -0.251438831625299, 51.499886425880241 ], [ -0.251410412720968, 51.499853107482025 ] ] ] } },
{ "type": "Feature", "properties": { "lsoa21cd": "E01002582", "lsoa21nm": "Hounslow 008E", "msoa21cd": "E02000533", "msoa21nm": "Hounslow 008", "lad22cd": "E09000018", "lad22nm": "Hounslow", "index_right": 85, "GSS_CODE": "E05000365", "risk_score": 8.2838104764358642e-05, "allocation_hours": 0.00084503407831635182, "patrol_units": 0 }, "geometry": { "type": "Polygon", "coordinates": [ [ [ -0.273262883785036, 51.487035595638773 ], [ -0.273261614326416, 51.486932313963763 ], [ -0.273260855625137, 51.486870037451908 ], [ -0.273259765451132, 51.486781074766427 ], [ -0.273259664535792, 51.486773069792051 ], [ -0.273259425562331, 51.486757661806472 ], [ -0.273333957884624, 51.48675631279599 ], [ -0.273685663692806, 51.48675448341686 ], [ -0.273757736955302, 51.48674997749027 ], [ -0.273761326754108, 51.486754086012738 ], [ -0.273771465700088, 51.486766514711299 ], [ -0.273900705213381, 51.486766064733672 ], [ -0.274301335955443, 51.486761680006133 ], [ -0.274305731046647, 51.486761627752401 ], [ -0.274311581118727, 51.486761569922876 ], [ -0.274311567167294, 51.486754690314925 ], [ -0.274427854099656, 51.486761014058906 ], [ -0.274573011780885, 51.48676031636726 ], [ -0.274671559354713, 51.486764193743397 ], [ -0.274682202317752, 51.486764611053665 ], [ -0.274692728041895, 51.486759738941231 ], [ -0.274732732307505, 51.48674128075583 ], [ -0.27473171653252, 51.486737282059124 ], [ -0.274650067097745, 51.48661007580273 ], [ -0.27466523769274, 51.486577925254842 ], [ -0.274699557561, 51.486505139616412 ], [ -0.274809048198839, 51.486454142592208 ], [ -0.274836845923882, 51.486441197235671 ], [ -0.274837506069476, 51.4864351548675 ], [ -0.274840995224958, 51.486403003377909 ], [ -0.274841721281998, 51.486396359469154 ], [ -0.27484358849711, 51.486392681941574 ], [ -0.274843504004572, 51.486382707813327 ], [ -0.274842927917468, 51.486317061746064 ], [ -0.274841798115574, 51.486310741260922 ], [ -0.274834856441094, 51.486271790788848 ], [ -0.274849344305934, 51.486232534949551 ], [ -0.27484721049256, 51.486220759126603 ], [ -0.274841395381754, 51.486188596711486 ], [ -0.274843990974598, 51.486178976738351 ], [ -0.274849814661092, 51.486157479936615 ], [ -0.274851268670579, 51.486088419522346 ], [ -0.274850155164211, 51.486078232422663 ], [ -0.274856073526357, 51.486059569708004 ], [ -0.27485891820034, 51.486050600870378 ], [ -0.274860656457776, 51.486015608921157 ], [ -0.274859797270222, 51.486009751042189 ], [ -0.274856059504937, 51.485984372679958 ], [ -0.274854775947381, 51.485980981548515 ], [ -0.27485492888118, 51.485964716032342 ], [ -0.274855398046198, 51.485915263170035 ], [ -0.274855222553064, 51.485907891084885 ], [ -0.274846649394382, 51.485882212302741 ], [ -0.274848258348415, 51.485874691101024 ], [ -0.274850356186923, 51.485864901939401 ], [ -0.274854481729711, 51.485845655313987 ], [ -0.274854108008396, 51.485834948524307 ], [ -0.27485837151331, 51.485800596218198 ], [ -0.2748574083487, 51.485784898813549 ], [ -0.27485220335043, 51.48569993133404 ], [ -0.274850858528169, 51.485695873842808 ], [ -0.274849669491039, 51.485692268276644 ], [ -0.27484359156685, 51.485680047767687 ], [ -0.274844430679622, 51.485655141378963 ], [ -0.274845421745452, 51.485626208502048 ], [ -0.274843708933633, 51.485612055807401 ], [ -0.274834434938048, 51.485583385641952 ], [ -0.274832322869328, 51.485580575843514 ], [ -0.274811557818496, 51.485552977684591 ], [ -0.27478777307051, 51.485505020640133 ], [ -0.27477159062313, 51.485472400005023 ], [ -0.274761766493749, 51.485439989778406 ], [ -0.274756421318637, 51.48534061394647 ], [ -0.274767031245778, 51.485273774474734 ], [ -0.274883865230261, 51.485283442116888 ], [ -0.275050666085019, 51.485297252574931 ], [ -0.275149004210903, 51.485313851134698 ], [ -0.275158063824003, 51.485315378202031 ], [ -0.275072885826468, 51.485266068916836 ], [ -0.275006764692382, 51.485227795033403 ], [ -0.274758927812816, 51.485084332306286 ], [ -0.274727227794373, 51.485065979665976 ], [ -0.274696894957924, 51.485048420494564 ], [ -0.274595973761999, 51.484989994551263 ], [ -0.274592211001426, 51.484987798951089 ], [ -0.27439249478665, 51.484871112956597 ], [ -0.274385956265265, 51.48486728481474 ], [ -0.27412691313627, 51.484715931168871 ], [ -0.273983962388138, 51.484632408266584 ], [ -0.273961217515798, 51.484619124154698 ], [ -0.273904680029745, 51.484586089493703 ], [ -0.273899000680091, 51.484582777555985 ], [ -0.273596853618776, 51.48440622946697 ], [ -0.273503613630128, 51.484346233968189 ], [ -0.273474571721092, 51.484327544206828 ], [ -0.273412174000544, 51.484287388976654 ], [ -0.273397128914666, 51.484277698246132 ], [ -0.273110759355262, 51.484093458528058 ], [ -0.272984705621394, 51.484061819125088 ], [ -0.272828034888751, 51.483975961538484 ], [ -0.27296823709935, 51.483999455192794 ], [ -0.273072530343973, 51.484016925548062 ], [ -0.273124683380716, 51.484021488177781 ], [ -0.273149834961257, 51.483995446886226 ], [ -0.273166307346298, 51.48397840541169 ], [ -0.273220066703211, 51.483933576822011 ], [ -0.273230346390045, 51.483926435062244 ], [ -0.273289153103552, 51.483885628524838 ], [ -0.273316538645679, 51.483882803229449 ], [ -0.273353389302298, 51.483884487684655 ], [ -0.27336226584131, 51.483883988843495 ], [ -0.273507907598728, 51.483875952614142 ], [ -0.273525545479676, 51.483871140312658 ], [ -0.273691431785438, 51.483825866211731 ], [ -0.273843717207134, 51.483722496383812 ], [ -0.273943303382034, 51.48401098191556 ], [ -0.274128676227261, 51.483885995054841 ], [ -0.274161707290196, 51.483863720499869 ], [ -0.274191175051453, 51.483846177625253 ], [ -0.274224404560323, 51.483819013814973 ], [ -0.274224491786389, 51.483815175200256 ], [ -0.274224756400766, 51.483802436387379 ], [ -0.274296568407639, 51.483750903270774 ], [ -0.27434338881066, 51.483707077964425 ], [ -0.274346897254636, 51.483702651191088 ], [ -0.274359674547825, 51.483686562291901 ], [ -0.273931018972828, 51.483553431540173 ], [ -0.273799280865176, 51.483512518633169 ], [ -0.273837151890697, 51.483490594043275 ], [ -0.27395848266874, 51.483463035972058 ], [ -0.274108481597372, 51.483409335000509 ], [ -0.274153761082159, 51.483376188453029 ], [ -0.274198612588802, 51.483328044701267 ], [ -0.274214841254441, 51.483298733312395 ], [ -0.274257117147854, 51.483158906675797 ], [ -0.274261453466286, 51.483121848451383 ], [ -0.274269106212863, 51.483056439952342 ], [ -0.274319674753691, 51.48306212983595 ], [ -0.274445767165172, 51.483057015228368 ], [ -0.274647759626546, 51.483075219859508 ], [ -0.275036303192225, 51.483266550907203 ], [ -0.275074685371299, 51.483251101007376 ], [ -0.275101748333073, 51.483221679015813 ], [ -0.275363995006413, 51.483046983866828 ], [ -0.275433401549546, 51.483001579202401 ], [ -0.275528442503233, 51.48303209030589 ], [ -0.275609702503779, 51.483058419479903 ], [ -0.275618638239242, 51.483061311596764 ], [ -0.275745600961636, 51.483102449033893 ], [ -0.275749627520099, 51.483103758206248 ], [ -0.275759203912581, 51.483106848576149 ], [ -0.275853028206972, 51.483137247110456 ], [ -0.275952230758162, 51.483169397258479 ], [ -0.27596863695553, 51.483174701276049 ], [ -0.275979550205799, 51.483178242925774 ], [ -0.276071283184474, 51.483207963074477 ], [ -0.276101619098849, 51.48321778828528 ], [ -0.276316540806193, 51.483293468260911 ], [ -0.276399950514128, 51.483322971433992 ], [ -0.276543447367721, 51.48337370337638 ], [ -0.276569869678429, 51.483383048312085 ], [ -0.276640025866384, 51.483407864735661 ], [ -0.27671281195528, 51.483433601037817 ], [ -0.276721913293655, 51.483437071038303 ], [ -0.27693216623243, 51.483517263101263 ], [ -0.276882387457657, 51.483475677949393 ], [ -0.276812361943563, 51.4834171857933 ], [ -0.276742936952523, 51.483359197016881 ], [ -0.276858598059466, 51.483372739388066 ], [ -0.27720134596061, 51.48335298933506 ], [ -0.277463439819227, 51.483337809393113 ], [ -0.278319348832258, 51.483288269972327 ], [ -0.278381674800014, 51.483284588461835 ], [ -0.278651975036807, 51.483499165715507 ], [ -0.278670119530743, 51.48351110452267 ], [ -0.278692199163649, 51.483525637018239 ], [ -0.279141063736215, 51.483820997005104 ], [ -0.279153713016302, 51.48382932098253 ], [ -0.279178027609239, 51.48384532500306 ], [ -0.279364118589156, 51.48396811404708 ], [ -0.279394144533998, 51.483987962439528 ], [ -0.279408325754137, 51.483997293506583 ], [ -0.278974930642127, 51.484430017484435 ], [ -0.278771873729967, 51.484632880909231 ], [ -0.278703439441692, 51.484706093429423 ], [ -0.278544522848191, 51.484876133342254 ], [ -0.278488363964215, 51.484936216695395 ], [ -0.278423274606232, 51.485005872072129 ], [ -0.2784529871558, 51.485029230442187 ], [ -0.27846196822948, 51.485036286600618 ], [ -0.278481021392643, 51.485051260237427 ], [ -0.278508796355564, 51.48507864585936 ], [ -0.278528913501351, 51.485101701536486 ], [ -0.278559786600844, 51.485137082138166 ], [ -0.278597688064164, 51.485180506398926 ], [ -0.278771136975888, 51.485379262658782 ], [ -0.278818094559543, 51.485415139965085 ], [ -0.278894271228583, 51.485473343100772 ], [ -0.278919990248833, 51.485492991731348 ], [ -0.278939142980932, 51.485507625029832 ], [ -0.278946539791826, 51.485512005067186 ], [ -0.279008137541334, 51.485548483756027 ], [ -0.279016083940562, 51.485553186595091 ], [ -0.279146268617761, 51.485630266115045 ], [ -0.279235016523646, 51.485682826169032 ], [ -0.27925148401374, 51.48569533372654 ], [ -0.279276157151599, 51.485714076660877 ], [ -0.279323487048169, 51.485750031161523 ], [ -0.279328178242775, 51.485753589127491 ], [ -0.279412602091956, 51.485817722149996 ], [ -0.279422922277915, 51.485825562250106 ], [ -0.279567950100082, 51.485935772190111 ], [ -0.279578607711965, 51.485943833048722 ], [ -0.27958509150282, 51.485948748208926 ], [ -0.27964132035335, 51.485985543500711 ], [ -0.279676257428476, 51.486001001658749 ], [ -0.279692635111477, 51.486008247118264 ], [ -0.279535111306332, 51.485988176551629 ], [ -0.279426758044755, 51.486066145704712 ], [ -0.279047434394574, 51.486191110598782 ], [ -0.278683376428842, 51.486218152152894 ], [ -0.278631105346901, 51.486226971389101 ], [ -0.278591503268353, 51.486233656387547 ], [ -0.27856154089, 51.486238711263915 ], [ -0.278303400851004, 51.486304886196237 ], [ -0.278294557967752, 51.486307157465433 ], [ -0.278197580592011, 51.486318207048626 ], [ -0.278162434559908, 51.486358778772555 ], [ -0.278136127694287, 51.486399471227671 ], [ -0.278095192690843, 51.48646983164879 ], [ -0.278011953771878, 51.486502350414092 ], [ -0.277585399234765, 51.486607274074096 ], [ -0.277519991092955, 51.486623363864958 ], [ -0.277493506419441, 51.486644674340866 ], [ -0.277465640250299, 51.48666709760424 ], [ -0.277472929217227, 51.486670900618599 ], [ -0.277919905531207, 51.486904051185419 ], [ -0.278019113541277, 51.486955794478199 ], [ -0.277923851281769, 51.487042861653244 ], [ -0.277898888453585, 51.48712700392764 ], [ -0.277848175514673, 51.487217157497525 ], [ -0.277795007841168, 51.487311672429847 ], [ -0.27782313060445, 51.48732641060618 ], [ -0.277816217723274, 51.487356587477109 ], [ -0.277814028137048, 51.487366150522959 ], [ -0.277091921461167, 51.487076819785052 ], [ -0.277087735678999, 51.487075139630093 ], [ -0.277082855619874, 51.48708844007659 ], [ -0.277054655582328, 51.487165183120339 ], [ -0.277030008147371, 51.487246645533197 ], [ -0.277003714378203, 51.487333569295721 ], [ -0.276979905630261, 51.487412265276312 ], [ -0.276965805628865, 51.487458847102566 ], [ -0.276952892484286, 51.487507568630861 ], [ -0.276946078449282, 51.487533196608453 ], [ -0.276921130139767, 51.487627253320753 ], [ -0.27691375858723, 51.487655022358055 ], [ -0.276901421747756, 51.487715200025178 ], [ -0.276896021501026, 51.487741532208034 ], [ -0.276885464205554, 51.487793094045266 ], [ -0.276873145749018, 51.487853164066308 ], [ -0.276860990661178, 51.487916923483716 ], [ -0.276855586449972, 51.487945269966026 ], [ -0.276844434344991, 51.488003819366192 ], [ -0.276842810456483, 51.488022059645687 ], [ -0.277532696491292, 51.488065157845746 ], [ -0.277531974837087, 51.488067872031827 ], [ -0.277528999482151, 51.488146829026029 ], [ -0.277526295402797, 51.488218586866942 ], [ -0.277525878477742, 51.488229650732379 ], [ -0.277525201100967, 51.488247626143227 ], [ -0.277498480127884, 51.488286648725911 ], [ -0.277494715297205, 51.488292141931439 ], [ -0.277491667034209, 51.488373031277611 ], [ -0.27748640027961, 51.488512790089445 ], [ -0.277483199562334, 51.488597723899289 ], [ -0.277497899377008, 51.488646068539111 ], [ -0.27747372819815, 51.488652206359419 ], [ -0.277419955545174, 51.488667154011409 ], [ -0.277330562518788, 51.48869200111514 ], [ -0.277170325503195, 51.488876686820376 ], [ -0.277145373623745, 51.488905443181963 ], [ -0.276987590300726, 51.48908728251871 ], [ -0.276857140720301, 51.489187478427162 ], [ -0.276766797142544, 51.489257981355586 ], [ -0.27670701294206, 51.489236891255075 ], [ -0.276320277833131, 51.48909492130867 ], [ -0.276173739976328, 51.489041118779497 ], [ -0.276164377145843, 51.48903768089216 ], [ -0.275980808237497, 51.488992794287434 ], [ -0.275921140962545, 51.488978208105863 ], [ -0.275656182678494, 51.488913415610682 ], [ -0.27564988847286, 51.488911875276528 ], [ -0.27563681499455, 51.488908670572755 ], [ -0.275382932778292, 51.488846594174269 ], [ -0.275365727036604, 51.488842388959007 ], [ -0.275318263893992, 51.488830769605741 ], [ -0.275256209352534, 51.488816665067084 ], [ -0.275223161465125, 51.488809146933782 ], [ -0.275063863574786, 51.488772902461214 ], [ -0.275058322238247, 51.488771642944982 ], [ -0.275017319779491, 51.488762308178963 ], [ -0.27498338618504, 51.488754597100943 ], [ -0.274975831255371, 51.488752876324639 ], [ -0.274907550345249, 51.488737349131512 ], [ -0.274768582906966, 51.48870572868082 ], [ -0.274726901494531, 51.488696257930513 ], [ -0.274717190047047, 51.488694046796908 ], [ -0.274701051838648, 51.488690374261736 ], [ -0.274593539725547, 51.488665915734288 ], [ -0.274531386222964, 51.488651773383154 ], [ -0.274518889575737, 51.48864893674488 ], [ -0.274454779778964, 51.488634342924023 ], [ -0.274388798704293, 51.488619334858164 ], [ -0.274343168783557, 51.48860896058013 ], [ -0.274326388234078, 51.488605134661761 ], [ -0.274202602486472, 51.488576978710185 ], [ -0.274173829414907, 51.488571272240065 ], [ -0.274145334192827, 51.488565646288073 ], [ -0.274085255563431, 51.48855378239243 ], [ -0.274056002453857, 51.488548010378729 ], [ -0.274040848331952, 51.488544981717368 ], [ -0.273999141922251, 51.488467327830264 ], [ -0.273644831581404, 51.488397421237629 ], [ -0.273650941714766, 51.488235642878386 ], [ -0.273646431126415, 51.48802593910073 ], [ -0.273646081331459, 51.48800964820601 ], [ -0.273644162252553, 51.487920493492361 ], [ -0.273643778696527, 51.487902808234772 ], [ -0.273643602341552, 51.487894892079169 ], [ -0.273641419205011, 51.487793278612926 ], [ -0.273646817997792, 51.487781145995307 ], [ -0.273641088437892, 51.487778390856029 ], [ -0.27364047981386, 51.487749884088942 ], [ -0.273554296716111, 51.487737788648708 ], [ -0.273544496036705, 51.487736421415335 ], [ -0.273533019176198, 51.487734813689556 ], [ -0.273497198979897, 51.487729790201342 ], [ -0.27341332937033, 51.487718987679351 ], [ -0.273339522311704, 51.487709484261273 ], [ -0.273296076737595, 51.487699083265156 ], [ -0.273282957004891, 51.487681673672135 ], [ -0.273277356684107, 51.487661771370554 ], [ -0.273270258641393, 51.487636523355945 ], [ -0.273269952906487, 51.487611824948225 ], [ -0.273268667351761, 51.487506681560319 ], [ -0.273268056900585, 51.487457257780704 ], [ -0.273267681896416, 51.487426767064633 ], [ -0.273267001360727, 51.487371191257346 ], [ -0.273266179094577, 51.487303734028558 ], [ -0.273265066713431, 51.487213071405122 ], [ -0.273264687498945, 51.487182310845377 ], [ -0.273263310877305, 51.487070808282439 ], [ -0.273262883785036, 51.487035595638773 ] ] ] } },
{ "type": "Feature", "properties": { "lsoa21cd": "E01002687", "lsoa21nm": "Hounslow 029A", "msoa21cd": "E02006792", "msoa21nm": "Hounslow 029", "lad22cd": "E09000018", "lad22nm": "Hounslow", "index_right": 85, "GSS_CODE": "E05000365", "risk_score": 6.332181008130588, "allocation_hours": 64.594775039326862, "patrol_units": 32 }, "geometry": { "type": "Polygon", "coordinates": [ [ [ -0.268406225975321, 51.49255652180117 ], [ -0.268425300548129, 51.492535194155032 ], [ -0.26856562260553, 51.492405254018415 ], [ -0.26857502848941, 51.492396535137544 ], [ -0.268632742752913, 51.492321876160176 ], [ -0.268657423673892, 51.492261702325742 ], [ -0.268658365135455, 51.49225244486739 ], [ -0.268665289165132, 51.492184536150987 ], [ -0.268659975473995, 51.492181445220716 ], [ -0.268555936465985, 51.492120886409275 ], [ -0.268528728075005, 51.492109581229997 ], [ -0.268508793432904, 51.492103814975344 ], [ -0.26850370654189, 51.492102341537297 ], [ -0.268484584210238, 51.492096807587863 ], [ -0.268393109856178, 51.492092633787173 ], [ -0.268324774863413, 51.492094808572233 ], [ -0.268309746306425, 51.492095288174617 ], [ -0.268197517360189, 51.492085700039617 ], [ -0.268157011235196, 51.492082233452102 ], [ -0.268136070325201, 51.492077553888784 ], [ -0.268129015220204, 51.492068717849776 ], [ -0.26789336231572, 51.491774037953739 ], [ -0.267834576743444, 51.491739771225674 ], [ -0.267901931385031, 51.491703014363381 ], [ -0.267912604022814, 51.491696975971585 ], [ -0.267958478812379, 51.491710054144924 ], [ -0.268002030389921, 51.491722477508283 ], [ -0.268108987492424, 51.49175103448831 ], [ -0.268144639890066, 51.491760553460402 ], [ -0.268402972219894, 51.491785949050282 ], [ -0.26843210627719, 51.491788816072066 ], [ -0.268599778777303, 51.491805292303958 ], [ -0.268646049004589, 51.491809842002688 ], [ -0.268706784929244, 51.491795684552912 ], [ -0.268731250194822, 51.49180771808652 ], [ -0.268753476454635, 51.491816112509404 ], [ -0.26876882877123, 51.491821914519889 ], [ -0.268851796653574, 51.49183007216579 ], [ -0.268884361154202, 51.491833268466934 ], [ -0.269149181866427, 51.49185928874337 ], [ -0.269155841082128, 51.491859944534646 ], [ -0.269243300810617, 51.491868554857071 ], [ -0.269257824872398, 51.491869983133945 ], [ -0.269334636258504, 51.491877528038664 ], [ -0.269358058371461, 51.491879833956581 ], [ -0.269436305093078, 51.49188751687268 ], [ -0.269540747880068, 51.491897672431428 ], [ -0.269719020194891, 51.491914995840233 ], [ -0.269852053323044, 51.491927928861656 ], [ -0.269874055604725, 51.491930069854646 ], [ -0.269928667094601, 51.491935371542255 ], [ -0.269954099784502, 51.491937841880116 ], [ -0.269981699320707, 51.491940533011444 ], [ -0.270037248389283, 51.491943519369848 ], [ -0.270151350477948, 51.491949671190206 ], [ -0.270213443188096, 51.491952942795209 ], [ -0.270221505663318, 51.491953061669555 ], [ -0.270312496458937, 51.491954403213029 ], [ -0.270341179815141, 51.491953198422905 ], [ -0.270420708020691, 51.491949865555164 ], [ -0.270487395089686, 51.491947071739212 ], [ -0.270509123645011, 51.491946169051793 ], [ -0.270529366559155, 51.491945316401235 ], [ -0.270549775318821, 51.4919488366343 ], [ -0.270565827038063, 51.491948344849575 ], [ -0.270620241155648, 51.491946682970891 ], [ -0.270630322197755, 51.491946372945549 ], [ -0.270756943484199, 51.491928896100767 ], [ -0.270760987406546, 51.491925574458783 ], [ -0.270769951213246, 51.491918242656602 ], [ -0.270769754629757, 51.491915443035758 ], [ -0.270767600030164, 51.491883298419516 ], [ -0.270757256177113, 51.49173027040176 ], [ -0.270740753262773, 51.491701952008398 ], [ -0.270553785078022, 51.491607614548045 ], [ -0.270525858227996, 51.491587311057565 ], [ -0.270543129743108, 51.491572853640541 ], [ -0.270592062301615, 51.491517703443279 ], [ -0.270624224036644, 51.491500704757385 ], [ -0.270696467826864, 51.491381492562958 ], [ -0.270689094490878, 51.49133499064083 ], [ -0.270674779890288, 51.491244654996258 ], [ -0.270486198353012, 51.491215463587935 ], [ -0.270476660256229, 51.491213992060757 ], [ -0.27052669034452, 51.491128687624879 ], [ -0.270530184861567, 51.491036339343296 ], [ -0.270480421397756, 51.490980606503207 ], [ -0.270365680382277, 51.490904995093501 ], [ -0.270305095558518, 51.490844408456518 ], [ -0.270207265185526, 51.490851805857169 ], [ -0.270129471702451, 51.49085769109336 ], [ -0.269964596152272, 51.490870151764781 ], [ -0.269439139887378, 51.490904172992707 ], [ -0.269285884001867, 51.490914097313571 ], [ -0.269292031031106, 51.490898603677202 ], [ -0.269336185653142, 51.490787053346828 ], [ -0.269417435131566, 51.490581851845064 ], [ -0.26942954024556, 51.490551284426417 ], [ -0.269477038064479, 51.490431312248639 ], [ -0.269481222304964, 51.490422381285946 ], [ -0.26952908809083, 51.490320076143064 ], [ -0.269561765636832, 51.490250253343639 ], [ -0.269565556918091, 51.49024218887196 ], [ -0.269600838234151, 51.490166748069051 ], [ -0.269602420583601, 51.490163381166553 ], [ -0.269618113700616, 51.49011337051212 ], [ -0.269629008406291, 51.490078621606699 ], [ -0.269643701112885, 51.490031824566316 ], [ -0.269649631333483, 51.490012919485523 ], [ -0.269653742692925, 51.489999823829145 ], [ -0.26966504761635, 51.489963750053306 ], [ -0.26968246013081, 51.48990827021936 ], [ -0.269700709583134, 51.489850086936002 ], [ -0.269702130744252, 51.489845269832713 ], [ -0.269709931027008, 51.489818820490214 ], [ -0.2697245028797, 51.489769503704785 ], [ -0.269732682570782, 51.48974178299526 ], [ -0.269737621010907, 51.48972510246044 ], [ -0.269766801858173, 51.489626244610534 ], [ -0.269661706139179, 51.489622437421566 ], [ -0.269451486648044, 51.489614804361459 ], [ -0.269422501451745, 51.489613747310976 ], [ -0.269406838369685, 51.489622257149676 ], [ -0.269399984954745, 51.489625977943248 ], [ -0.269309087530698, 51.489610500545808 ], [ -0.269057997637196, 51.489606796158306 ], [ -0.269018944367628, 51.489605149818544 ], [ -0.269043894822941, 51.489565356622116 ], [ -0.269039770927392, 51.489552535157046 ], [ -0.26905757726533, 51.489507591653719 ], [ -0.269068075106913, 51.489481047261343 ], [ -0.269082235041473, 51.489445285441157 ], [ -0.269134635998459, 51.489342273986033 ], [ -0.269140753956014, 51.489330206138554 ], [ -0.269190921822024, 51.48923157262336 ], [ -0.269262266942993, 51.489147316067083 ], [ -0.269281640923004, 51.489124490682251 ], [ -0.269371422224859, 51.489035888293621 ], [ -0.269377854684316, 51.489031109147902 ], [ -0.269430709082546, 51.488991799435773 ], [ -0.269489995825506, 51.488947710546498 ], [ -0.269501667212599, 51.488940760500491 ], [ -0.269520279530887, 51.488929677280694 ], [ -0.269494291792865, 51.48893430287292 ], [ -0.269480558435217, 51.488936744145462 ], [ -0.269452817690755, 51.488938592108731 ], [ -0.269432562976426, 51.488942834635431 ], [ -0.26938174434876, 51.488953487714276 ], [ -0.269369515428931, 51.488943586224835 ], [ -0.26932198624178, 51.488905025873791 ], [ -0.269251699169489, 51.488863018294978 ], [ -0.269159738123582, 51.488839152890748 ], [ -0.269043549625405, 51.488834862239393 ], [ -0.268947108010264, 51.488839738626972 ], [ -0.268886473179732, 51.488852854528261 ], [ -0.268824826176349, 51.48887139603714 ], [ -0.268775378348173, 51.488881223769006 ], [ -0.26872596917974, 51.4888961149327 ], [ -0.268650800354852, 51.488940409696347 ], [ -0.268571745984492, 51.488976238906204 ], [ -0.268434877678507, 51.488918769950821 ], [ -0.268404770361025, 51.488910843657308 ], [ -0.268202043549207, 51.48888803138486 ], [ -0.268087391163711, 51.488630506011731 ], [ -0.268047833713418, 51.488541640855118 ], [ -0.2680346143385, 51.488540402554335 ], [ -0.267937802569946, 51.488546509210181 ], [ -0.267860424387555, 51.488566238857381 ], [ -0.267853104816036, 51.488656381393426 ], [ -0.267846708604935, 51.488735080877866 ], [ -0.267831108594832, 51.488927033254491 ], [ -0.267756551129604, 51.488977217740704 ], [ -0.267544730368636, 51.488946554454259 ], [ -0.267405515862398, 51.488947978815517 ], [ -0.267315412818546, 51.488965937469153 ], [ -0.267209750451002, 51.488987002537968 ], [ -0.267163149773158, 51.489003787050237 ], [ -0.267127992266854, 51.488982036042273 ], [ -0.2670021948096, 51.488904261672076 ], [ -0.266885067929669, 51.488595548179745 ], [ -0.26657494497855, 51.488570845427795 ], [ -0.266536969301517, 51.488571385939991 ], [ -0.266542438079626, 51.488563157499996 ], [ -0.266566102500482, 51.488562823698771 ], [ -0.266579783288267, 51.488542018915673 ], [ -0.26658763732831, 51.488495202127389 ], [ -0.266812882496928, 51.488156564958331 ], [ -0.266827195625486, 51.4881350320859 ], [ -0.267019409850547, 51.487840438324312 ], [ -0.267102816235149, 51.487712589259125 ], [ -0.267117757051325, 51.487689689739376 ], [ -0.267160716769685, 51.487615145386911 ], [ -0.267182457810369, 51.487615646350612 ], [ -0.267188920538172, 51.487615768780827 ], [ -0.267259521086921, 51.487617108260942 ], [ -0.26730729317978, 51.487618020629505 ], [ -0.267410602224788, 51.487622855623187 ], [ -0.267427841768008, 51.487623667757319 ], [ -0.267522049486493, 51.48762807148924 ], [ -0.267609987123664, 51.48763525122888 ], [ -0.26771659244554, 51.487643947525385 ], [ -0.267966175740281, 51.487664313820339 ], [ -0.267976170085957, 51.487665126825142 ], [ -0.26812625563249, 51.487682710929818 ], [ -0.268135289980108, 51.48768377053787 ], [ -0.268205357000234, 51.487691971986131 ], [ -0.268215022388191, 51.487693103851605 ], [ -0.268221639929384, 51.487694082815437 ], [ -0.268341776530785, 51.48771175523013 ], [ -0.268404072542787, 51.487720912043542 ], [ -0.268482081592482, 51.487732396036378 ], [ -0.268574916603184, 51.487746050202084 ], [ -0.268657921092912, 51.487761411709911 ], [ -0.268791002823249, 51.487786046208498 ], [ -0.268852666207714, 51.487797459604003 ], [ -0.268900712485931, 51.487806351922544 ], [ -0.26892635936274, 51.487811091814251 ], [ -0.268965436921731, 51.487818332002618 ], [ -0.269064633432468, 51.4878366928926 ], [ -0.269115311637624, 51.487846073589601 ], [ -0.269126168073694, 51.487848086258523 ], [ -0.269182639921245, 51.487858523615202 ], [ -0.269223605581543, 51.487866115309686 ], [ -0.269281535656082, 51.487876843912396 ], [ -0.269300438294039, 51.487880337659107 ], [ -0.269342498311597, 51.487888129806301 ], [ -0.269350966291087, 51.487889693556028 ], [ -0.269373995130748, 51.487893963079024 ], [ -0.269466827270911, 51.487911132632945 ], [ -0.269584733721225, 51.487932952480186 ], [ -0.269621379823133, 51.487939742921078 ], [ -0.269726326987469, 51.487959168270947 ], [ -0.269770740499437, 51.487967386156626 ], [ -0.269873098782469, 51.487986332550854 ], [ -0.269982265781715, 51.48800653931724 ], [ -0.270004079243071, 51.488010574968605 ], [ -0.270105121792007, 51.488029276939606 ], [ -0.270218244850197, 51.488050079581768 ], [ -0.270346800687539, 51.488073999897004 ], [ -0.270432638124971, 51.488083044080184 ], [ -0.270480154981355, 51.488088052095364 ], [ -0.270775113468884, 51.488119117367049 ], [ -0.270799216250628, 51.488121657857441 ], [ -0.270873934993802, 51.488129530650092 ], [ -0.271012885060104, 51.488144168306661 ], [ -0.271121563495426, 51.488155607931972 ], [ -0.271174934057728, 51.488161232498051 ], [ -0.271228146956576, 51.488166836731104 ], [ -0.27139998061204, 51.488184935071899 ], [ -0.27140534809848, 51.488185454800387 ], [ -0.271517890890668, 51.488196411435091 ], [ -0.271525238584777, 51.488197131194362 ], [ -0.27169766948989, 51.48821391597243 ], [ -0.271751214186494, 51.488219129177239 ], [ -0.2717776920989, 51.488221713447672 ], [ -0.272073185666578, 51.488250481198477 ], [ -0.272089545945757, 51.488252080058501 ], [ -0.272340268729012, 51.488276660785047 ], [ -0.272401185303661, 51.488282415700688 ], [ -0.272444425670892, 51.488286631534578 ], [ -0.272469353637732, 51.488289066926953 ], [ -0.272531064787986, 51.488295065486525 ], [ -0.272546520860984, 51.488296579026866 ], [ -0.272639245133063, 51.488305601594291 ], [ -0.272927147870987, 51.488333630428038 ], [ -0.273011792220708, 51.488341872789547 ], [ -0.273107614174479, 51.488360792068804 ], [ -0.273336732345801, 51.488406025371077 ], [ -0.273460292050884, 51.488430415478938 ], [ -0.273615092372197, 51.488460966542526 ], [ -0.273622198403042, 51.488462366057519 ], [ -0.273771693929566, 51.488491885626132 ], [ -0.273873836211124, 51.488512048336936 ], [ -0.273881986054777, 51.488513652040332 ], [ -0.273891093318366, 51.488515458676162 ], [ -0.273898678076212, 51.488516959641039 ], [ -0.273972017980831, 51.488531433274815 ], [ -0.27399992698652, 51.488536942732445 ], [ -0.274040848331952, 51.488544981717368 ], [ -0.274056002453857, 51.488548010378729 ], [ -0.274085255563431, 51.48855378239243 ], [ -0.274145334192827, 51.488565646288073 ], [ -0.274173829414907, 51.488571272240065 ], [ -0.274202602486472, 51.488576978710185 ], [ -0.274326388234078, 51.488605134661761 ], [ -0.274343168783557, 51.48860896058013 ], [ -0.274388798704293, 51.488619334858164 ], [ -0.274454779778964, 51.488634342924023 ], [ -0.274518889575737, 51.48864893674488 ], [ -0.274531386222964, 51.488651773383154 ], [ -0.274593539725547, 51.488665915734288 ], [ -0.274701051838648, 51.488690374261736 ], [ -0.274717190047047, 51.488694046796908 ], [ -0.274726901494531, 51.488696257930513 ], [ -0.274768582906966, 51.48870572868082 ], [ -0.274907550345249, 51.488737349131512 ], [ -0.274975831255371, 51.488752876324639 ], [ -0.27498338618504, 51.488754597100943 ], [ -0.275017319779491, 51.488762308178963 ], [ -0.275058322238247, 51.488771642944982 ], [ -0.275063863574786, 51.488772902461214 ], [ -0.275223161465125, 51.488809146933782 ], [ -0.275256209352534, 51.488816665067084 ], [ -0.275318263893992, 51.488830769605741 ], [ -0.275365727036604, 51.488842388959007 ], [ -0.275382932778292, 51.488846594174269 ], [ -0.27563681499455, 51.488908670572755 ], [ -0.275636525076213, 51.488912155470935 ], [ -0.275623017588282, 51.489080434772973 ], [ -0.27563554728594, 51.489083163866063 ], [ -0.275649265564997, 51.489101350857084 ], [ -0.275668587022628, 51.489229888426721 ], [ -0.275674563511289, 51.489269633980683 ], [ -0.27567703894324, 51.489286108980437 ], [ -0.275692409551347, 51.489388410786276 ], [ -0.275718352266387, 51.489560992875369 ], [ -0.275721090277769, 51.48958158138641 ], [ -0.275812632778203, 51.489630417122861 ], [ -0.275817288482979, 51.489629954978057 ], [ -0.275990104702887, 51.48961264782433 ], [ -0.275999286197211, 51.489611730604032 ], [ -0.276202919853122, 51.489619084285046 ], [ -0.276214932313423, 51.489621401044637 ], [ -0.276632050203881, 51.489701880560972 ], [ -0.276656761508101, 51.489706649970536 ], [ -0.276651180361027, 51.489729364422381 ], [ -0.276626288555645, 51.4898080803721 ], [ -0.276607022489883, 51.48986901050872 ], [ -0.276574705583096, 51.489956304298346 ], [ -0.276555700211501, 51.490007643069511 ], [ -0.276436693636615, 51.490260387515725 ], [ -0.276386561710266, 51.490344892582826 ], [ -0.276352073786657, 51.490403027134228 ], [ -0.276301252950452, 51.490476380117293 ], [ -0.276275660216923, 51.49051330571681 ], [ -0.276257912660629, 51.490538916886884 ], [ -0.276205889079158, 51.490613978750694 ], [ -0.276154047918064, 51.490688782484199 ], [ -0.276087598079333, 51.490769747340345 ], [ -0.275941151622671, 51.490948240213044 ], [ -0.27592764607454, 51.490963347276981 ], [ -0.275826851995467, 51.491076055009785 ], [ -0.275694768982881, 51.491212070433789 ], [ -0.275613477405713, 51.49129578446815 ], [ -0.275617945137071, 51.491188441616252 ], [ -0.275629461444199, 51.491121831273006 ], [ -0.275644098155025, 51.491037038637401 ], [ -0.275436501588193, 51.490942900393826 ], [ -0.275102190785873, 51.490886790333022 ], [ -0.274878266366953, 51.490894783662064 ], [ -0.274873116807362, 51.490894968727936 ], [ -0.274788073914082, 51.490922719564431 ], [ -0.274621413364422, 51.490900835484389 ], [ -0.274516871001425, 51.490909756450257 ], [ -0.27444920747584, 51.490891531294693 ], [ -0.274436718561017, 51.490890763081133 ], [ -0.274265001286767, 51.490835711063411 ], [ -0.274104953334107, 51.490822214764137 ], [ -0.27391970025984, 51.490865459911404 ], [ -0.273914875323998, 51.49086658494975 ], [ -0.273902796439191, 51.490817199302072 ], [ -0.273872993507447, 51.490695503541147 ], [ -0.273837237537123, 51.490549502897231 ], [ -0.273592075464718, 51.490551560857718 ], [ -0.273483471602247, 51.490552471604175 ], [ -0.273448782669854, 51.490561295502388 ], [ -0.273310053078049, 51.490561960571213 ], [ -0.273265040199509, 51.490564949094725 ], [ -0.273261311479057, 51.490566036284505 ], [ -0.273246757743932, 51.490566163798803 ], [ -0.273116036296041, 51.490574860062864 ], [ -0.272928197823535, 51.490590080370389 ], [ -0.272744728780363, 51.490608602072022 ], [ -0.272600489525634, 51.490623168800965 ], [ -0.27232475012444, 51.490651014528773 ], [ -0.272306414697299, 51.490652866786604 ], [ -0.272019244056223, 51.490684347358631 ], [ -0.271920333583748, 51.490695183466862 ], [ -0.27197307094286, 51.490876892983422 ], [ -0.271869902640065, 51.490964895470363 ], [ -0.27185774134109, 51.490975273737938 ], [ -0.271829860393286, 51.491091659965164 ], [ -0.271781139143196, 51.491163369309199 ], [ -0.271749254811322, 51.491190192402776 ], [ -0.271754045978077, 51.491204057752576 ], [ -0.271755461640506, 51.491208143297996 ], [ -0.271754644028989, 51.491286907126003 ], [ -0.27178548829379, 51.491372162458241 ], [ -0.271791348101429, 51.491405386800992 ], [ -0.271806501442377, 51.491447695759128 ], [ -0.271825579610288, 51.49147916340246 ], [ -0.271836481335023, 51.491497147479492 ], [ -0.271844626447118, 51.491520603461929 ], [ -0.271848383861896, 51.491540856366782 ], [ -0.271846857644289, 51.491565599723074 ], [ -0.271917975950883, 51.491713803490136 ], [ -0.271933474756346, 51.49173859977936 ], [ -0.271937248149011, 51.491764527295942 ], [ -0.271974737394017, 51.491829116351212 ], [ -0.27197562716699, 51.491851112059273 ], [ -0.272031111757954, 51.492046877062613 ], [ -0.272030270486532, 51.492194470298308 ], [ -0.272025863230108, 51.492196734463867 ], [ -0.271989271220007, 51.492208982958601 ], [ -0.271935492327615, 51.49222697634255 ], [ -0.271897616301774, 51.492239655525111 ], [ -0.271800056113141, 51.49226420701293 ], [ -0.271604162281998, 51.492279220973813 ], [ -0.271587377421212, 51.49228050693079 ], [ -0.271479831492512, 51.492237736474692 ], [ -0.271473378413328, 51.49223886439087 ], [ -0.271390938975974, 51.492253260879487 ], [ -0.271370753292793, 51.492256785309266 ], [ -0.270963746293542, 51.492327872107268 ], [ -0.270752215193402, 51.492364834387736 ], [ -0.270735914821811, 51.492374935595805 ], [ -0.270720233763397, 51.49238465924914 ], [ -0.270691202554332, 51.492402657131343 ], [ -0.270623787823142, 51.492451901371233 ], [ -0.270540043624689, 51.492513074516239 ], [ -0.270541610581045, 51.492550070605901 ], [ -0.270511075539996, 51.492552498105574 ], [ -0.270072458738923, 51.492587371240823 ], [ -0.26988127652191, 51.492602572304477 ], [ -0.269800474461467, 51.492598808827992 ], [ -0.269719557990997, 51.492586275842655 ], [ -0.269714244783804, 51.492585451098286 ], [ -0.269611630142683, 51.492560080354991 ], [ -0.269607594030447, 51.492558626975963 ], [ -0.269564722550285, 51.492562068290198 ], [ -0.269424895467611, 51.492573287869838 ], [ -0.269400064631296, 51.492577510509236 ], [ -0.269350690023969, 51.492585906950708 ], [ -0.269255410461303, 51.492611802887986 ], [ -0.269205292319079, 51.492627807713362 ], [ -0.269092073469741, 51.49272339215225 ], [ -0.269069781002562, 51.492742208462253 ], [ -0.269073649468566, 51.492745501066878 ], [ -0.269085341478339, 51.492755450299939 ], [ -0.269059066333605, 51.492880518136374 ], [ -0.269051613906272, 51.492916000818155 ], [ -0.268650495535687, 51.492869849291374 ], [ -0.268334461204114, 51.492833477222668 ], [ -0.268079760017288, 51.492810572400543 ], [ -0.267890539794561, 51.492793552738213 ], [ -0.267908261771458, 51.492792330599144 ], [ -0.267994705541361, 51.492786358745313 ], [ -0.268075674628903, 51.492773561575 ], [ -0.268083827955403, 51.492771667595164 ], [ -0.26814395365928, 51.492757690408823 ], [ -0.268271446973759, 51.492716920506957 ], [ -0.268385842513778, 51.49267166771314 ], [ -0.268424288657923, 51.492650823818011 ], [ -0.268393731848142, 51.4925756444675 ], [ -0.268406225975321, 51.49255652180117 ] ] ] } },
{ "type": "Feature", "properties": { "lsoa21cd": "E01002693", "lsoa21nm": "Hounslow 029D", "msoa21cd": "E02006792", "msoa21nm": "Hounslow 029", "lad22cd": "E09000018", "lad22nm": "Hounslow", "index_right": 85, "GSS_CODE": "E05000365", "risk_score": 0.00073390425703669321, "allocation_hours": 0.007486580109257652, "patrol_units": 0 }, "geometry": { "type": "Polygon", "coordinates": [ [ [ -0.255307044261784, 51.494393524179891 ], [ -0.255307874199851, 51.494335588259503 ], [ -0.25530837171672, 51.494301441793667 ], [ -0.255308897098554, 51.494265434275498 ], [ -0.255309339203295, 51.494235378614668 ], [ -0.255310131935686, 51.494180679472763 ], [ -0.255310554773469, 51.494151882487955 ], [ -0.255311315838399, 51.494099520948431 ], [ -0.25531113337494, 51.494070202384215 ], [ -0.255312226244509, 51.494036460444377 ], [ -0.255312701356118, 51.494004408917839 ], [ -0.255313181655693, 51.493971467201618 ], [ -0.255313818505915, 51.493927637783749 ], [ -0.255314709695654, 51.493864702888587 ], [ -0.255315252506382, 51.493829370071623 ], [ -0.255315338848703, 51.493823715014827 ], [ -0.255315848036393, 51.493788885282825 ], [ -0.255316118410503, 51.493771245836598 ], [ -0.255316417375826, 51.493750971985818 ], [ -0.255316529543052, 51.493743132112954 ], [ -0.255316853989805, 51.493720682433569 ], [ -0.25531735006908, 51.493687327291298 ], [ -0.255318952161198, 51.493579754741461 ], [ -0.255319506770102, 51.493541472527866 ], [ -0.255319808456259, 51.493521504465008 ], [ -0.255319937441775, 51.493513224204889 ], [ -0.255321057557314, 51.49343788293146 ], [ -0.255321367519141, 51.493416943791274 ], [ -0.255321428416936, 51.493412709185471 ], [ -0.255321871844687, 51.493382995258919 ], [ -0.255325177173749, 51.493159164806109 ], [ -0.255326405279803, 51.493076469192836 ], [ -0.255326935758612, 51.493040326854768 ], [ -0.255327549120292, 51.492998997022426 ], [ -0.255328340684303, 51.492945457897356 ], [ -0.25532838445582, 51.492940917288365 ], [ -0.255328384785339, 51.49293129072155 ], [ -0.255328244998076, 51.492880449013164 ], [ -0.255327924131275, 51.492755330280907 ], [ -0.255327816984603, 51.492712874650621 ], [ -0.255327809305315, 51.492708926787564 ], [ -0.255368908863157, 51.492706651337429 ], [ -0.255448509915775, 51.492702232620964 ], [ -0.255460549603209, 51.492701566342873 ], [ -0.255513877030547, 51.492698600383058 ], [ -0.255674435856024, 51.492689692944907 ], [ -0.255848795242731, 51.492680028243299 ], [ -0.255897365988502, 51.492677324120955 ], [ -0.256023920367559, 51.492670302724392 ], [ -0.256168268204731, 51.492662268718369 ], [ -0.256174564676874, 51.492661858720886 ], [ -0.256169938624316, 51.492642285026335 ], [ -0.256166242102958, 51.492626663903621 ], [ -0.256160266325499, 51.492601314886954 ], [ -0.256142033980722, 51.4925242021747 ], [ -0.256131566904811, 51.492479901951498 ], [ -0.256121728559377, 51.492444792510618 ], [ -0.256103829075992, 51.492380849895007 ], [ -0.256092312557889, 51.492342909817005 ], [ -0.256087433806424, 51.492326938391905 ], [ -0.256059710851532, 51.492267876608715 ], [ -0.256041992259176, 51.49223014108933 ], [ -0.256034958370509, 51.492215153789346 ], [ -0.256017493464925, 51.49217794360721 ], [ -0.256006073746649, 51.492150476578324 ], [ -0.255983900519426, 51.492097148614143 ], [ -0.255978339696526, 51.492083756785512 ], [ -0.255970693784097, 51.492065361009246 ], [ -0.255953830361615, 51.492024832115959 ], [ -0.255941718825565, 51.491995677657904 ], [ -0.255935214202521, 51.491980028123315 ], [ -0.255912559542062, 51.49192554192458 ], [ -0.255900447371263, 51.491896405437814 ], [ -0.255877740176315, 51.491841788056888 ], [ -0.255859334794064, 51.491797504263602 ], [ -0.255844742067835, 51.491762404717861 ], [ -0.255830346797894, 51.491727793710311 ], [ -0.255808615969037, 51.491675528926734 ], [ -0.25578728245676, 51.491624178306303 ], [ -0.255764746565129, 51.491569986104189 ], [ -0.255761319922973, 51.491562012608725 ], [ -0.255758556194118, 51.491555541753698 ], [ -0.255741984117877, 51.491516824687245 ], [ -0.255736836123986, 51.491504358035648 ], [ -0.255737412905614, 51.491495812773756 ], [ -0.256065602815443, 51.491425306009724 ], [ -0.25608930619087, 51.491420217777119 ], [ -0.256113852131261, 51.491414944224807 ], [ -0.256139149630679, 51.491409227708161 ], [ -0.256142827648539, 51.491403063939771 ], [ -0.256173627697805, 51.491401996587356 ], [ -0.2562402200925, 51.491556748615636 ], [ -0.256289504839826, 51.491668010158534 ], [ -0.256472839307343, 51.491625366789961 ], [ -0.256530502494243, 51.491642383561796 ], [ -0.25655438304106, 51.491652666358178 ], [ -0.256565678537312, 51.491657528392537 ], [ -0.256547245575011, 51.491736300126533 ], [ -0.256519101343691, 51.491856662566434 ], [ -0.256525070267258, 51.491864080302754 ], [ -0.256718439973501, 51.491944326765719 ], [ -0.256728749036334, 51.491942195807482 ], [ -0.25703431290464, 51.491887851702984 ], [ -0.257075793456, 51.491880473452895 ], [ -0.257169733869943, 51.491863762232811 ], [ -0.257393307483628, 51.491824003815815 ], [ -0.257533679663794, 51.491763364777263 ], [ -0.257636117120474, 51.491719113401096 ], [ -0.257633140231141, 51.491711803105197 ], [ -0.25763670327979, 51.49170808359154 ], [ -0.257733498385856, 51.491607215850102 ], [ -0.257741194150916, 51.491599191759292 ], [ -0.257763902305597, 51.491503442191558 ], [ -0.257784636078882, 51.491416026491308 ], [ -0.257801883081235, 51.491420077518065 ], [ -0.257760175906307, 51.491343856702962 ], [ -0.257828148837243, 51.491294102408936 ], [ -0.257846344332623, 51.491284228858881 ], [ -0.257937546278158, 51.491252400126335 ], [ -0.257963880300852, 51.491250093343226 ], [ -0.258033557391547, 51.491235363746647 ], [ -0.258078470951334, 51.491231246499737 ], [ -0.258100612995305, 51.491227051931531 ], [ -0.258123836063437, 51.491218682819877 ], [ -0.258191151594192, 51.491203171674691 ], [ -0.258218770815827, 51.491193977536021 ], [ -0.258238832399019, 51.491187297052761 ], [ -0.258243868552753, 51.491186310683325 ], [ -0.258274607654734, 51.491184455913391 ], [ -0.25829281623653, 51.491181039232849 ], [ -0.258326795869975, 51.491174664274865 ], [ -0.258333121567459, 51.491173481220919 ], [ -0.258358678251528, 51.491165488427555 ], [ -0.258428732467723, 51.491149927874645 ], [ -0.258450189644617, 51.49114820505374 ], [ -0.258471851274686, 51.491150945633585 ], [ -0.258566826070327, 51.491142571370304 ], [ -0.25863020422296, 51.491129447538157 ], [ -0.258653826713642, 51.491126848558274 ], [ -0.258685598661542, 51.491118678163012 ], [ -0.258793216970673, 51.491103225287162 ], [ -0.258831498953423, 51.491101509295163 ], [ -0.258891327183268, 51.49110556261418 ], [ -0.258941161344326, 51.49111218338021 ], [ -0.258968852853688, 51.491084069536008 ], [ -0.258989420514551, 51.491053889565428 ], [ -0.259005828800126, 51.491037982201952 ], [ -0.259025592692782, 51.49100999350415 ], [ -0.259072642513685, 51.490970206631587 ], [ -0.259121077129461, 51.4909451163442 ], [ -0.25929676827897, 51.490908982737785 ], [ -0.259309132359896, 51.490914157121509 ], [ -0.259384422403674, 51.490945678425504 ], [ -0.259478595132909, 51.490900097792021 ], [ -0.259492014817514, 51.490896088303622 ], [ -0.259515371576208, 51.490889114764357 ], [ -0.259533351545618, 51.490883752079974 ], [ -0.259604960804557, 51.490873483602869 ], [ -0.259624163439013, 51.49087346270953 ], [ -0.259711491890242, 51.490873319298089 ], [ -0.259697951322629, 51.490856670828826 ], [ -0.259627300092605, 51.490717702036015 ], [ -0.259579726217222, 51.49067083687018 ], [ -0.259543376563252, 51.490620496159501 ], [ -0.259540330730299, 51.490616503187425 ], [ -0.25948075008466, 51.490538255253988 ], [ -0.259457894601759, 51.490508240329738 ], [ -0.259419921149019, 51.490458370087183 ], [ -0.259396805214271, 51.490428009564745 ], [ -0.259359092423462, 51.490378484891153 ], [ -0.259335716038679, 51.490347778770285 ], [ -0.259281293871337, 51.490276315808543 ], [ -0.259272377271895, 51.490264591943792 ], [ -0.25925446010283, 51.490241080017533 ], [ -0.259242182016593, 51.490224953816472 ], [ -0.259204464660167, 51.490166858997753 ], [ -0.259199608160835, 51.490159349989476 ], [ -0.259160517642329, 51.490099112508283 ], [ -0.259139904249727, 51.490067350237759 ], [ -0.259107235926334, 51.490017010056796 ], [ -0.259083017026829, 51.489979690753302 ], [ -0.259062553201539, 51.489948164497847 ], [ -0.259029749981542, 51.489897588483039 ], [ -0.259012741987704, 51.489871392205409 ], [ -0.258956181246678, 51.489784250084959 ], [ -0.258928016992209, 51.489740847101956 ], [ -0.258919554356753, 51.489727799029403 ], [ -0.258902752805754, 51.489731353594486 ], [ -0.258898071263763, 51.4897249262917 ], [ -0.258808915853034, 51.489602552648428 ], [ -0.258881698118499, 51.489550477048212 ], [ -0.259040655731456, 51.489477783021051 ], [ -0.259055119550334, 51.489489841015406 ], [ -0.259143225992873, 51.489594762096203 ], [ -0.25914753471374, 51.489603036350069 ], [ -0.25916796216752, 51.489642322738199 ], [ -0.25920153147837, 51.489693206841942 ], [ -0.259202636035563, 51.489695974992195 ], [ -0.259205345926689, 51.489701221964523 ], [ -0.259233748033884, 51.489745950334971 ], [ -0.259963426374619, 51.489624932961718 ], [ -0.259960838773402, 51.48958960729437 ], [ -0.259891847790341, 51.489453217180767 ], [ -0.259897409249977, 51.489453182762844 ], [ -0.260393286777951, 51.489449736290034 ], [ -0.26041228911271, 51.489447014491809 ], [ -0.260420115119411, 51.489449549563396 ], [ -0.260486539370538, 51.489470992799454 ], [ -0.26046425758655, 51.489623088416366 ], [ -0.260495387927546, 51.489688513128314 ], [ -0.260606603239437, 51.489766177192131 ], [ -0.260733552036715, 51.489821044133883 ], [ -0.260740061275773, 51.4898226019425 ], [ -0.260779638372264, 51.489841331392334 ], [ -0.26079728245592, 51.489894371011005 ], [ -0.260816904605389, 51.489941990383585 ], [ -0.2608201636695, 51.489969151635641 ], [ -0.260833057016048, 51.489999027612839 ], [ -0.260842025767178, 51.490034753603851 ], [ -0.260846991572935, 51.490054539177109 ], [ -0.260846752245903, 51.490061585892846 ], [ -0.26085635190461, 51.490109124131202 ], [ -0.260886654359554, 51.490196707922394 ], [ -0.26088695336042, 51.490201721278943 ], [ -0.260905814801702, 51.490261388545818 ], [ -0.260910114777301, 51.490267252565843 ], [ -0.260936829123896, 51.490336325673617 ], [ -0.26093788726819, 51.490359245721109 ], [ -0.260947495336867, 51.490389909305833 ], [ -0.260949664761743, 51.490420345722669 ], [ -0.260967855378956, 51.490459032098691 ], [ -0.260968404094019, 51.490462025802742 ], [ -0.260970189487242, 51.490471890261773 ], [ -0.260975575148651, 51.490501466090222 ], [ -0.260983079640723, 51.490516999777029 ], [ -0.260995102078958, 51.490571664642871 ], [ -0.261003589433039, 51.490584461135931 ], [ -0.261018273637681, 51.490628230351135 ], [ -0.261021082107536, 51.490636572224858 ], [ -0.261021414366877, 51.490649041007252 ], [ -0.261038913035934, 51.490702510076908 ], [ -0.261041023576448, 51.490732981588586 ], [ -0.261044332387401, 51.490739910033987 ], [ -0.261054716566946, 51.490793907632749 ], [ -0.261059412416767, 51.490826661137312 ], [ -0.261066288738301, 51.490880287500644 ], [ -0.261080138791388, 51.490902066228074 ], [ -0.261101231011265, 51.491000039375336 ], [ -0.261115073413895, 51.49106442531069 ], [ -0.261144019097929, 51.491068433413169 ], [ -0.261271524479284, 51.491067508425346 ], [ -0.261282078986845, 51.491066109110605 ], [ -0.261320706402083, 51.491060989198331 ], [ -0.261357798846131, 51.491056080335639 ], [ -0.26142663297442, 51.491030149331451 ], [ -0.261488977140787, 51.491014643554209 ], [ -0.261510793768328, 51.491009903958087 ], [ -0.261561884836054, 51.490982729751416 ], [ -0.261602024802169, 51.49097381926164 ], [ -0.261605177957832, 51.49098938735191 ], [ -0.261721378648859, 51.490964131032314 ], [ -0.261762346972571, 51.490954270543796 ], [ -0.261996380588222, 51.490897945406047 ], [ -0.262320200335931, 51.490820009344297 ], [ -0.262390128144569, 51.490803176580144 ], [ -0.262495030947874, 51.490764371051078 ], [ -0.262509069570401, 51.490756197778481 ], [ -0.262513179081381, 51.490752679551079 ], [ -0.262522091462068, 51.490742182188733 ], [ -0.262537171623013, 51.490724420152546 ], [ -0.262544832332933, 51.490707060820625 ], [ -0.262552058356237, 51.490678400241556 ], [ -0.26254754156545, 51.490648297791651 ], [ -0.26254861080662, 51.490643664409482 ], [ -0.26255313989001, 51.490623803697289 ], [ -0.262547655384369, 51.490565728665715 ], [ -0.262552414441165, 51.490551186034502 ], [ -0.262555675429255, 51.490541189500675 ], [ -0.262555450421089, 51.490526267307892 ], [ -0.262551313842801, 51.490510414897521 ], [ -0.262554234160941, 51.490495359430888 ], [ -0.262557012653664, 51.490481003293077 ], [ -0.262557586492339, 51.490423467613894 ], [ -0.262557620717299, 51.490420293703693 ], [ -0.262572736226389, 51.49039288303667 ], [ -0.26257492953282, 51.490386341866262 ], [ -0.262716513811284, 51.490365138466515 ], [ -0.262730906667926, 51.490364695126765 ], [ -0.262823811719763, 51.490362010604528 ], [ -0.262915175100792, 51.490376011587472 ], [ -0.262924829499919, 51.490378960248506 ], [ -0.263057006724722, 51.49041955425961 ], [ -0.26309973960433, 51.490438671368807 ], [ -0.26310960009497, 51.490444536695001 ], [ -0.263115051749524, 51.490447773835498 ], [ -0.263115107307466, 51.490450481455554 ], [ -0.26311538925659, 51.490471870229605 ], [ -0.263120672488969, 51.490499250229952 ], [ -0.263124826486748, 51.490520714312439 ], [ -0.263123244559883, 51.490553244404779 ], [ -0.263122882259682, 51.490560882821519 ], [ -0.263117918297838, 51.490579684974179 ], [ -0.263117397420325, 51.490610827915873 ], [ -0.263121626276556, 51.490630701401493 ], [ -0.263121406307486, 51.490641417422722 ], [ -0.263120787809996, 51.490670580528729 ], [ -0.263115400270204, 51.490695221653844 ], [ -0.263117896427263, 51.490733018882061 ], [ -0.263118185666862, 51.490737537490709 ], [ -0.263110035168694, 51.490778783166576 ], [ -0.263110207519542, 51.490795853829432 ], [ -0.263110413381652, 51.490817349388124 ], [ -0.263081853707464, 51.490960108061181 ], [ -0.263087891587623, 51.491049126083915 ], [ -0.263033139041824, 51.491083971461677 ], [ -0.263064934706175, 51.491330248162683 ], [ -0.26308947139922, 51.491520401967179 ], [ -0.263095037594328, 51.491563460397145 ], [ -0.263112929068671, 51.49170218558595 ], [ -0.263120022879566, 51.491705806744257 ], [ -0.26325092207692, 51.491750190012603 ], [ -0.263000936614437, 51.49178345804777 ], [ -0.262917360904101, 51.491837939294605 ], [ -0.262911482229127, 51.491841764070138 ], [ -0.262767666761265, 51.491860911304428 ], [ -0.262681283666322, 51.491859632161237 ], [ -0.262668707568561, 51.491855471166694 ], [ -0.262658393292134, 51.491852063079172 ], [ -0.262653629557332, 51.491850772229185 ], [ -0.26256678956409, 51.491839951296164 ], [ -0.262376966020904, 51.491866609033977 ], [ -0.262374905153044, 51.491863601933581 ], [ -0.262236969326958, 51.49166332425758 ], [ -0.262258965104469, 51.491608794701229 ], [ -0.262084246668126, 51.491482206602313 ], [ -0.262038360980013, 51.491479692370177 ], [ -0.26190970076236, 51.491478757582769 ], [ -0.261792243379591, 51.491486270892381 ], [ -0.261693397653659, 51.49149794468515 ], [ -0.261682860952493, 51.49150000975898 ], [ -0.261603573952924, 51.491515561349345 ], [ -0.261490385298903, 51.491544908888265 ], [ -0.26142475284639, 51.491568450355764 ], [ -0.261076579427664, 51.491814536806793 ], [ -0.261387495607146, 51.491954835305826 ], [ -0.261466009085759, 51.491977059644519 ], [ -0.261262178543533, 51.492002680684138 ], [ -0.261286061510629, 51.49216779852155 ], [ -0.261200586952685, 51.492185784995044 ], [ -0.261202797932199, 51.492330175794699 ], [ -0.261209812697894, 51.492358957123614 ], [ -0.261221658308031, 51.492407665683423 ], [ -0.261222779603942, 51.492412268521832 ], [ -0.261191892946249, 51.49241306073376 ], [ -0.26124525967511, 51.49242985846201 ], [ -0.261244374597136, 51.492438730022577 ], [ -0.261189843083314, 51.492440044090088 ], [ -0.260974476122973, 51.492449639460958 ], [ -0.260886828843419, 51.492453537988148 ], [ -0.260757252675742, 51.492451617169912 ], [ -0.260745442425133, 51.492451936681753 ], [ -0.260702090072235, 51.492473667558428 ], [ -0.26073095275179, 51.492658083812522 ], [ -0.260766073384398, 51.492882456968239 ], [ -0.26076834574481, 51.492896932751563 ], [ -0.260970845486288, 51.492895420206587 ], [ -0.260989762480185, 51.492896491950631 ], [ -0.261186465814914, 51.492907608636138 ], [ -0.261573774214663, 51.492931297380011 ], [ -0.261576915610885, 51.493070765005619 ], [ -0.261577018151624, 51.493075262818763 ], [ -0.261577622514371, 51.493111242123739 ], [ -0.261578030803083, 51.493135339315252 ], [ -0.26157807904398, 51.493138235643208 ], [ -0.261578314678648, 51.493151728015796 ], [ -0.261579007527347, 51.493192195932558 ], [ -0.261579292787471, 51.493208737527446 ], [ -0.261579390653704, 51.49321468307776 ], [ -0.261579599838888, 51.493227545577184 ], [ -0.26158006876334, 51.49325515976831 ], [ -0.261580136255246, 51.493258685862571 ], [ -0.261580613779282, 51.493286641899282 ], [ -0.261581218143683, 51.493322621203077 ], [ -0.261581306287184, 51.493327118802704 ], [ -0.261581942964871, 51.493364141725145 ], [ -0.261582381922697, 51.493390082850446 ], [ -0.261583725882276, 51.493467951589977 ], [ -0.261585545639054, 51.493533696378869 ], [ -0.26159229454581, 51.493531620172668 ], [ -0.261914453680272, 51.493432375963927 ], [ -0.261923028279444, 51.493426235158438 ], [ -0.261965589998684, 51.493395760317625 ], [ -0.261971069301525, 51.493391839786774 ], [ -0.261992581604463, 51.4933792271272 ], [ -0.262015337511251, 51.493369519506238 ], [ -0.262106933490889, 51.493330409693996 ], [ -0.262123583299659, 51.493323300387075 ], [ -0.262199470585408, 51.493297608561093 ], [ -0.262205298018687, 51.493295896359605 ], [ -0.262301450604898, 51.493267644992443 ], [ -0.262308156285503, 51.493265945793702 ], [ -0.262375417024003, 51.493248893857576 ], [ -0.262440743002499, 51.493232334799359 ], [ -0.262514738444987, 51.493213575014266 ], [ -0.262701558622487, 51.493172107014018 ], [ -0.262765368029552, 51.493184814172096 ], [ -0.26288269991462, 51.493004559509103 ], [ -0.263116682770824, 51.493017654733613 ], [ -0.26349260551611, 51.493038686616408 ], [ -0.263704609379918, 51.493050547101134 ], [ -0.263742329493337, 51.493052661039336 ], [ -0.263758357671721, 51.493053559192127 ], [ -0.26375091918525, 51.493064307658614 ], [ -0.263728257095277, 51.493092406839907 ], [ -0.263687420712414, 51.493143096202949 ], [ -0.26365438610504, 51.493184090104663 ], [ -0.263645043599801, 51.493195660185016 ], [ -0.263633582938152, 51.493209896692015 ], [ -0.263565880286447, 51.493293919582506 ], [ -0.263541009999193, 51.493324773747069 ], [ -0.263487383263052, 51.493391316507733 ], [ -0.263529209709116, 51.493427905914103 ], [ -0.26353753025013, 51.493450991629153 ], [ -0.263542240832877, 51.493464069122624 ], [ -0.263565073435542, 51.493580051697151 ], [ -0.263566076105697, 51.493585129362259 ], [ -0.263571547065148, 51.493612880517503 ], [ -0.263577994641164, 51.493645637010999 ], [ -0.263585371837354, 51.493683119376847 ], [ -0.2635936810495, 51.493725264702057 ], [ -0.263598351421937, 51.493749065254526 ], [ -0.263599944460617, 51.49375718215763 ], [ -0.263602613924069, 51.493770710542492 ], [ -0.263611609495227, 51.493789494296692 ], [ -0.263634793164402, 51.493837884789087 ], [ -0.263643040559982, 51.493855128728448 ], [ -0.263288959196949, 51.493964210651683 ], [ -0.263266525833884, 51.493971117607309 ], [ -0.263198643038869, 51.49398139842441 ], [ -0.26318900763873, 51.493982856467383 ], [ -0.263157857208503, 51.494016702038863 ], [ -0.263158507922236, 51.494091278183291 ], [ -0.263158551023681, 51.494096206757675 ], [ -0.26321039193097, 51.49411607443443 ], [ -0.263236684304979, 51.494122857372531 ], [ -0.263331853201681, 51.494147413036806 ], [ -0.263344266413561, 51.494154359202952 ], [ -0.263381647659537, 51.494175262737471 ], [ -0.263385504735672, 51.49417649785768 ], [ -0.263433171572793, 51.494191726425598 ], [ -0.263442182678734, 51.494189638633742 ], [ -0.263767285396012, 51.494114542025237 ], [ -0.26377612130675, 51.49413298168421 ], [ -0.263895460435373, 51.494112140302661 ], [ -0.263929308682947, 51.494106229452953 ], [ -0.263924056762589, 51.494147760424319 ], [ -0.263907219206345, 51.49428110509696 ], [ -0.263906643225122, 51.494285646821254 ], [ -0.263904180380168, 51.494354997151888 ], [ -0.263751128866902, 51.494373604083385 ], [ -0.263552750309916, 51.494391593924476 ], [ -0.263376720765073, 51.494407549189454 ], [ -0.263292269405765, 51.494415201782175 ], [ -0.263243581841617, 51.494419615837238 ], [ -0.263127587224692, 51.494430137622096 ], [ -0.263049467399091, 51.494437218320584 ], [ -0.262746774623509, 51.494464651359223 ], [ -0.262721310331956, 51.494466963084236 ], [ -0.262651032753837, 51.494473332323146 ], [ -0.262276571077191, 51.494508262313275 ], [ -0.262173435276037, 51.494523469902269 ], [ -0.262141562677555, 51.494528177527059 ], [ -0.262112812608862, 51.49449284245221 ], [ -0.262022014055669, 51.494503358673157 ], [ -0.262005243320287, 51.494505304431364 ], [ -0.26198002242355, 51.494508222104372 ], [ -0.261827841680455, 51.494525868230404 ], [ -0.261802953284159, 51.494528754821069 ], [ -0.261707784158525, 51.494539790566037 ], [ -0.261642669155064, 51.4945473417784 ], [ -0.261476684026628, 51.494566581431698 ], [ -0.261401946367184, 51.494575248883422 ], [ -0.261303984206877, 51.49458661160832 ], [ -0.260971898946356, 51.494613334709278 ], [ -0.260670766181535, 51.494637566174575 ], [ -0.260569901966103, 51.494645683903919 ], [ -0.26053576988291, 51.494648433181091 ], [ -0.260305617327264, 51.494666953619898 ], [ -0.260168353179849, 51.494677975420622 ], [ -0.260156415884044, 51.494678967435924 ], [ -0.259960958767035, 51.494694692430755 ], [ -0.259926523570107, 51.494697455020564 ], [ -0.259631473250451, 51.494721198505204 ], [ -0.259266467446618, 51.494750575848585 ], [ -0.259004990059457, 51.494763170470698 ], [ -0.258974724677417, 51.494764627784271 ], [ -0.258784833584472, 51.494773769909763 ], [ -0.258474472822519, 51.494788704334738 ], [ -0.258391757962378, 51.494789688693679 ], [ -0.25838328298361, 51.494789796695244 ], [ -0.258124877705767, 51.494792839867685 ], [ -0.258080025310672, 51.494793369967326 ], [ -0.257558096854802, 51.494799549256854 ], [ -0.25751062125952, 51.494800112121013 ], [ -0.257488504778723, 51.494802076758454 ], [ -0.257306613409664, 51.494818268589384 ], [ -0.257230824245819, 51.494825011339309 ], [ -0.257205946392586, 51.494827231660871 ], [ -0.256762514127381, 51.494866703924536 ], [ -0.256391300497156, 51.494899738993062 ], [ -0.2563133859768, 51.494906674379955 ], [ -0.256263370245448, 51.49491112874972 ], [ -0.256256022068452, 51.494911154426198 ], [ -0.256203143647248, 51.494911348698608 ], [ -0.255891391711745, 51.494912487958601 ], [ -0.25588621902016, 51.494912509981525 ], [ -0.255828038668589, 51.494912715193578 ], [ -0.25561884479806, 51.494913480895768 ], [ -0.255413296393322, 51.494914228491055 ], [ -0.25540533665065, 51.49491404718335 ], [ -0.25538439326093, 51.494913582883285 ], [ -0.255299497342698, 51.494911690970127 ], [ -0.255297532456726, 51.494907689723348 ], [ -0.25530035996936, 51.494852145866624 ], [ -0.25530111243426, 51.494801142086111 ], [ -0.25530158898846, 51.49476829923676 ], [ -0.255303882262906, 51.494610576307629 ], [ -0.255304679825427, 51.494555751344429 ], [ -0.255304819523699, 51.494546059408066 ], [ -0.255305075859051, 51.494528410762541 ], [ -0.255305881675349, 51.494472992410316 ], [ -0.255306228515462, 51.494448825481435 ], [ -0.255306631734564, 51.49442167385034 ], [ -0.255307044261784, 51.494393524179891 ] ] ] } },
{ "type": "Feature", "properties": { "lsoa21cd": "E01002576", "lsoa21nm": "Hounslow 008A", "msoa21cd": "E02000533", "msoa21nm": "Hounslow 008", "lad22cd": "E09000018", "lad22nm": "Hounslow", "index_right": 85, "GSS_CODE": "E05000365", "risk_score": 0.0005433885311552243, "allocation_hours": 0.0055431232751958805, "patrol_units": 0 }, "geometry": { "type": "Polygon", "coordinates": [ [ [ -0.270277739019288, 51.487952039041339 ], [ -0.270436270157451, 51.487732005201671 ], [ -0.270470657927306, 51.487684275400852 ], [ -0.270511756620681, 51.487687210395023 ], [ -0.270576560684215, 51.487702041439476 ], [ -0.270588156335521, 51.487704694358015 ], [ -0.270592797381454, 51.487703854512453 ], [ -0.270715771669256, 51.487695658403929 ], [ -0.270732150854358, 51.487697131835873 ], [ -0.270831443680339, 51.487706104284726 ], [ -0.270835826515453, 51.487707140094912 ], [ -0.270938810221213, 51.487731634272187 ], [ -0.270953630745839, 51.487738138589883 ], [ -0.270998121137093, 51.487757651956201 ], [ -0.271047524473566, 51.487750668822223 ], [ -0.271124162954482, 51.48774756720065 ], [ -0.271131317287867, 51.487747303932863 ], [ -0.271135615782223, 51.487747142461757 ], [ -0.271192152659129, 51.487753964747611 ], [ -0.271250077233798, 51.487753802153449 ], [ -0.271266414529786, 51.48775600330071 ], [ -0.27129325648185, 51.487759618212671 ], [ -0.271313040016037, 51.48775791335386 ], [ -0.271483879116142, 51.487719235099711 ], [ -0.271537619485627, 51.487707068429096 ], [ -0.271827412315569, 51.487548597079062 ], [ -0.271859622667374, 51.487530987273253 ], [ -0.271879669691805, 51.48752002373562 ], [ -0.271885750832604, 51.487526048485222 ], [ -0.271889562159278, 51.487534962421783 ], [ -0.272025916569821, 51.487553067797805 ], [ -0.272119147896464, 51.487571039680212 ], [ -0.272518156534355, 51.487647959761155 ], [ -0.272611648836447, 51.487665972861699 ], [ -0.272654165336029, 51.487673891941355 ], [ -0.27266669966441, 51.487667907512986 ], [ -0.27278714724799, 51.487610302198021 ], [ -0.272766531588551, 51.487534198448401 ], [ -0.272755645181445, 51.487494057596003 ], [ -0.272754708940087, 51.487490626591907 ], [ -0.272754954495083, 51.487442959990375 ], [ -0.272757475455083, 51.487431135756431 ], [ -0.27276172759795, 51.487411234602348 ], [ -0.272762221040645, 51.48738635911095 ], [ -0.272762657012142, 51.487363766915038 ], [ -0.272763059218838, 51.487359793574043 ], [ -0.272764272913863, 51.487339681320165 ], [ -0.272764760580128, 51.487328681454855 ], [ -0.272767549768493, 51.487315476296281 ], [ -0.272767503079549, 51.487295174624713 ], [ -0.27276745576728, 51.487269171582213 ], [ -0.272745603392903, 51.487188787982888 ], [ -0.272741360747978, 51.48718480470761 ], [ -0.272738147053464, 51.487181798798801 ], [ -0.272736259150645, 51.48717686998998 ], [ -0.272733623366362, 51.4871700057355 ], [ -0.272715043883481, 51.487121558374803 ], [ -0.272715145942841, 51.487115426866751 ], [ -0.272715780865301, 51.487076515877035 ], [ -0.272716106816321, 51.487056835689998 ], [ -0.272724203053844, 51.487013727059498 ], [ -0.272723853703316, 51.486992858887902 ], [ -0.272692353712013, 51.486988258464805 ], [ -0.272188436239234, 51.486914628371629 ], [ -0.272172062972948, 51.486852225290633 ], [ -0.272098333476648, 51.486818612834405 ], [ -0.272065735453208, 51.486808771319119 ], [ -0.27206227924407, 51.486807038780583 ], [ -0.272029294975867, 51.486796746428134 ], [ -0.272049071475966, 51.486791214955758 ], [ -0.272179311913595, 51.486775147835324 ], [ -0.272288182476649, 51.486774566005259 ], [ -0.272342841400345, 51.486774264856798 ], [ -0.272358349055385, 51.486773980647442 ], [ -0.272291198946937, 51.486650169649693 ], [ -0.272234955045493, 51.486546456015276 ], [ -0.272235397746769, 51.486515689565003 ], [ -0.272255369932792, 51.486475633523703 ], [ -0.272257434627888, 51.486471500317748 ], [ -0.272331468087634, 51.486470000717013 ], [ -0.272337537159611, 51.48647100734825 ], [ -0.272343391317418, 51.486471983836175 ], [ -0.272385128558091, 51.48647892033469 ], [ -0.272435003012284, 51.486480581034456 ], [ -0.272448282959513, 51.486482871887638 ], [ -0.272501802407648, 51.48649213199635 ], [ -0.272567287877405, 51.486493096268283 ], [ -0.272580149475338, 51.486495785617223 ], [ -0.272598469768578, 51.486499625470593 ], [ -0.272707716599392, 51.486506602649904 ], [ -0.272725088424969, 51.486504286514666 ], [ -0.272744074497001, 51.486504611015093 ], [ -0.272800716691572, 51.486505561859865 ], [ -0.27281868925854, 51.486502975782059 ], [ -0.272887364852067, 51.486436280915854 ], [ -0.272890071303044, 51.486433649932636 ], [ -0.272902328596113, 51.486367320483858 ], [ -0.272900428276163, 51.486363101916318 ], [ -0.27284263809866, 51.486234716859137 ], [ -0.272834015624963, 51.486231910095249 ], [ -0.272796111913852, 51.486219544657665 ], [ -0.272754906189692, 51.486217948792493 ], [ -0.272732584765852, 51.486217080588112 ], [ -0.272718950067785, 51.486216556102676 ], [ -0.272690907655048, 51.486216143218762 ], [ -0.272661368112168, 51.486215708284519 ], [ -0.272587391469837, 51.486203899753384 ], [ -0.272579946574378, 51.486202711008076 ], [ -0.272562565895836, 51.486199928138198 ], [ -0.272475245746212, 51.486185989627693 ], [ -0.272449383554241, 51.486177433540007 ], [ -0.272401742058455, 51.486161669225197 ], [ -0.272389891936336, 51.486157753760622 ], [ -0.272355349544045, 51.486142622968252 ], [ -0.272322704154886, 51.486128329444149 ], [ -0.272304879327909, 51.486120531068757 ], [ -0.27224158400282, 51.486096694531156 ], [ -0.272216433447667, 51.486087223524699 ], [ -0.272205469975786, 51.486083096282421 ], [ -0.27217548485967, 51.486065109931957 ], [ -0.272080544427095, 51.486008145792937 ], [ -0.272067263417659, 51.486000171503655 ], [ -0.271967647607905, 51.485940395638025 ], [ -0.271959337791631, 51.485935417184365 ], [ -0.271903988066692, 51.485902201222345 ], [ -0.271891425314269, 51.485894660149206 ], [ -0.27186745442006, 51.485880278451269 ], [ -0.27185009349909, 51.485869357384161 ], [ -0.271751767999885, 51.485807469071602 ], [ -0.271502283809071, 51.485649667801738 ], [ -0.271221036630942, 51.485834783707794 ], [ -0.271140623088277, 51.4859063675135 ], [ -0.271131590843351, 51.485914399765825 ], [ -0.271134691372715, 51.485920011931903 ], [ -0.271127005953885, 51.485920995779644 ], [ -0.27072455462368, 51.485937518884242 ], [ -0.270688593912782, 51.485933589564397 ], [ -0.270669342443909, 51.485941048485252 ], [ -0.270553492214968, 51.485872614939176 ], [ -0.270481214560883, 51.485858186268516 ], [ -0.270285803278709, 51.485845638101011 ], [ -0.270280170842577, 51.485845276281566 ], [ -0.270279731071274, 51.485839388579173 ], [ -0.270278645470429, 51.485825065205383 ], [ -0.270286596499845, 51.485756918938854 ], [ -0.270155568488262, 51.485696417575063 ], [ -0.270071609605383, 51.485657644057 ], [ -0.270015127262082, 51.485642602701191 ], [ -0.269967620687254, 51.48563929425265 ], [ -0.26988788079058, 51.485745553959227 ], [ -0.269858269271711, 51.485771384899827 ], [ -0.269853950055867, 51.485775143093207 ], [ -0.269854569412269, 51.485782373356678 ], [ -0.269844027019966, 51.485817361306189 ], [ -0.269811351225272, 51.485869351738444 ], [ -0.269791549208413, 51.485885264516369 ], [ -0.269786825885419, 51.485889043725393 ], [ -0.269779807964217, 51.485912348190546 ], [ -0.269743313667081, 51.485968562806242 ], [ -0.269716581237685, 51.485986819367078 ], [ -0.269711095962507, 51.485990560356925 ], [ -0.269707863907771, 51.48601125881995 ], [ -0.269690888200709, 51.486051817263046 ], [ -0.269635345227521, 51.486108218508832 ], [ -0.269625654487409, 51.48611461325703 ], [ -0.269189303625207, 51.485977224796734 ], [ -0.26908949915813, 51.486129842012346 ], [ -0.269062162626659, 51.486171650357726 ], [ -0.269052028654137, 51.48618708516446 ], [ -0.268971473638487, 51.486309842803962 ], [ -0.268917270412774, 51.486392450192028 ], [ -0.268912439952412, 51.486399815868175 ], [ -0.268878337853952, 51.486451776003769 ], [ -0.268863449341037, 51.486474469676679 ], [ -0.26845294323576, 51.486360499129226 ], [ -0.268291609861677, 51.486325878973183 ], [ -0.268278965528892, 51.486323165381087 ], [ -0.268272734590268, 51.486310465653048 ], [ -0.268258909594946, 51.486282267333053 ], [ -0.268195665372281, 51.486289067489821 ], [ -0.268177428367842, 51.486283991699402 ], [ -0.268079541372421, 51.486256067758923 ], [ -0.268322019460103, 51.48588815003896 ], [ -0.268022699147138, 51.48586580918915 ], [ -0.26801140995371, 51.485864968080563 ], [ -0.267939244361815, 51.485851025177155 ], [ -0.267932248265803, 51.485848260056038 ], [ -0.267750409693495, 51.485776313688802 ], [ -0.267738432731854, 51.485771577556932 ], [ -0.267696154317198, 51.485746232407422 ], [ -0.267548799491463, 51.48565790660998 ], [ -0.267541123700392, 51.48565331490525 ], [ -0.267521038750646, 51.48562194857189 ], [ -0.267508392366409, 51.485602193730628 ], [ -0.267513083955826, 51.485595455543695 ], [ -0.267521430688729, 51.485583483629014 ], [ -0.267525034398806, 51.48557960703814 ], [ -0.267587162343896, 51.485497342057087 ], [ -0.26760792873443, 51.485443265397443 ], [ -0.26765886041382, 51.485377997602576 ], [ -0.267668334541152, 51.485369720334162 ], [ -0.267678241451592, 51.485361044784078 ], [ -0.267690553128009, 51.485347063081761 ], [ -0.267735215013902, 51.485284413973439 ], [ -0.267738592605068, 51.485279661746112 ], [ -0.267754019108291, 51.485264440072058 ], [ -0.267770254514773, 51.485242314959528 ], [ -0.267787398642314, 51.485223575520621 ], [ -0.26781310624722, 51.485195502201456 ], [ -0.267823804090256, 51.485183816772022 ], [ -0.267868197856312, 51.485146100385613 ], [ -0.267900742491546, 51.485111680227128 ], [ -0.267925085389763, 51.485095672912195 ], [ -0.26792882816171, 51.485093826213486 ], [ -0.267964924225125, 51.485089597472772 ], [ -0.267973710895037, 51.485087676855848 ], [ -0.267992316159173, 51.485083590065926 ], [ -0.268144995634184, 51.485066698487813 ], [ -0.268381923523929, 51.485007480782663 ], [ -0.268598244389555, 51.48477930064692 ], [ -0.268723656909469, 51.484803885036932 ], [ -0.268739855158086, 51.48480706469455 ], [ -0.268877734097297, 51.48487218309733 ], [ -0.268965856575458, 51.48491124374128 ], [ -0.268996858200177, 51.48485744827989 ], [ -0.269006580119433, 51.484859354297242 ], [ -0.269040362095211, 51.48478195806414 ], [ -0.269058352160565, 51.484750749086878 ], [ -0.269073413381211, 51.484732985929391 ], [ -0.269099737696292, 51.484666495689531 ], [ -0.269137131621772, 51.484572057613917 ], [ -0.269150415181647, 51.484544942797605 ], [ -0.269196356852491, 51.484451080450711 ], [ -0.269247807439956, 51.484345995546718 ], [ -0.269272861944101, 51.484294810078971 ], [ -0.26933136813708, 51.484175306031943 ], [ -0.269363681177985, 51.484109290765225 ], [ -0.269414116384968, 51.484006277111703 ], [ -0.269453141505971, 51.483926548060587 ], [ -0.269496599440143, 51.483837765763681 ], [ -0.269565653253924, 51.483696726153802 ], [ -0.269569447330924, 51.483688949447412 ], [ -0.269574207663629, 51.483679235570435 ], [ -0.269669733142626, 51.483469666047881 ], [ -0.269651016067649, 51.483463787500057 ], [ -0.269665570317232, 51.483434272192959 ], [ -0.269684150685474, 51.483438053414929 ], [ -0.269713559617124, 51.483392399417859 ], [ -0.269730054475667, 51.483366788593813 ], [ -0.26974757769701, 51.483315896371884 ], [ -0.269781974766354, 51.483216045671398 ], [ -0.269794772454858, 51.483178896585933 ], [ -0.269878599612361, 51.48300477456327 ], [ -0.269882429504276, 51.48299680952654 ], [ -0.269966710130665, 51.482821722907481 ], [ -0.269980047217621, 51.482789725598572 ], [ -0.269986920897886, 51.482773253353677 ], [ -0.270013910756631, 51.482708525980094 ], [ -0.270025188865961, 51.482681462292128 ], [ -0.270086438446957, 51.482563130822825 ], [ -0.270125531239739, 51.482487601762124 ], [ -0.270169812958491, 51.482402059350733 ], [ -0.270342631814863, 51.482501315405557 ], [ -0.270365164434318, 51.48245541596846 ], [ -0.27038538720883, 51.482414230635868 ], [ -0.270464169866071, 51.482235537426874 ], [ -0.27048398709457, 51.482091945805344 ], [ -0.270478056408675, 51.481921985572882 ], [ -0.270477084064884, 51.481893994833285 ], [ -0.270473461979381, 51.481800102222927 ], [ -0.270506853593996, 51.481760289059217 ], [ -0.270495612868227, 51.481755905747491 ], [ -0.270471541106628, 51.481749966372711 ], [ -0.270470069184624, 51.481711572662896 ], [ -0.270469308769562, 51.481704830388402 ], [ -0.270465122443609, 51.481702992604063 ], [ -0.27035015332346, 51.481652646855359 ], [ -0.270342304434177, 51.481649212811583 ], [ -0.270432455342279, 51.481646324367922 ], [ -0.270525042910705, 51.481643363864414 ], [ -0.270688935382634, 51.481638109119551 ], [ -0.270894168399894, 51.481631534540774 ], [ -0.270919085290695, 51.481630737235861 ], [ -0.271178469416857, 51.481626844262379 ], [ -0.271221700101599, 51.481626195377594 ], [ -0.271350708392517, 51.481616046168156 ], [ -0.271510599072179, 51.481603492152132 ], [ -0.27151944103355, 51.481602372438978 ], [ -0.271623532560572, 51.481589202946374 ], [ -0.271743079366518, 51.481574075814819 ], [ -0.271803207092269, 51.481566472459285 ], [ -0.271853566882446, 51.481560101069725 ], [ -0.271913636657126, 51.481552505796529 ], [ -0.272147331998734, 51.481522935692752 ], [ -0.272159990109829, 51.481521062791266 ], [ -0.272309149584656, 51.481499006175319 ], [ -0.272490519403329, 51.481472171933433 ], [ -0.272526277453857, 51.481466889180254 ], [ -0.2727003181882, 51.48144115171651 ], [ -0.272703543139472, 51.481443087675224 ], [ -0.272767831742321, 51.481481659848896 ], [ -0.27274710944877, 51.481479313395056 ], [ -0.272734282356932, 51.481479178491448 ], [ -0.272540308473149, 51.481498831163435 ], [ -0.272521011437174, 51.481503744810908 ], [ -0.272462065787122, 51.481528865810084 ], [ -0.272445016470027, 51.481738909913787 ], [ -0.272432157718447, 51.481897100646542 ], [ -0.272403577546469, 51.482025392814876 ], [ -0.27239051182539, 51.482041486249884 ], [ -0.272442050497675, 51.482091237656093 ], [ -0.272702749024713, 51.482222701360364 ], [ -0.272805329968315, 51.48226596498148 ], [ -0.272843829409131, 51.482292224051555 ], [ -0.272910640469223, 51.482315518649713 ], [ -0.272968398530734, 51.482332933576579 ], [ -0.272998471045783, 51.482356568556739 ], [ -0.273123280478604, 51.482454628137098 ], [ -0.273175081796005, 51.482486010924362 ], [ -0.273231788274346, 51.482524803962697 ], [ -0.273318799801007, 51.482562388362339 ], [ -0.273383369933883, 51.482603095616327 ], [ -0.273406319332949, 51.482615897317814 ], [ -0.273419218789191, 51.482621563746243 ], [ -0.273461160374855, 51.482651083680388 ], [ -0.27360522719067, 51.482719390422503 ], [ -0.273626606692294, 51.482729525113342 ], [ -0.273631063585551, 51.482731641044808 ], [ -0.273651672020912, 51.48274541543509 ], [ -0.273740654445704, 51.482795672311752 ], [ -0.273777399837689, 51.482811572609116 ], [ -0.273865159382834, 51.482861038021369 ], [ -0.273930480140424, 51.482891801058635 ], [ -0.273982527876161, 51.482930039578697 ], [ -0.274010081308357, 51.482946029380038 ], [ -0.274035729605952, 51.482958690811401 ], [ -0.274067205681838, 51.482977598001298 ], [ -0.274109575848172, 51.482990244642131 ], [ -0.274117038863507, 51.482992467729886 ], [ -0.274200295185991, 51.483023503472694 ], [ -0.274262587183073, 51.483052863864927 ], [ -0.274269106212863, 51.483056439952342 ], [ -0.274261453466286, 51.483121848451383 ], [ -0.274257117147854, 51.483158906675797 ], [ -0.274214841254441, 51.483298733312395 ], [ -0.274198612588802, 51.483328044701267 ], [ -0.274153761082159, 51.483376188453029 ], [ -0.274108481597372, 51.483409335000509 ], [ -0.27395848266874, 51.483463035972058 ], [ -0.273837151890697, 51.483490594043275 ], [ -0.273799280865176, 51.483512518633169 ], [ -0.273931018972828, 51.483553431540173 ], [ -0.274359674547825, 51.483686562291901 ], [ -0.274346897254636, 51.483702651191088 ], [ -0.27434338881066, 51.483707077964425 ], [ -0.274296568407639, 51.483750903270774 ], [ -0.274224756400766, 51.483802436387379 ], [ -0.274224491786389, 51.483815175200256 ], [ -0.274224404560323, 51.483819013814973 ], [ -0.274191175051453, 51.483846177625253 ], [ -0.274161707290196, 51.483863720499869 ], [ -0.274128676227261, 51.483885995054841 ], [ -0.273943303382034, 51.48401098191556 ], [ -0.273843717207134, 51.483722496383812 ], [ -0.273691431785438, 51.483825866211731 ], [ -0.273525545479676, 51.483871140312658 ], [ -0.273507907598728, 51.483875952614142 ], [ -0.27336226584131, 51.483883988843495 ], [ -0.273353389302298, 51.483884487684655 ], [ -0.273316538645679, 51.483882803229449 ], [ -0.273289153103552, 51.483885628524838 ], [ -0.273230346390045, 51.483926435062244 ], [ -0.273220066703211, 51.483933576822011 ], [ -0.273166307346298, 51.48397840541169 ], [ -0.273149834961257, 51.483995446886226 ], [ -0.273124683380716, 51.484021488177781 ], [ -0.273072530343973, 51.484016925548062 ], [ -0.27296823709935, 51.483999455192794 ], [ -0.272828034888751, 51.483975961538484 ], [ -0.272984705621394, 51.484061819125088 ], [ -0.273110759355262, 51.484093458528058 ], [ -0.273397128914666, 51.484277698246132 ], [ -0.273412174000544, 51.484287388976654 ], [ -0.273474571721092, 51.484327544206828 ], [ -0.273503613630128, 51.484346233968189 ], [ -0.273596853618776, 51.48440622946697 ], [ -0.273899000680091, 51.484582777555985 ], [ -0.273904680029745, 51.484586089493703 ], [ -0.273961217515798, 51.484619124154698 ], [ -0.273983962388138, 51.484632408266584 ], [ -0.27412691313627, 51.484715931168871 ], [ -0.274385956265265, 51.48486728481474 ], [ -0.27439249478665, 51.484871112956597 ], [ -0.274592211001426, 51.484987798951089 ], [ -0.274595973761999, 51.484989994551263 ], [ -0.274696894957924, 51.485048420494564 ], [ -0.274727227794373, 51.485065979665976 ], [ -0.274758927812816, 51.485084332306286 ], [ -0.275006764692382, 51.485227795033403 ], [ -0.275072885826468, 51.485266068916836 ], [ -0.275158063824003, 51.485315378202031 ], [ -0.275149004210903, 51.485313851134698 ], [ -0.275050666085019, 51.485297252574931 ], [ -0.274883865230261, 51.485283442116888 ], [ -0.274767031245778, 51.485273774474734 ], [ -0.274756421318637, 51.48534061394647 ], [ -0.274761766493749, 51.485439989778406 ], [ -0.27477159062313, 51.485472400005023 ], [ -0.27478777307051, 51.485505020640133 ], [ -0.274811557818496, 51.485552977684591 ], [ -0.274832322869328, 51.485580575843514 ], [ -0.274834434938048, 51.485583385641952 ], [ -0.274843708933633, 51.485612055807401 ], [ -0.274845421745452, 51.485626208502048 ], [ -0.274844430679622, 51.485655141378963 ], [ -0.27484359156685, 51.485680047767687 ], [ -0.274849669491039, 51.485692268276644 ], [ -0.274850858528169, 51.485695873842808 ], [ -0.27485220335043, 51.48569993133404 ], [ -0.2748574083487, 51.485784898813549 ], [ -0.27485837151331, 51.485800596218198 ], [ -0.274854108008396, 51.485834948524307 ], [ -0.274854481729711, 51.485845655313987 ], [ -0.274850356186923, 51.485864901939401 ], [ -0.274848258348415, 51.485874691101024 ], [ -0.274846649394382, 51.485882212302741 ], [ -0.274855222553064, 51.485907891084885 ], [ -0.274855398046198, 51.485915263170035 ], [ -0.27485492888118, 51.485964716032342 ], [ -0.274854775947381, 51.485980981548515 ], [ -0.274856059504937, 51.485984372679958 ], [ -0.274859797270222, 51.486009751042189 ], [ -0.274860656457776, 51.486015608921157 ], [ -0.27485891820034, 51.486050600870378 ], [ -0.274856073526357, 51.486059569708004 ], [ -0.274850155164211, 51.486078232422663 ], [ -0.274851268670579, 51.486088419522346 ], [ -0.274849814661092, 51.486157479936615 ], [ -0.274843990974598, 51.486178976738351 ], [ -0.274841395381754, 51.486188596711486 ], [ -0.27484721049256, 51.486220759126603 ], [ -0.274849344305934, 51.486232534949551 ], [ -0.274834856441094, 51.486271790788848 ], [ -0.274841798115574, 51.486310741260922 ], [ -0.274842927917468, 51.486317061746064 ], [ -0.274843504004572, 51.486382707813327 ], [ -0.27484358849711, 51.486392681941574 ], [ -0.274841721281998, 51.486396359469154 ], [ -0.274840995224958, 51.486403003377909 ], [ -0.274837506069476, 51.4864351548675 ], [ -0.274836845923882, 51.486441197235671 ], [ -0.274809048198839, 51.486454142592208 ], [ -0.274699557561, 51.486505139616412 ], [ -0.27466523769274, 51.486577925254842 ], [ -0.274650067097745, 51.48661007580273 ], [ -0.27473171653252, 51.486737282059124 ], [ -0.274732732307505, 51.48674128075583 ], [ -0.274692728041895, 51.486759738941231 ], [ -0.274682202317752, 51.486764611053665 ], [ -0.274671559354713, 51.486764193743397 ], [ -0.274573011780885, 51.48676031636726 ], [ -0.274427854099656, 51.486761014058906 ], [ -0.274311567167294, 51.486754690314925 ], [ -0.274311581118727, 51.486761569922876 ], [ -0.274305731046647, 51.486761627752401 ], [ -0.274301335955443, 51.486761680006133 ], [ -0.273900705213381, 51.486766064733672 ], [ -0.273771465700088, 51.486766514711299 ], [ -0.273761326754108, 51.486754086012738 ], [ -0.273757736955302, 51.48674997749027 ], [ -0.273685663692806, 51.48675448341686 ], [ -0.273333957884624, 51.48675631279599 ], [ -0.273259425562331, 51.486757661806472 ], [ -0.273259664535792, 51.486773069792051 ], [ -0.273259765451132, 51.486781074766427 ], [ -0.273260855625137, 51.486870037451908 ], [ -0.273261614326416, 51.486932313963763 ], [ -0.273262883785036, 51.487035595638773 ], [ -0.273263310877305, 51.487070808282439 ], [ -0.273264687498945, 51.487182310845377 ], [ -0.273265066713431, 51.487213071405122 ], [ -0.273266179094577, 51.487303734028558 ], [ -0.273267001360727, 51.487371191257346 ], [ -0.273267681896416, 51.487426767064633 ], [ -0.273268056900585, 51.487457257780704 ], [ -0.273268667351761, 51.487506681560319 ], [ -0.273269952906487, 51.487611824948225 ], [ -0.273270258641393, 51.487636523355945 ], [ -0.273277356684107, 51.487661771370554 ], [ -0.273282957004891, 51.487681673672135 ], [ -0.273296076737595, 51.487699083265156 ], [ -0.273339522311704, 51.487709484261273 ], [ -0.27341332937033, 51.487718987679351 ], [ -0.273497198979897, 51.487729790201342 ], [ -0.273533019176198, 51.487734813689556 ], [ -0.273544496036705, 51.487736421415335 ], [ -0.273554296716111, 51.487737788648708 ], [ -0.27364047981386, 51.487749884088942 ], [ -0.273641088437892, 51.487778390856029 ], [ -0.273646817997792, 51.487781145995307 ], [ -0.273641419205011, 51.487793278612926 ], [ -0.273643602341552, 51.487894892079169 ], [ -0.273643778696527, 51.487902808234772 ], [ -0.273644162252553, 51.487920493492361 ], [ -0.273646081331459, 51.48800964820601 ], [ -0.273646431126415, 51.48802593910073 ], [ -0.273650941714766, 51.488235642878386 ], [ -0.273644831581404, 51.488397421237629 ], [ -0.273999141922251, 51.488467327830264 ], [ -0.274040848331952, 51.488544981717368 ], [ -0.27399992698652, 51.488536942732445 ], [ -0.273972017980831, 51.488531433274815 ], [ -0.273898678076212, 51.488516959641039 ], [ -0.273891093318366, 51.488515458676162 ], [ -0.273881986054777, 51.488513652040332 ], [ -0.273873836211124, 51.488512048336936 ], [ -0.273771693929566, 51.488491885626132 ], [ -0.273622198403042, 51.488462366057519 ], [ -0.273615092372197, 51.488460966542526 ], [ -0.273460292050884, 51.488430415478938 ], [ -0.273336732345801, 51.488406025371077 ], [ -0.273107614174479, 51.488360792068804 ], [ -0.273011792220708, 51.488341872789547 ], [ -0.272927147870987, 51.488333630428038 ], [ -0.272639245133063, 51.488305601594291 ], [ -0.272546520860984, 51.488296579026866 ], [ -0.272531064787986, 51.488295065486525 ], [ -0.272469353637732, 51.488289066926953 ], [ -0.272444425670892, 51.488286631534578 ], [ -0.272401185303661, 51.488282415700688 ], [ -0.272340268729012, 51.488276660785047 ], [ -0.272089545945757, 51.488252080058501 ], [ -0.272073185666578, 51.488250481198477 ], [ -0.2717776920989, 51.488221713447672 ], [ -0.271751214186494, 51.488219129177239 ], [ -0.27169766948989, 51.48821391597243 ], [ -0.271525238584777, 51.488197131194362 ], [ -0.271517890890668, 51.488196411435091 ], [ -0.27140534809848, 51.488185454800387 ], [ -0.27139998061204, 51.488184935071899 ], [ -0.271228146956576, 51.488166836731104 ], [ -0.271174934057728, 51.488161232498051 ], [ -0.271121563495426, 51.488155607931972 ], [ -0.271012885060104, 51.488144168306661 ], [ -0.270873934993802, 51.488129530650092 ], [ -0.270799216250628, 51.488121657857441 ], [ -0.270775113468884, 51.488119117367049 ], [ -0.270480154981355, 51.488088052095364 ], [ -0.270432638124971, 51.488083044080184 ], [ -0.270346800687539, 51.488073999897004 ], [ -0.270218244850197, 51.488050079581768 ], [ -0.270221051557586, 51.48804320738887 ], [ -0.270234009923543, 51.488025458045939 ], [ -0.270259197182552, 51.487990964773751 ], [ -0.270277739019288, 51.487952039041339 ] ] ] } },
{ "type": "Feature", "properties": { "lsoa21cd": "E01002581", "lsoa21nm": "Hounslow 008D", "msoa21cd": "E02000533", "msoa21nm": "Hounslow 008", "lad22cd": "E09000018", "lad22nm": "Hounslow", "index_right": 85, "GSS_CODE": "E05000365", "risk_score": 0.0013220426904579521, "allocation_hours": 0.013486198526679379, "patrol_units": 0 }, "geometry": { "type": "Polygon", "coordinates": [ [ [ -0.278131107981113, 51.489692678031872 ], [ -0.277858739678612, 51.489606064490907 ], [ -0.277491901543712, 51.489489412644112 ], [ -0.277103124111911, 51.489365773872969 ], [ -0.276766797142544, 51.489257981355586 ], [ -0.276857140720301, 51.489187478427162 ], [ -0.276987590300726, 51.48908728251871 ], [ -0.277145373623745, 51.488905443181963 ], [ -0.277170325503195, 51.488876686820376 ], [ -0.277330562518788, 51.48869200111514 ], [ -0.277419955545174, 51.488667154011409 ], [ -0.27747372819815, 51.488652206359419 ], [ -0.277497899377008, 51.488646068539111 ], [ -0.277483199562334, 51.488597723899289 ], [ -0.27748640027961, 51.488512790089445 ], [ -0.277491667034209, 51.488373031277611 ], [ -0.277494715297205, 51.488292141931439 ], [ -0.277498480127884, 51.488286648725911 ], [ -0.277525201100967, 51.488247626143227 ], [ -0.277525878477742, 51.488229650732379 ], [ -0.277526295402797, 51.488218586866942 ], [ -0.277528999482151, 51.488146829026029 ], [ -0.277531974837087, 51.488067872031827 ], [ -0.277532696491292, 51.488065157845746 ], [ -0.276842810456483, 51.488022059645687 ], [ -0.276844434344991, 51.488003819366192 ], [ -0.276855586449972, 51.487945269966026 ], [ -0.276860990661178, 51.487916923483716 ], [ -0.276873145749018, 51.487853164066308 ], [ -0.276885464205554, 51.487793094045266 ], [ -0.276896021501026, 51.487741532208034 ], [ -0.276901421747756, 51.487715200025178 ], [ -0.27691375858723, 51.487655022358055 ], [ -0.276921130139767, 51.487627253320753 ], [ -0.276946078449282, 51.487533196608453 ], [ -0.276952892484286, 51.487507568630861 ], [ -0.276965805628865, 51.487458847102566 ], [ -0.276979905630261, 51.487412265276312 ], [ -0.277003714378203, 51.487333569295721 ], [ -0.277030008147371, 51.487246645533197 ], [ -0.277054655582328, 51.487165183120339 ], [ -0.277082855619874, 51.48708844007659 ], [ -0.277087735678999, 51.487075139630093 ], [ -0.277091921461167, 51.487076819785052 ], [ -0.277814028137048, 51.487366150522959 ], [ -0.277816217723274, 51.487356587477109 ], [ -0.27782313060445, 51.48732641060618 ], [ -0.277795007841168, 51.487311672429847 ], [ -0.277848175514673, 51.487217157497525 ], [ -0.277898888453585, 51.48712700392764 ], [ -0.277923851281769, 51.487042861653244 ], [ -0.278019113541277, 51.486955794478199 ], [ -0.277919905531207, 51.486904051185419 ], [ -0.277472929217227, 51.486670900618599 ], [ -0.277465640250299, 51.48666709760424 ], [ -0.277493506419441, 51.486644674340866 ], [ -0.277519991092955, 51.486623363864958 ], [ -0.277585399234765, 51.486607274074096 ], [ -0.278011953771878, 51.486502350414092 ], [ -0.278095192690843, 51.48646983164879 ], [ -0.278136127694287, 51.486399471227671 ], [ -0.278162434559908, 51.486358778772555 ], [ -0.278197580592011, 51.486318207048626 ], [ -0.278294557967752, 51.486307157465433 ], [ -0.278303400851004, 51.486304886196237 ], [ -0.27856154089, 51.486238711263915 ], [ -0.278591503268353, 51.486233656387547 ], [ -0.278631105346901, 51.486226971389101 ], [ -0.278683376428842, 51.486218152152894 ], [ -0.279047434394574, 51.486191110598782 ], [ -0.279426758044755, 51.486066145704712 ], [ -0.279535111306332, 51.485988176551629 ], [ -0.279692635111477, 51.486008247118264 ], [ -0.279676257428476, 51.486001001658749 ], [ -0.27964132035335, 51.485985543500711 ], [ -0.27958509150282, 51.485948748208926 ], [ -0.279578607711965, 51.485943833048722 ], [ -0.279567950100082, 51.485935772190111 ], [ -0.279422922277915, 51.485825562250106 ], [ -0.279412602091956, 51.485817722149996 ], [ -0.279328178242775, 51.485753589127491 ], [ -0.279323487048169, 51.485750031161523 ], [ -0.279276157151599, 51.485714076660877 ], [ -0.27925148401374, 51.48569533372654 ], [ -0.279235016523646, 51.485682826169032 ], [ -0.279146268617761, 51.485630266115045 ], [ -0.279016083940562, 51.485553186595091 ], [ -0.279008137541334, 51.485548483756027 ], [ -0.278946539791826, 51.485512005067186 ], [ -0.278939142980932, 51.485507625029832 ], [ -0.278919990248833, 51.485492991731348 ], [ -0.278894271228583, 51.485473343100772 ], [ -0.278818094559543, 51.485415139965085 ], [ -0.278771136975888, 51.485379262658782 ], [ -0.278597688064164, 51.485180506398926 ], [ -0.278559786600844, 51.485137082138166 ], [ -0.278528913501351, 51.485101701536486 ], [ -0.278508796355564, 51.48507864585936 ], [ -0.278481021392643, 51.485051260237427 ], [ -0.27846196822948, 51.485036286600618 ], [ -0.2784529871558, 51.485029230442187 ], [ -0.278423274606232, 51.485005872072129 ], [ -0.278488363964215, 51.484936216695395 ], [ -0.278544522848191, 51.484876133342254 ], [ -0.278703439441692, 51.484706093429423 ], [ -0.278771873729967, 51.484632880909231 ], [ -0.278974930642127, 51.484430017484435 ], [ -0.279408325754137, 51.483997293506583 ], [ -0.27947388320846, 51.484028016273633 ], [ -0.27977067312547, 51.484168715665071 ], [ -0.279775767019378, 51.484171137449032 ], [ -0.279796494027396, 51.484187178568995 ], [ -0.279828683115819, 51.484212092669623 ], [ -0.279857886826854, 51.484229840783719 ], [ -0.279877966232992, 51.484242041510939 ], [ -0.279916661998629, 51.484257096092804 ], [ -0.279975998557254, 51.484280151027988 ], [ -0.280086835353429, 51.484301029362548 ], [ -0.280243052731308, 51.484312033431564 ], [ -0.280381640677957, 51.484331088113905 ], [ -0.280407003110316, 51.484334562354654 ], [ -0.280419784585568, 51.484336314431566 ], [ -0.280446794330344, 51.484340028634151 ], [ -0.280535447421378, 51.484359470782664 ], [ -0.280607934672828, 51.484380600366997 ], [ -0.280667856267855, 51.484398070076175 ], [ -0.280677687115339, 51.484401685329239 ], [ -0.28072161399098, 51.484417823488641 ], [ -0.280729044205794, 51.484420549250657 ], [ -0.28078635374784, 51.48444160466844 ], [ -0.280794742619446, 51.484444690693294 ], [ -0.280812624975084, 51.484453086631802 ], [ -0.280833283734639, 51.484462912623094 ], [ -0.280861838705451, 51.484476478373139 ], [ -0.280976821557585, 51.484531139167778 ], [ -0.28100101797331, 51.484542644641834 ], [ -0.281004795880815, 51.484544444579086 ], [ -0.281015394413027, 51.484549478406691 ], [ -0.281029275479905, 51.484556080094173 ], [ -0.281044883173867, 51.484563493939021 ], [ -0.28105534029924, 51.484568458245867 ], [ -0.281094507502372, 51.484587080443681 ], [ -0.281309461271649, 51.48468926615584 ], [ -0.281313027332225, 51.484690955067236 ], [ -0.281345770547168, 51.484706524475008 ], [ -0.281378655370141, 51.484722158896723 ], [ -0.281393159282802, 51.484729052934334 ], [ -0.281506714169788, 51.484783035816051 ], [ -0.281522590796353, 51.484790579433231 ], [ -0.281645980670091, 51.48484922956235 ], [ -0.281658093102873, 51.484854991430851 ], [ -0.281781709256713, 51.484913761633976 ], [ -0.281813250148256, 51.484928755753423 ], [ -0.281826324941557, 51.484934972340199 ], [ -0.281863342544309, 51.484952555614207 ], [ -0.281870969458316, 51.484956183451423 ], [ -0.281879346481052, 51.484960163995559 ], [ -0.281889930642766, 51.484965202028683 ], [ -0.282105935665934, 51.48506786927171 ], [ -0.282122661204745, 51.485079274103505 ], [ -0.282226976125376, 51.485150368928288 ], [ -0.282242508187432, 51.485160955918843 ], [ -0.282306925521158, 51.48520486613139 ], [ -0.28241110401494, 51.485356659078441 ], [ -0.282430303375373, 51.485384646610079 ], [ -0.282494894817586, 51.485478756388687 ], [ -0.282536694175535, 51.485539682212483 ], [ -0.282576063293866, 51.485597056306375 ], [ -0.28258392923486, 51.485608511224171 ], [ -0.282585991170161, 51.485611517985511 ], [ -0.282592545730872, 51.485621074235532 ], [ -0.282595823349899, 51.485625843372674 ], [ -0.282600848550728, 51.485630485217342 ], [ -0.282604842935499, 51.485634194718507 ], [ -0.282649416172556, 51.485675350239411 ], [ -0.28269776166603, 51.485719996164754 ], [ -0.282703844811152, 51.485725615707771 ], [ -0.282712851391089, 51.485733930883896 ], [ -0.28272280552475, 51.485740794123387 ], [ -0.282749129431976, 51.485758957974113 ], [ -0.282773494997961, 51.485775766733433 ], [ -0.282782726016975, 51.485782133778471 ], [ -0.282791130558905, 51.485787688377002 ], [ -0.282837648643878, 51.485811970556242 ], [ -0.282852749385093, 51.485819862339525 ], [ -0.282870326147848, 51.485827790361981 ], [ -0.282943198326069, 51.48586061908992 ], [ -0.283048943379795, 51.48590829018471 ], [ -0.283085542094612, 51.485924787812181 ], [ -0.283121517899174, 51.485940997539004 ], [ -0.283127792479458, 51.485943823138811 ], [ -0.283160468173989, 51.485958545729424 ], [ -0.283337018102661, 51.486038124577966 ], [ -0.283356040088313, 51.486046694168778 ], [ -0.283393432012364, 51.486063554019744 ], [ -0.283469958244764, 51.486098054564188 ], [ -0.283488385792727, 51.486106345655294 ], [ -0.283599769627718, 51.486156544757186 ], [ -0.283622573232334, 51.486166824283529 ], [ -0.283968581145089, 51.486322774088151 ], [ -0.28403791233557, 51.486344840054336 ], [ -0.28407050717881, 51.486355208750432 ], [ -0.284412737853439, 51.486464124248144 ], [ -0.284419626757309, 51.486466320281572 ], [ -0.284433461812383, 51.486470722177025 ], [ -0.284527588394119, 51.48650067730965 ], [ -0.284625144998289, 51.486531734661845 ], [ -0.284638482315436, 51.486535967386899 ], [ -0.284678478537138, 51.4865487012936 ], [ -0.284749366050915, 51.48656385623898 ], [ -0.284849302885949, 51.486585227123612 ], [ -0.285381338889067, 51.486699000373662 ], [ -0.28539006962266, 51.486700863553352 ], [ -0.285579893504102, 51.486741845611668 ], [ -0.285688539595343, 51.486764675665285 ], [ -0.285783313425303, 51.486782786812086 ], [ -0.286133664688354, 51.486849720897247 ], [ -0.286216469114915, 51.486865534576481 ], [ -0.286666487913799, 51.486951494598337 ], [ -0.286697993743434, 51.486957512161368 ], [ -0.286777222850628, 51.486972652742324 ], [ -0.286906180118534, 51.48699069560913 ], [ -0.287088320414136, 51.487006700103187 ], [ -0.287229417096184, 51.487013679002693 ], [ -0.287256069296584, 51.487013537517711 ], [ -0.287287389121546, 51.48701337423865 ], [ -0.28740732385464, 51.48701274194292 ], [ -0.287427501868702, 51.487012823355741 ], [ -0.287437264897216, 51.48719624293124 ], [ -0.287442284122686, 51.487290640390285 ], [ -0.28744454584878, 51.487447605515179 ], [ -0.287446044419926, 51.487551662771963 ], [ -0.287446259039736, 51.487565541605413 ], [ -0.287446440320164, 51.487578772479445 ], [ -0.287448478008419, 51.487720841555202 ], [ -0.287450422403382, 51.487854636003618 ], [ -0.287452445351863, 51.48789906237684 ], [ -0.287453936212713, 51.487931547701166 ], [ -0.287455347766724, 51.487962305273832 ], [ -0.287457587052027, 51.488011145711958 ], [ -0.287463779486109, 51.488145932904814 ], [ -0.287466057133905, 51.488195479826615 ], [ -0.287467290044443, 51.488222547793178 ], [ -0.287470235174742, 51.488286573673356 ], [ -0.287472346017226, 51.488317890004971 ], [ -0.28747267672081, 51.488322903752746 ], [ -0.287479469961806, 51.488424548209466 ], [ -0.287477972405391, 51.488461827969353 ], [ -0.287474739712716, 51.48854195947937 ], [ -0.287473275331227, 51.488577969057623 ], [ -0.287475090788587, 51.488587566462378 ], [ -0.287477419669773, 51.488598992378279 ], [ -0.287477728664071, 51.488600510355965 ], [ -0.287478048729374, 51.4886020788542 ], [ -0.287478524579978, 51.488604410406772 ], [ -0.28749530779506, 51.488686547188379 ], [ -0.287533431955751, 51.488798531913474 ], [ -0.287541575874643, 51.488852211160406 ], [ -0.287546540987468, 51.488885007978752 ], [ -0.287549853844762, 51.488906926520826 ], [ -0.287550346315571, 51.488910160281023 ], [ -0.287531492118732, 51.488982565677581 ], [ -0.287480433316902, 51.489035497664254 ], [ -0.2873959532866, 51.489128489730042 ], [ -0.287384189138539, 51.489141447305201 ], [ -0.287290277791862, 51.489200120456957 ], [ -0.287195215319196, 51.489259523116708 ], [ -0.287141887852455, 51.48928994913301 ], [ -0.287115643825816, 51.48930491646464 ], [ -0.287092791015727, 51.489313953174914 ], [ -0.287053061494705, 51.489305936163532 ], [ -0.287021767017125, 51.489299616016368 ], [ -0.286814514939109, 51.489257750406949 ], [ -0.286420869559589, 51.489178243569953 ], [ -0.286264192688546, 51.489130991678451 ], [ -0.286004204407352, 51.489045036601354 ], [ -0.285731227532282, 51.488954772525922 ], [ -0.285569399143817, 51.488901275473005 ], [ -0.285459048163722, 51.488864780266624 ], [ -0.28544450729939, 51.488859972508358 ], [ -0.28545274407622, 51.48883104655436 ], [ -0.285455653633615, 51.488820873400556 ], [ -0.285462868814845, 51.48879556555498 ], [ -0.28549937142007, 51.488665327572733 ], [ -0.285547767017276, 51.488655414459167 ], [ -0.285541765968228, 51.48864797075813 ], [ -0.285513906792897, 51.488613445441224 ], [ -0.285429476052202, 51.488508813833143 ], [ -0.284911350070031, 51.488437977189136 ], [ -0.284904070144788, 51.488436980491258 ], [ -0.284903801032479, 51.488426877787894 ], [ -0.284902956577444, 51.488396407267018 ], [ -0.284901571306551, 51.488345416557678 ], [ -0.284904474329748, 51.48834175401592 ], [ -0.284899635126786, 51.488275326353865 ], [ -0.284896423863794, 51.488157835123872 ], [ -0.284890611274596, 51.488151131541848 ], [ -0.284889758307367, 51.488139698379648 ], [ -0.284890095546333, 51.488130710638686 ], [ -0.284873323781352, 51.488131238814958 ], [ -0.284862695245148, 51.48813157802762 ], [ -0.284842433532549, 51.488132217045916 ], [ -0.284738673226426, 51.488135493143716 ], [ -0.284652175159445, 51.488138221200892 ], [ -0.284651989738678, 51.488133182593799 ], [ -0.284647273387139, 51.488008987789414 ], [ -0.284581907520153, 51.487939525855559 ], [ -0.284536938055606, 51.487946053448269 ], [ -0.284528291961865, 51.48794730290026 ], [ -0.284443974956345, 51.487942203099429 ], [ -0.284428859106404, 51.487938142185826 ], [ -0.284409964044811, 51.487933072781935 ], [ -0.284339676832409, 51.487936793049002 ], [ -0.28429264602673, 51.487930313977216 ], [ -0.284286197798885, 51.487929419327301 ], [ -0.284275454682276, 51.487926672324306 ], [ -0.284255095287755, 51.487921473567958 ], [ -0.284229116669422, 51.48791171427623 ], [ -0.284127262134525, 51.487896465819674 ], [ -0.284114865959497, 51.487894396052837 ], [ -0.284090378000445, 51.487883682827501 ], [ -0.284125493586209, 51.4877762798654 ], [ -0.284122038975034, 51.487737884583211 ], [ -0.284096684145429, 51.487666579541091 ], [ -0.28400845502432, 51.487580766922747 ], [ -0.284012374336174, 51.487578809891495 ], [ -0.284021167593621, 51.487574406202164 ], [ -0.284115911094071, 51.487496656440008 ], [ -0.284165594168335, 51.48745587291765 ], [ -0.284204737622419, 51.487464098172296 ], [ -0.284450615986052, 51.487515795756615 ], [ -0.284478383315586, 51.487521642366353 ], [ -0.284540135392569, 51.48753462250518 ], [ -0.284577979686846, 51.487235872753729 ], [ -0.284499443741463, 51.487233357480058 ], [ -0.284340559009527, 51.487228273285432 ], [ -0.284060064789838, 51.487219305928015 ], [ -0.283962604612337, 51.487217880383255 ], [ -0.283944897668098, 51.487217621376033 ], [ -0.283887314111427, 51.487216779057654 ], [ -0.283837007123967, 51.48721394786309 ], [ -0.283785967302835, 51.487211069955663 ], [ -0.283629219055099, 51.487278748794573 ], [ -0.283749024792915, 51.487552799662161 ], [ -0.28376371747966, 51.487574264289179 ], [ -0.283755523093225, 51.487578829595691 ], [ -0.283745739516163, 51.487584288905765 ], [ -0.283664962940144, 51.487618799102954 ], [ -0.283600842637109, 51.487669658811534 ], [ -0.283579892404714, 51.487692858247499 ], [ -0.28354436774613, 51.487752050744191 ], [ -0.283523768073928, 51.487819230369226 ], [ -0.283531026849344, 51.487851089700456 ], [ -0.283543201081821, 51.487875179337841 ], [ -0.283546137488768, 51.487880986603273 ], [ -0.283492104864306, 51.487912524706829 ], [ -0.283479336554738, 51.487919981661051 ], [ -0.283438446551188, 51.487937161889761 ], [ -0.283399215470673, 51.487960796138907 ], [ -0.283348422608325, 51.48801268703648 ], [ -0.283339343269354, 51.488027005407801 ], [ -0.283334306525556, 51.48803493518588 ], [ -0.283333288938067, 51.488039785331878 ], [ -0.283333875262859, 51.488046034826283 ], [ -0.283170453130317, 51.488087284857166 ], [ -0.283002275894468, 51.48812972404253 ], [ -0.282958577513881, 51.488140747985469 ], [ -0.28294651190733, 51.488144640579243 ], [ -0.282900236829326, 51.488159838056923 ], [ -0.282885989268855, 51.48818231983676 ], [ -0.282849903738552, 51.488178572290366 ], [ -0.28278553889499, 51.488171865876836 ], [ -0.28277100268349, 51.488167714314159 ], [ -0.282735673152096, 51.488157646956388 ], [ -0.2826452335109, 51.488131863018928 ], [ -0.282566023329833, 51.488109300910729 ], [ -0.282536152910277, 51.488100770222218 ], [ -0.282478740885064, 51.488084408373709 ], [ -0.282472280989641, 51.488079799478975 ], [ -0.282459921914572, 51.488079043010522 ], [ -0.282410526721561, 51.488064956736849 ], [ -0.282386513059124, 51.488058112451576 ], [ -0.28224454638506, 51.488030521655325 ], [ -0.282226614891116, 51.488027030732241 ], [ -0.282116679208768, 51.488005673080401 ], [ -0.282084926943119, 51.487999502275052 ], [ -0.282043330750835, 51.48799119093669 ], [ -0.281999825360239, 51.487982514399853 ], [ -0.281956878056769, 51.487973935946378 ], [ -0.281911399887305, 51.487964861786722 ], [ -0.281884779461331, 51.487959543947738 ], [ -0.281843175976391, 51.487951236927458 ], [ -0.28183648919893, 51.487949025718464 ], [ -0.281786267252943, 51.487932418115449 ], [ -0.281775312329114, 51.487928795491001 ], [ -0.281729358914707, 51.487913590288485 ], [ -0.281684584247459, 51.487897682918572 ], [ -0.281628537792822, 51.487877770559614 ], [ -0.281592902626658, 51.487865117480226 ], [ -0.281560622379101, 51.487853646609111 ], [ -0.281544574653282, 51.487847943997991 ], [ -0.281540531109349, 51.487846688742636 ], [ -0.281499977032745, 51.48783403552396 ], [ -0.281302545015597, 51.487772457114133 ], [ -0.281296290162152, 51.48778557572011 ], [ -0.281282109619606, 51.487815259625577 ], [ -0.281220773390582, 51.487943693675867 ], [ -0.281212220777662, 51.487961607679907 ], [ -0.281130477893241, 51.488049707318964 ], [ -0.281108544764084, 51.488073342450903 ], [ -0.281073760911298, 51.488110826857202 ], [ -0.281203086092925, 51.488146309288062 ], [ -0.281220065690763, 51.488159408583854 ], [ -0.281175177336277, 51.488205512839322 ], [ -0.281128303702194, 51.488192560073998 ], [ -0.281100378995247, 51.488279379877724 ], [ -0.281098943812303, 51.48828383720187 ], [ -0.28107936935824, 51.488344718574027 ], [ -0.281077760740374, 51.48834919134206 ], [ -0.281063283164964, 51.488389446253137 ], [ -0.281056258782576, 51.488405404248482 ], [ -0.281031787022479, 51.488460917171281 ], [ -0.28101813945092, 51.488491930775922 ], [ -0.281000290102961, 51.488532406054588 ], [ -0.280999740838667, 51.488547011102327 ], [ -0.280998262047884, 51.48858633238445 ], [ -0.28099996468558, 51.488592382424123 ], [ -0.281001350005318, 51.488597294737303 ], [ -0.280995976128616, 51.488597323908635 ], [ -0.280896995792428, 51.488597941869571 ], [ -0.280849537192716, 51.488598235625496 ], [ -0.280575825215991, 51.488586436734415 ], [ -0.280554550311545, 51.488606727142738 ], [ -0.280505251967949, 51.488613423557879 ], [ -0.280371488444109, 51.488638845642342 ], [ -0.280338032890491, 51.48864520766913 ], [ -0.280346201341196, 51.488657809235804 ], [ -0.280555939151921, 51.488981436270429 ], [ -0.280691317515156, 51.489013437876302 ], [ -0.28073842973408, 51.489108911083008 ], [ -0.280736289961123, 51.48911180234429 ], [ -0.280776564156657, 51.489123687341475 ], [ -0.280803070498817, 51.489133967712647 ], [ -0.280822549309856, 51.489141519236163 ], [ -0.280848288911642, 51.489151505091975 ], [ -0.280915982956657, 51.489177725988348 ], [ -0.280906732146047, 51.489186619078723 ], [ -0.280866243322566, 51.48922562951406 ], [ -0.28092675964905, 51.489233584519923 ], [ -0.280873506862398, 51.489377190556141 ], [ -0.280975688172095, 51.489447005162319 ], [ -0.281058544454911, 51.489482966882314 ], [ -0.281064865477244, 51.489517123742253 ], [ -0.281085508891408, 51.489563423726189 ], [ -0.281086877496517, 51.489566483301935 ], [ -0.281127126706549, 51.489628456996478 ], [ -0.281076566366652, 51.489647616995725 ], [ -0.281061619517957, 51.489652460872371 ], [ -0.280970758812934, 51.489708673672439 ], [ -0.280827694456577, 51.489760704214724 ], [ -0.280790683851262, 51.489766969314765 ], [ -0.280665452081602, 51.489766536939122 ], [ -0.280637531933766, 51.489762431771219 ], [ -0.280572740261418, 51.489741365591762 ], [ -0.280537860802158, 51.489730036206851 ], [ -0.28047082024994, 51.489708253567002 ], [ -0.280443930876163, 51.489725377176782 ], [ -0.280388085007378, 51.489845195334915 ], [ -0.280342220112723, 51.489943604329582 ], [ -0.280338014398382, 51.489948569586531 ], [ -0.280331849601024, 51.489967318872729 ], [ -0.280323872307205, 51.489997295921029 ], [ -0.280320162283757, 51.490002677609851 ], [ -0.28031471546843, 51.490019189251107 ], [ -0.280309886063343, 51.490033839466271 ], [ -0.280350225581826, 51.490060086860893 ], [ -0.280248974914935, 51.49044828218198 ], [ -0.280225123702445, 51.490539693780505 ], [ -0.280213946603864, 51.490582541887555 ], [ -0.280174274222562, 51.490564586481021 ], [ -0.27977776301184, 51.490385169673303 ], [ -0.279762537053377, 51.490378282847502 ], [ -0.279698985371307, 51.490349518657638 ], [ -0.279531307663127, 51.490271611282139 ], [ -0.279500874207093, 51.490258116607144 ], [ -0.279319236929034, 51.490177585175068 ], [ -0.279303835488452, 51.490171154341375 ], [ -0.279289313794889, 51.49016507813046 ], [ -0.279201530261607, 51.490128377433578 ], [ -0.279176244550519, 51.490117808856013 ], [ -0.279162148026255, 51.490111918718938 ], [ -0.278958048797881, 51.490026578893072 ], [ -0.278949070697259, 51.490022859109082 ], [ -0.278931979502234, 51.490015782942912 ], [ -0.278849899259323, 51.489981800499692 ], [ -0.27882831168739, 51.489972868810916 ], [ -0.278586170827806, 51.489872617909818 ], [ -0.278441958350894, 51.489812777816816 ], [ -0.278405820349873, 51.489797778300982 ], [ -0.27838190812465, 51.489787850199477 ], [ -0.278337118546336, 51.489769261522547 ], [ -0.278321134230324, 51.489762633158044 ], [ -0.278281651386648, 51.489748097099515 ], [ -0.278131107981113, 51.489692678031872 ] ] ] } },
{ "type": "Feature", "properties": { "lsoa21cd": "E01002577", "lsoa21nm": "Hounslow 007C", "msoa21cd": "E02000532", "msoa21nm": "Hounslow 007", "lad22cd": "E09000018", "lad22nm": "Hounslow", "index_right": 85, "GSS_CODE": "E05000365", "risk_score": 0.00066588870283304361, "allocation_hours": 0.0067927513293603841, "patrol_units": 0 }, "geometry": { "type": "Polygon", "coordinates": [ [ [ -0.26771659244554, 51.487643947525385 ], [ -0.267609987123664, 51.48763525122888 ], [ -0.267522049486493, 51.48762807148924 ], [ -0.267427841768008, 51.487623667757319 ], [ -0.267410602224788, 51.487622855623187 ], [ -0.26730729317978, 51.487618020629505 ], [ -0.267259521086921, 51.487617108260942 ], [ -0.267188920538172, 51.487615768780827 ], [ -0.267182457810369, 51.487615646350612 ], [ -0.267160716769685, 51.487615145386911 ], [ -0.266939335539953, 51.487611039089842 ], [ -0.266810024445141, 51.487611601857608 ], [ -0.266505258529391, 51.487612935456127 ], [ -0.266491860482407, 51.487612998281186 ], [ -0.266487192810902, 51.487613019240513 ], [ -0.266023352114364, 51.487615049573712 ], [ -0.26581786008446, 51.487615951109518 ], [ -0.265628301820949, 51.487616773089705 ], [ -0.265517992519474, 51.487617255624862 ], [ -0.265468737239514, 51.487617471663086 ], [ -0.265454964900097, 51.487617528835976 ], [ -0.265393132478781, 51.487617810691397 ], [ -0.265352348448729, 51.48761798106618 ], [ -0.265347436047561, 51.487617998361735 ], [ -0.265285645720459, 51.487617930068005 ], [ -0.265148598795566, 51.487617756125971 ], [ -0.265094514352514, 51.487617693766033 ], [ -0.265073370307787, 51.487617668862931 ], [ -0.265016318612161, 51.487617607551591 ], [ -0.264962594749824, 51.487617532477735 ], [ -0.264873049613741, 51.487617422208388 ], [ -0.264864018972763, 51.487617405555447 ], [ -0.264743751771404, 51.487617254484448 ], [ -0.264708161173373, 51.487617213682299 ], [ -0.26461563439402, 51.487617104078808 ], [ -0.264468720869514, 51.487616927281799 ], [ -0.264355167610851, 51.487616731246973 ], [ -0.264273932994348, 51.487616635551412 ], [ -0.264034620915067, 51.487616386131727 ], [ -0.264024164062438, 51.487616375289157 ], [ -0.263982452160388, 51.487616324626046 ], [ -0.263858050986887, 51.487616174424581 ], [ -0.263834055204311, 51.487616143068493 ], [ -0.26372158028861, 51.487615998348076 ], [ -0.263699744909061, 51.487615971958618 ], [ -0.2636829799425, 51.487615939670739 ], [ -0.263665926376155, 51.487615921094637 ], [ -0.263649203914494, 51.487615907416355 ], [ -0.263624487657783, 51.487615883339842 ], [ -0.263615096782165, 51.487615870251886 ], [ -0.263608600838564, 51.487615864037913 ], [ -0.263531413862057, 51.487615764784479 ], [ -0.263391370955748, 51.487615589407902 ], [ -0.263382988131709, 51.487615582229843 ], [ -0.263308091124335, 51.48761548974754 ], [ -0.26329617960986, 51.487615475292408 ], [ -0.263286572797307, 51.487615458981672 ], [ -0.26327759940217, 51.487615452046583 ], [ -0.263207599717532, 51.487615360053475 ], [ -0.263187406492187, 51.487615330900255 ], [ -0.263181170016077, 51.487615319511001 ], [ -0.263103420927114, 51.48761522963963 ], [ -0.263094534248995, 51.487615214981652 ], [ -0.263068450048695, 51.487615179528753 ], [ -0.26306361031157, 51.487615179818938 ], [ -0.263048587587073, 51.487615164241156 ], [ -0.263015690394284, 51.487615126829937 ], [ -0.262847244210505, 51.487614916968447 ], [ -0.262750915264695, 51.487614794558702 ], [ -0.262612169037765, 51.487614610473472 ], [ -0.262599623595879, 51.48761460004895 ], [ -0.262512973275239, 51.487614499370487 ], [ -0.262390804871535, 51.487614344706984 ], [ -0.262155009251526, 51.487614044610147 ], [ -0.262103394365277, 51.487614114571279 ], [ -0.261975400520655, 51.487613821024695 ], [ -0.26180137298791, 51.487613606112774 ], [ -0.261767791935102, 51.487613560017998 ], [ -0.261541473599053, 51.487613273202882 ], [ -0.261492761587831, 51.487613216846739 ], [ -0.261394267793344, 51.487612827432812 ], [ -0.261220928087761, 51.487612138045336 ], [ -0.261178745257128, 51.487611971492662 ], [ -0.260758270879814, 51.487610307216634 ], [ -0.260737589920226, 51.48761022544744 ], [ -0.260714028427163, 51.487610136941882 ], [ -0.260179578706294, 51.487608012863689 ], [ -0.259907039262508, 51.487606938531307 ], [ -0.259746430692405, 51.487606300896921 ], [ -0.259540600783445, 51.487605477803406 ], [ -0.259522713648757, 51.487605410287777 ], [ -0.259465264776516, 51.487605187506254 ], [ -0.259460541237273, 51.487605162393464 ], [ -0.258920950070102, 51.487603019247892 ], [ -0.258724867073621, 51.487602164908886 ], [ -0.258695583211501, 51.487564522141483 ], [ -0.258688868245843, 51.487555897410864 ], [ -0.25852109671574, 51.487340253562614 ], [ -0.258382974582123, 51.487173250409811 ], [ -0.258179497123147, 51.486986004586178 ], [ -0.258060308366589, 51.486876331744277 ], [ -0.257828877110855, 51.48669208028609 ], [ -0.257802092750533, 51.486670747574273 ], [ -0.257732999163272, 51.486615742931399 ], [ -0.257577632983235, 51.486492025327955 ], [ -0.257416122925637, 51.486363437548242 ], [ -0.257413061810242, 51.486360991033997 ], [ -0.257406057681063, 51.48635542844017 ], [ -0.257368313901781, 51.486325371808647 ], [ -0.257312801683074, 51.486281947991429 ], [ -0.257301808308248, 51.486273349556036 ], [ -0.257197035559003, 51.486191407586098 ], [ -0.257189496794334, 51.486185513300562 ], [ -0.257117844180345, 51.486129476586292 ], [ -0.257113116827023, 51.486125777809455 ], [ -0.256881376681592, 51.485944536025535 ], [ -0.256856928664322, 51.485925414038888 ], [ -0.256827320130777, 51.485902245100604 ], [ -0.256819976997007, 51.485896511069875 ], [ -0.256811823102791, 51.485890131007778 ], [ -0.256652155984397, 51.485765260149506 ], [ -0.256634561636288, 51.485751491687758 ], [ -0.256626673419003, 51.485745322392383 ], [ -0.256617526311378, 51.485738172172042 ], [ -0.256597316519341, 51.485722359470294 ], [ -0.256551745229909, 51.485686457914881 ], [ -0.25654060013497, 51.485677690788251 ], [ -0.256531259234315, 51.485670335345795 ], [ -0.256387931358275, 51.485557433398775 ], [ -0.256373864643895, 51.485546343189306 ], [ -0.256340150758038, 51.485519799308221 ], [ -0.256324252127611, 51.485507270014494 ], [ -0.256315862224982, 51.485500661592823 ], [ -0.256204151033897, 51.485412666943965 ], [ -0.25610513693316, 51.485334671943143 ], [ -0.256095781948571, 51.485327311760045 ], [ -0.256057664916651, 51.485297267140673 ], [ -0.256053036271394, 51.485293628240484 ], [ -0.256030495928306, 51.485275865354907 ], [ -0.256017239955306, 51.485265425634744 ], [ -0.256012683463175, 51.485261783309163 ], [ -0.256008291489223, 51.485257981560558 ], [ -0.255905263927783, 51.485168924174985 ], [ -0.255856224998311, 51.485126541025238 ], [ -0.255748287191381, 51.485041619081812 ], [ -0.25567020399536, 51.484952635578502 ], [ -0.255630225675912, 51.48485663774175 ], [ -0.255650199316189, 51.484769534765185 ], [ -0.255693633535328, 51.484677951515451 ], [ -0.255709422362289, 51.484644652517993 ], [ -0.255461132291268, 51.48458152811731 ], [ -0.255557479249674, 51.484383233082781 ], [ -0.255562855292249, 51.484372189060622 ], [ -0.255642728207242, 51.484207767265382 ], [ -0.255646229377362, 51.48420056222006 ], [ -0.255664845712724, 51.484162233388197 ], [ -0.25566617420109, 51.484159501376809 ], [ -0.255688259783029, 51.484114047954399 ], [ -0.255691245790904, 51.484107887393101 ], [ -0.255717832257904, 51.484053184455021 ], [ -0.255735151523366, 51.484017516148626 ], [ -0.255741466846975, 51.484009031013478 ], [ -0.255747995009665, 51.484000252283501 ], [ -0.255775199258222, 51.483963705765348 ], [ -0.255783655999869, 51.483952320846988 ], [ -0.255790396301238, 51.483943266495011 ], [ -0.255804439330035, 51.483924383787127 ], [ -0.25584023660983, 51.4838762745051 ], [ -0.255860700781381, 51.483848773331914 ], [ -0.255878462450518, 51.483824900970674 ], [ -0.255881255692832, 51.483821147574638 ], [ -0.255884352935336, 51.483816976040771 ], [ -0.255891153706013, 51.48380784163524 ], [ -0.255917326176965, 51.483772646586047 ], [ -0.255991603839459, 51.483690235519916 ], [ -0.255995874903901, 51.483685496906006 ], [ -0.255997935035859, 51.483683216405183 ], [ -0.256036224114703, 51.483640737495712 ], [ -0.256044841966388, 51.483631162469983 ], [ -0.256059865363138, 51.483614506481416 ], [ -0.256076843998669, 51.48359567634165 ], [ -0.256153783703708, 51.483510292176675 ], [ -0.256156912091263, 51.483506813535918 ], [ -0.256184642923243, 51.483476065993685 ], [ -0.256188116771669, 51.48347221479316 ], [ -0.256229278197182, 51.483426541133788 ], [ -0.25625460370289, 51.483398437648944 ], [ -0.256260183226784, 51.483392243668263 ], [ -0.256268799955462, 51.483382695585931 ], [ -0.256272980825658, 51.483378054540182 ], [ -0.256302231470537, 51.483345593963868 ], [ -0.256333928834924, 51.483318466445716 ], [ -0.256342013306953, 51.483311545309519 ], [ -0.256376271097132, 51.483282234634032 ], [ -0.256382063091804, 51.483277266812543 ], [ -0.256395507369215, 51.483265758113895 ], [ -0.256450817400231, 51.483218424155943 ], [ -0.256458544721662, 51.48321180345549 ], [ -0.256461537014751, 51.483209249032008 ], [ -0.256469070696039, 51.483202796314551 ], [ -0.256548335984239, 51.483134955224678 ], [ -0.256553010676433, 51.483130959988429 ], [ -0.256732130616028, 51.482977661096811 ], [ -0.256810709797204, 51.482916086531517 ], [ -0.256824486655819, 51.482905293145514 ], [ -0.256854594615514, 51.482881684988165 ], [ -0.25685950847733, 51.482877837175621 ], [ -0.25688155539386, 51.482860916723006 ], [ -0.256905498999548, 51.482847891308992 ], [ -0.256914235204368, 51.482843138063018 ], [ -0.256949025268938, 51.482824217196644 ], [ -0.256974285039662, 51.48281047841617 ], [ -0.257030011080873, 51.482780164548792 ], [ -0.257063969792, 51.482761703413452 ], [ -0.257078975008007, 51.482756845445223 ], [ -0.257183239631147, 51.482723061956811 ], [ -0.25724244470811, 51.48270386968759 ], [ -0.257283129663375, 51.482690688198495 ], [ -0.257316873212316, 51.48267975968065 ], [ -0.257458990899415, 51.48263604369442 ], [ -0.257481812367532, 51.482629026606865 ], [ -0.257493193968105, 51.482625526621412 ], [ -0.257500348317466, 51.482622786685042 ], [ -0.2575059377632, 51.48261878251278 ], [ -0.257567459812307, 51.482574678713284 ], [ -0.257596223475698, 51.482572354118808 ], [ -0.257705672945548, 51.482563503002218 ], [ -0.257749013768624, 51.482559991979137 ], [ -0.258316024526344, 51.482538320968018 ], [ -0.258406472250687, 51.482644581576849 ], [ -0.258507717542899, 51.482710868823141 ], [ -0.258609373821838, 51.482766369033413 ], [ -0.258697426214934, 51.482724483024263 ], [ -0.258854217519299, 51.48269441912209 ], [ -0.259058323975146, 51.482783831950726 ], [ -0.259156695392178, 51.482925658852793 ], [ -0.259634884548126, 51.483083920683939 ], [ -0.260027063075573, 51.48323011379567 ], [ -0.260435725927549, 51.483398132554228 ], [ -0.260618871422235, 51.483584416213105 ], [ -0.260853868182218, 51.483771459240934 ], [ -0.260878721099557, 51.483786773540864 ], [ -0.261141125103601, 51.483948475857915 ], [ -0.261147364483371, 51.483951805701416 ], [ -0.261147401465896, 51.483954998655051 ], [ -0.261152474852028, 51.483954525293846 ], [ -0.261209803566331, 51.483985050833247 ], [ -0.261412339793643, 51.484092880162017 ], [ -0.261734982373684, 51.48424881905207 ], [ -0.262229659646741, 51.484428905776539 ], [ -0.262468765734094, 51.484508030707467 ], [ -0.262584755876805, 51.484481043773293 ], [ -0.262643245446236, 51.484467422695396 ], [ -0.262850250734579, 51.484481288137651 ], [ -0.263172504979191, 51.484648026533463 ], [ -0.263493927472502, 51.48483634318125 ], [ -0.263614204273524, 51.484814814291418 ], [ -0.263893349436332, 51.484980184269119 ], [ -0.264255680984027, 51.485173843323444 ], [ -0.264224042372298, 51.485192673552817 ], [ -0.264153673445821, 51.485224024104433 ], [ -0.264121958475667, 51.485252259530398 ], [ -0.264117881143127, 51.485255895198939 ], [ -0.264073824766674, 51.485307778639829 ], [ -0.26424332245472, 51.485405249238475 ], [ -0.264163162277561, 51.485460789154899 ], [ -0.264441631796967, 51.485519296677275 ], [ -0.264633508457888, 51.485559616485631 ], [ -0.264782749999004, 51.485572660069337 ], [ -0.264893093814818, 51.485560892905099 ], [ -0.264925961478007, 51.485555218093502 ], [ -0.264963780184035, 51.485476399806416 ], [ -0.264966923319736, 51.485469863639544 ], [ -0.264979649555576, 51.485459782188812 ], [ -0.265080180323667, 51.485380190740251 ], [ -0.265089140037756, 51.485375233369403 ], [ -0.265211678937041, 51.485307396958994 ], [ -0.265216525996237, 51.485305679084185 ], [ -0.265262998173357, 51.485289163213757 ], [ -0.265287768490725, 51.485286211162098 ], [ -0.265477148403868, 51.485263642759165 ], [ -0.265498488128121, 51.485258481698679 ], [ -0.265559672261656, 51.485243693982753 ], [ -0.265605215161616, 51.485232684851127 ], [ -0.265730978384619, 51.485211567625726 ], [ -0.265732574480955, 51.485216573169886 ], [ -0.265738056570854, 51.485233803267256 ], [ -0.265739369731992, 51.485237914352609 ], [ -0.265766659795194, 51.485281680503931 ], [ -0.265769661655834, 51.485287597103508 ], [ -0.265800416800054, 51.485332664450354 ], [ -0.265812043198232, 51.485349670621169 ], [ -0.265833056771688, 51.485386518529346 ], [ -0.26584375163576, 51.485405300473225 ], [ -0.265883506848669, 51.485502820300717 ], [ -0.266285793880697, 51.48571046274818 ], [ -0.266378095946614, 51.485625245062863 ], [ -0.266407126772882, 51.485598444166442 ], [ -0.266432217140108, 51.485575281034173 ], [ -0.2664961147214, 51.48551628888687 ], [ -0.266512261469421, 51.485523487804144 ], [ -0.266558224159237, 51.485543950828664 ], [ -0.266589459132095, 51.485533657061758 ], [ -0.2667224840004, 51.485589029975323 ], [ -0.266895752448105, 51.485633945209131 ], [ -0.266903132269811, 51.485634944500489 ], [ -0.267095373160812, 51.485660823399698 ], [ -0.267111895944527, 51.485663045838017 ], [ -0.267189574999936, 51.485661855050004 ], [ -0.267219759046451, 51.485658955570472 ], [ -0.267241544351629, 51.48565685828855 ], [ -0.267266943460229, 51.485654418696143 ], [ -0.267468900937737, 51.485612770489325 ], [ -0.267508392366409, 51.485602193730628 ], [ -0.267521038750646, 51.48562194857189 ], [ -0.267541123700392, 51.48565331490525 ], [ -0.267548799491463, 51.48565790660998 ], [ -0.267696154317198, 51.485746232407422 ], [ -0.267738432731854, 51.485771577556932 ], [ -0.267750409693495, 51.485776313688802 ], [ -0.267932248265803, 51.485848260056038 ], [ -0.267939244361815, 51.485851025177155 ], [ -0.26801140995371, 51.485864968080563 ], [ -0.268022699147138, 51.48586580918915 ], [ -0.268322019460103, 51.48588815003896 ], [ -0.268079541372421, 51.486256067758923 ], [ -0.268177428367842, 51.486283991699402 ], [ -0.268195665372281, 51.486289067489821 ], [ -0.268258909594946, 51.486282267333053 ], [ -0.268272734590268, 51.486310465653048 ], [ -0.268278965528892, 51.486323165381087 ], [ -0.268291609861677, 51.486325878973183 ], [ -0.26845294323576, 51.486360499129226 ], [ -0.268863449341037, 51.486474469676679 ], [ -0.268878337853952, 51.486451776003769 ], [ -0.268912439952412, 51.486399815868175 ], [ -0.268917270412774, 51.486392450192028 ], [ -0.268971473638487, 51.486309842803962 ], [ -0.269052028654137, 51.48618708516446 ], [ -0.269062162626659, 51.486171650357726 ], [ -0.26908949915813, 51.486129842012346 ], [ -0.269189303625207, 51.485977224796734 ], [ -0.269625654487409, 51.48611461325703 ], [ -0.269635345227521, 51.486108218508832 ], [ -0.269690888200709, 51.486051817263046 ], [ -0.269707863907771, 51.48601125881995 ], [ -0.269711095962507, 51.485990560356925 ], [ -0.269716581237685, 51.485986819367078 ], [ -0.269743313667081, 51.485968562806242 ], [ -0.269779807964217, 51.485912348190546 ], [ -0.269786825885419, 51.485889043725393 ], [ -0.269791549208413, 51.485885264516369 ], [ -0.269811351225272, 51.485869351738444 ], [ -0.269844027019966, 51.485817361306189 ], [ -0.269854569412269, 51.485782373356678 ], [ -0.269853950055867, 51.485775143093207 ], [ -0.269858269271711, 51.485771384899827 ], [ -0.26988788079058, 51.485745553959227 ], [ -0.269967620687254, 51.48563929425265 ], [ -0.270015127262082, 51.485642602701191 ], [ -0.270071609605383, 51.485657644057 ], [ -0.270155568488262, 51.485696417575063 ], [ -0.270286596499845, 51.485756918938854 ], [ -0.270278645470429, 51.485825065205383 ], [ -0.270279731071274, 51.485839388579173 ], [ -0.270280170842577, 51.485845276281566 ], [ -0.270285803278709, 51.485845638101011 ], [ -0.270481214560883, 51.485858186268516 ], [ -0.270553492214968, 51.485872614939176 ], [ -0.270669342443909, 51.485941048485252 ], [ -0.270688593912782, 51.485933589564397 ], [ -0.27072455462368, 51.485937518884242 ], [ -0.271127005953885, 51.485920995779644 ], [ -0.271134691372715, 51.485920011931903 ], [ -0.271131590843351, 51.485914399765825 ], [ -0.271140623088277, 51.4859063675135 ], [ -0.271221036630942, 51.485834783707794 ], [ -0.271502283809071, 51.485649667801738 ], [ -0.271751767999885, 51.485807469071602 ], [ -0.27185009349909, 51.485869357384161 ], [ -0.27186745442006, 51.485880278451269 ], [ -0.271891425314269, 51.485894660149206 ], [ -0.271903988066692, 51.485902201222345 ], [ -0.271959337791631, 51.485935417184365 ], [ -0.271967647607905, 51.485940395638025 ], [ -0.272067263417659, 51.486000171503655 ], [ -0.272080544427095, 51.486008145792937 ], [ -0.27217548485967, 51.486065109931957 ], [ -0.272205469975786, 51.486083096282421 ], [ -0.272216433447667, 51.486087223524699 ], [ -0.27224158400282, 51.486096694531156 ], [ -0.272304879327909, 51.486120531068757 ], [ -0.272322704154886, 51.486128329444149 ], [ -0.272355349544045, 51.486142622968252 ], [ -0.272389891936336, 51.486157753760622 ], [ -0.272401742058455, 51.486161669225197 ], [ -0.272449383554241, 51.486177433540007 ], [ -0.272475245746212, 51.486185989627693 ], [ -0.272562565895836, 51.486199928138198 ], [ -0.272579946574378, 51.486202711008076 ], [ -0.272587391469837, 51.486203899753384 ], [ -0.272661368112168, 51.486215708284519 ], [ -0.272690907655048, 51.486216143218762 ], [ -0.272718950067785, 51.486216556102676 ], [ -0.272732584765852, 51.486217080588112 ], [ -0.272754906189692, 51.486217948792493 ], [ -0.272796111913852, 51.486219544657665 ], [ -0.272834015624963, 51.486231910095249 ], [ -0.27284263809866, 51.486234716859137 ], [ -0.272900428276163, 51.486363101916318 ], [ -0.272902328596113, 51.486367320483858 ], [ -0.272890071303044, 51.486433649932636 ], [ -0.272887364852067, 51.486436280915854 ], [ -0.27281868925854, 51.486502975782059 ], [ -0.272800716691572, 51.486505561859865 ], [ -0.272744074497001, 51.486504611015093 ], [ -0.272725088424969, 51.486504286514666 ], [ -0.272707716599392, 51.486506602649904 ], [ -0.272598469768578, 51.486499625470593 ], [ -0.272580149475338, 51.486495785617223 ], [ -0.272567287877405, 51.486493096268283 ], [ -0.272501802407648, 51.48649213199635 ], [ -0.272448282959513, 51.486482871887638 ], [ -0.272435003012284, 51.486480581034456 ], [ -0.272385128558091, 51.48647892033469 ], [ -0.272343391317418, 51.486471983836175 ], [ -0.272337537159611, 51.48647100734825 ], [ -0.272331468087634, 51.486470000717013 ], [ -0.272257434627888, 51.486471500317748 ], [ -0.272255369932792, 51.486475633523703 ], [ -0.272235397746769, 51.486515689565003 ], [ -0.272234955045493, 51.486546456015276 ], [ -0.272291198946937, 51.486650169649693 ], [ -0.272358349055385, 51.486773980647442 ], [ -0.272342841400345, 51.486774264856798 ], [ -0.272288182476649, 51.486774566005259 ], [ -0.272179311913595, 51.486775147835324 ], [ -0.272049071475966, 51.486791214955758 ], [ -0.272029294975867, 51.486796746428134 ], [ -0.27206227924407, 51.486807038780583 ], [ -0.272065735453208, 51.486808771319119 ], [ -0.272098333476648, 51.486818612834405 ], [ -0.272172062972948, 51.486852225290633 ], [ -0.272188436239234, 51.486914628371629 ], [ -0.272692353712013, 51.486988258464805 ], [ -0.272723853703316, 51.486992858887902 ], [ -0.272724203053844, 51.487013727059498 ], [ -0.272716106816321, 51.487056835689998 ], [ -0.272715780865301, 51.487076515877035 ], [ -0.272715145942841, 51.487115426866751 ], [ -0.272715043883481, 51.487121558374803 ], [ -0.272733623366362, 51.4871700057355 ], [ -0.272736259150645, 51.48717686998998 ], [ -0.272738147053464, 51.487181798798801 ], [ -0.272741360747978, 51.48718480470761 ], [ -0.272745603392903, 51.487188787982888 ], [ -0.27276745576728, 51.487269171582213 ], [ -0.272767503079549, 51.487295174624713 ], [ -0.272767549768493, 51.487315476296281 ], [ -0.272764760580128, 51.487328681454855 ], [ -0.272764272913863, 51.487339681320165 ], [ -0.272763059218838, 51.487359793574043 ], [ -0.272762657012142, 51.487363766915038 ], [ -0.272762221040645, 51.48738635911095 ], [ -0.27276172759795, 51.487411234602348 ], [ -0.272757475455083, 51.487431135756431 ], [ -0.272754954495083, 51.487442959990375 ], [ -0.272754708940087, 51.487490626591907 ], [ -0.272755645181445, 51.487494057596003 ], [ -0.272766531588551, 51.487534198448401 ], [ -0.27278714724799, 51.487610302198021 ], [ -0.27266669966441, 51.487667907512986 ], [ -0.272654165336029, 51.487673891941355 ], [ -0.272611648836447, 51.487665972861699 ], [ -0.272518156534355, 51.487647959761155 ], [ -0.272119147896464, 51.487571039680212 ], [ -0.272025916569821, 51.487553067797805 ], [ -0.271889562159278, 51.487534962421783 ], [ -0.271885750832604, 51.487526048485222 ], [ -0.271879669691805, 51.48752002373562 ], [ -0.271859622667374, 51.487530987273253 ], [ -0.271827412315569, 51.487548597079062 ], [ -0.271537619485627, 51.487707068429096 ], [ -0.271483879116142, 51.487719235099711 ], [ -0.271313040016037, 51.48775791335386 ], [ -0.27129325648185, 51.487759618212671 ], [ -0.271266414529786, 51.48775600330071 ], [ -0.271250077233798, 51.487753802153449 ], [ -0.271192152659129, 51.487753964747611 ], [ -0.271135615782223, 51.487747142461757 ], [ -0.271131317287867, 51.487747303932863 ], [ -0.271124162954482, 51.48774756720065 ], [ -0.271047524473566, 51.487750668822223 ], [ -0.270998121137093, 51.487757651956201 ], [ -0.270953630745839, 51.487738138589883 ], [ -0.270938810221213, 51.487731634272187 ], [ -0.270835826515453, 51.487707140094912 ], [ -0.270831443680339, 51.487706104284726 ], [ -0.270732150854358, 51.487697131835873 ], [ -0.270715771669256, 51.487695658403929 ], [ -0.270592797381454, 51.487703854512453 ], [ -0.270588156335521, 51.487704694358015 ], [ -0.270576560684215, 51.487702041439476 ], [ -0.270511756620681, 51.487687210395023 ], [ -0.270470657927306, 51.487684275400852 ], [ -0.270436270157451, 51.487732005201671 ], [ -0.270277739019288, 51.487952039041339 ], [ -0.270259197182552, 51.487990964773751 ], [ -0.270234009923543, 51.488025458045939 ], [ -0.270221051557586, 51.48804320738887 ], [ -0.270218244850197, 51.488050079581768 ], [ -0.270105121792007, 51.488029276939606 ], [ -0.270004079243071, 51.488010574968605 ], [ -0.269982265781715, 51.48800653931724 ], [ -0.269873098782469, 51.487986332550854 ], [ -0.269770740499437, 51.487967386156626 ], [ -0.269726326987469, 51.487959168270947 ], [ -0.269621379823133, 51.487939742921078 ], [ -0.269584733721225, 51.487932952480186 ], [ -0.269466827270911, 51.487911132632945 ], [ -0.269373995130748, 51.487893963079024 ], [ -0.269350966291087, 51.487889693556028 ], [ -0.269342498311597, 51.487888129806301 ], [ -0.269300438294039, 51.487880337659107 ], [ -0.269281535656082, 51.487876843912396 ], [ -0.269223605581543, 51.487866115309686 ], [ -0.269182639921245, 51.487858523615202 ], [ -0.269126168073694, 51.487848086258523 ], [ -0.269115311637624, 51.487846073589601 ], [ -0.269064633432468, 51.4878366928926 ], [ -0.268965436921731, 51.487818332002618 ], [ -0.26892635936274, 51.487811091814251 ], [ -0.268900712485931, 51.487806351922544 ], [ -0.268852666207714, 51.487797459604003 ], [ -0.268791002823249, 51.487786046208498 ], [ -0.268657921092912, 51.487761411709911 ], [ -0.268574916603184, 51.487746050202084 ], [ -0.268482081592482, 51.487732396036378 ], [ -0.268404072542787, 51.487720912043542 ], [ -0.268341776530785, 51.48771175523013 ], [ -0.268221639929384, 51.487694082815437 ], [ -0.268215022388191, 51.487693103851605 ], [ -0.268205357000234, 51.487691971986131 ], [ -0.268135289980108, 51.48768377053787 ], [ -0.26812625563249, 51.487682710929818 ], [ -0.267976170085957, 51.487665126825142 ], [ -0.267966175740281, 51.487664313820339 ], [ -0.26771659244554, 51.487643947525385 ] ] ] } },
{ "type": "Feature", "properties": { "lsoa21cd": "E01032573", "lsoa21nm": "Hounslow 029E", "msoa21cd": "E02006792", "msoa21nm": "Hounslow 029", "lad22cd": "E09000018", "lad22nm": "Hounslow", "index_right": 85, "GSS_CODE": "E05000365", "risk_score": 8.6878365683018082, "allocation_hours": 88.624890537292032, "patrol_units": 44 }, "geometry": { "type": "Polygon", "coordinates": [ [ [ -0.263924056762589, 51.494147760424319 ], [ -0.263929308682947, 51.494106229452953 ], [ -0.263895460435373, 51.494112140302661 ], [ -0.26377612130675, 51.49413298168421 ], [ -0.263767285396012, 51.494114542025237 ], [ -0.263442182678734, 51.494189638633742 ], [ -0.263433171572793, 51.494191726425598 ], [ -0.263385504735672, 51.49417649785768 ], [ -0.263381647659537, 51.494175262737471 ], [ -0.263344266413561, 51.494154359202952 ], [ -0.263331853201681, 51.494147413036806 ], [ -0.263236684304979, 51.494122857372531 ], [ -0.26321039193097, 51.49411607443443 ], [ -0.263158551023681, 51.494096206757675 ], [ -0.263158507922236, 51.494091278183291 ], [ -0.263157857208503, 51.494016702038863 ], [ -0.26318900763873, 51.493982856467383 ], [ -0.263198643038869, 51.49398139842441 ], [ -0.263266525833884, 51.493971117607309 ], [ -0.263288959196949, 51.493964210651683 ], [ -0.263643040559982, 51.493855128728448 ], [ -0.263634793164402, 51.493837884789087 ], [ -0.263611609495227, 51.493789494296692 ], [ -0.263602613924069, 51.493770710542492 ], [ -0.263599944460617, 51.49375718215763 ], [ -0.263598351421937, 51.493749065254526 ], [ -0.2635936810495, 51.493725264702057 ], [ -0.263585371837354, 51.493683119376847 ], [ -0.263577994641164, 51.493645637010999 ], [ -0.263571547065148, 51.493612880517503 ], [ -0.263566076105697, 51.493585129362259 ], [ -0.263565073435542, 51.493580051697151 ], [ -0.263542240832877, 51.493464069122624 ], [ -0.26353753025013, 51.493450991629153 ], [ -0.263529209709116, 51.493427905914103 ], [ -0.263487383263052, 51.493391316507733 ], [ -0.263541009999193, 51.493324773747069 ], [ -0.263565880286447, 51.493293919582506 ], [ -0.263633582938152, 51.493209896692015 ], [ -0.263645043599801, 51.493195660185016 ], [ -0.26365438610504, 51.493184090104663 ], [ -0.263687420712414, 51.493143096202949 ], [ -0.263728257095277, 51.493092406839907 ], [ -0.26375091918525, 51.493064307658614 ], [ -0.263758357671721, 51.493053559192127 ], [ -0.263742329493337, 51.493052661039336 ], [ -0.263704609379918, 51.493050547101134 ], [ -0.26349260551611, 51.493038686616408 ], [ -0.263116682770824, 51.493017654733613 ], [ -0.26288269991462, 51.493004559509103 ], [ -0.262765368029552, 51.493184814172096 ], [ -0.262701558622487, 51.493172107014018 ], [ -0.262514738444987, 51.493213575014266 ], [ -0.262440743002499, 51.493232334799359 ], [ -0.262375417024003, 51.493248893857576 ], [ -0.262308156285503, 51.493265945793702 ], [ -0.262301450604898, 51.493267644992443 ], [ -0.262205298018687, 51.493295896359605 ], [ -0.262199470585408, 51.493297608561093 ], [ -0.262123583299659, 51.493323300387075 ], [ -0.262106933490889, 51.493330409693996 ], [ -0.262015337511251, 51.493369519506238 ], [ -0.261992581604463, 51.4933792271272 ], [ -0.261971069301525, 51.493391839786774 ], [ -0.261965589998684, 51.493395760317625 ], [ -0.261923028279444, 51.493426235158438 ], [ -0.261914453680272, 51.493432375963927 ], [ -0.26159229454581, 51.493531620172668 ], [ -0.261585545639054, 51.493533696378869 ], [ -0.261583725882276, 51.493467951589977 ], [ -0.261582381922697, 51.493390082850446 ], [ -0.261581942964871, 51.493364141725145 ], [ -0.261581306287184, 51.493327118802704 ], [ -0.261581218143683, 51.493322621203077 ], [ -0.261580613779282, 51.493286641899282 ], [ -0.261580136255246, 51.493258685862571 ], [ -0.26158006876334, 51.49325515976831 ], [ -0.261579599838888, 51.493227545577184 ], [ -0.261579390653704, 51.49321468307776 ], [ -0.261579292787471, 51.493208737527446 ], [ -0.261579007527347, 51.493192195932558 ], [ -0.261578314678648, 51.493151728015796 ], [ -0.26157807904398, 51.493138235643208 ], [ -0.261578030803083, 51.493135339315252 ], [ -0.261577622514371, 51.493111242123739 ], [ -0.261577018151624, 51.493075262818763 ], [ -0.261576915610885, 51.493070765005619 ], [ -0.261573774214663, 51.492931297380011 ], [ -0.261186465814914, 51.492907608636138 ], [ -0.260989762480185, 51.492896491950631 ], [ -0.260970845486288, 51.492895420206587 ], [ -0.26076834574481, 51.492896932751563 ], [ -0.260766073384398, 51.492882456968239 ], [ -0.26073095275179, 51.492658083812522 ], [ -0.260702090072235, 51.492473667558428 ], [ -0.260745442425133, 51.492451936681753 ], [ -0.260757252675742, 51.492451617169912 ], [ -0.260886828843419, 51.492453537988148 ], [ -0.260974476122973, 51.492449639460958 ], [ -0.261189843083314, 51.492440044090088 ], [ -0.261244374597136, 51.492438730022577 ], [ -0.26124525967511, 51.49242985846201 ], [ -0.261191892946249, 51.49241306073376 ], [ -0.261222779603942, 51.492412268521832 ], [ -0.261221658308031, 51.492407665683423 ], [ -0.261209812697894, 51.492358957123614 ], [ -0.261202797932199, 51.492330175794699 ], [ -0.261200586952685, 51.492185784995044 ], [ -0.261286061510629, 51.49216779852155 ], [ -0.261262178543533, 51.492002680684138 ], [ -0.261466009085759, 51.491977059644519 ], [ -0.261387495607146, 51.491954835305826 ], [ -0.261076579427664, 51.491814536806793 ], [ -0.26142475284639, 51.491568450355764 ], [ -0.261490385298903, 51.491544908888265 ], [ -0.261603573952924, 51.491515561349345 ], [ -0.261682860952493, 51.49150000975898 ], [ -0.261693397653659, 51.49149794468515 ], [ -0.261792243379591, 51.491486270892381 ], [ -0.26190970076236, 51.491478757582769 ], [ -0.262038360980013, 51.491479692370177 ], [ -0.262084246668126, 51.491482206602313 ], [ -0.262258965104469, 51.491608794701229 ], [ -0.262236969326958, 51.49166332425758 ], [ -0.262374905153044, 51.491863601933581 ], [ -0.262376966020904, 51.491866609033977 ], [ -0.26256678956409, 51.491839951296164 ], [ -0.262653629557332, 51.491850772229185 ], [ -0.262658393292134, 51.491852063079172 ], [ -0.262668707568561, 51.491855471166694 ], [ -0.262681283666322, 51.491859632161237 ], [ -0.262767666761265, 51.491860911304428 ], [ -0.262911482229127, 51.491841764070138 ], [ -0.262917360904101, 51.491837939294605 ], [ -0.263000936614437, 51.49178345804777 ], [ -0.26325092207692, 51.491750190012603 ], [ -0.263120022879566, 51.491705806744257 ], [ -0.263112929068671, 51.49170218558595 ], [ -0.263095037594328, 51.491563460397145 ], [ -0.26308947139922, 51.491520401967179 ], [ -0.263064934706175, 51.491330248162683 ], [ -0.263033139041824, 51.491083971461677 ], [ -0.263087891587623, 51.491049126083915 ], [ -0.26319076821464, 51.491052645469473 ], [ -0.26347145984107, 51.491062250001313 ], [ -0.263478193551915, 51.491055632135961 ], [ -0.263501896731168, 51.491032323225731 ], [ -0.263713005422199, 51.490824830071809 ], [ -0.263719656886552, 51.490825683894208 ], [ -0.26414197873565, 51.490879612396526 ], [ -0.26415020206787, 51.490877386975882 ], [ -0.264170840772529, 51.49087179313652 ], [ -0.264178962299771, 51.490869593185657 ], [ -0.264193061557561, 51.490886366309724 ], [ -0.264229171323535, 51.490929319040404 ], [ -0.2644026963333, 51.491126505835808 ], [ -0.264424003674277, 51.491150723592561 ], [ -0.264477735652847, 51.491211769423096 ], [ -0.264505505781838, 51.491239158264783 ], [ -0.264651182076982, 51.491196349692437 ], [ -0.264998648127751, 51.491127254073859 ], [ -0.265072083848891, 51.49118876187859 ], [ -0.265193224885608, 51.491290237102262 ], [ -0.265215826401389, 51.491472403333788 ], [ -0.265218614287242, 51.491494971225151 ], [ -0.265361139305645, 51.491467636544868 ], [ -0.26554931981942, 51.491443566548675 ], [ -0.265694304095221, 51.49141860591682 ], [ -0.265883185447227, 51.491376434482085 ], [ -0.265881072751629, 51.491367194748065 ], [ -0.265870834502206, 51.491322295830635 ], [ -0.265810701000702, 51.491108352353557 ], [ -0.265769299681119, 51.490961087705848 ], [ -0.265755028030252, 51.490891138489062 ], [ -0.265751296733221, 51.490872927106551 ], [ -0.265745553423947, 51.490844722089633 ], [ -0.265738679585691, 51.490811005831503 ], [ -0.265718261608716, 51.490710948177068 ], [ -0.265715858138003, 51.490699123240823 ], [ -0.265708569536923, 51.490663431451473 ], [ -0.265714939138279, 51.490495569262798 ], [ -0.265715049293609, 51.49049266625439 ], [ -0.265731136845833, 51.490447940646234 ], [ -0.265747253159048, 51.490403215460681 ], [ -0.265762582113815, 51.490367471317555 ], [ -0.265858824693496, 51.490142988711376 ], [ -0.265873680308206, 51.490108325670391 ], [ -0.265877206188629, 51.490100059553278 ], [ -0.265885900462637, 51.490079720712977 ], [ -0.265984345312157, 51.489849173503579 ], [ -0.266007215830165, 51.489799161486182 ], [ -0.266016703766412, 51.489778402716325 ], [ -0.266039684534631, 51.489728140526232 ], [ -0.266121459715739, 51.489549288565314 ], [ -0.266145963535133, 51.48949570358235 ], [ -0.266135433650294, 51.489492670306277 ], [ -0.266135909701825, 51.489460375617433 ], [ -0.266139647919328, 51.489456761847656 ], [ -0.26618289404992, 51.489414892535159 ], [ -0.26618429056821, 51.4894118736457 ], [ -0.266188547594708, 51.489402557186423 ], [ -0.266194871534536, 51.489403307108631 ], [ -0.266216105762361, 51.489382748886889 ], [ -0.266221173367629, 51.489324722037061 ], [ -0.266251296664499, 51.489252857010648 ], [ -0.266267451002864, 51.489214319273664 ], [ -0.266273975156816, 51.489198777404432 ], [ -0.266375887726307, 51.488955691314473 ], [ -0.266400294643814, 51.48889742864425 ], [ -0.266426172610213, 51.488835698542651 ], [ -0.266458290854818, 51.488759069832867 ], [ -0.266462028895279, 51.488750141372293 ], [ -0.266470485140804, 51.488729987813109 ], [ -0.266513508424656, 51.488594078560801 ], [ -0.266530047932883, 51.488587911152102 ], [ -0.266536969301517, 51.488571385939991 ], [ -0.26657494497855, 51.488570845427795 ], [ -0.266885067929669, 51.488595548179745 ], [ -0.2670021948096, 51.488904261672076 ], [ -0.267127992266854, 51.488982036042273 ], [ -0.267163149773158, 51.489003787050237 ], [ -0.267209750451002, 51.488987002537968 ], [ -0.267315412818546, 51.488965937469153 ], [ -0.267405515862398, 51.488947978815517 ], [ -0.267544730368636, 51.488946554454259 ], [ -0.267756551129604, 51.488977217740704 ], [ -0.267831108594832, 51.488927033254491 ], [ -0.267846708604935, 51.488735080877866 ], [ -0.267853104816036, 51.488656381393426 ], [ -0.267860424387555, 51.488566238857381 ], [ -0.267937802569946, 51.488546509210181 ], [ -0.2680346143385, 51.488540402554335 ], [ -0.268047833713418, 51.488541640855118 ], [ -0.268087391163711, 51.488630506011731 ], [ -0.268202043549207, 51.48888803138486 ], [ -0.268404770361025, 51.488910843657308 ], [ -0.268434877678507, 51.488918769950821 ], [ -0.268571745984492, 51.488976238906204 ], [ -0.268650800354852, 51.488940409696347 ], [ -0.26872596917974, 51.4888961149327 ], [ -0.268775378348173, 51.488881223769006 ], [ -0.268824826176349, 51.48887139603714 ], [ -0.268886473179732, 51.488852854528261 ], [ -0.268947108010264, 51.488839738626972 ], [ -0.269043549625405, 51.488834862239393 ], [ -0.269159738123582, 51.488839152890748 ], [ -0.269251699169489, 51.488863018294978 ], [ -0.26932198624178, 51.488905025873791 ], [ -0.269369515428931, 51.488943586224835 ], [ -0.26938174434876, 51.488953487714276 ], [ -0.269432562976426, 51.488942834635431 ], [ -0.269452817690755, 51.488938592108731 ], [ -0.269480558435217, 51.488936744145462 ], [ -0.269494291792865, 51.48893430287292 ], [ -0.269520279530887, 51.488929677280694 ], [ -0.269501667212599, 51.488940760500491 ], [ -0.269489995825506, 51.488947710546498 ], [ -0.269430709082546, 51.488991799435773 ], [ -0.269377854684316, 51.489031109147902 ], [ -0.269371422224859, 51.489035888293621 ], [ -0.269281640923004, 51.489124490682251 ], [ -0.269262266942993, 51.489147316067083 ], [ -0.269190921822024, 51.48923157262336 ], [ -0.269140753956014, 51.489330206138554 ], [ -0.269134635998459, 51.489342273986033 ], [ -0.269082235041473, 51.489445285441157 ], [ -0.269068075106913, 51.489481047261343 ], [ -0.26905757726533, 51.489507591653719 ], [ -0.269039770927392, 51.489552535157046 ], [ -0.269043894822941, 51.489565356622116 ], [ -0.269018944367628, 51.489605149818544 ], [ -0.269057997637196, 51.489606796158306 ], [ -0.269309087530698, 51.489610500545808 ], [ -0.269399984954745, 51.489625977943248 ], [ -0.269406838369685, 51.489622257149676 ], [ -0.269422501451745, 51.489613747310976 ], [ -0.269451486648044, 51.489614804361459 ], [ -0.269661706139179, 51.489622437421566 ], [ -0.269766801858173, 51.489626244610534 ], [ -0.269737621010907, 51.48972510246044 ], [ -0.269732682570782, 51.48974178299526 ], [ -0.2697245028797, 51.489769503704785 ], [ -0.269709931027008, 51.489818820490214 ], [ -0.269702130744252, 51.489845269832713 ], [ -0.269700709583134, 51.489850086936002 ], [ -0.26968246013081, 51.48990827021936 ], [ -0.26966504761635, 51.489963750053306 ], [ -0.269653742692925, 51.489999823829145 ], [ -0.269649631333483, 51.490012919485523 ], [ -0.269643701112885, 51.490031824566316 ], [ -0.269629008406291, 51.490078621606699 ], [ -0.269618113700616, 51.49011337051212 ], [ -0.269602420583601, 51.490163381166553 ], [ -0.269600838234151, 51.490166748069051 ], [ -0.269565556918091, 51.49024218887196 ], [ -0.269561765636832, 51.490250253343639 ], [ -0.26952908809083, 51.490320076143064 ], [ -0.269481222304964, 51.490422381285946 ], [ -0.269477038064479, 51.490431312248639 ], [ -0.26942954024556, 51.490551284426417 ], [ -0.269417435131566, 51.490581851845064 ], [ -0.269336185653142, 51.490787053346828 ], [ -0.269292031031106, 51.490898603677202 ], [ -0.269285884001867, 51.490914097313571 ], [ -0.269439139887378, 51.490904172992707 ], [ -0.269964596152272, 51.490870151764781 ], [ -0.270129471702451, 51.49085769109336 ], [ -0.270207265185526, 51.490851805857169 ], [ -0.270305095558518, 51.490844408456518 ], [ -0.270365680382277, 51.490904995093501 ], [ -0.270480421397756, 51.490980606503207 ], [ -0.270530184861567, 51.491036339343296 ], [ -0.27052669034452, 51.491128687624879 ], [ -0.270476660256229, 51.491213992060757 ], [ -0.270486198353012, 51.491215463587935 ], [ -0.270674779890288, 51.491244654996258 ], [ -0.270689094490878, 51.49133499064083 ], [ -0.270696467826864, 51.491381492562958 ], [ -0.270624224036644, 51.491500704757385 ], [ -0.270592062301615, 51.491517703443279 ], [ -0.270543129743108, 51.491572853640541 ], [ -0.270525858227996, 51.491587311057565 ], [ -0.270553785078022, 51.491607614548045 ], [ -0.270740753262773, 51.491701952008398 ], [ -0.270757256177113, 51.49173027040176 ], [ -0.270767600030164, 51.491883298419516 ], [ -0.270769754629757, 51.491915443035758 ], [ -0.270769951213246, 51.491918242656602 ], [ -0.270760987406546, 51.491925574458783 ], [ -0.270756943484199, 51.491928896100767 ], [ -0.270630322197755, 51.491946372945549 ], [ -0.270620241155648, 51.491946682970891 ], [ -0.270565827038063, 51.491948344849575 ], [ -0.270549775318821, 51.4919488366343 ], [ -0.270529366559155, 51.491945316401235 ], [ -0.270509123645011, 51.491946169051793 ], [ -0.270487395089686, 51.491947071739212 ], [ -0.270420708020691, 51.491949865555164 ], [ -0.270341179815141, 51.491953198422905 ], [ -0.270312496458937, 51.491954403213029 ], [ -0.270221505663318, 51.491953061669555 ], [ -0.270213443188096, 51.491952942795209 ], [ -0.270151350477948, 51.491949671190206 ], [ -0.270037248389283, 51.491943519369848 ], [ -0.269981699320707, 51.491940533011444 ], [ -0.269954099784502, 51.491937841880116 ], [ -0.269928667094601, 51.491935371542255 ], [ -0.269874055604725, 51.491930069854646 ], [ -0.269852053323044, 51.491927928861656 ], [ -0.269719020194891, 51.491914995840233 ], [ -0.269540747880068, 51.491897672431428 ], [ -0.269436305093078, 51.49188751687268 ], [ -0.269358058371461, 51.491879833956581 ], [ -0.269334636258504, 51.491877528038664 ], [ -0.269257824872398, 51.491869983133945 ], [ -0.269243300810617, 51.491868554857071 ], [ -0.269155841082128, 51.491859944534646 ], [ -0.269149181866427, 51.49185928874337 ], [ -0.268884361154202, 51.491833268466934 ], [ -0.268851796653574, 51.49183007216579 ], [ -0.26876882877123, 51.491821914519889 ], [ -0.268753476454635, 51.491816112509404 ], [ -0.268731250194822, 51.49180771808652 ], [ -0.268706784929244, 51.491795684552912 ], [ -0.268646049004589, 51.491809842002688 ], [ -0.268599778777303, 51.491805292303958 ], [ -0.26843210627719, 51.491788816072066 ], [ -0.268402972219894, 51.491785949050282 ], [ -0.268144639890066, 51.491760553460402 ], [ -0.268108987492424, 51.49175103448831 ], [ -0.268002030389921, 51.491722477508283 ], [ -0.267958478812379, 51.491710054144924 ], [ -0.267912604022814, 51.491696975971585 ], [ -0.267901931385031, 51.491703014363381 ], [ -0.267834576743444, 51.491739771225674 ], [ -0.26789336231572, 51.491774037953739 ], [ -0.268129015220204, 51.492068717849776 ], [ -0.268136070325201, 51.492077553888784 ], [ -0.268157011235196, 51.492082233452102 ], [ -0.268197517360189, 51.492085700039617 ], [ -0.268309746306425, 51.492095288174617 ], [ -0.268324774863413, 51.492094808572233 ], [ -0.268393109856178, 51.492092633787173 ], [ -0.268484584210238, 51.492096807587863 ], [ -0.26850370654189, 51.492102341537297 ], [ -0.268508793432904, 51.492103814975344 ], [ -0.268528728075005, 51.492109581229997 ], [ -0.268555936465985, 51.492120886409275 ], [ -0.268659975473995, 51.492181445220716 ], [ -0.268665289165132, 51.492184536150987 ], [ -0.268658365135455, 51.49225244486739 ], [ -0.268657423673892, 51.492261702325742 ], [ -0.268632742752913, 51.492321876160176 ], [ -0.26857502848941, 51.492396535137544 ], [ -0.26856562260553, 51.492405254018415 ], [ -0.268425300548129, 51.492535194155032 ], [ -0.268406225975321, 51.49255652180117 ], [ -0.268393731848142, 51.4925756444675 ], [ -0.268424288657923, 51.492650823818011 ], [ -0.268385842513778, 51.49267166771314 ], [ -0.268271446973759, 51.492716920506957 ], [ -0.26814395365928, 51.492757690408823 ], [ -0.268083827955403, 51.492771667595164 ], [ -0.268075674628903, 51.492773561575 ], [ -0.267994705541361, 51.492786358745313 ], [ -0.267908261771458, 51.492792330599144 ], [ -0.267890539794561, 51.492793552738213 ], [ -0.268079760017288, 51.492810572400543 ], [ -0.268334461204114, 51.492833477222668 ], [ -0.268650495535687, 51.492869849291374 ], [ -0.269051613906272, 51.492916000818155 ], [ -0.269080409041742, 51.492916425653235 ], [ -0.269467609984052, 51.492934880102098 ], [ -0.269626835890519, 51.492942471294782 ], [ -0.269706022584427, 51.492943639186315 ], [ -0.269727618956415, 51.492943957692923 ], [ -0.269720044135355, 51.493005885786225 ], [ -0.269784004076242, 51.493033680900247 ], [ -0.269788055835959, 51.493035787364896 ], [ -0.269904305298077, 51.493042819911743 ], [ -0.270002764131289, 51.493055854239941 ], [ -0.270008941936089, 51.493056673734777 ], [ -0.269991281019146, 51.493321037938806 ], [ -0.269935823008499, 51.494150540893393 ], [ -0.269934984479587, 51.494163172092783 ], [ -0.269919516882583, 51.494158870366306 ], [ -0.269756985419572, 51.494113686830516 ], [ -0.269715508207158, 51.494102149147871 ], [ -0.26957277382756, 51.494071150854445 ], [ -0.269536008824854, 51.494063189714879 ], [ -0.269468894839227, 51.494048647977053 ], [ -0.269409939800987, 51.494035872192583 ], [ -0.269402195712759, 51.494034184260713 ], [ -0.269331709783481, 51.494018909269258 ], [ -0.269261024997027, 51.494007363221762 ], [ -0.269252849759256, 51.494006028622834 ], [ -0.26904358823745, 51.493971827087051 ], [ -0.268999218784545, 51.493964580900709 ], [ -0.268980033223721, 51.493961456177182 ], [ -0.268844071742372, 51.493945061950775 ], [ -0.268814358527606, 51.493941476111118 ], [ -0.268802126176601, 51.493940000681562 ], [ -0.268780722961734, 51.493937994252043 ], [ -0.268621342181747, 51.493922998748538 ], [ -0.268519370978111, 51.493917456206383 ], [ -0.268507496386284, 51.493916804350668 ], [ -0.268477133378453, 51.49391516022515 ], [ -0.268435859078349, 51.493912914416313 ], [ -0.268327159939701, 51.493907002631673 ], [ -0.268310483278329, 51.493906100026138 ], [ -0.268298076653047, 51.493905422311158 ], [ -0.268292527251272, 51.493905124579072 ], [ -0.268252503882011, 51.493902942132472 ], [ -0.268085152086467, 51.493902513164407 ], [ -0.267991105127091, 51.493902266890579 ], [ -0.267910281546872, 51.493902053894999 ], [ -0.267905441818739, 51.493902036400499 ], [ -0.267819562963798, 51.493905210853406 ], [ -0.267784204607354, 51.493906514312002 ], [ -0.267768956070108, 51.493907080524465 ], [ -0.26773143394113, 51.493908459931276 ], [ -0.267689841977485, 51.493911173084705 ], [ -0.267654907876679, 51.493913444974595 ], [ -0.267630789815367, 51.493915031257181 ], [ -0.267565094513632, 51.493919321868852 ], [ -0.267581682128402, 51.493944224458303 ], [ -0.26705204408994, 51.494000142039269 ], [ -0.266666581314723, 51.494040831655823 ], [ -0.266522463901484, 51.494056777493952 ], [ -0.266168680046807, 51.494095919191516 ], [ -0.265526601255275, 51.494166966330795 ], [ -0.265468858583393, 51.494173504579521 ], [ -0.264416884973709, 51.494292638382937 ], [ -0.264389748440661, 51.494295932901522 ], [ -0.264073890595296, 51.494334352386481 ], [ -0.263904180380168, 51.494354997151888 ], [ -0.263906643225122, 51.494285646821254 ], [ -0.263907219206345, 51.49428110509696 ], [ -0.263924056762589, 51.494147760424319 ] ] ] } },
{ "type": "Feature", "properties": { "lsoa21cd": "E01002569", "lsoa21nm": "Hounslow 001A", "msoa21cd": "E02000526", "msoa21nm": "Hounslow 001", "lad22cd": "E09000018", "lad22nm": "Hounslow", "index_right": 85, "GSS_CODE": "E05000365", "risk_score": 0.0012108745378982641, "allocation_hours": 0.012352168751328626, "patrol_units": 0 }, "geometry": { "type": "Polygon", "coordinates": [ [ [ -0.252247114940553, 51.491191273757735 ], [ -0.252174008126437, 51.491011248308084 ], [ -0.252188120186431, 51.49099065847728 ], [ -0.252186176586246, 51.490984226734064 ], [ -0.252152608055008, 51.490873611269194 ], [ -0.252047778825119, 51.490651495004279 ], [ -0.252027051070743, 51.490601753418332 ], [ -0.251993453833846, 51.490599247479025 ], [ -0.25191784215521, 51.490593606565589 ], [ -0.25176770991232, 51.490582421785525 ], [ -0.251658169301023, 51.4905951867227 ], [ -0.251653945545754, 51.490595456508593 ], [ -0.251618961046629, 51.490599467467248 ], [ -0.251521536490719, 51.490600326696672 ], [ -0.251507222314758, 51.490612262484483 ], [ -0.25142046967755, 51.490622210428555 ], [ -0.251418896340064, 51.49061626979644 ], [ -0.251380417277447, 51.490470275677296 ], [ -0.251362266175031, 51.490401399993104 ], [ -0.251360367023454, 51.490394186536193 ], [ -0.25135922198044, 51.490389852983654 ], [ -0.251351221425779, 51.490359509342724 ], [ -0.251340415158257, 51.490318539498965 ], [ -0.251332415659513, 51.490288168894267 ], [ -0.251324146010772, 51.490289331592813 ], [ -0.251318362897691, 51.490278966764507 ], [ -0.251301081178887, 51.490247234805395 ], [ -0.251293584949793, 51.490233454201842 ], [ -0.251305935616837, 51.490227280459827 ], [ -0.251306373363118, 51.490215839302017 ], [ -0.251335510440699, 51.490207280895746 ], [ -0.25136312215524, 51.490198681762536 ], [ -0.251394740066776, 51.490182885237438 ], [ -0.251481004564379, 51.490139738046395 ], [ -0.251710602063723, 51.49005162312411 ], [ -0.251744299669252, 51.490038690206418 ], [ -0.25156873082637, 51.489829808715598 ], [ -0.25184206210825, 51.489748388413467 ], [ -0.251818921810392, 51.489717675321046 ], [ -0.251816974802682, 51.489715101380156 ], [ -0.251748645475571, 51.489659956246562 ], [ -0.251732995250232, 51.489659381313317 ], [ -0.251776312297462, 51.489654046662501 ], [ -0.251890184419294, 51.489640015234173 ], [ -0.252035523299432, 51.489606209994385 ], [ -0.252653819068014, 51.489389739973589 ], [ -0.253142973490403, 51.489218483541379 ], [ -0.253132481669665, 51.489184703682803 ], [ -0.253122759142468, 51.489090468479205 ], [ -0.253101900759552, 51.489047523594024 ], [ -0.253073724590876, 51.489022302232748 ], [ -0.253017775208258, 51.488991091845897 ], [ -0.253013233754195, 51.48898856022592 ], [ -0.252953387654076, 51.488968100988544 ], [ -0.25291185761736, 51.488980593884556 ], [ -0.25283340582295, 51.489019173254356 ], [ -0.252811257280891, 51.489034103995905 ], [ -0.25278601160913, 51.489047531794512 ], [ -0.252768570411674, 51.489053117293302 ], [ -0.25273947163145, 51.48905542669889 ], [ -0.252670709776919, 51.489069618232044 ], [ -0.252589420882056, 51.489108173168503 ], [ -0.252551410140503, 51.489120916192391 ], [ -0.252540773878605, 51.489126342225561 ], [ -0.252515182308016, 51.489135250486825 ], [ -0.252483964035757, 51.489142132512832 ], [ -0.25247817942117, 51.489142729794033 ], [ -0.252423985135412, 51.489155663367526 ], [ -0.252371262587089, 51.489176442472733 ], [ -0.252366594848404, 51.489179097724417 ], [ -0.252317198770335, 51.489196886829987 ], [ -0.252281663351303, 51.489209684625102 ], [ -0.252274324277074, 51.489213639988272 ], [ -0.252232158301108, 51.489229945058995 ], [ -0.252221047891544, 51.48923232447283 ], [ -0.252150132995102, 51.489256852187708 ], [ -0.252136822801166, 51.489263079163621 ], [ -0.252125557219809, 51.489269327606351 ], [ -0.252033358929682, 51.489300840222569 ], [ -0.251995253568771, 51.489310775938769 ], [ -0.251987557880183, 51.489312378880513 ], [ -0.251916863656063, 51.489335273073401 ], [ -0.251904184975162, 51.489341370045715 ], [ -0.251850628313401, 51.489359465660726 ], [ -0.251839918515737, 51.489365304197577 ], [ -0.251770971642905, 51.489390715311629 ], [ -0.251721709905393, 51.489401590794515 ], [ -0.251708629802127, 51.489407636800287 ], [ -0.251698927370325, 51.489410486779889 ], [ -0.251658542283181, 51.489415622292718 ], [ -0.2515599584874, 51.489444971065922 ], [ -0.251527059714576, 51.489459246775183 ], [ -0.25143463975146, 51.489473183972926 ], [ -0.251423193155588, 51.489459497378036 ], [ -0.251257887799869, 51.489261802508246 ], [ -0.251161161245213, 51.489297950175718 ], [ -0.251095678138742, 51.489322423371057 ], [ -0.250715870287629, 51.489460644114359 ], [ -0.250706988710859, 51.489450700678788 ], [ -0.250171898623071, 51.489634022732282 ], [ -0.25013451913918, 51.489625731535121 ], [ -0.250011123350802, 51.489594655875059 ], [ -0.249987716751778, 51.489588236690366 ], [ -0.249979354508724, 51.489585800841823 ], [ -0.249971870389556, 51.489583755783279 ], [ -0.249819956263223, 51.489539071274045 ], [ -0.249811461088043, 51.489536345664902 ], [ -0.249705316671099, 51.489510311133515 ], [ -0.249661786446019, 51.489494877767946 ], [ -0.249508225356577, 51.48944732660113 ], [ -0.249213802793116, 51.489360281772456 ], [ -0.249211430852487, 51.489356019818359 ], [ -0.249179874119849, 51.489314937974321 ], [ -0.249141815457889, 51.48925557589714 ], [ -0.249124378962049, 51.489224174044359 ], [ -0.249115925280143, 51.489209839456002 ], [ -0.249102557997697, 51.489189532342635 ], [ -0.249055457154767, 51.489121051611896 ], [ -0.249021438542871, 51.4890784402007 ], [ -0.248941051230715, 51.488985470186009 ], [ -0.248922549402384, 51.488939772029411 ], [ -0.248872721411421, 51.488825936413839 ], [ -0.248899467790773, 51.488782766075062 ], [ -0.24886492794861, 51.48870263837415 ], [ -0.248817211910492, 51.488591963707378 ], [ -0.24893601931816, 51.488543818559755 ], [ -0.249044689100777, 51.488500476965903 ], [ -0.249207700925955, 51.488435455497061 ], [ -0.249696674625078, 51.488240424756277 ], [ -0.24972419396305, 51.488227067494201 ], [ -0.249975520676088, 51.488105107784342 ], [ -0.250415823413611, 51.487891443585823 ], [ -0.250500265557753, 51.487851786042349 ], [ -0.250590237288093, 51.487809531065828 ], [ -0.25065545579329, 51.48769670107788 ], [ -0.25065649618804, 51.48769322742892 ], [ -0.250670898133203, 51.487645106486291 ], [ -0.250720519672235, 51.487398961185718 ], [ -0.250682479571857, 51.48738163166859 ], [ -0.250668300575583, 51.487375754874549 ], [ -0.250283874403572, 51.487156014699252 ], [ -0.250185239729304, 51.487107404080717 ], [ -0.250185040691893, 51.487054659024388 ], [ -0.250191392524011, 51.487021930459321 ], [ -0.250189215388068, 51.487002797530479 ], [ -0.250150733788226, 51.486664404466289 ], [ -0.250123944801666, 51.486622215930609 ], [ -0.250122727988737, 51.486617881294514 ], [ -0.2501193286454, 51.486605843348229 ], [ -0.250113317197335, 51.486584530957764 ], [ -0.250038706219281, 51.48632004043364 ], [ -0.249687900050803, 51.486044883271497 ], [ -0.249580955003478, 51.486062541169673 ], [ -0.249638399903152, 51.486000377432035 ], [ -0.249697357427251, 51.485965286223866 ], [ -0.249773042419912, 51.485912755901474 ], [ -0.249786152056319, 51.485903662015417 ], [ -0.249844750834249, 51.485877558064118 ], [ -0.249888624644734, 51.485860227129443 ], [ -0.24993561057296, 51.485860927967011 ], [ -0.249946205439395, 51.485861085996419 ], [ -0.250003098083931, 51.485879919940878 ], [ -0.250059197017059, 51.485919488143978 ], [ -0.250108605680381, 51.485954352285873 ], [ -0.250185419203673, 51.486008536731653 ], [ -0.250284121812452, 51.48606396481042 ], [ -0.250406100828185, 51.486107347981019 ], [ -0.250468852394053, 51.486129668303491 ], [ -0.250629176132018, 51.486198586697526 ], [ -0.250749596278821, 51.486250354432613 ], [ -0.250777299611809, 51.486262260105043 ], [ -0.250837283107792, 51.486288046111639 ], [ -0.250868334171196, 51.486304686860066 ], [ -0.25097822511309, 51.486363626433786 ], [ -0.250996813794355, 51.486373579661119 ], [ -0.251147777290776, 51.486454533919542 ], [ -0.251175095685396, 51.486468600998656 ], [ -0.25118030787329, 51.48647128656615 ], [ -0.251313933123702, 51.486540111837606 ], [ -0.251345545318345, 51.486556401116978 ], [ -0.251368144522816, 51.486564687462447 ], [ -0.251385616087868, 51.486571089854444 ], [ -0.251394813535531, 51.486574459798163 ], [ -0.251473385612128, 51.486603260786787 ], [ -0.251501832381101, 51.48661268639529 ], [ -0.251591015817726, 51.486636515135366 ], [ -0.25168582387841, 51.486619861685732 ], [ -0.251684320924674, 51.48652433696406 ], [ -0.251679433216926, 51.486519192252977 ], [ -0.251660810451483, 51.486499580461405 ], [ -0.251536051531078, 51.486432416373759 ], [ -0.251529461236269, 51.486428855980002 ], [ -0.251521892558675, 51.486394013436197 ], [ -0.251476970588218, 51.486326537324167 ], [ -0.251477082537485, 51.486321727905398 ], [ -0.251478146803976, 51.486276960188533 ], [ -0.251387938306783, 51.486200499904811 ], [ -0.251338542516409, 51.48604063814777 ], [ -0.251337850286431, 51.486025223359178 ], [ -0.251335519924926, 51.485973561615296 ], [ -0.251349232361115, 51.485974305542776 ], [ -0.251622604778691, 51.485989125792166 ], [ -0.25178665096677, 51.485998027108657 ], [ -0.251895193358253, 51.4861933694012 ], [ -0.251862681484382, 51.486249381519983 ], [ -0.251913665713498, 51.486317289581557 ], [ -0.252317193046494, 51.486290235305738 ], [ -0.252331643627497, 51.48630407448767 ], [ -0.252408299533792, 51.486377535540647 ], [ -0.252462239971144, 51.486357215188768 ], [ -0.252505426083868, 51.486357858448542 ], [ -0.252816660517442, 51.486128683981008 ], [ -0.252896132220604, 51.486084769139261 ], [ -0.252903731615702, 51.486088308519399 ], [ -0.25296841991948, 51.486118399118396 ], [ -0.252992576734062, 51.486129648976885 ], [ -0.253047740604196, 51.486155317187084 ], [ -0.253051672112587, 51.486152695907464 ], [ -0.253134731367477, 51.486097440588942 ], [ -0.253296856952032, 51.486000943881436 ], [ -0.25342950492962, 51.485921984500365 ], [ -0.253537493831452, 51.485861497573801 ], [ -0.253679717624121, 51.485781826147381 ], [ -0.253694799510591, 51.485764065262991 ], [ -0.253777244002344, 51.485710535922301 ], [ -0.253806414334151, 51.485691590848418 ], [ -0.25380989982786, 51.48568933160491 ], [ -0.253857251990048, 51.48565857095813 ], [ -0.254018359399301, 51.485589027159591 ], [ -0.254104621407672, 51.485552055980712 ], [ -0.254116570012578, 51.4855469370967 ], [ -0.254281933895841, 51.485476044422761 ], [ -0.254507553897676, 51.485381560916558 ], [ -0.254567157267428, 51.485356593688117 ], [ -0.254566023288912, 51.48535347434018 ], [ -0.254529837421858, 51.485319276355419 ], [ -0.25447706653291, 51.485269418140248 ], [ -0.254200750720063, 51.4852634992492 ], [ -0.254191701143942, 51.485255316131621 ], [ -0.253977235520606, 51.485061533549313 ], [ -0.253717927669056, 51.484827218535699 ], [ -0.253656835939518, 51.484772011344852 ], [ -0.253580735041942, 51.484725510441407 ], [ -0.253533920083777, 51.484696990180652 ], [ -0.253534128161186, 51.4846915437086 ], [ -0.253563947938529, 51.484665009536968 ], [ -0.253799682925535, 51.484531892479858 ], [ -0.253854339934059, 51.484501033719233 ], [ -0.253912795172141, 51.484468019259779 ], [ -0.254094739687409, 51.484365278691008 ], [ -0.254138047040791, 51.484340824555041 ], [ -0.254280187286811, 51.484291852174373 ], [ -0.254509327686525, 51.484212897442873 ], [ -0.254668367817879, 51.484158105954585 ], [ -0.254831975893313, 51.484101736535493 ], [ -0.254838601998472, 51.484099452035586 ], [ -0.25489500543763, 51.484162034828373 ], [ -0.254939540060542, 51.484211437627067 ], [ -0.255142592499825, 51.484436703001386 ], [ -0.255232203388311, 51.484525120896272 ], [ -0.255317001339304, 51.484577379486616 ], [ -0.255327484697615, 51.484583848250594 ], [ -0.255438709326959, 51.484602974988171 ], [ -0.255433769777465, 51.484617298833719 ], [ -0.255403403354298, 51.484705362327155 ], [ -0.255693633535328, 51.484677951515451 ], [ -0.255650199316189, 51.484769534765185 ], [ -0.255630225675912, 51.48485663774175 ], [ -0.25567020399536, 51.484952635578502 ], [ -0.255748287191381, 51.485041619081812 ], [ -0.255856224998311, 51.485126541025238 ], [ -0.255905263927783, 51.485168924174985 ], [ -0.256008291489223, 51.485257981560558 ], [ -0.256012683463175, 51.485261783309163 ], [ -0.256017239955306, 51.485265425634744 ], [ -0.256030495928306, 51.485275865354907 ], [ -0.256053036271394, 51.485293628240484 ], [ -0.256057664916651, 51.485297267140673 ], [ -0.256095781948571, 51.485327311760045 ], [ -0.25610513693316, 51.485334671943143 ], [ -0.256204151033897, 51.485412666943965 ], [ -0.256315862224982, 51.485500661592823 ], [ -0.256324252127611, 51.485507270014494 ], [ -0.256340150758038, 51.485519799308221 ], [ -0.256373864643895, 51.485546343189306 ], [ -0.256387931358275, 51.485557433398775 ], [ -0.256531259234315, 51.485670335345795 ], [ -0.25654060013497, 51.485677690788251 ], [ -0.256551745229909, 51.485686457914881 ], [ -0.256597316519341, 51.485722359470294 ], [ -0.256617526311378, 51.485738172172042 ], [ -0.256626673419003, 51.485745322392383 ], [ -0.256634561636288, 51.485751491687758 ], [ -0.256652155984397, 51.485765260149506 ], [ -0.256811823102791, 51.485890131007778 ], [ -0.256819976997007, 51.485896511069875 ], [ -0.256827320130777, 51.485902245100604 ], [ -0.256856928664322, 51.485925414038888 ], [ -0.256881376681592, 51.485944536025535 ], [ -0.257113116827023, 51.486125777809455 ], [ -0.257117844180345, 51.486129476586292 ], [ -0.257189496794334, 51.486185513300562 ], [ -0.257197035559003, 51.486191407586098 ], [ -0.257301808308248, 51.486273349556036 ], [ -0.257312801683074, 51.486281947991429 ], [ -0.257368313901781, 51.486325371808647 ], [ -0.257406057681063, 51.48635542844017 ], [ -0.257413061810242, 51.486360991033997 ], [ -0.257416122925637, 51.486363437548242 ], [ -0.257577632983235, 51.486492025327955 ], [ -0.257732999163272, 51.486615742931399 ], [ -0.257802092750533, 51.486670747574273 ], [ -0.257828877110855, 51.48669208028609 ], [ -0.258060308366589, 51.486876331744277 ], [ -0.258179497123147, 51.486986004586178 ], [ -0.258382974582123, 51.487173250409811 ], [ -0.25852109671574, 51.487340253562614 ], [ -0.258688868245843, 51.487555897410864 ], [ -0.258695583211501, 51.487564522141483 ], [ -0.258724867073621, 51.487602164908886 ], [ -0.258618082939313, 51.48760251701254 ], [ -0.258511829253499, 51.487602783368729 ], [ -0.258353989591992, 51.487603192107557 ], [ -0.258190681338415, 51.487595533939988 ], [ -0.258041269389882, 51.487588536004054 ], [ -0.257921865213521, 51.487582936682145 ], [ -0.257916502088867, 51.487582686185647 ], [ -0.257801317802546, 51.487577288787506 ], [ -0.257519258652902, 51.487554269266724 ], [ -0.257440052621108, 51.487547814156017 ], [ -0.257424343721742, 51.487546528689663 ], [ -0.257323426807853, 51.48753829421284 ], [ -0.257158620633636, 51.487522143945448 ], [ -0.256900384118853, 51.487497177393358 ], [ -0.256874076267663, 51.487494245191215 ], [ -0.256555498873706, 51.487449460731099 ], [ -0.256435664830846, 51.487428145083967 ], [ -0.25641363252574, 51.487424220577516 ], [ -0.256293628509702, 51.48740283301548 ], [ -0.256266932365232, 51.487398074786419 ], [ -0.256226315930294, 51.487390834503287 ], [ -0.256155297868374, 51.487378178365205 ], [ -0.256103106997922, 51.487368886527946 ], [ -0.25598582131882, 51.487347988690971 ], [ -0.255898350868504, 51.487332399014974 ], [ -0.255792195957351, 51.487313482975694 ], [ -0.255613993408199, 51.487281724205744 ], [ -0.255533275446868, 51.487267349748748 ], [ -0.255243086144961, 51.487227594373117 ], [ -0.255231909670496, 51.487226061272999 ], [ -0.255127408573878, 51.487211755496411 ], [ -0.255041635862559, 51.48720000332964 ], [ -0.254940015376373, 51.487186081952082 ], [ -0.254834425546597, 51.487171624830083 ], [ -0.254351215151134, 51.48710500790601 ], [ -0.254258118766017, 51.487092683072504 ], [ -0.253912764806378, 51.487045395000848 ], [ -0.253766827816685, 51.487031388572582 ], [ -0.253726027500521, 51.487027471980042 ], [ -0.25370775822327, 51.487025725249566 ], [ -0.253693242235105, 51.487024326645361 ], [ -0.253517663164602, 51.487007473144637 ], [ -0.253138624109871, 51.486971389819601 ], [ -0.253049378198797, 51.487023405571115 ], [ -0.25290570768181, 51.487108387330643 ], [ -0.252855396725821, 51.487131711534332 ], [ -0.252848607198201, 51.487134865777243 ], [ -0.252808560005086, 51.487153450786991 ], [ -0.252769705169356, 51.487180407744965 ], [ -0.252737626964784, 51.487210199390219 ], [ -0.252732922623797, 51.487214571715327 ], [ -0.252724440137252, 51.487222448875613 ], [ -0.252689810669265, 51.48726848826437 ], [ -0.252684806011605, 51.487281093414374 ], [ -0.252664421895394, 51.487332407837165 ], [ -0.252658134813063, 51.48735821313312 ], [ -0.252655913621984, 51.48736733460494 ], [ -0.252650660750861, 51.487389823513688 ], [ -0.252664569328295, 51.48743443204458 ], [ -0.252701614868933, 51.487460729834957 ], [ -0.252713351019014, 51.487464690543852 ], [ -0.252757868294749, 51.487478392929887 ], [ -0.252871826527037, 51.487488714010254 ], [ -0.252907568496171, 51.487491953064279 ], [ -0.253034632321748, 51.487503458342523 ], [ -0.253100460635969, 51.487512442022513 ], [ -0.253114008157552, 51.487515629313336 ], [ -0.253155650192591, 51.487525421882268 ], [ -0.2531597902678, 51.487526391786403 ], [ -0.253193237859369, 51.487542932743317 ], [ -0.253207063084638, 51.487549784180871 ], [ -0.253234445523584, 51.48756333917779 ], [ -0.253263477610322, 51.487586495938331 ], [ -0.253269931825394, 51.487594002003632 ], [ -0.253272200314133, 51.487596832502717 ], [ -0.253290380460057, 51.487619387046884 ], [ -0.253304349667383, 51.487648857218829 ], [ -0.253307122813117, 51.487654689794624 ], [ -0.253314533746235, 51.487670330495419 ], [ -0.253337605537661, 51.487705097983159 ], [ -0.253396035383428, 51.487793115967712 ], [ -0.253441921177778, 51.48786224239683 ], [ -0.253464938323954, 51.487896937103677 ], [ -0.253466940158769, 51.487899961468351 ], [ -0.253538200323511, 51.488007315805326 ], [ -0.25358352790099, 51.488075606540562 ], [ -0.253586210743855, 51.488079657213703 ], [ -0.253588307871627, 51.488082826877701 ], [ -0.253614731235916, 51.488122626146478 ], [ -0.253638961546301, 51.488159128420648 ], [ -0.253646520695215, 51.488170517766072 ], [ -0.253665247905481, 51.488198745784651 ], [ -0.253690160322693, 51.488236247396294 ], [ -0.253732613892347, 51.488300223767908 ], [ -0.25375819199262, 51.488338778424293 ], [ -0.253765152111865, 51.488349259577319 ], [ -0.253779739308304, 51.488371238989693 ], [ -0.253797754926127, 51.488396983406957 ], [ -0.253841563478734, 51.488459622009998 ], [ -0.25385275571774, 51.48847564269083 ], [ -0.253875469243967, 51.48850812059532 ], [ -0.253928680545417, 51.488584235257647 ], [ -0.253996862323986, 51.488681732473921 ], [ -0.254010630325183, 51.488701406530971 ], [ -0.254040050035351, 51.488743480478128 ], [ -0.254069851949342, 51.488786108659149 ], [ -0.254133540345724, 51.488877190090442 ], [ -0.254149712083352, 51.488900308127661 ], [ -0.2541592182646, 51.488913902641869 ], [ -0.254199646673116, 51.488971724685641 ], [ -0.254240799735527, 51.489030564678508 ], [ -0.254244159614288, 51.489035371803219 ], [ -0.25425066070555, 51.489044677047325 ], [ -0.254326717533752, 51.489151634644543 ], [ -0.254408771913306, 51.489270758599829 ], [ -0.254411803821128, 51.489275102212986 ], [ -0.254471122880623, 51.489359931479669 ], [ -0.254531385395278, 51.48944608768349 ], [ -0.254575757811424, 51.489520982426441 ], [ -0.254589005161631, 51.489543364457717 ], [ -0.254600589545599, 51.489562709198779 ], [ -0.25462534241942, 51.489584623913252 ], [ -0.254632765017865, 51.489590736953389 ], [ -0.254642988937914, 51.489600066084421 ], [ -0.254648844047848, 51.489609694424978 ], [ -0.254661300775433, 51.489630149244661 ], [ -0.254677700800522, 51.489657110478362 ], [ -0.254691174570139, 51.489677337622282 ], [ -0.254709320162049, 51.489708758211265 ], [ -0.254712148156486, 51.4897135394244 ], [ -0.25471452646496, 51.489717648489396 ], [ -0.254717947407622, 51.489723499659632 ], [ -0.25476671843382, 51.489807704238792 ], [ -0.254774367853374, 51.489820893388384 ], [ -0.254787274673631, 51.489843144433252 ], [ -0.254788855765753, 51.489845874750031 ], [ -0.254818484911849, 51.489897025227407 ], [ -0.254825181864326, 51.489908563537249 ], [ -0.254852075270921, 51.489954970138463 ], [ -0.254879428358239, 51.4900021659342 ], [ -0.254886576740533, 51.490014520296626 ], [ -0.254898091417799, 51.490034376553126 ], [ -0.254914011816139, 51.490061834208312 ], [ -0.254919403278008, 51.490071158879786 ], [ -0.254940904027272, 51.490108276741189 ], [ -0.254953405875197, 51.490129820314159 ], [ -0.254978164192942, 51.49017254409894 ], [ -0.255002463267995, 51.490214469691651 ], [ -0.255009368704179, 51.490226397776723 ], [ -0.255015410064908, 51.490236811231703 ], [ -0.255034695410449, 51.49027008322723 ], [ -0.255036181245392, 51.49027266824082 ], [ -0.255040640466881, 51.490280378343627 ], [ -0.255055788463762, 51.490306565515091 ], [ -0.255061720848537, 51.490316815478486 ], [ -0.255112772436219, 51.490405082547568 ], [ -0.255120534816358, 51.49041852514862 ], [ -0.255125325167736, 51.49042680671176 ], [ -0.255133243509596, 51.490440503426598 ], [ -0.25513947206844, 51.490451297351605 ], [ -0.25514359199407, 51.490458462843264 ], [ -0.255169769674175, 51.49050363571908 ], [ -0.255179066610878, 51.490519709015913 ], [ -0.255182498636523, 51.490525650263628 ], [ -0.255184822872296, 51.490529668587662 ], [ -0.255186297072028, 51.490532181484781 ], [ -0.255191607066195, 51.490541379034028 ], [ -0.255216146796411, 51.490583802756966 ], [ -0.255222727406877, 51.490595186437268 ], [ -0.255242848349304, 51.490629972601567 ], [ -0.255248685871982, 51.490640068268746 ], [ -0.255255754245549, 51.490652259549535 ], [ -0.255264942243354, 51.49066816935089 ], [ -0.255280542935019, 51.49069514558748 ], [ -0.255303737149935, 51.490735274133392 ], [ -0.255305372801961, 51.490738086188387 ], [ -0.255317169228204, 51.490758872837908 ], [ -0.25532676651524, 51.490775759930287 ], [ -0.255333056169104, 51.490786842518879 ], [ -0.255343368123221, 51.490805008205541 ], [ -0.25537623309522, 51.490862933179891 ], [ -0.255377745017078, 51.490865590518325 ], [ -0.255389272097508, 51.490885887550206 ], [ -0.255402022986087, 51.490908352029898 ], [ -0.255411947878212, 51.490925828510782 ], [ -0.255438779700601, 51.490973124330928 ], [ -0.25544077801115, 51.490976625220362 ], [ -0.255443922864843, 51.49098216651192 ], [ -0.25546190115942, 51.491013845279134 ], [ -0.255469985932814, 51.491028092998512 ], [ -0.25547441307422, 51.491035892533823 ], [ -0.255477139763739, 51.491040690206674 ], [ -0.255484387858564, 51.491053459676991 ], [ -0.255500570462488, 51.491081991276737 ], [ -0.255502757645738, 51.491085827702683 ], [ -0.255504134189547, 51.491088258209416 ], [ -0.25553044074023, 51.49113460196569 ], [ -0.255533031533933, 51.491139186288528 ], [ -0.255535770745681, 51.491144033605863 ], [ -0.255545364760932, 51.491161010557654 ], [ -0.255405229653794, 51.491193152941086 ], [ -0.255257697354217, 51.491226992678264 ], [ -0.255254722952625, 51.491223967370942 ], [ -0.255252148685074, 51.491218007407745 ], [ -0.255209021844233, 51.491100227383896 ], [ -0.255173238758314, 51.491062141782507 ], [ -0.255133109748197, 51.49103790321174 ], [ -0.255134257823864, 51.491035375357981 ], [ -0.25513587898032, 51.491031775418463 ], [ -0.255136874789599, 51.490986071441114 ], [ -0.255127798822174, 51.49096232167922 ], [ -0.255027421777843, 51.490847323154512 ], [ -0.255021398812296, 51.490846235384524 ], [ -0.254994846144779, 51.490841443029545 ], [ -0.254985504055049, 51.49083975733641 ], [ -0.254925677503222, 51.49085397517608 ], [ -0.254887416534897, 51.490871175600958 ], [ -0.254861403667323, 51.490876013413363 ], [ -0.254852733890667, 51.490879355625978 ], [ -0.254845540497709, 51.490882135274937 ], [ -0.254823042472094, 51.490895271650125 ], [ -0.254812242853064, 51.490901576740505 ], [ -0.254802361126493, 51.490901951322037 ], [ -0.254795464295286, 51.490888287766644 ], [ -0.254764179050063, 51.490893883447725 ], [ -0.254708439891022, 51.490903854484976 ], [ -0.254671062998883, 51.490910537561767 ], [ -0.254665783772401, 51.49091147519816 ], [ -0.254562180831062, 51.490930014554991 ], [ -0.254546458312477, 51.490932829162084 ], [ -0.254540047204139, 51.490933983762872 ], [ -0.254450586112768, 51.490949981656726 ], [ -0.254440854096779, 51.490951716329967 ], [ -0.254393614164171, 51.490960168011817 ], [ -0.254366071012105, 51.490965090857358 ], [ -0.254307198622731, 51.490975626586085 ], [ -0.254293680871128, 51.490978042316591 ], [ -0.254160939114453, 51.491001786147876 ], [ -0.254099253044302, 51.491012819462831 ], [ -0.254083632598285, 51.491015977248573 ], [ -0.253943064259304, 51.491044361488974 ], [ -0.253808926442554, 51.491071456398792 ], [ -0.253783541002132, 51.491076078493073 ], [ -0.253768947867817, 51.491078738944601 ], [ -0.253622726091961, 51.49110540198533 ], [ -0.253526622822363, 51.49112292797588 ], [ -0.253489791637678, 51.491129645776887 ], [ -0.253480479892844, 51.491111710642855 ], [ -0.253442761282041, 51.49111337931749 ], [ -0.253440814416146, 51.491120598434591 ], [ -0.253038950526306, 51.491197626628455 ], [ -0.253025771408043, 51.491200977997238 ], [ -0.252402348757841, 51.491315850672457 ], [ -0.252429132389731, 51.491366968346711 ], [ -0.252444167810746, 51.491407371599372 ], [ -0.252446822660603, 51.491418184374531 ], [ -0.252330835753978, 51.491442202677376 ], [ -0.252247114940553, 51.491191273757735 ] ] ] } },
{ "type": "Feature", "properties": { "lsoa21cd": "E01034042", "lsoa21nm": "Hounslow 030A", "msoa21cd": "E02006972", "msoa21nm": "Hounslow 030", "lad22cd": "E09000018", "lad22nm": "Hounslow", "index_right": 85, "GSS_CODE": "E05000365", "risk_score": 7.3899131180525419, "allocation_hours": 75.384733128735945, "patrol_units": 38 }, "geometry": { "type": "Polygon", "coordinates": [ [ [ -0.287350206123784, 51.494782786349255 ], [ -0.287510428922934, 51.493059021514327 ], [ -0.287516777515194, 51.492990734759005 ], [ -0.287517724131829, 51.492980470080695 ], [ -0.287522863096625, 51.492925236353571 ], [ -0.287478709870027, 51.492930234675867 ], [ -0.2874468845466, 51.492934167470004 ], [ -0.287419387938948, 51.492939449381446 ], [ -0.287403354471956, 51.492942524589296 ], [ -0.287244642674162, 51.492949200178629 ], [ -0.287043411730592, 51.492937269617201 ], [ -0.286870976305079, 51.49292575919857 ], [ -0.286779228754212, 51.492911119422402 ], [ -0.286312500488281, 51.492836669672037 ], [ -0.285952611212979, 51.492770505487748 ], [ -0.285721247545487, 51.492727758206279 ], [ -0.285787887232605, 51.492701584297585 ], [ -0.285104012410242, 51.492566283669042 ], [ -0.284566880412199, 51.492432265379513 ], [ -0.284101774038413, 51.492295296505652 ], [ -0.283905767877756, 51.492228357618522 ], [ -0.283713012904599, 51.492158284184946 ], [ -0.283707491794391, 51.492156277187561 ], [ -0.283693919772974, 51.492151348498957 ], [ -0.283652513467662, 51.492134612607607 ], [ -0.283463787298047, 51.492058333740765 ], [ -0.283245871758085, 51.491963393011147 ], [ -0.28310060857699, 51.491897059643996 ], [ -0.282829047101196, 51.491773042117188 ], [ -0.282726909632936, 51.491726385953903 ], [ -0.282721159562818, 51.491723765855141 ], [ -0.282644535012089, 51.491688773355584 ], [ -0.282406749997069, 51.491580442367571 ], [ -0.282102228908847, 51.491442361662358 ], [ -0.2821456763377, 51.491415875955035 ], [ -0.282338617390414, 51.491298235122677 ], [ -0.282428740620986, 51.491243287431182 ], [ -0.282454673161095, 51.491227480276514 ], [ -0.282613090292795, 51.491213171918474 ], [ -0.282645444424272, 51.491210286766247 ], [ -0.282754654252196, 51.491206125542654 ], [ -0.282868545219449, 51.491201785433475 ], [ -0.282929739431748, 51.49119944371143 ], [ -0.283100925634109, 51.491172309187746 ], [ -0.28329879921757, 51.491117309959172 ], [ -0.283461491050767, 51.491053985519216 ], [ -0.283535900154541, 51.491025025190062 ], [ -0.283545446255498, 51.491021307 ], [ -0.283644122126531, 51.490982904122951 ], [ -0.28367020139605, 51.490972764229163 ], [ -0.283815218716032, 51.490916307421564 ], [ -0.283822060144291, 51.490913646750094 ], [ -0.283847525547376, 51.490903740639411 ], [ -0.283853329257505, 51.490901478449182 ], [ -0.283900225697801, 51.490883225876502 ], [ -0.284022349481229, 51.490835687392781 ], [ -0.284046820953001, 51.490826162378788 ], [ -0.284188460016104, 51.490771031579541 ], [ -0.284251758291486, 51.490746391147219 ], [ -0.28427858086626, 51.490734094756426 ], [ -0.28429754695871, 51.490725406430272 ], [ -0.284350517300383, 51.490701136482365 ], [ -0.28437130097972, 51.490691611427977 ], [ -0.284515585026998, 51.490625475918705 ], [ -0.284662277193411, 51.490548323453375 ], [ -0.284722195355389, 51.490516816905746 ], [ -0.284768175638694, 51.490492633418057 ], [ -0.284792223926982, 51.490479981606804 ], [ -0.28481721249261, 51.4904668399478 ], [ -0.284832774523082, 51.490458650321997 ], [ -0.284840357130547, 51.490454660519681 ], [ -0.285040323961199, 51.490349491931376 ], [ -0.285083541313878, 51.490326760724002 ], [ -0.285118735055531, 51.490308255675295 ], [ -0.285247165850734, 51.490240736499466 ], [ -0.285388482783102, 51.49016952966997 ], [ -0.285475754074577, 51.490125553997679 ], [ -0.285485283039128, 51.490120747288024 ], [ -0.285511843041173, 51.490107367661018 ], [ -0.285583361570585, 51.490071291067999 ], [ -0.2857084856606, 51.49000817442019 ], [ -0.285720539365032, 51.490002109638446 ], [ -0.285755484290231, 51.489984464053066 ], [ -0.285802277989658, 51.489961991660735 ], [ -0.285834608124704, 51.489946466086025 ], [ -0.285887108597965, 51.489921235357514 ], [ -0.285923869073905, 51.489903571283584 ], [ -0.28593670385467, 51.489897418971402 ], [ -0.286084844739543, 51.489826257020574 ], [ -0.286238500775084, 51.489752441668628 ], [ -0.286429927974147, 51.489660491030264 ], [ -0.286502333029131, 51.489625703767651 ], [ -0.286513319644614, 51.489620432657169 ], [ -0.28664064414479, 51.489559262561201 ], [ -0.286773043532502, 51.489495657476226 ], [ -0.286813514398859, 51.489476212792901 ], [ -0.286825395644015, 51.489470514075379 ], [ -0.286850889799195, 51.489455958516764 ], [ -0.28705722354627, 51.489338244660345 ], [ -0.287115643825816, 51.48930491646464 ], [ -0.287141887852455, 51.48928994913301 ], [ -0.287195215319196, 51.489259523116708 ], [ -0.287290277791862, 51.489200120456957 ], [ -0.287384189138539, 51.489141447305201 ], [ -0.2873959532866, 51.489128489730042 ], [ -0.287480433316902, 51.489035497664254 ], [ -0.287531492118732, 51.488982565677581 ], [ -0.287550346315571, 51.488910160281023 ], [ -0.287554114407274, 51.488910662217194 ], [ -0.287578551552094, 51.488913501783969 ], [ -0.287595311472021, 51.488915449624635 ], [ -0.287595956435286, 51.488906500535222 ], [ -0.287596211405021, 51.488902962941147 ], [ -0.287596857904937, 51.488885706440549 ], [ -0.287597380110022, 51.488876689013466 ], [ -0.28767294248691, 51.488868416127403 ], [ -0.287906227816943, 51.488842873332516 ], [ -0.287920875122486, 51.488841269663844 ], [ -0.288012818342363, 51.488831794078216 ], [ -0.288274771920137, 51.488804795704915 ], [ -0.288445949568142, 51.488781293453734 ], [ -0.288677802907175, 51.488749461225794 ], [ -0.288713403135603, 51.488744573211939 ], [ -0.288906080702395, 51.48871451438054 ], [ -0.289041169131807, 51.488693439890788 ], [ -0.289370248179501, 51.488635375247775 ], [ -0.289495790435726, 51.488613224001391 ], [ -0.289672718949832, 51.488583545783577 ], [ -0.289696963603374, 51.488579479320954 ], [ -0.289935510826458, 51.488539465304221 ], [ -0.289965601362771, 51.488534417462418 ], [ -0.290047789589813, 51.4885203826774 ], [ -0.290070469830288, 51.488516510059135 ], [ -0.290211715044156, 51.488492389992082 ], [ -0.290280122489546, 51.488480708128606 ], [ -0.290416381169294, 51.488450992738123 ], [ -0.290437469486261, 51.488446393623278 ], [ -0.290808397392815, 51.488351818302441 ], [ -0.291073893208038, 51.488284124778751 ], [ -0.291143102148657, 51.488266478442362 ], [ -0.291393033691301, 51.488202744475664 ], [ -0.291430292140153, 51.488193243150235 ], [ -0.291441722494874, 51.48819033411278 ], [ -0.291493029379893, 51.488173005987036 ], [ -0.291565954355923, 51.488148381232918 ], [ -0.291645957424292, 51.488121366726197 ], [ -0.291791935112928, 51.488069536138347 ], [ -0.29196885023294, 51.487992706469988 ], [ -0.291978089060436, 51.487988695344505 ], [ -0.292084443172907, 51.487942498770877 ], [ -0.292093011452178, 51.487938777331046 ], [ -0.29214411012385, 51.487916598825528 ], [ -0.292172610137798, 51.487904217102439 ], [ -0.292188421714506, 51.487897963538749 ], [ -0.292287179897569, 51.487858907008537 ], [ -0.292302837933168, 51.487852714142988 ], [ -0.292315645062811, 51.487847648828321 ], [ -0.292340718597418, 51.487837726148854 ], [ -0.292356769885466, 51.487831378030705 ], [ -0.292567357223024, 51.487748094280207 ], [ -0.292616934216753, 51.487731126262602 ], [ -0.29264958922765, 51.487719947858182 ], [ -0.292671417492587, 51.487713030896558 ], [ -0.292793772445003, 51.487677532202447 ], [ -0.292825397468065, 51.487730914350315 ], [ -0.292827158860285, 51.487733889581939 ], [ -0.293140481780015, 51.488215060794147 ], [ -0.293236893149915, 51.488333359339521 ], [ -0.293315181943853, 51.488455971457746 ], [ -0.293111687752364, 51.488511688323655 ], [ -0.292943163870055, 51.488557832860991 ], [ -0.292879159768775, 51.488575354560638 ], [ -0.292845086817078, 51.488585569056553 ], [ -0.292801486822873, 51.488598639474894 ], [ -0.2928010155002, 51.488601231502791 ], [ -0.292782501114722, 51.48870340677 ], [ -0.292666331501517, 51.489344519697553 ], [ -0.292650995372108, 51.489429154184997 ], [ -0.292485037666855, 51.489459328385244 ], [ -0.292398584842552, 51.489708705185592 ], [ -0.292479431056199, 51.48971620823913 ], [ -0.292680549379454, 51.48972541662431 ], [ -0.29276703002144, 51.489729390913581 ], [ -0.293111880701058, 51.48975239404578 ], [ -0.293422849028032, 51.489762170560766 ], [ -0.293425474792759, 51.489762252820363 ], [ -0.293618126321328, 51.489768301407203 ], [ -0.293644225277145, 51.489769130641513 ], [ -0.294103631203988, 51.489780307929244 ], [ -0.294182094235994, 51.489782204189495 ], [ -0.29423165861406, 51.489783410447536 ], [ -0.294565283294818, 51.489791516070142 ], [ -0.294733985135267, 51.489787781343885 ], [ -0.294734409216107, 51.489784136476494 ], [ -0.294734842909658, 51.489780427001477 ], [ -0.294787727032605, 51.489328411091819 ], [ -0.294811763965365, 51.489122960065075 ], [ -0.294813971486384, 51.489104097610166 ], [ -0.294856264748196, 51.488742602768347 ], [ -0.294903153710138, 51.488775224478658 ], [ -0.295204651699161, 51.488984982801561 ], [ -0.295626303441468, 51.489537154271012 ], [ -0.295678830034502, 51.489601071210707 ], [ -0.295784201174014, 51.489729274743929 ], [ -0.29581293157239, 51.489764224017861 ], [ -0.295841129544013, 51.489763617445071 ], [ -0.295873435959343, 51.489762926659786 ], [ -0.295985290371128, 51.489760531616639 ], [ -0.296006914694938, 51.489760063334352 ], [ -0.296018793726367, 51.489759804220121 ], [ -0.296050163006442, 51.489759135745587 ], [ -0.296139032175088, 51.489753915739961 ], [ -0.296195109930246, 51.489870205306424 ], [ -0.296193976460714, 51.489900611119495 ], [ -0.296193520123913, 51.489912852537536 ], [ -0.296176507880093, 51.4899453208807 ], [ -0.296171484461162, 51.489954879097731 ], [ -0.296095386199265, 51.490031731533549 ], [ -0.296067066709684, 51.490060321654376 ], [ -0.296003587810569, 51.490148346375761 ], [ -0.29600068516541, 51.490153564940165 ], [ -0.295991669852399, 51.490169737744431 ], [ -0.295975506559821, 51.490198747206904 ], [ -0.296015751097997, 51.490500559884026 ], [ -0.296040446600545, 51.490491907894956 ], [ -0.296616900717273, 51.490290083876225 ], [ -0.296625619582182, 51.490289976657657 ], [ -0.297546905243591, 51.490279105083303 ], [ -0.298117324229653, 51.490272372441673 ], [ -0.298306849162854, 51.490468473558501 ], [ -0.298324202486306, 51.490583499025831 ], [ -0.298350654151726, 51.490646831559872 ], [ -0.298377440519598, 51.490701176248329 ], [ -0.29838259664185, 51.49070874284817 ], [ -0.298383976192936, 51.490710766429935 ], [ -0.298427035042516, 51.490773954035269 ], [ -0.298432470962687, 51.490781937455857 ], [ -0.298463708370089, 51.490827776644949 ], [ -0.298576652598762, 51.490993513383678 ], [ -0.298661992707466, 51.491118751280787 ], [ -0.298768928403357, 51.491275668798743 ], [ -0.298771128633892, 51.491278903902348 ], [ -0.298773128064513, 51.49128184473075 ], [ -0.298787072708319, 51.491298431631968 ], [ -0.298842520233498, 51.491364387734542 ], [ -0.298848169719774, 51.491373835546213 ], [ -0.298869642127959, 51.491409744485573 ], [ -0.298897098613753, 51.491446113387788 ], [ -0.29891067498397, 51.491457542120962 ], [ -0.298971950447281, 51.491509159286778 ], [ -0.298985029328814, 51.491520177026288 ], [ -0.298994869256681, 51.491528465281171 ], [ -0.29836138570028, 51.491519278515639 ], [ -0.298217801512597, 51.491531494166772 ], [ -0.298140113516568, 51.491538100921908 ], [ -0.298097931337923, 51.491541688582998 ], [ -0.298036558506805, 51.49154690427369 ], [ -0.29800011315058, 51.491550008586337 ], [ -0.297758356643519, 51.491576563558951 ], [ -0.297638505356867, 51.491589725365294 ], [ -0.297478706325257, 51.491599852319666 ], [ -0.297407477852528, 51.491604358112077 ], [ -0.297234039701681, 51.491619826286232 ], [ -0.297209218631142, 51.491619466022705 ], [ -0.297021203357703, 51.491616736918807 ], [ -0.296946077881855, 51.4916156463634 ], [ -0.296764413545954, 51.491614124136348 ], [ -0.296533283223425, 51.491612180136386 ], [ -0.296084875946267, 51.491608411044147 ], [ -0.295938046618549, 51.491607186647464 ], [ -0.295837990981449, 51.491606344762531 ], [ -0.295730547830027, 51.49160544043643 ], [ -0.295477226291708, 51.491603306868043 ], [ -0.295088833067197, 51.49158867045724 ], [ -0.294808463765475, 51.491568642599901 ], [ -0.294774342521427, 51.491566204222643 ], [ -0.294792337609936, 51.491541798847209 ], [ -0.294813488619934, 51.491513113857835 ], [ -0.294821621066345, 51.491502090124023 ], [ -0.294795015986685, 51.49148159577345 ], [ -0.294767081080932, 51.491460065914083 ], [ -0.294694704977656, 51.491462125350935 ], [ -0.294603683305575, 51.491464714048192 ], [ -0.294502902177645, 51.491463248977958 ], [ -0.294055914884234, 51.49147473538283 ], [ -0.293812167348255, 51.491444212648048 ], [ -0.29366860725338, 51.491426045779924 ], [ -0.293664298539916, 51.491457340599922 ], [ -0.293660179277963, 51.491487226323706 ], [ -0.293653326883492, 51.49153707202305 ], [ -0.293557345890645, 51.49171028689085 ], [ -0.2935546611938, 51.491782189306527 ], [ -0.293581442490493, 51.491836534956811 ], [ -0.29363668313786, 51.491900287230855 ], [ -0.29376859332594, 51.492032599708295 ], [ -0.293836242787831, 51.492100453174224 ], [ -0.293864110499434, 51.492128412044266 ], [ -0.293900504268529, 51.492164912053241 ], [ -0.294125424056997, 51.492409246153883 ], [ -0.294442450012033, 51.492753638843212 ], [ -0.29445425878978, 51.492766472021557 ], [ -0.294592531869517, 51.492921355392809 ], [ -0.294703352309589, 51.493039869371444 ], [ -0.294812152954519, 51.493158093096206 ], [ -0.295647399963527, 51.494065626519586 ], [ -0.295408853616574, 51.494054391287648 ], [ -0.295286377278251, 51.494050840193346 ], [ -0.294429293892963, 51.494059785564858 ], [ -0.293797621044739, 51.494066382712241 ], [ -0.293146771342006, 51.494086150311169 ], [ -0.292960319826935, 51.494091809609102 ], [ -0.292700180254767, 51.494108689105161 ], [ -0.290286405559805, 51.495458489782131 ], [ -0.28973952824678, 51.495764287123222 ], [ -0.289698018184171, 51.495752108596704 ], [ -0.289107690892241, 51.49557884786617 ], [ -0.288833138423821, 51.495438732520732 ], [ -0.288098830288485, 51.495063965617526 ], [ -0.287608700815346, 51.494879884314024 ], [ -0.287350206123784, 51.494782786349255 ] ] ] } },
{ "type": "Feature", "properties": { "lsoa21cd": "E01002691", "lsoa21nm": "Hounslow 029B", "msoa21cd": "E02006792", "msoa21nm": "Hounslow 029", "lad22cd": "E09000018", "lad22nm": "Hounslow", "index_right": 85, "GSS_CODE": "E05000365", "risk_score": 6.6482611313197264, "allocation_hours": 67.819118188328659, "patrol_units": 34 }, "geometry": { "type": "Polygon", "coordinates": [ [ [ -0.280010232504913, 51.502212615884922 ], [ -0.279873321807834, 51.502086412608442 ], [ -0.279829358473045, 51.502106001325359 ], [ -0.279657165068527, 51.501931916718604 ], [ -0.279631344886694, 51.501901709823628 ], [ -0.279529941350779, 51.501783076915821 ], [ -0.279476479985673, 51.501716701270688 ], [ -0.279408648152355, 51.501632498446817 ], [ -0.279360398469262, 51.501554769632804 ], [ -0.279356649845203, 51.501548716624228 ], [ -0.279339384942972, 51.501520901247929 ], [ -0.279305018522289, 51.501465524674678 ], [ -0.279254282941386, 51.501383802631423 ], [ -0.279243837327875, 51.501366968244099 ], [ -0.279240902629783, 51.501362258066891 ], [ -0.27923773701249, 51.501357175808138 ], [ -0.279224330963662, 51.501335549931071 ], [ -0.27919768019196, 51.501292606284935 ], [ -0.279181295061779, 51.501263625761354 ], [ -0.279075045528309, 51.50107571823672 ], [ -0.279071853562437, 51.501070074451 ], [ -0.278948622250006, 51.500852112786916 ], [ -0.278944479842581, 51.500845424508661 ], [ -0.278883711909324, 51.500747413488078 ], [ -0.278812798466405, 51.500633031026844 ], [ -0.278766044424333, 51.500563075471874 ], [ -0.278747837637907, 51.500535803721654 ], [ -0.278669170206964, 51.500418061077447 ], [ -0.278646511828399, 51.500386191743829 ], [ -0.278559352258369, 51.500263648292723 ], [ -0.278519508181655, 51.500207624556666 ], [ -0.278512328839104, 51.500197798260466 ], [ -0.278464195405376, 51.500131967891299 ], [ -0.278431407704182, 51.500087126495146 ], [ -0.278369655240425, 51.500002670492634 ], [ -0.278365732710332, 51.499998179602144 ], [ -0.278314260966081, 51.499939125536756 ], [ -0.278290858831189, 51.499912283748309 ], [ -0.278190103450587, 51.499796722855038 ], [ -0.278158327421646, 51.49976442286345 ], [ -0.278132365031134, 51.499738044354665 ], [ -0.278036605498581, 51.499640751291587 ], [ -0.277933144549872, 51.499544055523344 ], [ -0.277873954915004, 51.499488727801406 ], [ -0.277744563693641, 51.499380113798885 ], [ -0.277613259987276, 51.499269888882154 ], [ -0.277566698960553, 51.499230807106301 ], [ -0.277540890785836, 51.499209142828583 ], [ -0.277329510506886, 51.499031700586201 ], [ -0.277272559779372, 51.498983896228353 ], [ -0.277090672573905, 51.498838945076479 ], [ -0.277039675055026, 51.498798332148162 ], [ -0.276722619836524, 51.498545678789185 ], [ -0.27671657767097, 51.498540859953714 ], [ -0.276619108360331, 51.498482532339473 ], [ -0.276567566148029, 51.498451794028405 ], [ -0.276525400833997, 51.498426463079717 ], [ -0.276286420923329, 51.498283450672204 ], [ -0.276031179445437, 51.498140747371998 ], [ -0.275981922931703, 51.498113216759457 ], [ -0.275828666105744, 51.498027531647317 ], [ -0.275686330549614, 51.497947950924647 ], [ -0.275511677642643, 51.497868056890383 ], [ -0.27423829632226, 51.4972858430258 ], [ -0.27421888528738, 51.497274989437642 ], [ -0.273908726199251, 51.497107778201595 ], [ -0.273820325512061, 51.497060120924118 ], [ -0.273712722962011, 51.49700210937263 ], [ -0.273442346902558, 51.496863808821949 ], [ -0.273391918361408, 51.496838013405295 ], [ -0.27328253899232, 51.496782061579893 ], [ -0.273265762423978, 51.496770052389728 ], [ -0.27313308024399, 51.496675044442632 ], [ -0.272960449185012, 51.496551445429155 ], [ -0.272927906935496, 51.496528134260295 ], [ -0.272832357786565, 51.496444409699755 ], [ -0.272764447559383, 51.496384895294284 ], [ -0.272710021228148, 51.496337215750579 ], [ -0.272617724735026, 51.496267693204111 ], [ -0.272493560851979, 51.496174176798284 ], [ -0.272459634406427, 51.496148623949111 ], [ -0.272447745827939, 51.496115185369703 ], [ -0.272426284546427, 51.496054879907561 ], [ -0.272416557410381, 51.496027525152407 ], [ -0.272381853041771, 51.49592998427007 ], [ -0.272374443297514, 51.495909160768527 ], [ -0.27235553559572, 51.49585600152156 ], [ -0.27231784866703, 51.495750098566781 ], [ -0.272304827280022, 51.495713477902619 ], [ -0.272300829154967, 51.495702250250815 ], [ -0.272280175285301, 51.495644222774551 ], [ -0.272262472920179, 51.495615572533467 ], [ -0.272255685037197, 51.495604591559811 ], [ -0.272234804522919, 51.495570840685659 ], [ -0.272157857565755, 51.495446356373947 ], [ -0.272149141430261, 51.495432271535805 ], [ -0.272144872802113, 51.495425759197005 ], [ -0.27212155839364, 51.495236375743843 ], [ -0.272124320293133, 51.494972933987029 ], [ -0.272130146894581, 51.494917157923489 ], [ -0.27214014441358, 51.49482119252059 ], [ -0.272167452934879, 51.494670519438372 ], [ -0.272183975594221, 51.494610907288369 ], [ -0.272207858517745, 51.494524742341525 ], [ -0.272239189168555, 51.494411690457696 ], [ -0.272329722070356, 51.494189108525035 ], [ -0.272424414618904, 51.494038213635356 ], [ -0.272568148068431, 51.493809121897883 ], [ -0.272630341098205, 51.493709995187857 ], [ -0.272709901422192, 51.493583211180493 ], [ -0.272816633914079, 51.49344833814903 ], [ -0.272820340446179, 51.493443653627587 ], [ -0.272913080907593, 51.493354899778517 ], [ -0.273255282430342, 51.493027404794923 ], [ -0.273479158856092, 51.492870029222956 ], [ -0.273524354939932, 51.492838240114295 ], [ -0.273614892932895, 51.49277461003544 ], [ -0.273856238474001, 51.49261287221691 ], [ -0.273887743019963, 51.492591758947107 ], [ -0.273919356319638, 51.492570587917896 ], [ -0.273932387355669, 51.492561861696103 ], [ -0.274111328015498, 51.492545696991392 ], [ -0.274365026454311, 51.492824763480883 ], [ -0.274239214647783, 51.493179990096074 ], [ -0.27428523328942, 51.493392595014669 ], [ -0.274440522075337, 51.493340105300106 ], [ -0.274582558572512, 51.493288724409126 ], [ -0.274713889164126, 51.493241214585638 ], [ -0.27510980696271, 51.493097993148517 ], [ -0.276115393089957, 51.49273422168703 ], [ -0.276160139929647, 51.492729555565454 ], [ -0.276292563298246, 51.492735844625258 ], [ -0.276300640882661, 51.492730603727288 ], [ -0.276307344438067, 51.492725126819835 ], [ -0.276355221497604, 51.492674914263297 ], [ -0.276396543927262, 51.492631574637038 ], [ -0.27634885873214, 51.492322015122312 ], [ -0.276427007776224, 51.492315915217461 ], [ -0.276448580110777, 51.492319154720299 ], [ -0.276455892395154, 51.492317013999596 ], [ -0.276471536311093, 51.492312441784058 ], [ -0.276875818355045, 51.492280899173956 ], [ -0.277131551531904, 51.492343700119577 ], [ -0.277138331342715, 51.492345364388299 ], [ -0.277135103346157, 51.492365640201911 ], [ -0.277089644586501, 51.492651601921722 ], [ -0.277097502259495, 51.492667085621108 ], [ -0.277105548622884, 51.492682913808657 ], [ -0.277153615882828, 51.492744517377567 ], [ -0.277162714622273, 51.492753832406606 ], [ -0.277161761207976, 51.492800885533228 ], [ -0.277163169968634, 51.492817389606579 ], [ -0.277167505302285, 51.492835744162569 ], [ -0.27718017376872, 51.492889444994177 ], [ -0.27720147282282, 51.492929352055462 ], [ -0.277208701884583, 51.49295042888842 ], [ -0.277221675465158, 51.49297923376087 ], [ -0.277226994239016, 51.492990993214072 ], [ -0.277231090865368, 51.493013768607526 ], [ -0.27725927728698, 51.493066627177186 ], [ -0.277261434346647, 51.493069401585544 ], [ -0.277279930389903, 51.493091579081984 ], [ -0.277305207520357, 51.49313716489241 ], [ -0.277310018184662, 51.493158197215223 ], [ -0.277314471795995, 51.493169215562098 ], [ -0.277327738298008, 51.493202098357479 ], [ -0.277341996495087, 51.493229312406605 ], [ -0.277348513408808, 51.493254951495878 ], [ -0.277362409066838, 51.49328203881926 ], [ -0.277378098321429, 51.493306450207804 ], [ -0.277386329375672, 51.493362846577604 ], [ -0.277389341568543, 51.493383438831493 ], [ -0.277396786986276, 51.493400310303649 ], [ -0.277426620398907, 51.493443885697999 ], [ -0.277430635877989, 51.493453917416574 ], [ -0.27743841387275, 51.493467700324054 ], [ -0.277441658607278, 51.49348059834891 ], [ -0.277444780377577, 51.493492937028826 ], [ -0.277465329002012, 51.493535566759853 ], [ -0.277468792044282, 51.493551462515313 ], [ -0.277469805784812, 51.493553995319033 ], [ -0.277474950031283, 51.493566948208922 ], [ -0.27747669340551, 51.49357534588907 ], [ -0.27749260707754, 51.493612530006878 ], [ -0.277499519254119, 51.493623296679147 ], [ -0.277522569916207, 51.493659173741342 ], [ -0.277546433111793, 51.493685728438578 ], [ -0.277548586799136, 51.493690885823071 ], [ -0.277558752689299, 51.493706673152047 ], [ -0.277572164381244, 51.493736095907067 ], [ -0.27757348166846, 51.493738983876433 ], [ -0.27757681413838, 51.493743061472358 ], [ -0.27759310503639, 51.493762985376208 ], [ -0.277597190543409, 51.493772307703203 ], [ -0.277600507393853, 51.493779856201606 ], [ -0.277604318421385, 51.493795694112833 ], [ -0.277609213986687, 51.493816008260964 ], [ -0.27761629353873, 51.493829978738233 ], [ -0.277640294391405, 51.493858999400324 ], [ -0.277647024136345, 51.493876516805805 ], [ -0.277656511222364, 51.493889677322237 ], [ -0.277664554035576, 51.493910577224355 ], [ -0.277672584491148, 51.493931422988943 ], [ -0.277675183169263, 51.493938151610664 ], [ -0.277690070271207, 51.493960159153545 ], [ -0.277691202552678, 51.493967954349237 ], [ -0.277651601865964, 51.493969450288716 ], [ -0.277694828187139, 51.494049462279676 ], [ -0.277703802898401, 51.494065133189835 ], [ -0.277733094573076, 51.494116218334618 ], [ -0.277749072061985, 51.494144078053722 ], [ -0.2777575999337, 51.494163195547081 ], [ -0.277765930817549, 51.494181806564114 ], [ -0.277814053600782, 51.494289574010857 ], [ -0.277823691768729, 51.494311149279461 ], [ -0.277701149980851, 51.49434182261767 ], [ -0.277713136847307, 51.494355550386068 ], [ -0.277744181519585, 51.494391095119404 ], [ -0.277712422007943, 51.494410808229141 ], [ -0.277691932701824, 51.494423519698337 ], [ -0.277674762255097, 51.494434175623709 ], [ -0.277696236062778, 51.494455722317156 ], [ -0.277750135877442, 51.49450980351866 ], [ -0.277805342748188, 51.494552528279591 ], [ -0.277819704566892, 51.494563638089893 ], [ -0.277893542542165, 51.494620781601789 ], [ -0.277904110585255, 51.494628967085873 ], [ -0.277926852182186, 51.494641728618468 ], [ -0.277994767065089, 51.494679828789288 ], [ -0.277994328641704, 51.494691458739425 ], [ -0.277993648983234, 51.494709487858373 ], [ -0.277992822956688, 51.494731399618978 ], [ -0.277991569684726, 51.494764644738794 ], [ -0.277977454225581, 51.494796675921968 ], [ -0.277957258903518, 51.494842475415012 ], [ -0.277946592744156, 51.494866697716212 ], [ -0.277871479225977, 51.495037110471692 ], [ -0.278285910023941, 51.495263609743823 ], [ -0.278488835709872, 51.495374516260981 ], [ -0.278458307115531, 51.495417367525491 ], [ -0.278523678023927, 51.495511543673189 ], [ -0.27858586607513, 51.495601113850519 ], [ -0.278589896854799, 51.495606928234103 ], [ -0.278784499274357, 51.495811846296945 ], [ -0.278781509814506, 51.495891179830799 ], [ -0.278842755115606, 51.495953416612586 ], [ -0.278803491186329, 51.495966958936286 ], [ -0.27894283685823, 51.496118990115463 ], [ -0.279033793841681, 51.496196779136085 ], [ -0.279329860542819, 51.496043526831357 ], [ -0.279335625953754, 51.496038098942286 ], [ -0.27943736212226, 51.495942183454837 ], [ -0.279469372391479, 51.495911997218158 ], [ -0.279567586982834, 51.49581126391557 ], [ -0.27957000553227, 51.495809015268726 ], [ -0.279575802186115, 51.495802373829576 ], [ -0.279604964644132, 51.49576899839829 ], [ -0.279621871475345, 51.495749660499911 ], [ -0.279695049515479, 51.495661482287431 ], [ -0.279723305446171, 51.495625395764669 ], [ -0.279727509783306, 51.495619720153059 ], [ -0.279740423073751, 51.495601222939193 ], [ -0.279812525812411, 51.495497975330416 ], [ -0.279814947507535, 51.495494494743021 ], [ -0.279904076713299, 51.495039707491365 ], [ -0.279918361958043, 51.494966789368895 ], [ -0.27993849305092, 51.494864110617101 ], [ -0.279991949576744, 51.494649225567237 ], [ -0.279992814176655, 51.494645776103923 ], [ -0.280005795835185, 51.494601731977077 ], [ -0.280031329268868, 51.494371635775153 ], [ -0.280083566239867, 51.49422699172932 ], [ -0.280095538374848, 51.494196745376328 ], [ -0.280112882994153, 51.494166523823651 ], [ -0.279995385368606, 51.494183038260246 ], [ -0.27957614957302, 51.494221854229998 ], [ -0.279561751516336, 51.494221643097781 ], [ -0.279548030465233, 51.494203456753937 ], [ -0.2795202498877, 51.494176071666466 ], [ -0.279500369008601, 51.494110682918077 ], [ -0.279366431442328, 51.493670232033153 ], [ -0.279357563515419, 51.493631442920943 ], [ -0.279354064763802, 51.49361609524771 ], [ -0.279368801159496, 51.493607318798567 ], [ -0.279380946955333, 51.493586238489698 ], [ -0.27938421460405, 51.493580567137322 ], [ -0.279391019319036, 51.493585019336024 ], [ -0.279398273933987, 51.493589765894548 ], [ -0.279427069648704, 51.493590188193465 ], [ -0.279470601732351, 51.49358183402309 ], [ -0.28002042757743, 51.493517955290109 ], [ -0.280188770731155, 51.493495073054348 ], [ -0.280648882133291, 51.493432547040527 ], [ -0.280902988277623, 51.493398016254346 ], [ -0.280976096787393, 51.493388080560372 ], [ -0.281724101513621, 51.49329575830869 ], [ -0.282237527473786, 51.493232379235096 ], [ -0.282278659177258, 51.493227307138106 ], [ -0.282301278459771, 51.493563231923659 ], [ -0.282315635277442, 51.493776395094336 ], [ -0.282316135299483, 51.493781869895528 ], [ -0.282335982013391, 51.494001516137928 ], [ -0.282337455137779, 51.494023254752932 ], [ -0.282398589066691, 51.494060164986308 ], [ -0.283237697772918, 51.493690127436921 ], [ -0.283236187493511, 51.494516872815119 ], [ -0.283235841988583, 51.494710055028349 ], [ -0.28323803612217, 51.494831064105014 ], [ -0.283229968485119, 51.494938011526209 ], [ -0.283227102395365, 51.495110096259133 ], [ -0.283224098706831, 51.495126769483853 ], [ -0.283212532054178, 51.495191121879387 ], [ -0.2832090885473, 51.495210297593154 ], [ -0.283180587417797, 51.495368743172605 ], [ -0.283178274064021, 51.495381613650302 ], [ -0.283124087345591, 51.495682988844393 ], [ -0.283068827993755, 51.495911697388991 ], [ -0.28300959423292, 51.496156822114209 ], [ -0.282985775925039, 51.496255427706572 ], [ -0.282964142126053, 51.49634497378203 ], [ -0.282940093858581, 51.496349666667072 ], [ -0.282748302625346, 51.496387092382015 ], [ -0.282370002305911, 51.496460905126035 ], [ -0.28224800976346, 51.496455450150712 ], [ -0.282173896693109, 51.496452134894092 ], [ -0.282124320225755, 51.496449916245673 ], [ -0.282057736312984, 51.496446940466789 ], [ -0.282053060075631, 51.496465742889136 ], [ -0.282038332878881, 51.49653286805507 ], [ -0.28203681769256, 51.496539828594102 ], [ -0.28202415902379, 51.496597537358838 ], [ -0.282022576265277, 51.496604762188781 ], [ -0.282008806048605, 51.496667508495769 ], [ -0.282007187388243, 51.496674921643574 ], [ -0.282006602000441, 51.496681675479216 ], [ -0.282004206095002, 51.496708986780334 ], [ -0.282003247191033, 51.496719925680921 ], [ -0.282001936607116, 51.496734852129812 ], [ -0.282000623993913, 51.4967498325043 ], [ -0.281992776891466, 51.496839337481198 ], [ -0.281988258705492, 51.496890897624347 ], [ -0.2819892686859, 51.496897369073537 ], [ -0.281990000027873, 51.4969020559152 ], [ -0.282000971388801, 51.496972709267013 ], [ -0.282011963803597, 51.497043569754069 ], [ -0.282015283423111, 51.497064858795142 ], [ -0.282016444763463, 51.497072285671827 ], [ -0.282017889746984, 51.497081555680836 ], [ -0.282023367587596, 51.497116900224817 ], [ -0.28202459740748, 51.497124804709898 ], [ -0.28202946889847, 51.497156161165904 ], [ -0.282039361562416, 51.497219874442877 ], [ -0.282065935045531, 51.497257798497657 ], [ -0.282089991999194, 51.497292151621849 ], [ -0.282176826926852, 51.497416153520319 ], [ -0.282182924749395, 51.497424866667266 ], [ -0.282198796615405, 51.497450655911379 ], [ -0.28225876952002, 51.497548051132618 ], [ -0.282407609141794, 51.497789782983567 ], [ -0.282448924594824, 51.497857706118765 ], [ -0.282450665680935, 51.497860867312475 ], [ -0.282482748078114, 51.497911846377008 ], [ -0.282490120572267, 51.497923828976973 ], [ -0.282527521539921, 51.497988196673099 ], [ -0.282529415769162, 51.497991461723217 ], [ -0.282542419031233, 51.498013854700098 ], [ -0.282548102401916, 51.498023631874425 ], [ -0.28257310763899, 51.498066694578895 ], [ -0.282615564241737, 51.498139800580034 ], [ -0.282631318125374, 51.49816770578137 ], [ -0.282645352373875, 51.498192568805663 ], [ -0.282669867067547, 51.498236037965 ], [ -0.282673122716819, 51.498241795893797 ], [ -0.282681754264723, 51.498256697010049 ], [ -0.282711679404736, 51.498308392611591 ], [ -0.282715899632692, 51.498315702385071 ], [ -0.282737328805042, 51.498352723664411 ], [ -0.282754577588907, 51.498382525676362 ], [ -0.282772774540261, 51.498413933246141 ], [ -0.282777008510862, 51.498421261203482 ], [ -0.282787574209505, 51.498439517866771 ], [ -0.282798262076908, 51.498457974153375 ], [ -0.28284642366848, 51.498541185768374 ], [ -0.282848345051753, 51.498544496173039 ], [ -0.282854527877435, 51.498555170904261 ], [ -0.282868407944981, 51.498579159364418 ], [ -0.282871844415278, 51.498585090792155 ], [ -0.282873927444732, 51.498588700316567 ], [ -0.282903276956817, 51.498634641194506 ], [ -0.282906733709538, 51.49864003336441 ], [ -0.282909740622912, 51.498644744508852 ], [ -0.282954519419932, 51.498714858364515 ], [ -0.28295764918061, 51.498719751156628 ], [ -0.282983217109216, 51.498759746544756 ], [ -0.283003295262976, 51.498789410071389 ], [ -0.283007567146433, 51.498795731407846 ], [ -0.28303148279072, 51.498831008488999 ], [ -0.283053514047976, 51.498863524251433 ], [ -0.283080036482238, 51.498902661306509 ], [ -0.283117892956215, 51.498956487190846 ], [ -0.283126495526323, 51.498968717057366 ], [ -0.283130202528164, 51.498973969001106 ], [ -0.283139556876548, 51.498987279981883 ], [ -0.28314680552482, 51.498997583612443 ], [ -0.28320527347447, 51.499080694086999 ], [ -0.283214088158244, 51.499092648281049 ], [ -0.283221285111914, 51.499102411596752 ], [ -0.283236186814174, 51.499122611106209 ], [ -0.283287787052774, 51.499192572845025 ], [ -0.283292008972582, 51.499198308922999 ], [ -0.283297877096611, 51.499206245286516 ], [ -0.283315384061385, 51.499229963024355 ], [ -0.283325075787269, 51.499243117059571 ], [ -0.283340690215565, 51.499264289186719 ], [ -0.283374359293308, 51.499309942428205 ], [ -0.283383311304634, 51.499322078469071 ], [ -0.283393442239077, 51.499335814447939 ], [ -0.283411922697742, 51.49936085033427 ], [ -0.283419901331859, 51.499371668210159 ], [ -0.283422039587196, 51.499374577112476 ], [ -0.283502440771365, 51.499471002567333 ], [ -0.283529544748465, 51.499503502521264 ], [ -0.283537864949788, 51.499513475588891 ], [ -0.283560246990953, 51.499540317581037 ], [ -0.283579073012426, 51.499562872052593 ], [ -0.283595607907646, 51.499581984824815 ], [ -0.283599612251234, 51.499586611623492 ], [ -0.283639545599332, 51.499632743103767 ], [ -0.283650826544365, 51.499645785470094 ], [ -0.28367410718224, 51.499672681050967 ], [ -0.28371746423419, 51.499722792333841 ], [ -0.283739460819028, 51.499748203331173 ], [ -0.283741931996403, 51.49975107213443 ], [ -0.283744983311086, 51.499754605880391 ], [ -0.283758143906098, 51.499769006629265 ], [ -0.283760163533524, 51.499771239348014 ], [ -0.283769905853802, 51.499781903145958 ], [ -0.283816193465523, 51.499832632780809 ], [ -0.283853794870146, 51.499873849814122 ], [ -0.283861180952178, 51.499881922555986 ], [ -0.283911038714713, 51.499936571170508 ], [ -0.283913653911596, 51.499939442076432 ], [ -0.283924405955399, 51.499951226713819 ], [ -0.283947432584444, 51.499976454899517 ], [ -0.28395212334273, 51.499981604300743 ], [ -0.284004027804657, 51.50003086928966 ], [ -0.284049589238754, 51.500074480490746 ], [ -0.284103844752525, 51.500125599911421 ], [ -0.284266569815077, 51.500277013219737 ], [ -0.284298727668781, 51.500306943079202 ], [ -0.284303321313641, 51.500311227760342 ], [ -0.28435313203678, 51.500357566369097 ], [ -0.284546805968276, 51.500535474252416 ], [ -0.284554549751481, 51.500542583678509 ], [ -0.284561750164709, 51.500549199561775 ], [ -0.284570747084141, 51.500557469362633 ], [ -0.284593398237672, 51.500573915188077 ], [ -0.284609780014211, 51.500585809043208 ], [ -0.284620369516148, 51.500593490630479 ], [ -0.284694774679213, 51.500647517579033 ], [ -0.284722725483694, 51.500666333957888 ], [ -0.284784963640277, 51.500708267842093 ], [ -0.284812028576602, 51.500726504718045 ], [ -0.284855648581459, 51.500755477901386 ], [ -0.285094371068816, 51.500914061818122 ], [ -0.285012421355858, 51.500941972921822 ], [ -0.284980796206779, 51.50095269740428 ], [ -0.284944004845338, 51.500965171851703 ], [ -0.284843569214488, 51.500999224300159 ], [ -0.284764761878506, 51.501025940170912 ], [ -0.284709502942241, 51.501047137109495 ], [ -0.284470939447385, 51.50113862856216 ], [ -0.284458118977578, 51.50114353988576 ], [ -0.28437371004789, 51.501175910839912 ], [ -0.284336291565557, 51.501191262526028 ], [ -0.284275927715836, 51.501216017605984 ], [ -0.284260547863366, 51.501222321297988 ], [ -0.284212827384914, 51.501241892677236 ], [ -0.284208100786189, 51.501243828896619 ], [ -0.284173740821089, 51.501257921337611 ], [ -0.284128697737076, 51.501276407767733 ], [ -0.284093892266253, 51.501290660032538 ], [ -0.284063300255919, 51.501303211368018 ], [ -0.284008174844671, 51.501325821761796 ], [ -0.284001165304355, 51.501328695779804 ], [ -0.283904421632893, 51.501368367801334 ], [ -0.283900865610825, 51.50136982653909 ], [ -0.283892231275735, 51.501373378205137 ], [ -0.283882105138173, 51.501377519544491 ], [ -0.283840497946388, 51.50139352021943 ], [ -0.283824767085789, 51.50139957592166 ], [ -0.283752458738937, 51.501427384349277 ], [ -0.283691816426866, 51.501450714234089 ], [ -0.283660384437366, 51.50146279905406 ], [ -0.283648615479723, 51.501467329999194 ], [ -0.283576759749757, 51.501494974081737 ], [ -0.28354116863499, 51.501508652655886 ], [ -0.283450182715044, 51.501543660468933 ], [ -0.28343234667699, 51.501550521627415 ], [ -0.283371053762868, 51.501574093620476 ], [ -0.2833249943977, 51.501591809500617 ], [ -0.283315213898273, 51.501595569168622 ], [ -0.283228285242621, 51.501628999528549 ], [ -0.283200393567514, 51.501639731390839 ], [ -0.283193402139356, 51.501642427573366 ], [ -0.283188139262294, 51.501644445830479 ], [ -0.283111675892162, 51.501678892519898 ], [ -0.283101841550808, 51.501683316831276 ], [ -0.283084532218525, 51.501691111877399 ], [ -0.283073158793846, 51.501696233068984 ], [ -0.282988312213883, 51.501734441787534 ], [ -0.282968672282562, 51.501743290809685 ], [ -0.282955833104344, 51.50174907397394 ], [ -0.282876761156684, 51.501784678346219 ], [ -0.282868406900696, 51.501788440865056 ], [ -0.282798436352892, 51.501819951883455 ], [ -0.282787971408978, 51.501824668190004 ], [ -0.282710423382448, 51.501859588839096 ], [ -0.282701453463433, 51.501863630096778 ], [ -0.282694638268297, 51.501866695725354 ], [ -0.282685258035205, 51.501870919819844 ], [ -0.282618921764476, 51.501900802317643 ], [ -0.282608838125597, 51.501905339842168 ], [ -0.28252307451567, 51.501943966446333 ], [ -0.282419561750745, 51.501990579334674 ], [ -0.282390123798805, 51.502003835060947 ], [ -0.282374875224508, 51.502011039684398 ], [ -0.282352856059326, 51.502021463441125 ], [ -0.282232549331914, 51.502078432531725 ], [ -0.282161884638052, 51.502111902379617 ], [ -0.28215698491906, 51.502114222662009 ], [ -0.28207212001994, 51.502154408815905 ], [ -0.282016007921937, 51.502180978541283 ], [ -0.281996966011647, 51.502190007016701 ], [ -0.28197091246332, 51.50220234099838 ], [ -0.281955024820624, 51.502209868934486 ], [ -0.2818484041177, 51.502260356566786 ], [ -0.281838578379469, 51.502265311459588 ], [ -0.281769813229293, 51.502299977921211 ], [ -0.281754773464953, 51.502307563209733 ], [ -0.281712004234707, 51.502329130492768 ], [ -0.281670879286492, 51.50234988553359 ], [ -0.281661670511307, 51.502354525715269 ], [ -0.281591141842741, 51.502390101471349 ], [ -0.281586970552347, 51.502392207584684 ], [ -0.281559637932723, 51.502405979536228 ], [ -0.281550737298253, 51.502410471348895 ], [ -0.281534272864347, 51.502418773132803 ], [ -0.281527120062701, 51.502422382295101 ], [ -0.281400897092627, 51.502486035279929 ], [ -0.281390146088086, 51.502491453188007 ], [ -0.281341545113839, 51.502515974399287 ], [ -0.28132870860727, 51.50252244085987 ], [ -0.281319646475648, 51.502527011222526 ], [ -0.281285233873668, 51.502544366348886 ], [ -0.281192463992286, 51.502584750814712 ], [ -0.281166199021066, 51.502596182266416 ], [ -0.281110387798454, 51.502620471860773 ], [ -0.281099181465109, 51.502625352511217 ], [ -0.281076021837306, 51.502635435590292 ], [ -0.281066763946611, 51.502639463512445 ], [ -0.281063087117145, 51.502641064275728 ], [ -0.281044234361656, 51.502649268053844 ], [ -0.280859513901816, 51.502729679843739 ], [ -0.280796773386249, 51.502756988177644 ], [ -0.280708559525199, 51.502795512815609 ], [ -0.280629533595998, 51.502732829545913 ], [ -0.280519301494004, 51.502645353252269 ], [ -0.280403767302628, 51.502553671562502 ], [ -0.280365153562257, 51.502523025542658 ], [ -0.280323195593336, 51.502489740639056 ], [ -0.280234509351821, 51.502419377947774 ], [ -0.280071251595843, 51.502268877527321 ], [ -0.280010232504913, 51.502212615884922 ] ] ] } },
{ "type": "Feature", "properties": { "lsoa21cd": "E01002692", "lsoa21nm": "Hounslow 029C", "msoa21cd": "E02006792", "msoa21nm": "Hounslow 029", "lad22cd": "E09000018", "lad22nm": "Hounslow", "index_right": 85, "GSS_CODE": "E05000365", "risk_score": 8.4795903295288344, "allocation_hours": 86.500564190800333, "patrol_units": 43 }, "geometry": { "type": "Polygon", "coordinates": [ [ [ -0.277814053600782, 51.494289574010857 ], [ -0.277765930817549, 51.494181806564114 ], [ -0.2777575999337, 51.494163195547081 ], [ -0.277749072061985, 51.494144078053722 ], [ -0.277733094573076, 51.494116218334618 ], [ -0.277703802898401, 51.494065133189835 ], [ -0.277694828187139, 51.494049462279676 ], [ -0.277651601865964, 51.493969450288716 ], [ -0.277691202552678, 51.493967954349237 ], [ -0.277690070271207, 51.493960159153545 ], [ -0.277675183169263, 51.493938151610664 ], [ -0.277672584491148, 51.493931422988943 ], [ -0.277664554035576, 51.493910577224355 ], [ -0.277656511222364, 51.493889677322237 ], [ -0.277647024136345, 51.493876516805805 ], [ -0.277640294391405, 51.493858999400324 ], [ -0.27761629353873, 51.493829978738233 ], [ -0.277609213986687, 51.493816008260964 ], [ -0.277604318421385, 51.493795694112833 ], [ -0.277600507393853, 51.493779856201606 ], [ -0.277597190543409, 51.493772307703203 ], [ -0.27759310503639, 51.493762985376208 ], [ -0.27757681413838, 51.493743061472358 ], [ -0.27757348166846, 51.493738983876433 ], [ -0.277572164381244, 51.493736095907067 ], [ -0.277558752689299, 51.493706673152047 ], [ -0.277548586799136, 51.493690885823071 ], [ -0.277546433111793, 51.493685728438578 ], [ -0.277522569916207, 51.493659173741342 ], [ -0.277499519254119, 51.493623296679147 ], [ -0.27749260707754, 51.493612530006878 ], [ -0.27747669340551, 51.49357534588907 ], [ -0.277474950031283, 51.493566948208922 ], [ -0.277469805784812, 51.493553995319033 ], [ -0.277468792044282, 51.493551462515313 ], [ -0.277465329002012, 51.493535566759853 ], [ -0.277444780377577, 51.493492937028826 ], [ -0.277441658607278, 51.49348059834891 ], [ -0.27743841387275, 51.493467700324054 ], [ -0.277430635877989, 51.493453917416574 ], [ -0.277426620398907, 51.493443885697999 ], [ -0.277396786986276, 51.493400310303649 ], [ -0.277389341568543, 51.493383438831493 ], [ -0.277386329375672, 51.493362846577604 ], [ -0.277378098321429, 51.493306450207804 ], [ -0.277362409066838, 51.49328203881926 ], [ -0.277348513408808, 51.493254951495878 ], [ -0.277341996495087, 51.493229312406605 ], [ -0.277327738298008, 51.493202098357479 ], [ -0.277314471795995, 51.493169215562098 ], [ -0.277310018184662, 51.493158197215223 ], [ -0.277305207520357, 51.49313716489241 ], [ -0.277279930389903, 51.493091579081984 ], [ -0.277261434346647, 51.493069401585544 ], [ -0.27725927728698, 51.493066627177186 ], [ -0.277231090865368, 51.493013768607526 ], [ -0.277226994239016, 51.492990993214072 ], [ -0.277221675465158, 51.49297923376087 ], [ -0.277208701884583, 51.49295042888842 ], [ -0.27720147282282, 51.492929352055462 ], [ -0.27718017376872, 51.492889444994177 ], [ -0.277167505302285, 51.492835744162569 ], [ -0.277163169968634, 51.492817389606579 ], [ -0.277161761207976, 51.492800885533228 ], [ -0.277162714622273, 51.492753832406606 ], [ -0.277153615882828, 51.492744517377567 ], [ -0.277105548622884, 51.492682913808657 ], [ -0.277097502259495, 51.492667085621108 ], [ -0.277089644586501, 51.492651601921722 ], [ -0.277135103346157, 51.492365640201911 ], [ -0.277138331342715, 51.492345364388299 ], [ -0.277131551531904, 51.492343700119577 ], [ -0.276875818355045, 51.492280899173956 ], [ -0.276471536311093, 51.492312441784058 ], [ -0.276455892395154, 51.492317013999596 ], [ -0.276448580110777, 51.492319154720299 ], [ -0.276427007776224, 51.492315915217461 ], [ -0.27634885873214, 51.492322015122312 ], [ -0.276396543927262, 51.492631574637038 ], [ -0.276355221497604, 51.492674914263297 ], [ -0.276307344438067, 51.492725126819835 ], [ -0.276300640882661, 51.492730603727288 ], [ -0.276292563298246, 51.492735844625258 ], [ -0.276160139929647, 51.492729555565454 ], [ -0.276115393089957, 51.49273422168703 ], [ -0.27510980696271, 51.493097993148517 ], [ -0.274713889164126, 51.493241214585638 ], [ -0.274582558572512, 51.493288724409126 ], [ -0.274440522075337, 51.493340105300106 ], [ -0.27428523328942, 51.493392595014669 ], [ -0.274239214647783, 51.493179990096074 ], [ -0.274365026454311, 51.492824763480883 ], [ -0.274111328015498, 51.492545696991392 ], [ -0.273932387355669, 51.492561861696103 ], [ -0.273919356319638, 51.492570587917896 ], [ -0.273887743019963, 51.492591758947107 ], [ -0.273856238474001, 51.49261287221691 ], [ -0.273614892932895, 51.49277461003544 ], [ -0.273524354939932, 51.492838240114295 ], [ -0.273479158856092, 51.492870029222956 ], [ -0.273255282430342, 51.493027404794923 ], [ -0.272913080907593, 51.493354899778517 ], [ -0.272820340446179, 51.493443653627587 ], [ -0.272816633914079, 51.49344833814903 ], [ -0.272709901422192, 51.493583211180493 ], [ -0.272630341098205, 51.493709995187857 ], [ -0.272568148068431, 51.493809121897883 ], [ -0.272424414618904, 51.494038213635356 ], [ -0.272329722070356, 51.494189108525035 ], [ -0.272239189168555, 51.494411690457696 ], [ -0.272207858517745, 51.494524742341525 ], [ -0.272183975594221, 51.494610907288369 ], [ -0.272167452934879, 51.494670519438372 ], [ -0.27214014441358, 51.49482119252059 ], [ -0.272130146894581, 51.494917157923489 ], [ -0.272124320293133, 51.494972933987029 ], [ -0.27212155839364, 51.495236375743843 ], [ -0.272144872802113, 51.495425759197005 ], [ -0.27206237698643, 51.495331589797772 ], [ -0.271995937331205, 51.495255739089629 ], [ -0.271954158380183, 51.49521957609592 ], [ -0.271910761313313, 51.495182013389368 ], [ -0.271900382529636, 51.495173038802136 ], [ -0.271822362593847, 51.495105515404646 ], [ -0.271777110618707, 51.495066342630992 ], [ -0.271660539923231, 51.494980922558199 ], [ -0.271626673251082, 51.494956337938341 ], [ -0.271534858063959, 51.494888830534755 ], [ -0.271512739198243, 51.494874503228175 ], [ -0.271404353214499, 51.494804284024625 ], [ -0.271281181795753, 51.494730771400874 ], [ -0.271273757570797, 51.494726336578594 ], [ -0.271266995094636, 51.494722307179849 ], [ -0.27121219309817, 51.494693020186368 ], [ -0.2709779615126, 51.494567844990129 ], [ -0.270785686150856, 51.494479087159675 ], [ -0.27068462175569, 51.494432427828414 ], [ -0.270652610536758, 51.494419132572624 ], [ -0.270632539698577, 51.49441080635544 ], [ -0.27053032195829, 51.494368401362699 ], [ -0.270396240758015, 51.494319118435726 ], [ -0.270180070746879, 51.49423896034552 ], [ -0.269997269034441, 51.494180475011021 ], [ -0.269934984479587, 51.494163172092783 ], [ -0.269935823008499, 51.494150540893393 ], [ -0.269991281019146, 51.493321037938806 ], [ -0.270008941936089, 51.493056673734777 ], [ -0.270002764131289, 51.493055854239941 ], [ -0.269904305298077, 51.493042819911743 ], [ -0.269788055835959, 51.493035787364896 ], [ -0.269784004076242, 51.493033680900247 ], [ -0.269720044135355, 51.493005885786225 ], [ -0.269727618956415, 51.492943957692923 ], [ -0.269706022584427, 51.492943639186315 ], [ -0.269626835890519, 51.492942471294782 ], [ -0.269467609984052, 51.492934880102098 ], [ -0.269080409041742, 51.492916425653235 ], [ -0.269051613906272, 51.492916000818155 ], [ -0.269059066333605, 51.492880518136374 ], [ -0.269085341478339, 51.492755450299939 ], [ -0.269073649468566, 51.492745501066878 ], [ -0.269069781002562, 51.492742208462253 ], [ -0.269092073469741, 51.49272339215225 ], [ -0.269205292319079, 51.492627807713362 ], [ -0.269255410461303, 51.492611802887986 ], [ -0.269350690023969, 51.492585906950708 ], [ -0.269400064631296, 51.492577510509236 ], [ -0.269424895467611, 51.492573287869838 ], [ -0.269564722550285, 51.492562068290198 ], [ -0.269607594030447, 51.492558626975963 ], [ -0.269611630142683, 51.492560080354991 ], [ -0.269714244783804, 51.492585451098286 ], [ -0.269719557990997, 51.492586275842655 ], [ -0.269800474461467, 51.492598808827992 ], [ -0.26988127652191, 51.492602572304477 ], [ -0.270072458738923, 51.492587371240823 ], [ -0.270511075539996, 51.492552498105574 ], [ -0.270541610581045, 51.492550070605901 ], [ -0.270540043624689, 51.492513074516239 ], [ -0.270623787823142, 51.492451901371233 ], [ -0.270691202554332, 51.492402657131343 ], [ -0.270720233763397, 51.49238465924914 ], [ -0.270735914821811, 51.492374935595805 ], [ -0.270752215193402, 51.492364834387736 ], [ -0.270963746293542, 51.492327872107268 ], [ -0.271370753292793, 51.492256785309266 ], [ -0.271390938975974, 51.492253260879487 ], [ -0.271473378413328, 51.49223886439087 ], [ -0.271479831492512, 51.492237736474692 ], [ -0.271587377421212, 51.49228050693079 ], [ -0.271604162281998, 51.492279220973813 ], [ -0.271800056113141, 51.49226420701293 ], [ -0.271897616301774, 51.492239655525111 ], [ -0.271935492327615, 51.49222697634255 ], [ -0.271989271220007, 51.492208982958601 ], [ -0.272025863230108, 51.492196734463867 ], [ -0.272030270486532, 51.492194470298308 ], [ -0.272031111757954, 51.492046877062613 ], [ -0.27197562716699, 51.491851112059273 ], [ -0.271974737394017, 51.491829116351212 ], [ -0.271937248149011, 51.491764527295942 ], [ -0.271933474756346, 51.49173859977936 ], [ -0.271917975950883, 51.491713803490136 ], [ -0.271846857644289, 51.491565599723074 ], [ -0.271848383861896, 51.491540856366782 ], [ -0.271844626447118, 51.491520603461929 ], [ -0.271836481335023, 51.491497147479492 ], [ -0.271825579610288, 51.49147916340246 ], [ -0.271806501442377, 51.491447695759128 ], [ -0.271791348101429, 51.491405386800992 ], [ -0.27178548829379, 51.491372162458241 ], [ -0.271754644028989, 51.491286907126003 ], [ -0.271755461640506, 51.491208143297996 ], [ -0.271754045978077, 51.491204057752576 ], [ -0.271749254811322, 51.491190192402776 ], [ -0.271781139143196, 51.491163369309199 ], [ -0.271829860393286, 51.491091659965164 ], [ -0.27185774134109, 51.490975273737938 ], [ -0.271869902640065, 51.490964895470363 ], [ -0.27197307094286, 51.490876892983422 ], [ -0.271920333583748, 51.490695183466862 ], [ -0.272019244056223, 51.490684347358631 ], [ -0.272306414697299, 51.490652866786604 ], [ -0.27232475012444, 51.490651014528773 ], [ -0.272600489525634, 51.490623168800965 ], [ -0.272744728780363, 51.490608602072022 ], [ -0.272928197823535, 51.490590080370389 ], [ -0.273116036296041, 51.490574860062864 ], [ -0.273246757743932, 51.490566163798803 ], [ -0.273261311479057, 51.490566036284505 ], [ -0.273265040199509, 51.490564949094725 ], [ -0.273310053078049, 51.490561960571213 ], [ -0.273448782669854, 51.490561295502388 ], [ -0.273483471602247, 51.490552471604175 ], [ -0.273592075464718, 51.490551560857718 ], [ -0.273837237537123, 51.490549502897231 ], [ -0.273872993507447, 51.490695503541147 ], [ -0.273902796439191, 51.490817199302072 ], [ -0.273914875323998, 51.49086658494975 ], [ -0.27391970025984, 51.490865459911404 ], [ -0.274104953334107, 51.490822214764137 ], [ -0.274265001286767, 51.490835711063411 ], [ -0.274436718561017, 51.490890763081133 ], [ -0.27444920747584, 51.490891531294693 ], [ -0.274516871001425, 51.490909756450257 ], [ -0.274621413364422, 51.490900835484389 ], [ -0.274788073914082, 51.490922719564431 ], [ -0.274873116807362, 51.490894968727936 ], [ -0.274878266366953, 51.490894783662064 ], [ -0.275102190785873, 51.490886790333022 ], [ -0.275436501588193, 51.490942900393826 ], [ -0.275644098155025, 51.491037038637401 ], [ -0.275629461444199, 51.491121831273006 ], [ -0.275617945137071, 51.491188441616252 ], [ -0.275613477405713, 51.49129578446815 ], [ -0.275694768982881, 51.491212070433789 ], [ -0.275826851995467, 51.491076055009785 ], [ -0.27592764607454, 51.490963347276981 ], [ -0.275941151622671, 51.490948240213044 ], [ -0.276087598079333, 51.490769747340345 ], [ -0.276154047918064, 51.490688782484199 ], [ -0.276205889079158, 51.490613978750694 ], [ -0.276257912660629, 51.490538916886884 ], [ -0.276275660216923, 51.49051330571681 ], [ -0.276301252950452, 51.490476380117293 ], [ -0.276352073786657, 51.490403027134228 ], [ -0.276386561710266, 51.490344892582826 ], [ -0.276436693636615, 51.490260387515725 ], [ -0.276555700211501, 51.490007643069511 ], [ -0.276574705583096, 51.489956304298346 ], [ -0.276607022489883, 51.48986901050872 ], [ -0.276626288555645, 51.4898080803721 ], [ -0.276651180361027, 51.489729364422381 ], [ -0.276656761508101, 51.489706649970536 ], [ -0.276632050203881, 51.489701880560972 ], [ -0.276214932313423, 51.489621401044637 ], [ -0.276202919853122, 51.489619084285046 ], [ -0.275999286197211, 51.489611730604032 ], [ -0.275990104702887, 51.48961264782433 ], [ -0.275817288482979, 51.489629954978057 ], [ -0.275812632778203, 51.489630417122861 ], [ -0.275721090277769, 51.48958158138641 ], [ -0.275718352266387, 51.489560992875369 ], [ -0.275692409551347, 51.489388410786276 ], [ -0.27567703894324, 51.489286108980437 ], [ -0.275674563511289, 51.489269633980683 ], [ -0.275668587022628, 51.489229888426721 ], [ -0.275649265564997, 51.489101350857084 ], [ -0.27563554728594, 51.489083163866063 ], [ -0.275623017588282, 51.489080434772973 ], [ -0.275636525076213, 51.488912155470935 ], [ -0.27563681499455, 51.488908670572755 ], [ -0.27564988847286, 51.488911875276528 ], [ -0.275656182678494, 51.488913415610682 ], [ -0.275921140962545, 51.488978208105863 ], [ -0.275980808237497, 51.488992794287434 ], [ -0.276164377145843, 51.48903768089216 ], [ -0.276173739976328, 51.489041118779497 ], [ -0.276320277833131, 51.48909492130867 ], [ -0.27670701294206, 51.489236891255075 ], [ -0.276766797142544, 51.489257981355586 ], [ -0.277103124111911, 51.489365773872969 ], [ -0.277491901543712, 51.489489412644112 ], [ -0.277858739678612, 51.489606064490907 ], [ -0.278131107981113, 51.489692678031872 ], [ -0.278281651386648, 51.489748097099515 ], [ -0.278321134230324, 51.489762633158044 ], [ -0.278337118546336, 51.489769261522547 ], [ -0.27838190812465, 51.489787850199477 ], [ -0.278405820349873, 51.489797778300982 ], [ -0.278441958350894, 51.489812777816816 ], [ -0.278586170827806, 51.489872617909818 ], [ -0.27882831168739, 51.489972868810916 ], [ -0.278849899259323, 51.489981800499692 ], [ -0.278931979502234, 51.490015782942912 ], [ -0.278949070697259, 51.490022859109082 ], [ -0.278958048797881, 51.490026578893072 ], [ -0.279162148026255, 51.490111918718938 ], [ -0.279176244550519, 51.490117808856013 ], [ -0.279201530261607, 51.490128377433578 ], [ -0.279289313794889, 51.49016507813046 ], [ -0.279303835488452, 51.490171154341375 ], [ -0.279319236929034, 51.490177585175068 ], [ -0.279500874207093, 51.490258116607144 ], [ -0.279531307663127, 51.490271611282139 ], [ -0.279698985371307, 51.490349518657638 ], [ -0.279762537053377, 51.490378282847502 ], [ -0.27977776301184, 51.490385169673303 ], [ -0.280174274222562, 51.490564586481021 ], [ -0.280213946603864, 51.490582541887555 ], [ -0.280256636187727, 51.490601854438665 ], [ -0.280277924081889, 51.490611491888913 ], [ -0.280435786005435, 51.490682734622247 ], [ -0.280497769635979, 51.490710702054578 ], [ -0.280555178014724, 51.490736610521765 ], [ -0.28056435661991, 51.490740751278821 ], [ -0.280628054042448, 51.490769499142907 ], [ -0.280912727262275, 51.490899244467194 ], [ -0.28094403984549, 51.490913516028755 ], [ -0.281010005306347, 51.490943636823019 ], [ -0.281074370691709, 51.490973023714893 ], [ -0.281331621164497, 51.491090459919533 ], [ -0.28137996948692, 51.491112543760678 ], [ -0.281520577173466, 51.491176517969585 ], [ -0.281683137909765, 51.491250471669439 ], [ -0.281691635288817, 51.491254346068267 ], [ -0.281946017335853, 51.49137038099871 ], [ -0.282102228908847, 51.491442361662358 ], [ -0.282406749997069, 51.491580442367571 ], [ -0.282644535012089, 51.491688773355584 ], [ -0.282721159562818, 51.491723765855141 ], [ -0.282726909632936, 51.491726385953903 ], [ -0.282829047101196, 51.491773042117188 ], [ -0.28310060857699, 51.491897059643996 ], [ -0.283245871758085, 51.491963393011147 ], [ -0.283463787298047, 51.492058333740765 ], [ -0.283652513467662, 51.492134612607607 ], [ -0.283693919772974, 51.492151348498957 ], [ -0.283707491794391, 51.492156277187561 ], [ -0.283713012904599, 51.492158284184946 ], [ -0.283905767877756, 51.492228357618522 ], [ -0.284101774038413, 51.492295296505652 ], [ -0.284566880412199, 51.492432265379513 ], [ -0.285104012410242, 51.492566283669042 ], [ -0.285787887232605, 51.492701584297585 ], [ -0.285721247545487, 51.492727758206279 ], [ -0.283237697772918, 51.493690127436921 ], [ -0.282398589066691, 51.494060164986308 ], [ -0.282337455137779, 51.494023254752932 ], [ -0.282335982013391, 51.494001516137928 ], [ -0.282316135299483, 51.493781869895528 ], [ -0.282315635277442, 51.493776395094336 ], [ -0.282301278459771, 51.493563231923659 ], [ -0.282278659177258, 51.493227307138106 ], [ -0.282237527473786, 51.493232379235096 ], [ -0.281724101513621, 51.49329575830869 ], [ -0.280976096787393, 51.493388080560372 ], [ -0.280902988277623, 51.493398016254346 ], [ -0.280648882133291, 51.493432547040527 ], [ -0.280188770731155, 51.493495073054348 ], [ -0.28002042757743, 51.493517955290109 ], [ -0.279470601732351, 51.49358183402309 ], [ -0.279427069648704, 51.493590188193465 ], [ -0.279398273933987, 51.493589765894548 ], [ -0.279391019319036, 51.493585019336024 ], [ -0.27938421460405, 51.493580567137322 ], [ -0.279380946955333, 51.493586238489698 ], [ -0.279368801159496, 51.493607318798567 ], [ -0.279354064763802, 51.49361609524771 ], [ -0.279357563515419, 51.493631442920943 ], [ -0.279366431442328, 51.493670232033153 ], [ -0.279500369008601, 51.494110682918077 ], [ -0.2795202498877, 51.494176071666466 ], [ -0.279548030465233, 51.494203456753937 ], [ -0.279561751516336, 51.494221643097781 ], [ -0.27957614957302, 51.494221854229998 ], [ -0.279995385368606, 51.494183038260246 ], [ -0.280112882994153, 51.494166523823651 ], [ -0.280095538374848, 51.494196745376328 ], [ -0.280083566239867, 51.49422699172932 ], [ -0.280031329268868, 51.494371635775153 ], [ -0.280005795835185, 51.494601731977077 ], [ -0.279992814176655, 51.494645776103923 ], [ -0.279991949576744, 51.494649225567237 ], [ -0.27993849305092, 51.494864110617101 ], [ -0.279918361958043, 51.494966789368895 ], [ -0.279904076713299, 51.495039707491365 ], [ -0.279814947507535, 51.495494494743021 ], [ -0.279812525812411, 51.495497975330416 ], [ -0.279740423073751, 51.495601222939193 ], [ -0.279727509783306, 51.495619720153059 ], [ -0.279723305446171, 51.495625395764669 ], [ -0.279695049515479, 51.495661482287431 ], [ -0.279621871475345, 51.495749660499911 ], [ -0.279604964644132, 51.49576899839829 ], [ -0.279575802186115, 51.495802373829576 ], [ -0.27957000553227, 51.495809015268726 ], [ -0.279567586982834, 51.49581126391557 ], [ -0.279469372391479, 51.495911997218158 ], [ -0.27943736212226, 51.495942183454837 ], [ -0.279335625953754, 51.496038098942286 ], [ -0.279329860542819, 51.496043526831357 ], [ -0.279033793841681, 51.496196779136085 ], [ -0.27894283685823, 51.496118990115463 ], [ -0.278803491186329, 51.495966958936286 ], [ -0.278842755115606, 51.495953416612586 ], [ -0.278781509814506, 51.495891179830799 ], [ -0.278784499274357, 51.495811846296945 ], [ -0.278589896854799, 51.495606928234103 ], [ -0.27858586607513, 51.495601113850519 ], [ -0.278523678023927, 51.495511543673189 ], [ -0.278458307115531, 51.495417367525491 ], [ -0.278488835709872, 51.495374516260981 ], [ -0.278285910023941, 51.495263609743823 ], [ -0.277871479225977, 51.495037110471692 ], [ -0.277946592744156, 51.494866697716212 ], [ -0.277957258903518, 51.494842475415012 ], [ -0.277977454225581, 51.494796675921968 ], [ -0.277991569684726, 51.494764644738794 ], [ -0.277992822956688, 51.494731399618978 ], [ -0.277993648983234, 51.494709487858373 ], [ -0.277994328641704, 51.494691458739425 ], [ -0.277994767065089, 51.494679828789288 ], [ -0.277926852182186, 51.494641728618468 ], [ -0.277904110585255, 51.494628967085873 ], [ -0.277893542542165, 51.494620781601789 ], [ -0.277819704566892, 51.494563638089893 ], [ -0.277805342748188, 51.494552528279591 ], [ -0.277750135877442, 51.49450980351866 ], [ -0.277696236062778, 51.494455722317156 ], [ -0.277674762255097, 51.494434175623709 ], [ -0.277691932701824, 51.494423519698337 ], [ -0.277712422007943, 51.494410808229141 ], [ -0.277744181519585, 51.494391095119404 ], [ -0.277713136847307, 51.494355550386068 ], [ -0.277701149980851, 51.49434182261767 ], [ -0.277823691768729, 51.494311149279461 ], [ -0.277814053600782, 51.494289574010857 ] ] ] } },
{ "type": "Feature", "properties": { "lsoa21cd": "E01002562", "lsoa21nm": "Hounslow 030D", "msoa21cd": "E02006972", "msoa21nm": "Hounslow 030", "lad22cd": "E09000018", "lad22nm": "Hounslow", "index_right": 85, "GSS_CODE": "E05000365", "risk_score": 0.00050200854459780855, "allocation_hours": 0.0051210047477288712, "patrol_units": 0 }, "geometry": { "type": "Polygon", "coordinates": [ [ [ -0.286967407681991, 51.500711339351895 ], [ -0.286787640843087, 51.500692842801094 ], [ -0.286631229961724, 51.500713890056225 ], [ -0.286132831964951, 51.500780938972071 ], [ -0.28581625358141, 51.500799479117575 ], [ -0.285808874849745, 51.50079991086988 ], [ -0.285483935239986, 51.500818948450615 ], [ -0.285443002129486, 51.500828152191012 ], [ -0.28539086623898, 51.500839862996507 ], [ -0.285339935999274, 51.500851312628917 ], [ -0.285161077293983, 51.500891512246682 ], [ -0.285101152890829, 51.500911876831303 ], [ -0.285094371068816, 51.500914061818122 ], [ -0.284855648581459, 51.500755477901386 ], [ -0.284812028576602, 51.500726504718045 ], [ -0.284784963640277, 51.500708267842093 ], [ -0.284722725483694, 51.500666333957888 ], [ -0.284694774679213, 51.500647517579033 ], [ -0.284620369516148, 51.500593490630479 ], [ -0.284609780014211, 51.500585809043208 ], [ -0.284593398237672, 51.500573915188077 ], [ -0.284570747084141, 51.500557469362633 ], [ -0.284561750164709, 51.500549199561775 ], [ -0.284554549751481, 51.500542583678509 ], [ -0.284546805968276, 51.500535474252416 ], [ -0.28435313203678, 51.500357566369097 ], [ -0.284303321313641, 51.500311227760342 ], [ -0.284298727668781, 51.500306943079202 ], [ -0.284266569815077, 51.500277013219737 ], [ -0.284103844752525, 51.500125599911421 ], [ -0.284049589238754, 51.500074480490746 ], [ -0.284004027804657, 51.50003086928966 ], [ -0.28395212334273, 51.499981604300743 ], [ -0.283947432584444, 51.499976454899517 ], [ -0.283924405955399, 51.499951226713819 ], [ -0.283913653911596, 51.499939442076432 ], [ -0.283911038714713, 51.499936571170508 ], [ -0.283861180952178, 51.499881922555986 ], [ -0.283853794870146, 51.499873849814122 ], [ -0.283816193465523, 51.499832632780809 ], [ -0.283769905853802, 51.499781903145958 ], [ -0.283760163533524, 51.499771239348014 ], [ -0.283758143906098, 51.499769006629265 ], [ -0.283744983311086, 51.499754605880391 ], [ -0.283741931996403, 51.49975107213443 ], [ -0.283739460819028, 51.499748203331173 ], [ -0.28371746423419, 51.499722792333841 ], [ -0.28367410718224, 51.499672681050967 ], [ -0.283650826544365, 51.499645785470094 ], [ -0.283639545599332, 51.499632743103767 ], [ -0.283599612251234, 51.499586611623492 ], [ -0.283595607907646, 51.499581984824815 ], [ -0.283579073012426, 51.499562872052593 ], [ -0.283560246990953, 51.499540317581037 ], [ -0.283537864949788, 51.499513475588891 ], [ -0.283529544748465, 51.499503502521264 ], [ -0.283502440771365, 51.499471002567333 ], [ -0.283422039587196, 51.499374577112476 ], [ -0.283419901331859, 51.499371668210159 ], [ -0.283411922697742, 51.49936085033427 ], [ -0.283393442239077, 51.499335814447939 ], [ -0.283383311304634, 51.499322078469071 ], [ -0.283374359293308, 51.499309942428205 ], [ -0.283340690215565, 51.499264289186719 ], [ -0.283325075787269, 51.499243117059571 ], [ -0.283315384061385, 51.499229963024355 ], [ -0.283297877096611, 51.499206245286516 ], [ -0.283292008972582, 51.499198308922999 ], [ -0.283287787052774, 51.499192572845025 ], [ -0.283236186814174, 51.499122611106209 ], [ -0.283221285111914, 51.499102411596752 ], [ -0.283214088158244, 51.499092648281049 ], [ -0.28320527347447, 51.499080694086999 ], [ -0.28314680552482, 51.498997583612443 ], [ -0.283139556876548, 51.498987279981883 ], [ -0.283130202528164, 51.498973969001106 ], [ -0.283126495526323, 51.498968717057366 ], [ -0.283117892956215, 51.498956487190846 ], [ -0.283080036482238, 51.498902661306509 ], [ -0.283053514047976, 51.498863524251433 ], [ -0.28303148279072, 51.498831008488999 ], [ -0.283007567146433, 51.498795731407846 ], [ -0.283003295262976, 51.498789410071389 ], [ -0.282983217109216, 51.498759746544756 ], [ -0.28295764918061, 51.498719751156628 ], [ -0.282954519419932, 51.498714858364515 ], [ -0.282909740622912, 51.498644744508852 ], [ -0.282906733709538, 51.49864003336441 ], [ -0.282903276956817, 51.498634641194506 ], [ -0.282873927444732, 51.498588700316567 ], [ -0.282871844415278, 51.498585090792155 ], [ -0.282868407944981, 51.498579159364418 ], [ -0.282854527877435, 51.498555170904261 ], [ -0.282848345051753, 51.498544496173039 ], [ -0.28284642366848, 51.498541185768374 ], [ -0.282798262076908, 51.498457974153375 ], [ -0.282787574209505, 51.498439517866771 ], [ -0.282777008510862, 51.498421261203482 ], [ -0.282772774540261, 51.498413933246141 ], [ -0.282754577588907, 51.498382525676362 ], [ -0.282737328805042, 51.498352723664411 ], [ -0.282715899632692, 51.498315702385071 ], [ -0.282711679404736, 51.498308392611591 ], [ -0.282681754264723, 51.498256697010049 ], [ -0.282673122716819, 51.498241795893797 ], [ -0.282669867067547, 51.498236037965 ], [ -0.282645352373875, 51.498192568805663 ], [ -0.282631318125374, 51.49816770578137 ], [ -0.282615564241737, 51.498139800580034 ], [ -0.28257310763899, 51.498066694578895 ], [ -0.282548102401916, 51.498023631874425 ], [ -0.282542419031233, 51.498013854700098 ], [ -0.282529415769162, 51.497991461723217 ], [ -0.282527521539921, 51.497988196673099 ], [ -0.282490120572267, 51.497923828976973 ], [ -0.282482748078114, 51.497911846377008 ], [ -0.282450665680935, 51.497860867312475 ], [ -0.282448924594824, 51.497857706118765 ], [ -0.282407609141794, 51.497789782983567 ], [ -0.28225876952002, 51.497548051132618 ], [ -0.282198796615405, 51.497450655911379 ], [ -0.282182924749395, 51.497424866667266 ], [ -0.282176826926852, 51.497416153520319 ], [ -0.282089991999194, 51.497292151621849 ], [ -0.282065935045531, 51.497257798497657 ], [ -0.282039361562416, 51.497219874442877 ], [ -0.28202946889847, 51.497156161165904 ], [ -0.28202459740748, 51.497124804709898 ], [ -0.282023367587596, 51.497116900224817 ], [ -0.282017889746984, 51.497081555680836 ], [ -0.282016444763463, 51.497072285671827 ], [ -0.282015283423111, 51.497064858795142 ], [ -0.282011963803597, 51.497043569754069 ], [ -0.282000971388801, 51.496972709267013 ], [ -0.281990000027873, 51.4969020559152 ], [ -0.2819892686859, 51.496897369073537 ], [ -0.281988258705492, 51.496890897624347 ], [ -0.281992776891466, 51.496839337481198 ], [ -0.282000623993913, 51.4967498325043 ], [ -0.282001936607116, 51.496734852129812 ], [ -0.282003247191033, 51.496719925680921 ], [ -0.282004206095002, 51.496708986780334 ], [ -0.282006602000441, 51.496681675479216 ], [ -0.282007187388243, 51.496674921643574 ], [ -0.282008806048605, 51.496667508495769 ], [ -0.282022576265277, 51.496604762188781 ], [ -0.28202415902379, 51.496597537358838 ], [ -0.28203681769256, 51.496539828594102 ], [ -0.282038332878881, 51.49653286805507 ], [ -0.282053060075631, 51.496465742889136 ], [ -0.282057736312984, 51.496446940466789 ], [ -0.282124320225755, 51.496449916245673 ], [ -0.282173896693109, 51.496452134894092 ], [ -0.28224800976346, 51.496455450150712 ], [ -0.282370002305911, 51.496460905126035 ], [ -0.282748302625346, 51.496387092382015 ], [ -0.282940093858581, 51.496349666667072 ], [ -0.282964142126053, 51.49634497378203 ], [ -0.282985775925039, 51.496255427706572 ], [ -0.28300959423292, 51.496156822114209 ], [ -0.283068827993755, 51.495911697388991 ], [ -0.283124087345591, 51.495682988844393 ], [ -0.283178274064021, 51.495381613650302 ], [ -0.283180587417797, 51.495368743172605 ], [ -0.2832090885473, 51.495210297593154 ], [ -0.283212532054178, 51.495191121879387 ], [ -0.283224098706831, 51.495126769483853 ], [ -0.283227102395365, 51.495110096259133 ], [ -0.283229968485119, 51.494938011526209 ], [ -0.28323803612217, 51.494831064105014 ], [ -0.283235841988583, 51.494710055028349 ], [ -0.283236187493511, 51.494516872815119 ], [ -0.283237697772918, 51.493690127436921 ], [ -0.285721247545487, 51.492727758206279 ], [ -0.285952611212979, 51.492770505487748 ], [ -0.286312500488281, 51.492836669672037 ], [ -0.286779228754212, 51.492911119422402 ], [ -0.286870976305079, 51.49292575919857 ], [ -0.287043411730592, 51.492937269617201 ], [ -0.287244642674162, 51.492949200178629 ], [ -0.287403354471956, 51.492942524589296 ], [ -0.287419387938948, 51.492939449381446 ], [ -0.2874468845466, 51.492934167470004 ], [ -0.287478709870027, 51.492930234675867 ], [ -0.287522863096625, 51.492925236353571 ], [ -0.287517724131829, 51.492980470080695 ], [ -0.287516777515194, 51.492990734759005 ], [ -0.287510428922934, 51.493059021514327 ], [ -0.287350206123784, 51.494782786349255 ], [ -0.287608700815346, 51.494879884314024 ], [ -0.288098830288485, 51.495063965617526 ], [ -0.288833138423821, 51.495438732520732 ], [ -0.289107690892241, 51.49557884786617 ], [ -0.289698018184171, 51.495752108596704 ], [ -0.28973952824678, 51.495764287123222 ], [ -0.290286405559805, 51.495458489782131 ], [ -0.292700180254767, 51.494108689105161 ], [ -0.292960319826935, 51.494091809609102 ], [ -0.293146771342006, 51.494086150311169 ], [ -0.293797621044739, 51.494066382712241 ], [ -0.294429293892963, 51.494059785564858 ], [ -0.295286377278251, 51.494050840193346 ], [ -0.295408853616574, 51.494054391287648 ], [ -0.295647399963527, 51.494065626519586 ], [ -0.294812152954519, 51.493158093096206 ], [ -0.294703352309589, 51.493039869371444 ], [ -0.294592531869517, 51.492921355392809 ], [ -0.29445425878978, 51.492766472021557 ], [ -0.294442450012033, 51.492753638843212 ], [ -0.294125424056997, 51.492409246153883 ], [ -0.293900504268529, 51.492164912053241 ], [ -0.293864110499434, 51.492128412044266 ], [ -0.293836242787831, 51.492100453174224 ], [ -0.29376859332594, 51.492032599708295 ], [ -0.29363668313786, 51.491900287230855 ], [ -0.293581442490493, 51.491836534956811 ], [ -0.2935546611938, 51.491782189306527 ], [ -0.293557345890645, 51.49171028689085 ], [ -0.293653326883492, 51.49153707202305 ], [ -0.293660179277963, 51.491487226323706 ], [ -0.293664298539916, 51.491457340599922 ], [ -0.29366860725338, 51.491426045779924 ], [ -0.293812167348255, 51.491444212648048 ], [ -0.294055914884234, 51.49147473538283 ], [ -0.294502902177645, 51.491463248977958 ], [ -0.294603683305575, 51.491464714048192 ], [ -0.294694704977656, 51.491462125350935 ], [ -0.294767081080932, 51.491460065914083 ], [ -0.294795015986685, 51.49148159577345 ], [ -0.294821621066345, 51.491502090124023 ], [ -0.294813488619934, 51.491513113857835 ], [ -0.294792337609936, 51.491541798847209 ], [ -0.294774342521427, 51.491566204222643 ], [ -0.294808463765475, 51.491568642599901 ], [ -0.295088833067197, 51.49158867045724 ], [ -0.295477226291708, 51.491603306868043 ], [ -0.295730547830027, 51.49160544043643 ], [ -0.295837990981449, 51.491606344762531 ], [ -0.295938046618549, 51.491607186647464 ], [ -0.296084875946267, 51.491608411044147 ], [ -0.296533283223425, 51.491612180136386 ], [ -0.296764413545954, 51.491614124136348 ], [ -0.296946077881855, 51.4916156463634 ], [ -0.297021203357703, 51.491616736918807 ], [ -0.297209218631142, 51.491619466022705 ], [ -0.297234039701681, 51.491619826286232 ], [ -0.297407477852528, 51.491604358112077 ], [ -0.297478706325257, 51.491599852319666 ], [ -0.297638505356867, 51.491589725365294 ], [ -0.297758356643519, 51.491576563558951 ], [ -0.29800011315058, 51.491550008586337 ], [ -0.298036558506805, 51.49154690427369 ], [ -0.298097931337923, 51.491541688582998 ], [ -0.298140113516568, 51.491538100921908 ], [ -0.298164223998948, 51.491555995423482 ], [ -0.298833032243937, 51.492051948431858 ], [ -0.298990491619946, 51.492136451807006 ], [ -0.299002129059659, 51.492142699603754 ], [ -0.299031917284956, 51.492163652836815 ], [ -0.299045618056332, 51.492173293813259 ], [ -0.299050866555254, 51.492175869879901 ], [ -0.299056892839881, 51.492178834878615 ], [ -0.299128078929979, 51.492227720741518 ], [ -0.29913998869634, 51.492233617158391 ], [ -0.299198236450557, 51.49227096231985 ], [ -0.2992089711833, 51.492277853354835 ], [ -0.299251579940988, 51.492330151164872 ], [ -0.299256240021768, 51.492341567302219 ], [ -0.299257823519351, 51.492345466041051 ], [ -0.299261274997768, 51.492348330740477 ], [ -0.299337800621907, 51.492411677436806 ], [ -0.29934463462227, 51.492417324898099 ], [ -0.299377015558317, 51.492478916556657 ], [ -0.299378966038447, 51.492482631770088 ], [ -0.299403710877967, 51.492505561728336 ], [ -0.299405228395537, 51.492508137605768 ], [ -0.299416919850684, 51.492528027709987 ], [ -0.299421025389578, 51.492534993488931 ], [ -0.299462065877273, 51.492561711697057 ], [ -0.29946811368531, 51.492565648165531 ], [ -0.299488637812952, 51.492602122630977 ], [ -0.299493001109516, 51.492606421360328 ], [ -0.299508076271797, 51.492621324680947 ], [ -0.29951158748897, 51.492627616394245 ], [ -0.299532750577605, 51.492665502947929 ], [ -0.299541853441844, 51.49268179447408 ], [ -0.299547082819046, 51.492714297351604 ], [ -0.299549947510848, 51.492732153085029 ], [ -0.299547838831078, 51.492745845129406 ], [ -0.299542208095083, 51.492782560968323 ], [ -0.299538915349756, 51.492804068348086 ], [ -0.299508436939984, 51.492870144358839 ], [ -0.299491191335687, 51.492895743430417 ], [ -0.299494151941754, 51.492902121584407 ], [ -0.299495128135526, 51.492918852856221 ], [ -0.299495713376835, 51.492928672194537 ], [ -0.299485837341075, 51.493003580738488 ], [ -0.299502187161411, 51.49301249552034 ], [ -0.299515783611249, 51.493019913600456 ], [ -0.299685000614052, 51.493112174636309 ], [ -0.299676619709989, 51.493111702462279 ], [ -0.299539980195935, 51.493104020781857 ], [ -0.299597275272493, 51.493146873332186 ], [ -0.299767736358634, 51.49315966726526 ], [ -0.299905874904404, 51.493170041183063 ], [ -0.299924679246331, 51.493171455729971 ], [ -0.300042605868962, 51.49318030461621 ], [ -0.3000554848208, 51.493177586643107 ], [ -0.299915554011676, 51.493450132495262 ], [ -0.300013065764152, 51.493468536889161 ], [ -0.300018739647213, 51.493470525521552 ], [ -0.300028764123282, 51.493474060961866 ], [ -0.30004149234647, 51.493476169795628 ], [ -0.300069297020608, 51.493480772192804 ], [ -0.300089685354979, 51.493484143057835 ], [ -0.300103720627921, 51.493490420877087 ], [ -0.300181052873042, 51.493545141338593 ], [ -0.300183540887597, 51.493549125108451 ], [ -0.300221346376976, 51.493609778940545 ], [ -0.300228974160931, 51.493651012304163 ], [ -0.300226120159992, 51.493661896881164 ], [ -0.300213027891068, 51.493711768622191 ], [ -0.300208042329435, 51.493730769549899 ], [ -0.300198371647634, 51.49374850209395 ], [ -0.300240504150024, 51.493765852122458 ], [ -0.300430108758378, 51.493838776706966 ], [ -0.300506052806954, 51.493888436516656 ], [ -0.300505904676449, 51.493892418062202 ], [ -0.300503886687503, 51.493946658755839 ], [ -0.300494940295998, 51.493970287426649 ], [ -0.300452761270035, 51.494083310536574 ], [ -0.300521619929459, 51.494112009513223 ], [ -0.300530954495538, 51.494115894615753 ], [ -0.300617179084943, 51.494168810183716 ], [ -0.30065545116005, 51.494271164484083 ], [ -0.3006567729766, 51.494274744671962 ], [ -0.300640395296078, 51.494345557431181 ], [ -0.300637819279981, 51.494356715818839 ], [ -0.300597467333705, 51.494413269866975 ], [ -0.300588348547471, 51.494426042062429 ], [ -0.300574568537078, 51.494486272261476 ], [ -0.300350169641924, 51.49451597023026 ], [ -0.300329959248953, 51.494518644974761 ], [ -0.300281286272823, 51.494525088890668 ], [ -0.300274018524973, 51.494526053709158 ], [ -0.30020997058325, 51.494534531972107 ], [ -0.300204816691411, 51.494535212673782 ], [ -0.300193235166991, 51.494536735472643 ], [ -0.29992481000057, 51.494572260384892 ], [ -0.299908190078711, 51.494574456526074 ], [ -0.299625185572968, 51.494611914208384 ], [ -0.299606951510682, 51.494614320718881 ], [ -0.299593017003382, 51.494616164561201 ], [ -0.299560066401314, 51.494620524969861 ], [ -0.29955382659344, 51.494621351769666 ], [ -0.299511350020178, 51.494626967939119 ], [ -0.299501881649049, 51.494628224544982 ], [ -0.299402986244504, 51.494641314027575 ], [ -0.299368791012535, 51.494646600557694 ], [ -0.299226627223974, 51.494668576792009 ], [ -0.299190903222, 51.49467410189213 ], [ -0.298960751693742, 51.494709675873466 ], [ -0.298926643756496, 51.49471493656371 ], [ -0.298920847931169, 51.494715832715173 ], [ -0.298851964351149, 51.494726488261705 ], [ -0.298836764741913, 51.494728839734293 ], [ -0.298789731764245, 51.49473610715053 ], [ -0.298767026599308, 51.494739617728243 ], [ -0.298622884149426, 51.494761906260798 ], [ -0.298616494296959, 51.494762892700798 ], [ -0.29855036401283, 51.494773111394871 ], [ -0.298442967325406, 51.494789709768426 ], [ -0.298384878622643, 51.494798687126078 ], [ -0.298374141791817, 51.494800347893204 ], [ -0.298328977780936, 51.494807327494513 ], [ -0.298322602649324, 51.494808305139593 ], [ -0.298308104155157, 51.494810783616266 ], [ -0.298055928421696, 51.494853976793337 ], [ -0.297703450385334, 51.494914337676093 ], [ -0.297693924645179, 51.494915970991123 ], [ -0.297684819472827, 51.494917529474854 ], [ -0.297622141702783, 51.494928256363806 ], [ -0.297644351070703, 51.494957768396119 ], [ -0.297647316429445, 51.494961696198999 ], [ -0.29767472844124, 51.494998113546174 ], [ -0.297740122095938, 51.49508499054749 ], [ -0.297744473723619, 51.495090763945974 ], [ -0.297789153978966, 51.495150124472815 ], [ -0.297795426622286, 51.495158470628219 ], [ -0.297901562315568, 51.49529945770945 ], [ -0.297903978234523, 51.495302667123767 ], [ -0.297955934469397, 51.495371683210017 ], [ -0.298060773933128, 51.495511140581328 ], [ -0.29807502380478, 51.495530033779993 ], [ -0.297987739049289, 51.495541923652709 ], [ -0.297966960498039, 51.495544751619015 ], [ -0.298136306307746, 51.495716079013384 ], [ -0.298185632758362, 51.495765992666755 ], [ -0.298191269337143, 51.49577169475991 ], [ -0.298199134029182, 51.495780234842272 ], [ -0.298307083559439, 51.495897548002723 ], [ -0.298395151211862, 51.495993242415231 ], [ -0.298435138430823, 51.496036698754082 ], [ -0.298459867283278, 51.496063576373288 ], [ -0.298496753506458, 51.496103651486628 ], [ -0.298503849146958, 51.496111955580396 ], [ -0.298573455539497, 51.496193340273898 ], [ -0.298610756882378, 51.496236973418476 ], [ -0.298638257601397, 51.496269115854091 ], [ -0.298661719951004, 51.496297899463073 ], [ -0.298708368142521, 51.496355156909971 ], [ -0.298765445747317, 51.496425209063929 ], [ -0.298846068816276, 51.496524144878975 ], [ -0.298848397127136, 51.496527002292844 ], [ -0.29891137180001, 51.496604288934904 ], [ -0.299028036237058, 51.496747459856927 ], [ -0.299037184147798, 51.496758689263643 ], [ -0.299055011837151, 51.496780565765974 ], [ -0.299106742400518, 51.496858053477453 ], [ -0.299177851507503, 51.496964526240575 ], [ -0.299247936730508, 51.497069486857043 ], [ -0.299259276562712, 51.497086467267032 ], [ -0.299333173347384, 51.497181933011873 ], [ -0.299395908716136, 51.497262983768138 ], [ -0.299405256083711, 51.497275052339333 ], [ -0.299463799054349, 51.497350691734262 ], [ -0.299517435593956, 51.497419974208547 ], [ -0.299609059178963, 51.49752459029424 ], [ -0.299615029039212, 51.497531412216745 ], [ -0.299714153160361, 51.497638510942878 ], [ -0.299851654430144, 51.49774106692724 ], [ -0.299903618915069, 51.497779822328603 ], [ -0.299906352515539, 51.497781858279687 ], [ -0.300005024842771, 51.4978554530339 ], [ -0.300010306990747, 51.497879980248079 ], [ -0.300011092398072, 51.497883651586328 ], [ -0.300019004075386, 51.49792036580304 ], [ -0.300020724937679, 51.497928322145199 ], [ -0.300043168226213, 51.498032528991239 ], [ -0.300044985893158, 51.498040981324351 ], [ -0.300078558076726, 51.498196885571751 ], [ -0.300082957080136, 51.498217272415602 ], [ -0.300089674498427, 51.498248528843199 ], [ -0.300099675610941, 51.498294913311348 ], [ -0.300102146081814, 51.498306342634592 ], [ -0.300103873888099, 51.498311403482006 ], [ -0.300118072792826, 51.498353001794953 ], [ -0.300121633573436, 51.498363394788583 ], [ -0.300139763250209, 51.498396929796748 ], [ -0.300146368105435, 51.498409147411856 ], [ -0.300158702735849, 51.498431933323147 ], [ -0.300165084583051, 51.498440271927592 ], [ -0.300222248372341, 51.498514910734087 ], [ -0.300249843469458, 51.498542647783211 ], [ -0.300287340250664, 51.498580348105207 ], [ -0.300379735502072, 51.498650398446536 ], [ -0.300402988141198, 51.498671328159439 ], [ -0.300406975323986, 51.498674910985869 ], [ -0.300477598398093, 51.498738459003931 ], [ -0.300532036753225, 51.498787438466785 ], [ -0.300557478041065, 51.49881034223376 ], [ -0.300634368605528, 51.49898231386706 ], [ -0.300649191716577, 51.499069108576421 ], [ -0.300658052244875, 51.49912099787295 ], [ -0.300678078029467, 51.499238343589518 ], [ -0.300681816083455, 51.49926024056748 ], [ -0.300696093344482, 51.499343897961538 ], [ -0.300696573326077, 51.499348345421062 ], [ -0.300606343011708, 51.499378118544882 ], [ -0.300593813358084, 51.499382244487059 ], [ -0.300385116750495, 51.499451224715976 ], [ -0.300341404797374, 51.499465528096884 ], [ -0.300291693189872, 51.499481929731985 ], [ -0.300244155226288, 51.499497607463447 ], [ -0.300057531981694, 51.499559182310144 ], [ -0.30002411361287, 51.499570208559476 ], [ -0.29991477150985, 51.499606266998533 ], [ -0.299904721165996, 51.499609583495001 ], [ -0.29982078841482, 51.49963727827619 ], [ -0.29972304772375, 51.499669526354332 ], [ -0.299686195484023, 51.499681684365775 ], [ -0.299670572726814, 51.4996868444901 ], [ -0.299643499791147, 51.49969576841206 ], [ -0.299593262596936, 51.499712341989486 ], [ -0.299569087689633, 51.499720822297178 ], [ -0.299467426730723, 51.499756425115173 ], [ -0.299457616770601, 51.499759861960726 ], [ -0.299376349161258, 51.499788323450417 ], [ -0.299313299275554, 51.499810421454207 ], [ -0.299255373671638, 51.499830714264071 ], [ -0.2991457122534, 51.499869123410626 ], [ -0.299140924123, 51.499870798551505 ], [ -0.299134851053353, 51.49987293166938 ], [ -0.299108340849826, 51.499882214335706 ], [ -0.298956779155362, 51.499940024269073 ], [ -0.29889879197102, 51.49996215498458 ], [ -0.298822754890294, 51.499991164037553 ], [ -0.298808665703216, 51.499996535126876 ], [ -0.298792456704417, 51.500002729769314 ], [ -0.298731934630728, 51.500025799339404 ], [ -0.298685442441267, 51.500043541908425 ], [ -0.298677476902469, 51.500046582785068 ], [ -0.298566881084121, 51.500088775394694 ], [ -0.298489849734297, 51.500114489344014 ], [ -0.298392872948802, 51.50014671503628 ], [ -0.298372529180676, 51.50015347913434 ], [ -0.298355519021798, 51.500159131539455 ], [ -0.298220677850577, 51.500203932541559 ], [ -0.298180078114986, 51.500217421482496 ], [ -0.298124101882734, 51.500236024444284 ], [ -0.298105472152086, 51.500242219851501 ], [ -0.298017634729952, 51.500271403440898 ], [ -0.298007028861894, 51.500274927539799 ], [ -0.297970761603234, 51.500286981999039 ], [ -0.297929126082485, 51.500300811034244 ], [ -0.297918228849003, 51.500304420823873 ], [ -0.297862718903875, 51.500322877554012 ], [ -0.297830449125353, 51.500333596119724 ], [ -0.297757352964593, 51.500357885614548 ], [ -0.297752356266056, 51.500359548681281 ], [ -0.297739489192287, 51.500363822301075 ], [ -0.297735550236982, 51.500365132019141 ], [ -0.297534796171521, 51.50043183946643 ], [ -0.29751982829703, 51.500436810975373 ], [ -0.297445528383226, 51.500461496468972 ], [ -0.297435797494336, 51.50046473645989 ], [ -0.297410150633206, 51.500473257918735 ], [ -0.297397181019502, 51.500477574976287 ], [ -0.297390310083943, 51.500479849300582 ], [ -0.29733843260496, 51.50049709055024 ], [ -0.297330788067036, 51.500499632413508 ], [ -0.297294856006905, 51.50051157462967 ], [ -0.297271281034225, 51.500519397734898 ], [ -0.2971113446798, 51.500572542593908 ], [ -0.297089724073181, 51.500579728579723 ], [ -0.297080007858748, 51.500582959763804 ], [ -0.297073194820104, 51.500585225918812 ], [ -0.297055922103608, 51.500590955263597 ], [ -0.297031194352151, 51.500599166253963 ], [ -0.296985357024363, 51.500613608421958 ], [ -0.296964610459983, 51.500620150616065 ], [ -0.296904981218881, 51.500638933799017 ], [ -0.296887500168309, 51.500644453267 ], [ -0.296813933633006, 51.500667611301147 ], [ -0.29680505495452, 51.500670404993464 ], [ -0.2967289364507, 51.500694380221525 ], [ -0.296696846977824, 51.500704498603099 ], [ -0.296656017440699, 51.500717363210441 ], [ -0.296596147161949, 51.500736228167838 ], [ -0.29657076455247, 51.500744222726823 ], [ -0.296522929630874, 51.500759292170102 ], [ -0.296462512696943, 51.500778324477899 ], [ -0.296457482917949, 51.500779906078002 ], [ -0.296286094471534, 51.500833904204434 ], [ -0.296277937093655, 51.500836479021061 ], [ -0.296273986334826, 51.500837716579682 ], [ -0.296090427641085, 51.500902585035313 ], [ -0.296084864669786, 51.500904554548136 ], [ -0.295943384334863, 51.50095455767638 ], [ -0.295923250291073, 51.500961666121079 ], [ -0.295904853355249, 51.500968170313762 ], [ -0.295898049572345, 51.500970571423686 ], [ -0.295714548437465, 51.501035413155797 ], [ -0.295685303064997, 51.501045752424979 ], [ -0.295597873973054, 51.501076648753646 ], [ -0.295582528549663, 51.501082073155899 ], [ -0.295531177735862, 51.501100220528578 ], [ -0.295495569215538, 51.501112346755434 ], [ -0.295484915724902, 51.501115977849622 ], [ -0.295388815545001, 51.501148726416297 ], [ -0.295377038112494, 51.501152745836414 ], [ -0.295359102198193, 51.501158860970563 ], [ -0.295198176087533, 51.501213697450332 ], [ -0.295174906156333, 51.501221627984805 ], [ -0.295142135738336, 51.501232792674415 ], [ -0.295138472587761, 51.501234043366672 ], [ -0.295098368814607, 51.501247704829588 ], [ -0.29507377799719, 51.501256088259446 ], [ -0.295057753957365, 51.501261547695783 ], [ -0.29491807569125, 51.501309147801088 ], [ -0.294909720713487, 51.501311993924425 ], [ -0.294899785687027, 51.501315095854501 ], [ -0.29489402772231, 51.501316882627094 ], [ -0.294842527191961, 51.501332851331981 ], [ -0.294836682149172, 51.501334654821392 ], [ -0.2948071493177, 51.501343807177889 ], [ -0.294740401462007, 51.501364495649817 ], [ -0.294723841876996, 51.50136963251898 ], [ -0.294689775927996, 51.501380180251232 ], [ -0.294675767285426, 51.501384526875135 ], [ -0.294537110756489, 51.501427510224829 ], [ -0.294525172458908, 51.501431203490768 ], [ -0.294427710501944, 51.501461413574106 ], [ -0.294416088209217, 51.501466058336668 ], [ -0.294378134010984, 51.501476780567344 ], [ -0.294369518940179, 51.501479452013569 ], [ -0.294339694391204, 51.501488694434585 ], [ -0.294262326212091, 51.501519052598169 ], [ -0.294220886133179, 51.50153530217348 ], [ -0.294144289817052, 51.501557722078431 ], [ -0.294128123144316, 51.501562365490805 ], [ -0.294109814079517, 51.501565925626529 ], [ -0.29403642591606, 51.501580181917468 ], [ -0.294024378828854, 51.501582542655676 ], [ -0.294010548057408, 51.501585210182576 ], [ -0.294003788782875, 51.501586029144306 ], [ -0.293907885963863, 51.5015976289314 ], [ -0.293860779805306, 51.501598544649603 ], [ -0.293799053083293, 51.501599742336431 ], [ -0.293779385970668, 51.50160012179596 ], [ -0.29374612207303, 51.50160076215046 ], [ -0.293713794529218, 51.501598322679072 ], [ -0.293688392909249, 51.501596388582058 ], [ -0.293632632592886, 51.501592151528151 ], [ -0.293627589442726, 51.501591772440321 ], [ -0.293619946186709, 51.501591184681011 ], [ -0.293427473906162, 51.501586721799512 ], [ -0.293419441126307, 51.501586533025879 ], [ -0.293403591238114, 51.501586167606369 ], [ -0.293395832067575, 51.501585982810695 ], [ -0.293233519765113, 51.501582201076126 ], [ -0.293168110938666, 51.501575710204655 ], [ -0.293111645404842, 51.501570104770352 ], [ -0.29301329922658, 51.501560337980578 ], [ -0.293008318055114, 51.501559842864673 ], [ -0.292955563322769, 51.501554606078848 ], [ -0.292824975924314, 51.501541636330479 ], [ -0.292722136643473, 51.501531426235474 ], [ -0.292713064453755, 51.501530520871228 ], [ -0.29262697779296, 51.50152196628126 ], [ -0.292568136851644, 51.501516119190121 ], [ -0.292559695935622, 51.501515285947953 ], [ -0.292519042575908, 51.501511250212374 ], [ -0.292429496237886, 51.501502357369155 ], [ -0.292413375623697, 51.501500755897595 ], [ -0.292276544184095, 51.50148716410488 ], [ -0.292254616922161, 51.501484988005679 ], [ -0.29216032630529, 51.501475625736944 ], [ -0.292113529129902, 51.501470978867104 ], [ -0.292036672932006, 51.501463340548909 ], [ -0.291997791084996, 51.501458170380928 ], [ -0.291992715856845, 51.501457494001734 ], [ -0.291976744376666, 51.501455373073441 ], [ -0.291865418599474, 51.501440551408038 ], [ -0.291861045970225, 51.501439966184329 ], [ -0.291810708659619, 51.501433280304418 ], [ -0.291686479443456, 51.50141675087508 ], [ -0.291675196417076, 51.501415246711552 ], [ -0.291645977492219, 51.501411368158593 ], [ -0.29148183488562, 51.501389518305352 ], [ -0.291457304749289, 51.501386247531741 ], [ -0.291451971339124, 51.501385540391865 ], [ -0.291367383938659, 51.501374281963891 ], [ -0.2913538138903, 51.501372481883053 ], [ -0.291224750680715, 51.501349031049195 ], [ -0.291217180296367, 51.501347652850214 ], [ -0.291212458437225, 51.501346774754836 ], [ -0.291137355402214, 51.501333109395389 ], [ -0.291082173627458, 51.501323052382311 ], [ -0.291076807119949, 51.50132207496695 ], [ -0.291070195515748, 51.501320872588444 ], [ -0.290963767261723, 51.501301481240581 ], [ -0.290958372294981, 51.501300494412696 ], [ -0.290931697181581, 51.501295636575527 ], [ -0.290743669863093, 51.501261378778011 ], [ -0.290736428697941, 51.501260059298865 ], [ -0.29065846438512, 51.501245857358491 ], [ -0.290648297394358, 51.501243793831385 ], [ -0.290632668496783, 51.501240607597047 ], [ -0.290444920124954, 51.501202374179954 ], [ -0.290347914173506, 51.501182629457901 ], [ -0.29033564550481, 51.501180130615637 ], [ -0.290174680134714, 51.50114734531941 ], [ -0.290164728183422, 51.501145311861265 ], [ -0.290022744678982, 51.501116404479163 ], [ -0.289941275302409, 51.501099817410882 ], [ -0.289914716100622, 51.501094178678365 ], [ -0.289905296310625, 51.501092170939138 ], [ -0.289743891642203, 51.501057858903408 ], [ -0.289599897486958, 51.501027253580105 ], [ -0.289589905753479, 51.501025129567374 ], [ -0.289457783358556, 51.500997044180671 ], [ -0.289444346760914, 51.500994186500911 ], [ -0.289288566868462, 51.500961088894485 ], [ -0.289274915971893, 51.500958183107933 ], [ -0.289214508327456, 51.500945342258454 ], [ -0.289187670832082, 51.500940598556575 ], [ -0.289150442068285, 51.500934012733737 ], [ -0.289139077639514, 51.500931994562364 ], [ -0.289080972750737, 51.50092172311836 ], [ -0.288867397864125, 51.500883942364304 ], [ -0.28867774778952, 51.500850394948777 ], [ -0.28856605291943, 51.500847794608809 ], [ -0.28833978486742, 51.500842506657499 ], [ -0.288100560736628, 51.500836921328322 ], [ -0.287764972019727, 51.500793383588082 ], [ -0.287733343059094, 51.500790280911168 ], [ -0.287227693436231, 51.500737535129915 ], [ -0.28715066244992, 51.50073019229017 ], [ -0.28698250675096, 51.500712890691837 ], [ -0.286967407681991, 51.500711339351895 ] ] ] } },
{ "type": "Feature", "properties": { "lsoa21cd": "E01001380", "lsoa21nm": "Ealing 040C", "msoa21cd": "E02006791", "msoa21nm": "Ealing 040", "lad22cd": "E09000009", "lad22nm": "Ealing", "index_right": 85, "GSS_CODE": "E05000365", "risk_score": 9.0948560716655322, "allocation_hours": 92.776909126564817, "patrol_units": 46 }, "geometry": { "type": "Polygon", "coordinates": [ [ [ -0.268742060148359, 51.498056770118822 ], [ -0.268725728133563, 51.498044074409314 ], [ -0.268653354163284, 51.498044625095204 ], [ -0.268565681892659, 51.498059940594132 ], [ -0.268514153717258, 51.498074971118868 ], [ -0.268423984344728, 51.498111687956239 ], [ -0.268378068455127, 51.49814056888151 ], [ -0.268300216534206, 51.49822707944665 ], [ -0.268208743602374, 51.498231286717925 ], [ -0.268147015848534, 51.498239826784534 ], [ -0.267941253231737, 51.498315933047977 ], [ -0.267840252349887, 51.49848798067611 ], [ -0.267783422332542, 51.498513624794413 ], [ -0.267571266151073, 51.49818221845382 ], [ -0.267584188043173, 51.498174279965461 ], [ -0.267626193028199, 51.498157742350791 ], [ -0.267729602923774, 51.4981350971279 ], [ -0.267744712809097, 51.498121129930958 ], [ -0.267717214755458, 51.498094015996386 ], [ -0.267771617015842, 51.498071591379698 ], [ -0.267721470967733, 51.498038774503428 ], [ -0.26770260471334, 51.498026427918802 ], [ -0.267492820594836, 51.497974779459071 ], [ -0.267392630167605, 51.497908382574423 ], [ -0.267320969601222, 51.497860886670502 ], [ -0.267442080705776, 51.497781013576379 ], [ -0.267506019735461, 51.497769997606568 ], [ -0.267582645197311, 51.497748890411756 ], [ -0.267647258510847, 51.497717435205743 ], [ -0.267705192386399, 51.497694190485191 ], [ -0.267744174669387, 51.497681744785091 ], [ -0.267782865950876, 51.497672792887521 ], [ -0.267871860835778, 51.497657542439413 ], [ -0.267899595994173, 51.497654085086111 ], [ -0.267928763167408, 51.497627681830281 ], [ -0.268003597386474, 51.497574583811002 ], [ -0.26802757556604, 51.49756210986623 ], [ -0.268086199124545, 51.497531874420112 ], [ -0.268101382965523, 51.497525637387234 ], [ -0.268139712855296, 51.49750987265886 ], [ -0.268165015221506, 51.497502179800676 ], [ -0.268169445636062, 51.497488684393396 ], [ -0.268172151084262, 51.497480406195606 ], [ -0.268175097733455, 51.49747146610747 ], [ -0.26818192721098, 51.497451693323534 ], [ -0.268208699920672, 51.497385840199165 ], [ -0.268241790979858, 51.497339531269262 ], [ -0.2682892191371, 51.497297723410085 ], [ -0.268358225185628, 51.497261332798132 ], [ -0.268480113463102, 51.497223951069664 ], [ -0.26848917997614, 51.497221171280884 ], [ -0.268488829962738, 51.497212542235935 ], [ -0.268488524436248, 51.49720501993427 ], [ -0.268464926447925, 51.497183341280639 ], [ -0.268430093922762, 51.497151326213206 ], [ -0.268347107889392, 51.497060175666761 ], [ -0.268366969043374, 51.497051593132007 ], [ -0.268336514222991, 51.497023815201771 ], [ -0.268320924433535, 51.497022335135327 ], [ -0.268309708443415, 51.49702671084151 ], [ -0.268316847426632, 51.497021951227431 ], [ -0.268270469738741, 51.496991600192736 ], [ -0.268025033902791, 51.49677198466614 ], [ -0.268010361024835, 51.496758863719016 ], [ -0.267887282122296, 51.496648722186627 ], [ -0.267873565019648, 51.49663053452629 ], [ -0.267781219675955, 51.496559056057194 ], [ -0.267719609983671, 51.496511358058818 ], [ -0.267748263025753, 51.496499254444949 ], [ -0.267699280581897, 51.496479107277757 ], [ -0.267691961347413, 51.496474754714896 ], [ -0.267655780371747, 51.496453060972023 ], [ -0.267553352275751, 51.496359518534447 ], [ -0.267542518962475, 51.496349628601138 ], [ -0.267482379991264, 51.496294695180822 ], [ -0.267399349171325, 51.496218866647972 ], [ -0.26739580846003, 51.496220298136429 ], [ -0.267324556262538, 51.496159067581097 ], [ -0.267302023614357, 51.496139715516343 ], [ -0.267287569673106, 51.496127290137188 ], [ -0.267279760795356, 51.496126923021151 ], [ -0.267268563651146, 51.496126627265106 ], [ -0.266726707635845, 51.496101020678083 ], [ -0.26648299955094, 51.496089398731407 ], [ -0.266453476161472, 51.496087991317083 ], [ -0.266410607211445, 51.496078365325253 ], [ -0.266386483732207, 51.496070383173489 ], [ -0.266303498935215, 51.496042934604297 ], [ -0.266097606400946, 51.495974821715009 ], [ -0.266139140617986, 51.495967989663136 ], [ -0.266437982789937, 51.495918854790709 ], [ -0.266447348004021, 51.495917311554187 ], [ -0.266463961582954, 51.49591458048274 ], [ -0.266530749432048, 51.495903598153269 ], [ -0.266717195435767, 51.495872945268808 ], [ -0.266994044552567, 51.495827422824142 ], [ -0.267031272836182, 51.495821300216832 ], [ -0.26726763131292, 51.495782436065561 ], [ -0.267402337140002, 51.495760280315785 ], [ -0.267525547134421, 51.495741524715108 ], [ -0.267609909380729, 51.495728670039071 ], [ -0.267663825175147, 51.495715959271685 ], [ -0.267736126039681, 51.495686469999619 ], [ -0.267618759787112, 51.495537852318549 ], [ -0.267607849836421, 51.49550111841166 ], [ -0.267603761484569, 51.495487362347987 ], [ -0.267614457671512, 51.495443123924737 ], [ -0.267684070245928, 51.495353452627789 ], [ -0.267695067328362, 51.495323310009859 ], [ -0.26765915503533, 51.495308040927668 ], [ -0.267653881006954, 51.495305795844146 ], [ -0.267604897030627, 51.495291421839987 ], [ -0.267591501363323, 51.495286044318235 ], [ -0.267580602293746, 51.495283212588767 ], [ -0.267475199715559, 51.495233222152926 ], [ -0.267431152110641, 51.495203031082745 ], [ -0.267374706120817, 51.495186370584285 ], [ -0.267254290665076, 51.495127696224259 ], [ -0.267154994079176, 51.495127533628434 ], [ -0.26702450625537, 51.495157790755847 ], [ -0.266971147025063, 51.495179007436334 ], [ -0.266919409481406, 51.49515064497988 ], [ -0.266859331692803, 51.495074795381846 ], [ -0.266847343523221, 51.495059663631721 ], [ -0.266821181557746, 51.495026634096519 ], [ -0.266659948342967, 51.494823088175764 ], [ -0.266821930931492, 51.494847414059336 ], [ -0.266828030138333, 51.494836641122511 ], [ -0.266896967316014, 51.494715045638031 ], [ -0.267074939119255, 51.494601939955842 ], [ -0.267327489420658, 51.494337700026115 ], [ -0.267375175636691, 51.494279152142191 ], [ -0.267440413304585, 51.49425009830361 ], [ -0.267518561146353, 51.494215281979884 ], [ -0.267535053886774, 51.494205462821796 ], [ -0.267606993987207, 51.494162632310562 ], [ -0.267651551162955, 51.494127319902418 ], [ -0.267627186168884, 51.494010056599031 ], [ -0.267613469946187, 51.493991868909326 ], [ -0.267608126251267, 51.493983867542447 ], [ -0.267581682128402, 51.493944224458303 ], [ -0.267565094513632, 51.493919321868852 ], [ -0.267630789815367, 51.493915031257181 ], [ -0.267654907876679, 51.493913444974595 ], [ -0.267689841977485, 51.493911173084705 ], [ -0.26773143394113, 51.493908459931276 ], [ -0.267768956070108, 51.493907080524465 ], [ -0.267784204607354, 51.493906514312002 ], [ -0.267819562963798, 51.493905210853406 ], [ -0.267905441818739, 51.493902036400499 ], [ -0.267910281546872, 51.493902053894999 ], [ -0.267991105127091, 51.493902266890579 ], [ -0.268085152086467, 51.493902513164407 ], [ -0.268252503882011, 51.493902942132472 ], [ -0.268292527251272, 51.493905124579072 ], [ -0.268298076653047, 51.493905422311158 ], [ -0.268310483278329, 51.493906100026138 ], [ -0.268327159939701, 51.493907002631673 ], [ -0.268435859078349, 51.493912914416313 ], [ -0.268477133378453, 51.49391516022515 ], [ -0.268507496386284, 51.493916804350668 ], [ -0.268519370978111, 51.493917456206383 ], [ -0.268621342181747, 51.493922998748538 ], [ -0.268780722961734, 51.493937994252043 ], [ -0.268802126176601, 51.493940000681562 ], [ -0.268814358527606, 51.493941476111118 ], [ -0.268844071742372, 51.493945061950775 ], [ -0.268980033223721, 51.493961456177182 ], [ -0.268999218784545, 51.493964580900709 ], [ -0.26904358823745, 51.493971827087051 ], [ -0.269252849759256, 51.494006028622834 ], [ -0.269261024997027, 51.494007363221762 ], [ -0.269331709783481, 51.494018909269258 ], [ -0.269402195712759, 51.494034184260713 ], [ -0.269409939800987, 51.494035872192583 ], [ -0.269468894839227, 51.494048647977053 ], [ -0.269536008824854, 51.494063189714879 ], [ -0.26957277382756, 51.494071150854445 ], [ -0.269715508207158, 51.494102149147871 ], [ -0.269756985419572, 51.494113686830516 ], [ -0.269919516882583, 51.494158870366306 ], [ -0.269934984479587, 51.494163172092783 ], [ -0.269997269034441, 51.494180475011021 ], [ -0.270180070746879, 51.49423896034552 ], [ -0.270396240758015, 51.494319118435726 ], [ -0.27053032195829, 51.494368401362699 ], [ -0.270632539698577, 51.49441080635544 ], [ -0.270652610536758, 51.494419132572624 ], [ -0.27068462175569, 51.494432427828414 ], [ -0.270785686150856, 51.494479087159675 ], [ -0.2709779615126, 51.494567844990129 ], [ -0.27121219309817, 51.494693020186368 ], [ -0.271266995094636, 51.494722307179849 ], [ -0.271273757570797, 51.494726336578594 ], [ -0.271281181795753, 51.494730771400874 ], [ -0.271404353214499, 51.494804284024625 ], [ -0.271512739198243, 51.494874503228175 ], [ -0.271534858063959, 51.494888830534755 ], [ -0.271626673251082, 51.494956337938341 ], [ -0.271660539923231, 51.494980922558199 ], [ -0.271777110618707, 51.495066342630992 ], [ -0.271822362593847, 51.495105515404646 ], [ -0.271900382529636, 51.495173038802136 ], [ -0.271910761313313, 51.495182013389368 ], [ -0.271954158380183, 51.49521957609592 ], [ -0.271995937331205, 51.495255739089629 ], [ -0.27206237698643, 51.495331589797772 ], [ -0.272144872802113, 51.495425759197005 ], [ -0.272149141430261, 51.495432271535805 ], [ -0.272157857565755, 51.495446356373947 ], [ -0.272234804522919, 51.495570840685659 ], [ -0.272255685037197, 51.495604591559811 ], [ -0.272262472920179, 51.495615572533467 ], [ -0.272280175285301, 51.495644222774551 ], [ -0.272300829154967, 51.495702250250815 ], [ -0.272304827280022, 51.495713477902619 ], [ -0.27231784866703, 51.495750098566781 ], [ -0.27235553559572, 51.49585600152156 ], [ -0.272374443297514, 51.495909160768527 ], [ -0.272381853041771, 51.49592998427007 ], [ -0.272416557410381, 51.496027525152407 ], [ -0.272426284546427, 51.496054879907561 ], [ -0.272447745827939, 51.496115185369703 ], [ -0.272459634406427, 51.496148623949111 ], [ -0.272493560851979, 51.496174176798284 ], [ -0.272617724735026, 51.496267693204111 ], [ -0.272710021228148, 51.496337215750579 ], [ -0.272764447559383, 51.496384895294284 ], [ -0.272832357786565, 51.496444409699755 ], [ -0.272927906935496, 51.496528134260295 ], [ -0.272960449185012, 51.496551445429155 ], [ -0.27313308024399, 51.496675044442632 ], [ -0.273265762423978, 51.496770052389728 ], [ -0.27328253899232, 51.496782061579893 ], [ -0.273391918361408, 51.496838013405295 ], [ -0.273442346902558, 51.496863808821949 ], [ -0.273712722962011, 51.49700210937263 ], [ -0.273820325512061, 51.497060120924118 ], [ -0.273908726199251, 51.497107778201595 ], [ -0.27421888528738, 51.497274989437642 ], [ -0.27423829632226, 51.4972858430258 ], [ -0.273274186393796, 51.497753001364359 ], [ -0.273061017706206, 51.497859905983972 ], [ -0.273051963925342, 51.49786444885649 ], [ -0.272644083263368, 51.498069005510096 ], [ -0.272591680932446, 51.498096137942895 ], [ -0.272304273755926, 51.498244986594457 ], [ -0.27224275734571, 51.498280716448072 ], [ -0.272017001004371, 51.49841193856988 ], [ -0.271857402037802, 51.498504702310747 ], [ -0.27182575947216, 51.498523084660626 ], [ -0.271805268163849, 51.498534994740957 ], [ -0.271668914314314, 51.4986142520615 ], [ -0.27166439167639, 51.498616883209948 ], [ -0.271599735777406, 51.498654454920903 ], [ -0.271568844040324, 51.498672407626856 ], [ -0.271505056597224, 51.49870948849594 ], [ -0.271492579011453, 51.498716741527453 ], [ -0.271367096117141, 51.498789675011288 ], [ -0.27135015545259, 51.498799506086776 ], [ -0.271282714272078, 51.498838709205046 ], [ -0.271232480032834, 51.498867896308198 ], [ -0.2712269999487, 51.498871079864244 ], [ -0.271115172414506, 51.498936076010558 ], [ -0.270986256005903, 51.499010999808476 ], [ -0.270881951481942, 51.499075917753999 ], [ -0.270773751949245, 51.499143242165253 ], [ -0.270726196156268, 51.499172828232147 ], [ -0.270609545899372, 51.499245675272654 ], [ -0.2705536334986, 51.499280587592075 ], [ -0.270466584708519, 51.499334941463125 ], [ -0.270331159772103, 51.49942549660873 ], [ -0.270051094106943, 51.499350245245402 ], [ -0.269962217502313, 51.499326174564139 ], [ -0.269952635826298, 51.499324288719642 ], [ -0.269935887929388, 51.499281093245472 ], [ -0.269903675852027, 51.499230799412345 ], [ -0.269859056990799, 51.499187022081834 ], [ -0.269811151806771, 51.499156595202123 ], [ -0.26968476426112, 51.499105748801718 ], [ -0.269701247049056, 51.499064662027656 ], [ -0.269729418980179, 51.498994548757189 ], [ -0.269619338675361, 51.498905742326976 ], [ -0.269555074761159, 51.498870928498135 ], [ -0.269496277133133, 51.498847750712656 ], [ -0.269463363249921, 51.498838434542392 ], [ -0.269344452645407, 51.498817292603015 ], [ -0.269345553349497, 51.498809916945063 ], [ -0.269352873532462, 51.498786311510436 ], [ -0.26935887639744, 51.498748802112928 ], [ -0.269349126077338, 51.498711447026544 ], [ -0.269350908174992, 51.498654910035192 ], [ -0.269340354230875, 51.498605304202627 ], [ -0.269320053907451, 51.498567289907612 ], [ -0.269272067119642, 51.498516610323051 ], [ -0.269230977492511, 51.498486949186642 ], [ -0.269154843469852, 51.498448695722999 ], [ -0.269169711621447, 51.498407261465999 ], [ -0.26917631455011, 51.498388897122119 ], [ -0.269178296824038, 51.498383350969931 ], [ -0.269110269810741, 51.49830263723905 ], [ -0.26904075380822, 51.498249814445593 ], [ -0.269005809769858, 51.498230594346666 ], [ -0.268973348966005, 51.498218461051934 ], [ -0.268868744489058, 51.498192053212783 ], [ -0.268863532467881, 51.498191202948902 ], [ -0.268819730551162, 51.498127824457441 ], [ -0.268778013310659, 51.498084709999439 ], [ -0.268742060148359, 51.498056770118822 ] ] ] } },
{ "type": "Feature", "properties": { "lsoa21cd": "E01001358", "lsoa21nm": "Ealing 033E", "msoa21cd": "E02000270", "msoa21nm": "Ealing 033", "lad22cd": "E09000009", "lad22nm": "Ealing", "index_right": 85, "GSS_CODE": "E05000365", "risk_score": 10.0, "allocation_hours": 102.0103104386727, "patrol_units": 51 }, "geometry": { "type": "Polygon", "coordinates": [ [ [ -0.272686115788479, 51.50341524561928 ], [ -0.272673166535268, 51.503373230585126 ], [ -0.272614981440319, 51.503275011527933 ], [ -0.272561129793193, 51.503184131221303 ], [ -0.272457989762352, 51.503010499545965 ], [ -0.27236509173586, 51.502935595038736 ], [ -0.272306981602413, 51.502888742431253 ], [ -0.272276738054742, 51.502864358893028 ], [ -0.271983846095832, 51.502608253886834 ], [ -0.272053121670444, 51.50259914851555 ], [ -0.272476187794313, 51.502543563449656 ], [ -0.272814818210571, 51.50248607748329 ], [ -0.272841776912304, 51.502481501444208 ], [ -0.272946224267534, 51.50246376695177 ], [ -0.272988911583279, 51.502456518698189 ], [ -0.273182709693749, 51.502423613070825 ], [ -0.273212615117648, 51.502418535366054 ], [ -0.2731872561012, 51.502410149774974 ], [ -0.273159482985599, 51.502346343462584 ], [ -0.273155942221854, 51.502338243007927 ], [ -0.273095342650453, 51.502199099458252 ], [ -0.273041425839019, 51.502075278642138 ], [ -0.273002147498269, 51.501985958306449 ], [ -0.272983592962186, 51.501943765470457 ], [ -0.272882217051199, 51.501713232678433 ], [ -0.272856832457155, 51.501657572734274 ], [ -0.272769431025657, 51.501465931544203 ], [ -0.272767234806842, 51.501461142147392 ], [ -0.27276247213694, 51.501450685624697 ], [ -0.27255950840372, 51.50148366782286 ], [ -0.272519707422973, 51.501393156193942 ], [ -0.272490018070964, 51.50132527483818 ], [ -0.272324951464156, 51.500947857130882 ], [ -0.272287611195105, 51.500862477731303 ], [ -0.272254484825954, 51.50078674914203 ], [ -0.272249149149834, 51.500774648411095 ], [ -0.272217466044701, 51.500702818656656 ], [ -0.272210933312368, 51.500688007922022 ], [ -0.272081794023882, 51.500395169660585 ], [ -0.271983359102865, 51.500402397778366 ], [ -0.271933161982929, 51.500406085504622 ], [ -0.27167585945945, 51.500424990099503 ], [ -0.271528950695416, 51.500435784237894 ], [ -0.271442507366363, 51.500442136429982 ], [ -0.271403841850339, 51.500480819336985 ], [ -0.271289687348468, 51.500595006665399 ], [ -0.271263301205738, 51.500621402248413 ], [ -0.271193187591961, 51.500691540825628 ], [ -0.271075717767046, 51.500660359228526 ], [ -0.271045647644074, 51.500591301043151 ], [ -0.271037639036393, 51.5005728984437 ], [ -0.271027666980077, 51.500549995806132 ], [ -0.270994448054539, 51.500473725920173 ], [ -0.270985775066553, 51.500453805468524 ], [ -0.270918574582343, 51.500299455888907 ], [ -0.270876016380382, 51.500216420798871 ], [ -0.270868650526866, 51.500202050030815 ], [ -0.270818435326982, 51.500085701508304 ], [ -0.270809229771376, 51.500085140488082 ], [ -0.270799906613815, 51.500084565144292 ], [ -0.270803029038594, 51.50007401791698 ], [ -0.270797823027456, 51.500063869513006 ], [ -0.270793945466319, 51.500053605799188 ], [ -0.270773322969718, 51.49999901372054 ], [ -0.270758704423959, 51.499961312742215 ], [ -0.270719251033197, 51.499855882391977 ], [ -0.270657385093804, 51.499717348261349 ], [ -0.270335230095008, 51.499428155466994 ], [ -0.270331159772103, 51.49942549660873 ], [ -0.270466584708519, 51.499334941463125 ], [ -0.2705536334986, 51.499280587592075 ], [ -0.270609545899372, 51.499245675272654 ], [ -0.270726196156268, 51.499172828232147 ], [ -0.270773751949245, 51.499143242165253 ], [ -0.270881951481942, 51.499075917753999 ], [ -0.270986256005903, 51.499010999808476 ], [ -0.271115172414506, 51.498936076010558 ], [ -0.2712269999487, 51.498871079864244 ], [ -0.271232480032834, 51.498867896308198 ], [ -0.271282714272078, 51.498838709205046 ], [ -0.27135015545259, 51.498799506086776 ], [ -0.271367096117141, 51.498789675011288 ], [ -0.271492579011453, 51.498716741527453 ], [ -0.271505056597224, 51.49870948849594 ], [ -0.271568844040324, 51.498672407626856 ], [ -0.271599735777406, 51.498654454920903 ], [ -0.27166439167639, 51.498616883209948 ], [ -0.271668914314314, 51.4986142520615 ], [ -0.271805268163849, 51.498534994740957 ], [ -0.27182575947216, 51.498523084660626 ], [ -0.271857402037802, 51.498504702310747 ], [ -0.272017001004371, 51.49841193856988 ], [ -0.27224275734571, 51.498280716448072 ], [ -0.272304273755926, 51.498244986594457 ], [ -0.272591680932446, 51.498096137942895 ], [ -0.272644083263368, 51.498069005510096 ], [ -0.273051963925342, 51.49786444885649 ], [ -0.273061017706206, 51.497859905983972 ], [ -0.273274186393796, 51.497753001364359 ], [ -0.27423829632226, 51.4972858430258 ], [ -0.275511677642643, 51.497868056890383 ], [ -0.275686330549614, 51.497947950924647 ], [ -0.275828666105744, 51.498027531647317 ], [ -0.275981922931703, 51.498113216759457 ], [ -0.276031179445437, 51.498140747371998 ], [ -0.276286420923329, 51.498283450672204 ], [ -0.276525400833997, 51.498426463079717 ], [ -0.276567566148029, 51.498451794028405 ], [ -0.276619108360331, 51.498482532339473 ], [ -0.27671657767097, 51.498540859953714 ], [ -0.276722619836524, 51.498545678789185 ], [ -0.277039675055026, 51.498798332148162 ], [ -0.277090672573905, 51.498838945076479 ], [ -0.277272559779372, 51.498983896228353 ], [ -0.277329510506886, 51.499031700586201 ], [ -0.277540890785836, 51.499209142828583 ], [ -0.277566698960553, 51.499230807106301 ], [ -0.277613259987276, 51.499269888882154 ], [ -0.277744563693641, 51.499380113798885 ], [ -0.277873954915004, 51.499488727801406 ], [ -0.277933144549872, 51.499544055523344 ], [ -0.278036605498581, 51.499640751291587 ], [ -0.278132365031134, 51.499738044354665 ], [ -0.278158327421646, 51.49976442286345 ], [ -0.278190103450587, 51.499796722855038 ], [ -0.278290858831189, 51.499912283748309 ], [ -0.278314260966081, 51.499939125536756 ], [ -0.278365732710332, 51.499998179602144 ], [ -0.278369655240425, 51.500002670492634 ], [ -0.278431407704182, 51.500087126495146 ], [ -0.278464195405376, 51.500131967891299 ], [ -0.278512328839104, 51.500197798260466 ], [ -0.278519508181655, 51.500207624556666 ], [ -0.278559352258369, 51.500263648292723 ], [ -0.278646511828399, 51.500386191743829 ], [ -0.278669170206964, 51.500418061077447 ], [ -0.278747837637907, 51.500535803721654 ], [ -0.278766044424333, 51.500563075471874 ], [ -0.278812798466405, 51.500633031026844 ], [ -0.278883711909324, 51.500747413488078 ], [ -0.278944479842581, 51.500845424508661 ], [ -0.278948622250006, 51.500852112786916 ], [ -0.279071853562437, 51.501070074451 ], [ -0.279075045528309, 51.50107571823672 ], [ -0.279181295061779, 51.501263625761354 ], [ -0.27919768019196, 51.501292606284935 ], [ -0.279224330963662, 51.501335549931071 ], [ -0.27923773701249, 51.501357175808138 ], [ -0.279240902629783, 51.501362258066891 ], [ -0.279243837327875, 51.501366968244099 ], [ -0.279254282941386, 51.501383802631423 ], [ -0.279305018522289, 51.501465524674678 ], [ -0.279339384942972, 51.501520901247929 ], [ -0.279356649845203, 51.501548716624228 ], [ -0.279360398469262, 51.501554769632804 ], [ -0.279408648152355, 51.501632498446817 ], [ -0.279476479985673, 51.501716701270688 ], [ -0.279529941350779, 51.501783076915821 ], [ -0.279631344886694, 51.501901709823628 ], [ -0.279657165068527, 51.501931916718604 ], [ -0.279829358473045, 51.502106001325359 ], [ -0.279873321807834, 51.502086412608442 ], [ -0.280010232504913, 51.502212615884922 ], [ -0.280071251595843, 51.502268877527321 ], [ -0.280234509351821, 51.502419377947774 ], [ -0.280323195593336, 51.502489740639056 ], [ -0.280365153562257, 51.502523025542658 ], [ -0.280403767302628, 51.502553671562502 ], [ -0.280519301494004, 51.502645353252269 ], [ -0.280629533595998, 51.502732829545913 ], [ -0.280708559525199, 51.502795512815609 ], [ -0.28083360709841, 51.502879323021538 ], [ -0.280797934076303, 51.502906722205196 ], [ -0.280535544343205, 51.50310824917527 ], [ -0.280373440766603, 51.503179153795635 ], [ -0.280348504344927, 51.503190109946708 ], [ -0.280342437315385, 51.503201612427389 ], [ -0.280273408991592, 51.503251615457266 ], [ -0.280264180721817, 51.503259825288012 ], [ -0.280243591729098, 51.503278156083077 ], [ -0.28022221114334, 51.503312913659165 ], [ -0.280220562733588, 51.503315592659284 ], [ -0.280166848139686, 51.503402926956788 ], [ -0.280160463792316, 51.503398750756702 ], [ -0.280067010580371, 51.503337619979376 ], [ -0.279955912170424, 51.503264946598257 ], [ -0.279843136916774, 51.503173492756304 ], [ -0.279662296956465, 51.503026835526882 ], [ -0.279644636101856, 51.503012952859081 ], [ -0.279559045491053, 51.502945710505095 ], [ -0.279522352259724, 51.502916872894666 ], [ -0.279340899282612, 51.50276133860617 ], [ -0.279222309015226, 51.502647572871126 ], [ -0.279171816073293, 51.502659940778976 ], [ -0.278790727150663, 51.50274579624616 ], [ -0.278459743975662, 51.50282035362688 ], [ -0.278514821483328, 51.502940169216672 ], [ -0.278499101940639, 51.502951242220753 ], [ -0.27823634081259, 51.502889033967534 ], [ -0.278096215868865, 51.502846619046714 ], [ -0.277928196872879, 51.502795773198599 ], [ -0.277905288932731, 51.502788845432484 ], [ -0.277794381111977, 51.502846640374223 ], [ -0.277729207587778, 51.502865053695444 ], [ -0.277702235350339, 51.502872670142438 ], [ -0.277649266547848, 51.502887629578396 ], [ -0.277528131387407, 51.502903314870579 ], [ -0.277512566145331, 51.502905325511826 ], [ -0.277380734322784, 51.502899379393732 ], [ -0.277300784306357, 51.502898889000505 ], [ -0.277228901153808, 51.502902653574644 ], [ -0.27720981600932, 51.502904774359095 ], [ -0.277142106140902, 51.502904094885963 ], [ -0.27711750958985, 51.502905262449353 ], [ -0.276894580916406, 51.502565712091226 ], [ -0.276843460511195, 51.50257789263064 ], [ -0.277026562238273, 51.502912119169608 ], [ -0.276924706175214, 51.502919391142967 ], [ -0.27676417736908, 51.502941942959943 ], [ -0.27672724607493, 51.502911824026206 ], [ -0.276580910261286, 51.502590384915727 ], [ -0.276635187466005, 51.502588862075903 ], [ -0.276638312480594, 51.502595778290399 ], [ -0.276961211395042, 51.502540378375173 ], [ -0.276983329203781, 51.502531962413791 ], [ -0.277039978045217, 51.502501949822474 ], [ -0.277104661807025, 51.50245603045235 ], [ -0.27712066590082, 51.502441238893184 ], [ -0.27696472615174, 51.502247515409337 ], [ -0.277078101042306, 51.502139596988712 ], [ -0.276728983677209, 51.501823057609457 ], [ -0.276700105017219, 51.501827751119897 ], [ -0.276325870346559, 51.501888582128387 ], [ -0.27631915816305, 51.501889670538709 ], [ -0.276344490430665, 51.501945724613378 ], [ -0.276381006433726, 51.50202651963793 ], [ -0.276422672827762, 51.502118711040481 ], [ -0.276431512767203, 51.502138247738941 ], [ -0.276406237082911, 51.502120008226036 ], [ -0.276400948870442, 51.502116198629857 ], [ -0.276390842680923, 51.502121697495063 ], [ -0.27637217525478, 51.502131845640612 ], [ -0.276283648071521, 51.502179977205301 ], [ -0.276267834010753, 51.502188584563157 ], [ -0.276234910252311, 51.502214547982319 ], [ -0.276209207581338, 51.502243881781681 ], [ -0.275915543374338, 51.502579206022958 ], [ -0.275855065138338, 51.502648262346 ], [ -0.275839439474368, 51.502646530972889 ], [ -0.275685522331506, 51.502622210335254 ], [ -0.275621436873395, 51.502609506240034 ], [ -0.275602932231278, 51.502616859970786 ], [ -0.27547079082643, 51.502660725924613 ], [ -0.275333770661425, 51.502697946456301 ], [ -0.275299028841237, 51.502706023669077 ], [ -0.275151057324009, 51.502725709384904 ], [ -0.275126549262816, 51.502738649090865 ], [ -0.275079336861989, 51.502760643241551 ], [ -0.275072162568497, 51.502763280500176 ], [ -0.274967718518916, 51.50280168093564 ], [ -0.274856872620558, 51.502832945977268 ], [ -0.274815697946571, 51.502838140770365 ], [ -0.274718104124897, 51.502850437389924 ], [ -0.274620796028414, 51.502850975862565 ], [ -0.274594609866858, 51.502851121347021 ], [ -0.274584529814375, 51.502861638290199 ], [ -0.274560605345217, 51.502886582534899 ], [ -0.274533706724694, 51.502921788509973 ], [ -0.274515848475744, 51.502955688618535 ], [ -0.274503123888573, 51.50297212873064 ], [ -0.274432392100009, 51.503038451773349 ], [ -0.27439295188752, 51.503062942981806 ], [ -0.274314817625532, 51.503089508890874 ], [ -0.274135700503921, 51.503116990413524 ], [ -0.274129873755041, 51.503115232089662 ], [ -0.274058087360472, 51.50309354720185 ], [ -0.274049568080877, 51.503090975906694 ], [ -0.274042951957069, 51.503096759716712 ], [ -0.274034935276188, 51.503103763897116 ], [ -0.273883452116785, 51.503279192457512 ], [ -0.27377681272142, 51.503340922212153 ], [ -0.273516249876417, 51.503432949108344 ], [ -0.273474106879305, 51.503430962114606 ], [ -0.27335108540475, 51.503419862480435 ], [ -0.273331631405791, 51.503417247120666 ], [ -0.273305211613108, 51.503422038033939 ], [ -0.273194150325886, 51.503438352708919 ], [ -0.273176118304544, 51.503440047702163 ], [ -0.272993230165777, 51.503450601944948 ], [ -0.272810841398415, 51.503450237293123 ], [ -0.272700430135656, 51.503419269195248 ], [ -0.272686115788479, 51.50341524561928 ] ] ] } },
{ "type": "Feature", "properties": { "lsoa21cd": "E01001231", "lsoa21nm": "Ealing 027A", "msoa21cd": "E02000264", "msoa21nm": "Ealing 027", "lad22cd": "E09000009", "lad22nm": "Ealing", "index_right": 85, "GSS_CODE": "E05000365", "risk_score": 8.8881055656581722, "allocation_hours": 90.667840796448473, "patrol_units": 45 }, "geometry": { "type": "Polygon", "coordinates": [ [ [ -0.287652134396075, 51.508077827928055 ], [ -0.287607695416608, 51.50796711076876 ], [ -0.287597230407197, 51.507941068533938 ], [ -0.287570041127948, 51.507873371595736 ], [ -0.287560909442337, 51.507850586128541 ], [ -0.287540916817237, 51.50780079043988 ], [ -0.287481164982209, 51.507685722175701 ], [ -0.287468774347998, 51.507661846003586 ], [ -0.28742668290375, 51.507580766460897 ], [ -0.287377306463526, 51.507500668672698 ], [ -0.287340848266483, 51.507441523183267 ], [ -0.287304322196099, 51.507382268780049 ], [ -0.287292966682583, 51.507363839189125 ], [ -0.287224200975965, 51.507271282425634 ], [ -0.287205517445822, 51.507246145337582 ], [ -0.287174749487143, 51.507204726212464 ], [ -0.287139934576833, 51.50715787046542 ], [ -0.28710754020115, 51.507119476050995 ], [ -0.287074263255972, 51.507080025608744 ], [ -0.286977425492415, 51.506965251984504 ], [ -0.286925978395471, 51.506904277869992 ], [ -0.286905394575485, 51.506879868361111 ], [ -0.286885774335044, 51.50685681550241 ], [ -0.28685179743597, 51.506820706293446 ], [ -0.286803566598665, 51.506769841731291 ], [ -0.286750906416684, 51.506714326280893 ], [ -0.286745472616132, 51.50670859962792 ], [ -0.286704983349662, 51.506665905371563 ], [ -0.28668499506354, 51.506644831757036 ], [ -0.286669504653832, 51.506632537586654 ], [ -0.286559970350139, 51.506545500048766 ], [ -0.286504545855321, 51.506501454569623 ], [ -0.286424521656417, 51.506437886717613 ], [ -0.286388084932467, 51.506408938176115 ], [ -0.286371654450561, 51.506394436055793 ], [ -0.28604557633849, 51.506106876090968 ], [ -0.286003202480981, 51.506069504614466 ], [ -0.285997916259747, 51.506064841200782 ], [ -0.285904992466301, 51.50599639943578 ], [ -0.285683131155652, 51.505833162938565 ], [ -0.285455945240912, 51.505665945438423 ], [ -0.285369770192963, 51.505618131823816 ], [ -0.285149809276611, 51.50549608992079 ], [ -0.284428486249904, 51.505169988198318 ], [ -0.284351039926453, 51.505134971892176 ], [ -0.284120574272909, 51.505012684366939 ], [ -0.283979044638701, 51.504937550115521 ], [ -0.283600596142517, 51.504736705493706 ], [ -0.282954001143475, 51.504393531573854 ], [ -0.282621757534395, 51.504217199131411 ], [ -0.282595269061733, 51.504203142746235 ], [ -0.282093366905969, 51.503931675115318 ], [ -0.281990405325117, 51.503875996448464 ], [ -0.281802248766455, 51.503774224286524 ], [ -0.281530171241127, 51.503631205871017 ], [ -0.281424059236395, 51.503575426600257 ], [ -0.2812703312252, 51.503494624889292 ], [ -0.281258081023993, 51.503488186626406 ], [ -0.281130718985842, 51.503421241791415 ], [ -0.280988493098348, 51.503346489334305 ], [ -0.28081146788597, 51.503253430552576 ], [ -0.280535544343205, 51.50310824917527 ], [ -0.280797934076303, 51.502906722205196 ], [ -0.28083360709841, 51.502879323021538 ], [ -0.280708559525199, 51.502795512815609 ], [ -0.280796773386249, 51.502756988177644 ], [ -0.280859513901816, 51.502729679843739 ], [ -0.281044234361656, 51.502649268053844 ], [ -0.281063087117145, 51.502641064275728 ], [ -0.281066763946611, 51.502639463512445 ], [ -0.281076021837306, 51.502635435590292 ], [ -0.281099181465109, 51.502625352511217 ], [ -0.281110387798454, 51.502620471860773 ], [ -0.281166199021066, 51.502596182266416 ], [ -0.281192463992286, 51.502584750814712 ], [ -0.281285233873668, 51.502544366348886 ], [ -0.281319646475648, 51.502527011222526 ], [ -0.28132870860727, 51.50252244085987 ], [ -0.281341545113839, 51.502515974399287 ], [ -0.281390146088086, 51.502491453188007 ], [ -0.281400897092627, 51.502486035279929 ], [ -0.281527120062701, 51.502422382295101 ], [ -0.281534272864347, 51.502418773132803 ], [ -0.281550737298253, 51.502410471348895 ], [ -0.281559637932723, 51.502405979536228 ], [ -0.281586970552347, 51.502392207584684 ], [ -0.281591141842741, 51.502390101471349 ], [ -0.281661670511307, 51.502354525715269 ], [ -0.281670879286492, 51.50234988553359 ], [ -0.281712004234707, 51.502329130492768 ], [ -0.281754773464953, 51.502307563209733 ], [ -0.281769813229293, 51.502299977921211 ], [ -0.281838578379469, 51.502265311459588 ], [ -0.2818484041177, 51.502260356566786 ], [ -0.281955024820624, 51.502209868934486 ], [ -0.28197091246332, 51.50220234099838 ], [ -0.281996966011647, 51.502190007016701 ], [ -0.282016007921937, 51.502180978541283 ], [ -0.28207212001994, 51.502154408815905 ], [ -0.28215698491906, 51.502114222662009 ], [ -0.282161884638052, 51.502111902379617 ], [ -0.282232549331914, 51.502078432531725 ], [ -0.282352856059326, 51.502021463441125 ], [ -0.282374875224508, 51.502011039684398 ], [ -0.282390123798805, 51.502003835060947 ], [ -0.282419561750745, 51.501990579334674 ], [ -0.28252307451567, 51.501943966446333 ], [ -0.282608838125597, 51.501905339842168 ], [ -0.282618921764476, 51.501900802317643 ], [ -0.282685258035205, 51.501870919819844 ], [ -0.282694638268297, 51.501866695725354 ], [ -0.282701453463433, 51.501863630096778 ], [ -0.282710423382448, 51.501859588839096 ], [ -0.282787971408978, 51.501824668190004 ], [ -0.282798436352892, 51.501819951883455 ], [ -0.282868406900696, 51.501788440865056 ], [ -0.282876761156684, 51.501784678346219 ], [ -0.282955833104344, 51.50174907397394 ], [ -0.282968672282562, 51.501743290809685 ], [ -0.282988312213883, 51.501734441787534 ], [ -0.283073158793846, 51.501696233068984 ], [ -0.283084532218525, 51.501691111877399 ], [ -0.283101841550808, 51.501683316831276 ], [ -0.283111675892162, 51.501678892519898 ], [ -0.283188139262294, 51.501644445830479 ], [ -0.283193402139356, 51.501642427573366 ], [ -0.283200393567514, 51.501639731390839 ], [ -0.283228285242621, 51.501628999528549 ], [ -0.283315213898273, 51.501595569168622 ], [ -0.2833249943977, 51.501591809500617 ], [ -0.283371053762868, 51.501574093620476 ], [ -0.28343234667699, 51.501550521627415 ], [ -0.283450182715044, 51.501543660468933 ], [ -0.28354116863499, 51.501508652655886 ], [ -0.283576759749757, 51.501494974081737 ], [ -0.283648615479723, 51.501467329999194 ], [ -0.283660384437366, 51.50146279905406 ], [ -0.283691816426866, 51.501450714234089 ], [ -0.283752458738937, 51.501427384349277 ], [ -0.283824767085789, 51.50139957592166 ], [ -0.283840497946388, 51.50139352021943 ], [ -0.283882105138173, 51.501377519544491 ], [ -0.283892231275735, 51.501373378205137 ], [ -0.283900865610825, 51.50136982653909 ], [ -0.283904421632893, 51.501368367801334 ], [ -0.284001165304355, 51.501328695779804 ], [ -0.284008174844671, 51.501325821761796 ], [ -0.284063300255919, 51.501303211368018 ], [ -0.284093892266253, 51.501290660032538 ], [ -0.284128697737076, 51.501276407767733 ], [ -0.284173740821089, 51.501257921337611 ], [ -0.284208100786189, 51.501243828896619 ], [ -0.284212827384914, 51.501241892677236 ], [ -0.284260547863366, 51.501222321297988 ], [ -0.284275927715836, 51.501216017605984 ], [ -0.284336291565557, 51.501191262526028 ], [ -0.28437371004789, 51.501175910839912 ], [ -0.284458118977578, 51.50114353988576 ], [ -0.284470939447385, 51.50113862856216 ], [ -0.284709502942241, 51.501047137109495 ], [ -0.284764761878506, 51.501025940170912 ], [ -0.284843569214488, 51.500999224300159 ], [ -0.284944004845338, 51.500965171851703 ], [ -0.284980796206779, 51.50095269740428 ], [ -0.285012421355858, 51.500941972921822 ], [ -0.285094371068816, 51.500914061818122 ], [ -0.285101152890829, 51.500911876831303 ], [ -0.285161077293983, 51.500891512246682 ], [ -0.285339935999274, 51.500851312628917 ], [ -0.28539086623898, 51.500839862996507 ], [ -0.285443002129486, 51.500828152191012 ], [ -0.285483935239986, 51.500818948450615 ], [ -0.285808874849745, 51.50079991086988 ], [ -0.28581625358141, 51.500799479117575 ], [ -0.286132831964951, 51.500780938972071 ], [ -0.286631229961724, 51.500713890056225 ], [ -0.286787640843087, 51.500692842801094 ], [ -0.286967407681991, 51.500711339351895 ], [ -0.28698250675096, 51.500712890691837 ], [ -0.28715066244992, 51.50073019229017 ], [ -0.287227693436231, 51.500737535129915 ], [ -0.287733343059094, 51.500790280911168 ], [ -0.287764972019727, 51.500793383588082 ], [ -0.288100560736628, 51.500836921328322 ], [ -0.28833978486742, 51.500842506657499 ], [ -0.28856605291943, 51.500847794608809 ], [ -0.28867774778952, 51.500850394948777 ], [ -0.288867397864125, 51.500883942364304 ], [ -0.289080972750737, 51.50092172311836 ], [ -0.289139077639514, 51.500931994562364 ], [ -0.289150442068285, 51.500934012733737 ], [ -0.289187670832082, 51.500940598556575 ], [ -0.289214508327456, 51.500945342258454 ], [ -0.289274915971893, 51.500958183107933 ], [ -0.289288566868462, 51.500961088894485 ], [ -0.289444346760914, 51.500994186500911 ], [ -0.289457783358556, 51.500997044180671 ], [ -0.289589905753479, 51.501025129567374 ], [ -0.289599897486958, 51.501027253580105 ], [ -0.289743891642203, 51.501057858903408 ], [ -0.289905296310625, 51.501092170939138 ], [ -0.289914716100622, 51.501094178678365 ], [ -0.289941275302409, 51.501099817410882 ], [ -0.290022744678982, 51.501116404479163 ], [ -0.290164728183422, 51.501145311861265 ], [ -0.290174680134714, 51.50114734531941 ], [ -0.29033564550481, 51.501180130615637 ], [ -0.290347914173506, 51.501182629457901 ], [ -0.290444920124954, 51.501202374179954 ], [ -0.290632668496783, 51.501240607597047 ], [ -0.290648297394358, 51.501243793831385 ], [ -0.29065846438512, 51.501245857358491 ], [ -0.290736428697941, 51.501260059298865 ], [ -0.290743669863093, 51.501261378778011 ], [ -0.290931697181581, 51.501295636575527 ], [ -0.290958372294981, 51.501300494412696 ], [ -0.290963767261723, 51.501301481240581 ], [ -0.291070195515748, 51.501320872588444 ], [ -0.291076807119949, 51.50132207496695 ], [ -0.291082173627458, 51.501323052382311 ], [ -0.291137355402214, 51.501333109395389 ], [ -0.291212458437225, 51.501346774754836 ], [ -0.291217180296367, 51.501347652850214 ], [ -0.291224750680715, 51.501349031049195 ], [ -0.2913538138903, 51.501372481883053 ], [ -0.291367383938659, 51.501374281963891 ], [ -0.291451971339124, 51.501385540391865 ], [ -0.291457304749289, 51.501386247531741 ], [ -0.29148183488562, 51.501389518305352 ], [ -0.291645977492219, 51.501411368158593 ], [ -0.291675196417076, 51.501415246711552 ], [ -0.291686479443456, 51.50141675087508 ], [ -0.291810708659619, 51.501433280304418 ], [ -0.291861045970225, 51.501439966184329 ], [ -0.291865418599474, 51.501440551408038 ], [ -0.291976744376666, 51.501455373073441 ], [ -0.291992715856845, 51.501457494001734 ], [ -0.291997791084996, 51.501458170380928 ], [ -0.292036672932006, 51.501463340548909 ], [ -0.292113529129902, 51.501470978867104 ], [ -0.29216032630529, 51.501475625736944 ], [ -0.292254616922161, 51.501484988005679 ], [ -0.292276544184095, 51.50148716410488 ], [ -0.292413375623697, 51.501500755897595 ], [ -0.292429496237886, 51.501502357369155 ], [ -0.292519042575908, 51.501511250212374 ], [ -0.292559695935622, 51.501515285947953 ], [ -0.292568136851644, 51.501516119190121 ], [ -0.29262697779296, 51.50152196628126 ], [ -0.292713064453755, 51.501530520871228 ], [ -0.292722136643473, 51.501531426235474 ], [ -0.292824975924314, 51.501541636330479 ], [ -0.292955563322769, 51.501554606078848 ], [ -0.293008318055114, 51.501559842864673 ], [ -0.29301329922658, 51.501560337980578 ], [ -0.293111645404842, 51.501570104770352 ], [ -0.293168110938666, 51.501575710204655 ], [ -0.293233519765113, 51.501582201076126 ], [ -0.293395832067575, 51.501585982810695 ], [ -0.293393773023512, 51.501641077121782 ], [ -0.293229808946241, 51.50163329665682 ], [ -0.293383922775812, 51.501904640029657 ], [ -0.293381865709571, 51.501959680411574 ], [ -0.293424438492274, 51.501975982604854 ], [ -0.2934291703517, 51.501984306576865 ], [ -0.293446109562316, 51.502014129403527 ], [ -0.293583799898394, 51.50223998316261 ], [ -0.293595448018216, 51.502259099837303 ], [ -0.293594501886208, 51.502284418054529 ], [ -0.293607001889686, 51.502276497565475 ], [ -0.293624926772238, 51.502279563915209 ], [ -0.294279237168803, 51.502305273106963 ], [ -0.294291395570414, 51.50232886641831 ], [ -0.294295371805523, 51.50233659485405 ], [ -0.294302042157295, 51.502349730997793 ], [ -0.294291387308861, 51.502360331181279 ], [ -0.294235252864767, 51.502371097525881 ], [ -0.294199551421124, 51.502377961382408 ], [ -0.294222664980117, 51.502424186311465 ], [ -0.294281800316779, 51.502542533461828 ], [ -0.294289576653433, 51.502558077697906 ], [ -0.294241043151874, 51.502566319728622 ], [ -0.294211375335397, 51.502571346900325 ], [ -0.294151023569653, 51.50258160226943 ], [ -0.294006578992033, 51.502592352551197 ], [ -0.293968188808374, 51.50259520254491 ], [ -0.293810957040615, 51.502620784198506 ], [ -0.293429471332445, 51.50267329217732 ], [ -0.29318709459599, 51.502706681082778 ], [ -0.293033050843043, 51.502727901729486 ], [ -0.292778494559383, 51.50276832462422 ], [ -0.29260347112709, 51.502788780836255 ], [ -0.292584165624951, 51.502791035808954 ], [ -0.292511207797182, 51.502798535034401 ], [ -0.292460177761062, 51.502803781456834 ], [ -0.292386207801712, 51.502811373786095 ], [ -0.292402350389405, 51.502842453117054 ], [ -0.292410870846133, 51.5028588895795 ], [ -0.292422779008517, 51.502881831984453 ], [ -0.292294772425295, 51.502903781289632 ], [ -0.292102272134185, 51.502941913520822 ], [ -0.29183229763141, 51.502995400924277 ], [ -0.29128022043312, 51.503100677522191 ], [ -0.291178690435794, 51.503120466292913 ], [ -0.290800538922139, 51.503194182762705 ], [ -0.290490147240696, 51.503249524315819 ], [ -0.29015888456132, 51.503313112825268 ], [ -0.28997070838224, 51.503350342389687 ], [ -0.29001172297632, 51.503414796151198 ], [ -0.290015410917927, 51.503420587137938 ], [ -0.290154931575421, 51.503671102214604 ], [ -0.290256649373661, 51.50385375711636 ], [ -0.290277436770279, 51.503888519424549 ], [ -0.290478706839518, 51.504225147109203 ], [ -0.290499630165995, 51.504260136167254 ], [ -0.290656968602822, 51.504523274900116 ], [ -0.290698737327348, 51.504609591247593 ], [ -0.290825691992702, 51.504871873452537 ], [ -0.290990704321149, 51.504816913540246 ], [ -0.29096895639187, 51.504934057307125 ], [ -0.291115531865894, 51.505068328417643 ], [ -0.291179242303594, 51.505137842335934 ], [ -0.291248971692253, 51.505229034948577 ], [ -0.291257561631036, 51.505242460000673 ], [ -0.291273527580844, 51.505285191229412 ], [ -0.291388817897583, 51.505481180781644 ], [ -0.291424739456092, 51.505515488796711 ], [ -0.291455836164299, 51.50560249024992 ], [ -0.29151711651774, 51.505762779703545 ], [ -0.29151940037879, 51.5057714457907 ], [ -0.291541273809367, 51.505816511123349 ], [ -0.291554275318305, 51.505829496800999 ], [ -0.29159651786934, 51.505877808242346 ], [ -0.291715009918914, 51.506013333283633 ], [ -0.291752549702706, 51.506118022338789 ], [ -0.291759442772928, 51.506143301784611 ], [ -0.291764238178719, 51.506177660129502 ], [ -0.291816860758497, 51.506270914408631 ], [ -0.291881928760269, 51.506355824906628 ], [ -0.29189679937769, 51.506389727407814 ], [ -0.291904234923438, 51.506402820864025 ], [ -0.291896306407696, 51.50657699873851 ], [ -0.291958940344689, 51.506712735521596 ], [ -0.291989917934103, 51.506779857074477 ], [ -0.292061781686674, 51.506844147580161 ], [ -0.29177629129688, 51.507089489668083 ], [ -0.291335444541432, 51.50729357734464 ], [ -0.291272128551942, 51.507301225241179 ], [ -0.291237028949049, 51.507385837438875 ], [ -0.291156985773096, 51.507259423794721 ], [ -0.291112985341012, 51.507180673861399 ], [ -0.291028039636084, 51.507028568992368 ], [ -0.291018733886024, 51.507011932161831 ], [ -0.2909841471157, 51.506950027404372 ], [ -0.290903766005465, 51.50680611816562 ], [ -0.29090410244946, 51.506797130531226 ], [ -0.290865836254211, 51.506799648617637 ], [ -0.290861055032131, 51.506799956663045 ], [ -0.290517223132846, 51.506822564132626 ], [ -0.290333505047676, 51.506834644245544 ], [ -0.290296495478968, 51.506837081537725 ], [ -0.290195152644502, 51.506921285772066 ], [ -0.29022624128611, 51.50710581596833 ], [ -0.290226949243879, 51.507109998820304 ], [ -0.290217836260426, 51.507114002601725 ], [ -0.290171640581395, 51.507134318053524 ], [ -0.29015561194757, 51.507141368446796 ], [ -0.290129682178588, 51.507150765493904 ], [ -0.290119894703493, 51.507154309812528 ], [ -0.290043077665964, 51.507175199654185 ], [ -0.289969064170149, 51.50718971862441 ], [ -0.289950192396445, 51.507192267258844 ], [ -0.289892765490013, 51.507200036204239 ], [ -0.289882077075547, 51.507201472112307 ], [ -0.289872860936555, 51.507201688506328 ], [ -0.289832864879436, 51.507215754441042 ], [ -0.28980946769447, 51.507222166836513 ], [ -0.289516181711478, 51.507302493766424 ], [ -0.289499378105461, 51.507311762923223 ], [ -0.289411318541215, 51.50738520721432 ], [ -0.289360823180917, 51.50744103414371 ], [ -0.289422970415613, 51.507538439028934 ], [ -0.289432254986797, 51.507546397882514 ], [ -0.28939094320369, 51.50767518025426 ], [ -0.289382211378171, 51.507734772391892 ], [ -0.289394854515047, 51.507783858112091 ], [ -0.289440745790459, 51.507962075721416 ], [ -0.289557599635753, 51.507998598193318 ], [ -0.289249402191604, 51.508020624343558 ], [ -0.289157231526351, 51.508027220951 ], [ -0.289086691376408, 51.508032262424173 ], [ -0.289013145395368, 51.508037529802735 ], [ -0.289016318926509, 51.508050516335395 ], [ -0.288998741250494, 51.508037364736062 ], [ -0.288664115386194, 51.508071674473122 ], [ -0.288585680542334, 51.508079729911223 ], [ -0.288232043302796, 51.508116054238563 ], [ -0.288206241209313, 51.508160838361384 ], [ -0.288161310123975, 51.508170434391253 ], [ -0.287693535826346, 51.50818078514471 ], [ -0.287659278145366, 51.508095602511446 ], [ -0.287654639281276, 51.508084042354639 ], [ -0.287652134396075, 51.508077827928055 ] ] ] } },
{ "type": "Feature", "properties": { "lsoa21cd": "E01032572", "lsoa21nm": "Ealing 040D", "msoa21cd": "E02006791", "msoa21nm": "Ealing 040", "lad22cd": "E09000009", "lad22nm": "Ealing", "index_right": 85, "GSS_CODE": "E05000365", "risk_score": 6.5322234237033285, "allocation_hours": 66.635413930674588, "patrol_units": 33 }, "geometry": { "type": "Polygon", "coordinates": [ [ [ -0.264798555992646, 51.50141419107144 ], [ -0.264779718156854, 51.501287324083897 ], [ -0.264711361667148, 51.501218787928586 ], [ -0.264678731046496, 51.501157254773418 ], [ -0.264672313466023, 51.501130110208635 ], [ -0.264698098038115, 51.501018794856456 ], [ -0.264727219353724, 51.500940621502281 ], [ -0.264744629506597, 51.500923424412633 ], [ -0.264730521713374, 51.500892389236519 ], [ -0.26480274459285, 51.500807964999943 ], [ -0.264880680656872, 51.500744191213954 ], [ -0.264891060163636, 51.500707637038708 ], [ -0.264904348245583, 51.500660892330188 ], [ -0.264890329813135, 51.500622574511887 ], [ -0.26477934193226, 51.500503193422439 ], [ -0.264783786941821, 51.500499587492456 ], [ -0.265151717825695, 51.5004436386957 ], [ -0.265161716594221, 51.500442131903618 ], [ -0.265178888049432, 51.500439553137539 ], [ -0.265139785513824, 51.500331055091216 ], [ -0.26509688711576, 51.500252697965315 ], [ -0.265090581576848, 51.500241184159229 ], [ -0.265045473023477, 51.500158810621542 ], [ -0.265003981017947, 51.500113225209937 ], [ -0.264959982134106, 51.50006308843961 ], [ -0.264852450535508, 51.499940552613751 ], [ -0.264839610622678, 51.49992070945634 ], [ -0.264837025936386, 51.499916687521456 ], [ -0.264729644038079, 51.499749465188863 ], [ -0.264702708475396, 51.49970908582798 ], [ -0.264675118656664, 51.499667725585702 ], [ -0.264636359112719, 51.499550248839199 ], [ -0.2646129176246, 51.499447494674783 ], [ -0.264612783224259, 51.499441741934788 ], [ -0.264616569736888, 51.499425319045109 ], [ -0.264612682366921, 51.49941501001188 ], [ -0.264610714953811, 51.499404792324164 ], [ -0.264598792943158, 51.49938279100683 ], [ -0.2645638827414, 51.499222413628623 ], [ -0.264562597210348, 51.499216432536208 ], [ -0.264227781676126, 51.499240229008485 ], [ -0.26419672156265, 51.499242431302662 ], [ -0.264215491182267, 51.49909809037063 ], [ -0.264205160842529, 51.499073073067429 ], [ -0.264166854944754, 51.499032030767019 ], [ -0.264091195142359, 51.498982522332433 ], [ -0.264033696037717, 51.498958983334632 ], [ -0.26398423044398, 51.498932568645394 ], [ -0.263947404204012, 51.498916664431697 ], [ -0.263889556269989, 51.498936797147643 ], [ -0.263785949472129, 51.498950119774506 ], [ -0.263757827951713, 51.498951583082139 ], [ -0.263648228661942, 51.498888703735766 ], [ -0.263618467671946, 51.498865835810541 ], [ -0.263591879865122, 51.498836054584146 ], [ -0.263569578651852, 51.498792811955106 ], [ -0.263567751961392, 51.498779089224954 ], [ -0.263528971574015, 51.498750548363319 ], [ -0.263500654147145, 51.498711694983399 ], [ -0.263493297470406, 51.498665319289415 ], [ -0.263551940366858, 51.498545830548991 ], [ -0.26353731560847, 51.49854131565121 ], [ -0.263532118391155, 51.498539129972713 ], [ -0.263471455745634, 51.498426593786192 ], [ -0.263472484970569, 51.49836920939255 ], [ -0.263489524800742, 51.498331422984506 ], [ -0.263526647833321, 51.4982891047949 ], [ -0.263531311681037, 51.498285423915135 ], [ -0.263561920126964, 51.498260032248581 ], [ -0.263526887798086, 51.498234667277025 ], [ -0.263498778245588, 51.498205133279761 ], [ -0.263482129062845, 51.498178079988058 ], [ -0.263460138372657, 51.498108871360515 ], [ -0.263409811688393, 51.498084296145542 ], [ -0.263212971728873, 51.498075789140103 ], [ -0.263093371920789, 51.498070619469537 ], [ -0.263063181665303, 51.498067016138599 ], [ -0.263022363683179, 51.49806214937545 ], [ -0.262995404987525, 51.498049340504437 ], [ -0.262887912715171, 51.498021301890553 ], [ -0.262921123113278, 51.498014059967595 ], [ -0.262957339370539, 51.497948617600876 ], [ -0.262972426939628, 51.497881670899915 ], [ -0.262988601026041, 51.497821763486762 ], [ -0.262986205624676, 51.497803679916316 ], [ -0.262992461020272, 51.497780122041767 ], [ -0.262983540697595, 51.497725252146353 ], [ -0.262992228288348, 51.497705929814479 ], [ -0.262995489246091, 51.497600863827657 ], [ -0.263004764549318, 51.497576694202451 ], [ -0.263072088333122, 51.497506244841865 ], [ -0.26313053464506, 51.497460676885673 ], [ -0.263123786051194, 51.497445114240918 ], [ -0.263113955207692, 51.4973914538649 ], [ -0.263111629773619, 51.497385547285027 ], [ -0.263106931661939, 51.497356791404926 ], [ -0.263095278079675, 51.49732113416605 ], [ -0.263091355030403, 51.497309124950554 ], [ -0.263090927785703, 51.497293840232004 ], [ -0.263081017004542, 51.497256680052878 ], [ -0.263080942505525, 51.497249925522262 ], [ -0.263075329632418, 51.497217190370115 ], [ -0.263063427369228, 51.497185800921109 ], [ -0.263062095850326, 51.497165502940391 ], [ -0.26305664420718, 51.497145197919778 ], [ -0.263055932697063, 51.497099882766271 ], [ -0.263043965722795, 51.497074742199942 ], [ -0.263038957467432, 51.497025730432533 ], [ -0.26301937467483, 51.496974686393933 ], [ -0.263017371702062, 51.49695840714746 ], [ -0.263014906240161, 51.496950879827502 ], [ -0.263021137273011, 51.496898788129613 ], [ -0.263015419448609, 51.496861995764661 ], [ -0.263012586590781, 51.496855416218914 ], [ -0.262999865732866, 51.496784941877955 ], [ -0.262982318527995, 51.496761445264816 ], [ -0.262973976730337, 51.496706520975941 ], [ -0.262974846713452, 51.49670258611296 ], [ -0.262965223398634, 51.496617337851376 ], [ -0.262954627777152, 51.496603116584659 ], [ -0.262947500994873, 51.496548066399434 ], [ -0.262959883440636, 51.496478934907032 ], [ -0.262931417443611, 51.496440627714243 ], [ -0.262888937447746, 51.496422679060885 ], [ -0.262851675169914, 51.496406938887873 ], [ -0.262660246270818, 51.496326057799777 ], [ -0.262641019868668, 51.496317931567312 ], [ -0.262556301389795, 51.496282136526347 ], [ -0.262606298683139, 51.496214937949361 ], [ -0.262814408262269, 51.495935247749927 ], [ -0.262793978377529, 51.495927328536602 ], [ -0.262796395190911, 51.495923632399787 ], [ -0.262656290701718, 51.49587251229746 ], [ -0.262598501369473, 51.495851423238385 ], [ -0.262590288461984, 51.495848423992328 ], [ -0.262534876261727, 51.495826956444148 ], [ -0.26236873905823, 51.495762600075466 ], [ -0.26233169841943, 51.495748247872243 ], [ -0.262280165448348, 51.495730092970838 ], [ -0.262118457866724, 51.495673148790708 ], [ -0.261919288798942, 51.495607250358233 ], [ -0.261898180074392, 51.495602792067722 ], [ -0.261892208289966, 51.495615104372519 ], [ -0.261911476868755, 51.495620596528681 ], [ -0.261909904611966, 51.495623297989773 ], [ -0.261781995828275, 51.495842323852948 ], [ -0.261765674435224, 51.495875984085323 ], [ -0.261759880812553, 51.495880205697702 ], [ -0.261746449522181, 51.495902087994644 ], [ -0.261734247077655, 51.495898872210823 ], [ -0.261722222734391, 51.495895708523626 ], [ -0.261716252296008, 51.495908740245959 ], [ -0.261540072685615, 51.495864116514447 ], [ -0.261473978425631, 51.495847382147637 ], [ -0.261300489585435, 51.495813831825295 ], [ -0.26125927318178, 51.49580586508214 ], [ -0.261431523771396, 51.495505560923867 ], [ -0.261176033893016, 51.495452355968233 ], [ -0.260900599140537, 51.495405010238308 ], [ -0.260900300093394, 51.495408324069423 ], [ -0.260899748247187, 51.495414493795309 ], [ -0.260889465872238, 51.495528664111802 ], [ -0.260876513907134, 51.495672461390775 ], [ -0.26085557245116, 51.495676476406267 ], [ -0.260330320881734, 51.495718589170302 ], [ -0.260144434130422, 51.495725760566614 ], [ -0.259845318340513, 51.495737304340054 ], [ -0.259829346795085, 51.495737921747477 ], [ -0.259836040902275, 51.495809898769586 ], [ -0.259836951194064, 51.495819660233501 ], [ -0.259852802489123, 51.495990097998231 ], [ -0.259855376643126, 51.496017824346957 ], [ -0.259899127680973, 51.496487922134456 ], [ -0.259901128393263, 51.496509525017494 ], [ -0.259905591478393, 51.496557251907532 ], [ -0.259906013037511, 51.496562069192393 ], [ -0.259930711136158, 51.496827410975065 ], [ -0.25993390963706, 51.496861819074866 ], [ -0.259940111484149, 51.496928573077589 ], [ -0.259947862689074, 51.497011761522565 ], [ -0.259949169882906, 51.497025854302635 ], [ -0.259950652964485, 51.497047431520762 ], [ -0.259971607002998, 51.497352824665832 ], [ -0.259983748026326, 51.497529915808528 ], [ -0.259986666218086, 51.497572440047875 ], [ -0.259995484634801, 51.497700984909294 ], [ -0.259993430251271, 51.497754909937576 ], [ -0.259932410021906, 51.497843930796762 ], [ -0.259917326133637, 51.49786169225397 ], [ -0.259873101667841, 51.497888014101363 ], [ -0.259870106781368, 51.497890613502378 ], [ -0.259856916663578, 51.497885516916668 ], [ -0.259840545842934, 51.497882981003436 ], [ -0.259744194908258, 51.497868117004614 ], [ -0.259699937708713, 51.497852191148276 ], [ -0.259710663678102, 51.497828942551465 ], [ -0.259828188222661, 51.497574325153458 ], [ -0.259686581806598, 51.497562575753378 ], [ -0.259607883673772, 51.497478811522527 ], [ -0.259349956100942, 51.49732451232768 ], [ -0.259343826231903, 51.497322802720483 ], [ -0.259319833696339, 51.497316124980159 ], [ -0.259253987285321, 51.497189656546396 ], [ -0.259127292432099, 51.49705773498232 ], [ -0.259113208753771, 51.497048119767371 ], [ -0.25903749605803, 51.496996449006183 ], [ -0.259044833765171, 51.496965335633497 ], [ -0.259053286137113, 51.496951468592258 ], [ -0.259079858143638, 51.496907853167542 ], [ -0.259086295320896, 51.4968928051711 ], [ -0.259087591463583, 51.496889793902461 ], [ -0.259115865745943, 51.496853298877454 ], [ -0.259155082298, 51.496782209863213 ], [ -0.259188333860377, 51.49664422641861 ], [ -0.259189340419557, 51.496623108778735 ], [ -0.259178668796365, 51.496562906950125 ], [ -0.259182934587835, 51.496552664740953 ], [ -0.259189753199993, 51.496536300487953 ], [ -0.259196850563705, 51.496510354274783 ], [ -0.259248877325074, 51.496460354063174 ], [ -0.259262511821687, 51.49644092554189 ], [ -0.259306001764841, 51.496450860122167 ], [ -0.259376665770383, 51.496453913842892 ], [ -0.259375880333684, 51.496404964542798 ], [ -0.259374982878382, 51.496348747571666 ], [ -0.259371917717504, 51.496156611484082 ], [ -0.259367030912845, 51.496092421850122 ], [ -0.259364119691954, 51.496054268082233 ], [ -0.259361188240804, 51.496015889199242 ], [ -0.259352813499381, 51.495967996337029 ], [ -0.259343680257871, 51.495933958787838 ], [ -0.259315262058789, 51.495890327795003 ], [ -0.259242023941371, 51.495884906760892 ], [ -0.259117417702604, 51.495911843185304 ], [ -0.258922871895933, 51.49595113157919 ], [ -0.25890908303472, 51.495953067191714 ], [ -0.258885807001132, 51.495956336797612 ], [ -0.258892231346929, 51.495952205619169 ], [ -0.258750468301047, 51.495576621675063 ], [ -0.258747236373196, 51.495568057729663 ], [ -0.258746189348292, 51.495565290458963 ], [ -0.258446875135793, 51.495618706193291 ], [ -0.258453894205487, 51.495632982699675 ], [ -0.258481210131223, 51.495688494738999 ], [ -0.258536385056853, 51.495800885636775 ], [ -0.258492485384147, 51.495811806586204 ], [ -0.258234020327959, 51.496030095698814 ], [ -0.258229360750654, 51.49603403721845 ], [ -0.258180392564839, 51.496031772514755 ], [ -0.258174972917001, 51.496032222617174 ], [ -0.257975421823048, 51.496107144697838 ], [ -0.257917706274739, 51.496141205953002 ], [ -0.257897190519902, 51.496158976428163 ], [ -0.257881501667933, 51.496172574071309 ], [ -0.257862586643588, 51.496245825591672 ], [ -0.257704864656353, 51.496316008734176 ], [ -0.25748544924525, 51.496190289153191 ], [ -0.257280380222271, 51.496177944971436 ], [ -0.257308145203015, 51.49584727728142 ], [ -0.256879164723056, 51.495928150741427 ], [ -0.256450992340917, 51.496014043518564 ], [ -0.256689798612736, 51.496261974690547 ], [ -0.256819770020396, 51.496396888209986 ], [ -0.256599908698549, 51.496455769172861 ], [ -0.256575455249129, 51.496462321105746 ], [ -0.25648133502298, 51.496522728530365 ], [ -0.256474497267405, 51.496527114219361 ], [ -0.256452757686549, 51.496541071385622 ], [ -0.25643916339846, 51.496538657187806 ], [ -0.2562145208741, 51.496548402820061 ], [ -0.256205487436539, 51.496548790128386 ], [ -0.256157593389805, 51.496590073665097 ], [ -0.256154176977432, 51.496594654069014 ], [ -0.256149150581175, 51.496601404734683 ], [ -0.256055649314434, 51.496662180723703 ], [ -0.255970633972764, 51.496674648701621 ], [ -0.25581317117892, 51.496643234907694 ], [ -0.255775718014091, 51.496640097245219 ], [ -0.255773904294802, 51.49663628440198 ], [ -0.255758457007906, 51.496603924236354 ], [ -0.255752210239479, 51.496592078054995 ], [ -0.255750343031342, 51.496588534193776 ], [ -0.255741960994909, 51.496572618595302 ], [ -0.255683122699543, 51.496460982133641 ], [ -0.255585565190087, 51.496274958794324 ], [ -0.255468493970238, 51.49605164970145 ], [ -0.255475231894315, 51.496049124052284 ], [ -0.255482958524153, 51.496046361311336 ], [ -0.255502238068725, 51.496039480883887 ], [ -0.255573289547347, 51.496013883281606 ], [ -0.255510800391374, 51.495838309079609 ], [ -0.255444232728881, 51.495651847113962 ], [ -0.255406296888884, 51.495545575128631 ], [ -0.25540753853248, 51.495433482969169 ], [ -0.25541038266139, 51.495177973824319 ], [ -0.255413296393322, 51.494914228491055 ], [ -0.25561884479806, 51.494913480895768 ], [ -0.255828038668589, 51.494912715193578 ], [ -0.25588621902016, 51.494912509981525 ], [ -0.255891391711745, 51.494912487958601 ], [ -0.256203143647248, 51.494911348698608 ], [ -0.256256022068452, 51.494911154426198 ], [ -0.256263370245448, 51.49491112874972 ], [ -0.2563133859768, 51.494906674379955 ], [ -0.256391300497156, 51.494899738993062 ], [ -0.256762514127381, 51.494866703924536 ], [ -0.257205946392586, 51.494827231660871 ], [ -0.257230824245819, 51.494825011339309 ], [ -0.257306613409664, 51.494818268589384 ], [ -0.257488504778723, 51.494802076758454 ], [ -0.25751062125952, 51.494800112121013 ], [ -0.257558096854802, 51.494799549256854 ], [ -0.258080025310672, 51.494793369967326 ], [ -0.258124877705767, 51.494792839867685 ], [ -0.25838328298361, 51.494789796695244 ], [ -0.258391757962378, 51.494789688693679 ], [ -0.258474472822519, 51.494788704334738 ], [ -0.258784833584472, 51.494773769909763 ], [ -0.258974724677417, 51.494764627784271 ], [ -0.259004990059457, 51.494763170470698 ], [ -0.259266467446618, 51.494750575848585 ], [ -0.259631473250451, 51.494721198505204 ], [ -0.259926523570107, 51.494697455020564 ], [ -0.259960958767035, 51.494694692430755 ], [ -0.260156415884044, 51.494678967435924 ], [ -0.260168353179849, 51.494677975420622 ], [ -0.260305617327264, 51.494666953619898 ], [ -0.26053576988291, 51.494648433181091 ], [ -0.260569901966103, 51.494645683903919 ], [ -0.260670766181535, 51.494637566174575 ], [ -0.260971898946356, 51.494613334709278 ], [ -0.261303984206877, 51.49458661160832 ], [ -0.261401946367184, 51.494575248883422 ], [ -0.261476684026628, 51.494566581431698 ], [ -0.261642669155064, 51.4945473417784 ], [ -0.261707784158525, 51.494539790566037 ], [ -0.261802953284159, 51.494528754821069 ], [ -0.261827841680455, 51.494525868230404 ], [ -0.26198002242355, 51.494508222104372 ], [ -0.262005243320287, 51.494505304431364 ], [ -0.262022014055669, 51.494503358673157 ], [ -0.262112812608862, 51.49449284245221 ], [ -0.262141562677555, 51.494528177527059 ], [ -0.262173435276037, 51.494523469902269 ], [ -0.262276571077191, 51.494508262313275 ], [ -0.262651032753837, 51.494473332323146 ], [ -0.262721310331956, 51.494466963084236 ], [ -0.262746774623509, 51.494464651359223 ], [ -0.263049467399091, 51.494437218320584 ], [ -0.263127587224692, 51.494430137622096 ], [ -0.263243581841617, 51.494419615837238 ], [ -0.263292269405765, 51.494415201782175 ], [ -0.263376720765073, 51.494407549189454 ], [ -0.263552750309916, 51.494391593924476 ], [ -0.263751128866902, 51.494373604083385 ], [ -0.263904180380168, 51.494354997151888 ], [ -0.264073890595296, 51.494334352386481 ], [ -0.264389748440661, 51.494295932901522 ], [ -0.264416884973709, 51.494292638382937 ], [ -0.265468858583393, 51.494173504579521 ], [ -0.265526601255275, 51.494166966330795 ], [ -0.266168680046807, 51.494095919191516 ], [ -0.266522463901484, 51.494056777493952 ], [ -0.266666581314723, 51.494040831655823 ], [ -0.26705204408994, 51.494000142039269 ], [ -0.267581682128402, 51.493944224458303 ], [ -0.267608126251267, 51.493983867542447 ], [ -0.267613469946187, 51.493991868909326 ], [ -0.267627186168884, 51.494010056599031 ], [ -0.267651551162955, 51.494127319902418 ], [ -0.267606993987207, 51.494162632310562 ], [ -0.267535053886774, 51.494205462821796 ], [ -0.267518561146353, 51.494215281979884 ], [ -0.267440413304585, 51.49425009830361 ], [ -0.267375175636691, 51.494279152142191 ], [ -0.267327489420658, 51.494337700026115 ], [ -0.267074939119255, 51.494601939955842 ], [ -0.266896967316014, 51.494715045638031 ], [ -0.266828030138333, 51.494836641122511 ], [ -0.266821930931492, 51.494847414059336 ], [ -0.266659948342967, 51.494823088175764 ], [ -0.266821181557746, 51.495026634096519 ], [ -0.266847343523221, 51.495059663631721 ], [ -0.266859331692803, 51.495074795381846 ], [ -0.266919409481406, 51.49515064497988 ], [ -0.266971147025063, 51.495179007436334 ], [ -0.26702450625537, 51.495157790755847 ], [ -0.267154994079176, 51.495127533628434 ], [ -0.267254290665076, 51.495127696224259 ], [ -0.267374706120817, 51.495186370584285 ], [ -0.267431152110641, 51.495203031082745 ], [ -0.267475199715559, 51.495233222152926 ], [ -0.267580602293746, 51.495283212588767 ], [ -0.267591501363323, 51.495286044318235 ], [ -0.267604897030627, 51.495291421839987 ], [ -0.267653881006954, 51.495305795844146 ], [ -0.26765915503533, 51.495308040927668 ], [ -0.267695067328362, 51.495323310009859 ], [ -0.267684070245928, 51.495353452627789 ], [ -0.267614457671512, 51.495443123924737 ], [ -0.267603761484569, 51.495487362347987 ], [ -0.267607849836421, 51.49550111841166 ], [ -0.267618759787112, 51.495537852318549 ], [ -0.267736126039681, 51.495686469999619 ], [ -0.267663825175147, 51.495715959271685 ], [ -0.267609909380729, 51.495728670039071 ], [ -0.267525547134421, 51.495741524715108 ], [ -0.267402337140002, 51.495760280315785 ], [ -0.26726763131292, 51.495782436065561 ], [ -0.267031272836182, 51.495821300216832 ], [ -0.266994044552567, 51.495827422824142 ], [ -0.266717195435767, 51.495872945268808 ], [ -0.266530749432048, 51.495903598153269 ], [ -0.266463961582954, 51.49591458048274 ], [ -0.266447348004021, 51.495917311554187 ], [ -0.266437982789937, 51.495918854790709 ], [ -0.266139140617986, 51.495967989663136 ], [ -0.266097606400946, 51.495974821715009 ], [ -0.266303498935215, 51.496042934604297 ], [ -0.266386483732207, 51.496070383173489 ], [ -0.266410607211445, 51.496078365325253 ], [ -0.266453476161472, 51.496087991317083 ], [ -0.26648299955094, 51.496089398731407 ], [ -0.266726707635845, 51.496101020678083 ], [ -0.267268563651146, 51.496126627265106 ], [ -0.267279760795356, 51.496126923021151 ], [ -0.267287569673106, 51.496127290137188 ], [ -0.267302023614357, 51.496139715516343 ], [ -0.267324556262538, 51.496159067581097 ], [ -0.26739580846003, 51.496220298136429 ], [ -0.267372793319815, 51.496229616290094 ], [ -0.267095866002108, 51.496341701541041 ], [ -0.267032336448093, 51.496367417199934 ], [ -0.267016607962061, 51.496373776441928 ], [ -0.26690694551179, 51.496418162642939 ], [ -0.266816713597661, 51.49645467950846 ], [ -0.266778788952981, 51.496470027139942 ], [ -0.266755744421938, 51.496479353731729 ], [ -0.266678958502413, 51.496510430779573 ], [ -0.26663029425132, 51.496530124983593 ], [ -0.266625538959301, 51.496532051081871 ], [ -0.26654167133228, 51.496565990966623 ], [ -0.266477570734236, 51.496591931697097 ], [ -0.266447750004931, 51.496618468821637 ], [ -0.26644706780056, 51.496636443897337 ], [ -0.26656107669999, 51.496843509844467 ], [ -0.266531503772454, 51.496849088953113 ], [ -0.266639444085267, 51.497092709902553 ], [ -0.266607390743284, 51.497114672831486 ], [ -0.266576944169051, 51.497131120063123 ], [ -0.266537488497024, 51.497146552909292 ], [ -0.266455196318316, 51.497169697941274 ], [ -0.266441338874229, 51.497171921188986 ], [ -0.266341900997832, 51.49718788852217 ], [ -0.266239229275553, 51.497199095874066 ], [ -0.266174462447951, 51.497252426979237 ], [ -0.26618330409054, 51.49727113630189 ], [ -0.266185438562913, 51.497302578915992 ], [ -0.266193908776779, 51.497427476090301 ], [ -0.266122589634506, 51.497428346564668 ], [ -0.266171633435823, 51.49748939353249 ], [ -0.266163218923184, 51.497511426894896 ], [ -0.26607819430318, 51.497615635336032 ], [ -0.266028709795196, 51.497661071911807 ], [ -0.26598691298376, 51.497688061406642 ], [ -0.265914547306262, 51.497722557519204 ], [ -0.265888607267475, 51.497731094763765 ], [ -0.265879865088603, 51.497746954355321 ], [ -0.265876473517092, 51.497751283612374 ], [ -0.26586572399379, 51.497764991285912 ], [ -0.265791534346342, 51.497829306726743 ], [ -0.265788062990359, 51.497832321885788 ], [ -0.265785275416694, 51.497836300364789 ], [ -0.265754004256443, 51.497862680986387 ], [ -0.265745014395044, 51.497870263736282 ], [ -0.265718602696104, 51.497924988838399 ], [ -0.265719012466342, 51.497929374280233 ], [ -0.26572037995661, 51.497944582955689 ], [ -0.265720961141022, 51.497950904335234 ], [ -0.265802631644946, 51.498070157065158 ], [ -0.265758583993913, 51.498074074229578 ], [ -0.265827537258552, 51.498125676656045 ], [ -0.265811579519192, 51.498148677608668 ], [ -0.265850553468876, 51.498190358727797 ], [ -0.265895625305501, 51.498276724144347 ], [ -0.265918160945803, 51.498319915833804 ], [ -0.265862066133611, 51.498324275471731 ], [ -0.265847096291643, 51.498325430077834 ], [ -0.265835849880143, 51.498318069790983 ], [ -0.265735994533503, 51.498289562161489 ], [ -0.265614982135056, 51.49825138042619 ], [ -0.265437009223555, 51.49819521663327 ], [ -0.265422795070965, 51.498190510204509 ], [ -0.265385601650675, 51.498178207035245 ], [ -0.265380109433496, 51.498176390269414 ], [ -0.265377720438156, 51.498239293993429 ], [ -0.265390427063967, 51.498284453726882 ], [ -0.265431088648779, 51.498357373168901 ], [ -0.265473333857176, 51.498431844744829 ], [ -0.265506854654147, 51.498425910602514 ], [ -0.26556736389088, 51.498556846749416 ], [ -0.265727926140676, 51.498834428962333 ], [ -0.265715344484146, 51.498830358196159 ], [ -0.265711355976904, 51.498831054616758 ], [ -0.265206570168178, 51.498918796480503 ], [ -0.265180058178566, 51.49892340435094 ], [ -0.265163478965307, 51.498919130536535 ], [ -0.265077817425975, 51.4989952180442 ], [ -0.265025823626121, 51.499041408441471 ], [ -0.265008072982449, 51.499053937896122 ], [ -0.265001929047574, 51.499058275886739 ], [ -0.264813182562013, 51.499154789672168 ], [ -0.265008201706719, 51.499339170808611 ], [ -0.265029953771078, 51.499359743741934 ], [ -0.265043026168506, 51.499372706501958 ], [ -0.265030062467486, 51.499385706914218 ], [ -0.265043978869705, 51.499501422326205 ], [ -0.265077158627548, 51.49955720829589 ], [ -0.265138524421696, 51.499619705825957 ], [ -0.265307650018463, 51.499660478829519 ], [ -0.26533348958211, 51.499652722578617 ], [ -0.265340922512308, 51.499650485408935 ], [ -0.265364486672961, 51.499645357312637 ], [ -0.265426689109494, 51.499635764595084 ], [ -0.265499645365084, 51.499624505327624 ], [ -0.265532727066915, 51.499638123532939 ], [ -0.265748213947505, 51.499726792255466 ], [ -0.265765109868303, 51.49974815655689 ], [ -0.265785212625265, 51.499785997687702 ], [ -0.265796470015155, 51.49982457136246 ], [ -0.265803684068266, 51.499911195543412 ], [ -0.265802430190684, 51.499926383452738 ], [ -0.265796561653794, 51.499950028114817 ], [ -0.265762877826192, 51.500035733055853 ], [ -0.265776896832671, 51.500058115954374 ], [ -0.265790003448995, 51.500085934865005 ], [ -0.265811828003802, 51.500152047110952 ], [ -0.265820691698196, 51.500178913040514 ], [ -0.265820649775706, 51.500197850780495 ], [ -0.265843156347853, 51.500228929041235 ], [ -0.265855184040853, 51.500250635032053 ], [ -0.265881519978656, 51.500310636042975 ], [ -0.26588451689801, 51.500320500226721 ], [ -0.265887328137476, 51.500325388773099 ], [ -0.265918273265779, 51.50039567346014 ], [ -0.265934789867429, 51.500502929183632 ], [ -0.266098032950496, 51.500612218383324 ], [ -0.266095083405243, 51.50062007926374 ], [ -0.266050639509743, 51.500705328481928 ], [ -0.266007041498377, 51.500764880427859 ], [ -0.265934481787661, 51.500825982692248 ], [ -0.265871196921641, 51.500857969164926 ], [ -0.265856859192715, 51.500865221087111 ], [ -0.265747737939623, 51.500899587497535 ], [ -0.265736320404815, 51.500961215671211 ], [ -0.265825183033458, 51.501066878886476 ], [ -0.265864941377162, 51.501114146942456 ], [ -0.265691337187564, 51.501158522173625 ], [ -0.265525865653304, 51.501200823184746 ], [ -0.265495471700561, 51.501208593081834 ], [ -0.265547610754144, 51.501353244944333 ], [ -0.265561669618792, 51.501362445338508 ], [ -0.265515639289622, 51.501371818579678 ], [ -0.265389439614913, 51.501397542121133 ], [ -0.265314803150663, 51.50141275119676 ], [ -0.265234713289057, 51.501429282435915 ], [ -0.26522817990456, 51.501417693335199 ], [ -0.265174064175689, 51.501429779556155 ], [ -0.265179703246875, 51.501440636031347 ], [ -0.265111507131814, 51.501454708220763 ], [ -0.265107201920077, 51.501455390945743 ], [ -0.265000004959654, 51.501472429456378 ], [ -0.264877703487133, 51.501491861337662 ], [ -0.264802499055726, 51.5014966033307 ], [ -0.264752410761014, 51.501499765342402 ], [ -0.264750339921514, 51.501463638544706 ], [ -0.264798555992646, 51.50141419107144 ] ] ] } }
]
}
