{
"type": "FeatureCollection",
"name": "lsoas_E05000341",
"crs": { "type": "name", "properties": { "name": "urn:ogc:def:crs:OGC:1.3:CRS84" } },
"features": [
{ "type": "Feature", "properties": { "lsoa21cd": "E01034606", "lsoa21nm": "Hillingdon 016G", "msoa21cd": "E02000509", "msoa21nm": "Hillingdon 016", "lad22cd": "E09000017", "lad22nm": "Hillingdon", "index_right": 131, "GSS_CODE": "E05000341", "risk_score": 0.0, "allocation_hours": 0.0, "patrol_units": 0 }, "geometry": { "type": "Polygon", "coordinates": [ [ [ -0.478493741981305, 51.537619710171107 ], [ -0.478459648464458, 51.53760221826213 ], [ -0.47841454280346, 51.537604483282308 ], [ -0.478405443962657, 51.53760493167858 ], [ -0.478398401623666, 51.537605541654955 ], [ -0.478362119492691, 51.537608694533638 ], [ -0.478244188833407, 51.537614276393988 ], [ -0.478124652602093, 51.537632534376741 ], [ -0.478109181930486, 51.537635534754095 ], [ -0.478096657122604, 51.537637970896945 ], [ -0.478021014364352, 51.537638877091112 ], [ -0.478001198642856, 51.537636843812287 ], [ -0.47799699240357, 51.537636290123189 ], [ -0.477865625098842, 51.537637066109355 ], [ -0.47772912360138, 51.537637874184291 ], [ -0.477704643571383, 51.537645982012073 ], [ -0.477688766031743, 51.537651234111124 ], [ -0.477677432639316, 51.537653829559865 ], [ -0.477642643946804, 51.537659753250125 ], [ -0.477612292522842, 51.537664925258269 ], [ -0.477563205610126, 51.537673279966782 ], [ -0.477509494905675, 51.537677609003197 ], [ -0.477388434606528, 51.537681908424325 ], [ -0.477384404771101, 51.537679527076797 ], [ -0.47722009651892, 51.537582569014212 ], [ -0.477016437579396, 51.53754782952965 ], [ -0.476952073459451, 51.537543468228151 ], [ -0.476868793331886, 51.537551576164802 ], [ -0.476793772423961, 51.537564512320429 ], [ -0.47678652138032, 51.537565757939895 ], [ -0.476734836506348, 51.537555203749797 ], [ -0.476671033252315, 51.537553906957157 ], [ -0.476619592685284, 51.537552869721111 ], [ -0.47648659682622, 51.53756441372596 ], [ -0.476324808202296, 51.537613000175241 ], [ -0.476314481505101, 51.537616103155628 ], [ -0.476279598263888, 51.537626575309773 ], [ -0.476183881971825, 51.537438651242148 ], [ -0.476182367234003, 51.537435655104687 ], [ -0.476110695883889, 51.537294929306384 ], [ -0.476119756990821, 51.53722488034073 ], [ -0.476124014386638, 51.537191987973074 ], [ -0.476127993671978, 51.537161376028962 ], [ -0.47615596443765, 51.536945349418168 ], [ -0.476171417057064, 51.536826006925999 ], [ -0.476170860187007, 51.536816355463927 ], [ -0.476167053638938, 51.536750370068283 ], [ -0.476166362459792, 51.536738698092584 ], [ -0.476159621552969, 51.5366211802423 ], [ -0.476156640507485, 51.536569318962968 ], [ -0.476154436767779, 51.536530866289546 ], [ -0.476145270682298, 51.536372033333414 ], [ -0.476133582243463, 51.536168754691303 ], [ -0.476133094258299, 51.536160493430998 ], [ -0.476132725718251, 51.536154265979583 ], [ -0.476131294194209, 51.536129374712758 ], [ -0.476122824067839, 51.535982290215266 ], [ -0.476120436857721, 51.535940917154861 ], [ -0.476119523028314, 51.535925123816178 ], [ -0.476120071880914, 51.535914313235558 ], [ -0.47612784113286, 51.535759980776405 ], [ -0.476128085374657, 51.535754831373573 ], [ -0.476131470090884, 51.535687658062336 ], [ -0.476131678272744, 51.535683587264671 ], [ -0.476140016393696, 51.535517841997098 ], [ -0.476140324312125, 51.535511650317154 ], [ -0.476142304288743, 51.535472262880951 ], [ -0.476142810563133, 51.535462164834236 ], [ -0.476150473482181, 51.535309842557638 ], [ -0.476150629698843, 51.535306463489981 ], [ -0.476157589245508, 51.53516836505252 ], [ -0.476157712864484, 51.535165745408968 ], [ -0.476164887005462, 51.535022735475806 ], [ -0.476165614857233, 51.535008725968098 ], [ -0.476165908944664, 51.535002947752979 ], [ -0.476166947130602, 51.534981811398673 ], [ -0.476169264979816, 51.534936196699775 ], [ -0.476170737516386, 51.534889559377802 ], [ -0.476171925234079, 51.534850148149069 ], [ -0.476172535837592, 51.534830157247328 ], [ -0.476174318666706, 51.534771649647261 ], [ -0.476174506171502, 51.534765609269918 ], [ -0.476174555932759, 51.534763991305681 ], [ -0.476176503239084, 51.534700261326229 ], [ -0.47618377597549, 51.534461997391645 ], [ -0.476196906437366, 51.534032966338543 ], [ -0.476198541039967, 51.533979321631485 ], [ -0.476196982306339, 51.533926750446554 ], [ -0.476180579418061, 51.533381069963305 ], [ -0.476180206189373, 51.533368934645608 ], [ -0.476173372174751, 51.533141451272009 ], [ -0.476171986312145, 51.533050423289488 ], [ -0.476170010520891, 51.532920337247234 ], [ -0.476166473803255, 51.532687543678598 ], [ -0.476165554004432, 51.5326274548881 ], [ -0.476164393963012, 51.532549090840028 ], [ -0.476334348997159, 51.532543738138472 ], [ -0.476363170767061, 51.532544112850658 ], [ -0.476384304848108, 51.532534010621575 ], [ -0.476436425776222, 51.532509096441835 ], [ -0.476552313028693, 51.532492618566422 ], [ -0.476652739684891, 51.532493573301842 ], [ -0.476551382775229, 51.532296603670829 ], [ -0.476618383928164, 51.532149427170602 ], [ -0.476622956020578, 51.532147643202499 ], [ -0.476630055687542, 51.532144857987127 ], [ -0.476765775669001, 51.532144697751946 ], [ -0.476790600010579, 51.532144534824411 ], [ -0.476799338637546, 51.532144477550546 ], [ -0.47683851820109, 51.532144222431377 ], [ -0.476931787364284, 51.532143627168267 ], [ -0.476995308207681, 51.532143211748391 ], [ -0.477154492199951, 51.532142178010417 ], [ -0.477227213113323, 51.53214170216777 ], [ -0.477302400344327, 51.532140332128854 ], [ -0.477308341146022, 51.532139006534919 ], [ -0.477306394646631, 51.532134779193044 ], [ -0.477237077410141, 51.531984377055728 ], [ -0.477238312386772, 51.531978907865067 ], [ -0.477264818686935, 51.531861607418136 ], [ -0.477268807112793, 51.531860463278932 ], [ -0.477371506058341, 51.531830010219458 ], [ -0.477235500589072, 51.531635945078357 ], [ -0.477242514536173, 51.531631405234371 ], [ -0.477367807971572, 51.531550295990307 ], [ -0.477378756210131, 51.531543208509973 ], [ -0.477381857086364, 51.531539714865517 ], [ -0.477402609951829, 51.531523519784358 ], [ -0.477420786973299, 51.531509341454431 ], [ -0.47742083934353, 51.531523756619961 ], [ -0.477434050135472, 51.531559897023577 ], [ -0.477462571686735, 51.531569250766218 ], [ -0.477487277141209, 51.531568969248355 ], [ -0.477556316773183, 51.531568184603827 ], [ -0.47773397141106, 51.531566149103575 ], [ -0.477856749020615, 51.531564740431641 ], [ -0.477926509774881, 51.53156394695084 ], [ -0.477978430220557, 51.531563353360724 ], [ -0.478020918635743, 51.531562862061243 ], [ -0.478061575104926, 51.53156240090911 ], [ -0.47813560529093, 51.531561545849925 ], [ -0.478176478217586, 51.531561078476635 ], [ -0.478183689215222, 51.531561001262716 ], [ -0.478234167697281, 51.531560415811498 ], [ -0.47828464587878, 51.531559839326825 ], [ -0.478306279470561, 51.53155958968722 ], [ -0.478385602539296, 51.531558677303941 ], [ -0.478436080718531, 51.531558100754033 ], [ -0.478474170296811, 51.531557660085433 ], [ -0.47850819248749, 51.531557274505523 ], [ -0.478524749348946, 51.531557084806991 ], [ -0.478659627317175, 51.531555535643889 ], [ -0.478665901025133, 51.531555464217476 ], [ -0.478724873939324, 51.53155479099491 ], [ -0.47883343066924, 51.531553556389241 ], [ -0.478835506757852, 51.531553597724006 ], [ -0.478913070123016, 51.531556990984754 ], [ -0.478923859824094, 51.531558111174483 ], [ -0.478938911856257, 51.531555923603811 ], [ -0.478987805058806, 51.53154883388202 ], [ -0.479042000395102, 51.531540976677434 ], [ -0.47919361110233, 51.531485390562487 ], [ -0.479294198209693, 51.531448511367849 ], [ -0.479376493062998, 51.531418338513646 ], [ -0.479492362261208, 51.531442088567999 ], [ -0.479497803530643, 51.531443202258451 ], [ -0.479531939967406, 51.531450200453939 ], [ -0.479927694832336, 51.531303114424723 ], [ -0.479914696603157, 51.531318520308261 ], [ -0.479889000310121, 51.531348976276647 ], [ -0.479840219289645, 51.53140679278841 ], [ -0.479798988277388, 51.531455652077454 ], [ -0.479790960290678, 51.531473325506077 ], [ -0.479739880307267, 51.531585847629245 ], [ -0.479739747620534, 51.531589829449246 ], [ -0.479752061626695, 51.531652934533817 ], [ -0.479763147281171, 51.531683247141594 ], [ -0.479765274208653, 51.53168907469589 ], [ -0.47982434472313, 51.531746914381074 ], [ -0.479842229448303, 51.531764420370465 ], [ -0.479849042623294, 51.531771091030194 ], [ -0.479893158350113, 51.531792638441857 ], [ -0.479896324679677, 51.531794184804596 ], [ -0.47994824570436, 51.531819541815878 ], [ -0.479962601398634, 51.531822677452027 ], [ -0.480068874005296, 51.53184587983101 ], [ -0.480334634488617, 51.531903908860798 ], [ -0.480353470549405, 51.531908010757306 ], [ -0.480465668864485, 51.531932512551847 ], [ -0.480463552392829, 51.531949741125942 ], [ -0.480457816005741, 51.53199669950807 ], [ -0.480449439099993, 51.532065278648453 ], [ -0.480423650965135, 51.532279408042598 ], [ -0.480423071675392, 51.532284247322494 ], [ -0.480406858467028, 51.532312200639801 ], [ -0.480388275328333, 51.532344214671966 ], [ -0.480366311383294, 51.53258202510861 ], [ -0.48031746949507, 51.532588414679232 ], [ -0.480201134274505, 51.532603658535642 ], [ -0.480194343557364, 51.532632660209899 ], [ -0.480062643945841, 51.532621807169519 ], [ -0.479987066683906, 51.532631704811742 ], [ -0.479961991083793, 51.532634988145269 ], [ -0.479961194548531, 51.532640807451401 ], [ -0.479931123271962, 51.532860435642355 ], [ -0.479777804619985, 51.532858446929964 ], [ -0.479778551917936, 51.532925102244029 ], [ -0.479781517813593, 51.533189826738088 ], [ -0.479784236365347, 51.53343251085299 ], [ -0.479950325147778, 51.533434665188253 ], [ -0.479931184333654, 51.533625743743585 ], [ -0.479934400455316, 51.53380713453766 ], [ -0.479940312794497, 51.534140865461673 ], [ -0.480401960953543, 51.534203728346981 ], [ -0.480537710150305, 51.534352359092182 ], [ -0.480540951215278, 51.534355908095932 ], [ -0.480553186217924, 51.534377711102856 ], [ -0.480554752523429, 51.534380896686912 ], [ -0.480608676916257, 51.534509560211227 ], [ -0.480619968390261, 51.534519224909019 ], [ -0.480623697335324, 51.534522411552153 ], [ -0.480683448339239, 51.534578551530295 ], [ -0.48070095239514, 51.534596700027379 ], [ -0.480771220095487, 51.534669540036582 ], [ -0.480776055913131, 51.53467455745961 ], [ -0.480794533114792, 51.534695955769941 ], [ -0.480809691733061, 51.534713534309255 ], [ -0.480854321174876, 51.534775233219797 ], [ -0.480860385902556, 51.534783611689633 ], [ -0.48090386910254, 51.534854620695164 ], [ -0.480913571089151, 51.534874133765385 ], [ -0.480979068139181, 51.535005811104519 ], [ -0.480996026624017, 51.535039913741826 ], [ -0.480997245700102, 51.53504248784035 ], [ -0.481150212431302, 51.535147687971872 ], [ -0.481160784696873, 51.535154497239098 ], [ -0.481274652988725, 51.535217416952023 ], [ -0.481503262409526, 51.535334828095706 ], [ -0.481521704528369, 51.535351671241081 ], [ -0.481527273724846, 51.535356752084127 ], [ -0.481551861662322, 51.535467009991059 ], [ -0.481659701581229, 51.535602769405862 ], [ -0.48166778295248, 51.53561294542645 ], [ -0.481697576456454, 51.535661709732942 ], [ -0.481703551861417, 51.535671480794001 ], [ -0.481705103001341, 51.535724492257422 ], [ -0.481708490030654, 51.535729293038081 ], [ -0.481713280942962, 51.535736099293736 ], [ -0.481756528258301, 51.535845879471616 ], [ -0.481764451063584, 51.535866016849496 ], [ -0.481590489500311, 51.536001713469581 ], [ -0.481595403492958, 51.536019545830932 ], [ -0.481348576508392, 51.536017390986416 ], [ -0.481358140412793, 51.536083491104819 ], [ -0.481363483190439, 51.536120482542692 ], [ -0.481374513084392, 51.536196681973394 ], [ -0.48138418826001, 51.536263772676001 ], [ -0.481386003056398, 51.536276385350547 ], [ -0.481400161939052, 51.53631361690433 ], [ -0.481406698684925, 51.53633077789533 ], [ -0.481408806124634, 51.536336335438847 ], [ -0.48141331539975, 51.536382987244536 ], [ -0.481407323745786, 51.536389505434023 ], [ -0.481400897413436, 51.536395437990663 ], [ -0.481389562683836, 51.536405884009284 ], [ -0.481395030389597, 51.53640968663948 ], [ -0.481405490332137, 51.536418580623604 ], [ -0.48140886968006, 51.536421447977091 ], [ -0.481516300520101, 51.536487718992312 ], [ -0.481543268644202, 51.536506601417848 ], [ -0.481557463148098, 51.536512027797293 ], [ -0.481563257993719, 51.536514234035472 ], [ -0.4815946941229, 51.536526241302454 ], [ -0.481647603700385, 51.53655327403888 ], [ -0.481760103353504, 51.53662019497326 ], [ -0.481890034709684, 51.536660283879066 ], [ -0.481901818990166, 51.536666865974126 ], [ -0.481911083668192, 51.536672039618807 ], [ -0.481929839880494, 51.536686400389463 ], [ -0.481933256789381, 51.536689007437545 ], [ -0.481977242809431, 51.53674935763793 ], [ -0.481983089422683, 51.536757373520565 ], [ -0.481994058678454, 51.536830235944812 ], [ -0.48199260183148, 51.536835450568411 ], [ -0.481956040995971, 51.536966542717074 ], [ -0.48209413446635, 51.536961586975416 ], [ -0.482459232080856, 51.536948473943617 ], [ -0.48247478297791, 51.537011935772419 ], [ -0.482247222159761, 51.537020778133325 ], [ -0.48211202027276, 51.537259830853401 ], [ -0.482056608229545, 51.537270686278283 ], [ -0.481869749464363, 51.537327615076897 ], [ -0.481842833633168, 51.537363873921585 ], [ -0.481830298946602, 51.537377442738915 ], [ -0.481707407215602, 51.537471861225903 ], [ -0.481642393573369, 51.537513408545458 ], [ -0.481639762712294, 51.537515426497805 ], [ -0.481600537468662, 51.537511625404036 ], [ -0.481500900012351, 51.53751129679646 ], [ -0.481376228071918, 51.537527522218014 ], [ -0.481361560325154, 51.537528069543285 ], [ -0.48131548513279, 51.537529797065588 ], [ -0.481237780514972, 51.537536555053649 ], [ -0.481106769591712, 51.537530541134331 ], [ -0.48105576175855, 51.537528198584354 ], [ -0.481038701398701, 51.537527419978431 ], [ -0.481009962670768, 51.537523585527239 ], [ -0.480965839336348, 51.537515415250745 ], [ -0.480918047659586, 51.537506558964729 ], [ -0.480860471513785, 51.537509643456644 ], [ -0.480822873264699, 51.537515954300318 ], [ -0.480755017811394, 51.537521162567636 ], [ -0.480672482900548, 51.53753808626935 ], [ -0.480594000432772, 51.537538543665256 ], [ -0.480442572927333, 51.537539440165403 ], [ -0.48042731406705, 51.537539552578487 ], [ -0.48034243607628, 51.537542844880875 ], [ -0.480332810089236, 51.53754440163182 ], [ -0.480310615878021, 51.537547971558716 ], [ -0.480283536155203, 51.537552332403038 ], [ -0.480170317282997, 51.537570566448331 ], [ -0.480161139333096, 51.537572956282979 ], [ -0.480121753041781, 51.537573209912985 ], [ -0.479998825379221, 51.537578180206857 ], [ -0.479987057173337, 51.537577820774544 ], [ -0.47996416254993, 51.537579043565664 ], [ -0.479895387863205, 51.537580678483195 ], [ -0.479877921123288, 51.53759208794655 ], [ -0.479859612393309, 51.537605181529173 ], [ -0.479832272491591, 51.537625342799096 ], [ -0.479818732162662, 51.537635319453926 ], [ -0.47978201407854, 51.537662359559462 ], [ -0.479737101028205, 51.537692143912381 ], [ -0.479715835234618, 51.537708081141197 ], [ -0.479713160754361, 51.537710020254181 ], [ -0.479708630740924, 51.537713553907572 ], [ -0.479688000306279, 51.537729895032186 ], [ -0.479667994269986, 51.537743942232915 ], [ -0.479656536379519, 51.537752003552235 ], [ -0.479639077767004, 51.537766191697678 ], [ -0.479609955631799, 51.537789850274045 ], [ -0.479605242606708, 51.537793682790763 ], [ -0.479586871542262, 51.537820097564712 ], [ -0.479573422591764, 51.537839436325683 ], [ -0.479566785871418, 51.537855985925923 ], [ -0.47956765232438, 51.537859405233178 ], [ -0.479581424269872, 51.537913393582002 ], [ -0.479584498153766, 51.53792542014201 ], [ -0.479653173712168, 51.53804827300231 ], [ -0.479577689471908, 51.538051322431357 ], [ -0.47952597090701, 51.538053412187551 ], [ -0.479405294336918, 51.538058285200741 ], [ -0.479320973557696, 51.538061696420591 ], [ -0.479268908462914, 51.538063799552809 ], [ -0.479224394735164, 51.538065595984122 ], [ -0.479207335612678, 51.538066287367393 ], [ -0.478908591726436, 51.538075903841921 ], [ -0.478631867848684, 51.538084802728186 ], [ -0.478683381675092, 51.537984721963305 ], [ -0.478687382348367, 51.537974154019352 ], [ -0.478697488653425, 51.537947407299086 ], [ -0.478699386155279, 51.537942396256412 ], [ -0.478702775898455, 51.537891804790114 ], [ -0.478701520226353, 51.537875422565008 ], [ -0.478700620222355, 51.537863505120995 ], [ -0.478700379901415, 51.537860336723504 ], [ -0.478681574279717, 51.537805563531087 ], [ -0.478673393622954, 51.53778886661825 ], [ -0.478663520808194, 51.537775780618148 ], [ -0.478617676409065, 51.537716358161191 ], [ -0.478600268979772, 51.537698759153656 ], [ -0.478592681084467, 51.537691089173364 ], [ -0.478584855976641, 51.537683182314503 ], [ -0.478563775496216, 51.537666767565476 ], [ -0.478541921537602, 51.53764976726702 ], [ -0.478511802452826, 51.537628972847358 ], [ -0.478493741981305, 51.537619710171107 ] ] ] } },
{ "type": "Feature", "properties": { "lsoa21cd": "E01002523", "lsoa21nm": "Hillingdon 016D", "msoa21cd": "E02000509", "msoa21nm": "Hillingdon 016", "lad22cd": "E09000017", "lad22nm": "Hillingdon", "index_right": 131, "GSS_CODE": "E05000341", "risk_score": 0.0027411456708193414, "allocation_hours": 0.040805324407040711, "patrol_units": 0 }, "geometry": { "type": "Polygon", "coordinates": [ [ [ -0.479713319788106, 51.543250904904063 ], [ -0.47963440902173, 51.543168501626404 ], [ -0.47963479606734, 51.543163812685378 ], [ -0.479645854394524, 51.543029350933693 ], [ -0.479548479707242, 51.54304163944829 ], [ -0.479309227880951, 51.543071834665774 ], [ -0.479220230443627, 51.543096694847826 ], [ -0.479212258413947, 51.543084074205922 ], [ -0.479204874441556, 51.543072414371544 ], [ -0.479137653618923, 51.542966206996233 ], [ -0.479030542518538, 51.542796958857579 ], [ -0.479045603441003, 51.542776463053372 ], [ -0.47899632222172, 51.542742912010112 ], [ -0.478931608928776, 51.542640675643078 ], [ -0.478915156754884, 51.542614681363148 ], [ -0.478886403263011, 51.542569248059152 ], [ -0.478869827709052, 51.542543063333525 ], [ -0.478841156299535, 51.542497765965791 ], [ -0.478830783736129, 51.542482110730226 ], [ -0.478813714368077, 51.542485216384968 ], [ -0.478807182915707, 51.542474808516324 ], [ -0.478789149060392, 51.54244608702156 ], [ -0.478786848580332, 51.542442424296247 ], [ -0.478793321252611, 51.542426924689963 ], [ -0.478794497963191, 51.542424071426304 ], [ -0.478790348092228, 51.542417489194747 ], [ -0.478787594727333, 51.542413137180816 ], [ -0.478763450133195, 51.54238949794933 ], [ -0.478749398558572, 51.542382760254512 ], [ -0.478745551121407, 51.542376622566572 ], [ -0.478722295607802, 51.542327627684273 ], [ -0.47871908927971, 51.542320859863757 ], [ -0.478712231120461, 51.542309872244587 ], [ -0.478665070410331, 51.542234390658948 ], [ -0.478639504547084, 51.542193490287431 ], [ -0.478607122322132, 51.542141665779972 ], [ -0.478602563764503, 51.542134372346489 ], [ -0.47861088814218, 51.542125618500677 ], [ -0.478622669448198, 51.542114607496728 ], [ -0.478636628184128, 51.542113102593149 ], [ -0.478751580503346, 51.542108137847706 ], [ -0.478815454136291, 51.542105378753973 ], [ -0.478868066510058, 51.542097833502361 ], [ -0.479000912589757, 51.542051007915546 ], [ -0.479039675425259, 51.542032833896442 ], [ -0.479049739613375, 51.542028117638019 ], [ -0.479106536611193, 51.541988937847201 ], [ -0.4790964383822, 51.541976523412607 ], [ -0.479081823800354, 51.541958574097833 ], [ -0.479039704179914, 51.541920907601607 ], [ -0.479035927486221, 51.541916110689712 ], [ -0.479022375659646, 51.541904775473782 ], [ -0.478979741525084, 51.541869134528966 ], [ -0.478966428170367, 51.541858000229567 ], [ -0.478939192026349, 51.54181596772036 ], [ -0.478934096876109, 51.541798393679137 ], [ -0.478915323389265, 51.541733522712008 ], [ -0.478913836445388, 51.541728386822093 ], [ -0.478910774269069, 51.541725946156468 ], [ -0.478878634653344, 51.541655848102884 ], [ -0.4788721012728, 51.541641618501906 ], [ -0.478866835184602, 51.541596328086776 ], [ -0.478871141982261, 51.541580485650265 ], [ -0.478878787558696, 51.541552313183132 ], [ -0.478878695847095, 51.541549011832998 ], [ -0.478877429443633, 51.541506587893139 ], [ -0.478879194890525, 51.541499488928999 ], [ -0.478885772676819, 51.541473065089832 ], [ -0.478886438462784, 51.54145008950676 ], [ -0.478892159717734, 51.541253583897813 ], [ -0.478889840840977, 51.541244426663006 ], [ -0.478818693151406, 51.540963097732124 ], [ -0.479103943311012, 51.540977130963647 ], [ -0.479131958660074, 51.540978510550914 ], [ -0.479383338850199, 51.540982526922633 ], [ -0.479395552688253, 51.540981660234834 ], [ -0.479426658425095, 51.540979446964577 ], [ -0.479465569494218, 51.540976678492008 ], [ -0.479674021928691, 51.540965974621528 ], [ -0.479683196795441, 51.54096413329686 ], [ -0.479789577627724, 51.540942816424746 ], [ -0.479819668942943, 51.540935563223933 ], [ -0.479824605219716, 51.540933262272027 ], [ -0.479864726596258, 51.54091452112835 ], [ -0.47989173134919, 51.540899503535591 ], [ -0.479967956392923, 51.5408570952928 ], [ -0.479993609530558, 51.540842824494248 ], [ -0.480049756871762, 51.540808347814142 ], [ -0.480059215951337, 51.540804900532109 ], [ -0.480165628315309, 51.540766183723271 ], [ -0.480189332452492, 51.540311231046047 ], [ -0.480189586741343, 51.540306198678671 ], [ -0.480192999934287, 51.540291621519579 ], [ -0.480205988672447, 51.540283508046876 ], [ -0.480237680845961, 51.540263686344723 ], [ -0.480245719496099, 51.54026088606232 ], [ -0.480277188858652, 51.540249909842643 ], [ -0.480501572660884, 51.540171672455585 ], [ -0.480520730357448, 51.540172289464046 ], [ -0.480684729912081, 51.540177800715455 ], [ -0.480909880089395, 51.540211548550523 ], [ -0.480948855349849, 51.540220677187378 ], [ -0.481004084022016, 51.540233631309128 ], [ -0.481019222146946, 51.540237172585762 ], [ -0.481085063896488, 51.540261810243457 ], [ -0.481222815116351, 51.540003853819059 ], [ -0.481254220927774, 51.539829415349445 ], [ -0.481186621647167, 51.539792192822354 ], [ -0.481187810487563, 51.539789402642661 ], [ -0.481189842028501, 51.539784690047007 ], [ -0.481250275525748, 51.539643979940472 ], [ -0.481232996856088, 51.539570514169142 ], [ -0.481230532090229, 51.539560096181852 ], [ -0.48117038477642, 51.539489213262947 ], [ -0.481156005517132, 51.539477184152275 ], [ -0.481161405600942, 51.539473072723318 ], [ -0.481179529276824, 51.53945927064251 ], [ -0.481223165946298, 51.539417617398051 ], [ -0.481246852232588, 51.539379239612288 ], [ -0.481263355012788, 51.539334878825407 ], [ -0.481263031177167, 51.539330315557066 ], [ -0.481260260483336, 51.539292287387106 ], [ -0.481245698203067, 51.539243765348509 ], [ -0.481233280969123, 51.539203139321735 ], [ -0.481223763208678, 51.539172001719471 ], [ -0.481230961912587, 51.539169734523661 ], [ -0.481240561069561, 51.539168127886789 ], [ -0.481248889662589, 51.53916700385723 ], [ -0.481348254121887, 51.539153570906123 ], [ -0.481444853339728, 51.539146531510099 ], [ -0.481455564030684, 51.53914575305447 ], [ -0.481543519595456, 51.539139338966486 ], [ -0.481853581673436, 51.539116756003949 ], [ -0.481874560437935, 51.539096444441753 ], [ -0.481952752416309, 51.539020780168471 ], [ -0.48195902503192, 51.539014710702347 ], [ -0.481968546838276, 51.539005464088461 ], [ -0.481972762808205, 51.539001400235954 ], [ -0.481980157837692, 51.538952608733339 ], [ -0.481985995216046, 51.53892487669269 ], [ -0.481991690327635, 51.53889197586205 ], [ -0.482004685916522, 51.538816932971386 ], [ -0.482008471632458, 51.538795040904844 ], [ -0.482013244406197, 51.538781614336578 ], [ -0.482031936243037, 51.538729071884241 ], [ -0.482053191798507, 51.538669251929306 ], [ -0.482061051513334, 51.538647124867026 ], [ -0.482070517441574, 51.538620495502165 ], [ -0.482072998664245, 51.538613531662108 ], [ -0.482100952107225, 51.53853486075554 ], [ -0.482106694372332, 51.538518731078923 ], [ -0.482107666319279, 51.538515956067371 ], [ -0.482109955723083, 51.53850955625456 ], [ -0.482135744504176, 51.538436999017492 ], [ -0.482176209291408, 51.538329431650276 ], [ -0.48219588845955, 51.53827710428768 ], [ -0.482200176116615, 51.538265685695848 ], [ -0.482202674751206, 51.538259063784608 ], [ -0.482243867241529, 51.538149550007077 ], [ -0.482291387359967, 51.538023203725771 ], [ -0.482293934587788, 51.53801642058167 ], [ -0.482294059640686, 51.538012663440099 ], [ -0.48229453322592, 51.537998434839331 ], [ -0.482303268665994, 51.537999375233824 ], [ -0.482378952226035, 51.53800765687263 ], [ -0.482538049586751, 51.538025039457992 ], [ -0.48285483705617, 51.538059641881659 ], [ -0.483035237596761, 51.538066877501073 ], [ -0.483186032394062, 51.538072920430103 ], [ -0.483181052685242, 51.538109922029335 ], [ -0.48314975062582, 51.538342218308777 ], [ -0.483148830979195, 51.538349058499463 ], [ -0.483144329920683, 51.538382505361568 ], [ -0.483152779992965, 51.538392461220397 ], [ -0.483166988986306, 51.538409181832797 ], [ -0.483174333286417, 51.538407298577248 ], [ -0.483300219169541, 51.538375008776143 ], [ -0.48331303671175, 51.538372872611454 ], [ -0.483367702120975, 51.53836412458255 ], [ -0.483464122928876, 51.538370187458362 ], [ -0.483473763734436, 51.538370788779311 ], [ -0.483557027287214, 51.538384868788569 ], [ -0.483579122277082, 51.538392959900726 ], [ -0.483627928271115, 51.538410820431167 ], [ -0.483635991240375, 51.538413775279075 ], [ -0.48371814857632, 51.538459394641613 ], [ -0.483735144388665, 51.538470800844351 ], [ -0.483763071461794, 51.538489533246697 ], [ -0.4837659909882, 51.538491495351728 ], [ -0.483770433941214, 51.538494475301633 ], [ -0.483786331289105, 51.538508996587773 ], [ -0.483824192222541, 51.538539034827245 ], [ -0.483867503472348, 51.538541321552117 ], [ -0.483884151258667, 51.538542813778953 ], [ -0.483898815136168, 51.538544127475099 ], [ -0.483906880194502, 51.53854485225429 ], [ -0.483927540367952, 51.538548397145249 ], [ -0.483970443826548, 51.538549505069852 ], [ -0.48398258978043, 51.538549788050865 ], [ -0.484035209584985, 51.538553130297714 ], [ -0.48414365793766, 51.53856001807609 ], [ -0.484149053542906, 51.538560366611748 ], [ -0.48418649714162, 51.538556552535873 ], [ -0.484221784834944, 51.538552962352036 ], [ -0.484230754938486, 51.538552053232237 ], [ -0.484259238712232, 51.538553176909851 ], [ -0.484294624952983, 51.538557033553616 ], [ -0.484324449844297, 51.538560539516098 ], [ -0.484329084362783, 51.538561444713302 ], [ -0.484402245850068, 51.538572767748136 ], [ -0.484473384705406, 51.538583776833725 ], [ -0.484529032232833, 51.538590602030801 ], [ -0.484542011990566, 51.538590527051745 ], [ -0.484571245346057, 51.538590356469214 ], [ -0.484584155213715, 51.538592384765813 ], [ -0.484610534073048, 51.538596538505473 ], [ -0.484617376218235, 51.538597616107168 ], [ -0.484709152314057, 51.538608743471791 ], [ -0.484764082899425, 51.538608289063234 ], [ -0.48479662132434, 51.538608026264406 ], [ -0.484810326752609, 51.538609111642309 ], [ -0.484874950927713, 51.538617437512663 ], [ -0.484898149713088, 51.53861967950052 ], [ -0.484941040892652, 51.538623812342635 ], [ -0.484946987635931, 51.538623637359834 ], [ -0.484999022832291, 51.538622070294153 ], [ -0.485006225345507, 51.538621857572153 ], [ -0.485021756718727, 51.538621383726749 ], [ -0.48503619298672, 51.538622622246685 ], [ -0.48509559996726, 51.538625947693788 ], [ -0.485097744598597, 51.538623677871797 ], [ -0.48513977706571, 51.538595058821919 ], [ -0.485154737539552, 51.538584856980727 ], [ -0.485175268504932, 51.538566705993937 ], [ -0.485239916594328, 51.538501016201756 ], [ -0.485246049682749, 51.538498703458643 ], [ -0.485279533045698, 51.538486088062683 ], [ -0.485284322772189, 51.538484279521981 ], [ -0.485383333933155, 51.538456324140718 ], [ -0.485401126930516, 51.538454179914787 ], [ -0.485423871431996, 51.53845143418814 ], [ -0.485451745301544, 51.538450112506801 ], [ -0.485487411071256, 51.538448414825062 ], [ -0.485531809383373, 51.538454707063757 ], [ -0.485545251896973, 51.538458513464185 ], [ -0.485710954346076, 51.538505757534047 ], [ -0.48571542918628, 51.538509870792339 ], [ -0.48572311180291, 51.538516911962908 ], [ -0.485731983458908, 51.538525056540969 ], [ -0.48574270599465, 51.538522623168348 ], [ -0.485879017227469, 51.538491731787481 ], [ -0.485886723085322, 51.538491993104756 ], [ -0.485941340334641, 51.538493867008327 ], [ -0.485972350548819, 51.538494932653087 ], [ -0.48603487395086, 51.538502762490083 ], [ -0.48605538605057, 51.53850949261772 ], [ -0.486065870182845, 51.538512937057455 ], [ -0.486100646925826, 51.538524338384967 ], [ -0.48614692632792, 51.538544556645355 ], [ -0.486158367272705, 51.538540028324526 ], [ -0.486177683621926, 51.538532391402768 ], [ -0.486184451046989, 51.538530950051609 ], [ -0.486240289643313, 51.538519054488823 ], [ -0.486257010358054, 51.538517067149613 ], [ -0.486293390556772, 51.538512743717888 ], [ -0.486299137785372, 51.538512062528135 ], [ -0.486367562308631, 51.538516749110315 ], [ -0.486386693687538, 51.538520332068231 ], [ -0.486411127348214, 51.538524909633296 ], [ -0.486420930198289, 51.538528462149131 ], [ -0.486623713175718, 51.5386019370277 ], [ -0.486624847277091, 51.538616429140205 ], [ -0.486625370543391, 51.538623256493139 ], [ -0.486632194396793, 51.53871093328884 ], [ -0.486633246003997, 51.538724435191902 ], [ -0.486633540215836, 51.53872817076055 ], [ -0.486636741756256, 51.538769441411112 ], [ -0.486639200317366, 51.538800945912953 ], [ -0.486640607269869, 51.53881894851186 ], [ -0.486640968971881, 51.538823692080179 ], [ -0.486641274914042, 51.53882750873003 ], [ -0.486645175422421, 51.53887769969031 ], [ -0.486646916947839, 51.538899959926873 ], [ -0.486650768067373, 51.538949466839775 ], [ -0.486654263850218, 51.538994473055986 ], [ -0.486655945149099, 51.53901594119904 ], [ -0.486661625193271, 51.539088986368419 ], [ -0.486663667011378, 51.539115234032288 ], [ -0.486665406763217, 51.539137548197537 ], [ -0.486667700955307, 51.539167054301522 ], [ -0.486667934937397, 51.539169997776987 ], [ -0.486669145114501, 51.539183501723436 ], [ -0.486670525661962, 51.539198824296733 ], [ -0.486672975443634, 51.539225814584434 ], [ -0.486679681389124, 51.539300536543379 ], [ -0.486686287658248, 51.539373917373226 ], [ -0.486687396061008, 51.539386143110129 ], [ -0.486689007524277, 51.539404067413443 ], [ -0.486691097765877, 51.539441762799385 ], [ -0.486693598082716, 51.539475183176251 ], [ -0.486695103853214, 51.53949846548074 ], [ -0.486700768221641, 51.539586109310186 ], [ -0.486703122457247, 51.539622715544311 ], [ -0.486704991635334, 51.539651559729108 ], [ -0.486705914048238, 51.539665914222688 ], [ -0.486707896542978, 51.539696558313302 ], [ -0.486709341791688, 51.539719057512244 ], [ -0.486710503757102, 51.539737056945668 ], [ -0.486710787041618, 51.539741556711057 ], [ -0.486712207245222, 51.539763507061046 ], [ -0.486715026582981, 51.539807173691081 ], [ -0.486716596881466, 51.53983155387678 ], [ -0.486718443509875, 51.53986020893224 ], [ -0.486719127571696, 51.539870882531545 ], [ -0.486719337004898, 51.53987413142525 ], [ -0.486725164069328, 51.539964479506274 ], [ -0.486734621126537, 51.54011100385582 ], [ -0.486735125878128, 51.54011882460717 ], [ -0.486736633772902, 51.540142043989079 ], [ -0.48674500577821, 51.540242613074845 ], [ -0.486745623660083, 51.54025006660391 ], [ -0.486749748842471, 51.540299577029813 ], [ -0.486755986630174, 51.540374508736534 ], [ -0.486761754660125, 51.540443607423043 ], [ -0.48677240736983, 51.540571488312644 ], [ -0.486773746131428, 51.540587637623986 ], [ -0.486775047518931, 51.540603174982181 ], [ -0.486777501588097, 51.540632647165047 ], [ -0.486777871368445, 51.540637148044752 ], [ -0.486780593997108, 51.540677648153867 ], [ -0.486787513406884, 51.540781147934958 ], [ -0.486791886312377, 51.540852746440663 ], [ -0.486801356285434, 51.540987810331508 ], [ -0.486806080021777, 51.541078171128802 ], [ -0.48680600817749, 51.541083812820411 ], [ -0.486806201118691, 51.541087124445774 ], [ -0.486807294864814, 51.541101966722607 ], [ -0.486826082086552, 51.54135714743979 ], [ -0.486826396898415, 51.541362870551417 ], [ -0.486475688080617, 51.541318538588833 ], [ -0.486470460918602, 51.541317877674821 ], [ -0.486108169795819, 51.541467807080501 ], [ -0.486098183264699, 51.541471940544213 ], [ -0.486099934838795, 51.54147868932791 ], [ -0.48610926811013, 51.541514648260829 ], [ -0.486110098670116, 51.54151786470505 ], [ -0.486111651687016, 51.54152147264022 ], [ -0.486112762851718, 51.541528833624234 ], [ -0.48610988269746, 51.541581706712279 ], [ -0.486109281742089, 51.541592858309073 ], [ -0.486116450084649, 51.54163625734941 ], [ -0.486117615198347, 51.54164025593731 ], [ -0.486123471156926, 51.541661939806737 ], [ -0.486116924162054, 51.541690607973393 ], [ -0.486115740820374, 51.541706270648646 ], [ -0.486115429177426, 51.541710879638806 ], [ -0.486131412774824, 51.541760668984082 ], [ -0.486134533441782, 51.541788729016773 ], [ -0.4861361993827, 51.541803704579031 ], [ -0.486142085600054, 51.541824912248408 ], [ -0.486144700229387, 51.541834333863598 ], [ -0.486147161260037, 51.541860110352033 ], [ -0.486149833343669, 51.541869973327167 ], [ -0.486153060698286, 51.541882006095911 ], [ -0.486158908556121, 51.54191414331644 ], [ -0.48616483492291, 51.541931970425367 ], [ -0.48616757324989, 51.541951132213427 ], [ -0.486168288422769, 51.541956087163179 ], [ -0.486170698990669, 51.541991637545699 ], [ -0.486171261109645, 51.54199989965894 ], [ -0.486165585255553, 51.542046199328112 ], [ -0.4861670395912, 51.542054517913328 ], [ -0.486173165064368, 51.542117605449022 ], [ -0.486173844913535, 51.542124493270741 ], [ -0.486177545346548, 51.542139000506054 ], [ -0.486177988565944, 51.542153016107804 ], [ -0.486177368360187, 51.542162575831767 ], [ -0.486177097484829, 51.542166825658654 ], [ -0.486175577596516, 51.542188940455787 ], [ -0.48617107509832, 51.54220837305882 ], [ -0.486174587461121, 51.54224463014377 ], [ -0.48617492362337, 51.54227273974243 ], [ -0.486170940259349, 51.542297169738809 ], [ -0.486169717557104, 51.542301856908459 ], [ -0.486168132090116, 51.542307915211438 ], [ -0.486161079102659, 51.542334890875694 ], [ -0.486154041756397, 51.542395722543368 ], [ -0.48615508063618, 51.542419169736498 ], [ -0.486156218812967, 51.542444839295023 ], [ -0.486154130859635, 51.542457347546772 ], [ -0.486153321407158, 51.542462183923675 ], [ -0.486151916645473, 51.542470618510379 ], [ -0.486149905720791, 51.54253642479037 ], [ -0.48614965583544, 51.542544388695312 ], [ -0.486149334153953, 51.54255495043266 ], [ -0.486075678969032, 51.542543434267898 ], [ -0.4859324287141, 51.542521038682153 ], [ -0.485892653201091, 51.54251111955314 ], [ -0.485823047625312, 51.542486221066156 ], [ -0.485456621855517, 51.542355150987582 ], [ -0.485474297473769, 51.542327053552746 ], [ -0.485485777094863, 51.542308794591911 ], [ -0.485512450467799, 51.54226638972203 ], [ -0.485518748848536, 51.542250860473217 ], [ -0.485526116357332, 51.542232665333437 ], [ -0.485546882285683, 51.542181416768898 ], [ -0.485559574056851, 51.542150107753081 ], [ -0.48556136519657, 51.542096177505201 ], [ -0.485561842832871, 51.542081796105705 ], [ -0.485562559286568, 51.542060224006377 ], [ -0.48555609826451, 51.542037660047114 ], [ -0.485551795525837, 51.542022623461548 ], [ -0.48553671523612, 51.54196996816578 ], [ -0.485522909263859, 51.541940601200437 ], [ -0.485508497043265, 51.541909949511279 ], [ -0.485487121194947, 51.54186448765951 ], [ -0.485455899750089, 51.541798072716531 ], [ -0.485457989531788, 51.541735154089267 ], [ -0.485459780468568, 51.541681232825262 ], [ -0.485461422727838, 51.541631787771834 ], [ -0.485463363220748, 51.541573363330869 ], [ -0.485465602242765, 51.541505950513795 ], [ -0.485468419218426, 51.541421136200618 ], [ -0.485469781726849, 51.541380113253524 ], [ -0.485471423658585, 51.54133067718638 ], [ -0.485473364117227, 51.541272252742935 ], [ -0.485475901630036, 51.541195851546966 ], [ -0.485453846947995, 51.541192113846222 ], [ -0.485438690060209, 51.541189535255924 ], [ -0.485361198099838, 51.541176386433648 ], [ -0.485229692837789, 51.541124853809372 ], [ -0.485147655441281, 51.54109269952442 ], [ -0.485143769294413, 51.54109117462459 ], [ -0.485111327189714, 51.541078463380344 ], [ -0.485095212908152, 51.541072149598179 ], [ -0.485083967120005, 51.541067742080848 ], [ -0.485018499774272, 51.541042078219554 ], [ -0.485009403688848, 51.541038507752539 ], [ -0.484962000344827, 51.541019938174479 ], [ -0.48493412800178, 51.541009012393495 ], [ -0.484911194821867, 51.541008716259633 ], [ -0.484890263589949, 51.541008495430077 ], [ -0.484828487722215, 51.541012404551779 ], [ -0.484814268661485, 51.541013299839051 ], [ -0.484689554280591, 51.541021192628399 ], [ -0.484650697180535, 51.541023648797115 ], [ -0.484544840756169, 51.541030341944314 ], [ -0.484525115818491, 51.541031593151622 ], [ -0.484518555203074, 51.541032011904392 ], [ -0.484493613869967, 51.54103358683345 ], [ -0.484487385668652, 51.541033982905141 ], [ -0.484445175869398, 51.541036656438038 ], [ -0.484437979549381, 51.541037111929001 ], [ -0.484428049414744, 51.541037604013873 ], [ -0.484412951129862, 51.541038703699634 ], [ -0.484387128452998, 51.54104033015745 ], [ -0.4843704052478, 51.541041076116976 ], [ -0.484363482343139, 51.541040680875902 ], [ -0.484351920196417, 51.541039731080929 ], [ -0.484337052121523, 51.541040195284552 ], [ -0.48429131987679, 51.541042553453252 ], [ -0.484264395280572, 51.541044143156377 ], [ -0.484255188447252, 51.541044999772119 ], [ -0.484204391769301, 51.541048749167444 ], [ -0.484184096157816, 51.541050249217662 ], [ -0.48410967854543, 51.541082436829598 ], [ -0.484106172789047, 51.541084005603231 ], [ -0.484098776284464, 51.541087012280556 ], [ -0.48407153605952, 51.541098745599065 ], [ -0.484055829681363, 51.541105123013445 ], [ -0.484050596736634, 51.541106594814877 ], [ -0.48398076806648, 51.541134988516944 ], [ -0.483956473907776, 51.541144853554229 ], [ -0.483772115625799, 51.541219802492712 ], [ -0.483740789940672, 51.541232534989462 ], [ -0.483538085793632, 51.541314934653947 ], [ -0.483495796744645, 51.541332120303103 ], [ -0.483452255951212, 51.541340549286979 ], [ -0.483336645382564, 51.541348045877598 ], [ -0.483326281751759, 51.54134791179812 ], [ -0.483307817480678, 51.541347672914299 ], [ -0.483265173619628, 51.541329136710388 ], [ -0.4832510586739, 51.541319961847925 ], [ -0.483231236033188, 51.541293367101652 ], [ -0.483224927537887, 51.541284904710629 ], [ -0.483200784440462, 51.541252508015752 ], [ -0.483175482641049, 51.54121853167252 ], [ -0.483170347321606, 51.541211649107645 ], [ -0.48314337475124, 51.541175448038786 ], [ -0.483121992255767, 51.541146764871364 ], [ -0.483084321494344, 51.541096217614722 ], [ -0.48307642573821, 51.541085621498375 ], [ -0.483070159052452, 51.541077204599581 ], [ -0.483061061929029, 51.541065010301736 ], [ -0.483042744552544, 51.541040422280851 ], [ -0.483015412696608, 51.541003757923029 ], [ -0.483007503159935, 51.540993143638275 ], [ -0.482994361955271, 51.540975510648323 ], [ -0.482973325058291, 51.540947281532759 ], [ -0.482964379964408, 51.540935287022627 ], [ -0.482946518021624, 51.540911316349941 ], [ -0.482940439669819, 51.540900707772643 ], [ -0.482939141242078, 51.540896392677219 ], [ -0.4829264315565, 51.540854090546077 ], [ -0.482906860114473, 51.54082992689009 ], [ -0.482700232405973, 51.540840444278217 ], [ -0.482343526592558, 51.540858604194028 ], [ -0.481958118047705, 51.540947556001498 ], [ -0.481924128228169, 51.540955406700377 ], [ -0.481845119267163, 51.540972995685649 ], [ -0.481846297626071, 51.541058992128512 ], [ -0.481846275219043, 51.541067979590679 ], [ -0.48184477870457, 51.54111292145241 ], [ -0.481817178816864, 51.541261017050971 ], [ -0.481815527291724, 51.541269906981007 ], [ -0.48180966544984, 51.541301303936265 ], [ -0.481804910093427, 51.541323722972592 ], [ -0.481792557971876, 51.541382003626921 ], [ -0.481787110426572, 51.54140442269064 ], [ -0.481779173668337, 51.541437069672348 ], [ -0.481774042776625, 51.541458206944959 ], [ -0.481769348004487, 51.541477506454576 ], [ -0.481768161479808, 51.541482391863461 ], [ -0.481766511746947, 51.541489148854836 ], [ -0.481753325832541, 51.541543365002063 ], [ -0.48174243124554, 51.541588185148363 ], [ -0.481739912154138, 51.541597144771963 ], [ -0.481732363553803, 51.541623762979611 ], [ -0.481721986056763, 51.541660415867653 ], [ -0.481710071919717, 51.541702507148344 ], [ -0.481696865482348, 51.541749194714534 ], [ -0.481685132597481, 51.541790604929822 ], [ -0.481683415562014, 51.541796697420693 ], [ -0.481651251617634, 51.541910338527423 ], [ -0.481637524217067, 51.541958808798448 ], [ -0.481601111179008, 51.542087447884988 ], [ -0.48159534190245, 51.542107830526497 ], [ -0.481593866656208, 51.542120517465904 ], [ -0.481591220089631, 51.542143260552301 ], [ -0.481588144196971, 51.542169801799666 ], [ -0.481583623043978, 51.542208580803468 ], [ -0.481573404158965, 51.542296356760303 ], [ -0.481572754386412, 51.542302013466781 ], [ -0.481571523817535, 51.542312554438958 ], [ -0.481561527173894, 51.542398417921476 ], [ -0.481560819492562, 51.542404514498401 ], [ -0.481556479783415, 51.542441740189808 ], [ -0.481544677126959, 51.542543298744164 ], [ -0.481541326175306, 51.542572048550113 ], [ -0.481534742463624, 51.54262859651309 ], [ -0.481534569201883, 51.542633800785957 ], [ -0.481532797380528, 51.542687020992297 ], [ -0.481532191410941, 51.542705222464541 ], [ -0.481529335115778, 51.542791016563797 ], [ -0.481527859831335, 51.542835329282966 ], [ -0.481485278002239, 51.542836989838399 ], [ -0.481467003572466, 51.542838825849998 ], [ -0.481468608965272, 51.542845181689515 ], [ -0.481015600175366, 51.542886252674322 ], [ -0.480987987769099, 51.542888754445123 ], [ -0.481042522722641, 51.54293694015815 ], [ -0.481104860073915, 51.542992034070245 ], [ -0.481106222891339, 51.542995279947284 ], [ -0.481119947488095, 51.543027874849564 ], [ -0.481137318715386, 51.543069185530449 ], [ -0.481118855647762, 51.54309530263707 ], [ -0.481114194164231, 51.543101905507122 ], [ -0.481029905702801, 51.543165530736957 ], [ -0.481016695830855, 51.543175502850083 ], [ -0.480964117362336, 51.543230933291895 ], [ -0.480947218648783, 51.543259435605989 ], [ -0.480939059925712, 51.543273186961514 ], [ -0.480905140506247, 51.543330387829528 ], [ -0.480899067895893, 51.543337574888113 ], [ -0.480809176695633, 51.543310701221181 ], [ -0.480663105188058, 51.543290877729952 ], [ -0.480657175914896, 51.543290081508474 ], [ -0.480423904477956, 51.543302641758984 ], [ -0.480416535466057, 51.543300909653581 ], [ -0.480258318990457, 51.543263860927524 ], [ -0.480228312655551, 51.543256835663939 ], [ -0.480194720318402, 51.543255725773498 ], [ -0.480188803114683, 51.543255433251176 ], [ -0.48006356087882, 51.543293870112898 ], [ -0.480006192926711, 51.543311668383566 ], [ -0.47999943175862, 51.543313765843116 ], [ -0.479991534162618, 51.543314913373116 ], [ -0.479985496578158, 51.543315203776771 ], [ -0.479981238914536, 51.543315742063911 ], [ -0.479921178238758, 51.543324333276061 ], [ -0.479914324481877, 51.543325314489991 ], [ -0.47985288803512, 51.543310283145573 ], [ -0.479839640549015, 51.54330406857293 ], [ -0.479836261107569, 51.543302487076588 ], [ -0.479814423726473, 51.543292231501155 ], [ -0.479794657329237, 51.543286903557956 ], [ -0.479786267873085, 51.543284636629423 ], [ -0.479713319788106, 51.543250904904063 ] ] ] } },
{ "type": "Feature", "properties": { "lsoa21cd": "E01002413", "lsoa21nm": "Hillingdon 022B", "msoa21cd": "E02000515", "msoa21nm": "Hillingdon 022", "lad22cd": "E09000017", "lad22nm": "Hillingdon", "index_right": 131, "GSS_CODE": "E05000341", "risk_score": 4.2496537448584606, "allocation_hours": 63.261322272125831, "patrol_units": 32 }, "geometry": { "type": "Polygon", "coordinates": [ [ [ -0.478141879531794, 51.523819797073187 ], [ -0.478029341569827, 51.523601700990305 ], [ -0.478028409094262, 51.523590754409206 ], [ -0.478022436674133, 51.523521266333582 ], [ -0.478020722247304, 51.523501344409887 ], [ -0.478027154345582, 51.523417342202762 ], [ -0.478029061456651, 51.523410290134187 ], [ -0.478026996687881, 51.523403042613317 ], [ -0.478009007970305, 51.523339881846027 ], [ -0.478008983955505, 51.523335412428217 ], [ -0.478008253510888, 51.523213307326763 ], [ -0.47801034564293, 51.523208056093814 ], [ -0.478011698280967, 51.523204665628271 ], [ -0.478012532192815, 51.523202134372156 ], [ -0.478013779211845, 51.523198020464157 ], [ -0.478018079968552, 51.523134717516733 ], [ -0.477494714794801, 51.52307786073905 ], [ -0.477483856997911, 51.523076676603893 ], [ -0.477470463586444, 51.523100098055529 ], [ -0.477464846177459, 51.523109916462559 ], [ -0.477461095635188, 51.523116485973375 ], [ -0.477015056605032, 51.523076286896163 ], [ -0.477006373168782, 51.523030646751771 ], [ -0.477014451692375, 51.522989387785699 ], [ -0.477015146109311, 51.522985853897659 ], [ -0.477006366142014, 51.522921063691946 ], [ -0.476965031738684, 51.522843513216927 ], [ -0.476950319299754, 51.522824789191986 ], [ -0.476882068133921, 51.522737892259329 ], [ -0.476876431946537, 51.522732711468912 ], [ -0.476858495344036, 51.522717740226902 ], [ -0.476859211029384, 51.522713136549093 ], [ -0.476863273174877, 51.52269981799509 ], [ -0.47687467928851, 51.522662513870848 ], [ -0.476889701122811, 51.522630031568696 ], [ -0.476904160978402, 51.522609213786019 ], [ -0.476910187914875, 51.522600515756125 ], [ -0.47687900927283, 51.52256163313443 ], [ -0.476873542921425, 51.522554817977984 ], [ -0.476789363110562, 51.522508158045909 ], [ -0.476735186490664, 51.522478142218986 ], [ -0.476724572059333, 51.522472258280132 ], [ -0.476678431424566, 51.522451102533189 ], [ -0.476672042867117, 51.522448168987886 ], [ -0.476613225603815, 51.522428939137519 ], [ -0.476413305988743, 51.522388371165277 ], [ -0.476334763403597, 51.52239462482342 ], [ -0.476318752694764, 51.522397977583793 ], [ -0.476241936384156, 51.52241405507268 ], [ -0.476226477364461, 51.52241728910213 ], [ -0.476219314165248, 51.522433255970611 ], [ -0.476216729637288, 51.522439004327723 ], [ -0.476185733029183, 51.522487792947018 ], [ -0.47620156427172, 51.522532379562499 ], [ -0.476203050646274, 51.522539673542319 ], [ -0.476208081383759, 51.52256429652914 ], [ -0.476204179100395, 51.522617537819478 ], [ -0.476191178741583, 51.522653144102271 ], [ -0.476190020178292, 51.52266432427605 ], [ -0.476191079900484, 51.522668204681288 ], [ -0.476206261212902, 51.522783474693512 ], [ -0.476207480811965, 51.522792716503055 ], [ -0.475721236138074, 51.522760523438585 ], [ -0.475717681658769, 51.522764667556757 ], [ -0.475718755370428, 51.522776982788983 ], [ -0.475722449377011, 51.522806237350295 ], [ -0.475717677320613, 51.522806696834337 ], [ -0.475712471222681, 51.522807204626346 ], [ -0.475476612432335, 51.522830016431861 ], [ -0.475375320569497, 51.522835703755945 ], [ -0.475364070586225, 51.522836339732642 ], [ -0.475357535940359, 51.522836920148315 ], [ -0.475350500564072, 51.522834796403941 ], [ -0.475349530287811, 51.522827590059478 ], [ -0.475327258406868, 51.522660945497229 ], [ -0.475315997594622, 51.52264160975605 ], [ -0.475275234925248, 51.522571624095981 ], [ -0.475284178344962, 51.52256926759609 ], [ -0.475331686966577, 51.522556766058159 ], [ -0.475337998235039, 51.522555103678748 ], [ -0.475360094066457, 51.522307895547279 ], [ -0.475446406122629, 51.522237283338711 ], [ -0.475202637551356, 51.522177578686083 ], [ -0.475177703107009, 51.522171472352049 ], [ -0.475172877937796, 51.52216963812517 ], [ -0.475163611512853, 51.522166127532024 ], [ -0.475164707939196, 51.522161348978045 ], [ -0.475213877633852, 51.521947067165314 ], [ -0.475211019712895, 51.521942866619284 ], [ -0.475174864546682, 51.521889891083816 ], [ -0.475169172246959, 51.521888989752867 ], [ -0.475078995968956, 51.521874795948079 ], [ -0.475071625759948, 51.521873638986733 ], [ -0.475055742195887, 51.521872969242395 ], [ -0.475048222655951, 51.521871751887737 ], [ -0.475044093910365, 51.52187107771271 ], [ -0.474967773367031, 51.52187101991322 ], [ -0.474945014138442, 51.521871002546952 ], [ -0.474880929913949, 51.521860187426086 ], [ -0.474863615009316, 51.521857273473813 ], [ -0.474857208338398, 51.521857046236207 ], [ -0.474850449126497, 51.521856800922762 ], [ -0.474844558275462, 51.521855586763458 ], [ -0.474730371344568, 51.521853822143513 ], [ -0.474665059494535, 51.521838764619822 ], [ -0.474614947376567, 51.521837734800414 ], [ -0.474604633195506, 51.521837546618194 ], [ -0.474329593797614, 51.521790642724923 ], [ -0.474319876349363, 51.521788987572542 ], [ -0.474274410222077, 51.52175760663129 ], [ -0.474268525248848, 51.521756001361638 ], [ -0.473858117232643, 51.521643292141562 ], [ -0.473840848978158, 51.521469401935313 ], [ -0.473838701219979, 51.5214478287822 ], [ -0.47380888333634, 51.521315219982021 ], [ -0.473799753892006, 51.521293376079171 ], [ -0.473787900872573, 51.521265040349888 ], [ -0.473759715857264, 51.521197686344017 ], [ -0.473259608663116, 51.520718905840702 ], [ -0.47325903468519, 51.520664949977451 ], [ -0.473281973464094, 51.520634342741857 ], [ -0.473333287395206, 51.520621801617985 ], [ -0.473456125662704, 51.520628571924789 ], [ -0.47350744589309, 51.520613252231605 ], [ -0.473530473317492, 51.520585379710326 ], [ -0.473534198909337, 51.520580860215766 ], [ -0.473528094211035, 51.520526728911236 ], [ -0.473526023398559, 51.520508465866307 ], [ -0.473525169565801, 51.520500802428636 ], [ -0.473543452669331, 51.520452285090528 ], [ -0.473590122353351, 51.52041825507672 ], [ -0.473646543174771, 51.520377095353226 ], [ -0.473649630887896, 51.520374842561836 ], [ -0.473649717963236, 51.520372235972367 ], [ -0.473650134040525, 51.52034122746683 ], [ -0.473610206762712, 51.520308048061196 ], [ -0.473562638000838, 51.520268897261026 ], [ -0.473551195116208, 51.520233903670992 ], [ -0.473582337958572, 51.520177964409633 ], [ -0.473654557157649, 51.520103973240467 ], [ -0.47366724265898, 51.520090982906588 ], [ -0.473752508843242, 51.519965123981542 ], [ -0.473765297597697, 51.519946020317256 ], [ -0.473713140105334, 51.519781899872598 ], [ -0.473721571664421, 51.519750411239563 ], [ -0.473726000855075, 51.519733887384291 ], [ -0.473739093264132, 51.519719931184902 ], [ -0.473753082525281, 51.519705015508833 ], [ -0.473799954332534, 51.519670088802961 ], [ -0.473865184563557, 51.519621481241323 ], [ -0.473871318763714, 51.519616912161773 ], [ -0.473875355806913, 51.51961342181324 ], [ -0.47389141693088, 51.519599477268528 ], [ -0.473904628407293, 51.519587995440183 ], [ -0.473908458041505, 51.519584673241006 ], [ -0.474021824935059, 51.519486340704752 ], [ -0.474135714421832, 51.519453486714582 ], [ -0.474186112785433, 51.519438972972011 ], [ -0.474207816277146, 51.519426117936845 ], [ -0.474216507095643, 51.519420952664611 ], [ -0.474255502001969, 51.519397662489254 ], [ -0.474277964984304, 51.51937609044036 ], [ -0.474484590139639, 51.519177679070729 ], [ -0.474532077163789, 51.519132068377765 ], [ -0.474662622192, 51.519049290327317 ], [ -0.47488083688706, 51.518939057702546 ], [ -0.475019056924396, 51.518842692115719 ], [ -0.4750894300511, 51.518824068523166 ], [ -0.47513443728444, 51.518801773442405 ], [ -0.475151907713169, 51.518793089468559 ], [ -0.4751831916104, 51.51876005456463 ], [ -0.475193917537192, 51.518721977408397 ], [ -0.47518599440669, 51.518676077283281 ], [ -0.475166951981417, 51.518639015688329 ], [ -0.475093810549073, 51.518577097428739 ], [ -0.475076166178512, 51.51855213047623 ], [ -0.475067164141542, 51.51852517178046 ], [ -0.475067106528475, 51.518516318250988 ], [ -0.475067065455384, 51.518509560109578 ], [ -0.475066949015926, 51.518491025756205 ], [ -0.475074852501027, 51.518458487032653 ], [ -0.475076875639816, 51.518450123666454 ], [ -0.475079097241597, 51.518446178031759 ], [ -0.475082652943772, 51.518439830860778 ], [ -0.475084905758502, 51.51843581369468 ], [ -0.475099863887112, 51.518409121718904 ], [ -0.475130817665508, 51.518372152954072 ], [ -0.475164081507333, 51.51834715581542 ], [ -0.475249108697543, 51.518316238904468 ], [ -0.475308702727344, 51.518316062649184 ], [ -0.475321862492526, 51.518316044973417 ], [ -0.475604199307292, 51.51835885964784 ], [ -0.475631977064721, 51.51836306950711 ], [ -0.475665933695497, 51.518360498686768 ], [ -0.475696999651041, 51.518358169025973 ], [ -0.475757027620222, 51.518345290463451 ], [ -0.475926716281811, 51.518308911353103 ], [ -0.475947432003824, 51.518304468784464 ], [ -0.4759769157352, 51.518298152934108 ], [ -0.476032679228159, 51.518278735436098 ], [ -0.476061376878257, 51.51826401066409 ], [ -0.47607878334664, 51.518255073930561 ], [ -0.47612821205741, 51.51821297672678 ], [ -0.476173828401813, 51.518174121075312 ], [ -0.47623672325798, 51.518111148208419 ], [ -0.476258052572167, 51.518080096750886 ], [ -0.476258776364885, 51.518044137500766 ], [ -0.476216567860995, 51.517973054325068 ], [ -0.476215666445227, 51.517946066114661 ], [ -0.47622414661394, 51.517929486885791 ], [ -0.476232998023216, 51.517912148147609 ], [ -0.476248167761545, 51.517896806866212 ], [ -0.476265634978948, 51.517879130505804 ], [ -0.476335795641772, 51.517828193606263 ], [ -0.476708570598252, 51.517603081409597 ], [ -0.476739842103221, 51.517584199549958 ], [ -0.476923506384643, 51.517514590103389 ], [ -0.476989851470984, 51.517489442203811 ], [ -0.476935669052317, 51.517425163644361 ], [ -0.477006922785529, 51.517368206762214 ], [ -0.477031573457475, 51.517352071336823 ], [ -0.477063067915873, 51.517331465783123 ], [ -0.477084651178417, 51.517321522070496 ], [ -0.477122557011524, 51.517304227976581 ], [ -0.477247556320777, 51.517270170766693 ], [ -0.477307247626523, 51.517259993635633 ], [ -0.477329540995385, 51.517256200751696 ], [ -0.477393021356978, 51.517248662535707 ], [ -0.47748962338905, 51.517237202236778 ], [ -0.477675520132725, 51.517227252133047 ], [ -0.477724470316124, 51.517162262855003 ], [ -0.477744784337109, 51.517135280232779 ], [ -0.478143227047058, 51.517021576290325 ], [ -0.478312137312488, 51.516973381023028 ], [ -0.478567788259129, 51.51706381121555 ], [ -0.478729424027068, 51.517120990629955 ], [ -0.478735717395765, 51.517084388553414 ], [ -0.478764583548519, 51.516916266994869 ], [ -0.478784536154, 51.516904862999489 ], [ -0.478892554953383, 51.51684277416927 ], [ -0.478961760063889, 51.516803260174761 ], [ -0.4790045794901, 51.516837704697217 ], [ -0.479118639295636, 51.516931192841632 ], [ -0.479136681116446, 51.516945985300936 ], [ -0.47917634290427, 51.516978485147561 ], [ -0.479443972156878, 51.517197850790367 ], [ -0.479622223086448, 51.517343947636363 ], [ -0.479674723622756, 51.517386972688726 ], [ -0.479722538392679, 51.517426151245104 ], [ -0.47972830452995, 51.51743088397162 ], [ -0.479736793147948, 51.517437828111298 ], [ -0.479860383850835, 51.517539136099636 ], [ -0.479898452492271, 51.517572783909316 ], [ -0.480563797894657, 51.518160928754256 ], [ -0.480861101543751, 51.518423729821308 ], [ -0.480922189576601, 51.518477728208268 ], [ -0.480963871564812, 51.518514578783673 ], [ -0.480978853115809, 51.518527820577951 ], [ -0.481060551611241, 51.518600034371971 ], [ -0.481160412075654, 51.518686079618654 ], [ -0.481357891906646, 51.518856243494334 ], [ -0.481826375513057, 51.519259919376275 ], [ -0.482681101366778, 51.519955939239054 ], [ -0.482922509850591, 51.520146452144893 ], [ -0.482928254013004, 51.520150995607025 ], [ -0.482938266903227, 51.520158939411168 ], [ -0.482924934585353, 51.520162834927945 ], [ -0.482863323539244, 51.52018083659533 ], [ -0.482852960314019, 51.520183867716199 ], [ -0.482792135167293, 51.520201640324402 ], [ -0.482700380532394, 51.520228454343773 ], [ -0.482518789522943, 51.520281516206026 ], [ -0.482449495950335, 51.520301766051602 ], [ -0.482444183452894, 51.520303315867437 ], [ -0.482018460932428, 51.520427722593354 ], [ -0.481990764023575, 51.520435816565197 ], [ -0.481909141996176, 51.520459665154384 ], [ -0.481662473546105, 51.520531737543848 ], [ -0.481556874391653, 51.52056350584089 ], [ -0.481521262049087, 51.52057422179135 ], [ -0.481504737036445, 51.520579196207137 ], [ -0.481493162292163, 51.520582679102219 ], [ -0.481375318859144, 51.520618119277934 ], [ -0.481330344644754, 51.520631654321598 ], [ -0.481325842959636, 51.52063300597132 ], [ -0.481319381571761, 51.520634947295797 ], [ -0.481132316135416, 51.520691221748422 ], [ -0.4811268621708, 51.520692862288804 ], [ -0.481123120263527, 51.520693991777257 ], [ -0.480964771722134, 51.52074162160006 ], [ -0.480939059751329, 51.520749354374061 ], [ -0.480853464185606, 51.520775113699393 ], [ -0.480848747091895, 51.520776527282031 ], [ -0.480393790633835, 51.520913394338614 ], [ -0.480406631642598, 51.520927736983033 ], [ -0.480448357985304, 51.520969363191377 ], [ -0.480454356720939, 51.520975348819796 ], [ -0.480479676127867, 51.521000639343136 ], [ -0.480531885193098, 51.521052720843258 ], [ -0.480545356018945, 51.521066158033037 ], [ -0.480623970638488, 51.521144597065657 ], [ -0.480704240067211, 51.521224685983952 ], [ -0.480721315748564, 51.521241722691258 ], [ -0.48076019860365, 51.52129127901496 ], [ -0.480765052023337, 51.521297465596547 ], [ -0.480774662199359, 51.521309711615785 ], [ -0.480870057813609, 51.521431308361016 ], [ -0.48087460684908, 51.521437113322065 ], [ -0.480942846384582, 51.521524070872651 ], [ -0.481002166039337, 51.5215996995422 ], [ -0.481027235280775, 51.521631658915958 ], [ -0.481085009744087, 51.521710327563333 ], [ -0.481142886385895, 51.521789135989486 ], [ -0.48116482513649, 51.521819013546271 ], [ -0.48119830506829, 51.521864624099955 ], [ -0.4812030130964, 51.521871024593985 ], [ -0.481205089922513, 51.521873848073639 ], [ -0.481216769487476, 51.521889753717176 ], [ -0.481242362540896, 51.521924606328255 ], [ -0.481250067141579, 51.521931963750625 ], [ -0.481269404165792, 51.521961411023142 ], [ -0.481271210564899, 51.521963871310525 ], [ -0.481275401882341, 51.521969599685356 ], [ -0.481278255737817, 51.521973503301723 ], [ -0.481301746601633, 51.522005473645109 ], [ -0.481319872623974, 51.522030162742702 ], [ -0.481339494793736, 51.522056889967949 ], [ -0.481343769582799, 51.522062709344013 ], [ -0.481423762109982, 51.522171647450591 ], [ -0.481520660915656, 51.522303608712043 ], [ -0.481529377381946, 51.522323666297183 ], [ -0.481536527111708, 51.522340124695745 ], [ -0.481571474126971, 51.522420517939693 ], [ -0.481574660769374, 51.52242785188249 ], [ -0.48157732615982, 51.522433956135636 ], [ -0.481580753014087, 51.522441868689889 ], [ -0.481621497269983, 51.52253561847759 ], [ -0.481623163443271, 51.522539695536501 ], [ -0.48162744192866, 51.52255017290198 ], [ -0.481628548108033, 51.522552884886821 ], [ -0.481630440982529, 51.522557513405587 ], [ -0.481649629176958, 51.522604449390116 ], [ -0.481673576031785, 51.522663028948003 ], [ -0.481682721855611, 51.522685349123506 ], [ -0.48168913256331, 51.522701060581994 ], [ -0.481709606605698, 51.522751160479331 ], [ -0.481712925765994, 51.522759278455538 ], [ -0.481721710404671, 51.522780757676784 ], [ -0.481727162074498, 51.522794100758432 ], [ -0.481743503887297, 51.5228340938625 ], [ -0.481744637399465, 51.522836851161372 ], [ -0.481754834529943, 51.522861801675688 ], [ -0.481765045479796, 51.522886770352663 ], [ -0.481767191504608, 51.522892022609419 ], [ -0.481771457130686, 51.52290245484312 ], [ -0.481800489140816, 51.522970020495443 ], [ -0.481808395430097, 51.522988439983877 ], [ -0.481873895674337, 51.523140964050853 ], [ -0.481926433975287, 51.523263259333 ], [ -0.481941190975375, 51.523297602780822 ], [ -0.481943064350959, 51.523301952285216 ], [ -0.481950073833403, 51.523318300940218 ], [ -0.481986356597584, 51.523402775849469 ], [ -0.481993447473647, 51.523419278423638 ], [ -0.482002545957666, 51.523440428981665 ], [ -0.482006572884317, 51.523449806031302 ], [ -0.482010252098421, 51.523458369280881 ], [ -0.482012499325208, 51.523463613852499 ], [ -0.482028620564965, 51.523501149201046 ], [ -0.482038614787923, 51.523524406536652 ], [ -0.482002016437998, 51.523531773707589 ], [ -0.481996792388956, 51.523532821076742 ], [ -0.481884443480881, 51.523555428965352 ], [ -0.481259672944555, 51.523621671251078 ], [ -0.481227795397739, 51.523625045674606 ], [ -0.481216599107534, 51.523626231428921 ], [ -0.481192716488779, 51.523628763468714 ], [ -0.4811884345831, 51.523629220534268 ], [ -0.481176182297842, 51.52363051849067 ], [ -0.481163582717294, 51.523631856906022 ], [ -0.481064696173235, 51.523642341649357 ], [ -0.481018088207274, 51.523647281281207 ], [ -0.481012938510054, 51.52364782600737 ], [ -0.480931858685173, 51.523656432752141 ], [ -0.480909668693213, 51.523658779851701 ], [ -0.48083974251666, 51.52366618227029 ], [ -0.480832726366128, 51.523666936592278 ], [ -0.480554755554418, 51.523696415439098 ], [ -0.480499222410813, 51.523702295733543 ], [ -0.480434763716099, 51.523709130347704 ], [ -0.480428905307021, 51.523709746788739 ], [ -0.480408248240514, 51.523711942815851 ], [ -0.480397312163432, 51.523713104888209 ], [ -0.480344918160561, 51.523718648138306 ], [ -0.480311690582631, 51.523722173857841 ], [ -0.480279648971706, 51.523725580063243 ], [ -0.480255997010577, 51.523800425471315 ], [ -0.480252314549146, 51.523812103516434 ], [ -0.480248584821818, 51.523823902342862 ], [ -0.479612219612308, 51.52380240340792 ], [ -0.479606528418884, 51.523803408639886 ], [ -0.479598273099846, 51.523819514432866 ], [ -0.479588981678281, 51.523819551262228 ], [ -0.479550727712417, 51.52381969794245 ], [ -0.47906471643255, 51.523821493887276 ], [ -0.478784708290473, 51.523800873660591 ], [ -0.478559116386865, 51.523915850672573 ], [ -0.478522963807272, 51.523936638835885 ], [ -0.478511204786468, 51.523942596359568 ], [ -0.478370221963666, 51.523924665583309 ], [ -0.478327060119795, 51.52391917749631 ], [ -0.478310867143439, 51.523918041062004 ], [ -0.478303846909004, 51.523917185580146 ], [ -0.478280173468439, 51.523914297459527 ], [ -0.478275091176371, 51.523913682949832 ], [ -0.478141879531794, 51.523819797073187 ] ] ] } },
{ "type": "Feature", "properties": { "lsoa21cd": "E01002518", "lsoa21nm": "Hillingdon 022C", "msoa21cd": "E02000515", "msoa21nm": "Hillingdon 022", "lad22cd": "E09000017", "lad22nm": "Hillingdon", "index_right": 131, "GSS_CODE": "E05000341", "risk_score": 0.0018472886278953959, "allocation_hours": 0.027499163046003881, "patrol_units": 0 }, "geometry": { "type": "Polygon", "coordinates": [ [ [ -0.476169624319827, 51.531606408422611 ], [ -0.476172035533895, 51.531491474587249 ], [ -0.476172598938629, 51.531464676185344 ], [ -0.476173882158593, 51.53145478707053 ], [ -0.476182163031264, 51.531390686886425 ], [ -0.476182649070521, 51.531386925477172 ], [ -0.476194594083414, 51.531294739958213 ], [ -0.476196185787477, 51.531282477317987 ], [ -0.476196691938227, 51.531278545318422 ], [ -0.476207648011037, 51.531193954333773 ], [ -0.476210019644612, 51.531175605126798 ], [ -0.47621908992501, 51.531105606430934 ], [ -0.476226607066771, 51.531047578629924 ], [ -0.4762520632814, 51.530850832194886 ], [ -0.476252839604489, 51.530844853487331 ], [ -0.476262980566875, 51.530766532941463 ], [ -0.476271253798431, 51.530702697015386 ], [ -0.476275343513528, 51.530671060797026 ], [ -0.476282488920704, 51.530615785162112 ], [ -0.476329980979704, 51.530408871770327 ], [ -0.476352518089994, 51.530311176832733 ], [ -0.476354202374966, 51.530304126368975 ], [ -0.476364172510957, 51.530259839044319 ], [ -0.476355598414064, 51.530256490382698 ], [ -0.476333540838195, 51.530248299470976 ], [ -0.476211561286485, 51.530203029446369 ], [ -0.476195783307973, 51.530197177198069 ], [ -0.476179549910799, 51.530191148174374 ], [ -0.476121657542381, 51.530169659413168 ], [ -0.476099222379812, 51.5301613376567 ], [ -0.475915513784376, 51.530093143832843 ], [ -0.475903651834495, 51.530088745254439 ], [ -0.475769005184647, 51.529893594477628 ], [ -0.475778388112092, 51.5298910683101 ], [ -0.475853422676476, 51.52987085856757 ], [ -0.475865700671736, 51.52986754725832 ], [ -0.475909618402865, 51.529855727162818 ], [ -0.475988754021108, 51.529548270015638 ], [ -0.475989895707186, 51.529543869694123 ], [ -0.476040603998114, 51.529346844663237 ], [ -0.475900568940092, 51.529357954384125 ], [ -0.475900059205483, 51.529331348838802 ], [ -0.475899971848262, 51.529326626799723 ], [ -0.475898147853226, 51.529231034016952 ], [ -0.475897914600225, 51.529219458026844 ], [ -0.4758970650448, 51.529174971575145 ], [ -0.475896898735959, 51.529166570700859 ], [ -0.475895954319137, 51.529117586916854 ], [ -0.475894965174104, 51.529066057759174 ], [ -0.475894814776212, 51.529058043756102 ], [ -0.475893840642183, 51.529006928434178 ], [ -0.475893777300705, 51.529004077084082 ], [ -0.475892860204351, 51.528956433491409 ], [ -0.475892739826171, 51.528950110411607 ], [ -0.475890383598241, 51.528826859695883 ], [ -0.475802117744703, 51.528832797617433 ], [ -0.475794835705805, 51.528833287401689 ], [ -0.475747747866039, 51.528836460691949 ], [ -0.475735914738721, 51.528837250967968 ], [ -0.475682527267218, 51.528840850356055 ], [ -0.475638430493534, 51.528843815221052 ], [ -0.475637567226722, 51.528823481627349 ], [ -0.475628264037493, 51.528603105743052 ], [ -0.475627343143371, 51.528581908147991 ], [ -0.475641567620454, 51.52858073534648 ], [ -0.47570277522317, 51.528575632583426 ], [ -0.475710162295037, 51.528575018280229 ], [ -0.475769952930545, 51.528570040927413 ], [ -0.475774535513863, 51.528569659910822 ], [ -0.475787126585196, 51.528568618714928 ], [ -0.475805139003165, 51.528567117486716 ], [ -0.475861821329593, 51.528562405395931 ], [ -0.475871030022678, 51.528561634929275 ], [ -0.475899320747172, 51.528559278215432 ], [ -0.475905189993701, 51.528558788035909 ], [ -0.475948240287605, 51.5285552069845 ], [ -0.476007054620309, 51.528550324720818 ], [ -0.476162509106014, 51.528537369643054 ], [ -0.47617226715889, 51.5285365523427 ], [ -0.476182588689875, 51.528535697407158 ], [ -0.476200369629063, 51.528534220085021 ], [ -0.476215996921251, 51.528532912586343 ], [ -0.476227373659181, 51.52853197245274 ], [ -0.476237681078763, 51.528531108336679 ], [ -0.476272371194572, 51.528528227764426 ], [ -0.47629567910773, 51.528526278260024 ], [ -0.476319444856431, 51.528524303230753 ], [ -0.476345863333137, 51.5285221064075 ], [ -0.476420536476096, 51.528515887955656 ], [ -0.47651888122085, 51.52850770665097 ], [ -0.476528146626933, 51.528506532221087 ], [ -0.47652802468676, 51.528501980584082 ], [ -0.476525884403689, 51.528420141749919 ], [ -0.476521670535211, 51.528259648183294 ], [ -0.476521439871096, 51.528251012675035 ], [ -0.476520481460852, 51.528214087244628 ], [ -0.476519399317241, 51.528173095732129 ], [ -0.476519297800343, 51.528169227767428 ], [ -0.476517207092283, 51.528089358864541 ], [ -0.476516828955437, 51.528074777596132 ], [ -0.476514431902202, 51.527983358727376 ], [ -0.476511926430557, 51.527887846997636 ], [ -0.476511844141701, 51.527885130284083 ], [ -0.476511363890373, 51.52786669902688 ], [ -0.47651098124879, 51.527851820956819 ], [ -0.476507039848397, 51.527701734890705 ], [ -0.476505701519974, 51.527650497930317 ], [ -0.476505553455926, 51.52764521758499 ], [ -0.476505367840432, 51.527637823584854 ], [ -0.476505290353363, 51.527634963058404 ], [ -0.476504977993484, 51.527622729607806 ], [ -0.476503621054291, 51.527571402482813 ], [ -0.47650351443197, 51.527567255693207 ], [ -0.476503317708322, 51.527559762634368 ], [ -0.476501671835039, 51.527496795847632 ], [ -0.476501325245002, 51.52748386056026 ], [ -0.476501029707261, 51.527472418641501 ], [ -0.476500725161685, 51.527460814746071 ], [ -0.476500120883065, 51.5274383263936 ], [ -0.476499980919186, 51.527432587551253 ], [ -0.476499717817961, 51.527422333024333 ], [ -0.476499437006566, 51.527412177181354 ], [ -0.476499224957575, 51.52740341602307 ], [ -0.47649908680528, 51.527398486502136 ], [ -0.476496667568359, 51.527306437880839 ], [ -0.476496537518534, 51.527301265675796 ], [ -0.47649409906569, 51.527208497427267 ], [ -0.476493989143424, 51.52720444950868 ], [ -0.476492314451862, 51.527140403279702 ], [ -0.476489127269308, 51.527019326843835 ], [ -0.47648902335458, 51.527015530784794 ], [ -0.47648688284191, 51.526933269294148 ], [ -0.476486661340184, 51.526924575453783 ], [ -0.476486481287549, 51.526917662607772 ], [ -0.476482345055543, 51.526760029530045 ], [ -0.476482263963698, 51.526756845237124 ], [ -0.476475242135604, 51.526489182050916 ], [ -0.476500825430657, 51.526488435568034 ], [ -0.476514056854722, 51.526488059049242 ], [ -0.476589708944785, 51.526485886217841 ], [ -0.47660695179084, 51.526485390981449 ], [ -0.476905968628892, 51.526476760352949 ], [ -0.476925924274823, 51.526476183427555 ], [ -0.47705776385125, 51.526472384547951 ], [ -0.477083678839624, 51.526471633256065 ], [ -0.477211636955798, 51.526467945623949 ], [ -0.477227235057276, 51.526467491870307 ], [ -0.477432302745499, 51.526461582201399 ], [ -0.477464840934028, 51.526460633618562 ], [ -0.477484320169579, 51.526460077385401 ], [ -0.477524022206071, 51.526458929608076 ], [ -0.477529569990722, 51.526458776874755 ], [ -0.477549107161156, 51.526458212391269 ], [ -0.477625336733881, 51.526456010424873 ], [ -0.477629751906644, 51.526455887934901 ], [ -0.477653920983506, 51.526455185774836 ], [ -0.477662029845843, 51.526491691534261 ], [ -0.477704070131384, 51.526680804057456 ], [ -0.477705335650871, 51.52668651255842 ], [ -0.477718934518781, 51.526747719259838 ], [ -0.477723259212842, 51.526767162617439 ], [ -0.477737988643606, 51.526766391777485 ], [ -0.477775130569482, 51.526764428339668 ], [ -0.47782375236331, 51.526761876636925 ], [ -0.477931177481397, 51.526756213005889 ], [ -0.47795616019614, 51.526754891896658 ], [ -0.478000710194515, 51.526752539020023 ], [ -0.478118142406242, 51.526746357741281 ], [ -0.478128207774142, 51.526745823027184 ], [ -0.478133233253435, 51.526745555576241 ], [ -0.478144973680823, 51.526744934706471 ], [ -0.478258810184471, 51.52673894039085 ], [ -0.478301338077659, 51.526736705018479 ], [ -0.478314797087514, 51.52673598954793 ], [ -0.478437731102634, 51.52672951969835 ], [ -0.478452359648207, 51.526728747458833 ], [ -0.478482743049944, 51.526727145659571 ], [ -0.478481654807901, 51.526626625715934 ], [ -0.478593307884305, 51.526634225910882 ], [ -0.478605103066491, 51.526636285381358 ], [ -0.478678827180163, 51.526649139115293 ], [ -0.478687512368534, 51.526650654642644 ], [ -0.478716443515942, 51.526651102136789 ], [ -0.478724535979737, 51.526650074167001 ], [ -0.478763632448379, 51.526645258283828 ], [ -0.478980812062125, 51.526648355945099 ], [ -0.478984623648285, 51.526649475486096 ], [ -0.478992689309923, 51.526651846201389 ], [ -0.479021332924181, 51.52665983884004 ], [ -0.479124031939453, 51.526667290847669 ], [ -0.479219177822493, 51.526662833497255 ], [ -0.479229934202381, 51.526662325639997 ], [ -0.479266670538002, 51.526663876912686 ], [ -0.479288876222744, 51.526661966463841 ], [ -0.479320105029459, 51.526662245795094 ], [ -0.479353524326063, 51.526662544548572 ], [ -0.479375641305714, 51.526660700373789 ], [ -0.479503255258226, 51.526650045812424 ], [ -0.479516151439253, 51.526650213129493 ], [ -0.479523341600571, 51.526650306415149 ], [ -0.479536785497085, 51.526648745341525 ], [ -0.479544402143018, 51.526647720134129 ], [ -0.479574038384032, 51.526647340289863 ], [ -0.479602623189053, 51.526644770685195 ], [ -0.479645160728169, 51.526640943331259 ], [ -0.479656004718288, 51.526639968977108 ], [ -0.479667537419963, 51.526639956729639 ], [ -0.479682919158604, 51.526639940460214 ], [ -0.479756015551099, 51.526630107046238 ], [ -0.479785643660212, 51.526629538206826 ], [ -0.479826652555528, 51.526628757297821 ], [ -0.479853471529918, 51.526625103647049 ], [ -0.479861957505008, 51.526623945820091 ], [ -0.47988874735649, 51.526620300775683 ], [ -0.480000196927933, 51.526618437197129 ], [ -0.480014357588595, 51.526619592017212 ], [ -0.480055732466645, 51.526622970170983 ], [ -0.480066816461208, 51.526623878261283 ], [ -0.480081394202494, 51.52662289833907 ], [ -0.480098295854014, 51.526620096161096 ], [ -0.480133635201922, 51.526614250944725 ], [ -0.48015733777449, 51.526612840826999 ], [ -0.480161685740259, 51.526613005120474 ], [ -0.480172238653879, 51.526613411742439 ], [ -0.4802205117661, 51.526615260701746 ], [ -0.480229778219455, 51.526614041031905 ], [ -0.48034181704155, 51.52659924499504 ], [ -0.480355108984489, 51.526597484028819 ], [ -0.480370940234551, 51.526594141888026 ], [ -0.480397137972891, 51.526591176952927 ], [ -0.480401753343634, 51.526590670289863 ], [ -0.480489519755148, 51.526599154911359 ], [ -0.480494006208178, 51.526600355091048 ], [ -0.480509861658453, 51.526602129806747 ], [ -0.480577951624849, 51.526609734285074 ], [ -0.480593401510718, 51.526609835678329 ], [ -0.480638396710178, 51.526610122285966 ], [ -0.480645437775394, 51.526611229688378 ], [ -0.480693033193251, 51.526618712272281 ], [ -0.480915548384214, 51.526605298400753 ], [ -0.480942552700346, 51.526600837605393 ], [ -0.480950198854228, 51.526599574395895 ], [ -0.481013911414861, 51.526608983266804 ], [ -0.481026476646071, 51.526613462383857 ], [ -0.48104331584853, 51.52661946262343 ], [ -0.481058988346757, 51.52662110450671 ], [ -0.481130425992758, 51.52662861267401 ], [ -0.48114472195132, 51.526630034380908 ], [ -0.481164566595476, 51.526628461657438 ], [ -0.481307451401884, 51.526639296570373 ], [ -0.481323836008268, 51.526636001936716 ], [ -0.481430356911539, 51.526614605018118 ], [ -0.48143441405752, 51.526615278051388 ], [ -0.48150903494109, 51.526627629069885 ], [ -0.481523504827863, 51.526633787377101 ], [ -0.481534691074307, 51.526638554306942 ], [ -0.481541160935492, 51.526639933012703 ], [ -0.481624481447468, 51.526657702074417 ], [ -0.48162979165002, 51.526658840945615 ], [ -0.481778624344307, 51.52671620604594 ], [ -0.481785480294676, 51.526712913796366 ], [ -0.481883602230079, 51.526665797876348 ], [ -0.481895298098146, 51.526657415785941 ], [ -0.481900493908875, 51.526651161575366 ], [ -0.481919939995903, 51.526627772982117 ], [ -0.48193680639474, 51.526624727293139 ], [ -0.482043341100092, 51.526605506108773 ], [ -0.4820509837607, 51.526604130379781 ], [ -0.482366474445902, 51.526641946081241 ], [ -0.482388485352698, 51.526644587071942 ], [ -0.482490276099271, 51.52648194141689 ], [ -0.48249498118728, 51.526474835558865 ], [ -0.482578235357304, 51.52649416772681 ], [ -0.482620849522618, 51.526504062381726 ], [ -0.482626314988598, 51.526497065277766 ], [ -0.48263456600785, 51.526486498367596 ], [ -0.482668036458924, 51.526443643274057 ], [ -0.483557403688297, 51.526346906638928 ], [ -0.483616082274404, 51.526381350682513 ], [ -0.48362862414388, 51.526388706722251 ], [ -0.483658420259008, 51.526410835389093 ], [ -0.483670520132931, 51.526421081193554 ], [ -0.484220469973485, 51.526886878593722 ], [ -0.484223652774882, 51.526889572458501 ], [ -0.484297552424019, 51.526971395089681 ], [ -0.484344881873363, 51.527023793276882 ], [ -0.484429307675969, 51.527122900078133 ], [ -0.484670295119975, 51.527405763601713 ], [ -0.484696878909429, 51.527436968552877 ], [ -0.484566528689844, 51.527473553858606 ], [ -0.484564936015103, 51.527511084680874 ], [ -0.484555262170708, 51.527737643892365 ], [ -0.48454306111122, 51.528804693486308 ], [ -0.484512200010305, 51.528882045431537 ], [ -0.484506255622081, 51.528896949559723 ], [ -0.484496083239751, 51.528910674988538 ], [ -0.484490831520829, 51.528917746878669 ], [ -0.48446196624028, 51.528943046318332 ], [ -0.484454557381503, 51.52897122197038 ], [ -0.484453593166084, 51.529000245300402 ], [ -0.484453345019963, 51.529007714605825 ], [ -0.484450974039811, 51.529079081975866 ], [ -0.484447689291097, 51.529177953645622 ], [ -0.484446793447412, 51.529204918646144 ], [ -0.484436309191601, 51.529219350419432 ], [ -0.484401473271743, 51.529267277922777 ], [ -0.484377433258746, 51.529285751721112 ], [ -0.48429791579322, 51.529346868387194 ], [ -0.484260748431578, 51.529385557687149 ], [ -0.484244411978769, 51.529402566450408 ], [ -0.484237676050248, 51.529409051724848 ], [ -0.484235970863614, 51.529385875667614 ], [ -0.484218004256413, 51.529334801419417 ], [ -0.48406226656833, 51.529310935978629 ], [ -0.484047046744163, 51.529307789665005 ], [ -0.484029225959718, 51.529304825517215 ], [ -0.484022412734644, 51.529304656454393 ], [ -0.484017255759468, 51.529304535792441 ], [ -0.483976274943296, 51.52930353807713 ], [ -0.483936101026653, 51.529300383666843 ], [ -0.483932500124355, 51.52929725276131 ], [ -0.483911638434095, 51.529279079424114 ], [ -0.483872030660404, 51.529244576531219 ], [ -0.483865599911692, 51.529238972129214 ], [ -0.483799030968583, 51.529198922923925 ], [ -0.483782254395088, 51.529188832444959 ], [ -0.483530537773399, 51.529194369915537 ], [ -0.483445161214569, 51.529196232551996 ], [ -0.483413119412754, 51.529196941933698 ], [ -0.483336946839805, 51.529198608871262 ], [ -0.483313077182206, 51.529226256695686 ], [ -0.483181883003536, 51.529271569947497 ], [ -0.483172024428357, 51.529274976282359 ], [ -0.483050314700089, 51.529228844618054 ], [ -0.483030810398579, 51.529221452351401 ], [ -0.482810882895418, 51.529138071284187 ], [ -0.482722637017358, 51.529104624361423 ], [ -0.482718068064396, 51.529104812493792 ], [ -0.482610191855387, 51.529124115832346 ], [ -0.482591433063717, 51.529127469826484 ], [ -0.482552374777378, 51.529136073194131 ], [ -0.48254753863875, 51.529137359404281 ], [ -0.482402142118538, 51.5291779648146 ], [ -0.482392691592015, 51.529181021176292 ], [ -0.482378706415549, 51.529186051051411 ], [ -0.482206286088719, 51.529248552958599 ], [ -0.482208235261676, 51.529052602292552 ], [ -0.482211204940327, 51.528754477521119 ], [ -0.482155260293763, 51.528752628939877 ], [ -0.482131356692138, 51.528737086568391 ], [ -0.482127038805887, 51.528734279032065 ], [ -0.482089001435749, 51.528684257356993 ], [ -0.482026456529005, 51.528660463197525 ], [ -0.481901275292359, 51.528585950957812 ], [ -0.481866102623462, 51.528561189428586 ], [ -0.481795672730423, 51.528511611289538 ], [ -0.481781685423791, 51.528501763477117 ], [ -0.481756738607687, 51.528481621493619 ], [ -0.481741197448234, 51.528469082863793 ], [ -0.481662163805358, 51.528386081588273 ], [ -0.481614338691515, 51.528400604826821 ], [ -0.481597390330074, 51.528405227537611 ], [ -0.481581548318986, 51.528409527372958 ], [ -0.481474119920989, 51.528467600829366 ], [ -0.481253550568915, 51.528493328816694 ], [ -0.481236487624012, 51.528495328765082 ], [ -0.481243247806376, 51.528530000360881 ], [ -0.481239616795138, 51.528542938037177 ], [ -0.481236923927333, 51.528623832907819 ], [ -0.481263349785964, 51.528696112938931 ], [ -0.481279944965396, 51.5287415137838 ], [ -0.481289775721695, 51.528768392964196 ], [ -0.481308829467584, 51.528820488882161 ], [ -0.481316201734526, 51.528840672983627 ], [ -0.481337255061685, 51.528875574752831 ], [ -0.481343539808006, 51.52888598822701 ], [ -0.481357935220295, 51.528886174768701 ], [ -0.481406925797161, 51.528938433792916 ], [ -0.481409497175046, 51.52894217189737 ], [ -0.481428254369284, 51.528969400529924 ], [ -0.481438461424908, 51.528972850910279 ], [ -0.48144203601236, 51.528975900621965 ], [ -0.48145455218133, 51.528989236368211 ], [ -0.481460287699443, 51.528995362434024 ], [ -0.481453062322815, 51.529005412008111 ], [ -0.481450371715634, 51.529009153866689 ], [ -0.481390631072127, 51.529092321906347 ], [ -0.48138723028015, 51.52909704370235 ], [ -0.481357133043152, 51.529180955530158 ], [ -0.481353875630661, 51.529190031405783 ], [ -0.481322894929743, 51.529229888001645 ], [ -0.481318301841777, 51.529233182570295 ], [ -0.48130724012451, 51.529241114216077 ], [ -0.481299013328538, 51.529247032377604 ], [ -0.481310852462951, 51.529272912469942 ], [ -0.481318177192954, 51.529288896598473 ], [ -0.481323696181708, 51.529353064486259 ], [ -0.48132339146919, 51.529355722227443 ], [ -0.481323047165519, 51.52935870317458 ], [ -0.481297141252304, 51.52940590920312 ], [ -0.481294517071187, 51.529410686021201 ], [ -0.481290856465911, 51.529427975536315 ], [ -0.481287214334611, 51.529438647034965 ], [ -0.481269000361799, 51.529492103397459 ], [ -0.481266300268895, 51.529500026499399 ], [ -0.481268732428108, 51.529546273405025 ], [ -0.481249993482397, 51.529578038282118 ], [ -0.481246316729502, 51.529588016931555 ], [ -0.481234860885602, 51.529619044411611 ], [ -0.481232024757999, 51.529626722960423 ], [ -0.481160518457897, 51.529694325776859 ], [ -0.481141227485576, 51.529712572708803 ], [ -0.481130842289608, 51.529728758947989 ], [ -0.481121309349644, 51.529741862916765 ], [ -0.481091199764725, 51.529783250419207 ], [ -0.48108828386357, 51.529786395864264 ], [ -0.481067425428854, 51.529808853296174 ], [ -0.481062177309596, 51.529814499815949 ], [ -0.481059596174611, 51.529817982310348 ], [ -0.480977916725519, 51.529836931277671 ], [ -0.480947822637172, 51.529841477921906 ], [ -0.480889358225291, 51.529850323765366 ], [ -0.480857540039635, 51.529855126796122 ], [ -0.480745378087469, 51.529858461175316 ], [ -0.480677352872849, 51.529869336601301 ], [ -0.480651219469093, 51.529871398717304 ], [ -0.48061811913584, 51.529874008949726 ], [ -0.480605933993123, 51.529874974997391 ], [ -0.480471315947871, 51.529867132922938 ], [ -0.48046027514978, 51.529867502323661 ], [ -0.480409776038117, 51.529869194504585 ], [ -0.480399052860387, 51.529869550033553 ], [ -0.480323164943447, 51.529866097649823 ], [ -0.480264890142449, 51.529870112335985 ], [ -0.480251943354413, 51.529871005524747 ], [ -0.480240565403449, 51.529874571754021 ], [ -0.480234450204111, 51.529875517562999 ], [ -0.480120652216232, 51.529893123222244 ], [ -0.48010604537406, 51.52989537966382 ], [ -0.479925534404323, 51.529908046449037 ], [ -0.479919368837839, 51.529908123841487 ], [ -0.479823228853334, 51.529906530608891 ], [ -0.479681002088866, 51.529891673933001 ], [ -0.479662312039748, 51.529889704970863 ], [ -0.479544553223457, 51.529860256485357 ], [ -0.479516832622021, 51.52985089565334 ], [ -0.479496521468969, 51.529840902579004 ], [ -0.479491302821861, 51.529839602940335 ], [ -0.479389672411701, 51.529814374070817 ], [ -0.479242133663072, 51.529866772502182 ], [ -0.47923069563266, 51.529870841416802 ], [ -0.479108353796567, 51.529895636886728 ], [ -0.479098803331169, 51.529897572157587 ], [ -0.479066950674903, 51.5299687051807 ], [ -0.478680471618749, 51.530278429168931 ], [ -0.478684080745616, 51.530299032176003 ], [ -0.478687111324268, 51.530313638871228 ], [ -0.478695977211413, 51.530316240301701 ], [ -0.478960594708229, 51.530311820329395 ], [ -0.478964115555007, 51.530397345824561 ], [ -0.478968254676673, 51.530398595506931 ], [ -0.478965585219608, 51.5304328301129 ], [ -0.478966315857386, 51.530450698093276 ], [ -0.47897521424173, 51.530666815074675 ], [ -0.478982403936613, 51.530841213069998 ], [ -0.478986963362726, 51.530951804287483 ], [ -0.478992843681841, 51.531094559736914 ], [ -0.478996911254509, 51.531193526652551 ], [ -0.478997353237671, 51.531204053254712 ], [ -0.47900687090568, 51.531434898464511 ], [ -0.479008401990572, 51.531472433763504 ], [ -0.479006903718763, 51.531517375281688 ], [ -0.478991516794819, 51.531526581417147 ], [ -0.478962772945986, 51.531543779106237 ], [ -0.478958157138435, 51.531545148957434 ], [ -0.478933652072761, 51.531552393343141 ], [ -0.478835506757852, 51.531553597724006 ], [ -0.47883343066924, 51.531553556389241 ], [ -0.478724873939324, 51.53155479099491 ], [ -0.478665901025133, 51.531555464217476 ], [ -0.478659627317175, 51.531555535643889 ], [ -0.478524749348946, 51.531557084806991 ], [ -0.47850819248749, 51.531557274505523 ], [ -0.478474170296811, 51.531557660085433 ], [ -0.478436080718531, 51.531558100754033 ], [ -0.478385602539296, 51.531558677303941 ], [ -0.478306279470561, 51.53155958968722 ], [ -0.47828464587878, 51.531559839326825 ], [ -0.478234167697281, 51.531560415811498 ], [ -0.478183689215222, 51.531561001262716 ], [ -0.478176478217586, 51.531561078476635 ], [ -0.47813560529093, 51.531561545849925 ], [ -0.478061575104926, 51.53156240090911 ], [ -0.478020918635743, 51.531562862061243 ], [ -0.477978430220557, 51.531563353360724 ], [ -0.477926509774881, 51.53156394695084 ], [ -0.477856749020615, 51.531564740431641 ], [ -0.47773397141106, 51.531566149103575 ], [ -0.477556316773183, 51.531568184603827 ], [ -0.477487277141209, 51.531568969248355 ], [ -0.477462571686735, 51.531569250766218 ], [ -0.477434050135472, 51.531559897023577 ], [ -0.47742083934353, 51.531523756619961 ], [ -0.477420786973299, 51.531509341454431 ], [ -0.477402609951829, 51.531523519784358 ], [ -0.477381857086364, 51.531539714865517 ], [ -0.477378756210131, 51.531543208509973 ], [ -0.477367807971572, 51.531550295990307 ], [ -0.477242514536173, 51.531631405234371 ], [ -0.477235500589072, 51.531635945078357 ], [ -0.477371506058341, 51.531830010219458 ], [ -0.477268807112793, 51.531860463278932 ], [ -0.477264818686935, 51.531861607418136 ], [ -0.477238312386772, 51.531978907865067 ], [ -0.477237077410141, 51.531984377055728 ], [ -0.477306394646631, 51.532134779193044 ], [ -0.477308341146022, 51.532139006534919 ], [ -0.477302400344327, 51.532140332128854 ], [ -0.477227213113323, 51.53214170216777 ], [ -0.477154492199951, 51.532142178010417 ], [ -0.476995308207681, 51.532143211748391 ], [ -0.476931787364284, 51.532143627168267 ], [ -0.47683851820109, 51.532144222431377 ], [ -0.476799338637546, 51.532144477550546 ], [ -0.476790600010579, 51.532144534824411 ], [ -0.476765775669001, 51.532144697751946 ], [ -0.476630055687542, 51.532144857987127 ], [ -0.476622956020578, 51.532147643202499 ], [ -0.476618383928164, 51.532149427170602 ], [ -0.476551382775229, 51.532296603670829 ], [ -0.476652739684891, 51.532493573301842 ], [ -0.476552313028693, 51.532492618566422 ], [ -0.476436425776222, 51.532509096441835 ], [ -0.476384304848108, 51.532534010621575 ], [ -0.476363170767061, 51.532544112850658 ], [ -0.476334348997159, 51.532543738138472 ], [ -0.476164393963012, 51.532549090840028 ], [ -0.476164249281706, 51.532539609390447 ], [ -0.476160212688077, 51.532275853687125 ], [ -0.476160106987197, 51.532269521809589 ], [ -0.476158288115034, 51.532149587278596 ], [ -0.476158370061868, 51.532145406974777 ], [ -0.476158618008064, 51.532134098021004 ], [ -0.476158736576874, 51.532128389520707 ], [ -0.476160805372413, 51.532029322462151 ], [ -0.476161075227731, 51.532016494112554 ], [ -0.47616168667718, 51.531986962711159 ], [ -0.476162663433842, 51.531940018182866 ], [ -0.476163158716231, 51.531916555000556 ], [ -0.476163701423095, 51.531890376792667 ], [ -0.476163793574959, 51.531885890886819 ], [ -0.476165898659639, 51.531785304615653 ], [ -0.476165975502915, 51.531781708737753 ], [ -0.476167483243303, 51.531709799792836 ], [ -0.476169434917928, 51.531615964660951 ], [ -0.476169624319827, 51.531606408422611 ] ] ] } },
{ "type": "Feature", "properties": { "lsoa21cd": "E01034602", "lsoa21nm": "Hillingdon 015H", "msoa21cd": "E02000508", "msoa21nm": "Hillingdon 015", "lad22cd": "E09000017", "lad22nm": "Hillingdon", "index_right": 131, "GSS_CODE": "E05000341", "risk_score": 4.8868890763839543, "allocation_hours": 72.747353862250563, "patrol_units": 36 }, "geometry": { "type": "Polygon", "coordinates": [ [ [ -0.475476105633143, 51.54848587972208 ], [ -0.47525365398055, 51.548322385269408 ], [ -0.475245126399563, 51.548325088952637 ], [ -0.475228342502305, 51.548328422631798 ], [ -0.475165787682749, 51.548340629919025 ], [ -0.475080973316525, 51.548359903345563 ], [ -0.474631149051355, 51.548462085254819 ], [ -0.474619595191807, 51.548464713553585 ], [ -0.474133712822244, 51.548407441187052 ], [ -0.474113809861216, 51.548366501154099 ], [ -0.474066889157493, 51.548240376447218 ], [ -0.474043127530033, 51.548158741130571 ], [ -0.473990259323217, 51.547977209552549 ], [ -0.473972798867409, 51.547908119509643 ], [ -0.473900631262712, 51.547924004735236 ], [ -0.473858481636179, 51.547933275667113 ], [ -0.473325601213814, 51.548021647382733 ], [ -0.473104344134242, 51.548058341202569 ], [ -0.472896412409494, 51.548068788874282 ], [ -0.472319221012755, 51.548097814424452 ], [ -0.47231416482494, 51.54809806327475 ], [ -0.472251957035175, 51.548101191340407 ], [ -0.471843793190979, 51.548095872264064 ], [ -0.471705445960776, 51.548094069039244 ], [ -0.47138097796113, 51.548089839266041 ], [ -0.471300507176633, 51.548088790107762 ], [ -0.47129556862, 51.548114776337925 ], [ -0.471267181571326, 51.548111016132843 ], [ -0.471089796198219, 51.54808748141209 ], [ -0.4706975501915, 51.548035444211592 ], [ -0.470665675589508, 51.548046223842654 ], [ -0.470569917564135, 51.548018510511504 ], [ -0.470210539004464, 51.547914500597251 ], [ -0.470195056965244, 51.547910020069516 ], [ -0.470195988114226, 51.547907199651299 ], [ -0.470273327144089, 51.547674931046643 ], [ -0.470283848452842, 51.547643334569194 ], [ -0.47049386777444, 51.547628656439535 ], [ -0.470521488390054, 51.54762558889405 ], [ -0.470566248849161, 51.547620617351114 ], [ -0.470595977121839, 51.547620928703154 ], [ -0.47079510515263, 51.547608037709921 ], [ -0.470826339474531, 51.547606016266819 ], [ -0.470877423828292, 51.547612014931765 ], [ -0.470998727715883, 51.547626258019321 ], [ -0.471084922350863, 51.547636365318098 ], [ -0.471141681889299, 51.547664082279205 ], [ -0.471146136194149, 51.547668447661366 ], [ -0.47116960952511, 51.547691423266897 ], [ -0.471183121199219, 51.547718576275678 ], [ -0.471199044369148, 51.54767382252269 ], [ -0.471245607984106, 51.547575514630047 ], [ -0.471246915819574, 51.547571995919789 ], [ -0.471266083502123, 51.54752058701547 ], [ -0.471307208928536, 51.547410257459106 ], [ -0.47130899857548, 51.547405487910027 ], [ -0.471311325881435, 51.547400167849915 ], [ -0.471323698723, 51.547371823655126 ], [ -0.471330071691305, 51.547357249337082 ], [ -0.471333634295117, 51.547349067854221 ], [ -0.471340248786685, 51.547333957148098 ], [ -0.471351516545288, 51.547314267096205 ], [ -0.471355561643254, 51.547307179968776 ], [ -0.471358854197831, 51.547301890477094 ], [ -0.471397469348052, 51.547239744743962 ], [ -0.471416540325643, 51.54720905995228 ], [ -0.471474527588879, 51.547135629665021 ], [ -0.471517407933258, 51.547037453497325 ], [ -0.471518766979191, 51.547034341902659 ], [ -0.471519025252152, 51.547027628039743 ], [ -0.471521973523019, 51.546951178177984 ], [ -0.471519867696194, 51.546906018493232 ], [ -0.471518751418021, 51.546882102471685 ], [ -0.471517685267674, 51.546872822032469 ], [ -0.471516305245518, 51.546869031781966 ], [ -0.471505078177621, 51.546840843006294 ], [ -0.471327729800795, 51.546747109957664 ], [ -0.471223049993945, 51.5466917833172 ], [ -0.471162687269828, 51.546735378505623 ], [ -0.470966144359172, 51.546877324984088 ], [ -0.470764647146201, 51.547022853794253 ], [ -0.470759578183891, 51.547025206602498 ], [ -0.47063294285558, 51.547083955958648 ], [ -0.470625266256289, 51.547087515681341 ], [ -0.470601438146533, 51.547096197139666 ], [ -0.470552073538619, 51.547114185200613 ], [ -0.470537655497581, 51.54711943744811 ], [ -0.470526067378003, 51.547122660184677 ], [ -0.470437809755911, 51.547147206965832 ], [ -0.470424434607251, 51.547142653237223 ], [ -0.470009547788503, 51.547001672356565 ], [ -0.470007117982294, 51.547000846630716 ], [ -0.469933024659157, 51.546975666220348 ], [ -0.469622113362494, 51.546870004616821 ], [ -0.46935560686433, 51.546779435426721 ], [ -0.469558925291504, 51.546672640935192 ], [ -0.46981984413573, 51.546535590685366 ], [ -0.4698250263695, 51.546532870712433 ], [ -0.469822780423752, 51.546515998858915 ], [ -0.469807586158185, 51.546515377918304 ], [ -0.469421262208303, 51.546499616464715 ], [ -0.469321095543387, 51.546427955874002 ], [ -0.469280426403662, 51.546398862728005 ], [ -0.469147363868598, 51.54622383513933 ], [ -0.4691423222594, 51.546217213936998 ], [ -0.469143831472331, 51.546172272229533 ], [ -0.469189004328818, 51.546170011490339 ], [ -0.469586154553502, 51.546150161752621 ], [ -0.469772724946359, 51.546140835051546 ], [ -0.469761984039588, 51.546060393792558 ], [ -0.46975743223145, 51.546026289606026 ], [ -0.469762533010515, 51.545969282170276 ], [ -0.469772285341597, 51.545938251200091 ], [ -0.469772035902275, 51.545916037009214 ], [ -0.469783736139746, 51.545861345792048 ], [ -0.469782984854323, 51.545852793319042 ], [ -0.469789733072286, 51.545813729000258 ], [ -0.469801624484001, 51.545782986722188 ], [ -0.469785896041916, 51.545684001226171 ], [ -0.469802643794567, 51.545649932240849 ], [ -0.46980024538959, 51.545609246831688 ], [ -0.469810416077252, 51.545555866505232 ], [ -0.469828653509526, 51.545514793986712 ], [ -0.469823021117508, 51.545492689385327 ], [ -0.469823005520408, 51.545459210915844 ], [ -0.46982298569688, 51.545439607482244 ], [ -0.469822959059612, 51.545401731642421 ], [ -0.46983925205175, 51.545379058930408 ], [ -0.469846986106785, 51.545306322384356 ], [ -0.469868039063099, 51.545250107633493 ], [ -0.46986693672898, 51.545247287654746 ], [ -0.46986235182086, 51.545205446975402 ], [ -0.469861725959851, 51.545199731405603 ], [ -0.469878885855046, 51.545112770687687 ], [ -0.469912095826985, 51.544999195455524 ], [ -0.469927053445519, 51.544976343443437 ], [ -0.469926748231723, 51.544972976346536 ], [ -0.469924498355694, 51.544948487975724 ], [ -0.469932947996604, 51.544914580444392 ], [ -0.469925256822175, 51.544879482105564 ], [ -0.469930258646461, 51.544846896404643 ], [ -0.469927324149657, 51.544833783328436 ], [ -0.469932281041104, 51.544800387735414 ], [ -0.469943381064549, 51.544779463679333 ], [ -0.469946872259864, 51.544751066651195 ], [ -0.469678033322081, 51.544605326894533 ], [ -0.469587753346602, 51.544556394021654 ], [ -0.469578548437627, 51.544551405440842 ], [ -0.469557228358606, 51.544556036019479 ], [ -0.469544104488952, 51.544558887007149 ], [ -0.469548157701277, 51.544535879205576 ], [ -0.469586931061205, 51.544315613083228 ], [ -0.469587921772207, 51.54430998605504 ], [ -0.469597084347929, 51.544257851496774 ], [ -0.469609913336039, 51.544184992620629 ], [ -0.46963241753408, 51.544057182295447 ], [ -0.46963773159715, 51.544026983632435 ], [ -0.469665704838019, 51.543868045957602 ], [ -0.469668858903512, 51.54385012503954 ], [ -0.469680743318024, 51.543731159372122 ], [ -0.469686385958626, 51.54367467155415 ], [ -0.469719732403538, 51.543340900455547 ], [ -0.469762025733868, 51.542917564252335 ], [ -0.469771285873091, 51.542824868545168 ], [ -0.469776488721894, 51.542772797383357 ], [ -0.469777421675888, 51.542763475567931 ], [ -0.469978920889956, 51.542775097760298 ], [ -0.469983738038771, 51.542775207387905 ], [ -0.470188277612408, 51.542779855815176 ], [ -0.470212393663251, 51.542780403404393 ], [ -0.470743743473241, 51.542792477487048 ], [ -0.471394820961366, 51.542807267625101 ], [ -0.471420336201144, 51.542807847596833 ], [ -0.471639702293848, 51.542812829780956 ], [ -0.471837770924549, 51.542817327121917 ], [ -0.471932709092686, 51.542830461386373 ], [ -0.471981297851944, 51.542837182463401 ], [ -0.472072541556837, 51.542956050047692 ], [ -0.472348205926978, 51.543315168378079 ], [ -0.472489980653583, 51.543499861076263 ], [ -0.472661072570774, 51.543722750747463 ], [ -0.472686291760673, 51.543755605259349 ], [ -0.472726847834461, 51.543808432679988 ], [ -0.4727743840588, 51.543797101193483 ], [ -0.472801178773392, 51.543790714122458 ], [ -0.472974632114426, 51.543749361837307 ], [ -0.473218088766662, 51.543664039619401 ], [ -0.473241173272326, 51.54365595944418 ], [ -0.473237407592347, 51.543653860165605 ], [ -0.473210083134883, 51.543608542940035 ], [ -0.473195969462735, 51.54359936685988 ], [ -0.473182457754696, 51.543572214064589 ], [ -0.473183962647259, 51.543527272280706 ], [ -0.473184865731341, 51.543500302716041 ], [ -0.473200182966361, 51.543473534358334 ], [ -0.473211497121875, 51.543456924596491 ], [ -0.473221447290544, 51.543442288859694 ], [ -0.473351857099276, 51.543506411493816 ], [ -0.473528243502711, 51.543564865001215 ], [ -0.473532764797445, 51.543566362633996 ], [ -0.473580077915537, 51.543606913350722 ], [ -0.473633123638715, 51.543652412495547 ], [ -0.473700977099817, 51.543705316199592 ], [ -0.473713934976677, 51.543715421359039 ], [ -0.473780359062207, 51.543755456445076 ], [ -0.473787610596594, 51.543759831169062 ], [ -0.473889755949836, 51.543821400106275 ], [ -0.474031077863732, 51.543894341544437 ], [ -0.474093038593888, 51.543925991505155 ], [ -0.474099078515853, 51.543929082528784 ], [ -0.474112746647045, 51.543936067574911 ], [ -0.474128995257424, 51.54394437209973 ], [ -0.474187436381872, 51.543970018819422 ], [ -0.474202544085257, 51.54397664941078 ], [ -0.474239751724728, 51.543992987020403 ], [ -0.474336168414626, 51.544035300480395 ], [ -0.474340176246115, 51.544037061167359 ], [ -0.474351958299842, 51.544042232178221 ], [ -0.474370974337317, 51.544050581673623 ], [ -0.474433979718594, 51.544078220100623 ], [ -0.474438156508076, 51.54408006031624 ], [ -0.474635708925452, 51.544166771477251 ], [ -0.474649281461579, 51.54417273908814 ], [ -0.474689304190293, 51.544190291164192 ], [ -0.474697853101507, 51.5441940397614 ], [ -0.474792344681307, 51.544235513987765 ], [ -0.474806159006188, 51.544241583640442 ], [ -0.474832182237198, 51.544253000658649 ], [ -0.474842471891583, 51.544257522744999 ], [ -0.47497875566227, 51.544317340681822 ], [ -0.47502542984059, 51.544337820717381 ], [ -0.475115864452289, 51.544377510892183 ], [ -0.475135861586868, 51.544386286664754 ], [ -0.475284845754073, 51.544445406162588 ], [ -0.475361505810359, 51.544471764907705 ], [ -0.47610882891034, 51.544724385581219 ], [ -0.47638261203132, 51.544816733538099 ], [ -0.476396986252031, 51.544821596318172 ], [ -0.476530917962991, 51.544866895291918 ], [ -0.476539915986238, 51.544869943693996 ], [ -0.47659922422892, 51.544890002758137 ], [ -0.476907388207435, 51.544994234355151 ], [ -0.476932240894307, 51.54500359444318 ], [ -0.476948690132698, 51.545009805973294 ], [ -0.477052669742008, 51.545049059097579 ], [ -0.477087064173091, 51.545062032096183 ], [ -0.477121401564541, 51.545074986359012 ], [ -0.477534874783321, 51.545231012726319 ], [ -0.477570366271993, 51.545244395485028 ], [ -0.477646005781128, 51.545272938955499 ], [ -0.477710280356968, 51.545297189378921 ], [ -0.47777794917636, 51.545320854377294 ], [ -0.478139259738312, 51.545447201239853 ], [ -0.478166558678612, 51.545458683513687 ], [ -0.47828486386418, 51.545508440084951 ], [ -0.478335448682143, 51.545529796810499 ], [ -0.478383344614084, 51.545553942186174 ], [ -0.478451380474633, 51.545588240401614 ], [ -0.478569450406647, 51.545656090547475 ], [ -0.478660675847527, 51.545715481221023 ], [ -0.478757886232154, 51.545778771185873 ], [ -0.47880812172954, 51.545811480391407 ], [ -0.478855280702106, 51.545842171361663 ], [ -0.479107331298902, 51.546027147830081 ], [ -0.479276257720455, 51.546151121181424 ], [ -0.479405412735574, 51.546241702776072 ], [ -0.479415277041426, 51.546248628856951 ], [ -0.479494802108185, 51.546305018353607 ], [ -0.479403523799625, 51.546351114049237 ], [ -0.478645806416088, 51.546633209117978 ], [ -0.478632225591587, 51.546638257396971 ], [ -0.478631951494807, 51.546646472764813 ], [ -0.478618345571622, 51.546722298784779 ], [ -0.478614237001083, 51.546745157746734 ], [ -0.478612737539598, 51.546790099582566 ], [ -0.478617051208116, 51.546828525524077 ], [ -0.478623854183264, 51.546889167667743 ], [ -0.478722665800252, 51.546953386615094 ], [ -0.478842285481286, 51.547057908972803 ], [ -0.479050598696272, 51.547239917055592 ], [ -0.47925053272106, 51.547414622255872 ], [ -0.479257805962559, 51.547420975203167 ], [ -0.479297226753023, 51.547455423273732 ], [ -0.47923209162208, 51.547470692572674 ], [ -0.479224547680489, 51.547472456119984 ], [ -0.478965088202729, 51.547608767193012 ], [ -0.478740124082992, 51.547726956270573 ], [ -0.478644295468956, 51.547774711690217 ], [ -0.478386790818536, 51.547902899899647 ], [ -0.477893949924917, 51.548148304149336 ], [ -0.477700120671293, 51.548244819476537 ], [ -0.477596165733969, 51.548296587009432 ], [ -0.477508467491879, 51.548331426302298 ], [ -0.477452809741763, 51.548347878784405 ], [ -0.47742629902877, 51.548355717481414 ], [ -0.477393451800844, 51.548365434199006 ], [ -0.477377220482682, 51.548374683274126 ], [ -0.47734808779789, 51.548383297207707 ], [ -0.477334504529479, 51.548391420664281 ], [ -0.477279376716347, 51.548424389736113 ], [ -0.477245072634563, 51.548444905181107 ], [ -0.477229040347325, 51.548452079609255 ], [ -0.47712794109922, 51.548497337460752 ], [ -0.477107017759604, 51.548505644316769 ], [ -0.476984846153198, 51.548554162306885 ], [ -0.476976149247261, 51.548557619265551 ], [ -0.476952543824621, 51.548566988311286 ], [ -0.476946522629986, 51.54856914017784 ], [ -0.47687956112691, 51.548593026034801 ], [ -0.476828782743426, 51.548610620682695 ], [ -0.476704448664402, 51.548653696953963 ], [ -0.476685244019104, 51.548662142964751 ], [ -0.476595690920752, 51.548701516568293 ], [ -0.476458667508028, 51.548761764793504 ], [ -0.476370182618224, 51.548800666527164 ], [ -0.476274202821706, 51.548842869870974 ], [ -0.476154246436644, 51.548895606197078 ], [ -0.476148230258793, 51.548898252663108 ], [ -0.476102355189321, 51.548918428562509 ], [ -0.476078759285207, 51.548928795701116 ], [ -0.475651148834446, 51.548614523843206 ], [ -0.475476105633143, 51.54848587972208 ] ] ] } },
{ "type": "Feature", "properties": { "lsoa21cd": "E01002514", "lsoa21nm": "Hillingdon 015C", "msoa21cd": "E02000508", "msoa21nm": "Hillingdon 015", "lad22cd": "E09000017", "lad22nm": "Hillingdon", "index_right": 131, "GSS_CODE": "E05000341", "risk_score": 0.0032239996014865272, "allocation_hours": 0.047993198985118113, "patrol_units": 0 }, "geometry": { "type": "Polygon", "coordinates": [ [ [ -0.476635521338388, 51.554673080077769 ], [ -0.476663121319161, 51.554603389143622 ], [ -0.476664618070259, 51.554599604873701 ], [ -0.47670059281489, 51.554551244387184 ], [ -0.476703567728225, 51.554547254512649 ], [ -0.476718319279281, 51.554515442789061 ], [ -0.476723780228982, 51.554507416223544 ], [ -0.476710658536577, 51.554502960973885 ], [ -0.47673752981643, 51.554474076291299 ], [ -0.476738721770939, 51.554466461867129 ], [ -0.476724789670817, 51.554416315560623 ], [ -0.476724151171584, 51.554412975645057 ], [ -0.476467489601163, 51.554152863654089 ], [ -0.476464071281409, 51.554149402194149 ], [ -0.476478227554716, 51.554122456553749 ], [ -0.476481431029201, 51.554116374464265 ], [ -0.476489969187223, 51.553996816774436 ], [ -0.476484703508348, 51.553986479233075 ], [ -0.476410129819827, 51.553839696793332 ], [ -0.476414614109825, 51.553837803742717 ], [ -0.476462067459764, 51.553826869765217 ], [ -0.476619610102046, 51.553778056461148 ], [ -0.476708518903227, 51.553750490264427 ], [ -0.476722350800315, 51.553746200805932 ], [ -0.476811090327068, 51.553676629621165 ], [ -0.476827006910314, 51.553660884150254 ], [ -0.476839432891139, 51.553648591314918 ], [ -0.476841655623793, 51.553646390113201 ], [ -0.476860949140117, 51.553621525417938 ], [ -0.476864986115686, 51.553618556464805 ], [ -0.476889503822359, 51.553600521780268 ], [ -0.476914244885106, 51.553576663026 ], [ -0.476952920596972, 51.553539389001834 ], [ -0.476961385865994, 51.553531235090794 ], [ -0.476997471260394, 51.553472184193751 ], [ -0.477007469586426, 51.553447495493124 ], [ -0.477009577198408, 51.553442262411281 ], [ -0.477016809516071, 51.553424380873274 ], [ -0.477018176384434, 51.553418005149489 ], [ -0.477019250525001, 51.553373318718457 ], [ -0.477020312045826, 51.553328578169804 ], [ -0.477024485562971, 51.55332108789252 ], [ -0.477048727378224, 51.553277619563069 ], [ -0.476858054505664, 51.553078132215006 ], [ -0.476855252303487, 51.553075227294329 ], [ -0.476831018594659, 51.553029061120633 ], [ -0.476767363067711, 51.552992858806057 ], [ -0.476678121041281, 51.552962222972695 ], [ -0.476593735415709, 51.552757722388833 ], [ -0.476325780208399, 51.552618772904751 ], [ -0.476327541207766, 51.552608373787713 ], [ -0.476328137417943, 51.552604775648938 ], [ -0.476305755171882, 51.552585457245925 ], [ -0.476135534658242, 51.552438614152187 ], [ -0.476130940258456, 51.552437115687454 ], [ -0.475969814465839, 51.5523848089993 ], [ -0.475844104241055, 51.552384146231816 ], [ -0.475838927139223, 51.552384114908051 ], [ -0.475802865994903, 51.552311663326329 ], [ -0.475801581950033, 51.552309083848449 ], [ -0.475540851966931, 51.552119402292711 ], [ -0.475554566960865, 51.5521125576606 ], [ -0.475666591163741, 51.552056607558107 ], [ -0.475778467913651, 51.552000745357176 ], [ -0.475782531238926, 51.551998711976573 ], [ -0.475842716048033, 51.551968659910422 ], [ -0.475858367395447, 51.551960842274731 ], [ -0.475905951567585, 51.551937091809656 ], [ -0.476014497011837, 51.551882921591947 ], [ -0.476193349189099, 51.551793515267853 ], [ -0.476095619141477, 51.551809439249766 ], [ -0.475921429720394, 51.551667521404532 ], [ -0.475861216005867, 51.551551287424701 ], [ -0.475966943372967, 51.551486249479524 ], [ -0.475989348120589, 51.551477467512335 ], [ -0.476095613541702, 51.551435811766517 ], [ -0.476099620331823, 51.551429857025731 ], [ -0.476129458870477, 51.55138550843386 ], [ -0.476349282872267, 51.551371396702706 ], [ -0.476358247660319, 51.551367277848513 ], [ -0.476545537984743, 51.551281317677692 ], [ -0.476556172421414, 51.551276438177098 ], [ -0.476690201712532, 51.551545689453285 ], [ -0.476892914150507, 51.551444516389047 ], [ -0.4770605396559, 51.551360862755224 ], [ -0.477092222362988, 51.551345052256522 ], [ -0.47710515957213, 51.551338593004687 ], [ -0.47725639398926, 51.551401965049998 ], [ -0.477370806660446, 51.551082122324324 ], [ -0.477402401024682, 51.550993779240486 ], [ -0.477420246208291, 51.550997131267692 ], [ -0.477468686345292, 51.551006226443498 ], [ -0.477489032773595, 51.551010047061183 ], [ -0.477727273188286, 51.55108149020581 ], [ -0.477759297245973, 51.55108093478988 ], [ -0.47780055007797, 51.551041122184564 ], [ -0.477802497544683, 51.551032038334441 ], [ -0.477871028306059, 51.550711662465076 ], [ -0.477863762875284, 51.5507078723424 ], [ -0.477842590139439, 51.550696833786709 ], [ -0.477808413933083, 51.550671994193323 ], [ -0.477809635013128, 51.55066781966449 ], [ -0.477810530251676, 51.550664764934794 ], [ -0.477808295632377, 51.550602941298195 ], [ -0.477806613543784, 51.550600185822596 ], [ -0.477762867877664, 51.55052802175075 ], [ -0.477755663453805, 51.550516139402568 ], [ -0.477657540156082, 51.55045183880474 ], [ -0.477511312048732, 51.55040666047416 ], [ -0.477445357506151, 51.55038628188214 ], [ -0.477374234833938, 51.550364316449475 ], [ -0.47733261416551, 51.550367633648499 ], [ -0.477321132896074, 51.550367646412667 ], [ -0.477232369762587, 51.550367734622903 ], [ -0.477224826112753, 51.550367744561392 ], [ -0.477265885975682, 51.550227917658447 ], [ -0.477274660000322, 51.550219138260921 ], [ -0.477361416118985, 51.550132302635056 ], [ -0.477369876844724, 51.55012383389127 ], [ -0.477384415531579, 51.550119076944988 ], [ -0.477495274635375, 51.550082483719343 ], [ -0.477501349274268, 51.55007787313474 ], [ -0.477510134156586, 51.550074812936451 ], [ -0.477673718239555, 51.55001786676111 ], [ -0.477678913193244, 51.550010012030334 ], [ -0.477696046586352, 51.549984129954723 ], [ -0.477720183370345, 51.5499757118397 ], [ -0.477750565556472, 51.549965126737185 ], [ -0.477931760535041, 51.549947893837881 ], [ -0.478102523075084, 51.549931658276378 ], [ -0.478106748075836, 51.549931254509936 ], [ -0.478117681801371, 51.549934246968924 ], [ -0.47824988546934, 51.549928130568702 ], [ -0.478280504159273, 51.549886686981218 ], [ -0.478309974619088, 51.549846802129288 ], [ -0.478318101841248, 51.54984140434258 ], [ -0.478401009905434, 51.54978637759568 ], [ -0.478420671357887, 51.549773324204729 ], [ -0.478437847608457, 51.549764725695894 ], [ -0.478469511888181, 51.549752448519612 ], [ -0.478474991347297, 51.549750325513429 ], [ -0.478497494960567, 51.549744161089073 ], [ -0.478547451541417, 51.54973046668124 ], [ -0.478578832549886, 51.549724947975697 ], [ -0.478645076147787, 51.549713308270924 ], [ -0.478645177593178, 51.549705513302676 ], [ -0.478645550465689, 51.549677048663469 ], [ -0.478645667506502, 51.549668786300316 ], [ -0.478631540950827, 51.549656013851219 ], [ -0.478604463474243, 51.549631545287895 ], [ -0.478550819844713, 51.549596678662319 ], [ -0.478519738739852, 51.549570305723257 ], [ -0.478433073476589, 51.54949677547603 ], [ -0.478404334698215, 51.549472393211907 ], [ -0.478365679377373, 51.549439609374339 ], [ -0.47830840902785, 51.549460267705278 ], [ -0.478289313893803, 51.549467159739237 ], [ -0.478284233610337, 51.549468991172624 ], [ -0.478213734313861, 51.549383872718721 ], [ -0.478197068742902, 51.549368099816334 ], [ -0.478187966150224, 51.549359510969175 ], [ -0.478175466534796, 51.549347694772386 ], [ -0.478163833752905, 51.54933669912802 ], [ -0.47812550346422, 51.549355543968105 ], [ -0.477942547326968, 51.549483934535061 ], [ -0.477939785103874, 51.54948588596713 ], [ -0.47779662333791, 51.549457815058112 ], [ -0.477786406708204, 51.549455812032875 ], [ -0.477694972285445, 51.549453455966557 ], [ -0.477687553141193, 51.549453629410039 ], [ -0.477671112207177, 51.549454027425888 ], [ -0.477661124995174, 51.549449905195623 ], [ -0.47760499772397, 51.549426817208378 ], [ -0.477554040556404, 51.549412168115857 ], [ -0.477530192166734, 51.549410662486565 ], [ -0.477378365999891, 51.549401065553454 ], [ -0.477350309056506, 51.549359741470873 ], [ -0.477346394240613, 51.549353450005434 ], [ -0.477343992920941, 51.549350208585331 ], [ -0.477312859895305, 51.549308143149858 ], [ -0.47727235567196, 51.54925387940046 ], [ -0.477250033602071, 51.549244246548938 ], [ -0.477236364188648, 51.549235940021539 ], [ -0.477126307605144, 51.549168682819101 ], [ -0.477061788499884, 51.549070634004487 ], [ -0.47705845342786, 51.549065555021144 ], [ -0.477002987458608, 51.549059825888428 ], [ -0.476987543177879, 51.549057161399809 ], [ -0.476854726107399, 51.549034223381419 ], [ -0.476850352505495, 51.549033465170012 ], [ -0.476810725850563, 51.549036277529751 ], [ -0.476669784180228, 51.549057080014698 ], [ -0.476652709370109, 51.54905961880096 ], [ -0.476588416404451, 51.549087567703324 ], [ -0.476578522792023, 51.54909187234238 ], [ -0.476554038187688, 51.549110707730868 ], [ -0.476551062082239, 51.549113879299234 ], [ -0.476489137124256, 51.549180156953177 ], [ -0.476487013087015, 51.549182431373055 ], [ -0.47649191104842, 51.549216701573116 ], [ -0.47649260063198, 51.549221530384735 ], [ -0.476478182687583, 51.549255266346414 ], [ -0.476342139774123, 51.549104213563282 ], [ -0.47632676823261, 51.549095920777262 ], [ -0.476224710252263, 51.548982937588093 ], [ -0.476148230258793, 51.548898252663108 ], [ -0.476154246436644, 51.548895606197078 ], [ -0.476274202821706, 51.548842869870974 ], [ -0.476370182618224, 51.548800666527164 ], [ -0.476458667508028, 51.548761764793504 ], [ -0.476595690920752, 51.548701516568293 ], [ -0.476685244019104, 51.548662142964751 ], [ -0.476704448664402, 51.548653696953963 ], [ -0.476828782743426, 51.548610620682695 ], [ -0.47687956112691, 51.548593026034801 ], [ -0.476946522629986, 51.54856914017784 ], [ -0.476952543824621, 51.548566988311286 ], [ -0.476976149247261, 51.548557619265551 ], [ -0.476984846153198, 51.548554162306885 ], [ -0.477107017759604, 51.548505644316769 ], [ -0.47712794109922, 51.548497337460752 ], [ -0.477229040347325, 51.548452079609255 ], [ -0.477245072634563, 51.548444905181107 ], [ -0.477279376716347, 51.548424389736113 ], [ -0.477334504529479, 51.548391420664281 ], [ -0.47734808779789, 51.548383297207707 ], [ -0.477377220482682, 51.548374683274126 ], [ -0.477393451800844, 51.548365434199006 ], [ -0.47742629902877, 51.548355717481414 ], [ -0.477452809741763, 51.548347878784405 ], [ -0.477508467491879, 51.548331426302298 ], [ -0.477596165733969, 51.548296587009432 ], [ -0.477700120671293, 51.548244819476537 ], [ -0.477893949924917, 51.548148304149336 ], [ -0.478386790818536, 51.547902899899647 ], [ -0.478644295468956, 51.547774711690217 ], [ -0.478740124082992, 51.547726956270573 ], [ -0.478965088202729, 51.547608767193012 ], [ -0.479224547680489, 51.547472456119984 ], [ -0.47923209162208, 51.547470692572674 ], [ -0.479297226753023, 51.547455423273732 ], [ -0.479257805962559, 51.547420975203167 ], [ -0.47925053272106, 51.547414622255872 ], [ -0.479050598696272, 51.547239917055592 ], [ -0.478842285481286, 51.547057908972803 ], [ -0.478722665800252, 51.546953386615094 ], [ -0.478623854183264, 51.546889167667743 ], [ -0.478617051208116, 51.546828525524077 ], [ -0.478612737539598, 51.546790099582566 ], [ -0.478614237001083, 51.546745157746734 ], [ -0.478618345571622, 51.546722298784779 ], [ -0.478631951494807, 51.546646472764813 ], [ -0.478632225591587, 51.546638257396971 ], [ -0.478645806416088, 51.546633209117978 ], [ -0.479403523799625, 51.546351114049237 ], [ -0.479494802108185, 51.546305018353607 ], [ -0.479582044464607, 51.546365604743031 ], [ -0.479594234357723, 51.54637415259549 ], [ -0.47984526062533, 51.546577062647764 ], [ -0.479952633432346, 51.546673493901551 ], [ -0.479962085097803, 51.546681988228684 ], [ -0.479966199911882, 51.546686178012997 ], [ -0.480074978776892, 51.546797122890588 ], [ -0.480135349260587, 51.546862892518753 ], [ -0.480145995967174, 51.546874477672418 ], [ -0.480151089700534, 51.546880019985288 ], [ -0.4801746993489, 51.546907689463644 ], [ -0.480332520724996, 51.54709266007859 ], [ -0.480347781914007, 51.547110541149898 ], [ -0.480407869239828, 51.547180937965017 ], [ -0.480425314425155, 51.547199715083714 ], [ -0.48067109485796, 51.547464233111256 ], [ -0.480675717449824, 51.547469202782096 ], [ -0.480695833256528, 51.547490941441765 ], [ -0.480727350085082, 51.547528905977927 ], [ -0.480763053956089, 51.547571928946802 ], [ -0.480857497356419, 51.547704637366742 ], [ -0.480952629794274, 51.547838325791197 ], [ -0.480976051787506, 51.547871226150797 ], [ -0.481034261340858, 51.547953027435241 ], [ -0.481127094231123, 51.548083475675767 ], [ -0.481138060859756, 51.548098895573496 ], [ -0.481258470286016, 51.548285632721345 ], [ -0.481270909388988, 51.548304911368781 ], [ -0.481289832148495, 51.548337375704442 ], [ -0.481316968644963, 51.548383911389536 ], [ -0.481352796027616, 51.548462239329041 ], [ -0.481426196886511, 51.548622775457225 ], [ -0.481473119668859, 51.548688855735485 ], [ -0.481535944596116, 51.548750789687588 ], [ -0.481571328800704, 51.548777478317589 ], [ -0.481578758095914, 51.548783059800407 ], [ -0.481604983525262, 51.548802831671296 ], [ -0.481669871935437, 51.548843520206205 ], [ -0.481773971673405, 51.548907288779475 ], [ -0.481821822224962, 51.548936863401032 ], [ -0.481878479922788, 51.548967460250999 ], [ -0.482095874103137, 51.549084853994195 ], [ -0.48246391769786, 51.549300989735002 ], [ -0.482540166805657, 51.549345759808823 ], [ -0.482698142046577, 51.549430482492447 ], [ -0.482809323880621, 51.549489728730265 ], [ -0.483393217305035, 51.549802029688522 ], [ -0.483503155240388, 51.549860831122693 ], [ -0.483629305050115, 51.549928303809068 ], [ -0.483690495839673, 51.5499610175954 ], [ -0.483702200902198, 51.549967283687586 ], [ -0.483736735480257, 51.549985759720194 ], [ -0.483807562229269, 51.55002364269729 ], [ -0.48401116259233, 51.550124155788929 ], [ -0.484065511528806, 51.55015097192544 ], [ -0.484131723330086, 51.550183651472821 ], [ -0.48425300051693, 51.55023678978403 ], [ -0.484272563111139, 51.550244020646289 ], [ -0.484279459042027, 51.550246573662342 ], [ -0.484728528003204, 51.550412664468901 ], [ -0.485007764634025, 51.550527684837377 ], [ -0.485141503026024, 51.550599667219501 ], [ -0.485223673661416, 51.550649618419271 ], [ -0.485347243806866, 51.550735506176721 ], [ -0.485088630050051, 51.550820561971662 ], [ -0.484875968708522, 51.550871770171184 ], [ -0.484779224191522, 51.550916704068051 ], [ -0.484772090157572, 51.550920010937212 ], [ -0.484741052778204, 51.550943403259772 ], [ -0.484718888237284, 51.550960642662304 ], [ -0.484478527904333, 51.551208329195639 ], [ -0.484366372129857, 51.551368883318958 ], [ -0.484356466652281, 51.551379195246184 ], [ -0.48433649201497, 51.551399969850159 ], [ -0.484324162077572, 51.551407283005013 ], [ -0.48427487082427, 51.551436544972468 ], [ -0.484226209519854, 51.551455617889872 ], [ -0.484127783271649, 51.551481573936876 ], [ -0.484119635102692, 51.551483276035036 ], [ -0.483983928786744, 51.551510908140884 ], [ -0.483901652076954, 51.551521902925963 ], [ -0.483838151932537, 51.551530379828591 ], [ -0.48366872469397, 51.551538008486624 ], [ -0.483656158003404, 51.551538556363703 ], [ -0.483510641113053, 51.551527214678075 ], [ -0.483422899631482, 51.551520369830222 ], [ -0.483301764952275, 51.551503633175038 ], [ -0.483213463863645, 51.551484560505898 ], [ -0.483096091544095, 51.551459221789258 ], [ -0.483056079872947, 51.551450575205017 ], [ -0.482994951053064, 51.551445432140419 ], [ -0.482944676161666, 51.551447002782702 ], [ -0.482929384651922, 51.551447731141756 ], [ -0.482853379505246, 51.551459885400476 ], [ -0.482841659284834, 51.551462737158261 ], [ -0.482834796007363, 51.551464401839169 ], [ -0.482816562109534, 51.551468814891749 ], [ -0.482801419727876, 51.551472647479606 ], [ -0.482779149766063, 51.551478285198897 ], [ -0.482773076808258, 51.551480472658888 ], [ -0.482665155383134, 51.551522229850008 ], [ -0.482584215023781, 51.551597737706658 ], [ -0.482526883274976, 51.551651214363595 ], [ -0.482518339127307, 51.551659178804542 ], [ -0.482501964989529, 51.551674451502656 ], [ -0.482465658764876, 51.551708322928604 ], [ -0.48244681383786, 51.551725892627871 ], [ -0.482423904331918, 51.551747276374556 ], [ -0.482367339079378, 51.551800030011101 ], [ -0.482364436452929, 51.551802735070659 ], [ -0.482229050857545, 51.55192901398037 ], [ -0.482220774196276, 51.551936739072936 ], [ -0.482121828239684, 51.552029031338819 ], [ -0.482111761794283, 51.552037659454577 ], [ -0.482103030913873, 51.552045162846134 ], [ -0.482085199731809, 51.552060434611839 ], [ -0.48203286059773, 51.552105365615631 ], [ -0.482023951594916, 51.552113019563436 ], [ -0.481977063043054, 51.552153228249963 ], [ -0.481953425174412, 51.552173514420744 ], [ -0.481907946557451, 51.552212527384064 ], [ -0.481903833213616, 51.552216071019217 ], [ -0.481888302743677, 51.552229385261498 ], [ -0.48187155441841, 51.552243753808831 ], [ -0.481841442786308, 51.552269594266235 ], [ -0.481837033001801, 51.55227337685109 ], [ -0.481781620962411, 51.552320911675388 ], [ -0.481778250022814, 51.552323817478666 ], [ -0.481737270105034, 51.552358968017039 ], [ -0.481712611798272, 51.552380221080924 ], [ -0.481709027957756, 51.552383672651125 ], [ -0.481658964360053, 51.552431933104003 ], [ -0.481621821510972, 51.552467717782356 ], [ -0.481604699314265, 51.552484212608462 ], [ -0.481564150915493, 51.552523289285134 ], [ -0.481560917538904, 51.55252639469262 ], [ -0.481529026753166, 51.552557139771686 ], [ -0.481525673840481, 51.552560369521416 ], [ -0.481445665406445, 51.552637448844969 ], [ -0.481439332270343, 51.552643544485157 ], [ -0.481396846130793, 51.552684493370904 ], [ -0.48135975148321, 51.552714703416868 ], [ -0.481356154573531, 51.552717289755797 ], [ -0.48120786404408, 51.552837809041669 ], [ -0.481160657833966, 51.552876250825626 ], [ -0.481097379912911, 51.552927783909261 ], [ -0.481019082875235, 51.55299154965715 ], [ -0.480988704014568, 51.553016289392055 ], [ -0.480953091323467, 51.55304529556966 ], [ -0.480857832788581, 51.553122869354276 ], [ -0.480780654467458, 51.553185723243594 ], [ -0.48070515126762, 51.553247213985486 ], [ -0.480619588015882, 51.553316901129882 ], [ -0.480560934233536, 51.553364681148757 ], [ -0.48024256486881, 51.553623937628053 ], [ -0.479937105939691, 51.553872677872278 ], [ -0.479927734858327, 51.553880325677596 ], [ -0.479886561226059, 51.553913845492417 ], [ -0.479846321041258, 51.55394662204737 ], [ -0.47979623630812, 51.553987399935274 ], [ -0.479745958655806, 51.554028337161597 ], [ -0.479738619126189, 51.554034320752137 ], [ -0.479688219305833, 51.554081514958568 ], [ -0.479654748020351, 51.554112868514508 ], [ -0.479567555883065, 51.554194538422372 ], [ -0.479522798515663, 51.554236455346732 ], [ -0.479433566169888, 51.554320032033694 ], [ -0.479377999240899, 51.554372059872939 ], [ -0.479368410582078, 51.554381035663162 ], [ -0.479324635322541, 51.554422039051637 ], [ -0.47922349054018, 51.554516773324337 ], [ -0.479149235832945, 51.554586327337525 ], [ -0.479124668034386, 51.55460933453751 ], [ -0.47909490334211, 51.55463722005365 ], [ -0.478965110098034, 51.554758775032816 ], [ -0.478882457892267, 51.55483616009591 ], [ -0.478491812335607, 51.554663728873201 ], [ -0.478246454713692, 51.554810922127103 ], [ -0.478214278697761, 51.554830215536164 ], [ -0.478038015705222, 51.554935933634184 ], [ -0.477981722608769, 51.55489382977445 ], [ -0.477925429916197, 51.554851716899122 ], [ -0.477921537216, 51.55485044882554 ], [ -0.477918950790189, 51.554839259497619 ], [ -0.477915373535863, 51.554823701474106 ], [ -0.47739291145007, 51.554730071928368 ], [ -0.477355217402641, 51.554725832733851 ], [ -0.47727844937521, 51.554717210498268 ], [ -0.476963280547238, 51.554701868253801 ], [ -0.476672924924781, 51.554687737726766 ], [ -0.476633062560013, 51.554685799119142 ], [ -0.476634339072523, 51.554676086108699 ], [ -0.476635521338388, 51.554673080077769 ] ] ] } },
{ "type": "Feature", "properties": { "lsoa21cd": "E01034604", "lsoa21nm": "Hillingdon 015J", "msoa21cd": "E02000508", "msoa21nm": "Hillingdon 015", "lad22cd": "E09000017", "lad22nm": "Hillingdon", "index_right": 131, "GSS_CODE": "E05000341", "risk_score": 3.5234520229099613, "allocation_hours": 52.450916548520979, "patrol_units": 26 }, "geometry": { "type": "Polygon", "coordinates": [ [ [ -0.47610882891034, 51.544724385581219 ], [ -0.475361505810359, 51.544471764907705 ], [ -0.475284845754073, 51.544445406162588 ], [ -0.475135861586868, 51.544386286664754 ], [ -0.475115864452289, 51.544377510892183 ], [ -0.47502542984059, 51.544337820717381 ], [ -0.47497875566227, 51.544317340681822 ], [ -0.474842471891583, 51.544257522744999 ], [ -0.474832182237198, 51.544253000658649 ], [ -0.474806159006188, 51.544241583640442 ], [ -0.474792344681307, 51.544235513987765 ], [ -0.474697853101507, 51.5441940397614 ], [ -0.474689304190293, 51.544190291164192 ], [ -0.474649281461579, 51.54417273908814 ], [ -0.474635708925452, 51.544166771477251 ], [ -0.474438156508076, 51.54408006031624 ], [ -0.474433979718594, 51.544078220100623 ], [ -0.474370974337317, 51.544050581673623 ], [ -0.474351958299842, 51.544042232178221 ], [ -0.474340176246115, 51.544037061167359 ], [ -0.474336168414626, 51.544035300480395 ], [ -0.474239751724728, 51.543992987020403 ], [ -0.474202544085257, 51.54397664941078 ], [ -0.474187436381872, 51.543970018819422 ], [ -0.474128995257424, 51.54394437209973 ], [ -0.474112746647045, 51.543936067574911 ], [ -0.474099078515853, 51.543929082528784 ], [ -0.474093038593888, 51.543925991505155 ], [ -0.474031077863732, 51.543894341544437 ], [ -0.473889755949836, 51.543821400106275 ], [ -0.473787610596594, 51.543759831169062 ], [ -0.473780359062207, 51.543755456445076 ], [ -0.473713934976677, 51.543715421359039 ], [ -0.473700977099817, 51.543705316199592 ], [ -0.473633123638715, 51.543652412495547 ], [ -0.473580077915537, 51.543606913350722 ], [ -0.473532764797445, 51.543566362633996 ], [ -0.473528243502711, 51.543564865001215 ], [ -0.473351857099276, 51.543506411493816 ], [ -0.473221447290544, 51.543442288859694 ], [ -0.473133131992184, 51.543398848019514 ], [ -0.473101806359096, 51.543383449912369 ], [ -0.473082886369419, 51.543355453329617 ], [ -0.473074327494423, 51.543342752668956 ], [ -0.472976858311401, 51.543198460991213 ], [ -0.472801046166738, 51.542917554135165 ], [ -0.472653796684518, 51.542644599586637 ], [ -0.472708257048993, 51.542641343491319 ], [ -0.473082529243633, 51.542618963162028 ], [ -0.473213817684421, 51.542611114250278 ], [ -0.473355972430041, 51.542602606381699 ], [ -0.473402821154614, 51.542597551305022 ], [ -0.473519124900693, 51.54258501078759 ], [ -0.473528083467308, 51.542584048360652 ], [ -0.473650885343893, 51.542570809994729 ], [ -0.473783832791385, 51.542556471639024 ], [ -0.473973322110684, 51.54252579281048 ], [ -0.474073815626411, 51.542509520974711 ], [ -0.474033972813032, 51.542474579942755 ], [ -0.4740899735361, 51.542457603061671 ], [ -0.474069355650793, 51.542380792447759 ], [ -0.474067983569302, 51.542375684960469 ], [ -0.474064726603586, 51.542363556948601 ], [ -0.474426135305714, 51.542301438922323 ], [ -0.474510083829473, 51.542287010649623 ], [ -0.474515275993281, 51.542286125030429 ], [ -0.474537974666964, 51.542282220996988 ], [ -0.474542050319808, 51.542281518678536 ], [ -0.474576888857744, 51.542275524532677 ], [ -0.474618884615989, 51.542277581665388 ], [ -0.474659959371835, 51.542279581838457 ], [ -0.474723191459437, 51.542282652604896 ], [ -0.474732837862998, 51.542283110823121 ], [ -0.474785588433746, 51.542285685495493 ], [ -0.474814641760666, 51.542287097586097 ], [ -0.475317444605384, 51.542311577412441 ], [ -0.475351007474737, 51.542302760857837 ], [ -0.475365541020193, 51.542298948306161 ], [ -0.475731601934563, 51.542202842043729 ], [ -0.475745902683872, 51.542199089364722 ], [ -0.475816621418173, 51.54218051356797 ], [ -0.475866684753316, 51.542170292783673 ], [ -0.475912973088874, 51.542160845691441 ], [ -0.475960916820246, 51.542151055913926 ], [ -0.476053522415411, 51.542132157518076 ], [ -0.476099447783108, 51.54212278206964 ], [ -0.476186724332726, 51.542104978799351 ], [ -0.476236323171949, 51.54209485073428 ], [ -0.476354758673574, 51.542070681149163 ], [ -0.476377554177318, 51.542066031662102 ], [ -0.476553065873393, 51.542030203312308 ], [ -0.476559193110873, 51.542028952079228 ], [ -0.476665388642375, 51.542007271354102 ], [ -0.476787409922934, 51.541982370104989 ], [ -0.47679189663376, 51.541981448243249 ], [ -0.476923282908237, 51.5419546317856 ], [ -0.476980446689979, 51.541945527899912 ], [ -0.477098846769908, 51.541926707522222 ], [ -0.477269409604135, 51.541899554324118 ], [ -0.477249075648519, 51.541847368842404 ], [ -0.477226643312708, 51.541789796706311 ], [ -0.477224943368058, 51.541785431358868 ], [ -0.477217651867685, 51.541766718152218 ], [ -0.477213785181299, 51.541756852863635 ], [ -0.477200059083195, 51.541721618203923 ], [ -0.477193400615136, 51.541704459888365 ], [ -0.477192005771246, 51.541700889823133 ], [ -0.477171339137812, 51.541647877207865 ], [ -0.47716771300444, 51.541638581554849 ], [ -0.477155267561202, 51.541606668182503 ], [ -0.477148577756265, 51.541588075189068 ], [ -0.477136805899655, 51.541555424205384 ], [ -0.477124870705753, 51.541522267530972 ], [ -0.477113012703747, 51.541489390617897 ], [ -0.477109212886212, 51.541478820299709 ], [ -0.477106039766768, 51.541469993630756 ], [ -0.477090039060561, 51.54142558876071 ], [ -0.477087095967213, 51.541417430507209 ], [ -0.477073121319514, 51.541378636153887 ], [ -0.477068673508304, 51.541366312915159 ], [ -0.477066061036188, 51.541359049190781 ], [ -0.477058671348184, 51.541338531743847 ], [ -0.477054831019368, 51.541327879966282 ], [ -0.477047508305724, 51.541307516256978 ], [ -0.477040421921656, 51.541287848022037 ], [ -0.477021774063662, 51.541236142993171 ], [ -0.477019966063771, 51.541231128794074 ], [ -0.477010332713823, 51.54120439551145 ], [ -0.477004183243162, 51.541187329219376 ], [ -0.476996898413387, 51.541167127858401 ], [ -0.476993441274787, 51.541157524159658 ], [ -0.476981618461253, 51.54112467915688 ], [ -0.476968132113211, 51.541087244465686 ], [ -0.4769653211904, 51.541079447615672 ], [ -0.476953985624123, 51.541047989252789 ], [ -0.476950977122707, 51.541039632314437 ], [ -0.476946873203128, 51.541028239740712 ], [ -0.476944774850951, 51.541022421455381 ], [ -0.476941251374283, 51.541012646039285 ], [ -0.47693471640052, 51.540994603567853 ], [ -0.47693309219169, 51.540990131290954 ], [ -0.476919317961495, 51.540952036415277 ], [ -0.476891324113378, 51.540874721331974 ], [ -0.477346466522959, 51.540820646550976 ], [ -0.477340187243405, 51.540805736736125 ], [ -0.477336900615432, 51.540797933716888 ], [ -0.477332465396251, 51.540787391120517 ], [ -0.477295523740391, 51.54069970423761 ], [ -0.477223908700426, 51.540499181527906 ], [ -0.477221678811343, 51.54049298386321 ], [ -0.47721654355321, 51.540478578978636 ], [ -0.477205763921512, 51.540448391273507 ], [ -0.477200199723642, 51.540432798332105 ], [ -0.477185852639926, 51.540392641310042 ], [ -0.477178257365736, 51.540371374835765 ], [ -0.477169436059277, 51.540346666378191 ], [ -0.477151422036309, 51.540295419203943 ], [ -0.477150145252765, 51.540291769739561 ], [ -0.477130340421235, 51.540235427654878 ], [ -0.477127682665564, 51.540227794657781 ], [ -0.477125404461028, 51.540221317602239 ], [ -0.477114290304186, 51.540189709255763 ], [ -0.476955294991835, 51.540187643609912 ], [ -0.476635566360139, 51.540221706251963 ], [ -0.476608172978254, 51.540130123636281 ], [ -0.476605722229906, 51.54012190881727 ], [ -0.476597797388206, 51.540095413502051 ], [ -0.476596552198367, 51.540091251881222 ], [ -0.476578880408133, 51.540032163286213 ], [ -0.476576486569852, 51.54002418750111 ], [ -0.476570792707636, 51.540005148795743 ], [ -0.476569613881806, 51.540001158890121 ], [ -0.476568316151347, 51.539996843717311 ], [ -0.476565967806697, 51.539989016895625 ], [ -0.476535474541432, 51.539887079826421 ], [ -0.47653059802287, 51.539870767407542 ], [ -0.476526651075237, 51.539859430805627 ], [ -0.476524888837081, 51.539854345251662 ], [ -0.476514876903731, 51.539825583726042 ], [ -0.476513995635789, 51.539823045443143 ], [ -0.476508088289837, 51.539806081174063 ], [ -0.476506089149877, 51.539800318120086 ], [ -0.476495078875589, 51.53976863911177 ], [ -0.476469267894346, 51.539694441095001 ], [ -0.476467610460351, 51.539689671631528 ], [ -0.476464965772503, 51.539682083746513 ], [ -0.476463190487964, 51.539676957556338 ], [ -0.476460743823307, 51.539669916277603 ], [ -0.476459480932041, 51.539666284968668 ], [ -0.476451666984958, 51.539643810626522 ], [ -0.476420741630983, 51.53959320480142 ], [ -0.47641051456798, 51.539576490117312 ], [ -0.476401053791781, 51.539561008341629 ], [ -0.476398551377062, 51.539556929291642 ], [ -0.476395639100479, 51.5395521704936 ], [ -0.47633221505464, 51.539448429500062 ], [ -0.476325567448868, 51.539437566747495 ], [ -0.476305487373582, 51.539404685352999 ], [ -0.476303888170687, 51.539402056805272 ], [ -0.47630127647923, 51.539397796486725 ], [ -0.47629391618528, 51.539383322161612 ], [ -0.476284080549433, 51.539363959829792 ], [ -0.476280982462703, 51.539357858763502 ], [ -0.476272079145456, 51.539340369950779 ], [ -0.476264327333491, 51.539325099213507 ], [ -0.476248964697475, 51.539294869803264 ], [ -0.476200801478554, 51.539200099061112 ], [ -0.476285001745307, 51.539197093114765 ], [ -0.476297386855556, 51.539196696584433 ], [ -0.476305441711393, 51.539196432603369 ], [ -0.476322806868952, 51.539195875997052 ], [ -0.476575502878985, 51.539187803142148 ], [ -0.476603245171962, 51.539188685238678 ], [ -0.476646788323235, 51.539190082906643 ], [ -0.476745801662987, 51.539193244503238 ], [ -0.476785441414974, 51.539194514960947 ], [ -0.476804814634556, 51.539195139884583 ], [ -0.47687156296845, 51.539197270632229 ], [ -0.476933802546596, 51.539199266323998 ], [ -0.477137244784128, 51.539205776202536 ], [ -0.477083343704273, 51.539109577983012 ], [ -0.47707732928791, 51.53909883500625 ], [ -0.4770317300233, 51.539017428997489 ], [ -0.477019135990615, 51.538994951039278 ], [ -0.477015889634285, 51.538989185277707 ], [ -0.476998696708343, 51.538958482579332 ], [ -0.476979175830855, 51.538923658145549 ], [ -0.476965010104718, 51.538898376649762 ], [ -0.476962356941912, 51.538893630224678 ], [ -0.476944380547913, 51.538861563998942 ], [ -0.476916389398782, 51.538811607898559 ], [ -0.476914287535717, 51.538807839801208 ], [ -0.476912715642479, 51.538805040763513 ], [ -0.476902571456826, 51.538786924402238 ], [ -0.476892630259167, 51.538769206337548 ], [ -0.476888262897183, 51.53876138925488 ], [ -0.476883622595369, 51.538753110019393 ], [ -0.476869048324287, 51.538727112810349 ], [ -0.476859345865784, 51.538709802496641 ], [ -0.476854706176185, 51.5387015052831 ], [ -0.476852814208817, 51.538698144564144 ], [ -0.476841995981653, 51.538678841449375 ], [ -0.476811025562964, 51.538623550152622 ], [ -0.476809270222725, 51.538620416015107 ], [ -0.476720181195845, 51.538461425862188 ], [ -0.476702300657338, 51.53842952269553 ], [ -0.476684516530253, 51.538397755662459 ], [ -0.476638862949959, 51.538316294798165 ], [ -0.476636699583667, 51.53831242698007 ], [ -0.476626263786578, 51.538293767261621 ], [ -0.476622875216824, 51.538287729869516 ], [ -0.476607593111452, 51.538260486981351 ], [ -0.476577527989843, 51.538206816988875 ], [ -0.476567178718636, 51.538188374202917 ], [ -0.476559898984515, 51.538175375669645 ], [ -0.476557831114706, 51.53817167095184 ], [ -0.476551639516851, 51.538160628892498 ], [ -0.476523669217186, 51.538105763158939 ], [ -0.476520300656371, 51.538099128036599 ], [ -0.476503102364767, 51.538065372296657 ], [ -0.476500463728496, 51.538060194417582 ], [ -0.476491979442368, 51.53804354734212 ], [ -0.476486688965012, 51.53803315544252 ], [ -0.47648472680496, 51.538029308220551 ], [ -0.476472887496995, 51.538006053172253 ], [ -0.476468895625354, 51.537998222965498 ], [ -0.476456568723499, 51.53797402638039 ], [ -0.476450831186629, 51.537962774401286 ], [ -0.476445270502402, 51.537951839450336 ], [ -0.476440048205969, 51.53794156533381 ], [ -0.476432795303506, 51.537927335196862 ], [ -0.476410603662538, 51.537883793880752 ], [ -0.476408438846716, 51.537879539370351 ], [ -0.47639696533022, 51.537856990464448 ], [ -0.476380782386879, 51.537825217208059 ], [ -0.476379022915558, 51.537821777271041 ], [ -0.476376925662557, 51.5378176585223 ], [ -0.476358320929705, 51.537781123842628 ], [ -0.476354180477274, 51.537772994954103 ], [ -0.476346995489979, 51.5377588915849 ], [ -0.476341245101854, 51.537747594470289 ], [ -0.476338727505831, 51.53774267893597 ], [ -0.476306700501989, 51.53767978424851 ], [ -0.476300638477056, 51.537667889589713 ], [ -0.4762975795421, 51.537661914920335 ], [ -0.476279598263888, 51.537626575309773 ], [ -0.476314481505101, 51.537616103155628 ], [ -0.476324808202296, 51.537613000175241 ], [ -0.47648659682622, 51.53756441372596 ], [ -0.476619592685284, 51.537552869721111 ], [ -0.476671033252315, 51.537553906957157 ], [ -0.476734836506348, 51.537555203749797 ], [ -0.47678652138032, 51.537565757939895 ], [ -0.476793772423961, 51.537564512320429 ], [ -0.476868793331886, 51.537551576164802 ], [ -0.476952073459451, 51.537543468228151 ], [ -0.477016437579396, 51.53754782952965 ], [ -0.47722009651892, 51.537582569014212 ], [ -0.477384404771101, 51.537679527076797 ], [ -0.477388434606528, 51.537681908424325 ], [ -0.477509494905675, 51.537677609003197 ], [ -0.477563205610126, 51.537673279966782 ], [ -0.477612292522842, 51.537664925258269 ], [ -0.477642643946804, 51.537659753250125 ], [ -0.477677432639316, 51.537653829559865 ], [ -0.477688766031743, 51.537651234111124 ], [ -0.477704643571383, 51.537645982012073 ], [ -0.47772912360138, 51.537637874184291 ], [ -0.477865625098842, 51.537637066109355 ], [ -0.47799699240357, 51.537636290123189 ], [ -0.478001198642856, 51.537636843812287 ], [ -0.478021014364352, 51.537638877091112 ], [ -0.478096657122604, 51.537637970896945 ], [ -0.478109181930486, 51.537635534754095 ], [ -0.478124652602093, 51.537632534376741 ], [ -0.478244188833407, 51.537614276393988 ], [ -0.478362119492691, 51.537608694533638 ], [ -0.478398401623666, 51.537605541654955 ], [ -0.478405443962657, 51.53760493167858 ], [ -0.47841454280346, 51.537604483282308 ], [ -0.478459648464458, 51.53760221826213 ], [ -0.478493741981305, 51.537619710171107 ], [ -0.478511802452826, 51.537628972847358 ], [ -0.478541921537602, 51.53764976726702 ], [ -0.478563775496216, 51.537666767565476 ], [ -0.478584855976641, 51.537683182314503 ], [ -0.478592681084467, 51.537691089173364 ], [ -0.478600268979772, 51.537698759153656 ], [ -0.478617676409065, 51.537716358161191 ], [ -0.478663520808194, 51.537775780618148 ], [ -0.478673393622954, 51.53778886661825 ], [ -0.478681574279717, 51.537805563531087 ], [ -0.478700379901415, 51.537860336723504 ], [ -0.478700620222355, 51.537863505120995 ], [ -0.478701520226353, 51.537875422565008 ], [ -0.478702775898455, 51.537891804790114 ], [ -0.478699386155279, 51.537942396256412 ], [ -0.478697488653425, 51.537947407299086 ], [ -0.478687382348367, 51.537974154019352 ], [ -0.478683381675092, 51.537984721963305 ], [ -0.478631867848684, 51.538084802728186 ], [ -0.478908591726436, 51.538075903841921 ], [ -0.479207335612678, 51.538066287367393 ], [ -0.479224394735164, 51.538065595984122 ], [ -0.479268908462914, 51.538063799552809 ], [ -0.479320973557696, 51.538061696420591 ], [ -0.479405294336918, 51.538058285200741 ], [ -0.47952597090701, 51.538053412187551 ], [ -0.479577689471908, 51.538051322431357 ], [ -0.479653173712168, 51.53804827300231 ], [ -0.479584498153766, 51.53792542014201 ], [ -0.479581424269872, 51.537913393582002 ], [ -0.47956765232438, 51.537859405233178 ], [ -0.479566785871418, 51.537855985925923 ], [ -0.479573422591764, 51.537839436325683 ], [ -0.479586871542262, 51.537820097564712 ], [ -0.479605242606708, 51.537793682790763 ], [ -0.479609955631799, 51.537789850274045 ], [ -0.479639077767004, 51.537766191697678 ], [ -0.479656536379519, 51.537752003552235 ], [ -0.479667994269986, 51.537743942232915 ], [ -0.479688000306279, 51.537729895032186 ], [ -0.479708630740924, 51.537713553907572 ], [ -0.479713160754361, 51.537710020254181 ], [ -0.479715835234618, 51.537708081141197 ], [ -0.479737101028205, 51.537692143912381 ], [ -0.47978201407854, 51.537662359559462 ], [ -0.479818732162662, 51.537635319453926 ], [ -0.479832272491591, 51.537625342799096 ], [ -0.479859612393309, 51.537605181529173 ], [ -0.479877921123288, 51.53759208794655 ], [ -0.479895387863205, 51.537580678483195 ], [ -0.47996416254993, 51.537579043565664 ], [ -0.479987057173337, 51.537577820774544 ], [ -0.479998825379221, 51.537578180206857 ], [ -0.480121753041781, 51.537573209912985 ], [ -0.480161139333096, 51.537572956282979 ], [ -0.480170317282997, 51.537570566448331 ], [ -0.480283536155203, 51.537552332403038 ], [ -0.480310615878021, 51.537547971558716 ], [ -0.480332810089236, 51.53754440163182 ], [ -0.48034243607628, 51.537542844880875 ], [ -0.48042731406705, 51.537539552578487 ], [ -0.480442572927333, 51.537539440165403 ], [ -0.480594000432772, 51.537538543665256 ], [ -0.480672482900548, 51.53753808626935 ], [ -0.480755017811394, 51.537521162567636 ], [ -0.480822873264699, 51.537515954300318 ], [ -0.480860471513785, 51.537509643456644 ], [ -0.480918047659586, 51.537506558964729 ], [ -0.480965839336348, 51.537515415250745 ], [ -0.481009962670768, 51.537523585527239 ], [ -0.481038701398701, 51.537527419978431 ], [ -0.48105576175855, 51.537528198584354 ], [ -0.481106769591712, 51.537530541134331 ], [ -0.481237780514972, 51.537536555053649 ], [ -0.48131548513279, 51.537529797065588 ], [ -0.481361560325154, 51.537528069543285 ], [ -0.481376228071918, 51.537527522218014 ], [ -0.481500900012351, 51.53751129679646 ], [ -0.481600537468662, 51.537511625404036 ], [ -0.481639762712294, 51.537515426497805 ], [ -0.481642476570938, 51.537517411173859 ], [ -0.48181008982878, 51.537597257397657 ], [ -0.481903430066056, 51.537821384300486 ], [ -0.481897974664, 51.537937169828737 ], [ -0.481783718356698, 51.537977890619402 ], [ -0.48172216906302, 51.538008476349461 ], [ -0.481722455510684, 51.538016761925221 ], [ -0.481725322413493, 51.538102576164661 ], [ -0.481736336598986, 51.538128616519494 ], [ -0.481726565580413, 51.538139289652769 ], [ -0.481731384829869, 51.538283389985786 ], [ -0.481731744821802, 51.538294230313504 ], [ -0.48164986381551, 51.538304472959766 ], [ -0.481597752431687, 51.538310991727037 ], [ -0.481572395047269, 51.538350651798702 ], [ -0.481565322181329, 51.538361701578019 ], [ -0.481560454424939, 51.53836931790476 ], [ -0.481535036921268, 51.538409049128781 ], [ -0.481527385512131, 51.538421017613601 ], [ -0.481511373508053, 51.538466032229898 ], [ -0.481491805788856, 51.538579710592089 ], [ -0.481490266622456, 51.538588691898624 ], [ -0.48148071474321, 51.538644733773161 ], [ -0.481467489110974, 51.538722327447431 ], [ -0.481466917131748, 51.538725647171368 ], [ -0.481458386402325, 51.538775704439935 ], [ -0.481446523705779, 51.538845276694005 ], [ -0.481405330968506, 51.538845615286334 ], [ -0.481490518149666, 51.538879010060867 ], [ -0.481510848674004, 51.538882061030101 ], [ -0.481980157837692, 51.538952608733339 ], [ -0.481972762808205, 51.539001400235954 ], [ -0.481968546838276, 51.539005464088461 ], [ -0.48195902503192, 51.539014710702347 ], [ -0.481952752416309, 51.539020780168471 ], [ -0.481874560437935, 51.539096444441753 ], [ -0.481853581673436, 51.539116756003949 ], [ -0.481543519595456, 51.539139338966486 ], [ -0.481455564030684, 51.53914575305447 ], [ -0.481444853339728, 51.539146531510099 ], [ -0.481348254121887, 51.539153570906123 ], [ -0.481248889662589, 51.53916700385723 ], [ -0.481240561069561, 51.539168127886789 ], [ -0.481230961912587, 51.539169734523661 ], [ -0.481223763208678, 51.539172001719471 ], [ -0.481233280969123, 51.539203139321735 ], [ -0.481245698203067, 51.539243765348509 ], [ -0.481260260483336, 51.539292287387106 ], [ -0.481263031177167, 51.539330315557066 ], [ -0.481263355012788, 51.539334878825407 ], [ -0.481246852232588, 51.539379239612288 ], [ -0.481223165946298, 51.539417617398051 ], [ -0.481179529276824, 51.53945927064251 ], [ -0.481161405600942, 51.539473072723318 ], [ -0.481156005517132, 51.539477184152275 ], [ -0.48117038477642, 51.539489213262947 ], [ -0.481230532090229, 51.539560096181852 ], [ -0.481232996856088, 51.539570514169142 ], [ -0.481250275525748, 51.539643979940472 ], [ -0.481189842028501, 51.539784690047007 ], [ -0.481187810487563, 51.539789402642661 ], [ -0.481186621647167, 51.539792192822354 ], [ -0.481254220927774, 51.539829415349445 ], [ -0.481222815116351, 51.540003853819059 ], [ -0.481085063896488, 51.540261810243457 ], [ -0.481019222146946, 51.540237172585762 ], [ -0.481004084022016, 51.540233631309128 ], [ -0.480948855349849, 51.540220677187378 ], [ -0.480909880089395, 51.540211548550523 ], [ -0.480684729912081, 51.540177800715455 ], [ -0.480520730357448, 51.540172289464046 ], [ -0.480501572660884, 51.540171672455585 ], [ -0.480277188858652, 51.540249909842643 ], [ -0.480245719496099, 51.54026088606232 ], [ -0.480237680845961, 51.540263686344723 ], [ -0.480205988672447, 51.540283508046876 ], [ -0.480192999934287, 51.540291621519579 ], [ -0.480189586741343, 51.540306198678671 ], [ -0.480189332452492, 51.540311231046047 ], [ -0.480165628315309, 51.540766183723271 ], [ -0.480059215951337, 51.540804900532109 ], [ -0.480049756871762, 51.540808347814142 ], [ -0.479993609530558, 51.540842824494248 ], [ -0.479967956392923, 51.5408570952928 ], [ -0.47989173134919, 51.540899503535591 ], [ -0.479864726596258, 51.54091452112835 ], [ -0.479824605219716, 51.540933262272027 ], [ -0.479819668942943, 51.540935563223933 ], [ -0.479789577627724, 51.540942816424746 ], [ -0.479683196795441, 51.54096413329686 ], [ -0.479674021928691, 51.540965974621528 ], [ -0.479465569494218, 51.540976678492008 ], [ -0.479426658425095, 51.540979446964577 ], [ -0.479395552688253, 51.540981660234834 ], [ -0.479383338850199, 51.540982526922633 ], [ -0.479131958660074, 51.540978510550914 ], [ -0.479103943311012, 51.540977130963647 ], [ -0.478818693151406, 51.540963097732124 ], [ -0.478889840840977, 51.541244426663006 ], [ -0.478892159717734, 51.541253583897813 ], [ -0.478886438462784, 51.54145008950676 ], [ -0.478885772676819, 51.541473065089832 ], [ -0.478879194890525, 51.541499488928999 ], [ -0.478877429443633, 51.541506587893139 ], [ -0.478878695847095, 51.541549011832998 ], [ -0.478878787558696, 51.541552313183132 ], [ -0.478871141982261, 51.541580485650265 ], [ -0.478866835184602, 51.541596328086776 ], [ -0.4788721012728, 51.541641618501906 ], [ -0.478878634653344, 51.541655848102884 ], [ -0.478910774269069, 51.541725946156468 ], [ -0.478913836445388, 51.541728386822093 ], [ -0.478915323389265, 51.541733522712008 ], [ -0.478934096876109, 51.541798393679137 ], [ -0.478939192026349, 51.54181596772036 ], [ -0.478966428170367, 51.541858000229567 ], [ -0.478979741525084, 51.541869134528966 ], [ -0.479022375659646, 51.541904775473782 ], [ -0.479035927486221, 51.541916110689712 ], [ -0.479039704179914, 51.541920907601607 ], [ -0.479081823800354, 51.541958574097833 ], [ -0.4790964383822, 51.541976523412607 ], [ -0.479106536611193, 51.541988937847201 ], [ -0.479049739613375, 51.542028117638019 ], [ -0.479039675425259, 51.542032833896442 ], [ -0.479000912589757, 51.542051007915546 ], [ -0.478868066510058, 51.542097833502361 ], [ -0.478815454136291, 51.542105378753973 ], [ -0.478751580503346, 51.542108137847706 ], [ -0.478636628184128, 51.542113102593149 ], [ -0.478622669448198, 51.542114607496728 ], [ -0.47861088814218, 51.542125618500677 ], [ -0.478602563764503, 51.542134372346489 ], [ -0.478607122322132, 51.542141665779972 ], [ -0.478639504547084, 51.542193490287431 ], [ -0.478665070410331, 51.542234390658948 ], [ -0.478712231120461, 51.542309872244587 ], [ -0.47871908927971, 51.542320859863757 ], [ -0.478722295607802, 51.542327627684273 ], [ -0.478745551121407, 51.542376622566572 ], [ -0.478749398558572, 51.542382760254512 ], [ -0.478763450133195, 51.54238949794933 ], [ -0.478787594727333, 51.542413137180816 ], [ -0.478790348092228, 51.542417489194747 ], [ -0.478794497963191, 51.542424071426304 ], [ -0.478793321252611, 51.542426924689963 ], [ -0.478786848580332, 51.542442424296247 ], [ -0.478789149060392, 51.54244608702156 ], [ -0.478807182915707, 51.542474808516324 ], [ -0.478813714368077, 51.542485216384968 ], [ -0.478830783736129, 51.542482110730226 ], [ -0.478841156299535, 51.542497765965791 ], [ -0.478869827709052, 51.542543063333525 ], [ -0.478886403263011, 51.542569248059152 ], [ -0.478915156754884, 51.542614681363148 ], [ -0.478931608928776, 51.542640675643078 ], [ -0.47899632222172, 51.542742912010112 ], [ -0.479045603441003, 51.542776463053372 ], [ -0.479030542518538, 51.542796958857579 ], [ -0.479137653618923, 51.542966206996233 ], [ -0.479204874441556, 51.543072414371544 ], [ -0.479212258413947, 51.543084074205922 ], [ -0.479220230443627, 51.543096694847826 ], [ -0.479199822564455, 51.54310239198697 ], [ -0.479294135354055, 51.543264540903074 ], [ -0.479302154664919, 51.543278340137967 ], [ -0.479356464816978, 51.543371718839644 ], [ -0.479420881346783, 51.543482484742576 ], [ -0.479448719018882, 51.543530333927627 ], [ -0.479468154698155, 51.543563749462471 ], [ -0.479578399694783, 51.543753297343748 ], [ -0.479582354775991, 51.543760106319617 ], [ -0.479571489692015, 51.543762451773873 ], [ -0.479415773189223, 51.543786204045873 ], [ -0.479544438823084, 51.543933655300876 ], [ -0.479648021667663, 51.544066690259179 ], [ -0.479498661622745, 51.544091676092059 ], [ -0.479490932355595, 51.544092960657053 ], [ -0.479648085374391, 51.544285697571631 ], [ -0.479676615564552, 51.54429505980508 ], [ -0.479731878176784, 51.544367714494555 ], [ -0.479750158238888, 51.544381305039096 ], [ -0.479794501407356, 51.544414243170309 ], [ -0.479830385881667, 51.544440929893014 ], [ -0.479864921699698, 51.544452267316132 ], [ -0.4798697862727, 51.544453859074231 ], [ -0.479887446557015, 51.544459654264138 ], [ -0.479881917865136, 51.544460248007027 ], [ -0.479509166273029, 51.544500240774802 ], [ -0.479500613151067, 51.544501145973939 ], [ -0.47943878417535, 51.544507789680999 ], [ -0.479043863779007, 51.544550020280724 ], [ -0.478989330109179, 51.544555850175897 ], [ -0.47891031014644, 51.544566838646645 ], [ -0.478863740256817, 51.544572353666645 ], [ -0.478862446499109, 51.544569418892003 ], [ -0.478613831485584, 51.544596002307586 ], [ -0.478416999470349, 51.544623985641422 ], [ -0.47838199163026, 51.544628962619029 ], [ -0.47834295046143, 51.544638122593454 ], [ -0.478309316656592, 51.544646003899388 ], [ -0.478106006416218, 51.544688326222889 ], [ -0.478056057702421, 51.544704115685995 ], [ -0.477450126826173, 51.544895633767169 ], [ -0.47743578784264, 51.544901805083676 ], [ -0.477204135834448, 51.545001614029339 ], [ -0.477169683235123, 51.545012406864728 ], [ -0.477112728686477, 51.545030245094587 ], [ -0.477107627851056, 51.545031842406878 ], [ -0.477052669742008, 51.545049059097579 ], [ -0.476948690132698, 51.545009805973294 ], [ -0.476932240894307, 51.54500359444318 ], [ -0.476907388207435, 51.544994234355151 ], [ -0.47659922422892, 51.544890002758137 ], [ -0.476539915986238, 51.544869943693996 ], [ -0.476530917962991, 51.544866895291918 ], [ -0.476396986252031, 51.544821596318172 ], [ -0.47638261203132, 51.544816733538099 ], [ -0.47610882891034, 51.544724385581219 ] ] ] } },
{ "type": "Feature", "properties": { "lsoa21cd": "E01034605", "lsoa21nm": "Hillingdon 015K", "msoa21cd": "E02000508", "msoa21nm": "Hillingdon 015", "lad22cd": "E09000017", "lad22nm": "Hillingdon", "index_right": 131, "GSS_CODE": "E05000341", "risk_score": 0.0011700194440848871, "allocation_hours": 0.01741717833046014, "patrol_units": 0 }, "geometry": { "type": "Polygon", "coordinates": [ [ [ -0.472346426462034, 51.542263089836823 ], [ -0.472324337114103, 51.542216950355183 ], [ -0.472307413429581, 51.542181048452456 ], [ -0.472287420445763, 51.542138650051065 ], [ -0.472277673318406, 51.542117975643279 ], [ -0.47226741402989, 51.542096233469614 ], [ -0.47224742146586, 51.542053835048641 ], [ -0.472233137830655, 51.542023524725039 ], [ -0.472192583789602, 51.541907966804459 ], [ -0.472120246524135, 51.541725361738024 ], [ -0.472119573149685, 51.541723941171739 ], [ -0.472067343216912, 51.541561399145081 ], [ -0.472054436521225, 51.541516269450618 ], [ -0.472048743687404, 51.54147145858493 ], [ -0.472039409940756, 51.541398049726588 ], [ -0.472018003092406, 51.541229722696507 ], [ -0.472020684900211, 51.541198517517977 ], [ -0.472006736719494, 51.541238233630679 ], [ -0.471939962671674, 51.541365543043625 ], [ -0.471855716390585, 51.541490453029844 ], [ -0.471791889604324, 51.541469001671423 ], [ -0.471837878121048, 51.540993368255577 ], [ -0.471835729053033, 51.540977046199252 ], [ -0.471826252870531, 51.54096163576466 ], [ -0.471820093591503, 51.540955674510627 ], [ -0.471812164080977, 51.540950040879004 ], [ -0.471791325581735, 51.540939769791578 ], [ -0.471777090648096, 51.540934251788904 ], [ -0.471746276371962, 51.540926044765477 ], [ -0.471720111118203, 51.540922394490927 ], [ -0.471609126392844, 51.540916622253462 ], [ -0.47160646765109, 51.54087276992027 ], [ -0.47147356945632, 51.540782959374155 ], [ -0.471801888222997, 51.540728477003718 ], [ -0.471699121750776, 51.540622251109248 ], [ -0.471513128397627, 51.540616304749314 ], [ -0.471528635279729, 51.540446021946735 ], [ -0.471504087452112, 51.540420647528251 ], [ -0.471316153696479, 51.540399672780893 ], [ -0.471270930104875, 51.540406164467413 ], [ -0.47115267531364, 51.54039926284203 ], [ -0.471131860476513, 51.54040149123356 ], [ -0.471016194603196, 51.540390922003468 ], [ -0.471010694701034, 51.540391829529007 ], [ -0.470895097659391, 51.540390424231703 ], [ -0.470888421889271, 51.540391265157261 ], [ -0.470775174434855, 51.540383527436788 ], [ -0.470756170505951, 51.540379146663057 ], [ -0.470640929965312, 51.540383359659792 ], [ -0.470632959115931, 51.540384678251506 ], [ -0.470498191439812, 51.540368225616625 ], [ -0.47042698722092, 51.540377561268805 ], [ -0.470372870646668, 51.540365505047475 ], [ -0.470153854206928, 51.540350588295489 ], [ -0.470128128875197, 51.540312813998064 ], [ -0.470143626406411, 51.540145767455741 ], [ -0.470149091713295, 51.540086849254479 ], [ -0.470041407819711, 51.540084193924891 ], [ -0.47001230072905, 51.540082716965337 ], [ -0.469988180237646, 51.540078742276634 ], [ -0.469978883671941, 51.540076471775492 ], [ -0.469951645464206, 51.540067007048115 ], [ -0.469932440140395, 51.540057080648744 ], [ -0.469828130935823, 51.540022560865076 ], [ -0.469825503151744, 51.540029015412586 ], [ -0.469810228104195, 51.540140335021626 ], [ -0.469679405023692, 51.540107022875489 ], [ -0.469461762552518, 51.540051604284358 ], [ -0.469286806284696, 51.539877865240349 ], [ -0.469266856969347, 51.539877599341786 ], [ -0.469252925754535, 51.539803117556204 ], [ -0.46923176451701, 51.539689976028292 ], [ -0.469221400099885, 51.539606547601494 ], [ -0.469216090594091, 51.539563816043071 ], [ -0.469200905739289, 51.539441556108798 ], [ -0.469185615551737, 51.539318485484586 ], [ -0.469159848506435, 51.539111093803115 ], [ -0.469157474073575, 51.539091986502697 ], [ -0.469152318036073, 51.539050484389861 ], [ -0.469151164242793, 51.538799350003188 ], [ -0.469150692035941, 51.538696390847697 ], [ -0.469150654475796, 51.538685923305032 ], [ -0.469150591321743, 51.538672784711203 ], [ -0.469151157849979, 51.53865592612803 ], [ -0.468672496838766, 51.538507992725407 ], [ -0.468663483588967, 51.538516994980952 ], [ -0.468332066932243, 51.538533001836946 ], [ -0.4682783649811, 51.538546440518076 ], [ -0.468207893180786, 51.538586128924472 ], [ -0.46796857632849, 51.538484619377108 ], [ -0.467634241177034, 51.538621589962986 ], [ -0.467627027078324, 51.538613578826762 ], [ -0.467624500530241, 51.538649977280201 ], [ -0.467620533965652, 51.538707106684946 ], [ -0.467729052083074, 51.53870865282569 ], [ -0.467730327208425, 51.538709710802827 ], [ -0.467823277498071, 51.538820549233009 ], [ -0.467723168608342, 51.539000659003356 ], [ -0.467775947706082, 51.539023299094119 ], [ -0.467822702975127, 51.539275692373252 ], [ -0.467701570201943, 51.539308666616989 ], [ -0.467716138924902, 51.539521251976055 ], [ -0.467522022533557, 51.539641172882192 ], [ -0.467447567706389, 51.539614105664008 ], [ -0.467391032013853, 51.539606114264586 ], [ -0.466546879535644, 51.53959070058778 ], [ -0.466605331474001, 51.539513113279867 ], [ -0.466520213895289, 51.539307928208629 ], [ -0.466409808453731, 51.539041839984726 ], [ -0.466408842966175, 51.539001137105139 ], [ -0.466400628419908, 51.538652829006452 ], [ -0.466400553328847, 51.538649491873073 ], [ -0.466400278053015, 51.538637796456371 ], [ -0.466400132554217, 51.538631582657729 ], [ -0.466382805313304, 51.538596753530996 ], [ -0.466312133534053, 51.538454667514287 ], [ -0.466326905982109, 51.538015936570467 ], [ -0.466328891006808, 51.537956981900614 ], [ -0.466329387640187, 51.537942231997597 ], [ -0.466303464414643, 51.537820118822246 ], [ -0.466288854061134, 51.53775128927856 ], [ -0.466311747344558, 51.537726572151207 ], [ -0.466356202083632, 51.537678577215949 ], [ -0.466413808982032, 51.537616384591722 ], [ -0.466556943084944, 51.537461844545099 ], [ -0.466633816785004, 51.537393114638235 ], [ -0.46667774703798, 51.537353826284715 ], [ -0.466718346851993, 51.537317524767197 ], [ -0.466732350434064, 51.537223198620929 ], [ -0.466734087736885, 51.537211423417077 ], [ -0.466664321432661, 51.537202669587536 ], [ -0.466174120588864, 51.537141151763095 ], [ -0.465905978738418, 51.537124757027854 ], [ -0.465980116000144, 51.537006282164732 ], [ -0.465987448078644, 51.536998356958463 ], [ -0.466175122999729, 51.536795796704439 ], [ -0.466177124020575, 51.536792037118005 ], [ -0.466185376554194, 51.536776471475569 ], [ -0.466189463206869, 51.536770293265626 ], [ -0.466326658079251, 51.536562980769332 ], [ -0.466333922417375, 51.536560917651038 ], [ -0.466906255417579, 51.536398071496059 ], [ -0.466988556987896, 51.536371919064507 ], [ -0.467101420756994, 51.536336058855241 ], [ -0.467165702917455, 51.536313645275868 ], [ -0.467277314170617, 51.536274720124517 ], [ -0.467295696971547, 51.536268315151816 ], [ -0.467339851701636, 51.53624844391836 ], [ -0.467353335157921, 51.536242379534848 ], [ -0.467450446485898, 51.536194721937065 ], [ -0.46748311490486, 51.536177263295301 ], [ -0.467511363911842, 51.536162165804328 ], [ -0.467541755775537, 51.536143373498334 ], [ -0.46761780889168, 51.536096348698401 ], [ -0.467650168868832, 51.536074767495606 ], [ -0.467672543265215, 51.536059853951762 ], [ -0.467694549181144, 51.536045178379879 ], [ -0.467870215152912, 51.535917661305611 ], [ -0.467876703463878, 51.535912944207844 ], [ -0.467889107620162, 51.535901668095583 ], [ -0.468051819379303, 51.535753730737412 ], [ -0.468081982052594, 51.535726302670867 ], [ -0.468115029771269, 51.535696259563593 ], [ -0.468119510225602, 51.535691651098972 ], [ -0.468131413352049, 51.53567940623595 ], [ -0.468139032554092, 51.535680503949926 ], [ -0.468178922811979, 51.535686231774207 ], [ -0.46829176230899, 51.53570245383569 ], [ -0.468362946798495, 51.535712691169181 ], [ -0.468382002355301, 51.535715422071654 ], [ -0.468509176364536, 51.53573370173585 ], [ -0.468530455811142, 51.53573675841993 ], [ -0.468544948053325, 51.535738845166414 ], [ -0.468591201885592, 51.53574548698662 ], [ -0.468595599608783, 51.535746125352468 ], [ -0.468649600578081, 51.535761425466404 ], [ -0.468705801079796, 51.535777347785249 ], [ -0.469029237264483, 51.53586896947143 ], [ -0.469039748996977, 51.535871948352941 ], [ -0.469059486870359, 51.535877547612223 ], [ -0.469083053017155, 51.535884213005069 ], [ -0.469089294249557, 51.535885985083794 ], [ -0.469148237422283, 51.53590268037744 ], [ -0.469215021528349, 51.535921600236996 ], [ -0.469223604889331, 51.535924041353063 ], [ -0.469281048506826, 51.535940312337793 ], [ -0.469309770332813, 51.53594844781945 ], [ -0.469317939684162, 51.535950766621234 ], [ -0.469327637526839, 51.535953510038667 ], [ -0.469333378891661, 51.53595514069098 ], [ -0.469390778753769, 51.535980870964451 ], [ -0.469425990880231, 51.535996671697333 ], [ -0.469554071980439, 51.536054087604874 ], [ -0.469639596380377, 51.536092441518981 ], [ -0.469645292268062, 51.536094997769816 ], [ -0.469705036089039, 51.536121783609396 ], [ -0.469721328479449, 51.536129091267227 ], [ -0.470142431025943, 51.53633089977577 ], [ -0.470149707526866, 51.536334392049227 ], [ -0.470151983553974, 51.536335484648731 ], [ -0.47015565349861, 51.536338176290819 ], [ -0.470282524005974, 51.536448459331019 ], [ -0.470493410254021, 51.536631804074723 ], [ -0.470622173309561, 51.536743747999466 ], [ -0.470700249984943, 51.536811615571395 ], [ -0.470721222683867, 51.536829846854921 ], [ -0.47075860065989, 51.536862347155747 ], [ -0.470826141994126, 51.536921066883757 ], [ -0.470879933421094, 51.536972755047991 ], [ -0.470996079689817, 51.537084345070888 ], [ -0.471171249250489, 51.53725266846066 ], [ -0.471281732724618, 51.537358820388889 ], [ -0.47132021719184, 51.537395800497286 ], [ -0.471343207896293, 51.537417892292837 ], [ -0.471352531741586, 51.537426855126753 ], [ -0.47135682703818, 51.537430982860542 ], [ -0.471361771950573, 51.537435732341415 ], [ -0.471471327369969, 51.537540995213284 ], [ -0.471607227877697, 51.537671582116246 ], [ -0.471677336913536, 51.537738940405099 ], [ -0.471741055953192, 51.537793050601998 ], [ -0.471755065818252, 51.537804945739275 ], [ -0.471788919124847, 51.53783369038949 ], [ -0.471801816995062, 51.537844649311538 ], [ -0.471840525059489, 51.537877526256594 ], [ -0.472039740678743, 51.538046712000579 ], [ -0.472056806847031, 51.53806120794534 ], [ -0.472125966518785, 51.538119938932844 ], [ -0.472196954994784, 51.538186058404563 ], [ -0.472214698696805, 51.538202583724207 ], [ -0.472256590102423, 51.538241598785568 ], [ -0.47226781820219, 51.538252050302695 ], [ -0.472315106700851, 51.538296099432507 ], [ -0.472393422701614, 51.538369040509096 ], [ -0.472455292627761, 51.538426665540022 ], [ -0.472548111801726, 51.538513116691639 ], [ -0.472554250137266, 51.538518834850557 ], [ -0.472569225642206, 51.538532779217014 ], [ -0.472596128073033, 51.538557840606693 ], [ -0.472639736867188, 51.53865490517861 ], [ -0.472663834674132, 51.538708579459573 ], [ -0.472667370219233, 51.538716453321129 ], [ -0.472744933260887, 51.538889122359386 ], [ -0.472810815416765, 51.539035817768877 ], [ -0.472811080174313, 51.539037125101011 ], [ -0.472831032416865, 51.539135598889011 ], [ -0.472848827005422, 51.539223334737329 ], [ -0.472849792320705, 51.539228090748793 ], [ -0.472861091462195, 51.539283760875037 ], [ -0.472991222475668, 51.539279161540939 ], [ -0.473124558001566, 51.539274459927555 ], [ -0.473568625307026, 51.539258778789026 ], [ -0.473826028404677, 51.539249685067645 ], [ -0.473888827040673, 51.539247472272365 ], [ -0.474080010936576, 51.539240725202703 ], [ -0.474091717488047, 51.539240311978332 ], [ -0.474183490531912, 51.539237064407324 ], [ -0.474217719474582, 51.539235855369732 ], [ -0.474359399087845, 51.539230856315243 ], [ -0.474365000415391, 51.539230659448982 ], [ -0.474398363356212, 51.539229475056885 ], [ -0.474424406795159, 51.539228555086176 ], [ -0.474474371327069, 51.539226795414237 ], [ -0.474503824495092, 51.539226319957656 ], [ -0.47466599985007, 51.539223731923812 ], [ -0.474704607029528, 51.539223110261645 ], [ -0.474744837190975, 51.539222464743503 ], [ -0.474755080450833, 51.539222301282216 ], [ -0.474858335196811, 51.539220659332734 ], [ -0.474879817425261, 51.539220309375303 ], [ -0.474993668995187, 51.539218494945473 ], [ -0.474999671029297, 51.539218388688816 ], [ -0.475031619316265, 51.539217896103267 ], [ -0.475096963010193, 51.539215032359742 ], [ -0.475143793858483, 51.539212979853673 ], [ -0.475168183972659, 51.539211912319068 ], [ -0.475244978623043, 51.539208558998567 ], [ -0.475253643048562, 51.539208177126675 ], [ -0.475271780238022, 51.539207387926254 ], [ -0.475376387507295, 51.539202813646128 ], [ -0.475390596800582, 51.539202198146029 ], [ -0.475411246682864, 51.539201297728781 ], [ -0.475459261484759, 51.539199197550246 ], [ -0.475494048589016, 51.539197680671059 ], [ -0.475511608041713, 51.539196919889108 ], [ -0.475520200397011, 51.539196537060313 ], [ -0.475620590861508, 51.539192150514118 ], [ -0.475721631250424, 51.539187731868509 ], [ -0.475742815157082, 51.539186815856723 ], [ -0.47576495859683, 51.539185665030466 ], [ -0.475773986648659, 51.539185188933573 ], [ -0.475818461796341, 51.539182862736403 ], [ -0.475826955057933, 51.539182424643073 ], [ -0.475864655709771, 51.539180450963165 ], [ -0.475879706962938, 51.539179666506037 ], [ -0.476018201888687, 51.539172438923785 ], [ -0.476028587474812, 51.539171899526316 ], [ -0.476059542447776, 51.539170278705051 ], [ -0.476075612074116, 51.539169440020451 ], [ -0.476111600990628, 51.539167556411549 ], [ -0.476117739796367, 51.539167240557404 ], [ -0.47615629229981, 51.53916523289719 ], [ -0.476168382539173, 51.539164598748144 ], [ -0.476182465997945, 51.539163864617201 ], [ -0.476200801478554, 51.539200099061112 ], [ -0.476248964697475, 51.539294869803264 ], [ -0.476264327333491, 51.539325099213507 ], [ -0.476272079145456, 51.539340369950779 ], [ -0.476280982462703, 51.539357858763502 ], [ -0.476284080549433, 51.539363959829792 ], [ -0.47629391618528, 51.539383322161612 ], [ -0.47630127647923, 51.539397796486725 ], [ -0.476303888170687, 51.539402056805272 ], [ -0.476305487373582, 51.539404685352999 ], [ -0.476325567448868, 51.539437566747495 ], [ -0.47633221505464, 51.539448429500062 ], [ -0.476395639100479, 51.5395521704936 ], [ -0.476398551377062, 51.539556929291642 ], [ -0.476401053791781, 51.539561008341629 ], [ -0.47641051456798, 51.539576490117312 ], [ -0.476420741630983, 51.53959320480142 ], [ -0.476451666984958, 51.539643810626522 ], [ -0.476459480932041, 51.539666284968668 ], [ -0.476460743823307, 51.539669916277603 ], [ -0.476463190487964, 51.539676957556338 ], [ -0.476464965772503, 51.539682083746513 ], [ -0.476467610460351, 51.539689671631528 ], [ -0.476469267894346, 51.539694441095001 ], [ -0.476495078875589, 51.53976863911177 ], [ -0.476506089149877, 51.539800318120086 ], [ -0.476508088289837, 51.539806081174063 ], [ -0.476513995635789, 51.539823045443143 ], [ -0.476514876903731, 51.539825583726042 ], [ -0.476524888837081, 51.539854345251662 ], [ -0.476526651075237, 51.539859430805627 ], [ -0.47653059802287, 51.539870767407542 ], [ -0.476535474541432, 51.539887079826421 ], [ -0.476565967806697, 51.539989016895625 ], [ -0.476568316151347, 51.539996843717311 ], [ -0.476569613881806, 51.540001158890121 ], [ -0.476570792707636, 51.540005148795743 ], [ -0.476576486569852, 51.54002418750111 ], [ -0.476578880408133, 51.540032163286213 ], [ -0.476596552198367, 51.540091251881222 ], [ -0.476597797388206, 51.540095413502051 ], [ -0.476605722229906, 51.54012190881727 ], [ -0.476608172978254, 51.540130123636281 ], [ -0.476635566360139, 51.540221706251963 ], [ -0.476955294991835, 51.540187643609912 ], [ -0.477114290304186, 51.540189709255763 ], [ -0.477125404461028, 51.540221317602239 ], [ -0.477127682665564, 51.540227794657781 ], [ -0.477130340421235, 51.540235427654878 ], [ -0.477150145252765, 51.540291769739561 ], [ -0.477151422036309, 51.540295419203943 ], [ -0.477169436059277, 51.540346666378191 ], [ -0.477178257365736, 51.540371374835765 ], [ -0.477185852639926, 51.540392641310042 ], [ -0.477200199723642, 51.540432798332105 ], [ -0.477205763921512, 51.540448391273507 ], [ -0.47721654355321, 51.540478578978636 ], [ -0.477221678811343, 51.54049298386321 ], [ -0.477223908700426, 51.540499181527906 ], [ -0.477295523740391, 51.54069970423761 ], [ -0.477332465396251, 51.540787391120517 ], [ -0.477336900615432, 51.540797933716888 ], [ -0.477340187243405, 51.540805736736125 ], [ -0.477346466522959, 51.540820646550976 ], [ -0.476891324113378, 51.540874721331974 ], [ -0.476919317961495, 51.540952036415277 ], [ -0.47693309219169, 51.540990131290954 ], [ -0.47693471640052, 51.540994603567853 ], [ -0.476941251374283, 51.541012646039285 ], [ -0.476944774850951, 51.541022421455381 ], [ -0.476946873203128, 51.541028239740712 ], [ -0.476950977122707, 51.541039632314437 ], [ -0.476953985624123, 51.541047989252789 ], [ -0.4769653211904, 51.541079447615672 ], [ -0.476968132113211, 51.541087244465686 ], [ -0.476981618461253, 51.54112467915688 ], [ -0.476993441274787, 51.541157524159658 ], [ -0.476996898413387, 51.541167127858401 ], [ -0.477004183243162, 51.541187329219376 ], [ -0.477010332713823, 51.54120439551145 ], [ -0.477019966063771, 51.541231128794074 ], [ -0.477021774063662, 51.541236142993171 ], [ -0.477040421921656, 51.541287848022037 ], [ -0.477047508305724, 51.541307516256978 ], [ -0.477054831019368, 51.541327879966282 ], [ -0.477058671348184, 51.541338531743847 ], [ -0.477066061036188, 51.541359049190781 ], [ -0.477068673508304, 51.541366312915159 ], [ -0.477073121319514, 51.541378636153887 ], [ -0.477087095967213, 51.541417430507209 ], [ -0.477090039060561, 51.54142558876071 ], [ -0.477106039766768, 51.541469993630756 ], [ -0.477109212886212, 51.541478820299709 ], [ -0.477113012703747, 51.541489390617897 ], [ -0.477124870705753, 51.541522267530972 ], [ -0.477136805899655, 51.541555424205384 ], [ -0.477148577756265, 51.541588075189068 ], [ -0.477155267561202, 51.541606668182503 ], [ -0.47716771300444, 51.541638581554849 ], [ -0.477171339137812, 51.541647877207865 ], [ -0.477192005771246, 51.541700889823133 ], [ -0.477193400615136, 51.541704459888365 ], [ -0.477200059083195, 51.541721618203923 ], [ -0.477213785181299, 51.541756852863635 ], [ -0.477217651867685, 51.541766718152218 ], [ -0.477224943368058, 51.541785431358868 ], [ -0.477226643312708, 51.541789796706311 ], [ -0.477249075648519, 51.541847368842404 ], [ -0.477269409604135, 51.541899554324118 ], [ -0.477098846769908, 51.541926707522222 ], [ -0.476980446689979, 51.541945527899912 ], [ -0.476923282908237, 51.5419546317856 ], [ -0.47679189663376, 51.541981448243249 ], [ -0.476787409922934, 51.541982370104989 ], [ -0.476665388642375, 51.542007271354102 ], [ -0.476559193110873, 51.542028952079228 ], [ -0.476553065873393, 51.542030203312308 ], [ -0.476377554177318, 51.542066031662102 ], [ -0.476354758673574, 51.542070681149163 ], [ -0.476236323171949, 51.54209485073428 ], [ -0.476186724332726, 51.542104978799351 ], [ -0.476099447783108, 51.54212278206964 ], [ -0.476053522415411, 51.542132157518076 ], [ -0.475960916820246, 51.542151055913926 ], [ -0.475912973088874, 51.542160845691441 ], [ -0.475866684753316, 51.542170292783673 ], [ -0.475816621418173, 51.54218051356797 ], [ -0.475745902683872, 51.542199089364722 ], [ -0.475731601934563, 51.542202842043729 ], [ -0.475365541020193, 51.542298948306161 ], [ -0.475351007474737, 51.542302760857837 ], [ -0.475317444605384, 51.542311577412441 ], [ -0.474814641760666, 51.542287097586097 ], [ -0.474785588433746, 51.542285685495493 ], [ -0.474732837862998, 51.542283110823121 ], [ -0.474723191459437, 51.542282652604896 ], [ -0.474659959371835, 51.542279581838457 ], [ -0.474618884615989, 51.542277581665388 ], [ -0.474576888857744, 51.542275524532677 ], [ -0.474542050319808, 51.542281518678536 ], [ -0.474537974666964, 51.542282220996988 ], [ -0.474515275993281, 51.542286125030429 ], [ -0.474510083829473, 51.542287010649623 ], [ -0.474426135305714, 51.542301438922323 ], [ -0.474064726603586, 51.542363556948601 ], [ -0.474067983569302, 51.542375684960469 ], [ -0.474069355650793, 51.542380792447759 ], [ -0.4740899735361, 51.542457603061671 ], [ -0.474033972813032, 51.542474579942755 ], [ -0.474073815626411, 51.542509520974711 ], [ -0.473973322110684, 51.54252579281048 ], [ -0.473783832791385, 51.542556471639024 ], [ -0.473650885343893, 51.542570809994729 ], [ -0.473528083467308, 51.542584048360652 ], [ -0.473519124900693, 51.54258501078759 ], [ -0.473402821154614, 51.542597551305022 ], [ -0.473355972430041, 51.542602606381699 ], [ -0.473213817684421, 51.542611114250278 ], [ -0.473082529243633, 51.542618963162028 ], [ -0.472708257048993, 51.542641343491319 ], [ -0.472653796684518, 51.542644599586637 ], [ -0.472801046166738, 51.542917554135165 ], [ -0.472976858311401, 51.543198460991213 ], [ -0.473074327494423, 51.543342752668956 ], [ -0.473082886369419, 51.543355453329617 ], [ -0.473101806359096, 51.543383449912369 ], [ -0.473133131992184, 51.543398848019514 ], [ -0.473221447290544, 51.543442288859694 ], [ -0.473211497121875, 51.543456924596491 ], [ -0.473200182966361, 51.543473534358334 ], [ -0.473184865731341, 51.543500302716041 ], [ -0.473183962647259, 51.543527272280706 ], [ -0.473182457754696, 51.543572214064589 ], [ -0.473195969462735, 51.54359936685988 ], [ -0.473030518979994, 51.543372405130356 ], [ -0.472904955027986, 51.543195051542369 ], [ -0.472837746445717, 51.543100125845655 ], [ -0.472699924208391, 51.542909492595278 ], [ -0.472681613020084, 51.542882277207305 ], [ -0.472652064265019, 51.542838387605059 ], [ -0.472518735035972, 51.542609676392253 ], [ -0.472452708953294, 51.542485100321308 ], [ -0.472346426462034, 51.542263089836823 ] ] ] } },
{ "type": "Feature", "properties": { "lsoa21cd": "E01002411", "lsoa21nm": "Hillingdon 022A", "msoa21cd": "E02000515", "msoa21nm": "Hillingdon 022", "lad22cd": "E09000017", "lad22nm": "Hillingdon", "index_right": 131, "GSS_CODE": "E05000341", "risk_score": 0.0022071310015670024, "allocation_hours": 0.032855859316976051, "patrol_units": 0 }, "geometry": { "type": "Polygon", "coordinates": [ [ [ -0.471916904920619, 51.53068969526273 ], [ -0.471896778232611, 51.5305276317726 ], [ -0.471894290245934, 51.530507645650786 ], [ -0.471903628626589, 51.530487085365237 ], [ -0.471953529917168, 51.530417596893528 ], [ -0.472087061958008, 51.530261965470388 ], [ -0.472223830093147, 51.530159501969969 ], [ -0.472302942151888, 51.530100231603484 ], [ -0.472337138543759, 51.530069204683087 ], [ -0.472412544480403, 51.529969475003945 ], [ -0.472436370342331, 51.529904142533404 ], [ -0.472432799485802, 51.529881615499548 ], [ -0.472408125027919, 51.52984352665581 ], [ -0.472308461486857, 51.529763096206828 ], [ -0.472287869478232, 51.529732254310623 ], [ -0.472258156658421, 51.529629355942674 ], [ -0.47223858477771, 51.529611107418098 ], [ -0.472157621157313, 51.52957499136491 ], [ -0.471884738304661, 51.529501294391999 ], [ -0.471714377438546, 51.529422639237517 ], [ -0.471679577116793, 51.529412725624489 ], [ -0.471651545703428, 51.529404734683666 ], [ -0.471613075765324, 51.529397210080148 ], [ -0.471528373017969, 51.529380647815742 ], [ -0.471461882309449, 51.529190063242858 ], [ -0.471114805040699, 51.529430447360355 ], [ -0.471079708686783, 51.529454763000182 ], [ -0.470855945078938, 51.529594019185453 ], [ -0.470691924474347, 51.529584325498575 ], [ -0.470683961092574, 51.529584922972973 ], [ -0.469827692533236, 51.529649856022246 ], [ -0.46978251248818, 51.529653708257023 ], [ -0.469487420534632, 51.529678791737965 ], [ -0.469257907757498, 51.52953882503035 ], [ -0.468869377900526, 51.529301878590125 ], [ -0.468775053829318, 51.529244353267352 ], [ -0.468533371325761, 51.528051077839088 ], [ -0.468536609683941, 51.528040491377809 ], [ -0.468792577855554, 51.527202489852819 ], [ -0.468798067126771, 51.527184532211557 ], [ -0.468902125519042, 51.527177448065544 ], [ -0.469248248508231, 51.52717297732142 ], [ -0.469710248003316, 51.527152034296769 ], [ -0.470043166689285, 51.527111419986362 ], [ -0.470153477517581, 51.527101430944143 ], [ -0.470194614831124, 51.527097696646386 ], [ -0.470190406094388, 51.527092947778634 ], [ -0.470187131899488, 51.527087842429715 ], [ -0.470148334135198, 51.527027366986722 ], [ -0.47013918676523, 51.526956209193834 ], [ -0.470147988037009, 51.526908665423683 ], [ -0.470168286479305, 51.526862170955255 ], [ -0.470201553098352, 51.526815845764439 ], [ -0.470235808699256, 51.526783021774285 ], [ -0.470343224333669, 51.526717881563961 ], [ -0.470377570132341, 51.526682361049069 ], [ -0.470402100613257, 51.526638619435687 ], [ -0.470413452044309, 51.526601000348656 ], [ -0.470416760438031, 51.526545291883281 ], [ -0.47045219427347, 51.526354697053989 ], [ -0.47045928178798, 51.526316554716203 ], [ -0.47047556505831, 51.526228976372309 ], [ -0.470511349525639, 51.526036506721944 ], [ -0.470545111647791, 51.525854909210892 ], [ -0.470556840199987, 51.525791829111157 ], [ -0.470562468684323, 51.525761517915136 ], [ -0.470597866455984, 51.525571102392384 ], [ -0.470616081080269, 51.525503305100301 ], [ -0.47066995789457, 51.525302782318413 ], [ -0.470682340549585, 51.525256688391899 ], [ -0.470683658383212, 51.525251768909747 ], [ -0.470700123010497, 51.525190522556258 ], [ -0.470712044417077, 51.525146149094368 ], [ -0.470713905709919, 51.525139204481974 ], [ -0.47072137999437, 51.525111417419694 ], [ -0.470773172288437, 51.524890886843529 ], [ -0.47078149412256, 51.524855431554514 ], [ -0.470835690698712, 51.524624636310122 ], [ -0.470865736816428, 51.524539603093473 ], [ -0.4709402839442, 51.524328694117841 ], [ -0.470980582237853, 51.524214687082882 ], [ -0.470979332966714, 51.524204203943142 ], [ -0.470967081203015, 51.524101219075298 ], [ -0.470977530967075, 51.524047393620322 ], [ -0.470988191299625, 51.524014846295309 ], [ -0.47100774596647, 51.523955141865635 ], [ -0.471043489262925, 51.523885496502814 ], [ -0.471081360118374, 51.523830239316354 ], [ -0.471158696771785, 51.523743997487792 ], [ -0.471173833979825, 51.523727136865816 ], [ -0.471290998808559, 51.523596480767893 ], [ -0.471349927082437, 51.52351542094371 ], [ -0.47135779266952, 51.523495740835656 ], [ -0.471363317813487, 51.523459844359088 ], [ -0.471360438566255, 51.523416644559738 ], [ -0.471352751225457, 51.523394369692802 ], [ -0.471342041058959, 51.523363351013352 ], [ -0.471326839905323, 51.523340330710894 ], [ -0.471296217028016, 51.523293990483552 ], [ -0.471289905888975, 51.523284439449277 ], [ -0.471243782117282, 51.52306892582839 ], [ -0.471210645986663, 51.523025331371166 ], [ -0.471202903207251, 51.522998253973206 ], [ -0.471211550862026, 51.522955195531345 ], [ -0.47122935141585, 51.522940150075868 ], [ -0.471257117332331, 51.522928831451758 ], [ -0.47139752459692, 51.522896600514791 ], [ -0.471419991252029, 51.522885986061262 ], [ -0.471447834715521, 51.52285467888322 ], [ -0.471450072217681, 51.522842514727245 ], [ -0.471464422603859, 51.522764272465814 ], [ -0.471484054961796, 51.52273755208742 ], [ -0.471519536110348, 51.52271103838757 ], [ -0.471557628257899, 51.522692651647674 ], [ -0.471599936938711, 51.522677916733613 ], [ -0.471729085608963, 51.522651725151768 ], [ -0.471762284116647, 51.52265035959541 ], [ -0.471923202813339, 51.522665945868447 ], [ -0.471959373094772, 51.522661921358882 ], [ -0.471995813871978, 51.522649807439578 ], [ -0.472032615293364, 51.522626907643293 ], [ -0.472063893925718, 51.522596742127561 ], [ -0.472085237211297, 51.522561951016634 ], [ -0.472096494894162, 51.522527028427177 ], [ -0.472092625405653, 51.522470318515033 ], [ -0.47197911226611, 51.52224404423842 ], [ -0.47187253067622, 51.521832845177485 ], [ -0.4718453382316, 51.521796087778796 ], [ -0.471838688643086, 51.521755711804055 ], [ -0.471847509452868, 51.521723832774427 ], [ -0.471849445816627, 51.521716790198298 ], [ -0.471858200369146, 51.521709305977815 ], [ -0.471885623883601, 51.52168578937659 ], [ -0.471920089386506, 51.521670655326936 ], [ -0.471924477829947, 51.521668734267784 ], [ -0.472169057601487, 51.521594931854175 ], [ -0.47234537526149, 51.521541730476791 ], [ -0.4724164587878, 51.521530706344656 ], [ -0.472540400558063, 51.521528670752325 ], [ -0.472589892770697, 51.52150425280059 ], [ -0.472597377502543, 51.521485594522666 ], [ -0.472599693125702, 51.521479707867442 ], [ -0.472548504013719, 51.521380684750945 ], [ -0.472548661434446, 51.521348809655272 ], [ -0.472572216004499, 51.521297429762264 ], [ -0.472573444342262, 51.521294748125946 ], [ -0.472585683750154, 51.521281752113062 ], [ -0.472634626313937, 51.52122978583489 ], [ -0.472690250767289, 51.521182744372553 ], [ -0.472734479427078, 51.521152351723089 ], [ -0.472741944216603, 51.521147224551001 ], [ -0.472758482071905, 51.521135858150103 ], [ -0.472868381727431, 51.521080837349096 ], [ -0.472884045383611, 51.521072984460424 ], [ -0.472940343738459, 51.521044799184295 ], [ -0.473013404097385, 51.521001770399486 ], [ -0.473039123212759, 51.520984372934379 ], [ -0.473103465953549, 51.520940825877418 ], [ -0.473106489483712, 51.520938770093174 ], [ -0.473123788780518, 51.520923591893251 ], [ -0.473179355198194, 51.520874813936175 ], [ -0.473203314040132, 51.520844525740699 ], [ -0.473229198707675, 51.520811816760002 ], [ -0.473238139263066, 51.520791853749024 ], [ -0.473258231098676, 51.520747019830253 ], [ -0.473259866720102, 51.520743363346099 ], [ -0.473259747079, 51.520737022324013 ], [ -0.473259608663116, 51.520718905840702 ], [ -0.473759715857264, 51.521197686344017 ], [ -0.473787900872573, 51.521265040349888 ], [ -0.473799753892006, 51.521293376079171 ], [ -0.47380888333634, 51.521315219982021 ], [ -0.473838701219979, 51.5214478287822 ], [ -0.473840848978158, 51.521469401935313 ], [ -0.473858117232643, 51.521643292141562 ], [ -0.474268525248848, 51.521756001361638 ], [ -0.474274410222077, 51.52175760663129 ], [ -0.474319876349363, 51.521788987572542 ], [ -0.474329593797614, 51.521790642724923 ], [ -0.474604633195506, 51.521837546618194 ], [ -0.474614947376567, 51.521837734800414 ], [ -0.474665059494535, 51.521838764619822 ], [ -0.474730371344568, 51.521853822143513 ], [ -0.474844558275462, 51.521855586763458 ], [ -0.474850449126497, 51.521856800922762 ], [ -0.474857208338398, 51.521857046236207 ], [ -0.474863615009316, 51.521857273473813 ], [ -0.474880929913949, 51.521860187426086 ], [ -0.474945014138442, 51.521871002546952 ], [ -0.474967773367031, 51.52187101991322 ], [ -0.475044093910365, 51.52187107771271 ], [ -0.475048222655951, 51.521871751887737 ], [ -0.475055742195887, 51.521872969242395 ], [ -0.475071625759948, 51.521873638986733 ], [ -0.475078995968956, 51.521874795948079 ], [ -0.475169172246959, 51.521888989752867 ], [ -0.475174864546682, 51.521889891083816 ], [ -0.475211019712895, 51.521942866619284 ], [ -0.475213877633852, 51.521947067165314 ], [ -0.475164707939196, 51.522161348978045 ], [ -0.475163611512853, 51.522166127532024 ], [ -0.475172877937796, 51.52216963812517 ], [ -0.475177703107009, 51.522171472352049 ], [ -0.475202637551356, 51.522177578686083 ], [ -0.475446406122629, 51.522237283338711 ], [ -0.475360094066457, 51.522307895547279 ], [ -0.475337998235039, 51.522555103678748 ], [ -0.475331686966577, 51.522556766058159 ], [ -0.475284178344962, 51.52256926759609 ], [ -0.475275234925248, 51.522571624095981 ], [ -0.475315997594622, 51.52264160975605 ], [ -0.475327258406868, 51.522660945497229 ], [ -0.475349530287811, 51.522827590059478 ], [ -0.475350500564072, 51.522834796403941 ], [ -0.475357535940359, 51.522836920148315 ], [ -0.475364070586225, 51.522836339732642 ], [ -0.475375320569497, 51.522835703755945 ], [ -0.475476612432335, 51.522830016431861 ], [ -0.475712471222681, 51.522807204626346 ], [ -0.475717677320613, 51.522806696834337 ], [ -0.475722449377011, 51.522806237350295 ], [ -0.475718755370428, 51.522776982788983 ], [ -0.475717681658769, 51.522764667556757 ], [ -0.475721236138074, 51.522760523438585 ], [ -0.476207480811965, 51.522792716503055 ], [ -0.476206261212902, 51.522783474693512 ], [ -0.476191079900484, 51.522668204681288 ], [ -0.476190020178292, 51.52266432427605 ], [ -0.476191178741583, 51.522653144102271 ], [ -0.476204179100395, 51.522617537819478 ], [ -0.476208081383759, 51.52256429652914 ], [ -0.476203050646274, 51.522539673542319 ], [ -0.47620156427172, 51.522532379562499 ], [ -0.476185733029183, 51.522487792947018 ], [ -0.476216729637288, 51.522439004327723 ], [ -0.476219314165248, 51.522433255970611 ], [ -0.476226477364461, 51.52241728910213 ], [ -0.476241936384156, 51.52241405507268 ], [ -0.476318752694764, 51.522397977583793 ], [ -0.476334763403597, 51.52239462482342 ], [ -0.476413305988743, 51.522388371165277 ], [ -0.476613225603815, 51.522428939137519 ], [ -0.476672042867117, 51.522448168987886 ], [ -0.476678431424566, 51.522451102533189 ], [ -0.476724572059333, 51.522472258280132 ], [ -0.476735186490664, 51.522478142218986 ], [ -0.476789363110562, 51.522508158045909 ], [ -0.476873542921425, 51.522554817977984 ], [ -0.47687900927283, 51.52256163313443 ], [ -0.476910187914875, 51.522600515756125 ], [ -0.476904160978402, 51.522609213786019 ], [ -0.476889701122811, 51.522630031568696 ], [ -0.47687467928851, 51.522662513870848 ], [ -0.476863273174877, 51.52269981799509 ], [ -0.476859211029384, 51.522713136549093 ], [ -0.476858495344036, 51.522717740226902 ], [ -0.476876431946537, 51.522732711468912 ], [ -0.476882068133921, 51.522737892259329 ], [ -0.476950319299754, 51.522824789191986 ], [ -0.476965031738684, 51.522843513216927 ], [ -0.477006366142014, 51.522921063691946 ], [ -0.477015146109311, 51.522985853897659 ], [ -0.477014451692375, 51.522989387785699 ], [ -0.477006373168782, 51.523030646751771 ], [ -0.477015056605032, 51.523076286896163 ], [ -0.477461095635188, 51.523116485973375 ], [ -0.477464846177459, 51.523109916462559 ], [ -0.477470463586444, 51.523100098055529 ], [ -0.477483856997911, 51.523076676603893 ], [ -0.477494714794801, 51.52307786073905 ], [ -0.478018079968552, 51.523134717516733 ], [ -0.478013779211845, 51.523198020464157 ], [ -0.478012532192815, 51.523202134372156 ], [ -0.478011698280967, 51.523204665628271 ], [ -0.47801034564293, 51.523208056093814 ], [ -0.478008253510888, 51.523213307326763 ], [ -0.478008983955505, 51.523335412428217 ], [ -0.478009007970305, 51.523339881846027 ], [ -0.478026996687881, 51.523403042613317 ], [ -0.478029061456651, 51.523410290134187 ], [ -0.478027154345582, 51.523417342202762 ], [ -0.478020722247304, 51.523501344409887 ], [ -0.478022436674133, 51.523521266333582 ], [ -0.478028409094262, 51.523590754409206 ], [ -0.478029341569827, 51.523601700990305 ], [ -0.478141879531794, 51.523819797073187 ], [ -0.478275091176371, 51.523913682949832 ], [ -0.478280173468439, 51.523914297459527 ], [ -0.478303846909004, 51.523917185580146 ], [ -0.478310867143439, 51.523918041062004 ], [ -0.478327060119795, 51.52391917749631 ], [ -0.478370221963666, 51.523924665583309 ], [ -0.478511204786468, 51.523942596359568 ], [ -0.478522963807272, 51.523936638835885 ], [ -0.478559116386865, 51.523915850672573 ], [ -0.478784708290473, 51.523800873660591 ], [ -0.47906471643255, 51.523821493887276 ], [ -0.479550727712417, 51.52381969794245 ], [ -0.479588981678281, 51.523819551262228 ], [ -0.479598273099846, 51.523819514432866 ], [ -0.479606528418884, 51.523803408639886 ], [ -0.479612219612308, 51.52380240340792 ], [ -0.480248584821818, 51.523823902342862 ], [ -0.480225417233656, 51.523897184887744 ], [ -0.480216233840522, 51.523926236416834 ], [ -0.480188297105387, 51.524014608920332 ], [ -0.480183865331704, 51.524028660171375 ], [ -0.48018283457979, 51.524031910963998 ], [ -0.480172440649253, 51.524064849393284 ], [ -0.480169799698871, 51.52407316887534 ], [ -0.480154592254179, 51.524121232662587 ], [ -0.480150642984048, 51.524133779483613 ], [ -0.480126976094443, 51.524208629153598 ], [ -0.480125736182223, 51.524212533661654 ], [ -0.480115938130015, 51.524243591454251 ], [ -0.480114520572612, 51.524248069157444 ], [ -0.480105208921325, 51.524277505673119 ], [ -0.480101696233528, 51.524288628397827 ], [ -0.48009389550767, 51.524313813224339 ], [ -0.480094303472744, 51.524319744357001 ], [ -0.480098710867632, 51.524385664684708 ], [ -0.480100330912344, 51.524409744252694 ], [ -0.480101268325423, 51.524423586371356 ], [ -0.480105613325145, 51.524488350394776 ], [ -0.480114587216221, 51.524568649976679 ], [ -0.480118962551093, 51.524607822669097 ], [ -0.480122317513867, 51.524637810112594 ], [ -0.480127453631669, 51.524683790753237 ], [ -0.480129483250541, 51.524701846380147 ], [ -0.480136664032229, 51.524766080669956 ], [ -0.480144763064291, 51.524838671603376 ], [ -0.480145875677489, 51.52484855044527 ], [ -0.480146432732284, 51.524853467395488 ], [ -0.480148996607797, 51.5248764756452 ], [ -0.480153796235163, 51.524919358613133 ], [ -0.480154396263865, 51.52492471673704 ], [ -0.480157406927705, 51.524951624391178 ], [ -0.480168434650076, 51.525050339594216 ], [ -0.480397151119014, 51.525068673056467 ], [ -0.480418054682922, 51.525070346876497 ], [ -0.480689383286134, 51.525092100785791 ], [ -0.480797825518006, 51.525100799220475 ], [ -0.480819030793591, 51.525102503857283 ], [ -0.481096397938292, 51.525124739757331 ], [ -0.481135487894109, 51.525127872088447 ], [ -0.481195596440261, 51.525132688572228 ], [ -0.481236914675053, 51.525136002614367 ], [ -0.481377970305572, 51.525147317248454 ], [ -0.481646797989956, 51.525168874696469 ], [ -0.481737981735545, 51.525176179688593 ], [ -0.481792483547178, 51.525180545562463 ], [ -0.481801713323323, 51.52518128558971 ], [ -0.481915216747058, 51.525190381275905 ], [ -0.481926416039111, 51.52519128168818 ], [ -0.481917689015956, 51.525211832672817 ], [ -0.481912824663755, 51.525223297637091 ], [ -0.481868135821308, 51.525328475775055 ], [ -0.481817690552709, 51.525447229446343 ], [ -0.481814719099008, 51.525454222836821 ], [ -0.481811043343893, 51.525462888640838 ], [ -0.481704393049957, 51.525713971912822 ], [ -0.481701344345427, 51.525721117183679 ], [ -0.48157941176155, 51.526008169071815 ], [ -0.481398563746366, 51.52599849712945 ], [ -0.481390332891066, 51.525998057761861 ], [ -0.481317277039888, 51.52599415263829 ], [ -0.481286497867892, 51.525992503858831 ], [ -0.481186080359529, 51.525987133533505 ], [ -0.481071338363156, 51.525980988476441 ], [ -0.480962459815892, 51.525975166593398 ], [ -0.480928652624825, 51.525975708537104 ], [ -0.480915282961876, 51.525975912910305 ], [ -0.480835669260522, 51.525977173927316 ], [ -0.480820482274007, 51.525977408685208 ], [ -0.480732950275592, 51.525978800784628 ], [ -0.480721426453122, 51.525978984103702 ], [ -0.480574184540882, 51.525981310518134 ], [ -0.480567434568743, 51.525981420832359 ], [ -0.480541271596154, 51.525981836967532 ], [ -0.480523459485282, 51.525982118581013 ], [ -0.480469806119573, 51.525982987567758 ], [ -0.480459364163994, 51.525983148919735 ], [ -0.480399595715584, 51.525984109437431 ], [ -0.480380586463517, 51.525984411475164 ], [ -0.480127464564298, 51.525988484656104 ], [ -0.480116546213608, 51.525988666775845 ], [ -0.480083560917419, 51.52598920115063 ], [ -0.479911685823929, 51.525996647537291 ], [ -0.47989942987057, 51.525997171975092 ], [ -0.479788979794429, 51.52600196189514 ], [ -0.479776420651818, 51.526002500371597 ], [ -0.47962029528587, 51.526009260405999 ], [ -0.479602423463808, 51.526010035675931 ], [ -0.479590210431708, 51.526010569630458 ], [ -0.47956425432263, 51.526011698615193 ], [ -0.479407551646349, 51.526018477853079 ], [ -0.479402600090908, 51.526018692364552 ], [ -0.479348277367469, 51.526021044858396 ], [ -0.479332744280727, 51.526021715550556 ], [ -0.479291847038208, 51.526023486877349 ], [ -0.479285942693741, 51.526023742973713 ], [ -0.479204768982982, 51.526027257667216 ], [ -0.479188371116031, 51.526026626737426 ], [ -0.479092444259886, 51.526022980946713 ], [ -0.478858955427777, 51.526014083149278 ], [ -0.478826893372131, 51.526012866682635 ], [ -0.478706722292117, 51.526008294414282 ], [ -0.478674918181216, 51.526128840144693 ], [ -0.478660836070999, 51.526182192404633 ], [ -0.478621379123411, 51.526181401433163 ], [ -0.478613081340498, 51.52618123976 ], [ -0.478560904249862, 51.526180193714985 ], [ -0.478540006738301, 51.526272146422009 ], [ -0.478538194954347, 51.526280224872991 ], [ -0.478477872626508, 51.526279410253217 ], [ -0.478478072802755, 51.526297833374159 ], [ -0.478478107802521, 51.526301106989422 ], [ -0.478481654807901, 51.526626625715934 ], [ -0.478482743049944, 51.526727145659571 ], [ -0.478452359648207, 51.526728747458833 ], [ -0.478437731102634, 51.52672951969835 ], [ -0.478314797087514, 51.52673598954793 ], [ -0.478301338077659, 51.526736705018479 ], [ -0.478258810184471, 51.52673894039085 ], [ -0.478144973680823, 51.526744934706471 ], [ -0.478133233253435, 51.526745555576241 ], [ -0.478128207774142, 51.526745823027184 ], [ -0.478118142406242, 51.526746357741281 ], [ -0.478000710194515, 51.526752539020023 ], [ -0.47795616019614, 51.526754891896658 ], [ -0.477931177481397, 51.526756213005889 ], [ -0.47782375236331, 51.526761876636925 ], [ -0.477775130569482, 51.526764428339668 ], [ -0.477737988643606, 51.526766391777485 ], [ -0.477723259212842, 51.526767162617439 ], [ -0.477718934518781, 51.526747719259838 ], [ -0.477705335650871, 51.52668651255842 ], [ -0.477704070131384, 51.526680804057456 ], [ -0.477662029845843, 51.526491691534261 ], [ -0.477653920983506, 51.526455185774836 ], [ -0.477629751906644, 51.526455887934901 ], [ -0.477625336733881, 51.526456010424873 ], [ -0.477549107161156, 51.526458212391269 ], [ -0.477529569990722, 51.526458776874755 ], [ -0.477524022206071, 51.526458929608076 ], [ -0.477484320169579, 51.526460077385401 ], [ -0.477464840934028, 51.526460633618562 ], [ -0.477432302745499, 51.526461582201399 ], [ -0.477227235057276, 51.526467491870307 ], [ -0.477211636955798, 51.526467945623949 ], [ -0.477083678839624, 51.526471633256065 ], [ -0.47705776385125, 51.526472384547951 ], [ -0.476925924274823, 51.526476183427555 ], [ -0.476905968628892, 51.526476760352949 ], [ -0.47660695179084, 51.526485390981449 ], [ -0.476589708944785, 51.526485886217841 ], [ -0.476514056854722, 51.526488059049242 ], [ -0.476500825430657, 51.526488435568034 ], [ -0.476475242135604, 51.526489182050916 ], [ -0.476482263963698, 51.526756845237124 ], [ -0.476482345055543, 51.526760029530045 ], [ -0.476486481287549, 51.526917662607772 ], [ -0.476486661340184, 51.526924575453783 ], [ -0.47648688284191, 51.526933269294148 ], [ -0.47648902335458, 51.527015530784794 ], [ -0.476489127269308, 51.527019326843835 ], [ -0.476492314451862, 51.527140403279702 ], [ -0.476493989143424, 51.52720444950868 ], [ -0.47649409906569, 51.527208497427267 ], [ -0.476496537518534, 51.527301265675796 ], [ -0.476496667568359, 51.527306437880839 ], [ -0.47649908680528, 51.527398486502136 ], [ -0.476499224957575, 51.52740341602307 ], [ -0.476499437006566, 51.527412177181354 ], [ -0.476499717817961, 51.527422333024333 ], [ -0.476499980919186, 51.527432587551253 ], [ -0.476500120883065, 51.5274383263936 ], [ -0.476500725161685, 51.527460814746071 ], [ -0.476501029707261, 51.527472418641501 ], [ -0.476501325245002, 51.52748386056026 ], [ -0.476501671835039, 51.527496795847632 ], [ -0.476503317708322, 51.527559762634368 ], [ -0.47650351443197, 51.527567255693207 ], [ -0.476503621054291, 51.527571402482813 ], [ -0.476504977993484, 51.527622729607806 ], [ -0.476505290353363, 51.527634963058404 ], [ -0.476505367840432, 51.527637823584854 ], [ -0.476505553455926, 51.52764521758499 ], [ -0.476505701519974, 51.527650497930317 ], [ -0.476507039848397, 51.527701734890705 ], [ -0.47651098124879, 51.527851820956819 ], [ -0.476511363890373, 51.52786669902688 ], [ -0.476511844141701, 51.527885130284083 ], [ -0.476511926430557, 51.527887846997636 ], [ -0.476514431902202, 51.527983358727376 ], [ -0.476516828955437, 51.528074777596132 ], [ -0.476517207092283, 51.528089358864541 ], [ -0.476519297800343, 51.528169227767428 ], [ -0.476519399317241, 51.528173095732129 ], [ -0.476520481460852, 51.528214087244628 ], [ -0.476521439871096, 51.528251012675035 ], [ -0.476521670535211, 51.528259648183294 ], [ -0.476525884403689, 51.528420141749919 ], [ -0.47652802468676, 51.528501980584082 ], [ -0.476528146626933, 51.528506532221087 ], [ -0.47651888122085, 51.52850770665097 ], [ -0.476420536476096, 51.528515887955656 ], [ -0.476345863333137, 51.5285221064075 ], [ -0.476319444856431, 51.528524303230753 ], [ -0.47629567910773, 51.528526278260024 ], [ -0.476272371194572, 51.528528227764426 ], [ -0.476237681078763, 51.528531108336679 ], [ -0.476227373659181, 51.52853197245274 ], [ -0.476215996921251, 51.528532912586343 ], [ -0.476200369629063, 51.528534220085021 ], [ -0.476182588689875, 51.528535697407158 ], [ -0.47617226715889, 51.5285365523427 ], [ -0.476162509106014, 51.528537369643054 ], [ -0.476007054620309, 51.528550324720818 ], [ -0.475948240287605, 51.5285552069845 ], [ -0.475905189993701, 51.528558788035909 ], [ -0.475899320747172, 51.528559278215432 ], [ -0.475871030022678, 51.528561634929275 ], [ -0.475861821329593, 51.528562405395931 ], [ -0.475805139003165, 51.528567117486716 ], [ -0.475787126585196, 51.528568618714928 ], [ -0.475774535513863, 51.528569659910822 ], [ -0.475769952930545, 51.528570040927413 ], [ -0.475710162295037, 51.528575018280229 ], [ -0.47570277522317, 51.528575632583426 ], [ -0.475641567620454, 51.52858073534648 ], [ -0.475627343143371, 51.528581908147991 ], [ -0.475628264037493, 51.528603105743052 ], [ -0.475637567226722, 51.528823481627349 ], [ -0.475638430493534, 51.528843815221052 ], [ -0.475682527267218, 51.528840850356055 ], [ -0.475735914738721, 51.528837250967968 ], [ -0.475747747866039, 51.528836460691949 ], [ -0.475794835705805, 51.528833287401689 ], [ -0.475802117744703, 51.528832797617433 ], [ -0.475890383598241, 51.528826859695883 ], [ -0.475892739826171, 51.528950110411607 ], [ -0.475892860204351, 51.528956433491409 ], [ -0.475893777300705, 51.529004077084082 ], [ -0.475893840642183, 51.529006928434178 ], [ -0.475894814776212, 51.529058043756102 ], [ -0.475894965174104, 51.529066057759174 ], [ -0.475895954319137, 51.529117586916854 ], [ -0.475896898735959, 51.529166570700859 ], [ -0.4758970650448, 51.529174971575145 ], [ -0.475897914600225, 51.529219458026844 ], [ -0.475898147853226, 51.529231034016952 ], [ -0.475899971848262, 51.529326626799723 ], [ -0.475900059205483, 51.529331348838802 ], [ -0.475900568940092, 51.529357954384125 ], [ -0.476040603998114, 51.529346844663237 ], [ -0.475989895707186, 51.529543869694123 ], [ -0.475988754021108, 51.529548270015638 ], [ -0.475909618402865, 51.529855727162818 ], [ -0.475865700671736, 51.52986754725832 ], [ -0.475853422676476, 51.52987085856757 ], [ -0.475778388112092, 51.5298910683101 ], [ -0.475769005184647, 51.529893594477628 ], [ -0.475903651834495, 51.530088745254439 ], [ -0.475897412942912, 51.530106641314859 ], [ -0.475896349470443, 51.530109692024567 ], [ -0.475891939050015, 51.530120883903372 ], [ -0.475870330279774, 51.530170389067365 ], [ -0.475867445292258, 51.530177000376653 ], [ -0.475813853209892, 51.530299757234658 ], [ -0.475812202307792, 51.530300583727623 ], [ -0.475740324351362, 51.530336586126147 ], [ -0.4748751337932, 51.530419829032176 ], [ -0.473762679840262, 51.530526849239038 ], [ -0.473633307414583, 51.530539300067055 ], [ -0.473257136929617, 51.530579361114519 ], [ -0.473194591147056, 51.530585164543211 ], [ -0.472864480697808, 51.530615753131748 ], [ -0.472851743744446, 51.530602611421713 ], [ -0.471916904920619, 51.53068969526273 ] ] ] } },
{ "type": "Feature", "properties": { "lsoa21cd": "E01002519", "lsoa21nm": "Hillingdon 022D", "msoa21cd": "E02000515", "msoa21nm": "Hillingdon 022", "lad22cd": "E09000017", "lad22nm": "Hillingdon", "index_right": 131, "GSS_CODE": "E05000341", "risk_score": 5.0641714654934873, "allocation_hours": 75.386420248353062, "patrol_units": 38 }, "geometry": { "type": "Polygon", "coordinates": [ [ [ -0.485438967802761, 51.527365855027206 ], [ -0.485434721968058, 51.52735930601655 ], [ -0.485253711304698, 51.527381021704088 ], [ -0.484905030442815, 51.527427313314455 ], [ -0.484898297214471, 51.527428206453777 ], [ -0.484702641698681, 51.527436638416127 ], [ -0.484696878909429, 51.527436968552877 ], [ -0.484670295119975, 51.527405763601713 ], [ -0.484429307675969, 51.527122900078133 ], [ -0.484344881873363, 51.527023793276882 ], [ -0.484297552424019, 51.526971395089681 ], [ -0.484223652774882, 51.526889572458501 ], [ -0.484220469973485, 51.526886878593722 ], [ -0.483670520132931, 51.526421081193554 ], [ -0.483658420259008, 51.526410835389093 ], [ -0.48362862414388, 51.526388706722251 ], [ -0.483616082274404, 51.526381350682513 ], [ -0.483557403688297, 51.526346906638928 ], [ -0.482668036458924, 51.526443643274057 ], [ -0.48263456600785, 51.526486498367596 ], [ -0.482626314988598, 51.526497065277766 ], [ -0.482620849522618, 51.526504062381726 ], [ -0.482578235357304, 51.52649416772681 ], [ -0.48249498118728, 51.526474835558865 ], [ -0.482490276099271, 51.52648194141689 ], [ -0.482388485352698, 51.526644587071942 ], [ -0.482366474445902, 51.526641946081241 ], [ -0.4820509837607, 51.526604130379781 ], [ -0.482043341100092, 51.526605506108773 ], [ -0.48193680639474, 51.526624727293139 ], [ -0.481919939995903, 51.526627772982117 ], [ -0.481900493908875, 51.526651161575366 ], [ -0.481895298098146, 51.526657415785941 ], [ -0.481883602230079, 51.526665797876348 ], [ -0.481785480294676, 51.526712913796366 ], [ -0.481778624344307, 51.52671620604594 ], [ -0.48162979165002, 51.526658840945615 ], [ -0.481624481447468, 51.526657702074417 ], [ -0.481541160935492, 51.526639933012703 ], [ -0.481534691074307, 51.526638554306942 ], [ -0.481523504827863, 51.526633787377101 ], [ -0.48150903494109, 51.526627629069885 ], [ -0.48143441405752, 51.526615278051388 ], [ -0.481430356911539, 51.526614605018118 ], [ -0.481323836008268, 51.526636001936716 ], [ -0.481307451401884, 51.526639296570373 ], [ -0.481164566595476, 51.526628461657438 ], [ -0.48114472195132, 51.526630034380908 ], [ -0.481130425992758, 51.52662861267401 ], [ -0.481058988346757, 51.52662110450671 ], [ -0.48104331584853, 51.52661946262343 ], [ -0.481026476646071, 51.526613462383857 ], [ -0.481013911414861, 51.526608983266804 ], [ -0.480950198854228, 51.526599574395895 ], [ -0.480942552700346, 51.526600837605393 ], [ -0.480915548384214, 51.526605298400753 ], [ -0.480693033193251, 51.526618712272281 ], [ -0.480645437775394, 51.526611229688378 ], [ -0.480638396710178, 51.526610122285966 ], [ -0.480593401510718, 51.526609835678329 ], [ -0.480577951624849, 51.526609734285074 ], [ -0.480509861658453, 51.526602129806747 ], [ -0.480494006208178, 51.526600355091048 ], [ -0.480489519755148, 51.526599154911359 ], [ -0.480401753343634, 51.526590670289863 ], [ -0.480397137972891, 51.526591176952927 ], [ -0.480370940234551, 51.526594141888026 ], [ -0.480355108984489, 51.526597484028819 ], [ -0.48034181704155, 51.52659924499504 ], [ -0.480229778219455, 51.526614041031905 ], [ -0.4802205117661, 51.526615260701746 ], [ -0.480172238653879, 51.526613411742439 ], [ -0.480161685740259, 51.526613005120474 ], [ -0.48015733777449, 51.526612840826999 ], [ -0.480133635201922, 51.526614250944725 ], [ -0.480098295854014, 51.526620096161096 ], [ -0.480081394202494, 51.52662289833907 ], [ -0.480066816461208, 51.526623878261283 ], [ -0.480055732466645, 51.526622970170983 ], [ -0.480014357588595, 51.526619592017212 ], [ -0.480000196927933, 51.526618437197129 ], [ -0.47988874735649, 51.526620300775683 ], [ -0.479861957505008, 51.526623945820091 ], [ -0.479853471529918, 51.526625103647049 ], [ -0.479826652555528, 51.526628757297821 ], [ -0.479785643660212, 51.526629538206826 ], [ -0.479756015551099, 51.526630107046238 ], [ -0.479682919158604, 51.526639940460214 ], [ -0.479667537419963, 51.526639956729639 ], [ -0.479656004718288, 51.526639968977108 ], [ -0.479645160728169, 51.526640943331259 ], [ -0.479602623189053, 51.526644770685195 ], [ -0.479574038384032, 51.526647340289863 ], [ -0.479544402143018, 51.526647720134129 ], [ -0.479536785497085, 51.526648745341525 ], [ -0.479523341600571, 51.526650306415149 ], [ -0.479516151439253, 51.526650213129493 ], [ -0.479503255258226, 51.526650045812424 ], [ -0.479375641305714, 51.526660700373789 ], [ -0.479353524326063, 51.526662544548572 ], [ -0.479320105029459, 51.526662245795094 ], [ -0.479288876222744, 51.526661966463841 ], [ -0.479266670538002, 51.526663876912686 ], [ -0.479229934202381, 51.526662325639997 ], [ -0.479219177822493, 51.526662833497255 ], [ -0.479124031939453, 51.526667290847669 ], [ -0.479021332924181, 51.52665983884004 ], [ -0.478992689309923, 51.526651846201389 ], [ -0.478984623648285, 51.526649475486096 ], [ -0.478980812062125, 51.526648355945099 ], [ -0.478763632448379, 51.526645258283828 ], [ -0.478724535979737, 51.526650074167001 ], [ -0.478716443515942, 51.526651102136789 ], [ -0.478687512368534, 51.526650654642644 ], [ -0.478678827180163, 51.526649139115293 ], [ -0.478605103066491, 51.526636285381358 ], [ -0.478593307884305, 51.526634225910882 ], [ -0.478481654807901, 51.526626625715934 ], [ -0.478478107802521, 51.526301106989422 ], [ -0.478478072802755, 51.526297833374159 ], [ -0.478477872626508, 51.526279410253217 ], [ -0.478538194954347, 51.526280224872991 ], [ -0.478540006738301, 51.526272146422009 ], [ -0.478560904249862, 51.526180193714985 ], [ -0.478613081340498, 51.52618123976 ], [ -0.478621379123411, 51.526181401433163 ], [ -0.478660836070999, 51.526182192404633 ], [ -0.478674918181216, 51.526128840144693 ], [ -0.478706722292117, 51.526008294414282 ], [ -0.478826893372131, 51.526012866682635 ], [ -0.478858955427777, 51.526014083149278 ], [ -0.479092444259886, 51.526022980946713 ], [ -0.479188371116031, 51.526026626737426 ], [ -0.479204768982982, 51.526027257667216 ], [ -0.479285942693741, 51.526023742973713 ], [ -0.479291847038208, 51.526023486877349 ], [ -0.479332744280727, 51.526021715550556 ], [ -0.479348277367469, 51.526021044858396 ], [ -0.479402600090908, 51.526018692364552 ], [ -0.479407551646349, 51.526018477853079 ], [ -0.47956425432263, 51.526011698615193 ], [ -0.479590210431708, 51.526010569630458 ], [ -0.479602423463808, 51.526010035675931 ], [ -0.47962029528587, 51.526009260405999 ], [ -0.479776420651818, 51.526002500371597 ], [ -0.479788979794429, 51.52600196189514 ], [ -0.47989942987057, 51.525997171975092 ], [ -0.479911685823929, 51.525996647537291 ], [ -0.480083560917419, 51.52598920115063 ], [ -0.480116546213608, 51.525988666775845 ], [ -0.480127464564298, 51.525988484656104 ], [ -0.480380586463517, 51.525984411475164 ], [ -0.480399595715584, 51.525984109437431 ], [ -0.480459364163994, 51.525983148919735 ], [ -0.480469806119573, 51.525982987567758 ], [ -0.480523459485282, 51.525982118581013 ], [ -0.480541271596154, 51.525981836967532 ], [ -0.480567434568743, 51.525981420832359 ], [ -0.480574184540882, 51.525981310518134 ], [ -0.480721426453122, 51.525978984103702 ], [ -0.480732950275592, 51.525978800784628 ], [ -0.480820482274007, 51.525977408685208 ], [ -0.480835669260522, 51.525977173927316 ], [ -0.480915282961876, 51.525975912910305 ], [ -0.480928652624825, 51.525975708537104 ], [ -0.480962459815892, 51.525975166593398 ], [ -0.481071338363156, 51.525980988476441 ], [ -0.481186080359529, 51.525987133533505 ], [ -0.481286497867892, 51.525992503858831 ], [ -0.481317277039888, 51.52599415263829 ], [ -0.481390332891066, 51.525998057761861 ], [ -0.481398563746366, 51.52599849712945 ], [ -0.48157941176155, 51.526008169071815 ], [ -0.481701344345427, 51.525721117183679 ], [ -0.481704393049957, 51.525713971912822 ], [ -0.481811043343893, 51.525462888640838 ], [ -0.481814719099008, 51.525454222836821 ], [ -0.481817690552709, 51.525447229446343 ], [ -0.481868135821308, 51.525328475775055 ], [ -0.481912824663755, 51.525223297637091 ], [ -0.481917689015956, 51.525211832672817 ], [ -0.481926416039111, 51.52519128168818 ], [ -0.481915216747058, 51.525190381275905 ], [ -0.481801713323323, 51.52518128558971 ], [ -0.481792483547178, 51.525180545562463 ], [ -0.481737981735545, 51.525176179688593 ], [ -0.481646797989956, 51.525168874696469 ], [ -0.481377970305572, 51.525147317248454 ], [ -0.481236914675053, 51.525136002614367 ], [ -0.481195596440261, 51.525132688572228 ], [ -0.481135487894109, 51.525127872088447 ], [ -0.481096397938292, 51.525124739757331 ], [ -0.480819030793591, 51.525102503857283 ], [ -0.480797825518006, 51.525100799220475 ], [ -0.480689383286134, 51.525092100785791 ], [ -0.480418054682922, 51.525070346876497 ], [ -0.480397151119014, 51.525068673056467 ], [ -0.480168434650076, 51.525050339594216 ], [ -0.480157406927705, 51.524951624391178 ], [ -0.480154396263865, 51.52492471673704 ], [ -0.480153796235163, 51.524919358613133 ], [ -0.480148996607797, 51.5248764756452 ], [ -0.480146432732284, 51.524853467395488 ], [ -0.480145875677489, 51.52484855044527 ], [ -0.480144763064291, 51.524838671603376 ], [ -0.480136664032229, 51.524766080669956 ], [ -0.480129483250541, 51.524701846380147 ], [ -0.480127453631669, 51.524683790753237 ], [ -0.480122317513867, 51.524637810112594 ], [ -0.480118962551093, 51.524607822669097 ], [ -0.480114587216221, 51.524568649976679 ], [ -0.480105613325145, 51.524488350394776 ], [ -0.480101268325423, 51.524423586371356 ], [ -0.480100330912344, 51.524409744252694 ], [ -0.480098710867632, 51.524385664684708 ], [ -0.480094303472744, 51.524319744357001 ], [ -0.48009389550767, 51.524313813224339 ], [ -0.480101696233528, 51.524288628397827 ], [ -0.480105208921325, 51.524277505673119 ], [ -0.480114520572612, 51.524248069157444 ], [ -0.480115938130015, 51.524243591454251 ], [ -0.480125736182223, 51.524212533661654 ], [ -0.480126976094443, 51.524208629153598 ], [ -0.480150642984048, 51.524133779483613 ], [ -0.480154592254179, 51.524121232662587 ], [ -0.480169799698871, 51.52407316887534 ], [ -0.480172440649253, 51.524064849393284 ], [ -0.48018283457979, 51.524031910963998 ], [ -0.480183865331704, 51.524028660171375 ], [ -0.480188297105387, 51.524014608920332 ], [ -0.480216233840522, 51.523926236416834 ], [ -0.480225417233656, 51.523897184887744 ], [ -0.480248584821818, 51.523823902342862 ], [ -0.480252314549146, 51.523812103516434 ], [ -0.480255997010577, 51.523800425471315 ], [ -0.480279648971706, 51.523725580063243 ], [ -0.480311690582631, 51.523722173857841 ], [ -0.480344918160561, 51.523718648138306 ], [ -0.480397312163432, 51.523713104888209 ], [ -0.480408248240514, 51.523711942815851 ], [ -0.480428905307021, 51.523709746788739 ], [ -0.480434763716099, 51.523709130347704 ], [ -0.480499222410813, 51.523702295733543 ], [ -0.480554755554418, 51.523696415439098 ], [ -0.480832726366128, 51.523666936592278 ], [ -0.48083974251666, 51.52366618227029 ], [ -0.480909668693213, 51.523658779851701 ], [ -0.480931858685173, 51.523656432752141 ], [ -0.481012938510054, 51.52364782600737 ], [ -0.481018088207274, 51.523647281281207 ], [ -0.481064696173235, 51.523642341649357 ], [ -0.481163582717294, 51.523631856906022 ], [ -0.481176182297842, 51.52363051849067 ], [ -0.4811884345831, 51.523629220534268 ], [ -0.481192716488779, 51.523628763468714 ], [ -0.481216599107534, 51.523626231428921 ], [ -0.481227795397739, 51.523625045674606 ], [ -0.481259672944555, 51.523621671251078 ], [ -0.481884443480881, 51.523555428965352 ], [ -0.481996792388956, 51.523532821076742 ], [ -0.482002016437998, 51.523531773707589 ], [ -0.482038614787923, 51.523524406536652 ], [ -0.482028620564965, 51.523501149201046 ], [ -0.482012499325208, 51.523463613852499 ], [ -0.482010252098421, 51.523458369280881 ], [ -0.482006572884317, 51.523449806031302 ], [ -0.482002545957666, 51.523440428981665 ], [ -0.481993447473647, 51.523419278423638 ], [ -0.481986356597584, 51.523402775849469 ], [ -0.481950073833403, 51.523318300940218 ], [ -0.481943064350959, 51.523301952285216 ], [ -0.481941190975375, 51.523297602780822 ], [ -0.481926433975287, 51.523263259333 ], [ -0.481873895674337, 51.523140964050853 ], [ -0.481808395430097, 51.522988439983877 ], [ -0.481800489140816, 51.522970020495443 ], [ -0.481771457130686, 51.52290245484312 ], [ -0.481767191504608, 51.522892022609419 ], [ -0.481765045479796, 51.522886770352663 ], [ -0.481754834529943, 51.522861801675688 ], [ -0.481744637399465, 51.522836851161372 ], [ -0.481743503887297, 51.5228340938625 ], [ -0.481727162074498, 51.522794100758432 ], [ -0.481721710404671, 51.522780757676784 ], [ -0.481712925765994, 51.522759278455538 ], [ -0.481709606605698, 51.522751160479331 ], [ -0.48168913256331, 51.522701060581994 ], [ -0.481682721855611, 51.522685349123506 ], [ -0.481673576031785, 51.522663028948003 ], [ -0.481649629176958, 51.522604449390116 ], [ -0.481630440982529, 51.522557513405587 ], [ -0.481628548108033, 51.522552884886821 ], [ -0.48162744192866, 51.52255017290198 ], [ -0.481623163443271, 51.522539695536501 ], [ -0.481621497269983, 51.52253561847759 ], [ -0.481580753014087, 51.522441868689889 ], [ -0.48157732615982, 51.522433956135636 ], [ -0.481574660769374, 51.52242785188249 ], [ -0.481571474126971, 51.522420517939693 ], [ -0.481536527111708, 51.522340124695745 ], [ -0.481529377381946, 51.522323666297183 ], [ -0.481520660915656, 51.522303608712043 ], [ -0.481423762109982, 51.522171647450591 ], [ -0.481343769582799, 51.522062709344013 ], [ -0.481339494793736, 51.522056889967949 ], [ -0.481319872623974, 51.522030162742702 ], [ -0.481301746601633, 51.522005473645109 ], [ -0.481278255737817, 51.521973503301723 ], [ -0.481275401882341, 51.521969599685356 ], [ -0.481271210564899, 51.521963871310525 ], [ -0.481269404165792, 51.521961411023142 ], [ -0.481250067141579, 51.521931963750625 ], [ -0.481242362540896, 51.521924606328255 ], [ -0.481216769487476, 51.521889753717176 ], [ -0.481205089922513, 51.521873848073639 ], [ -0.4812030130964, 51.521871024593985 ], [ -0.48119830506829, 51.521864624099955 ], [ -0.48116482513649, 51.521819013546271 ], [ -0.481142886385895, 51.521789135989486 ], [ -0.481085009744087, 51.521710327563333 ], [ -0.481027235280775, 51.521631658915958 ], [ -0.481002166039337, 51.5215996995422 ], [ -0.480942846384582, 51.521524070872651 ], [ -0.48087460684908, 51.521437113322065 ], [ -0.480870057813609, 51.521431308361016 ], [ -0.480774662199359, 51.521309711615785 ], [ -0.480765052023337, 51.521297465596547 ], [ -0.48076019860365, 51.52129127901496 ], [ -0.480721315748564, 51.521241722691258 ], [ -0.480704240067211, 51.521224685983952 ], [ -0.480623970638488, 51.521144597065657 ], [ -0.480545356018945, 51.521066158033037 ], [ -0.480531885193098, 51.521052720843258 ], [ -0.480479676127867, 51.521000639343136 ], [ -0.480454356720939, 51.520975348819796 ], [ -0.480448357985304, 51.520969363191377 ], [ -0.480406631642598, 51.520927736983033 ], [ -0.480393790633835, 51.520913394338614 ], [ -0.480848747091895, 51.520776527282031 ], [ -0.480853464185606, 51.520775113699393 ], [ -0.480939059751329, 51.520749354374061 ], [ -0.480964771722134, 51.52074162160006 ], [ -0.481123120263527, 51.520693991777257 ], [ -0.4811268621708, 51.520692862288804 ], [ -0.481132316135416, 51.520691221748422 ], [ -0.481319381571761, 51.520634947295797 ], [ -0.481325842959636, 51.52063300597132 ], [ -0.481330344644754, 51.520631654321598 ], [ -0.481375318859144, 51.520618119277934 ], [ -0.481493162292163, 51.520582679102219 ], [ -0.481504737036445, 51.520579196207137 ], [ -0.481521262049087, 51.52057422179135 ], [ -0.481556874391653, 51.52056350584089 ], [ -0.481662473546105, 51.520531737543848 ], [ -0.481909141996176, 51.520459665154384 ], [ -0.481990764023575, 51.520435816565197 ], [ -0.482018460932428, 51.520427722593354 ], [ -0.482444183452894, 51.520303315867437 ], [ -0.482449495950335, 51.520301766051602 ], [ -0.482518789522943, 51.520281516206026 ], [ -0.482700380532394, 51.520228454343773 ], [ -0.482792135167293, 51.520201640324402 ], [ -0.482852960314019, 51.520183867716199 ], [ -0.482863323539244, 51.52018083659533 ], [ -0.482924934585353, 51.520162834927945 ], [ -0.482938266903227, 51.520158939411168 ], [ -0.483036526351906, 51.52011247151853 ], [ -0.483257397827972, 51.520007998871911 ], [ -0.483410278016178, 51.519935683448459 ], [ -0.483414231607948, 51.519933819262995 ], [ -0.483490427565229, 51.519906913976676 ], [ -0.483539076019579, 51.519889736107842 ], [ -0.483821841886207, 51.519789893725559 ], [ -0.484140922051617, 51.519677229775979 ], [ -0.484150504351027, 51.519673837742047 ], [ -0.484277068227856, 51.519629155540372 ], [ -0.484639839765976, 51.519501066989704 ], [ -0.484716730484643, 51.519473906381357 ], [ -0.484721222520467, 51.519472318875927 ], [ -0.484847158493759, 51.519427852720106 ], [ -0.485599764982437, 51.519171884604631 ], [ -0.485648174443204, 51.51915426476009 ], [ -0.485652858025952, 51.519152553795834 ], [ -0.486031277292254, 51.519014789061501 ], [ -0.486213519459879, 51.5189484419911 ], [ -0.486234266307922, 51.518940886668233 ], [ -0.486379872528765, 51.518887887290624 ], [ -0.486533632864705, 51.518841952964898 ], [ -0.486776018213951, 51.518787882468217 ], [ -0.486917698565926, 51.518765009578594 ], [ -0.487008523796591, 51.51875490196516 ], [ -0.487097624530071, 51.518744986041142 ], [ -0.487189773691937, 51.518740114446857 ], [ -0.487381897481993, 51.518729968446749 ], [ -0.488067466460655, 51.518689067195005 ], [ -0.488389548103884, 51.5186734512002 ], [ -0.48849458717904, 51.518668358117587 ], [ -0.489429459735357, 51.518623024057952 ], [ -0.491241224688291, 51.51848196843482 ], [ -0.491473510609203, 51.518826940080949 ], [ -0.491645364987368, 51.518860498138856 ], [ -0.491615286065693, 51.518938918787399 ], [ -0.491607036702942, 51.518956940925072 ], [ -0.491590556378651, 51.518992427918803 ], [ -0.491563137691731, 51.519032225307157 ], [ -0.491548436947575, 51.519053554490746 ], [ -0.491544654860983, 51.51905765123125 ], [ -0.4915228000526, 51.519081307261551 ], [ -0.491430254560529, 51.51918144054126 ], [ -0.491209430421017, 51.519362093611413 ], [ -0.491135675505971, 51.519411338832732 ], [ -0.491119610034986, 51.519422057584038 ], [ -0.491080072315686, 51.519444307959567 ], [ -0.491042958194689, 51.51946518673342 ], [ -0.490791566202779, 51.519575899876656 ], [ -0.490673768672708, 51.5196384437888 ], [ -0.490665479353151, 51.519642842160167 ], [ -0.490574280650748, 51.519703911992835 ], [ -0.490536662358723, 51.51973784078951 ], [ -0.490513902376383, 51.519758769330423 ], [ -0.49048006304607, 51.519801334317407 ], [ -0.490424793526003, 51.519920048058097 ], [ -0.4903983981344, 51.520009908931563 ], [ -0.490367426602623, 51.520169688170412 ], [ -0.490351577004084, 51.520458817089072 ], [ -0.490356697115174, 51.520521900355405 ], [ -0.490365213547383, 51.52056554125987 ], [ -0.490387331996126, 51.520616739911972 ], [ -0.490429400419283, 51.520679246861206 ], [ -0.490458705404912, 51.520708848852408 ], [ -0.4904808416504, 51.520731191748048 ], [ -0.490510938131117, 51.520754734182979 ], [ -0.490535288610506, 51.520773760480303 ], [ -0.490566932099582, 51.520794112604385 ], [ -0.490597479136773, 51.520813623320585 ], [ -0.490654231178249, 51.52084359662792 ], [ -0.490665649683934, 51.520849624534698 ], [ -0.490719816662795, 51.520873647661695 ], [ -0.490901472686338, 51.520920056943446 ], [ -0.490947483679739, 51.520935729130102 ], [ -0.490993441617749, 51.520962595903114 ], [ -0.491047949417476, 51.521008141596191 ], [ -0.4910521853591, 51.52101168509121 ], [ -0.491056719979028, 51.521017093815537 ], [ -0.491105051943439, 51.521074609536953 ], [ -0.491127399194191, 51.521112817262875 ], [ -0.491142161720229, 51.521138032552926 ], [ -0.491165607192097, 51.521204930526281 ], [ -0.491166196662609, 51.521210207541152 ], [ -0.491173500759763, 51.521279640387469 ], [ -0.491170045645117, 51.521316562846074 ], [ -0.491166539416916, 51.521354159061374 ], [ -0.49116311967669, 51.521369087058147 ], [ -0.491148101518762, 51.521434860533745 ], [ -0.491146883298082, 51.52143813599919 ], [ -0.491121370428925, 51.521507425230958 ], [ -0.491109461396948, 51.521527558351693 ], [ -0.491074496580833, 51.521585827374544 ], [ -0.491012194153308, 51.521689658672528 ], [ -0.490786913430294, 51.521997232336929 ], [ -0.490780905051782, 51.52200543680155 ], [ -0.490722104441357, 51.522085726486914 ], [ -0.490677599914408, 51.522146498293097 ], [ -0.490647528098364, 51.522187547175385 ], [ -0.490625408875327, 51.522227853172133 ], [ -0.490583766949839, 51.522304047445836 ], [ -0.490576067667324, 51.522321968677893 ], [ -0.490558341534876, 51.522364552296061 ], [ -0.490536637765644, 51.522435868718219 ], [ -0.490522912883118, 51.522482118711849 ], [ -0.49050222417746, 51.522617301782788 ], [ -0.490584474774312, 51.523222784743673 ], [ -0.490584555126131, 51.523225802659788 ], [ -0.490587194280499, 51.52331683765712 ], [ -0.490504547597014, 51.523599351402986 ], [ -0.490321551820719, 51.524224857025658 ], [ -0.490274383202544, 51.524460600430082 ], [ -0.490273004130991, 51.524467425730052 ], [ -0.490270491123204, 51.524480202747846 ], [ -0.490269512386056, 51.524487127621256 ], [ -0.490264673844448, 51.52452487748544 ], [ -0.490261355676313, 51.524550660334434 ], [ -0.49025692410962, 51.524585259178991 ], [ -0.49025454949963, 51.524657022271889 ], [ -0.490257212564278, 51.524685453913747 ], [ -0.490262861366186, 51.524746071096914 ], [ -0.49027186016809, 51.524784736515336 ], [ -0.490286942368289, 51.524849539649246 ], [ -0.490324074395618, 51.524951989289548 ], [ -0.490377146369944, 51.525049761414692 ], [ -0.490532085251594, 51.525271525643944 ], [ -0.490555649242367, 51.525305244030363 ], [ -0.490575901189913, 51.525337984580453 ], [ -0.490585931065471, 51.525354209741757 ], [ -0.490672383080117, 51.525494045345667 ], [ -0.490709376766082, 51.525557997359378 ], [ -0.4907220029445, 51.525579840028279 ], [ -0.490763591577749, 51.525651746273283 ], [ -0.490814431521147, 51.525775611442164 ], [ -0.490851647774165, 51.525958325796552 ], [ -0.490861663644989, 51.526130519853183 ], [ -0.490862529804609, 51.526146168381914 ], [ -0.490858299710782, 51.526233931437176 ], [ -0.490819814492539, 51.526443771822002 ], [ -0.490796257928122, 51.526515684681542 ], [ -0.490787445854442, 51.526535407966755 ], [ -0.490774851711572, 51.526563562179085 ], [ -0.490711585567617, 51.526704976857772 ], [ -0.490638806469331, 51.526808429999988 ], [ -0.490634575734638, 51.526812556891805 ], [ -0.490598766442239, 51.526847399130659 ], [ -0.490566449754293, 51.526870142402537 ], [ -0.490546490188837, 51.526879304727707 ], [ -0.490502407081414, 51.526899302253575 ], [ -0.490479575328085, 51.526909655019516 ], [ -0.490229261534585, 51.52698651617321 ], [ -0.490103653702589, 51.527037035219585 ], [ -0.490083661845066, 51.527045644035894 ], [ -0.490026699326439, 51.527070160445021 ], [ -0.490017778589213, 51.527073993117618 ], [ -0.489999101026381, 51.527084705030809 ], [ -0.489926445888662, 51.527126437119719 ], [ -0.489921802152487, 51.527129101937071 ], [ -0.489904702106843, 51.527144851785998 ], [ -0.489885609801342, 51.527162428359411 ], [ -0.489869772677417, 51.527177043472484 ], [ -0.489817516651754, 51.52723535094222 ], [ -0.489788272008214, 51.527267785783138 ], [ -0.489782616377079, 51.527274016445723 ], [ -0.489727482217176, 51.527334731779 ], [ -0.489721976623516, 51.527340784528278 ], [ -0.489692274594937, 51.527369221831492 ], [ -0.489648860319823, 51.527410790902401 ], [ -0.489631858101066, 51.527427063522424 ], [ -0.489552877966046, 51.527502830224662 ], [ -0.489532045093895, 51.52752790178026 ], [ -0.489483201892138, 51.527586692804618 ], [ -0.489455949919075, 51.527619495847354 ], [ -0.489399536455602, 51.527710543148402 ], [ -0.489393840720016, 51.527719722710785 ], [ -0.489382631988493, 51.527737787447585 ], [ -0.489380606178374, 51.527741061474401 ], [ -0.489349917987552, 51.52779055465799 ], [ -0.489324154078236, 51.527832395997351 ], [ -0.48932093966004, 51.527837606010259 ], [ -0.489312681563959, 51.527851023836838 ], [ -0.489296817231236, 51.527884728915829 ], [ -0.489285466598319, 51.527908816572833 ], [ -0.489274423510416, 51.527932323700355 ], [ -0.489249487232294, 51.527985299008897 ], [ -0.48922611649546, 51.528034967381458 ], [ -0.48920169316257, 51.528086816277572 ], [ -0.489148764035796, 51.528199291766619 ], [ -0.489142700845287, 51.528212162367538 ], [ -0.489135365191346, 51.528227759184389 ], [ -0.48909222127008, 51.528319444948096 ], [ -0.489084917976484, 51.528334934273381 ], [ -0.489073689366533, 51.52836360050312 ], [ -0.489058286761058, 51.528402940607549 ], [ -0.48903965545772, 51.528450529887955 ], [ -0.489003259456735, 51.528543480558454 ], [ -0.489002062425421, 51.52854654045597 ], [ -0.488977620729489, 51.528608936899055 ], [ -0.488967365704672, 51.528651292764295 ], [ -0.488964472296989, 51.528663781575077 ], [ -0.488956367348977, 51.5287391484419 ], [ -0.488949607498534, 51.528801763755538 ], [ -0.488970879225889, 51.529070912867383 ], [ -0.488975702894202, 51.529099812928806 ], [ -0.488481445735332, 51.529265993386581 ], [ -0.488429203933864, 51.529280858413571 ], [ -0.48823962075071, 51.529334810524183 ], [ -0.488093207732983, 51.529376474561616 ], [ -0.488088491891737, 51.529377825526865 ], [ -0.487892923115976, 51.529421874165322 ], [ -0.487710833821033, 51.529462877137128 ], [ -0.487408034920999, 51.529530081621168 ], [ -0.487289644130306, 51.52955635816258 ], [ -0.487274935289158, 51.52956516058682 ], [ -0.486830328981161, 51.529653740208836 ], [ -0.486814837196654, 51.529635468698295 ], [ -0.486779014640745, 51.52959321073488 ], [ -0.486705246883749, 51.529506194523542 ], [ -0.486657347424149, 51.529006033447608 ], [ -0.486625110520989, 51.528981949941254 ], [ -0.486593363199925, 51.528953322697895 ], [ -0.486421932331688, 51.528798701304105 ], [ -0.486392718986008, 51.52877235475593 ], [ -0.486272556316156, 51.528651576091448 ], [ -0.486263312568113, 51.528637321033258 ], [ -0.485438967802761, 51.527365855027206 ] ] ] } },
{ "type": "Feature", "properties": { "lsoa21cd": "E01002414", "lsoa21nm": "Hillingdon 015A", "msoa21cd": "E02000508", "msoa21nm": "Hillingdon 015", "lad22cd": "E09000017", "lad22nm": "Hillingdon", "index_right": 131, "GSS_CODE": "E05000341", "risk_score": 4.7510574266033645, "allocation_hours": 70.725332707722217, "patrol_units": 35 }, "geometry": { "type": "Polygon", "coordinates": [ [ [ -0.472831032416865, 51.539135598889011 ], [ -0.472811080174313, 51.539037125101011 ], [ -0.472810815416765, 51.539035817768877 ], [ -0.472744933260887, 51.538889122359386 ], [ -0.472667370219233, 51.538716453321129 ], [ -0.472663834674132, 51.538708579459573 ], [ -0.472639736867188, 51.53865490517861 ], [ -0.472596128073033, 51.538557840606693 ], [ -0.472569225642206, 51.538532779217014 ], [ -0.472554250137266, 51.538518834850557 ], [ -0.472548111801726, 51.538513116691639 ], [ -0.472455292627761, 51.538426665540022 ], [ -0.472393422701614, 51.538369040509096 ], [ -0.472315106700851, 51.538296099432507 ], [ -0.47226781820219, 51.538252050302695 ], [ -0.472256590102423, 51.538241598785568 ], [ -0.472214698696805, 51.538202583724207 ], [ -0.472196954994784, 51.538186058404563 ], [ -0.472125966518785, 51.538119938932844 ], [ -0.472056806847031, 51.53806120794534 ], [ -0.472039740678743, 51.538046712000579 ], [ -0.471840525059489, 51.537877526256594 ], [ -0.471801816995062, 51.537844649311538 ], [ -0.471788919124847, 51.53783369038949 ], [ -0.471755065818252, 51.537804945739275 ], [ -0.471741055953192, 51.537793050601998 ], [ -0.471677336913536, 51.537738940405099 ], [ -0.471607227877697, 51.537671582116246 ], [ -0.471471327369969, 51.537540995213284 ], [ -0.471361771950573, 51.537435732341415 ], [ -0.47135682703818, 51.537430982860542 ], [ -0.471352531741586, 51.537426855126753 ], [ -0.471343207896293, 51.537417892292837 ], [ -0.47132021719184, 51.537395800497286 ], [ -0.471281732724618, 51.537358820388889 ], [ -0.471171249250489, 51.53725266846066 ], [ -0.470996079689817, 51.537084345070888 ], [ -0.470879933421094, 51.536972755047991 ], [ -0.470826141994126, 51.536921066883757 ], [ -0.47075860065989, 51.536862347155747 ], [ -0.470721222683867, 51.536829846854921 ], [ -0.470700249984943, 51.536811615571395 ], [ -0.470622173309561, 51.536743747999466 ], [ -0.470493410254021, 51.536631804074723 ], [ -0.470282524005974, 51.536448459331019 ], [ -0.47015565349861, 51.536338176290819 ], [ -0.470151983553974, 51.536335484648731 ], [ -0.470149707526866, 51.536334392049227 ], [ -0.470142431025943, 51.53633089977577 ], [ -0.469721328479449, 51.536129091267227 ], [ -0.469705036089039, 51.536121783609396 ], [ -0.469645292268062, 51.536094997769816 ], [ -0.469639596380377, 51.536092441518981 ], [ -0.469554071980439, 51.536054087604874 ], [ -0.469425990880231, 51.535996671697333 ], [ -0.469390778753769, 51.535980870964451 ], [ -0.469333378891661, 51.53595514069098 ], [ -0.469327637526839, 51.535953510038667 ], [ -0.469317939684162, 51.535950766621234 ], [ -0.469309770332813, 51.53594844781945 ], [ -0.469281048506826, 51.535940312337793 ], [ -0.469223604889331, 51.535924041353063 ], [ -0.469215021528349, 51.535921600236996 ], [ -0.469148237422283, 51.53590268037744 ], [ -0.469089294249557, 51.535885985083794 ], [ -0.469083053017155, 51.535884213005069 ], [ -0.469059486870359, 51.535877547612223 ], [ -0.469039748996977, 51.535871948352941 ], [ -0.469029237264483, 51.53586896947143 ], [ -0.468705801079796, 51.535777347785249 ], [ -0.468649600578081, 51.535761425466404 ], [ -0.468595599608783, 51.535746125352468 ], [ -0.468591201885592, 51.53574548698662 ], [ -0.468544948053325, 51.535738845166414 ], [ -0.468530455811142, 51.53573675841993 ], [ -0.468509176364536, 51.53573370173585 ], [ -0.468382002355301, 51.535715422071654 ], [ -0.468362946798495, 51.535712691169181 ], [ -0.46829176230899, 51.53570245383569 ], [ -0.468178922811979, 51.535686231774207 ], [ -0.468139032554092, 51.535680503949926 ], [ -0.468131413352049, 51.53567940623595 ], [ -0.468007797196133, 51.535661640564527 ], [ -0.467761755945573, 51.535626286257951 ], [ -0.467681976271693, 51.535614812336092 ], [ -0.467545503343105, 51.535595214533522 ], [ -0.467462380927499, 51.535583247145759 ], [ -0.467350832533461, 51.535567221193425 ], [ -0.467290481229409, 51.535558545845724 ], [ -0.46721298302249, 51.535547407171634 ], [ -0.467123187689627, 51.535534507009885 ], [ -0.467034899309279, 51.535521815324451 ], [ -0.466786750821126, 51.535486143645301 ], [ -0.466754372809591, 51.535482986490727 ], [ -0.466499777161068, 51.535458101594322 ], [ -0.466475490384206, 51.535455724634424 ], [ -0.466439893238104, 51.535452255510052 ], [ -0.466254752579334, 51.535434159671226 ], [ -0.466217143861807, 51.53543048431311 ], [ -0.466062714062934, 51.535415388775384 ], [ -0.466051447249646, 51.535414288155906 ], [ -0.466033426235439, 51.53541252364257 ], [ -0.466012660125265, 51.535410498396089 ], [ -0.465906114240326, 51.535400084787845 ], [ -0.465765322455931, 51.535386327344845 ], [ -0.465758165942387, 51.535385622201339 ], [ -0.465606452441761, 51.535370795411389 ], [ -0.465600746987897, 51.535370244136679 ], [ -0.465589925754954, 51.535369185274362 ], [ -0.465522316735129, 51.535365395759023 ], [ -0.465441646852288, 51.535360904680175 ], [ -0.465348615391689, 51.535355712173228 ], [ -0.46530868009282, 51.535353480805284 ], [ -0.4652041574771, 51.535347643162702 ], [ -0.465177059070958, 51.535346128353027 ], [ -0.46515260850602, 51.535344765106387 ], [ -0.465028298146796, 51.535337822938793 ], [ -0.46500813625772, 51.535336695665997 ], [ -0.465001545031804, 51.535336330594468 ], [ -0.464925646422643, 51.535332090476352 ], [ -0.464908880882648, 51.535331151539737 ], [ -0.464710485508578, 51.535320064545523 ], [ -0.464697662757156, 51.535319357064218 ], [ -0.464686984640173, 51.535318758601441 ], [ -0.464557342135522, 51.535311530280374 ], [ -0.464495899679792, 51.5353080907134 ], [ -0.464471492093194, 51.535306736879619 ], [ -0.464445142246935, 51.535305258682776 ], [ -0.464414993139174, 51.535303568849201 ], [ -0.464381058879649, 51.535301676553182 ], [ -0.464368927300546, 51.535300996074788 ], [ -0.464252769678749, 51.535294510584187 ], [ -0.46423426246291, 51.535293485786823 ], [ -0.464073104344214, 51.535284477199035 ], [ -0.46405245311327, 51.535283325365171 ], [ -0.464018274190168, 51.535281420765742 ], [ -0.464006905539271, 51.535280777223448 ], [ -0.463907060160964, 51.535275206531161 ], [ -0.463899365915242, 51.53527462911228 ], [ -0.463879648870784, 51.535273138788597 ], [ -0.463757750961629, 51.535263933838976 ], [ -0.463731231398543, 51.535261931701847 ], [ -0.463725377925934, 51.535261495295977 ], [ -0.46370604879975, 51.535260045996168 ], [ -0.463643374100631, 51.535255312920746 ], [ -0.463610310828601, 51.53525282033781 ], [ -0.463599639718196, 51.535252015043902 ], [ -0.463445483922602, 51.535240381683124 ], [ -0.463440651570063, 51.535240021594049 ], [ -0.463431102159486, 51.535239302926584 ], [ -0.46341943876574, 51.53523842166301 ], [ -0.46325269209685, 51.535225836175286 ], [ -0.463210740894553, 51.535222678429832 ], [ -0.46313745271228, 51.535217145004154 ], [ -0.463063898386895, 51.535211594554561 ], [ -0.463056247400179, 51.535211017647306 ], [ -0.462984066387315, 51.535205575076553 ], [ -0.462979967526447, 51.535205269547518 ], [ -0.462933846053617, 51.535201787252461 ], [ -0.462904622922044, 51.535199578623335 ], [ -0.462837116065043, 51.535194485006365 ], [ -0.462821540887742, 51.535193309594376 ], [ -0.462755184565191, 51.535188302955945 ], [ -0.462736901498746, 51.535187047060226 ], [ -0.462677164656233, 51.535182934696394 ], [ -0.462671580569528, 51.535182548530706 ], [ -0.462652621369169, 51.535181247785296 ], [ -0.462648176631044, 51.535180937708553 ], [ -0.462618918031742, 51.53517892637413 ], [ -0.462607712511418, 51.53517814995017 ], [ -0.462428277699078, 51.535165797037763 ], [ -0.46241984819192, 51.535165218869615 ], [ -0.462376607794312, 51.535162241745958 ], [ -0.462357864485475, 51.535160952776927 ], [ -0.462343149184391, 51.535159932457667 ], [ -0.462330878722441, 51.535159097076289 ], [ -0.462212205169937, 51.535150921965673 ], [ -0.462186758745271, 51.535149167356479 ], [ -0.462176703752829, 51.535148477923222 ], [ -0.462172489002776, 51.535148188830192 ], [ -0.462166044681477, 51.535147744594966 ], [ -0.461979159424565, 51.535134861619333 ], [ -0.4619725709901, 51.535134415482581 ], [ -0.461937819417865, 51.535135811940322 ], [ -0.461844422493903, 51.535139972869523 ], [ -0.461824466620567, 51.535140862033806 ], [ -0.461742895960375, 51.535144494645699 ], [ -0.461726203510764, 51.535145237778387 ], [ -0.461634596944701, 51.535149323119256 ], [ -0.46162882101682, 51.535149580035807 ], [ -0.461407501472874, 51.535159435479279 ], [ -0.461394794243868, 51.535160006063691 ], [ -0.461318566186101, 51.535163402765413 ], [ -0.461223949084036, 51.535167614627781 ], [ -0.461208621108974, 51.535168299163374 ], [ -0.461158637474403, 51.535175007740037 ], [ -0.461133551215921, 51.535178383261446 ], [ -0.461048516502962, 51.535189802241113 ], [ -0.460789421767388, 51.53522459541162 ], [ -0.460676019730788, 51.535239836565097 ], [ -0.460648167385935, 51.535243571323143 ], [ -0.460575429078138, 51.535253343975185 ], [ -0.460550111231721, 51.535256743308288 ], [ -0.460478314810937, 51.535266375400155 ], [ -0.460431517345474, 51.535272657911904 ], [ -0.46042347870641, 51.535273739323678 ], [ -0.460306970052805, 51.535289384441761 ], [ -0.46029517991831, 51.535290974094991 ], [ -0.460233666801232, 51.535299230393804 ], [ -0.459880439392464, 51.535333661821923 ], [ -0.459746354678179, 51.53534674644952 ], [ -0.459727520611336, 51.535348567216573 ], [ -0.459585870470938, 51.535362379549639 ], [ -0.45955448571569, 51.535361418591584 ], [ -0.459530173200421, 51.535360667464062 ], [ -0.459505716264142, 51.535359923425943 ], [ -0.459450840168891, 51.53535823108642 ], [ -0.459439681272854, 51.535305353361331 ], [ -0.459438462896614, 51.535299600237138 ], [ -0.459333593640724, 51.534801952762656 ], [ -0.459327967767888, 51.534762825089473 ], [ -0.459236353453058, 51.534126590863345 ], [ -0.459239310792337, 51.534118869344553 ], [ -0.459294490140369, 51.533974736991262 ], [ -0.459293940134979, 51.533970495268839 ], [ -0.459249272223427, 51.533628804350805 ], [ -0.459183670972171, 51.533127104217854 ], [ -0.458999883463955, 51.532986874042372 ], [ -0.458995104817024, 51.532983223339777 ], [ -0.458922679653511, 51.532886927053113 ], [ -0.458917716794483, 51.532878058456539 ], [ -0.458899075410713, 51.532844749109202 ], [ -0.458889217518117, 51.532827138696071 ], [ -0.458811494203006, 51.532675992274534 ], [ -0.458910279298975, 51.532182100166047 ], [ -0.458911960328965, 51.53217373255346 ], [ -0.459124477306179, 51.531501401626201 ], [ -0.459139144014215, 51.531460697934463 ], [ -0.459165567411961, 51.53138733627322 ], [ -0.459095507884061, 51.53133692414589 ], [ -0.459040539622167, 51.531297371499953 ], [ -0.458881539889821, 51.531187527852275 ], [ -0.458867478489524, 51.53117657484097 ], [ -0.458790106779839, 51.531116276600265 ], [ -0.4589651350236, 51.530787710004155 ], [ -0.45917835411817, 51.530383661099656 ], [ -0.459633114240725, 51.530464515670104 ], [ -0.460067203857974, 51.530541697891195 ], [ -0.460181202240864, 51.530490671999608 ], [ -0.460262602392591, 51.530454234784379 ], [ -0.460281804562575, 51.530438574419762 ], [ -0.46031672662866, 51.530410092638192 ], [ -0.460277741215755, 51.530283689884946 ], [ -0.460282289650473, 51.530148866740639 ], [ -0.460285625146669, 51.530049996432545 ], [ -0.460294645267434, 51.530022356010406 ], [ -0.460296814409081, 51.530015748263118 ], [ -0.460317780918268, 51.529951500169815 ], [ -0.460364649491649, 51.529844213935654 ], [ -0.460398268047614, 51.529776278843372 ], [ -0.460408045853853, 51.52975651653135 ], [ -0.460426534383745, 51.529719136016418 ], [ -0.460577607155218, 51.52951429959127 ], [ -0.460598179116395, 51.529489940127277 ], [ -0.46062360818364, 51.529459887640044 ], [ -0.461420614148702, 51.529795312798839 ], [ -0.461462332813288, 51.5298129185433 ], [ -0.461477199570087, 51.529816665580874 ], [ -0.461486447262303, 51.529811760316477 ], [ -0.461552091439957, 51.529776931829545 ], [ -0.461661510616739, 51.529714523214984 ], [ -0.462147899787948, 51.529686006394826 ], [ -0.462179123939881, 51.529683061927805 ], [ -0.46229304456025, 51.529672290998903 ], [ -0.462340813989517, 51.529667774075783 ], [ -0.462679409229522, 51.529626741488975 ], [ -0.462736534047717, 51.529618822153459 ], [ -0.462780941797498, 51.529612669347735 ], [ -0.462808973564994, 51.5296081991374 ], [ -0.463062997355056, 51.529567724457642 ], [ -0.463431147608134, 51.529496413805163 ], [ -0.463874469703626, 51.529477167243677 ], [ -0.463911101655836, 51.529475021546929 ], [ -0.463918425042902, 51.529474595963727 ], [ -0.463951402503024, 51.529472663140432 ], [ -0.464091923149121, 51.529459705909503 ], [ -0.464095276701373, 51.529459396455351 ], [ -0.46409445992267, 51.529450681308681 ], [ -0.464057160280303, 51.529054985599352 ], [ -0.464058854644862, 51.529046618081125 ], [ -0.464065879808621, 51.529011784439689 ], [ -0.464084304104197, 51.528920521256076 ], [ -0.464124301906193, 51.528794345269603 ], [ -0.464173259968374, 51.528682494330411 ], [ -0.46438995965114, 51.528515452652663 ], [ -0.464784703577831, 51.528244850310699 ], [ -0.464828012599545, 51.528215167739255 ], [ -0.464947743540508, 51.528133090246463 ], [ -0.464965819911592, 51.528120692916026 ], [ -0.464990004788866, 51.528104122261674 ], [ -0.465288883780813, 51.528062256288898 ], [ -0.465322578111851, 51.528059550141066 ], [ -0.465492103416514, 51.528045979095964 ], [ -0.465675696499795, 51.528042330485718 ], [ -0.465684023727859, 51.528042268626265 ], [ -0.46571729022696, 51.528045212857734 ], [ -0.465743377822358, 51.528047937230831 ], [ -0.467242306231208, 51.529016483474315 ], [ -0.46738607299789, 51.529109382213541 ], [ -0.468775053829318, 51.529244353267352 ], [ -0.468869377900526, 51.529301878590125 ], [ -0.469257907757498, 51.52953882503035 ], [ -0.469487420534632, 51.529678791737965 ], [ -0.46978251248818, 51.529653708257023 ], [ -0.469827692533236, 51.529649856022246 ], [ -0.470683961092574, 51.529584922972973 ], [ -0.470691924474347, 51.529584325498575 ], [ -0.470855945078938, 51.529594019185453 ], [ -0.471079708686783, 51.529454763000182 ], [ -0.471114805040699, 51.529430447360355 ], [ -0.471461882309449, 51.529190063242858 ], [ -0.471528373017969, 51.529380647815742 ], [ -0.471613075765324, 51.529397210080148 ], [ -0.471651545703428, 51.529404734683666 ], [ -0.471679577116793, 51.529412725624489 ], [ -0.471714377438546, 51.529422639237517 ], [ -0.471884738304661, 51.529501294391999 ], [ -0.472157621157313, 51.52957499136491 ], [ -0.47223858477771, 51.529611107418098 ], [ -0.472258156658421, 51.529629355942674 ], [ -0.472287869478232, 51.529732254310623 ], [ -0.472308461486857, 51.529763096206828 ], [ -0.472408125027919, 51.52984352665581 ], [ -0.472432799485802, 51.529881615499548 ], [ -0.472436370342331, 51.529904142533404 ], [ -0.472412544480403, 51.529969475003945 ], [ -0.472337138543759, 51.530069204683087 ], [ -0.472302942151888, 51.530100231603484 ], [ -0.472223830093147, 51.530159501969969 ], [ -0.472087061958008, 51.530261965470388 ], [ -0.471953529917168, 51.530417596893528 ], [ -0.471903628626589, 51.530487085365237 ], [ -0.471894290245934, 51.530507645650786 ], [ -0.471896778232611, 51.5305276317726 ], [ -0.471916904920619, 51.53068969526273 ], [ -0.472851743744446, 51.530602611421713 ], [ -0.472864480697808, 51.530615753131748 ], [ -0.473194591147056, 51.530585164543211 ], [ -0.473257136929617, 51.530579361114519 ], [ -0.473633307414583, 51.530539300067055 ], [ -0.473762679840262, 51.530526849239038 ], [ -0.4748751337932, 51.530419829032176 ], [ -0.475740324351362, 51.530336586126147 ], [ -0.475812202307792, 51.530300583727623 ], [ -0.475813853209892, 51.530299757234658 ], [ -0.475867445292258, 51.530177000376653 ], [ -0.475870330279774, 51.530170389067365 ], [ -0.475891939050015, 51.530120883903372 ], [ -0.475896349470443, 51.530109692024567 ], [ -0.475897412942912, 51.530106641314859 ], [ -0.475903651834495, 51.530088745254439 ], [ -0.475915513784376, 51.530093143832843 ], [ -0.476099222379812, 51.5301613376567 ], [ -0.476121657542381, 51.530169659413168 ], [ -0.476179549910799, 51.530191148174374 ], [ -0.476195783307973, 51.530197177198069 ], [ -0.476211561286485, 51.530203029446369 ], [ -0.476333540838195, 51.530248299470976 ], [ -0.476355598414064, 51.530256490382698 ], [ -0.476364172510957, 51.530259839044319 ], [ -0.476354202374966, 51.530304126368975 ], [ -0.476352518089994, 51.530311176832733 ], [ -0.476329980979704, 51.530408871770327 ], [ -0.476282488920704, 51.530615785162112 ], [ -0.476275343513528, 51.530671060797026 ], [ -0.476271253798431, 51.530702697015386 ], [ -0.476262980566875, 51.530766532941463 ], [ -0.476252839604489, 51.530844853487331 ], [ -0.4762520632814, 51.530850832194886 ], [ -0.476226607066771, 51.531047578629924 ], [ -0.47621908992501, 51.531105606430934 ], [ -0.476210019644612, 51.531175605126798 ], [ -0.476207648011037, 51.531193954333773 ], [ -0.476196691938227, 51.531278545318422 ], [ -0.476196185787477, 51.531282477317987 ], [ -0.476194594083414, 51.531294739958213 ], [ -0.476182649070521, 51.531386925477172 ], [ -0.476182163031264, 51.531390686886425 ], [ -0.476173882158593, 51.53145478707053 ], [ -0.476172598938629, 51.531464676185344 ], [ -0.476172035533895, 51.531491474587249 ], [ -0.476169624319827, 51.531606408422611 ], [ -0.476169434917928, 51.531615964660951 ], [ -0.476167483243303, 51.531709799792836 ], [ -0.476165975502915, 51.531781708737753 ], [ -0.476165898659639, 51.531785304615653 ], [ -0.476163793574959, 51.531885890886819 ], [ -0.476163701423095, 51.531890376792667 ], [ -0.476163158716231, 51.531916555000556 ], [ -0.476162663433842, 51.531940018182866 ], [ -0.47616168667718, 51.531986962711159 ], [ -0.476161075227731, 51.532016494112554 ], [ -0.476160805372413, 51.532029322462151 ], [ -0.476158736576874, 51.532128389520707 ], [ -0.476158618008064, 51.532134098021004 ], [ -0.476158370061868, 51.532145406974777 ], [ -0.476158288115034, 51.532149587278596 ], [ -0.476160106987197, 51.532269521809589 ], [ -0.476160212688077, 51.532275853687125 ], [ -0.476164249281706, 51.532539609390447 ], [ -0.476164393963012, 51.532549090840028 ], [ -0.476165554004432, 51.5326274548881 ], [ -0.476166473803255, 51.532687543678598 ], [ -0.476170010520891, 51.532920337247234 ], [ -0.476171986312145, 51.533050423289488 ], [ -0.476173372174751, 51.533141451272009 ], [ -0.476180206189373, 51.533368934645608 ], [ -0.476180579418061, 51.533381069963305 ], [ -0.476196982306339, 51.533926750446554 ], [ -0.476198541039967, 51.533979321631485 ], [ -0.476196906437366, 51.534032966338543 ], [ -0.47618377597549, 51.534461997391645 ], [ -0.476176503239084, 51.534700261326229 ], [ -0.476174555932759, 51.534763991305681 ], [ -0.476174506171502, 51.534765609269918 ], [ -0.476174318666706, 51.534771649647261 ], [ -0.476172535837592, 51.534830157247328 ], [ -0.476171925234079, 51.534850148149069 ], [ -0.476170737516386, 51.534889559377802 ], [ -0.476169264979816, 51.534936196699775 ], [ -0.476166947130602, 51.534981811398673 ], [ -0.476165908944664, 51.535002947752979 ], [ -0.476165614857233, 51.535008725968098 ], [ -0.476164887005462, 51.535022735475806 ], [ -0.476157712864484, 51.535165745408968 ], [ -0.476157589245508, 51.53516836505252 ], [ -0.476150629698843, 51.535306463489981 ], [ -0.476150473482181, 51.535309842557638 ], [ -0.476142810563133, 51.535462164834236 ], [ -0.476142304288743, 51.535472262880951 ], [ -0.476140324312125, 51.535511650317154 ], [ -0.476140016393696, 51.535517841997098 ], [ -0.476131678272744, 51.535683587264671 ], [ -0.476131470090884, 51.535687658062336 ], [ -0.476128085374657, 51.535754831373573 ], [ -0.47612784113286, 51.535759980776405 ], [ -0.476120071880914, 51.535914313235558 ], [ -0.476119523028314, 51.535925123816178 ], [ -0.476120436857721, 51.535940917154861 ], [ -0.476122824067839, 51.535982290215266 ], [ -0.476131294194209, 51.536129374712758 ], [ -0.476132725718251, 51.536154265979583 ], [ -0.476133094258299, 51.536160493430998 ], [ -0.476133582243463, 51.536168754691303 ], [ -0.476145270682298, 51.536372033333414 ], [ -0.476154436767779, 51.536530866289546 ], [ -0.476156640507485, 51.536569318962968 ], [ -0.476159621552969, 51.5366211802423 ], [ -0.476166362459792, 51.536738698092584 ], [ -0.476167053638938, 51.536750370068283 ], [ -0.476170860187007, 51.536816355463927 ], [ -0.476171417057064, 51.536826006925999 ], [ -0.47615596443765, 51.536945349418168 ], [ -0.476127993671978, 51.537161376028962 ], [ -0.476124014386638, 51.537191987973074 ], [ -0.476119756990821, 51.53722488034073 ], [ -0.476110695883889, 51.537294929306384 ], [ -0.476182367234003, 51.537435655104687 ], [ -0.476183881971825, 51.537438651242148 ], [ -0.476279598263888, 51.537626575309773 ], [ -0.4762975795421, 51.537661914920335 ], [ -0.476300638477056, 51.537667889589713 ], [ -0.476306700501989, 51.53767978424851 ], [ -0.476338727505831, 51.53774267893597 ], [ -0.476341245101854, 51.537747594470289 ], [ -0.476346995489979, 51.5377588915849 ], [ -0.476354180477274, 51.537772994954103 ], [ -0.476358320929705, 51.537781123842628 ], [ -0.476376925662557, 51.5378176585223 ], [ -0.476379022915558, 51.537821777271041 ], [ -0.476380782386879, 51.537825217208059 ], [ -0.47639696533022, 51.537856990464448 ], [ -0.476408438846716, 51.537879539370351 ], [ -0.476410603662538, 51.537883793880752 ], [ -0.476432795303506, 51.537927335196862 ], [ -0.476440048205969, 51.53794156533381 ], [ -0.476445270502402, 51.537951839450336 ], [ -0.476450831186629, 51.537962774401286 ], [ -0.476456568723499, 51.53797402638039 ], [ -0.476468895625354, 51.537998222965498 ], [ -0.476472887496995, 51.538006053172253 ], [ -0.47648472680496, 51.538029308220551 ], [ -0.476486688965012, 51.53803315544252 ], [ -0.476491979442368, 51.53804354734212 ], [ -0.476500463728496, 51.538060194417582 ], [ -0.476503102364767, 51.538065372296657 ], [ -0.476520300656371, 51.538099128036599 ], [ -0.476523669217186, 51.538105763158939 ], [ -0.476551639516851, 51.538160628892498 ], [ -0.476557831114706, 51.53817167095184 ], [ -0.476559898984515, 51.538175375669645 ], [ -0.476567178718636, 51.538188374202917 ], [ -0.476577527989843, 51.538206816988875 ], [ -0.476607593111452, 51.538260486981351 ], [ -0.476622875216824, 51.538287729869516 ], [ -0.476626263786578, 51.538293767261621 ], [ -0.476636699583667, 51.53831242698007 ], [ -0.476638862949959, 51.538316294798165 ], [ -0.476684516530253, 51.538397755662459 ], [ -0.476702300657338, 51.53842952269553 ], [ -0.476720181195845, 51.538461425862188 ], [ -0.476809270222725, 51.538620416015107 ], [ -0.476811025562964, 51.538623550152622 ], [ -0.476841995981653, 51.538678841449375 ], [ -0.476852814208817, 51.538698144564144 ], [ -0.476854706176185, 51.5387015052831 ], [ -0.476859345865784, 51.538709802496641 ], [ -0.476869048324287, 51.538727112810349 ], [ -0.476883622595369, 51.538753110019393 ], [ -0.476888262897183, 51.53876138925488 ], [ -0.476892630259167, 51.538769206337548 ], [ -0.476902571456826, 51.538786924402238 ], [ -0.476912715642479, 51.538805040763513 ], [ -0.476914287535717, 51.538807839801208 ], [ -0.476916389398782, 51.538811607898559 ], [ -0.476944380547913, 51.538861563998942 ], [ -0.476962356941912, 51.538893630224678 ], [ -0.476965010104718, 51.538898376649762 ], [ -0.476979175830855, 51.538923658145549 ], [ -0.476998696708343, 51.538958482579332 ], [ -0.477015889634285, 51.538989185277707 ], [ -0.477019135990615, 51.538994951039278 ], [ -0.4770317300233, 51.539017428997489 ], [ -0.47707732928791, 51.53909883500625 ], [ -0.477083343704273, 51.539109577983012 ], [ -0.477137244784128, 51.539205776202536 ], [ -0.476933802546596, 51.539199266323998 ], [ -0.47687156296845, 51.539197270632229 ], [ -0.476804814634556, 51.539195139884583 ], [ -0.476785441414974, 51.539194514960947 ], [ -0.476745801662987, 51.539193244503238 ], [ -0.476646788323235, 51.539190082906643 ], [ -0.476603245171962, 51.539188685238678 ], [ -0.476575502878985, 51.539187803142148 ], [ -0.476322806868952, 51.539195875997052 ], [ -0.476305441711393, 51.539196432603369 ], [ -0.476297386855556, 51.539196696584433 ], [ -0.476285001745307, 51.539197093114765 ], [ -0.476200801478554, 51.539200099061112 ], [ -0.476182465997945, 51.539163864617201 ], [ -0.476168382539173, 51.539164598748144 ], [ -0.47615629229981, 51.53916523289719 ], [ -0.476117739796367, 51.539167240557404 ], [ -0.476111600990628, 51.539167556411549 ], [ -0.476075612074116, 51.539169440020451 ], [ -0.476059542447776, 51.539170278705051 ], [ -0.476028587474812, 51.539171899526316 ], [ -0.476018201888687, 51.539172438923785 ], [ -0.475879706962938, 51.539179666506037 ], [ -0.475864655709771, 51.539180450963165 ], [ -0.475826955057933, 51.539182424643073 ], [ -0.475818461796341, 51.539182862736403 ], [ -0.475773986648659, 51.539185188933573 ], [ -0.47576495859683, 51.539185665030466 ], [ -0.475742815157082, 51.539186815856723 ], [ -0.475721631250424, 51.539187731868509 ], [ -0.475620590861508, 51.539192150514118 ], [ -0.475520200397011, 51.539196537060313 ], [ -0.475511608041713, 51.539196919889108 ], [ -0.475494048589016, 51.539197680671059 ], [ -0.475459261484759, 51.539199197550246 ], [ -0.475411246682864, 51.539201297728781 ], [ -0.475390596800582, 51.539202198146029 ], [ -0.475376387507295, 51.539202813646128 ], [ -0.475271780238022, 51.539207387926254 ], [ -0.475253643048562, 51.539208177126675 ], [ -0.475244978623043, 51.539208558998567 ], [ -0.475168183972659, 51.539211912319068 ], [ -0.475143793858483, 51.539212979853673 ], [ -0.475096963010193, 51.539215032359742 ], [ -0.475031619316265, 51.539217896103267 ], [ -0.474999671029297, 51.539218388688816 ], [ -0.474993668995187, 51.539218494945473 ], [ -0.474879817425261, 51.539220309375303 ], [ -0.474858335196811, 51.539220659332734 ], [ -0.474755080450833, 51.539222301282216 ], [ -0.474744837190975, 51.539222464743503 ], [ -0.474704607029528, 51.539223110261645 ], [ -0.47466599985007, 51.539223731923812 ], [ -0.474503824495092, 51.539226319957656 ], [ -0.474474371327069, 51.539226795414237 ], [ -0.474424406795159, 51.539228555086176 ], [ -0.474398363356212, 51.539229475056885 ], [ -0.474365000415391, 51.539230659448982 ], [ -0.474359399087845, 51.539230856315243 ], [ -0.474217719474582, 51.539235855369732 ], [ -0.474183490531912, 51.539237064407324 ], [ -0.474091717488047, 51.539240311978332 ], [ -0.474080010936576, 51.539240725202703 ], [ -0.473888827040673, 51.539247472272365 ], [ -0.473826028404677, 51.539249685067645 ], [ -0.473568625307026, 51.539258778789026 ], [ -0.473124558001566, 51.539274459927555 ], [ -0.472991222475668, 51.539279161540939 ], [ -0.472861091462195, 51.539283760875037 ], [ -0.472849792320705, 51.539228090748793 ], [ -0.472848827005422, 51.539223334737329 ], [ -0.472831032416865, 51.539135598889011 ] ] ] } },
{ "type": "Feature", "properties": { "lsoa21cd": "E01034607", "lsoa21nm": "Hillingdon 016H", "msoa21cd": "E02000509", "msoa21nm": "Hillingdon 016", "lad22cd": "E09000017", "lad22nm": "Hillingdon", "index_right": 131, "GSS_CODE": "E05000341", "risk_score": 8.0410123259633632, "allocation_hours": 119.70035741437725, "patrol_units": 60 }, "geometry": { "type": "Polygon", "coordinates": [ [ [ -0.48172216906302, 51.538008476349461 ], [ -0.481783718356698, 51.537977890619402 ], [ -0.481897974664, 51.537937169828737 ], [ -0.481903430066056, 51.537821384300486 ], [ -0.48181008982878, 51.537597257397657 ], [ -0.481642476570938, 51.537517411173859 ], [ -0.481639762712294, 51.537515426497805 ], [ -0.481642393573369, 51.537513408545458 ], [ -0.481707407215602, 51.537471861225903 ], [ -0.481830298946602, 51.537377442738915 ], [ -0.481842833633168, 51.537363873921585 ], [ -0.481869749464363, 51.537327615076897 ], [ -0.482056608229545, 51.537270686278283 ], [ -0.48211202027276, 51.537259830853401 ], [ -0.482247222159761, 51.537020778133325 ], [ -0.48247478297791, 51.537011935772419 ], [ -0.482459232080856, 51.536948473943617 ], [ -0.48209413446635, 51.536961586975416 ], [ -0.481956040995971, 51.536966542717074 ], [ -0.48199260183148, 51.536835450568411 ], [ -0.481994058678454, 51.536830235944812 ], [ -0.481983089422683, 51.536757373520565 ], [ -0.481977242809431, 51.53674935763793 ], [ -0.481933256789381, 51.536689007437545 ], [ -0.481929839880494, 51.536686400389463 ], [ -0.481911083668192, 51.536672039618807 ], [ -0.481901818990166, 51.536666865974126 ], [ -0.481890034709684, 51.536660283879066 ], [ -0.481760103353504, 51.53662019497326 ], [ -0.481647603700385, 51.53655327403888 ], [ -0.4815946941229, 51.536526241302454 ], [ -0.481563257993719, 51.536514234035472 ], [ -0.481557463148098, 51.536512027797293 ], [ -0.481543268644202, 51.536506601417848 ], [ -0.481516300520101, 51.536487718992312 ], [ -0.48140886968006, 51.536421447977091 ], [ -0.481405490332137, 51.536418580623604 ], [ -0.481395030389597, 51.53640968663948 ], [ -0.481389562683836, 51.536405884009284 ], [ -0.481400897413436, 51.536395437990663 ], [ -0.481407323745786, 51.536389505434023 ], [ -0.48141331539975, 51.536382987244536 ], [ -0.481408806124634, 51.536336335438847 ], [ -0.481406698684925, 51.53633077789533 ], [ -0.481400161939052, 51.53631361690433 ], [ -0.481386003056398, 51.536276385350547 ], [ -0.48138418826001, 51.536263772676001 ], [ -0.481374513084392, 51.536196681973394 ], [ -0.481363483190439, 51.536120482542692 ], [ -0.481358140412793, 51.536083491104819 ], [ -0.481348576508392, 51.536017390986416 ], [ -0.481595403492958, 51.536019545830932 ], [ -0.481590489500311, 51.536001713469581 ], [ -0.481764451063584, 51.535866016849496 ], [ -0.481756528258301, 51.535845879471616 ], [ -0.481713280942962, 51.535736099293736 ], [ -0.481708490030654, 51.535729293038081 ], [ -0.481705103001341, 51.535724492257422 ], [ -0.481703551861417, 51.535671480794001 ], [ -0.481697576456454, 51.535661709732942 ], [ -0.48166778295248, 51.53561294542645 ], [ -0.481659701581229, 51.535602769405862 ], [ -0.481551861662322, 51.535467009991059 ], [ -0.481527273724846, 51.535356752084127 ], [ -0.481521704528369, 51.535351671241081 ], [ -0.481503262409526, 51.535334828095706 ], [ -0.481274652988725, 51.535217416952023 ], [ -0.481160784696873, 51.535154497239098 ], [ -0.481150212431302, 51.535147687971872 ], [ -0.480997245700102, 51.53504248784035 ], [ -0.480996026624017, 51.535039913741826 ], [ -0.480979068139181, 51.535005811104519 ], [ -0.480913571089151, 51.534874133765385 ], [ -0.48090386910254, 51.534854620695164 ], [ -0.480860385902556, 51.534783611689633 ], [ -0.480854321174876, 51.534775233219797 ], [ -0.480809691733061, 51.534713534309255 ], [ -0.480794533114792, 51.534695955769941 ], [ -0.480776055913131, 51.53467455745961 ], [ -0.480771220095487, 51.534669540036582 ], [ -0.48070095239514, 51.534596700027379 ], [ -0.480683448339239, 51.534578551530295 ], [ -0.480623697335324, 51.534522411552153 ], [ -0.480619968390261, 51.534519224909019 ], [ -0.480608676916257, 51.534509560211227 ], [ -0.480554752523429, 51.534380896686912 ], [ -0.480553186217924, 51.534377711102856 ], [ -0.480540951215278, 51.534355908095932 ], [ -0.480537710150305, 51.534352359092182 ], [ -0.480401960953543, 51.534203728346981 ], [ -0.479940312794497, 51.534140865461673 ], [ -0.479934400455316, 51.53380713453766 ], [ -0.479931184333654, 51.533625743743585 ], [ -0.479950325147778, 51.533434665188253 ], [ -0.479784236365347, 51.53343251085299 ], [ -0.479781517813593, 51.533189826738088 ], [ -0.479778551917936, 51.532925102244029 ], [ -0.479777804619985, 51.532858446929964 ], [ -0.479931123271962, 51.532860435642355 ], [ -0.479961194548531, 51.532640807451401 ], [ -0.479961991083793, 51.532634988145269 ], [ -0.479987066683906, 51.532631704811742 ], [ -0.480062643945841, 51.532621807169519 ], [ -0.480194343557364, 51.532632660209899 ], [ -0.480201134274505, 51.532603658535642 ], [ -0.48031746949507, 51.532588414679232 ], [ -0.480366311383294, 51.53258202510861 ], [ -0.480388275328333, 51.532344214671966 ], [ -0.480406858467028, 51.532312200639801 ], [ -0.480423071675392, 51.532284247322494 ], [ -0.480423650965135, 51.532279408042598 ], [ -0.480449439099993, 51.532065278648453 ], [ -0.480457816005741, 51.53199669950807 ], [ -0.480463552392829, 51.531949741125942 ], [ -0.480465668864485, 51.531932512551847 ], [ -0.480353470549405, 51.531908010757306 ], [ -0.480334634488617, 51.531903908860798 ], [ -0.480068874005296, 51.53184587983101 ], [ -0.479962601398634, 51.531822677452027 ], [ -0.47994824570436, 51.531819541815878 ], [ -0.479896324679677, 51.531794184804596 ], [ -0.479893158350113, 51.531792638441857 ], [ -0.479849042623294, 51.531771091030194 ], [ -0.479842229448303, 51.531764420370465 ], [ -0.47982434472313, 51.531746914381074 ], [ -0.479765274208653, 51.53168907469589 ], [ -0.479763147281171, 51.531683247141594 ], [ -0.479752061626695, 51.531652934533817 ], [ -0.479739747620534, 51.531589829449246 ], [ -0.479739880307267, 51.531585847629245 ], [ -0.479790960290678, 51.531473325506077 ], [ -0.479798988277388, 51.531455652077454 ], [ -0.479840219289645, 51.53140679278841 ], [ -0.479889000310121, 51.531348976276647 ], [ -0.479914696603157, 51.531318520308261 ], [ -0.479927694832336, 51.531303114424723 ], [ -0.479531939967406, 51.531450200453939 ], [ -0.479497803530643, 51.531443202258451 ], [ -0.479492362261208, 51.531442088567999 ], [ -0.479376493062998, 51.531418338513646 ], [ -0.479294198209693, 51.531448511367849 ], [ -0.47919361110233, 51.531485390562487 ], [ -0.479042000395102, 51.531540976677434 ], [ -0.478987805058806, 51.53154883388202 ], [ -0.478938911856257, 51.531555923603811 ], [ -0.478923859824094, 51.531558111174483 ], [ -0.478913070123016, 51.531556990984754 ], [ -0.478835506757852, 51.531553597724006 ], [ -0.478933652072761, 51.531552393343141 ], [ -0.478958157138435, 51.531545148957434 ], [ -0.478962772945986, 51.531543779106237 ], [ -0.478991516794819, 51.531526581417147 ], [ -0.479006903718763, 51.531517375281688 ], [ -0.479008401990572, 51.531472433763504 ], [ -0.47900687090568, 51.531434898464511 ], [ -0.478997353237671, 51.531204053254712 ], [ -0.478996911254509, 51.531193526652551 ], [ -0.478992843681841, 51.531094559736914 ], [ -0.478986963362726, 51.530951804287483 ], [ -0.478982403936613, 51.530841213069998 ], [ -0.47897521424173, 51.530666815074675 ], [ -0.478966315857386, 51.530450698093276 ], [ -0.478965585219608, 51.5304328301129 ], [ -0.478968254676673, 51.530398595506931 ], [ -0.478964115555007, 51.530397345824561 ], [ -0.478960594708229, 51.530311820329395 ], [ -0.478695977211413, 51.530316240301701 ], [ -0.478687111324268, 51.530313638871228 ], [ -0.478684080745616, 51.530299032176003 ], [ -0.478680471618749, 51.530278429168931 ], [ -0.479066950674903, 51.5299687051807 ], [ -0.479098803331169, 51.529897572157587 ], [ -0.479108353796567, 51.529895636886728 ], [ -0.47923069563266, 51.529870841416802 ], [ -0.479242133663072, 51.529866772502182 ], [ -0.479389672411701, 51.529814374070817 ], [ -0.479491302821861, 51.529839602940335 ], [ -0.479496521468969, 51.529840902579004 ], [ -0.479516832622021, 51.52985089565334 ], [ -0.479544553223457, 51.529860256485357 ], [ -0.479662312039748, 51.529889704970863 ], [ -0.479681002088866, 51.529891673933001 ], [ -0.479823228853334, 51.529906530608891 ], [ -0.479919368837839, 51.529908123841487 ], [ -0.479925534404323, 51.529908046449037 ], [ -0.48010604537406, 51.52989537966382 ], [ -0.480120652216232, 51.529893123222244 ], [ -0.480234450204111, 51.529875517562999 ], [ -0.480240565403449, 51.529874571754021 ], [ -0.480251943354413, 51.529871005524747 ], [ -0.480264890142449, 51.529870112335985 ], [ -0.480323164943447, 51.529866097649823 ], [ -0.480399052860387, 51.529869550033553 ], [ -0.480409776038117, 51.529869194504585 ], [ -0.48046027514978, 51.529867502323661 ], [ -0.480471315947871, 51.529867132922938 ], [ -0.480605933993123, 51.529874974997391 ], [ -0.48061811913584, 51.529874008949726 ], [ -0.480651219469093, 51.529871398717304 ], [ -0.480677352872849, 51.529869336601301 ], [ -0.480745378087469, 51.529858461175316 ], [ -0.480857540039635, 51.529855126796122 ], [ -0.480889358225291, 51.529850323765366 ], [ -0.480947822637172, 51.529841477921906 ], [ -0.480977916725519, 51.529836931277671 ], [ -0.481059596174611, 51.529817982310348 ], [ -0.481062177309596, 51.529814499815949 ], [ -0.481067425428854, 51.529808853296174 ], [ -0.48108828386357, 51.529786395864264 ], [ -0.481091199764725, 51.529783250419207 ], [ -0.481121309349644, 51.529741862916765 ], [ -0.481130842289608, 51.529728758947989 ], [ -0.481141227485576, 51.529712572708803 ], [ -0.481160518457897, 51.529694325776859 ], [ -0.481232024757999, 51.529626722960423 ], [ -0.481234860885602, 51.529619044411611 ], [ -0.481246316729502, 51.529588016931555 ], [ -0.481249993482397, 51.529578038282118 ], [ -0.481268732428108, 51.529546273405025 ], [ -0.481266300268895, 51.529500026499399 ], [ -0.481269000361799, 51.529492103397459 ], [ -0.481287214334611, 51.529438647034965 ], [ -0.481290856465911, 51.529427975536315 ], [ -0.481294517071187, 51.529410686021201 ], [ -0.481297141252304, 51.52940590920312 ], [ -0.481323047165519, 51.52935870317458 ], [ -0.48132339146919, 51.529355722227443 ], [ -0.481323696181708, 51.529353064486259 ], [ -0.481318177192954, 51.529288896598473 ], [ -0.481310852462951, 51.529272912469942 ], [ -0.481299013328538, 51.529247032377604 ], [ -0.48130724012451, 51.529241114216077 ], [ -0.481318301841777, 51.529233182570295 ], [ -0.481322894929743, 51.529229888001645 ], [ -0.481353875630661, 51.529190031405783 ], [ -0.481357133043152, 51.529180955530158 ], [ -0.48138723028015, 51.52909704370235 ], [ -0.481390631072127, 51.529092321906347 ], [ -0.481450371715634, 51.529009153866689 ], [ -0.481453062322815, 51.529005412008111 ], [ -0.481460287699443, 51.528995362434024 ], [ -0.48145455218133, 51.528989236368211 ], [ -0.48144203601236, 51.528975900621965 ], [ -0.481438461424908, 51.528972850910279 ], [ -0.481428254369284, 51.528969400529924 ], [ -0.481409497175046, 51.52894217189737 ], [ -0.481406925797161, 51.528938433792916 ], [ -0.481357935220295, 51.528886174768701 ], [ -0.481343539808006, 51.52888598822701 ], [ -0.481337255061685, 51.528875574752831 ], [ -0.481316201734526, 51.528840672983627 ], [ -0.481308829467584, 51.528820488882161 ], [ -0.481289775721695, 51.528768392964196 ], [ -0.481279944965396, 51.5287415137838 ], [ -0.481263349785964, 51.528696112938931 ], [ -0.481236923927333, 51.528623832907819 ], [ -0.481239616795138, 51.528542938037177 ], [ -0.481243247806376, 51.528530000360881 ], [ -0.481236487624012, 51.528495328765082 ], [ -0.481253550568915, 51.528493328816694 ], [ -0.481474119920989, 51.528467600829366 ], [ -0.481581548318986, 51.528409527372958 ], [ -0.481597390330074, 51.528405227537611 ], [ -0.481614338691515, 51.528400604826821 ], [ -0.481662163805358, 51.528386081588273 ], [ -0.481741197448234, 51.528469082863793 ], [ -0.481756738607687, 51.528481621493619 ], [ -0.481781685423791, 51.528501763477117 ], [ -0.481795672730423, 51.528511611289538 ], [ -0.481866102623462, 51.528561189428586 ], [ -0.481901275292359, 51.528585950957812 ], [ -0.482026456529005, 51.528660463197525 ], [ -0.482089001435749, 51.528684257356993 ], [ -0.482127038805887, 51.528734279032065 ], [ -0.482131356692138, 51.528737086568391 ], [ -0.482155260293763, 51.528752628939877 ], [ -0.482211204940327, 51.528754477521119 ], [ -0.482208235261676, 51.529052602292552 ], [ -0.482206286088719, 51.529248552958599 ], [ -0.482378706415549, 51.529186051051411 ], [ -0.482392691592015, 51.529181021176292 ], [ -0.482402142118538, 51.5291779648146 ], [ -0.48254753863875, 51.529137359404281 ], [ -0.482552374777378, 51.529136073194131 ], [ -0.482591433063717, 51.529127469826484 ], [ -0.482610191855387, 51.529124115832346 ], [ -0.482718068064396, 51.529104812493792 ], [ -0.482722637017358, 51.529104624361423 ], [ -0.482810882895418, 51.529138071284187 ], [ -0.483030810398579, 51.529221452351401 ], [ -0.483050314700089, 51.529228844618054 ], [ -0.483172024428357, 51.529274976282359 ], [ -0.483181883003536, 51.529271569947497 ], [ -0.483313077182206, 51.529226256695686 ], [ -0.483336946839805, 51.529198608871262 ], [ -0.483413119412754, 51.529196941933698 ], [ -0.483445161214569, 51.529196232551996 ], [ -0.483530537773399, 51.529194369915537 ], [ -0.483782254395088, 51.529188832444959 ], [ -0.483799030968583, 51.529198922923925 ], [ -0.483865599911692, 51.529238972129214 ], [ -0.483872030660404, 51.529244576531219 ], [ -0.483911638434095, 51.529279079424114 ], [ -0.483932500124355, 51.52929725276131 ], [ -0.483936101026653, 51.529300383666843 ], [ -0.483976274943296, 51.52930353807713 ], [ -0.484017255759468, 51.529304535792441 ], [ -0.484022412734644, 51.529304656454393 ], [ -0.484029225959718, 51.529304825517215 ], [ -0.484047046744163, 51.529307789665005 ], [ -0.48406226656833, 51.529310935978629 ], [ -0.484218004256413, 51.529334801419417 ], [ -0.484235970863614, 51.529385875667614 ], [ -0.484237676050248, 51.529409051724848 ], [ -0.484244411978769, 51.529402566450408 ], [ -0.484260748431578, 51.529385557687149 ], [ -0.48429791579322, 51.529346868387194 ], [ -0.484377433258746, 51.529285751721112 ], [ -0.484401473271743, 51.529267277922777 ], [ -0.484436309191601, 51.529219350419432 ], [ -0.484446793447412, 51.529204918646144 ], [ -0.484447689291097, 51.529177953645622 ], [ -0.484450974039811, 51.529079081975866 ], [ -0.484453345019963, 51.529007714605825 ], [ -0.484453593166084, 51.529000245300402 ], [ -0.484454557381503, 51.52897122197038 ], [ -0.48446196624028, 51.528943046318332 ], [ -0.484490831520829, 51.528917746878669 ], [ -0.484496083239751, 51.528910674988538 ], [ -0.484506255622081, 51.528896949559723 ], [ -0.484512200010305, 51.528882045431537 ], [ -0.48454306111122, 51.528804693486308 ], [ -0.484555262170708, 51.527737643892365 ], [ -0.484564936015103, 51.527511084680874 ], [ -0.484566528689844, 51.527473553858606 ], [ -0.484696878909429, 51.527436968552877 ], [ -0.484702641698681, 51.527436638416127 ], [ -0.484898297214471, 51.527428206453777 ], [ -0.484905030442815, 51.527427313314455 ], [ -0.485253711304698, 51.527381021704088 ], [ -0.485434721968058, 51.52735930601655 ], [ -0.485438967802761, 51.527365855027206 ], [ -0.486263312568113, 51.528637321033258 ], [ -0.486272556316156, 51.528651576091448 ], [ -0.486392718986008, 51.52877235475593 ], [ -0.486421932331688, 51.528798701304105 ], [ -0.486593363199925, 51.528953322697895 ], [ -0.486625110520989, 51.528981949941254 ], [ -0.486657347424149, 51.529006033447608 ], [ -0.486705246883749, 51.529506194523542 ], [ -0.486779014640745, 51.52959321073488 ], [ -0.486814837196654, 51.529635468698295 ], [ -0.486830328981161, 51.529653740208836 ], [ -0.487274935289158, 51.52956516058682 ], [ -0.487289644130306, 51.52955635816258 ], [ -0.487408034920999, 51.529530081621168 ], [ -0.487710833821033, 51.529462877137128 ], [ -0.487892923115976, 51.529421874165322 ], [ -0.488088491891737, 51.529377825526865 ], [ -0.488093207732983, 51.529376474561616 ], [ -0.48823962075071, 51.529334810524183 ], [ -0.488429203933864, 51.529280858413571 ], [ -0.488481445735332, 51.529265993386581 ], [ -0.488975702894202, 51.529099812928806 ], [ -0.488978252907748, 51.529115096516009 ], [ -0.488982895265267, 51.529142942155907 ], [ -0.488986191379343, 51.529153982059555 ], [ -0.488997098463928, 51.529190729751129 ], [ -0.489006494672176, 51.529206937832477 ], [ -0.489029748368867, 51.529246991882943 ], [ -0.489062739558709, 51.529303833899782 ], [ -0.489149536546548, 51.529403263739056 ], [ -0.489366714011117, 51.529651305353433 ], [ -0.489373678261129, 51.529660854837381 ], [ -0.489711837836045, 51.530125239396064 ], [ -0.489729990671825, 51.530153746374225 ], [ -0.489825361849062, 51.530300405003722 ], [ -0.489887525052757, 51.530436789460808 ], [ -0.489888193549381, 51.530440547803231 ], [ -0.48989959229452, 51.530507758174437 ], [ -0.489899019767107, 51.530583392904376 ], [ -0.48989879454895, 51.530613270972424 ], [ -0.489897729937386, 51.530631924999447 ], [ -0.489894496089868, 51.530688659891261 ], [ -0.489874339854134, 51.530840206067211 ], [ -0.489868100211864, 51.530887136756732 ], [ -0.489871864860694, 51.531004640908712 ], [ -0.489874696548768, 51.531018831043944 ], [ -0.489928280544811, 51.531288072097887 ], [ -0.489961109191223, 51.531384728985635 ], [ -0.489978807898943, 51.531421483062644 ], [ -0.490018055998576, 51.53147884590075 ], [ -0.490029429545504, 51.53149544801132 ], [ -0.490096552475185, 51.531593571531495 ], [ -0.490126648560212, 51.531651284077718 ], [ -0.490151372813446, 51.53173320629152 ], [ -0.490169678119792, 51.531793887293659 ], [ -0.490175037914148, 51.531849734687647 ], [ -0.490169632202351, 51.531881497346681 ], [ -0.490167768569535, 51.531892497744401 ], [ -0.490158943896038, 51.531912562541073 ], [ -0.490150992619934, 51.531930633329907 ], [ -0.490113699162861, 51.532015398876638 ], [ -0.490113688835429, 51.532037483496104 ], [ -0.490113698391705, 51.532042420316643 ], [ -0.49012850172341, 51.532071268935695 ], [ -0.490148454120815, 51.532088736823049 ], [ -0.490159592555539, 51.532098510835425 ], [ -0.490203084222125, 51.532118736634722 ], [ -0.490358850173765, 51.532167591094357 ], [ -0.490406793590042, 51.532189663561446 ], [ -0.490446252612991, 51.532222831026644 ], [ -0.490463063858653, 51.532288461798352 ], [ -0.490442480704008, 51.532353762289119 ], [ -0.490394869050069, 51.532344310115043 ], [ -0.48983408101697, 51.532230550764545 ], [ -0.488015680627278, 51.532883196688886 ], [ -0.48784682713476, 51.532943802953298 ], [ -0.487995244401962, 51.533236928080591 ], [ -0.488034475845471, 51.533314334928825 ], [ -0.488281937310099, 51.53380306624932 ], [ -0.488300991157849, 51.533840683330538 ], [ -0.488326226271552, 51.53394891523773 ], [ -0.488282337562909, 51.534838579237004 ], [ -0.488483812640109, 51.53485016811323 ], [ -0.488599409330102, 51.534842665577187 ], [ -0.488630220974473, 51.534833548859297 ], [ -0.48865765439406, 51.534825431699353 ], [ -0.48900261662935, 51.53468833889918 ], [ -0.489008314844295, 51.534686074333976 ], [ -0.489124804210405, 51.534651606159535 ], [ -0.489240683582034, 51.534635114442409 ], [ -0.489284232565222, 51.534626683180377 ], [ -0.489341881725563, 51.534627425728502 ], [ -0.489471592345507, 51.534629096358039 ], [ -0.489599829239377, 51.534675708912843 ], [ -0.489636972178882, 51.534692660960317 ], [ -0.489741854696465, 51.534740483286889 ], [ -0.489770084161607, 51.534758831202701 ], [ -0.490200205974695, 51.53526793232561 ], [ -0.490546821591059, 51.535686034857562 ], [ -0.490976961016193, 51.53619513265587 ], [ -0.491143982382134, 51.53637712519479 ], [ -0.491129709540097, 51.536381860327275 ], [ -0.491048460359578, 51.53640882583769 ], [ -0.490648293678757, 51.536541599669064 ], [ -0.490445322943408, 51.536574956559882 ], [ -0.490161103297193, 51.536579913048925 ], [ -0.489914264987691, 51.53658421707874 ], [ -0.489442604707952, 51.536592432693219 ], [ -0.488561494825854, 51.536607771504684 ], [ -0.488472867174035, 51.536609318147988 ], [ -0.488459305323562, 51.536609557030104 ], [ -0.488367777987611, 51.53661114715824 ], [ -0.488339434416667, 51.536161171091116 ], [ -0.488323454443322, 51.535871541661592 ], [ -0.48832307581261, 51.535864693704781 ], [ -0.488312301353241, 51.535866542123642 ], [ -0.486869469737509, 51.536113721221653 ], [ -0.486858417143516, 51.536115691814295 ], [ -0.486826056828608, 51.536121469998264 ], [ -0.486687800866336, 51.536210777613135 ], [ -0.486519556005441, 51.536319543990004 ], [ -0.486434093702212, 51.53637562282853 ], [ -0.486307466239607, 51.536458596697592 ], [ -0.486249092468452, 51.536493083940421 ], [ -0.486162121733879, 51.536837425071354 ], [ -0.485994915543204, 51.537499442266792 ], [ -0.485978663188446, 51.537563778739433 ], [ -0.485935747769418, 51.537656393347788 ], [ -0.485872437855533, 51.537793031448238 ], [ -0.48568298825202, 51.537782376096189 ], [ -0.485574777466024, 51.537795618513414 ], [ -0.485510262033233, 51.537803517068603 ], [ -0.485459979019867, 51.537809666012144 ], [ -0.485390526525354, 51.53781816618654 ], [ -0.485379066082233, 51.537817640541377 ], [ -0.485187461498024, 51.537808916871704 ], [ -0.485179643740697, 51.537808555144522 ], [ -0.485069472696832, 51.537803535532589 ], [ -0.484983072331566, 51.537799596147664 ], [ -0.484903409933538, 51.537795968529672 ], [ -0.484795905714274, 51.537791072155656 ], [ -0.484757033493907, 51.537789301745917 ], [ -0.484731101062934, 51.537788651779941 ], [ -0.484676110138588, 51.537787266456057 ], [ -0.48466625572623, 51.537787022159371 ], [ -0.484601453633554, 51.537785393061895 ], [ -0.48453660830864, 51.537783763369553 ], [ -0.484463046885336, 51.537781913037684 ], [ -0.484291691449633, 51.537777611128938 ], [ -0.48421964308682, 51.537775789201824 ], [ -0.484147622959209, 51.537773985579918 ], [ -0.483938723341289, 51.537768739005131 ], [ -0.483798976938514, 51.537765222882641 ], [ -0.483794142657859, 51.537768811200046 ], [ -0.48374279811642, 51.537806939563836 ], [ -0.483714471484148, 51.537827992655835 ], [ -0.483614723968893, 51.537902066269289 ], [ -0.48340861823801, 51.538055154394719 ], [ -0.48337210150026, 51.53808227012226 ], [ -0.483322784512016, 51.538079788593791 ], [ -0.483186032394062, 51.538072920430103 ], [ -0.483035237596761, 51.538066877501073 ], [ -0.48285483705617, 51.538059641881659 ], [ -0.482538049586751, 51.538025039457992 ], [ -0.482378952226035, 51.53800765687263 ], [ -0.482303268665994, 51.537999375233824 ], [ -0.48229453322592, 51.537998434839331 ], [ -0.482294059640686, 51.538012663440099 ], [ -0.482293934587788, 51.53801642058167 ], [ -0.482291387359967, 51.538023203725771 ], [ -0.482243867241529, 51.538149550007077 ], [ -0.482202674751206, 51.538259063784608 ], [ -0.482200176116615, 51.538265685695848 ], [ -0.48219588845955, 51.53827710428768 ], [ -0.482176209291408, 51.538329431650276 ], [ -0.482135744504176, 51.538436999017492 ], [ -0.482109955723083, 51.53850955625456 ], [ -0.482107666319279, 51.538515956067371 ], [ -0.482106694372332, 51.538518731078923 ], [ -0.482100952107225, 51.53853486075554 ], [ -0.482072998664245, 51.538613531662108 ], [ -0.482070517441574, 51.538620495502165 ], [ -0.482061051513334, 51.538647124867026 ], [ -0.482053191798507, 51.538669251929306 ], [ -0.482031936243037, 51.538729071884241 ], [ -0.482013244406197, 51.538781614336578 ], [ -0.482008471632458, 51.538795040904844 ], [ -0.482004685916522, 51.538816932971386 ], [ -0.481991690327635, 51.53889197586205 ], [ -0.481985995216046, 51.53892487669269 ], [ -0.481980157837692, 51.538952608733339 ], [ -0.481510848674004, 51.538882061030101 ], [ -0.481490518149666, 51.538879010060867 ], [ -0.481405330968506, 51.538845615286334 ], [ -0.481446523705779, 51.538845276694005 ], [ -0.481458386402325, 51.538775704439935 ], [ -0.481466917131748, 51.538725647171368 ], [ -0.481467489110974, 51.538722327447431 ], [ -0.48148071474321, 51.538644733773161 ], [ -0.481490266622456, 51.538588691898624 ], [ -0.481491805788856, 51.538579710592089 ], [ -0.481511373508053, 51.538466032229898 ], [ -0.481527385512131, 51.538421017613601 ], [ -0.481535036921268, 51.538409049128781 ], [ -0.481560454424939, 51.53836931790476 ], [ -0.481565322181329, 51.538361701578019 ], [ -0.481572395047269, 51.538350651798702 ], [ -0.481597752431687, 51.538310991727037 ], [ -0.48164986381551, 51.538304472959766 ], [ -0.481731744821802, 51.538294230313504 ], [ -0.481731384829869, 51.538283389985786 ], [ -0.481726565580413, 51.538139289652769 ], [ -0.481736336598986, 51.538128616519494 ], [ -0.481725322413493, 51.538102576164661 ], [ -0.481722455510684, 51.538016761925221 ], [ -0.48172216906302, 51.538008476349461 ] ] ] } },
{ "type": "Feature", "properties": { "lsoa21cd": "E01002520", "lsoa21nm": "Hillingdon 016B", "msoa21cd": "E02000509", "msoa21nm": "Hillingdon 016", "lad22cd": "E09000017", "lad22nm": "Hillingdon", "index_right": 131, "GSS_CODE": "E05000341", "risk_score": 4.4567592241785361, "allocation_hours": 66.34434203283972, "patrol_units": 33 }, "geometry": { "type": "Polygon", "coordinates": [ [ [ -0.489732095691333, 51.545109644605724 ], [ -0.489313640251586, 51.545058029376619 ], [ -0.489255992082758, 51.545057287236176 ], [ -0.489212730730393, 51.54505673028747 ], [ -0.4890802496309, 51.545065077933764 ], [ -0.488727477118064, 51.545087305203488 ], [ -0.488280204353166, 51.544905269456919 ], [ -0.488118550690502, 51.544868297013664 ], [ -0.487446106133366, 51.544577428176503 ], [ -0.487407064324099, 51.544560541084351 ], [ -0.486835173715039, 51.544504915753208 ], [ -0.486332098847973, 51.544455975281046 ], [ -0.486252417398788, 51.544469074250081 ], [ -0.486246892601361, 51.544469983135883 ], [ -0.486192877213349, 51.544475392069188 ], [ -0.486187451137785, 51.54447593354385 ], [ -0.486076772450701, 51.544487013914271 ], [ -0.485955096798481, 51.544499193225555 ], [ -0.48593703859258, 51.544501001471694 ], [ -0.485922904486179, 51.544479741289912 ], [ -0.485917772589907, 51.544479675075323 ], [ -0.485909147433201, 51.544461894031123 ], [ -0.485836429253875, 51.544312152110301 ], [ -0.485820846864287, 51.544183343978666 ], [ -0.485959127942188, 51.544181378445401 ], [ -0.485987922702094, 51.544176750274794 ], [ -0.486057605007243, 51.544165527759318 ], [ -0.486061319310078, 51.544163984052418 ], [ -0.486150358313391, 51.544127032622789 ], [ -0.486153903110066, 51.544124947191783 ], [ -0.486204898596843, 51.544094932520331 ], [ -0.486457301040338, 51.543946372299622 ], [ -0.486500768468543, 51.543924605207344 ], [ -0.486480287762931, 51.543918154386738 ], [ -0.486436257511782, 51.543904295942703 ], [ -0.486360379384989, 51.543872347931064 ], [ -0.486353286300946, 51.543868803415869 ], [ -0.486317779143214, 51.543851035333461 ], [ -0.486199330858428, 51.543800787388406 ], [ -0.486144209819031, 51.543777397852409 ], [ -0.48613701169518, 51.543772673984549 ], [ -0.486085934933722, 51.543739103422276 ], [ -0.486079936755854, 51.543735159372368 ], [ -0.486039859698309, 51.543698664345577 ], [ -0.486036208250319, 51.543692232742231 ], [ -0.485992690783636, 51.543615578910718 ], [ -0.485990350256507, 51.543607235383206 ], [ -0.485974235184952, 51.543567241277572 ], [ -0.485960684714146, 51.543533619790978 ], [ -0.485960970867855, 51.543502406908139 ], [ -0.485961322913215, 51.543484849597895 ], [ -0.485979853793758, 51.543410569967108 ], [ -0.48585775004159, 51.543376649358258 ], [ -0.485849176180644, 51.543374272679173 ], [ -0.485830522111864, 51.543371019570834 ], [ -0.485795465513332, 51.543364893096729 ], [ -0.485670787824148, 51.543361162010179 ], [ -0.485662561289672, 51.543360920961632 ], [ -0.485596081522381, 51.543365197579533 ], [ -0.48558999695671, 51.543365595642356 ], [ -0.48547099332827, 51.543393374463314 ], [ -0.485460300374501, 51.543397053659064 ], [ -0.485450001401757, 51.54340059406308 ], [ -0.485373186770297, 51.543387557476883 ], [ -0.485331362897296, 51.543384801031941 ], [ -0.485317245278774, 51.543383908413013 ], [ -0.484923462481906, 51.543398976371975 ], [ -0.48416383801753, 51.543127483193061 ], [ -0.48415427517144, 51.543124068384174 ], [ -0.484153207061204, 51.543112598446925 ], [ -0.48416008290424, 51.542964495064616 ], [ -0.484170076376796, 51.542925876670608 ], [ -0.484205816662088, 51.542787705251385 ], [ -0.484223287752817, 51.542720210502587 ], [ -0.484232607183853, 51.542699702773213 ], [ -0.484251291353032, 51.542658624952367 ], [ -0.484249694621285, 51.542645052986302 ], [ -0.484248202530731, 51.542632237722152 ], [ -0.484243106410052, 51.542588577402029 ], [ -0.484242132845347, 51.54258359209993 ], [ -0.48423794018038, 51.542569159283033 ], [ -0.484223554166942, 51.5425195159021 ], [ -0.484207861680688, 51.542465359501058 ], [ -0.48418194920828, 51.54237592923775 ], [ -0.484180888802661, 51.542372255680696 ], [ -0.484177620435874, 51.542362555743544 ], [ -0.484161795403934, 51.542231244102595 ], [ -0.484164734105841, 51.542191630766922 ], [ -0.484379607918577, 51.542082235202741 ], [ -0.484562374297193, 51.542086944866597 ], [ -0.484706166667074, 51.542114089684688 ], [ -0.484800347139179, 51.542131861663712 ], [ -0.484819694374252, 51.542137219304472 ], [ -0.485037069173405, 51.542205049624357 ], [ -0.485400983545636, 51.542335243373294 ], [ -0.485449809495585, 51.542352716081105 ], [ -0.485456621855517, 51.542355150987582 ], [ -0.485823047625312, 51.542486221066156 ], [ -0.485892653201091, 51.54251111955314 ], [ -0.4859324287141, 51.542521038682153 ], [ -0.486075678969032, 51.542543434267898 ], [ -0.486149334153953, 51.54255495043266 ], [ -0.48614965583544, 51.542544388695312 ], [ -0.486149905720791, 51.54253642479037 ], [ -0.486151916645473, 51.542470618510379 ], [ -0.486153321407158, 51.542462183923675 ], [ -0.486154130859635, 51.542457347546772 ], [ -0.486156218812967, 51.542444839295023 ], [ -0.48615508063618, 51.542419169736498 ], [ -0.486154041756397, 51.542395722543368 ], [ -0.486161079102659, 51.542334890875694 ], [ -0.486168132090116, 51.542307915211438 ], [ -0.486169717557104, 51.542301856908459 ], [ -0.486170940259349, 51.542297169738809 ], [ -0.48617492362337, 51.54227273974243 ], [ -0.486174587461121, 51.54224463014377 ], [ -0.48617107509832, 51.54220837305882 ], [ -0.486175577596516, 51.542188940455787 ], [ -0.486177097484829, 51.542166825658654 ], [ -0.486177368360187, 51.542162575831767 ], [ -0.486177988565944, 51.542153016107804 ], [ -0.486177545346548, 51.542139000506054 ], [ -0.486173844913535, 51.542124493270741 ], [ -0.486173165064368, 51.542117605449022 ], [ -0.4861670395912, 51.542054517913328 ], [ -0.486165585255553, 51.542046199328112 ], [ -0.486171261109645, 51.54199989965894 ], [ -0.486170698990669, 51.541991637545699 ], [ -0.486168288422769, 51.541956087163179 ], [ -0.48616757324989, 51.541951132213427 ], [ -0.48616483492291, 51.541931970425367 ], [ -0.486158908556121, 51.54191414331644 ], [ -0.486153060698286, 51.541882006095911 ], [ -0.486149833343669, 51.541869973327167 ], [ -0.486147161260037, 51.541860110352033 ], [ -0.486144700229387, 51.541834333863598 ], [ -0.486142085600054, 51.541824912248408 ], [ -0.4861361993827, 51.541803704579031 ], [ -0.486134533441782, 51.541788729016773 ], [ -0.486131412774824, 51.541760668984082 ], [ -0.486115429177426, 51.541710879638806 ], [ -0.486115740820374, 51.541706270648646 ], [ -0.486116924162054, 51.541690607973393 ], [ -0.486123471156926, 51.541661939806737 ], [ -0.486117615198347, 51.54164025593731 ], [ -0.486116450084649, 51.54163625734941 ], [ -0.486109281742089, 51.541592858309073 ], [ -0.48610988269746, 51.541581706712279 ], [ -0.486112762851718, 51.541528833624234 ], [ -0.486111651687016, 51.54152147264022 ], [ -0.486110098670116, 51.54151786470505 ], [ -0.48610926811013, 51.541514648260829 ], [ -0.486099934838795, 51.54147868932791 ], [ -0.486098183264699, 51.541471940544213 ], [ -0.486108169795819, 51.541467807080501 ], [ -0.486470460918602, 51.541317877674821 ], [ -0.486475688080617, 51.541318538588833 ], [ -0.486826396898415, 51.541362870551417 ], [ -0.486826082086552, 51.54135714743979 ], [ -0.486807294864814, 51.541101966722607 ], [ -0.486806201118691, 51.541087124445774 ], [ -0.48680600817749, 51.541083812820411 ], [ -0.486806080021777, 51.541078171128802 ], [ -0.486801356285434, 51.540987810331508 ], [ -0.486791886312377, 51.540852746440663 ], [ -0.486787513406884, 51.540781147934958 ], [ -0.486780593997108, 51.540677648153867 ], [ -0.486777871368445, 51.540637148044752 ], [ -0.486777501588097, 51.540632647165047 ], [ -0.486775047518931, 51.540603174982181 ], [ -0.486773746131428, 51.540587637623986 ], [ -0.48677240736983, 51.540571488312644 ], [ -0.486761754660125, 51.540443607423043 ], [ -0.486755986630174, 51.540374508736534 ], [ -0.486749748842471, 51.540299577029813 ], [ -0.486745623660083, 51.54025006660391 ], [ -0.48674500577821, 51.540242613074845 ], [ -0.486736633772902, 51.540142043989079 ], [ -0.486735125878128, 51.54011882460717 ], [ -0.486734621126537, 51.54011100385582 ], [ -0.486725164069328, 51.539964479506274 ], [ -0.486719337004898, 51.53987413142525 ], [ -0.486719127571696, 51.539870882531545 ], [ -0.486718443509875, 51.53986020893224 ], [ -0.486716596881466, 51.53983155387678 ], [ -0.486715026582981, 51.539807173691081 ], [ -0.486712207245222, 51.539763507061046 ], [ -0.486710787041618, 51.539741556711057 ], [ -0.486710503757102, 51.539737056945668 ], [ -0.486709341791688, 51.539719057512244 ], [ -0.486707896542978, 51.539696558313302 ], [ -0.486705914048238, 51.539665914222688 ], [ -0.486704991635334, 51.539651559729108 ], [ -0.486703122457247, 51.539622715544311 ], [ -0.486700768221641, 51.539586109310186 ], [ -0.486695103853214, 51.53949846548074 ], [ -0.486693598082716, 51.539475183176251 ], [ -0.486691097765877, 51.539441762799385 ], [ -0.486689007524277, 51.539404067413443 ], [ -0.486687396061008, 51.539386143110129 ], [ -0.486686287658248, 51.539373917373226 ], [ -0.486679681389124, 51.539300536543379 ], [ -0.486672975443634, 51.539225814584434 ], [ -0.486670525661962, 51.539198824296733 ], [ -0.486669145114501, 51.539183501723436 ], [ -0.486667934937397, 51.539169997776987 ], [ -0.486667700955307, 51.539167054301522 ], [ -0.486665406763217, 51.539137548197537 ], [ -0.486663667011378, 51.539115234032288 ], [ -0.486661625193271, 51.539088986368419 ], [ -0.486655945149099, 51.53901594119904 ], [ -0.486654263850218, 51.538994473055986 ], [ -0.486650768067373, 51.538949466839775 ], [ -0.486646916947839, 51.538899959926873 ], [ -0.486645175422421, 51.53887769969031 ], [ -0.486641274914042, 51.53882750873003 ], [ -0.486640968971881, 51.538823692080179 ], [ -0.486640607269869, 51.53881894851186 ], [ -0.486639200317366, 51.538800945912953 ], [ -0.486636741756256, 51.538769441411112 ], [ -0.486633540215836, 51.53872817076055 ], [ -0.486633246003997, 51.538724435191902 ], [ -0.486632194396793, 51.53871093328884 ], [ -0.486625370543391, 51.538623256493139 ], [ -0.486624847277091, 51.538616429140205 ], [ -0.486623713175718, 51.5386019370277 ], [ -0.486420930198289, 51.538528462149131 ], [ -0.486411127348214, 51.538524909633296 ], [ -0.486386693687538, 51.538520332068231 ], [ -0.486367562308631, 51.538516749110315 ], [ -0.486299137785372, 51.538512062528135 ], [ -0.486293390556772, 51.538512743717888 ], [ -0.486257010358054, 51.538517067149613 ], [ -0.486240289643313, 51.538519054488823 ], [ -0.486184451046989, 51.538530950051609 ], [ -0.486177683621926, 51.538532391402768 ], [ -0.486158367272705, 51.538540028324526 ], [ -0.48614692632792, 51.538544556645355 ], [ -0.486100646925826, 51.538524338384967 ], [ -0.486065870182845, 51.538512937057455 ], [ -0.48605538605057, 51.53850949261772 ], [ -0.48603487395086, 51.538502762490083 ], [ -0.485972350548819, 51.538494932653087 ], [ -0.485941340334641, 51.538493867008327 ], [ -0.485886723085322, 51.538491993104756 ], [ -0.485879017227469, 51.538491731787481 ], [ -0.48574270599465, 51.538522623168348 ], [ -0.485731983458908, 51.538525056540969 ], [ -0.48572311180291, 51.538516911962908 ], [ -0.48571542918628, 51.538509870792339 ], [ -0.485710954346076, 51.538505757534047 ], [ -0.485545251896973, 51.538458513464185 ], [ -0.485531809383373, 51.538454707063757 ], [ -0.485487411071256, 51.538448414825062 ], [ -0.485451745301544, 51.538450112506801 ], [ -0.485423871431996, 51.53845143418814 ], [ -0.485401126930516, 51.538454179914787 ], [ -0.485383333933155, 51.538456324140718 ], [ -0.485284322772189, 51.538484279521981 ], [ -0.485279533045698, 51.538486088062683 ], [ -0.485246049682749, 51.538498703458643 ], [ -0.485239916594328, 51.538501016201756 ], [ -0.485175268504932, 51.538566705993937 ], [ -0.485154737539552, 51.538584856980727 ], [ -0.48513977706571, 51.538595058821919 ], [ -0.485097744598597, 51.538623677871797 ], [ -0.48509559996726, 51.538625947693788 ], [ -0.48503619298672, 51.538622622246685 ], [ -0.485021756718727, 51.538621383726749 ], [ -0.485006225345507, 51.538621857572153 ], [ -0.484999022832291, 51.538622070294153 ], [ -0.484946987635931, 51.538623637359834 ], [ -0.484941040892652, 51.538623812342635 ], [ -0.484898149713088, 51.53861967950052 ], [ -0.484874950927713, 51.538617437512663 ], [ -0.484810326752609, 51.538609111642309 ], [ -0.48479662132434, 51.538608026264406 ], [ -0.484764082899425, 51.538608289063234 ], [ -0.484709152314057, 51.538608743471791 ], [ -0.484617376218235, 51.538597616107168 ], [ -0.484610534073048, 51.538596538505473 ], [ -0.484584155213715, 51.538592384765813 ], [ -0.484571245346057, 51.538590356469214 ], [ -0.484542011990566, 51.538590527051745 ], [ -0.484529032232833, 51.538590602030801 ], [ -0.484473384705406, 51.538583776833725 ], [ -0.484402245850068, 51.538572767748136 ], [ -0.484329084362783, 51.538561444713302 ], [ -0.484324449844297, 51.538560539516098 ], [ -0.484294624952983, 51.538557033553616 ], [ -0.484259238712232, 51.538553176909851 ], [ -0.484230754938486, 51.538552053232237 ], [ -0.484221784834944, 51.538552962352036 ], [ -0.48418649714162, 51.538556552535873 ], [ -0.484149053542906, 51.538560366611748 ], [ -0.48414365793766, 51.53856001807609 ], [ -0.484035209584985, 51.538553130297714 ], [ -0.48398258978043, 51.538549788050865 ], [ -0.483970443826548, 51.538549505069852 ], [ -0.483927540367952, 51.538548397145249 ], [ -0.483906880194502, 51.53854485225429 ], [ -0.483898815136168, 51.538544127475099 ], [ -0.483884151258667, 51.538542813778953 ], [ -0.483867503472348, 51.538541321552117 ], [ -0.483824192222541, 51.538539034827245 ], [ -0.483786331289105, 51.538508996587773 ], [ -0.483770433941214, 51.538494475301633 ], [ -0.4837659909882, 51.538491495351728 ], [ -0.483763071461794, 51.538489533246697 ], [ -0.483735144388665, 51.538470800844351 ], [ -0.48371814857632, 51.538459394641613 ], [ -0.483635991240375, 51.538413775279075 ], [ -0.483627928271115, 51.538410820431167 ], [ -0.483579122277082, 51.538392959900726 ], [ -0.483557027287214, 51.538384868788569 ], [ -0.483473763734436, 51.538370788779311 ], [ -0.483464122928876, 51.538370187458362 ], [ -0.483367702120975, 51.53836412458255 ], [ -0.48331303671175, 51.538372872611454 ], [ -0.483300219169541, 51.538375008776143 ], [ -0.483174333286417, 51.538407298577248 ], [ -0.483166988986306, 51.538409181832797 ], [ -0.483152779992965, 51.538392461220397 ], [ -0.483144329920683, 51.538382505361568 ], [ -0.483148830979195, 51.538349058499463 ], [ -0.48314975062582, 51.538342218308777 ], [ -0.483181052685242, 51.538109922029335 ], [ -0.483186032394062, 51.538072920430103 ], [ -0.483322784512016, 51.538079788593791 ], [ -0.48337210150026, 51.53808227012226 ], [ -0.48340861823801, 51.538055154394719 ], [ -0.483614723968893, 51.537902066269289 ], [ -0.483714471484148, 51.537827992655835 ], [ -0.48374279811642, 51.537806939563836 ], [ -0.483794142657859, 51.537768811200046 ], [ -0.483798976938514, 51.537765222882641 ], [ -0.483938723341289, 51.537768739005131 ], [ -0.484147622959209, 51.537773985579918 ], [ -0.48421964308682, 51.537775789201824 ], [ -0.484291691449633, 51.537777611128938 ], [ -0.484463046885336, 51.537781913037684 ], [ -0.48453660830864, 51.537783763369553 ], [ -0.484601453633554, 51.537785393061895 ], [ -0.48466625572623, 51.537787022159371 ], [ -0.484676110138588, 51.537787266456057 ], [ -0.484731101062934, 51.537788651779941 ], [ -0.484757033493907, 51.537789301745917 ], [ -0.484795905714274, 51.537791072155656 ], [ -0.484903409933538, 51.537795968529672 ], [ -0.484983072331566, 51.537799596147664 ], [ -0.485069472696832, 51.537803535532589 ], [ -0.485179643740697, 51.537808555144522 ], [ -0.485187461498024, 51.537808916871704 ], [ -0.485379066082233, 51.537817640541377 ], [ -0.485390526525354, 51.53781816618654 ], [ -0.485459979019867, 51.537809666012144 ], [ -0.485510262033233, 51.537803517068603 ], [ -0.485574777466024, 51.537795618513414 ], [ -0.48568298825202, 51.537782376096189 ], [ -0.485872437855533, 51.537793031448238 ], [ -0.485935747769418, 51.537656393347788 ], [ -0.485978663188446, 51.537563778739433 ], [ -0.485994915543204, 51.537499442266792 ], [ -0.486162121733879, 51.536837425071354 ], [ -0.486249092468452, 51.536493083940421 ], [ -0.486307466239607, 51.536458596697592 ], [ -0.486434093702212, 51.53637562282853 ], [ -0.486519556005441, 51.536319543990004 ], [ -0.486687800866336, 51.536210777613135 ], [ -0.486826056828608, 51.536121469998264 ], [ -0.486858417143516, 51.536115691814295 ], [ -0.486869469737509, 51.536113721221653 ], [ -0.488312301353241, 51.535866542123642 ], [ -0.48832307581261, 51.535864693704781 ], [ -0.488323454443322, 51.535871541661592 ], [ -0.488339434416667, 51.536161171091116 ], [ -0.488367777987611, 51.53661114715824 ], [ -0.488459305323562, 51.536609557030104 ], [ -0.488472867174035, 51.536609318147988 ], [ -0.488561494825854, 51.536607771504684 ], [ -0.489442604707952, 51.536592432693219 ], [ -0.489914264987691, 51.53658421707874 ], [ -0.490161103297193, 51.536579913048925 ], [ -0.490445322943408, 51.536574956559882 ], [ -0.490648293678757, 51.536541599669064 ], [ -0.491048460359578, 51.53640882583769 ], [ -0.491129709540097, 51.536381860327275 ], [ -0.491143982382134, 51.53637712519479 ], [ -0.490976961016193, 51.53619513265587 ], [ -0.490546821591059, 51.535686034857562 ], [ -0.490200205974695, 51.53526793232561 ], [ -0.489770084161607, 51.534758831202701 ], [ -0.489741854696465, 51.534740483286889 ], [ -0.489636972178882, 51.534692660960317 ], [ -0.489599829239377, 51.534675708912843 ], [ -0.489471592345507, 51.534629096358039 ], [ -0.489341881725563, 51.534627425728502 ], [ -0.489284232565222, 51.534626683180377 ], [ -0.489240683582034, 51.534635114442409 ], [ -0.489124804210405, 51.534651606159535 ], [ -0.489008314844295, 51.534686074333976 ], [ -0.48900261662935, 51.53468833889918 ], [ -0.48865765439406, 51.534825431699353 ], [ -0.488630220974473, 51.534833548859297 ], [ -0.488599409330102, 51.534842665577187 ], [ -0.488483812640109, 51.53485016811323 ], [ -0.488282337562909, 51.534838579237004 ], [ -0.488326226271552, 51.53394891523773 ], [ -0.488300991157849, 51.533840683330538 ], [ -0.488281937310099, 51.53380306624932 ], [ -0.488034475845471, 51.533314334928825 ], [ -0.487995244401962, 51.533236928080591 ], [ -0.48784682713476, 51.532943802953298 ], [ -0.488015680627278, 51.532883196688886 ], [ -0.48983408101697, 51.532230550764545 ], [ -0.490394869050069, 51.532344310115043 ], [ -0.490442480704008, 51.532353762289119 ], [ -0.49042460339284, 51.532409490383266 ], [ -0.490427127569372, 51.53244168783457 ], [ -0.490442945957945, 51.532467321283661 ], [ -0.49045970920373, 51.532477914015566 ], [ -0.490474721118246, 51.532487405142618 ], [ -0.490519541925476, 51.53249798134577 ], [ -0.490566119120434, 51.532499489064236 ], [ -0.490729855565192, 51.532476373416159 ], [ -0.490783242313875, 51.532480144788238 ], [ -0.490828252963062, 51.532505897582332 ], [ -0.490845370135291, 51.532543700586068 ], [ -0.490847555330989, 51.532548683385976 ], [ -0.490820985026186, 51.532674969032627 ], [ -0.490859406725666, 51.532735144422432 ], [ -0.490889646144649, 51.532758949133019 ], [ -0.49095063140175, 51.532806942715041 ], [ -0.490974463346339, 51.532825701280785 ], [ -0.49103525214596, 51.532908393018879 ], [ -0.491151137060593, 51.533150846844315 ], [ -0.49118857005012, 51.533272299910749 ], [ -0.4911990613919, 51.533342169050194 ], [ -0.491204435119996, 51.533378026962339 ], [ -0.491204463236533, 51.533397657198968 ], [ -0.491204504102499, 51.533444353986695 ], [ -0.491200708111357, 51.53346539175466 ], [ -0.491198201522266, 51.533479270371075 ], [ -0.491196792954819, 51.533486544887488 ], [ -0.491168236856334, 51.533540391209478 ], [ -0.491153059321592, 51.533569006809515 ], [ -0.491139455825175, 51.533586654245113 ], [ -0.491123352262461, 51.53360752467448 ], [ -0.491105036893279, 51.533630749566427 ], [ -0.491089550825841, 51.533650387019023 ], [ -0.491025175663662, 51.533730065522995 ], [ -0.490919819228101, 51.533836894542546 ], [ -0.490837288824333, 51.533899236579394 ], [ -0.490753469108919, 51.533962191428046 ], [ -0.49070925113604, 51.533991305653011 ], [ -0.490698182593471, 51.533998572785869 ], [ -0.490672864972079, 51.534015107347514 ], [ -0.490525609081581, 51.534087726065593 ], [ -0.490488795454332, 51.534117686363032 ], [ -0.490489971923, 51.534167967925292 ], [ -0.490542503252037, 51.534211678021151 ], [ -0.490635176145664, 51.534241243809788 ], [ -0.490653054789135, 51.534242552961672 ], [ -0.490660577486132, 51.534243099383616 ], [ -0.491033886902585, 51.534270410482478 ], [ -0.491083982013558, 51.534279822392854 ], [ -0.491107768885976, 51.534284282819456 ], [ -0.49116436673816, 51.534303283108891 ], [ -0.491207348772655, 51.53432504865782 ], [ -0.491214927725564, 51.534330433570005 ], [ -0.491264148916418, 51.534365398976469 ], [ -0.49130689126622, 51.534407492760813 ], [ -0.491335264871791, 51.534435445806686 ], [ -0.491342582608866, 51.534444370275004 ], [ -0.491368622168594, 51.534476195901163 ], [ -0.491392573829484, 51.534515350281048 ], [ -0.491394270283944, 51.53451811472226 ], [ -0.491419358872985, 51.534574773541529 ], [ -0.491438705923354, 51.5346184457091 ], [ -0.491496382227059, 51.534795380634826 ], [ -0.491522357183351, 51.534841377083417 ], [ -0.491596887159587, 51.534917222622418 ], [ -0.491697873139558, 51.534986160618011 ], [ -0.491732602065156, 51.535009870026265 ], [ -0.491857112563031, 51.535076403728894 ], [ -0.492258502368094, 51.535290857487141 ], [ -0.492449875520331, 51.535393112699005 ], [ -0.492595378723757, 51.535463665098227 ], [ -0.492888032837841, 51.5356055638036 ], [ -0.493134144017599, 51.535712135973611 ], [ -0.493140136352693, 51.535715369213086 ], [ -0.49319408360182, 51.535744414608573 ], [ -0.493246575078856, 51.535773009651102 ], [ -0.493291274881338, 51.535807448411475 ], [ -0.493329175814916, 51.535836881096245 ], [ -0.493410055395746, 51.535927113425075 ], [ -0.493450953561537, 51.53597276149371 ], [ -0.493501266379101, 51.536028916431057 ], [ -0.493596818205363, 51.536104949559707 ], [ -0.493712460660311, 51.536196994893281 ], [ -0.493740053915186, 51.536222896010791 ], [ -0.493794627131214, 51.536274060894975 ], [ -0.493937371560895, 51.536440981139883 ], [ -0.49398159122198, 51.536507029916528 ], [ -0.493997272772399, 51.536536482800194 ], [ -0.494036318852384, 51.5366098746779 ], [ -0.494110463459039, 51.53684785129451 ], [ -0.494295757789845, 51.537131523061781 ], [ -0.494385983786321, 51.537292130355162 ], [ -0.494423436111799, 51.537358802425786 ], [ -0.494427481042947, 51.537364690260333 ], [ -0.494431640984131, 51.537370588562979 ], [ -0.49447939627978, 51.53743834601373 ], [ -0.494607804328369, 51.537574103171337 ], [ -0.494633970941605, 51.537601766166148 ], [ -0.494689964683966, 51.537652786897013 ], [ -0.494947733082837, 51.537836108534037 ], [ -0.494982307447078, 51.537860687087367 ], [ -0.494996809065066, 51.537873929761012 ], [ -0.495038297460301, 51.537911842458975 ], [ -0.495055972728926, 51.537931600198284 ], [ -0.49518561283643, 51.538076436508824 ], [ -0.495245910747588, 51.538133833630717 ], [ -0.495371874889205, 51.53822228663293 ], [ -0.495388166548627, 51.538233726798879 ], [ -0.495416813179175, 51.538257923441989 ], [ -0.495420601049974, 51.538261119280257 ], [ -0.49544440951096, 51.538290793035948 ], [ -0.495467293652726, 51.53833450068921 ], [ -0.495482341509888, 51.53839763881426 ], [ -0.495489865453741, 51.538429207875467 ], [ -0.495489669861698, 51.538438197529395 ], [ -0.495487196994488, 51.538545514248796 ], [ -0.495459983656626, 51.538623864648834 ], [ -0.49542447833564, 51.538651087170251 ], [ -0.495356782209978, 51.538702966968671 ], [ -0.495258936744892, 51.538777497951365 ], [ -0.495195973337977, 51.538815725323069 ], [ -0.495144131327458, 51.538857332502026 ], [ -0.495138570619172, 51.538863726538921 ], [ -0.495134824845192, 51.53886799472923 ], [ -0.49506353601519, 51.538949637320833 ], [ -0.49505737394092, 51.538954153270055 ], [ -0.495026593268069, 51.538976706416349 ], [ -0.4949741947378, 51.53900283087588 ], [ -0.494872183269693, 51.539053685714229 ], [ -0.494835342359804, 51.539077662757549 ], [ -0.494769198919378, 51.539129643110194 ], [ -0.494665227005849, 51.539246870794543 ], [ -0.494655011417791, 51.539258420541756 ], [ -0.494349625797625, 51.539731931898039 ], [ -0.493878858644204, 51.540286776094696 ], [ -0.493825966191662, 51.540357917575406 ], [ -0.49378925078664, 51.540407298838751 ], [ -0.493744672470063, 51.540481244676442 ], [ -0.493742077780672, 51.540485581561313 ], [ -0.493717433549563, 51.540526620174518 ], [ -0.493668639243624, 51.540634772040633 ], [ -0.493630200982596, 51.54079349394609 ], [ -0.49362949434343, 51.540796551204444 ], [ -0.493627459698227, 51.540838941158199 ], [ -0.493626727626129, 51.540854119538032 ], [ -0.493625468854603, 51.540880441449062 ], [ -0.493625147960082, 51.540887100528707 ], [ -0.493621626018648, 51.540952689175278 ], [ -0.493617298021561, 51.540961913530978 ], [ -0.493610487964208, 51.540976429385886 ], [ -0.493603197861298, 51.540984959282866 ], [ -0.4935941045344, 51.540995255470392 ], [ -0.493586109682568, 51.541004252903456 ], [ -0.492896202198118, 51.540949694946335 ], [ -0.492159272901539, 51.540994179958098 ], [ -0.491500092615572, 51.541109871008437 ], [ -0.491426147761199, 51.541122840206988 ], [ -0.491308369270985, 51.54114350956435 ], [ -0.491284813679087, 51.541147639826569 ], [ -0.491146336628699, 51.541171945482482 ], [ -0.491046833663006, 51.541189414584437 ], [ -0.491013414951252, 51.54119527034026 ], [ -0.491005208484924, 51.541197484783723 ], [ -0.490924473553841, 51.541219318075761 ], [ -0.490824080818841, 51.541246455645691 ], [ -0.49066419687571, 51.541289683738526 ], [ -0.490353830636655, 51.541441471661116 ], [ -0.490341723117737, 51.541447394606429 ], [ -0.490178699858131, 51.541580179923486 ], [ -0.49002889667109, 51.54166339933326 ], [ -0.489973027151961, 51.541694431794134 ], [ -0.489724109570677, 51.541808126730452 ], [ -0.48967058089082, 51.541850762149707 ], [ -0.489528467242157, 51.541597286103951 ], [ -0.489276959022423, 51.541811362680519 ], [ -0.489121511718012, 51.541944729797677 ], [ -0.489066385673979, 51.541992029335816 ], [ -0.48905902365666, 51.541998345977454 ], [ -0.489039475467426, 51.542015125490188 ], [ -0.489011657814102, 51.542056032500597 ], [ -0.488980475641568, 51.542101859875942 ], [ -0.488978838438573, 51.542104266687922 ], [ -0.488973155807668, 51.542120829086443 ], [ -0.488952673775805, 51.542180588326922 ], [ -0.488924116153269, 51.542263866340235 ], [ -0.488921961437565, 51.542270142148958 ], [ -0.488899037012156, 51.542337036910048 ], [ -0.488845725812932, 51.542466234199971 ], [ -0.488836301405068, 51.542489096980972 ], [ -0.488818371540963, 51.542525365552322 ], [ -0.488774473136634, 51.542614192002723 ], [ -0.488738283373131, 51.54268971928991 ], [ -0.488573082106819, 51.543034233191548 ], [ -0.488548826775666, 51.543069889709123 ], [ -0.488423585098972, 51.543194167740126 ], [ -0.48840937485044, 51.543208255364654 ], [ -0.489318667839997, 51.543403982235198 ], [ -0.489886013512101, 51.542900894868964 ], [ -0.490017453141522, 51.542812286363073 ], [ -0.490028161769407, 51.54280506851979 ], [ -0.490040425518697, 51.542797268207593 ], [ -0.490083279501778, 51.542803313900976 ], [ -0.490483203677992, 51.542861302160091 ], [ -0.490553589463453, 51.542888865062096 ], [ -0.49061035674679, 51.542916580960124 ], [ -0.490623879457128, 51.54294373158811 ], [ -0.490637090350242, 51.542979870431054 ], [ -0.490359988973306, 51.543795129081971 ], [ -0.490300010806229, 51.543971585266888 ], [ -0.49015196422434, 51.544407143388149 ], [ -0.490033123243331, 51.544756742770403 ], [ -0.48993410835335, 51.545048030794355 ], [ -0.489904086415164, 51.545083622367962 ], [ -0.489874660210477, 51.545101219161261 ], [ -0.489812030044136, 51.545115915784713 ], [ -0.48980198667773, 51.545118268390134 ], [ -0.489732095691333, 51.545109644605724 ] ] ] } },
{ "type": "Feature", "properties": { "lsoa21cd": "E01002521", "lsoa21nm": "Hillingdon 016C", "msoa21cd": "E02000509", "msoa21nm": "Hillingdon 016", "lad22cd": "E09000017", "lad22nm": "Hillingdon", "index_right": 131, "GSS_CODE": "E05000341", "risk_score": 10.0, "allocation_hours": 148.86229813114534, "patrol_units": 74 }, "geometry": { "type": "Polygon", "coordinates": [ [ [ -0.480425314425155, 51.547199715083714 ], [ -0.480407869239828, 51.547180937965017 ], [ -0.480347781914007, 51.547110541149898 ], [ -0.480332520724996, 51.54709266007859 ], [ -0.4801746993489, 51.546907689463644 ], [ -0.480151089700534, 51.546880019985288 ], [ -0.480145995967174, 51.546874477672418 ], [ -0.480135349260587, 51.546862892518753 ], [ -0.480074978776892, 51.546797122890588 ], [ -0.479966199911882, 51.546686178012997 ], [ -0.479962085097803, 51.546681988228684 ], [ -0.479952633432346, 51.546673493901551 ], [ -0.47984526062533, 51.546577062647764 ], [ -0.479594234357723, 51.54637415259549 ], [ -0.479582044464607, 51.546365604743031 ], [ -0.479494802108185, 51.546305018353607 ], [ -0.479415277041426, 51.546248628856951 ], [ -0.479405412735574, 51.546241702776072 ], [ -0.479276257720455, 51.546151121181424 ], [ -0.479107331298902, 51.546027147830081 ], [ -0.478855280702106, 51.545842171361663 ], [ -0.47880812172954, 51.545811480391407 ], [ -0.478757886232154, 51.545778771185873 ], [ -0.478660675847527, 51.545715481221023 ], [ -0.478569450406647, 51.545656090547475 ], [ -0.478451380474633, 51.545588240401614 ], [ -0.478383344614084, 51.545553942186174 ], [ -0.478335448682143, 51.545529796810499 ], [ -0.47828486386418, 51.545508440084951 ], [ -0.478166558678612, 51.545458683513687 ], [ -0.478139259738312, 51.545447201239853 ], [ -0.47777794917636, 51.545320854377294 ], [ -0.477710280356968, 51.545297189378921 ], [ -0.477646005781128, 51.545272938955499 ], [ -0.477570366271993, 51.545244395485028 ], [ -0.477534874783321, 51.545231012726319 ], [ -0.477121401564541, 51.545074986359012 ], [ -0.477087064173091, 51.545062032096183 ], [ -0.477052669742008, 51.545049059097579 ], [ -0.477107627851056, 51.545031842406878 ], [ -0.477112728686477, 51.545030245094587 ], [ -0.477169683235123, 51.545012406864728 ], [ -0.477204135834448, 51.545001614029339 ], [ -0.47743578784264, 51.544901805083676 ], [ -0.477450126826173, 51.544895633767169 ], [ -0.478056057702421, 51.544704115685995 ], [ -0.478106006416218, 51.544688326222889 ], [ -0.478309316656592, 51.544646003899388 ], [ -0.47834295046143, 51.544638122593454 ], [ -0.47838199163026, 51.544628962619029 ], [ -0.478416999470349, 51.544623985641422 ], [ -0.478613831485584, 51.544596002307586 ], [ -0.478862446499109, 51.544569418892003 ], [ -0.478863740256817, 51.544572353666645 ], [ -0.47891031014644, 51.544566838646645 ], [ -0.478989330109179, 51.544555850175897 ], [ -0.479043863779007, 51.544550020280724 ], [ -0.47943878417535, 51.544507789680999 ], [ -0.479500613151067, 51.544501145973939 ], [ -0.479509166273029, 51.544500240774802 ], [ -0.479881917865136, 51.544460248007027 ], [ -0.479887446557015, 51.544459654264138 ], [ -0.4798697862727, 51.544453859074231 ], [ -0.479864921699698, 51.544452267316132 ], [ -0.479830385881667, 51.544440929893014 ], [ -0.479794501407356, 51.544414243170309 ], [ -0.479750158238888, 51.544381305039096 ], [ -0.479731878176784, 51.544367714494555 ], [ -0.479676615564552, 51.54429505980508 ], [ -0.479648085374391, 51.544285697571631 ], [ -0.479490932355595, 51.544092960657053 ], [ -0.479498661622745, 51.544091676092059 ], [ -0.479648021667663, 51.544066690259179 ], [ -0.479544438823084, 51.543933655300876 ], [ -0.479415773189223, 51.543786204045873 ], [ -0.479571489692015, 51.543762451773873 ], [ -0.479582354775991, 51.543760106319617 ], [ -0.479578399694783, 51.543753297343748 ], [ -0.479468154698155, 51.543563749462471 ], [ -0.479448719018882, 51.543530333927627 ], [ -0.479420881346783, 51.543482484742576 ], [ -0.479356464816978, 51.543371718839644 ], [ -0.479302154664919, 51.543278340137967 ], [ -0.479294135354055, 51.543264540903074 ], [ -0.479199822564455, 51.54310239198697 ], [ -0.479220230443627, 51.543096694847826 ], [ -0.479309227880951, 51.543071834665774 ], [ -0.479548479707242, 51.54304163944829 ], [ -0.479645854394524, 51.543029350933693 ], [ -0.47963479606734, 51.543163812685378 ], [ -0.47963440902173, 51.543168501626404 ], [ -0.479713319788106, 51.543250904904063 ], [ -0.479786267873085, 51.543284636629423 ], [ -0.479794657329237, 51.543286903557956 ], [ -0.479814423726473, 51.543292231501155 ], [ -0.479836261107569, 51.543302487076588 ], [ -0.479839640549015, 51.54330406857293 ], [ -0.47985288803512, 51.543310283145573 ], [ -0.479914324481877, 51.543325314489991 ], [ -0.479921178238758, 51.543324333276061 ], [ -0.479981238914536, 51.543315742063911 ], [ -0.479985496578158, 51.543315203776771 ], [ -0.479991534162618, 51.543314913373116 ], [ -0.47999943175862, 51.543313765843116 ], [ -0.480006192926711, 51.543311668383566 ], [ -0.48006356087882, 51.543293870112898 ], [ -0.480188803114683, 51.543255433251176 ], [ -0.480194720318402, 51.543255725773498 ], [ -0.480228312655551, 51.543256835663939 ], [ -0.480258318990457, 51.543263860927524 ], [ -0.480416535466057, 51.543300909653581 ], [ -0.480423904477956, 51.543302641758984 ], [ -0.480657175914896, 51.543290081508474 ], [ -0.480663105188058, 51.543290877729952 ], [ -0.480809176695633, 51.543310701221181 ], [ -0.480899067895893, 51.543337574888113 ], [ -0.480905140506247, 51.543330387829528 ], [ -0.480939059925712, 51.543273186961514 ], [ -0.480947218648783, 51.543259435605989 ], [ -0.480964117362336, 51.543230933291895 ], [ -0.481016695830855, 51.543175502850083 ], [ -0.481029905702801, 51.543165530736957 ], [ -0.481114194164231, 51.543101905507122 ], [ -0.481118855647762, 51.54309530263707 ], [ -0.481137318715386, 51.543069185530449 ], [ -0.481119947488095, 51.543027874849564 ], [ -0.481106222891339, 51.542995279947284 ], [ -0.481104860073915, 51.542992034070245 ], [ -0.481042522722641, 51.54293694015815 ], [ -0.480987987769099, 51.542888754445123 ], [ -0.481015600175366, 51.542886252674322 ], [ -0.481468608965272, 51.542845181689515 ], [ -0.481467003572466, 51.542838825849998 ], [ -0.481485278002239, 51.542836989838399 ], [ -0.481527859831335, 51.542835329282966 ], [ -0.481529335115778, 51.542791016563797 ], [ -0.481532191410941, 51.542705222464541 ], [ -0.481532797380528, 51.542687020992297 ], [ -0.481534569201883, 51.542633800785957 ], [ -0.481534742463624, 51.54262859651309 ], [ -0.481541326175306, 51.542572048550113 ], [ -0.481544677126959, 51.542543298744164 ], [ -0.481556479783415, 51.542441740189808 ], [ -0.481560819492562, 51.542404514498401 ], [ -0.481561527173894, 51.542398417921476 ], [ -0.481571523817535, 51.542312554438958 ], [ -0.481572754386412, 51.542302013466781 ], [ -0.481573404158965, 51.542296356760303 ], [ -0.481583623043978, 51.542208580803468 ], [ -0.481588144196971, 51.542169801799666 ], [ -0.481591220089631, 51.542143260552301 ], [ -0.481593866656208, 51.542120517465904 ], [ -0.48159534190245, 51.542107830526497 ], [ -0.481601111179008, 51.542087447884988 ], [ -0.481637524217067, 51.541958808798448 ], [ -0.481651251617634, 51.541910338527423 ], [ -0.481683415562014, 51.541796697420693 ], [ -0.481685132597481, 51.541790604929822 ], [ -0.481696865482348, 51.541749194714534 ], [ -0.481710071919717, 51.541702507148344 ], [ -0.481721986056763, 51.541660415867653 ], [ -0.481732363553803, 51.541623762979611 ], [ -0.481739912154138, 51.541597144771963 ], [ -0.48174243124554, 51.541588185148363 ], [ -0.481753325832541, 51.541543365002063 ], [ -0.481766511746947, 51.541489148854836 ], [ -0.481768161479808, 51.541482391863461 ], [ -0.481769348004487, 51.541477506454576 ], [ -0.481774042776625, 51.541458206944959 ], [ -0.481779173668337, 51.541437069672348 ], [ -0.481787110426572, 51.54140442269064 ], [ -0.481792557971876, 51.541382003626921 ], [ -0.481804910093427, 51.541323722972592 ], [ -0.48180966544984, 51.541301303936265 ], [ -0.481815527291724, 51.541269906981007 ], [ -0.481817178816864, 51.541261017050971 ], [ -0.48184477870457, 51.54111292145241 ], [ -0.481846275219043, 51.541067979590679 ], [ -0.481846297626071, 51.541058992128512 ], [ -0.481845119267163, 51.540972995685649 ], [ -0.481924128228169, 51.540955406700377 ], [ -0.481958118047705, 51.540947556001498 ], [ -0.482343526592558, 51.540858604194028 ], [ -0.482700232405973, 51.540840444278217 ], [ -0.482906860114473, 51.54082992689009 ], [ -0.4829264315565, 51.540854090546077 ], [ -0.482939141242078, 51.540896392677219 ], [ -0.482940439669819, 51.540900707772643 ], [ -0.482946518021624, 51.540911316349941 ], [ -0.482964379964408, 51.540935287022627 ], [ -0.482973325058291, 51.540947281532759 ], [ -0.482994361955271, 51.540975510648323 ], [ -0.483007503159935, 51.540993143638275 ], [ -0.483015412696608, 51.541003757923029 ], [ -0.483042744552544, 51.541040422280851 ], [ -0.483061061929029, 51.541065010301736 ], [ -0.483070159052452, 51.541077204599581 ], [ -0.48307642573821, 51.541085621498375 ], [ -0.483084321494344, 51.541096217614722 ], [ -0.483121992255767, 51.541146764871364 ], [ -0.48314337475124, 51.541175448038786 ], [ -0.483170347321606, 51.541211649107645 ], [ -0.483175482641049, 51.54121853167252 ], [ -0.483200784440462, 51.541252508015752 ], [ -0.483224927537887, 51.541284904710629 ], [ -0.483231236033188, 51.541293367101652 ], [ -0.4832510586739, 51.541319961847925 ], [ -0.483265173619628, 51.541329136710388 ], [ -0.483307817480678, 51.541347672914299 ], [ -0.483326281751759, 51.54134791179812 ], [ -0.483336645382564, 51.541348045877598 ], [ -0.483452255951212, 51.541340549286979 ], [ -0.483495796744645, 51.541332120303103 ], [ -0.483538085793632, 51.541314934653947 ], [ -0.483740789940672, 51.541232534989462 ], [ -0.483772115625799, 51.541219802492712 ], [ -0.483956473907776, 51.541144853554229 ], [ -0.48398076806648, 51.541134988516944 ], [ -0.484050596736634, 51.541106594814877 ], [ -0.484055829681363, 51.541105123013445 ], [ -0.48407153605952, 51.541098745599065 ], [ -0.484098776284464, 51.541087012280556 ], [ -0.484106172789047, 51.541084005603231 ], [ -0.48410967854543, 51.541082436829598 ], [ -0.484184096157816, 51.541050249217662 ], [ -0.484204391769301, 51.541048749167444 ], [ -0.484255188447252, 51.541044999772119 ], [ -0.484264395280572, 51.541044143156377 ], [ -0.48429131987679, 51.541042553453252 ], [ -0.484337052121523, 51.541040195284552 ], [ -0.484351920196417, 51.541039731080929 ], [ -0.484363482343139, 51.541040680875902 ], [ -0.4843704052478, 51.541041076116976 ], [ -0.484387128452998, 51.54104033015745 ], [ -0.484412951129862, 51.541038703699634 ], [ -0.484428049414744, 51.541037604013873 ], [ -0.484437979549381, 51.541037111929001 ], [ -0.484445175869398, 51.541036656438038 ], [ -0.484487385668652, 51.541033982905141 ], [ -0.484493613869967, 51.54103358683345 ], [ -0.484518555203074, 51.541032011904392 ], [ -0.484525115818491, 51.541031593151622 ], [ -0.484544840756169, 51.541030341944314 ], [ -0.484650697180535, 51.541023648797115 ], [ -0.484689554280591, 51.541021192628399 ], [ -0.484814268661485, 51.541013299839051 ], [ -0.484828487722215, 51.541012404551779 ], [ -0.484890263589949, 51.541008495430077 ], [ -0.484911194821867, 51.541008716259633 ], [ -0.48493412800178, 51.541009012393495 ], [ -0.484962000344827, 51.541019938174479 ], [ -0.485009403688848, 51.541038507752539 ], [ -0.485018499774272, 51.541042078219554 ], [ -0.485083967120005, 51.541067742080848 ], [ -0.485095212908152, 51.541072149598179 ], [ -0.485111327189714, 51.541078463380344 ], [ -0.485143769294413, 51.54109117462459 ], [ -0.485147655441281, 51.54109269952442 ], [ -0.485229692837789, 51.541124853809372 ], [ -0.485361198099838, 51.541176386433648 ], [ -0.485438690060209, 51.541189535255924 ], [ -0.485453846947995, 51.541192113846222 ], [ -0.485475901630036, 51.541195851546966 ], [ -0.485473364117227, 51.541272252742935 ], [ -0.485471423658585, 51.54133067718638 ], [ -0.485469781726849, 51.541380113253524 ], [ -0.485468419218426, 51.541421136200618 ], [ -0.485465602242765, 51.541505950513795 ], [ -0.485463363220748, 51.541573363330869 ], [ -0.485461422727838, 51.541631787771834 ], [ -0.485459780468568, 51.541681232825262 ], [ -0.485457989531788, 51.541735154089267 ], [ -0.485455899750089, 51.541798072716531 ], [ -0.485487121194947, 51.54186448765951 ], [ -0.485508497043265, 51.541909949511279 ], [ -0.485522909263859, 51.541940601200437 ], [ -0.48553671523612, 51.54196996816578 ], [ -0.485551795525837, 51.542022623461548 ], [ -0.48555609826451, 51.542037660047114 ], [ -0.485562559286568, 51.542060224006377 ], [ -0.485561842832871, 51.542081796105705 ], [ -0.48556136519657, 51.542096177505201 ], [ -0.485559574056851, 51.542150107753081 ], [ -0.485546882285683, 51.542181416768898 ], [ -0.485526116357332, 51.542232665333437 ], [ -0.485518748848536, 51.542250860473217 ], [ -0.485512450467799, 51.54226638972203 ], [ -0.485485777094863, 51.542308794591911 ], [ -0.485474297473769, 51.542327053552746 ], [ -0.485456621855517, 51.542355150987582 ], [ -0.485449809495585, 51.542352716081105 ], [ -0.485400983545636, 51.542335243373294 ], [ -0.485037069173405, 51.542205049624357 ], [ -0.484819694374252, 51.542137219304472 ], [ -0.484800347139179, 51.542131861663712 ], [ -0.484706166667074, 51.542114089684688 ], [ -0.484562374297193, 51.542086944866597 ], [ -0.484379607918577, 51.542082235202741 ], [ -0.484164734105841, 51.542191630766922 ], [ -0.484161795403934, 51.542231244102595 ], [ -0.484177620435874, 51.542362555743544 ], [ -0.484180888802661, 51.542372255680696 ], [ -0.48418194920828, 51.54237592923775 ], [ -0.484207861680688, 51.542465359501058 ], [ -0.484223554166942, 51.5425195159021 ], [ -0.48423794018038, 51.542569159283033 ], [ -0.484242132845347, 51.54258359209993 ], [ -0.484243106410052, 51.542588577402029 ], [ -0.484248202530731, 51.542632237722152 ], [ -0.484249694621285, 51.542645052986302 ], [ -0.484251291353032, 51.542658624952367 ], [ -0.484232607183853, 51.542699702773213 ], [ -0.484223287752817, 51.542720210502587 ], [ -0.484205816662088, 51.542787705251385 ], [ -0.484170076376796, 51.542925876670608 ], [ -0.48416008290424, 51.542964495064616 ], [ -0.484153207061204, 51.543112598446925 ], [ -0.48415427517144, 51.543124068384174 ], [ -0.48416383801753, 51.543127483193061 ], [ -0.484923462481906, 51.543398976371975 ], [ -0.485317245278774, 51.543383908413013 ], [ -0.485331362897296, 51.543384801031941 ], [ -0.485373186770297, 51.543387557476883 ], [ -0.485450001401757, 51.54340059406308 ], [ -0.485460300374501, 51.543397053659064 ], [ -0.48547099332827, 51.543393374463314 ], [ -0.48558999695671, 51.543365595642356 ], [ -0.485596081522381, 51.543365197579533 ], [ -0.485662561289672, 51.543360920961632 ], [ -0.485670787824148, 51.543361162010179 ], [ -0.485795465513332, 51.543364893096729 ], [ -0.485830522111864, 51.543371019570834 ], [ -0.485849176180644, 51.543374272679173 ], [ -0.48585775004159, 51.543376649358258 ], [ -0.485979853793758, 51.543410569967108 ], [ -0.485961322913215, 51.543484849597895 ], [ -0.485960970867855, 51.543502406908139 ], [ -0.485960684714146, 51.543533619790978 ], [ -0.485974235184952, 51.543567241277572 ], [ -0.485990350256507, 51.543607235383206 ], [ -0.485992690783636, 51.543615578910718 ], [ -0.486036208250319, 51.543692232742231 ], [ -0.486039859698309, 51.543698664345577 ], [ -0.486079936755854, 51.543735159372368 ], [ -0.486085934933722, 51.543739103422276 ], [ -0.48613701169518, 51.543772673984549 ], [ -0.486144209819031, 51.543777397852409 ], [ -0.486199330858428, 51.543800787388406 ], [ -0.486317779143214, 51.543851035333461 ], [ -0.486353286300946, 51.543868803415869 ], [ -0.486360379384989, 51.543872347931064 ], [ -0.486436257511782, 51.543904295942703 ], [ -0.486480287762931, 51.543918154386738 ], [ -0.486500768468543, 51.543924605207344 ], [ -0.486457301040338, 51.543946372299622 ], [ -0.486204898596843, 51.544094932520331 ], [ -0.486153903110066, 51.544124947191783 ], [ -0.486150358313391, 51.544127032622789 ], [ -0.486061319310078, 51.544163984052418 ], [ -0.486057605007243, 51.544165527759318 ], [ -0.485987922702094, 51.544176750274794 ], [ -0.485959127942188, 51.544181378445401 ], [ -0.485820846864287, 51.544183343978666 ], [ -0.485836429253875, 51.544312152110301 ], [ -0.485909147433201, 51.544461894031123 ], [ -0.485917772589907, 51.544479675075323 ], [ -0.485922904486179, 51.544479741289912 ], [ -0.48593703859258, 51.544501001471694 ], [ -0.485955096798481, 51.544499193225555 ], [ -0.486076772450701, 51.544487013914271 ], [ -0.486187451137785, 51.54447593354385 ], [ -0.486192877213349, 51.544475392069188 ], [ -0.486246892601361, 51.544469983135883 ], [ -0.486252417398788, 51.544469074250081 ], [ -0.486332098847973, 51.544455975281046 ], [ -0.486835173715039, 51.544504915753208 ], [ -0.487407064324099, 51.544560541084351 ], [ -0.487446106133366, 51.544577428176503 ], [ -0.488118550690502, 51.544868297013664 ], [ -0.488280204353166, 51.544905269456919 ], [ -0.488727477118064, 51.545087305203488 ], [ -0.4890802496309, 51.545065077933764 ], [ -0.489212730730393, 51.54505673028747 ], [ -0.489255992082758, 51.545057287236176 ], [ -0.489313640251586, 51.545058029376619 ], [ -0.489732095691333, 51.545109644605724 ], [ -0.48980198667773, 51.545118268390134 ], [ -0.489812030044136, 51.545115915784713 ], [ -0.489874660210477, 51.545101219161261 ], [ -0.489904086415164, 51.545083622367962 ], [ -0.48993410835335, 51.545048030794355 ], [ -0.490033123243331, 51.544756742770403 ], [ -0.49015196422434, 51.544407143388149 ], [ -0.490300010806229, 51.543971585266888 ], [ -0.490359988973306, 51.543795129081971 ], [ -0.490637090350242, 51.542979870431054 ], [ -0.490623879457128, 51.54294373158811 ], [ -0.49061035674679, 51.542916580960124 ], [ -0.490553589463453, 51.542888865062096 ], [ -0.490483203677992, 51.542861302160091 ], [ -0.490083279501778, 51.542803313900976 ], [ -0.490040425518697, 51.542797268207593 ], [ -0.490028161769407, 51.54280506851979 ], [ -0.490017453141522, 51.542812286363073 ], [ -0.489886013512101, 51.542900894868964 ], [ -0.489318667839997, 51.543403982235198 ], [ -0.48840937485044, 51.543208255364654 ], [ -0.488423585098972, 51.543194167740126 ], [ -0.488548826775666, 51.543069889709123 ], [ -0.488573082106819, 51.543034233191548 ], [ -0.488738283373131, 51.54268971928991 ], [ -0.488774473136634, 51.542614192002723 ], [ -0.488818371540963, 51.542525365552322 ], [ -0.488836301405068, 51.542489096980972 ], [ -0.488845725812932, 51.542466234199971 ], [ -0.488899037012156, 51.542337036910048 ], [ -0.488921961437565, 51.542270142148958 ], [ -0.488924116153269, 51.542263866340235 ], [ -0.488952673775805, 51.542180588326922 ], [ -0.488973155807668, 51.542120829086443 ], [ -0.488978838438573, 51.542104266687922 ], [ -0.488980475641568, 51.542101859875942 ], [ -0.489011657814102, 51.542056032500597 ], [ -0.489039475467426, 51.542015125490188 ], [ -0.48905902365666, 51.541998345977454 ], [ -0.489066385673979, 51.541992029335816 ], [ -0.489121511718012, 51.541944729797677 ], [ -0.489276959022423, 51.541811362680519 ], [ -0.489528467242157, 51.541597286103951 ], [ -0.48967058089082, 51.541850762149707 ], [ -0.489724109570677, 51.541808126730452 ], [ -0.489973027151961, 51.541694431794134 ], [ -0.49002889667109, 51.54166339933326 ], [ -0.490178699858131, 51.541580179923486 ], [ -0.490341723117737, 51.541447394606429 ], [ -0.490353830636655, 51.541441471661116 ], [ -0.49066419687571, 51.541289683738526 ], [ -0.490824080818841, 51.541246455645691 ], [ -0.490924473553841, 51.541219318075761 ], [ -0.491005208484924, 51.541197484783723 ], [ -0.491013414951252, 51.54119527034026 ], [ -0.491046833663006, 51.541189414584437 ], [ -0.491146336628699, 51.541171945482482 ], [ -0.491284813679087, 51.541147639826569 ], [ -0.491308369270985, 51.54114350956435 ], [ -0.491426147761199, 51.541122840206988 ], [ -0.491500092615572, 51.541109871008437 ], [ -0.492159272901539, 51.540994179958098 ], [ -0.492896202198118, 51.540949694946335 ], [ -0.493586109682568, 51.541004252903456 ], [ -0.493525640497921, 51.541051000159818 ], [ -0.493515064910096, 51.541059020275519 ], [ -0.493507018610264, 51.541065121563904 ], [ -0.493488507243275, 51.54107371419822 ], [ -0.493473510255376, 51.541080688401983 ], [ -0.493449184608122, 51.541091984957461 ], [ -0.493411416889131, 51.541109457382511 ], [ -0.49324813073008, 51.541155801461343 ], [ -0.493158022527491, 51.541181378020141 ], [ -0.493045389248764, 51.541208265824203 ], [ -0.493036202992996, 51.541210458830363 ], [ -0.493027789157049, 51.541211969358862 ], [ -0.49272849043045, 51.541265638891048 ], [ -0.49245803770552, 51.54129514764405 ], [ -0.492446257090633, 51.541296426038741 ], [ -0.492301026221974, 51.541327866996738 ], [ -0.492236935104226, 51.541347239869737 ], [ -0.492169930722059, 51.541367492474556 ], [ -0.492049851377094, 51.541414561043176 ], [ -0.49199409679132, 51.541445658830078 ], [ -0.491886862270341, 51.541505481384903 ], [ -0.491844162988813, 51.541541665632025 ], [ -0.491807127246361, 51.541573165797885 ], [ -0.491804991942787, 51.541576249647022 ], [ -0.491797874361139, 51.541586526147832 ], [ -0.491788562471595, 51.541600362324509 ], [ -0.491785398739941, 51.541605546117424 ], [ -0.491771959672261, 51.54164964189571 ], [ -0.491783710059777, 51.541721793350838 ], [ -0.491913326732807, 51.542026945509946 ], [ -0.491930505218363, 51.542059987759529 ], [ -0.491941784580334, 51.542081722953775 ], [ -0.491949333387614, 51.542095910721294 ], [ -0.491960805806376, 51.542117477542661 ], [ -0.491983497625224, 51.542150383818047 ], [ -0.492004647670707, 51.542181076237817 ], [ -0.492025220146802, 51.542210925041367 ], [ -0.492031935427304, 51.542220668990275 ], [ -0.492078639607796, 51.542288441102087 ], [ -0.492098844497616, 51.542344245715739 ], [ -0.492099396482154, 51.542350232637709 ], [ -0.492103815496388, 51.542399342003556 ], [ -0.492101327917108, 51.542422680824977 ], [ -0.492098990858096, 51.542444519879325 ], [ -0.492098605555763, 51.542447887011654 ], [ -0.492031701732654, 51.542672264445066 ], [ -0.492027381068689, 51.542682999587363 ], [ -0.491890746550488, 51.543023523587358 ], [ -0.491843011056815, 51.543104262715801 ], [ -0.49179330833566, 51.543163368229479 ], [ -0.49170086810268, 51.543273287975772 ], [ -0.491622418244737, 51.5434045102268 ], [ -0.491601168508016, 51.543440053100547 ], [ -0.491586894334644, 51.543476162227066 ], [ -0.491558374450788, 51.543548389833589 ], [ -0.491531723955773, 51.543658062603761 ], [ -0.491529571955331, 51.54367364094383 ], [ -0.491524673344653, 51.543709259115175 ], [ -0.491524526950698, 51.543713249780538 ], [ -0.49152279607586, 51.543762100264907 ], [ -0.491522305615479, 51.543776058883097 ], [ -0.491517835129376, 51.543902081379038 ], [ -0.491509265337754, 51.543936636234683 ], [ -0.491505887202826, 51.543950260987806 ], [ -0.491485586062631, 51.544005077380426 ], [ -0.491311831253408, 51.544326141005584 ], [ -0.491296917788641, 51.544347989207694 ], [ -0.491294159204697, 51.544352036210739 ], [ -0.49128059173324, 51.544371123119035 ], [ -0.491206443609211, 51.544441523078319 ], [ -0.4911954556439, 51.544451947663219 ], [ -0.49119250327445, 51.544454004891044 ], [ -0.491132242241957, 51.54449608700331 ], [ -0.491074949592889, 51.544531265258613 ], [ -0.491060944493215, 51.544526085495853 ], [ -0.491030653660352, 51.544558508617854 ], [ -0.490854673147353, 51.54482157913678 ], [ -0.490792401009144, 51.544960157760883 ], [ -0.490786695115719, 51.544981359981428 ], [ -0.49078102396099, 51.545004127295542 ], [ -0.490782484082169, 51.545041940392984 ], [ -0.490787498664073, 51.545056014770118 ], [ -0.490794028888215, 51.545074406922431 ], [ -0.490805893560854, 51.545090232957001 ], [ -0.490816473793863, 51.545104342941244 ], [ -0.490855062020688, 51.545136734618318 ], [ -0.49090143097205, 51.545165854256275 ], [ -0.490919640531924, 51.545173857707034 ], [ -0.490956059373764, 51.545189873588328 ], [ -0.49106094312941, 51.545221013508531 ], [ -0.491104041585979, 51.545226063789087 ], [ -0.491110286265457, 51.545226063153159 ], [ -0.491235218941086, 51.545226176758561 ], [ -0.491280256457757, 51.545226234244183 ], [ -0.491368554241345, 51.545240839761831 ], [ -0.491440065918098, 51.545258907243891 ], [ -0.491495751253343, 51.54527845278546 ], [ -0.49153778521506, 51.545302175056726 ], [ -0.491544488660105, 51.545308798569394 ], [ -0.491549163654715, 51.545313525625566 ], [ -0.491564814572414, 51.545329346292512 ], [ -0.491565591898398, 51.545332660925546 ], [ -0.491574520028383, 51.545377111833581 ], [ -0.491537245140876, 51.545508197884118 ], [ -0.491531173478672, 51.5455295662845 ], [ -0.491545696483754, 51.545686550319665 ], [ -0.49154675935286, 51.545698020070965 ], [ -0.491536449224471, 51.545726752571838 ], [ -0.491520958220945, 51.545769976880962 ], [ -0.491469145774387, 51.54584567279813 ], [ -0.491448505578213, 51.545875828156461 ], [ -0.49143193713857, 51.545913688233675 ], [ -0.491412925310174, 51.546041771817976 ], [ -0.491401532310081, 51.546062469327204 ], [ -0.491392702039481, 51.54607784940864 ], [ -0.49136049448237, 51.546117180984709 ], [ -0.491355128854238, 51.546123739273554 ], [ -0.491342154947306, 51.546135765937834 ], [ -0.491309095053951, 51.546166418042802 ], [ -0.491300540065771, 51.546171730369622 ], [ -0.491258944244165, 51.546197524830781 ], [ -0.491189906490607, 51.546223213749322 ], [ -0.490554972009273, 51.546137457546102 ], [ -0.490536752254338, 51.546134851047341 ], [ -0.490520775644222, 51.546133449581376 ], [ -0.490390259138882, 51.546122005166865 ], [ -0.490285723799173, 51.546118196533747 ], [ -0.490247551472505, 51.546116797239307 ], [ -0.490225925835522, 51.546117004604206 ], [ -0.490170281703865, 51.546117547631923 ], [ -0.490104192657899, 51.546118190045263 ], [ -0.489977745939781, 51.546125834073386 ], [ -0.489934288757398, 51.546131596424701 ], [ -0.489890831564237, 51.546137358759971 ], [ -0.489885687976948, 51.546138511018761 ], [ -0.489709189457239, 51.546178156957964 ], [ -0.489686657053851, 51.546185276568835 ], [ -0.489646320589531, 51.54619827275932 ], [ -0.489618987849888, 51.546207066076597 ], [ -0.48948033252781, 51.546265439459809 ], [ -0.489476865619237, 51.546266914522008 ], [ -0.489454489277837, 51.546281077012459 ], [ -0.489412977149079, 51.546307357496921 ], [ -0.489373489155953, 51.546332396118771 ], [ -0.489311648276468, 51.546383512196343 ], [ -0.489264350797706, 51.546437279335386 ], [ -0.489246678160796, 51.546472274386673 ], [ -0.48924022736553, 51.54648502325221 ], [ -0.489239159382948, 51.546498542806525 ], [ -0.489236354904765, 51.546534008018746 ], [ -0.489240059087957, 51.546553236126094 ], [ -0.489246423680456, 51.546584017525269 ], [ -0.489274182059979, 51.546643804496583 ], [ -0.489307173877724, 51.546695376987003 ], [ -0.489407043048136, 51.546796997804222 ], [ -0.489423688409133, 51.546821976652382 ], [ -0.489449953717385, 51.546861754634939 ], [ -0.489453373196631, 51.546870422193884 ], [ -0.489462418896895, 51.546893414848967 ], [ -0.489466781854063, 51.54690451346017 ], [ -0.489487362234901, 51.546956780399839 ], [ -0.489522179484426, 51.547116552792893 ], [ -0.489515662948834, 51.547169172356092 ], [ -0.489514191159429, 51.547180951213349 ], [ -0.489509483693416, 51.547187221151418 ], [ -0.489490141631504, 51.547212959734246 ], [ -0.489483868267157, 51.547216430918887 ], [ -0.489439592264956, 51.547240916071615 ], [ -0.489302251588456, 51.547265897398809 ], [ -0.489134378003941, 51.547285794246356 ], [ -0.488990624594162, 51.547292018497274 ], [ -0.488846870850581, 51.547298251560626 ], [ -0.488802991326537, 51.54729756964106 ], [ -0.488698453728525, 51.54729592673884 ], [ -0.488542800211057, 51.547293490546863 ], [ -0.488524640245254, 51.547294857279269 ], [ -0.488451985657365, 51.547300332983617 ], [ -0.488413937322236, 51.547309959180275 ], [ -0.488380630711213, 51.547318378535969 ], [ -0.488316196425801, 51.547340838453458 ], [ -0.488288056064456, 51.547350906962166 ], [ -0.488227727793977, 51.54737958839285 ], [ -0.488215243326904, 51.547385515310957 ], [ -0.48819853152272, 51.547396926985463 ], [ -0.488149769262076, 51.547430199531767 ], [ -0.488071033655367, 51.547514251708591 ], [ -0.488068104339947, 51.547517343266513 ], [ -0.48806379746057, 51.547521963740827 ], [ -0.488011311938946, 51.547601192518741 ], [ -0.487875443518929, 51.547806299268807 ], [ -0.487727499245613, 51.548080863628982 ], [ -0.487672725491811, 51.548211008270819 ], [ -0.487653260655589, 51.548267804157575 ], [ -0.487627613837155, 51.548397501324878 ], [ -0.487624566488705, 51.548412847762648 ], [ -0.487593647801481, 51.548596259519819 ], [ -0.487590736682628, 51.548613586003015 ], [ -0.487558341900919, 51.548805836075431 ], [ -0.487479191635726, 51.549017958898553 ], [ -0.487387114303409, 51.549184953916324 ], [ -0.487288484608228, 51.549332054532556 ], [ -0.487249331691789, 51.549381007157493 ], [ -0.487137545313135, 51.54952077127038 ], [ -0.487057312973442, 51.549636725967247 ], [ -0.48703954258963, 51.549662403510389 ], [ -0.487000617173614, 51.549695352820692 ], [ -0.486721413994231, 51.549931719924814 ], [ -0.486675996100295, 51.549969495182204 ], [ -0.486597211601695, 51.550034374396233 ], [ -0.486350666842257, 51.550209232280615 ], [ -0.486187613967826, 51.550302087330806 ], [ -0.485957379623679, 51.550408292275854 ], [ -0.48591546733725, 51.550432111569116 ], [ -0.485869173579197, 51.550458437111516 ], [ -0.485853419890035, 51.550469393241755 ], [ -0.485668469185903, 51.550597897859461 ], [ -0.485509887468407, 51.550676781629988 ], [ -0.485444920413817, 51.550700330192321 ], [ -0.485397194913016, 51.550717635811679 ], [ -0.485347243806866, 51.550735506176721 ], [ -0.485223673661416, 51.550649618419271 ], [ -0.485141503026024, 51.550599667219501 ], [ -0.485007764634025, 51.550527684837377 ], [ -0.484728528003204, 51.550412664468901 ], [ -0.484279459042027, 51.550246573662342 ], [ -0.484272563111139, 51.550244020646289 ], [ -0.48425300051693, 51.55023678978403 ], [ -0.484131723330086, 51.550183651472821 ], [ -0.484065511528806, 51.55015097192544 ], [ -0.48401116259233, 51.550124155788929 ], [ -0.483807562229269, 51.55002364269729 ], [ -0.483736735480257, 51.549985759720194 ], [ -0.483702200902198, 51.549967283687586 ], [ -0.483690495839673, 51.5499610175954 ], [ -0.483629305050115, 51.549928303809068 ], [ -0.483503155240388, 51.549860831122693 ], [ -0.483393217305035, 51.549802029688522 ], [ -0.482809323880621, 51.549489728730265 ], [ -0.482698142046577, 51.549430482492447 ], [ -0.482540166805657, 51.549345759808823 ], [ -0.48246391769786, 51.549300989735002 ], [ -0.482095874103137, 51.549084853994195 ], [ -0.481878479922788, 51.548967460250999 ], [ -0.481821822224962, 51.548936863401032 ], [ -0.481773971673405, 51.548907288779475 ], [ -0.481669871935437, 51.548843520206205 ], [ -0.481604983525262, 51.548802831671296 ], [ -0.481578758095914, 51.548783059800407 ], [ -0.481571328800704, 51.548777478317589 ], [ -0.481535944596116, 51.548750789687588 ], [ -0.481473119668859, 51.548688855735485 ], [ -0.481426196886511, 51.548622775457225 ], [ -0.481352796027616, 51.548462239329041 ], [ -0.481316968644963, 51.548383911389536 ], [ -0.481289832148495, 51.548337375704442 ], [ -0.481270909388988, 51.548304911368781 ], [ -0.481258470286016, 51.548285632721345 ], [ -0.481138060859756, 51.548098895573496 ], [ -0.481127094231123, 51.548083475675767 ], [ -0.481034261340858, 51.547953027435241 ], [ -0.480976051787506, 51.547871226150797 ], [ -0.480952629794274, 51.547838325791197 ], [ -0.480857497356419, 51.547704637366742 ], [ -0.480763053956089, 51.547571928946802 ], [ -0.480727350085082, 51.547528905977927 ], [ -0.480695833256528, 51.547490941441765 ], [ -0.480675717449824, 51.547469202782096 ], [ -0.48067109485796, 51.547464233111256 ], [ -0.480425314425155, 51.547199715083714 ] ] ] } },
{ "type": "Feature", "properties": { "lsoa21cd": "E01034608", "lsoa21nm": "Hillingdon 022G", "msoa21cd": "E02000515", "msoa21nm": "Hillingdon 022", "lad22cd": "E09000017", "lad22nm": "Hillingdon", "index_right": 131, "GSS_CODE": "E05000341", "risk_score": 8.7567562569629782, "allocation_hours": 130.3550860585795, "patrol_units": 65 }, "geometry": { "type": "Polygon", "coordinates": [ [ [ -0.480861101543751, 51.518423729821308 ], [ -0.480563797894657, 51.518160928754256 ], [ -0.479898452492271, 51.517572783909316 ], [ -0.479860383850835, 51.517539136099636 ], [ -0.479736793147948, 51.517437828111298 ], [ -0.47972830452995, 51.51743088397162 ], [ -0.479722538392679, 51.517426151245104 ], [ -0.479674723622756, 51.517386972688726 ], [ -0.479622223086448, 51.517343947636363 ], [ -0.479443972156878, 51.517197850790367 ], [ -0.47917634290427, 51.516978485147561 ], [ -0.479136681116446, 51.516945985300936 ], [ -0.479118639295636, 51.516931192841632 ], [ -0.4790045794901, 51.516837704697217 ], [ -0.478961760063889, 51.516803260174761 ], [ -0.478892554953383, 51.51684277416927 ], [ -0.478784536154, 51.516904862999489 ], [ -0.478764583548519, 51.516916266994869 ], [ -0.478735717395765, 51.517084388553414 ], [ -0.478729424027068, 51.517120990629955 ], [ -0.478567788259129, 51.51706381121555 ], [ -0.478312137312488, 51.516973381023028 ], [ -0.478143227047058, 51.517021576290325 ], [ -0.477744784337109, 51.517135280232779 ], [ -0.477724470316124, 51.517162262855003 ], [ -0.477675520132725, 51.517227252133047 ], [ -0.47748962338905, 51.517237202236778 ], [ -0.477393021356978, 51.517248662535707 ], [ -0.477329540995385, 51.517256200751696 ], [ -0.477307247626523, 51.517259993635633 ], [ -0.477247556320777, 51.517270170766693 ], [ -0.477122557011524, 51.517304227976581 ], [ -0.477084651178417, 51.517321522070496 ], [ -0.477063067915873, 51.517331465783123 ], [ -0.477031573457475, 51.517352071336823 ], [ -0.477006922785529, 51.517368206762214 ], [ -0.476935669052317, 51.517425163644361 ], [ -0.476989851470984, 51.517489442203811 ], [ -0.476923506384643, 51.517514590103389 ], [ -0.476739842103221, 51.517584199549958 ], [ -0.476708570598252, 51.517603081409597 ], [ -0.476335795641772, 51.517828193606263 ], [ -0.476265634978948, 51.517879130505804 ], [ -0.476248167761545, 51.517896806866212 ], [ -0.476232998023216, 51.517912148147609 ], [ -0.47622414661394, 51.517929486885791 ], [ -0.476215666445227, 51.517946066114661 ], [ -0.476216567860995, 51.517973054325068 ], [ -0.476258776364885, 51.518044137500766 ], [ -0.476258052572167, 51.518080096750886 ], [ -0.47623672325798, 51.518111148208419 ], [ -0.476173828401813, 51.518174121075312 ], [ -0.47612821205741, 51.51821297672678 ], [ -0.47607878334664, 51.518255073930561 ], [ -0.476061376878257, 51.51826401066409 ], [ -0.476032679228159, 51.518278735436098 ], [ -0.4759769157352, 51.518298152934108 ], [ -0.475947432003824, 51.518304468784464 ], [ -0.475926716281811, 51.518308911353103 ], [ -0.475757027620222, 51.518345290463451 ], [ -0.475696999651041, 51.518358169025973 ], [ -0.475665933695497, 51.518360498686768 ], [ -0.475631977064721, 51.51836306950711 ], [ -0.475604199307292, 51.51835885964784 ], [ -0.475321862492526, 51.518316044973417 ], [ -0.475308702727344, 51.518316062649184 ], [ -0.475249108697543, 51.518316238904468 ], [ -0.475164081507333, 51.51834715581542 ], [ -0.475130817665508, 51.518372152954072 ], [ -0.475099863887112, 51.518409121718904 ], [ -0.475084905758502, 51.51843581369468 ], [ -0.475082652943772, 51.518439830860778 ], [ -0.475079097241597, 51.518446178031759 ], [ -0.475076875639816, 51.518450123666454 ], [ -0.475074852501027, 51.518458487032653 ], [ -0.475066949015926, 51.518491025756205 ], [ -0.475067065455384, 51.518509560109578 ], [ -0.475067106528475, 51.518516318250988 ], [ -0.475067164141542, 51.51852517178046 ], [ -0.475076166178512, 51.51855213047623 ], [ -0.475093810549073, 51.518577097428739 ], [ -0.475166951981417, 51.518639015688329 ], [ -0.47518599440669, 51.518676077283281 ], [ -0.475193917537192, 51.518721977408397 ], [ -0.4751831916104, 51.51876005456463 ], [ -0.475151907713169, 51.518793089468559 ], [ -0.47513443728444, 51.518801773442405 ], [ -0.4750894300511, 51.518824068523166 ], [ -0.475019056924396, 51.518842692115719 ], [ -0.474733306805723, 51.518832289655606 ], [ -0.4746631603267, 51.518829614461126 ], [ -0.474544106937342, 51.518830906787755 ], [ -0.474097955944668, 51.518835746837276 ], [ -0.473931581588962, 51.518833221352118 ], [ -0.47391741386957, 51.518823712048665 ], [ -0.473865509028747, 51.518788839160145 ], [ -0.474224990386625, 51.51812326142084 ], [ -0.474439378277362, 51.517726314261289 ], [ -0.474464342177177, 51.517680104713079 ], [ -0.474626580969039, 51.517323302857363 ], [ -0.474627341441054, 51.517313475331285 ], [ -0.474637846071152, 51.517178414912401 ], [ -0.474638850740502, 51.517165596144231 ], [ -0.474628582139852, 51.517086870691159 ], [ -0.474630430804902, 51.517082011979682 ], [ -0.474684728373602, 51.516939544623796 ], [ -0.474706336214169, 51.516894163359908 ], [ -0.4747799514382, 51.516739466107097 ], [ -0.474791484632731, 51.516715220309308 ], [ -0.474793220989151, 51.516711565088464 ], [ -0.474802299693874, 51.516699957370008 ], [ -0.474795233044883, 51.516593982243883 ], [ -0.474762246536703, 51.516585235297505 ], [ -0.474694416347072, 51.516567249619619 ], [ -0.474683415953067, 51.516564336896344 ], [ -0.474613340703411, 51.516539784631071 ], [ -0.474606203316038, 51.516537290844568 ], [ -0.474523658504528, 51.516514113944332 ], [ -0.474446682380968, 51.516492502157895 ], [ -0.474261578784302, 51.516430052344788 ], [ -0.474224090213781, 51.516412416316818 ], [ -0.474029553999466, 51.516320870512814 ], [ -0.474022027804646, 51.51631578187709 ], [ -0.473926134914277, 51.516250868870976 ], [ -0.473923865173695, 51.516247197483914 ], [ -0.473873149494953, 51.51616479819063 ], [ -0.473869157731811, 51.51615831680369 ], [ -0.473858297971201, 51.516089987577594 ], [ -0.473747631924147, 51.516078556563933 ], [ -0.473741900372451, 51.516077987375255 ], [ -0.473644918951095, 51.51609565333645 ], [ -0.473635986412689, 51.516097281524708 ], [ -0.473444612203166, 51.516163804864561 ], [ -0.473436460523228, 51.516166648159754 ], [ -0.473302089307001, 51.516035311805176 ], [ -0.473234862104702, 51.515969602567495 ], [ -0.473157251203359, 51.515893758735544 ], [ -0.472587355713139, 51.515336768101541 ], [ -0.472472856022463, 51.515309459707119 ], [ -0.472421697004851, 51.515297265133093 ], [ -0.472287597230216, 51.515282649938349 ], [ -0.472275082461517, 51.515260617837704 ], [ -0.472266796069917, 51.515243802356814 ], [ -0.472246727985802, 51.515203075963569 ], [ -0.472227766322775, 51.515164603042294 ], [ -0.472223098674779, 51.515154210182871 ], [ -0.472215572052269, 51.515135794996397 ], [ -0.472204528424157, 51.515103611885969 ], [ -0.472190597363604, 51.515062965458696 ], [ -0.472176680731598, 51.515022319217955 ], [ -0.472170928646257, 51.515005572726125 ], [ -0.472163628277721, 51.514984273990116 ], [ -0.472140697966275, 51.514867157540586 ], [ -0.472131331829461, 51.514819304901984 ], [ -0.473631536613485, 51.514300847092152 ], [ -0.473586975558037, 51.514233801078184 ], [ -0.473506030103665, 51.514108187205011 ], [ -0.473496630827655, 51.514093614356717 ], [ -0.473433538791144, 51.513995683386149 ], [ -0.473404067424242, 51.51394997265399 ], [ -0.473395498267747, 51.513936651531075 ], [ -0.473360001676081, 51.513895931238885 ], [ -0.473353048092667, 51.513887954533431 ], [ -0.473338696486583, 51.513871500763031 ], [ -0.473324442122066, 51.513855156163693 ], [ -0.473258792163013, 51.513779863837861 ], [ -0.473245009904746, 51.513764055917271 ], [ -0.47322954096091, 51.513746324180048 ], [ -0.473165616430307, 51.513677838891176 ], [ -0.473144301140656, 51.513655008863019 ], [ -0.473075901664216, 51.513581793802892 ], [ -0.473052761458339, 51.51355802998166 ], [ -0.473050794086315, 51.51355600988888 ], [ -0.472991119395333, 51.513494697187845 ], [ -0.472978370435508, 51.513481609348737 ], [ -0.472866434198112, 51.513381237191446 ], [ -0.472848655327888, 51.513354802342377 ], [ -0.472826934889492, 51.513322508087228 ], [ -0.472819125718357, 51.513310903544721 ], [ -0.472811518598423, 51.513299592081687 ], [ -0.472797714558948, 51.51328142787208 ], [ -0.472769894967477, 51.513244530184586 ], [ -0.47276170902168, 51.513222131888043 ], [ -0.472760658542018, 51.513219241599337 ], [ -0.47275238960833, 51.513196610222444 ], [ -0.473478599848021, 51.512997069097736 ], [ -0.473508236048973, 51.512957667149408 ], [ -0.473817902654526, 51.512843091294606 ], [ -0.473841727267204, 51.512828578664411 ], [ -0.47392439795636, 51.512772432836648 ], [ -0.473994605066613, 51.512708665694483 ], [ -0.474031483583326, 51.512665866188748 ], [ -0.473931006463205, 51.512213795332279 ], [ -0.474230382866641, 51.512187114449269 ], [ -0.474299955422639, 51.512200642149345 ], [ -0.474652147208401, 51.51226912227834 ], [ -0.475090301981394, 51.51248926430403 ], [ -0.475221149054356, 51.51224750821784 ], [ -0.475438703108437, 51.512088260731282 ], [ -0.475418509169466, 51.512075124002095 ], [ -0.475347181241742, 51.51202871389917 ], [ -0.475317941626385, 51.512009701814037 ], [ -0.475221859677597, 51.51194719740063 ], [ -0.475163818514772, 51.511909439635289 ], [ -0.475114451861805, 51.511877324868976 ], [ -0.475083125228245, 51.511856945745997 ], [ -0.475050980547, 51.51183603442734 ], [ -0.474994319347932, 51.511809175104744 ], [ -0.474936920264325, 51.511781973446354 ], [ -0.474931195994783, 51.511779259776993 ], [ -0.474919967281248, 51.511773938707158 ], [ -0.474895437010295, 51.511762190537041 ], [ -0.47486671906201, 51.511743706678402 ], [ -0.474795594794245, 51.511715818361395 ], [ -0.474682757986821, 51.511642408334097 ], [ -0.474628105916402, 51.511598130091933 ], [ -0.474621540682419, 51.511592810315832 ], [ -0.474389293907255, 51.511404639965555 ], [ -0.474373135570081, 51.511391548380644 ], [ -0.4742394619999, 51.511283245024558 ], [ -0.474107478327548, 51.511176311449162 ], [ -0.474095840524167, 51.511166205621521 ], [ -0.474483852986408, 51.511086979557035 ], [ -0.474504807310198, 51.511078331911136 ], [ -0.474525184613626, 51.511066682348243 ], [ -0.474579044077305, 51.511035892339997 ], [ -0.4746726899676, 51.510982350748819 ], [ -0.474691317446314, 51.510971700806387 ], [ -0.474737830813463, 51.510945113433785 ], [ -0.474752461150765, 51.510932507833665 ], [ -0.474794734862901, 51.510896081760855 ], [ -0.474885723755906, 51.510835740586508 ], [ -0.475035935000207, 51.51076829510388 ], [ -0.475057118224739, 51.510758784381515 ], [ -0.4750617853603, 51.510756686949307 ], [ -0.475367000568484, 51.510536839850317 ], [ -0.475382357763739, 51.510522310290874 ], [ -0.475565250641841, 51.510349097283758 ], [ -0.475305168695574, 51.510265702927768 ], [ -0.47520495200251, 51.510246415312139 ], [ -0.475129199128108, 51.510227557264535 ], [ -0.47509129411454, 51.510218121556569 ], [ -0.475063307354068, 51.510214961903927 ], [ -0.474903958949247, 51.5101975397111 ], [ -0.4747507673587, 51.51019554709741 ], [ -0.47471542454148, 51.51019508735331 ], [ -0.474601464992587, 51.510193604879746 ], [ -0.47442213274197, 51.510197854062007 ], [ -0.474356288629464, 51.510199407272324 ], [ -0.474349087281743, 51.510199718222346 ], [ -0.474245163933844, 51.510204255884815 ], [ -0.474197539058161, 51.510206333829167 ], [ -0.474134752877478, 51.510198961473421 ], [ -0.474111412615087, 51.510196220849878 ], [ -0.474054095142779, 51.510186482729132 ], [ -0.474084105682702, 51.510150904441062 ], [ -0.474089255981996, 51.510139092755999 ], [ -0.474115317757795, 51.510079372940531 ], [ -0.474139439092075, 51.510037180660511 ], [ -0.474161234538285, 51.509999040571337 ], [ -0.474164491642728, 51.509983508447583 ], [ -0.474170542116894, 51.509955108851585 ], [ -0.474184352294167, 51.509886446894967 ], [ -0.474201582772247, 51.509886974146191 ], [ -0.474383849702134, 51.50989254698942 ], [ -0.474434019540357, 51.509894080975087 ], [ -0.474797660798538, 51.509905205055396 ], [ -0.475193304603305, 51.509917301696916 ], [ -0.475212076526318, 51.509917887511655 ], [ -0.475267760306142, 51.509919582766486 ], [ -0.475282400871221, 51.509920033918 ], [ -0.475379674645934, 51.509922998291017 ], [ -0.475432735338004, 51.50992470432201 ], [ -0.475462144614387, 51.509925653209294 ], [ -0.475596969782873, 51.509929995862151 ], [ -0.475601763747234, 51.509930139116776 ], [ -0.475666843729474, 51.509932253081836 ], [ -0.475677841790079, 51.509932602877903 ], [ -0.475683772502357, 51.509932796875695 ], [ -0.475687860951725, 51.509932921962921 ], [ -0.475921293026488, 51.509940443439582 ], [ -0.475969905500713, 51.50994201048055 ], [ -0.475994276558997, 51.509942794836036 ], [ -0.476000466553457, 51.509942992187831 ], [ -0.476115627709551, 51.509946709985577 ], [ -0.476120406973118, 51.509946862020172 ], [ -0.476130613398749, 51.50994718350119 ], [ -0.476230789485718, 51.509950409694142 ], [ -0.476858592645764, 51.509970625055892 ], [ -0.477040922110577, 51.509976500327127 ], [ -0.477130546787655, 51.509979381886161 ], [ -0.477596390221191, 51.50999437841768 ], [ -0.477606351494239, 51.509994705579814 ], [ -0.478020286114841, 51.510008028322126 ], [ -0.478511805242546, 51.510018840398132 ], [ -0.478519653268958, 51.510019014170538 ], [ -0.47854275111034, 51.510019520702123 ], [ -0.478557179872044, 51.510019842806315 ], [ -0.478564696596575, 51.510020012276911 ], [ -0.479000055721022, 51.510029581040811 ], [ -0.479042881684971, 51.51003052322416 ], [ -0.479360289453451, 51.510037499524785 ], [ -0.479437618035465, 51.510039203738721 ], [ -0.479515205904258, 51.510040911264007 ], [ -0.479577706852919, 51.510041721716476 ], [ -0.479592917962305, 51.510041918954535 ], [ -0.47993456297979, 51.510046348447545 ], [ -0.479974348107839, 51.510046864204689 ], [ -0.480034169846678, 51.510047639682391 ], [ -0.480413655509428, 51.510052558298732 ], [ -0.480748804310793, 51.510056901232694 ], [ -0.480817110316953, 51.510057786239969 ], [ -0.480897184780976, 51.510058823674733 ], [ -0.480905064027819, 51.510058925754329 ], [ -0.481004267638573, 51.510060210941504 ], [ -0.481024563542961, 51.510060473865515 ], [ -0.481306084620441, 51.510064120478283 ], [ -0.481325098530705, 51.510064366745858 ], [ -0.48146418817304, 51.510066168136952 ], [ -0.481475020341292, 51.510066308420654 ], [ -0.481484685746812, 51.510066433593153 ], [ -0.481496281352627, 51.510066583761805 ], [ -0.481523275347157, 51.510066933342536 ], [ -0.48157327558494, 51.510066645652486 ], [ -0.481614555730098, 51.510066406881535 ], [ -0.481713907704383, 51.510065831997288 ], [ -0.481746237285094, 51.510065639142773 ], [ -0.482012598018809, 51.510064097067499 ], [ -0.482037072074485, 51.510063955302662 ], [ -0.482221881428152, 51.510062885654143 ], [ -0.482240892597827, 51.510062781040524 ], [ -0.482249079425245, 51.510062734143176 ], [ -0.483484053626393, 51.51005556713524 ], [ -0.483489934241721, 51.510055535285012 ], [ -0.483592961738816, 51.510054934406668 ], [ -0.484133057719276, 51.510047179695313 ], [ -0.484146466135406, 51.510046984355789 ], [ -0.484475647377898, 51.510042265232705 ], [ -0.484480794556835, 51.510042187884054 ], [ -0.485536388932517, 51.510028226919601 ], [ -0.485550832902632, 51.510087550113042 ], [ -0.485706405396013, 51.510194616033914 ], [ -0.48571542252574, 51.510200820251349 ], [ -0.486055212527675, 51.510118433323854 ], [ -0.486248800815972, 51.510153421992136 ], [ -0.486278048632994, 51.510158826288624 ], [ -0.486382495505313, 51.510484812902966 ], [ -0.486468791052757, 51.510483436130066 ], [ -0.486796583977118, 51.51047821652115 ], [ -0.48686156579687, 51.510524645911971 ], [ -0.487335051829612, 51.510862983518606 ], [ -0.487515332289261, 51.510828279341951 ], [ -0.487527225379366, 51.510825986880214 ], [ -0.487933583667874, 51.510998421351751 ], [ -0.488116395258581, 51.511052619286978 ], [ -0.488317545690967, 51.511112250920725 ], [ -0.488363886912165, 51.511152000684248 ], [ -0.488423974653803, 51.511203554642655 ], [ -0.488656601425304, 51.511317113385303 ], [ -0.488740544070202, 51.511353759812678 ], [ -0.488803875908428, 51.511375258340344 ], [ -0.48880927711912, 51.511377090441833 ], [ -0.488855902268204, 51.511392618555092 ], [ -0.488940571800971, 51.511403403510279 ], [ -0.488949182153278, 51.511404503633585 ], [ -0.488954673491368, 51.511404484486825 ], [ -0.489006011121545, 51.51140434583489 ], [ -0.489065837849184, 51.511404181681421 ], [ -0.489152850112568, 51.511401229542919 ], [ -0.489278444284952, 51.511390789388628 ], [ -0.489335742786678, 51.511386024456542 ], [ -0.489388036542986, 51.511384863848541 ], [ -0.48944636834366, 51.511390678068999 ], [ -0.489535120224247, 51.511406137210152 ], [ -0.489539750261853, 51.511407061016946 ], [ -0.489637261667289, 51.511433746455914 ], [ -0.489665414136276, 51.511445286500205 ], [ -0.489698130889412, 51.511458692778248 ], [ -0.48973350250289, 51.511478535728585 ], [ -0.489757820059005, 51.511500574258179 ], [ -0.489786839470601, 51.511526854745739 ], [ -0.489803092634421, 51.511553069694955 ], [ -0.4898276478336, 51.511682901363159 ], [ -0.489840818648513, 51.511709067610333 ], [ -0.489937076417006, 51.511900142844389 ], [ -0.489940758663117, 51.511913858491063 ], [ -0.48997115438958, 51.512027039769407 ], [ -0.489974264345889, 51.512086797349824 ], [ -0.489975000614333, 51.512101131485188 ], [ -0.489971414559713, 51.512128062043018 ], [ -0.489951078320075, 51.512170792051293 ], [ -0.489930097421779, 51.512192498867279 ], [ -0.489915638606572, 51.512207428601442 ], [ -0.489775608000887, 51.512301734005995 ], [ -0.489733207897166, 51.512357946883782 ], [ -0.489729097099004, 51.512373729277073 ], [ -0.489727216902328, 51.512380898854673 ], [ -0.489708479194831, 51.512452829254471 ], [ -0.4897098321215, 51.512509057224932 ], [ -0.489710127820657, 51.512520589095985 ], [ -0.48971343442923, 51.512656261765564 ], [ -0.489743708075235, 51.512830175156033 ], [ -0.489791676808005, 51.512986754619128 ], [ -0.489839631454783, 51.513143333879 ], [ -0.489854883281739, 51.513180227700822 ], [ -0.48991761413735, 51.51333190764781 ], [ -0.48991943787685, 51.513373915939361 ], [ -0.489921195747649, 51.513414430669222 ], [ -0.489894993039219, 51.513466311137186 ], [ -0.489880219318375, 51.513495534477691 ], [ -0.489713628257322, 51.513680265374468 ], [ -0.489672634782096, 51.513725723620695 ], [ -0.489630099998258, 51.513772897498484 ], [ -0.489620675294298, 51.51378637235463 ], [ -0.489604564838594, 51.513809382778589 ], [ -0.489578486207081, 51.513862721511771 ], [ -0.489566911050617, 51.513896751908248 ], [ -0.489554492703536, 51.513934485237307 ], [ -0.489550292394294, 51.513967333748276 ], [ -0.489545974700473, 51.51400111594004 ], [ -0.489550335927112, 51.514046133357013 ], [ -0.489552413800334, 51.514051717335654 ], [ -0.489561904318408, 51.51407762037698 ], [ -0.489615566924667, 51.514157551405496 ], [ -0.489731660860017, 51.514269345899855 ], [ -0.489749999795374, 51.514287000125179 ], [ -0.489912018026292, 51.514416462310685 ], [ -0.489964994529323, 51.514458796757374 ], [ -0.490447150634111, 51.514873299001202 ], [ -0.490574894727001, 51.51497373260456 ], [ -0.490679780139858, 51.515043262180114 ], [ -0.490732681361331, 51.51507832958 ], [ -0.490826156070661, 51.515126400504393 ], [ -0.49084028493926, 51.51513366827453 ], [ -0.490869725747386, 51.515144244466633 ], [ -0.490875237982668, 51.515146221779794 ], [ -0.490881319932478, 51.515148404255761 ], [ -0.490979734349395, 51.515166963150435 ], [ -0.491072362562404, 51.515184422373032 ], [ -0.491115790026616, 51.515199162089345 ], [ -0.4911278179258, 51.515203282475191 ], [ -0.491199218756135, 51.515257291634846 ], [ -0.491224380401529, 51.515286138862464 ], [ -0.491237959610864, 51.515307418421905 ], [ -0.49132714862286, 51.515447217644542 ], [ -0.491628845805979, 51.515748967874032 ], [ -0.491699432365781, 51.515826346093128 ], [ -0.491730128660947, 51.515860003333138 ], [ -0.491735502859396, 51.51586703247218 ], [ -0.491793154440929, 51.515942445771984 ], [ -0.491863671690484, 51.516071213681876 ], [ -0.491882547627119, 51.516154212137167 ], [ -0.491877854609429, 51.516296202257116 ], [ -0.491887677682583, 51.51635308767149 ], [ -0.491917122704937, 51.516432031694229 ], [ -0.491918247164647, 51.516435076545569 ], [ -0.49191995591025, 51.516439630617953 ], [ -0.491929965871794, 51.516460774260011 ], [ -0.491980580798302, 51.516567713679535 ], [ -0.492044676445381, 51.516685859961619 ], [ -0.492103372945677, 51.516777238789338 ], [ -0.492126944998413, 51.51680887095813 ], [ -0.492174122024132, 51.5168715781858 ], [ -0.492224010934259, 51.516929860119909 ], [ -0.492252848072856, 51.516963547265426 ], [ -0.49229287044843, 51.517010300109952 ], [ -0.492302917939404, 51.517022029322874 ], [ -0.49233035412026, 51.517077180903371 ], [ -0.492335757702366, 51.517118659679724 ], [ -0.492333249351291, 51.517181051537875 ], [ -0.492319192508609, 51.517253159087851 ], [ -0.492314816296477, 51.517275682231343 ], [ -0.492313179481986, 51.517283781141067 ], [ -0.492077165018611, 51.517924533436272 ], [ -0.491889514520465, 51.518369059068142 ], [ -0.491795060077356, 51.51856932323583 ], [ -0.491697508119374, 51.518759053570136 ], [ -0.491645364987368, 51.518860498138856 ], [ -0.491473510609203, 51.518826940080949 ], [ -0.491241224688291, 51.51848196843482 ], [ -0.489429459735357, 51.518623024057952 ], [ -0.48849458717904, 51.518668358117587 ], [ -0.488389548103884, 51.5186734512002 ], [ -0.488067466460655, 51.518689067195005 ], [ -0.487381897481993, 51.518729968446749 ], [ -0.487189773691937, 51.518740114446857 ], [ -0.487097624530071, 51.518744986041142 ], [ -0.487008523796591, 51.51875490196516 ], [ -0.486917698565926, 51.518765009578594 ], [ -0.486776018213951, 51.518787882468217 ], [ -0.486533632864705, 51.518841952964898 ], [ -0.486379872528765, 51.518887887290624 ], [ -0.486234266307922, 51.518940886668233 ], [ -0.486213519459879, 51.5189484419911 ], [ -0.486031277292254, 51.519014789061501 ], [ -0.485652858025952, 51.519152553795834 ], [ -0.485648174443204, 51.51915426476009 ], [ -0.485599764982437, 51.519171884604631 ], [ -0.484847158493759, 51.519427852720106 ], [ -0.484721222520467, 51.519472318875927 ], [ -0.484716730484643, 51.519473906381357 ], [ -0.484639839765976, 51.519501066989704 ], [ -0.484277068227856, 51.519629155540372 ], [ -0.484150504351027, 51.519673837742047 ], [ -0.484140922051617, 51.519677229775979 ], [ -0.483821841886207, 51.519789893725559 ], [ -0.483539076019579, 51.519889736107842 ], [ -0.483490427565229, 51.519906913976676 ], [ -0.483414231607948, 51.519933819262995 ], [ -0.483410278016178, 51.519935683448459 ], [ -0.483257397827972, 51.520007998871911 ], [ -0.483036526351906, 51.52011247151853 ], [ -0.482938266903227, 51.520158939411168 ], [ -0.482928254013004, 51.520150995607025 ], [ -0.482922509850591, 51.520146452144893 ], [ -0.482681101366778, 51.519955939239054 ], [ -0.481826375513057, 51.519259919376275 ], [ -0.481357891906646, 51.518856243494334 ], [ -0.481160412075654, 51.518686079618654 ], [ -0.481060551611241, 51.518600034371971 ], [ -0.480978853115809, 51.518527820577951 ], [ -0.480963871564812, 51.518514578783673 ], [ -0.480922189576601, 51.518477728208268 ], [ -0.480861101543751, 51.518423729821308 ] ] ] } }
]
}
