{
"type": "FeatureCollection",
"name": "lsoas_E05011104",
"crs": { "type": "name", "properties": { "name": "urn:ogc:def:crs:OGC:1.3:CRS84" } },
"features": [
{ "type": "Feature", "properties": { "lsoa21cd": "E01003938", "lsoa21nm": "Southwark 006A", "msoa21cd": "E02000812", "msoa21nm": "Southwark 006", "lad22cd": "E09000028", "lad22nm": "Southwark", "index_right": 249, "GSS_CODE": "E05011104", "risk_score": 0.0, "allocation_hours": 0.0, "patrol_units": 0 }, "geometry": { "type": "Polygon", "coordinates": [ [ [ -0.088528303994456, 51.497495981274277 ], [ -0.088596116933657, 51.497464887723901 ], [ -0.088698442268352, 51.497561703605164 ], [ -0.088764823988834, 51.497623513731725 ], [ -0.089313033509161, 51.498132663928537 ], [ -0.089517115046501, 51.498323899173066 ], [ -0.089691459999573, 51.498485839483706 ], [ -0.08984946820786, 51.498632612391965 ], [ -0.089865272960861, 51.498647438115221 ], [ -0.089873134026632, 51.498654805339228 ], [ -0.089917332066434, 51.498696262491954 ], [ -0.090112882082853, 51.498879707498617 ], [ -0.0903045204263, 51.499054401422477 ], [ -0.090369764403287, 51.499113889881599 ], [ -0.090419589789712, 51.499159305350474 ], [ -0.090842412914288, 51.499544767080764 ], [ -0.09085289174477, 51.499554317127547 ], [ -0.090876222482726, 51.499575587135972 ], [ -0.090931561460909, 51.499630444615434 ], [ -0.091080927073129, 51.499848702621804 ], [ -0.091087311514094, 51.499857970181878 ], [ -0.091258455995467, 51.500108129084595 ], [ -0.091247335795156, 51.500109782648707 ], [ -0.091234462844872, 51.500111694558043 ], [ -0.091196215066089, 51.500117376964141 ], [ -0.091186979801101, 51.500118746450383 ], [ -0.090808574493596, 51.50017498861051 ], [ -0.090716482813835, 51.500263768194749 ], [ -0.090694484712852, 51.500287124095003 ], [ -0.090679799580141, 51.500304429980382 ], [ -0.090660166337483, 51.500314299213542 ], [ -0.09061578129625, 51.500338603618829 ], [ -0.090526089354615, 51.500393060672906 ], [ -0.090481497498409, 51.500422307697384 ], [ -0.090424394104313, 51.500463047036398 ], [ -0.090405738910517, 51.500478536459077 ], [ -0.090310280384169, 51.500557793191987 ], [ -0.090297170030647, 51.500559486202739 ], [ -0.090124213854765, 51.500612155452295 ], [ -0.090122766552435, 51.500693264619876 ], [ -0.090030664092553, 51.500851818118363 ], [ -0.08998743991865, 51.500926194852468 ], [ -0.090119191349295, 51.500954086536694 ], [ -0.0901269178779, 51.500955723132947 ], [ -0.09022689215543, 51.500976883263071 ], [ -0.090484565008428, 51.501017049524336 ], [ -0.090671372144612, 51.501029083363264 ], [ -0.090667245567159, 51.50106850342592 ], [ -0.090623410038039, 51.501486933669547 ], [ -0.090635178398341, 51.50155007460431 ], [ -0.090663238949366, 51.501568516924877 ], [ -0.090674347070351, 51.501570779574102 ], [ -0.090668665200739, 51.501626545644953 ], [ -0.090667659613001, 51.501636466281326 ], [ -0.090655347584609, 51.501757236538708 ], [ -0.09049998256826, 51.501758169511454 ], [ -0.090093251899885, 51.501760611931097 ], [ -0.089848227783261, 51.501762080436272 ], [ -0.089877342177954, 51.501710549423109 ], [ -0.089815121660113, 51.501653807967379 ], [ -0.089651444873133, 51.501504542203648 ], [ -0.089529530140017, 51.501394418505328 ], [ -0.089501758896191, 51.501325684101715 ], [ -0.089500317798692, 51.501310193074524 ], [ -0.089366843216829, 51.50121740781573 ], [ -0.089085250982305, 51.501021643299872 ], [ -0.08911424409228, 51.500961657300032 ], [ -0.08916582584148, 51.500855106055724 ], [ -0.089169697654054, 51.500847111615677 ], [ -0.089215009098128, 51.500773155885447 ], [ -0.089243127646336, 51.500727175320819 ], [ -0.089166157271868, 51.500696892763735 ], [ -0.089130336558198, 51.50068281105716 ], [ -0.088997574424857, 51.500630558393091 ], [ -0.088886995386568, 51.500587057273066 ], [ -0.088879769694015, 51.500584817248374 ], [ -0.088787287103476, 51.500556134204331 ], [ -0.088782238065567, 51.500554559134414 ], [ -0.088772366605815, 51.500551502614179 ], [ -0.088500168111769, 51.500467076153072 ], [ -0.088242706326068, 51.500387214639119 ], [ -0.088238126073154, 51.500385800058012 ], [ -0.088123882401495, 51.500350358816839 ], [ -0.08811699819927, 51.500348223223448 ], [ -0.088091367087052, 51.500340278455788 ], [ -0.087982047870231, 51.500284269878236 ], [ -0.087940236197389, 51.500257401252526 ], [ -0.087896968715442, 51.500229515174013 ], [ -0.087890672004855, 51.50022470479378 ], [ -0.087883509497065, 51.500219237313623 ], [ -0.087803618792304, 51.50015825867235 ], [ -0.087589005114837, 51.500065092429494 ], [ -0.087584505275641, 51.500063135068743 ], [ -0.08752327443213, 51.500036547679336 ], [ -0.087515859155453, 51.500033333246819 ], [ -0.087322201675322, 51.499949563046528 ], [ -0.087162780577673, 51.49988002172141 ], [ -0.08706417783461, 51.499830023348323 ], [ -0.086919905167712, 51.499756860936174 ], [ -0.086911736472814, 51.49975271690942 ], [ -0.086808942773401, 51.499700590602991 ], [ -0.086800887025709, 51.499696502367328 ], [ -0.086760156224461, 51.499675846971869 ], [ -0.086731142800769, 51.499661124604103 ], [ -0.086596429632994, 51.499592807460083 ], [ -0.08659271896037, 51.49959093037981 ], [ -0.08657955577271, 51.499584258808639 ], [ -0.086388854526787, 51.499500958794336 ], [ -0.086190230353376, 51.499414201842455 ], [ -0.086121140633343, 51.499384027725725 ], [ -0.086115296639192, 51.499381486322712 ], [ -0.086019480113555, 51.4993396260232 ], [ -0.086023740428232, 51.499332168566738 ], [ -0.08604142057854, 51.499301189093153 ], [ -0.086137199241703, 51.499135427365992 ], [ -0.086403926822031, 51.499083129223663 ], [ -0.086851480548099, 51.498995385386806 ], [ -0.086847928151441, 51.498980444352064 ], [ -0.086763339884291, 51.498624127576072 ], [ -0.086892920978773, 51.498563642368033 ], [ -0.08717970779661, 51.498428077105068 ], [ -0.087332232446074, 51.498430366666867 ], [ -0.087341402511177, 51.498424356137861 ], [ -0.087349906230002, 51.498418775389148 ], [ -0.087374440396553, 51.498402655696516 ], [ -0.087377670199581, 51.49840053210724 ], [ -0.087607702229781, 51.498249498942201 ], [ -0.087523681697948, 51.498091114600321 ], [ -0.088363592045029, 51.497593557480258 ], [ -0.088528303994456, 51.497495981274277 ] ] ] } },
{ "type": "Feature", "properties": { "lsoa21cd": "E01003940", "lsoa21nm": "Southwark 006B", "msoa21cd": "E02000812", "msoa21nm": "Southwark 006", "lad22cd": "E09000028", "lad22nm": "Southwark", "index_right": 249, "GSS_CODE": "E05011104", "risk_score": 3.6782793347663238, "allocation_hours": 47.238133592370914, "patrol_units": 24 }, "geometry": { "type": "Polygon", "coordinates": [ [ [ -0.084363352797652, 51.498032653914812 ], [ -0.084396985994269, 51.497979957195838 ], [ -0.084416034753083, 51.497986437587471 ], [ -0.0844463378216, 51.497950961610002 ], [ -0.084465680244788, 51.497928317288306 ], [ -0.084491792333122, 51.497897747624933 ], [ -0.084607551016087, 51.497829180732808 ], [ -0.084624763348953, 51.497818985389316 ], [ -0.084669463781798, 51.497783744621572 ], [ -0.084785866932008, 51.497638122382469 ], [ -0.084829954135057, 51.497582967736513 ], [ -0.084882335487593, 51.497517438693293 ], [ -0.084927606868382, 51.497469564953505 ], [ -0.084942111428463, 51.497454224441327 ], [ -0.084957714466449, 51.497437734596694 ], [ -0.085016434896014, 51.49741171494518 ], [ -0.085060380979432, 51.497394446851885 ], [ -0.085118333736311, 51.497386391245627 ], [ -0.085191088767933, 51.497369602451599 ], [ -0.085249192763926, 51.497370653571849 ], [ -0.085235194175279, 51.497312103061077 ], [ -0.085289220378934, 51.497292544413042 ], [ -0.085221961095669, 51.497257975119574 ], [ -0.085180412717269, 51.497236613330244 ], [ -0.085058376707094, 51.497173874427759 ], [ -0.084936270552077, 51.497111098276015 ], [ -0.084874625473006, 51.497079398779171 ], [ -0.084776636144446, 51.497029020673907 ], [ -0.084845798953508, 51.496654655912579 ], [ -0.085290480160325, 51.496851458620597 ], [ -0.085295265217413, 51.496852445012884 ], [ -0.085452827436485, 51.496884972235335 ], [ -0.085458275916132, 51.496882848945411 ], [ -0.0857873578931, 51.496754452395059 ], [ -0.085797573818947, 51.496752703663297 ], [ -0.085963070976323, 51.496724460403577 ], [ -0.085970253751789, 51.496723237696301 ], [ -0.086117766858114, 51.496639727683942 ], [ -0.086143412114243, 51.496632493293269 ], [ -0.086031758929533, 51.497043297292691 ], [ -0.086029492343502, 51.497051659587243 ], [ -0.086024912587325, 51.49706846435123 ], [ -0.086069991966981, 51.497066079495852 ], [ -0.086414786588944, 51.49704784769753 ], [ -0.08646029013895, 51.497079354511243 ], [ -0.086415507516808, 51.496555746038901 ], [ -0.086424716368943, 51.496549835137465 ], [ -0.086462795006486, 51.496525402456179 ], [ -0.086503434932518, 51.496507234574239 ], [ -0.086526467450586, 51.496497538408732 ], [ -0.086625763513975, 51.496500057669508 ], [ -0.086634491369929, 51.496496342142891 ], [ -0.086872423919722, 51.496395223553769 ], [ -0.086886857265995, 51.496389092084442 ], [ -0.087350921662669, 51.496252866032194 ], [ -0.08736199432179, 51.49626540272093 ], [ -0.087424291773335, 51.496335897067382 ], [ -0.087735225103438, 51.496661749509649 ], [ -0.087755527252313, 51.496683024768849 ], [ -0.087767451245725, 51.496694846878718 ], [ -0.087771822832214, 51.496699171751054 ], [ -0.087783993830806, 51.496710118390112 ], [ -0.087787623798412, 51.496713368220824 ], [ -0.08779262969805, 51.496716651276238 ], [ -0.087797214213628, 51.496719675662611 ], [ -0.087921522692539, 51.496847610580701 ], [ -0.087927893311978, 51.496853397892679 ], [ -0.088133642160432, 51.497040636859296 ], [ -0.088289928078232, 51.497182887575178 ], [ -0.088596116933657, 51.497464887723901 ], [ -0.088528303994456, 51.497495981274277 ], [ -0.088363592045029, 51.497593557480258 ], [ -0.087523681697948, 51.498091114600321 ], [ -0.087607702229781, 51.498249498942201 ], [ -0.087377670199581, 51.49840053210724 ], [ -0.087374440396553, 51.498402655696516 ], [ -0.087349906230002, 51.498418775389148 ], [ -0.087341402511177, 51.498424356137861 ], [ -0.087332232446074, 51.498430366666867 ], [ -0.08717970779661, 51.498428077105068 ], [ -0.086892920978773, 51.498563642368033 ], [ -0.086763339884291, 51.498624127576072 ], [ -0.086847928151441, 51.498980444352064 ], [ -0.086851480548099, 51.498995385386806 ], [ -0.086403926822031, 51.499083129223663 ], [ -0.086137199241703, 51.499135427365992 ], [ -0.08604142057854, 51.499301189093153 ], [ -0.086023740428232, 51.499332168566738 ], [ -0.086019480113555, 51.4993396260232 ], [ -0.085902171189288, 51.499288386122515 ], [ -0.085866652497332, 51.499272302872811 ], [ -0.085861858924887, 51.499270138311608 ], [ -0.085846743822142, 51.499263290914982 ], [ -0.085789945138045, 51.499237570781659 ], [ -0.085780287901096, 51.499233195544555 ], [ -0.085771821137955, 51.499229361318648 ], [ -0.085441504431819, 51.499079797191243 ], [ -0.085385201847399, 51.499054282794084 ], [ -0.085096850081526, 51.498924211142352 ], [ -0.08482222990504, 51.498800333076503 ], [ -0.084792342427623, 51.498788441813872 ], [ -0.084721725308217, 51.498760372378172 ], [ -0.084681747088422, 51.498744485255479 ], [ -0.084691566766642, 51.498737424500149 ], [ -0.084854765224189, 51.498620235149922 ], [ -0.084834873987971, 51.49847303955994 ], [ -0.084902237956159, 51.498435057532141 ], [ -0.084834979567486, 51.498387717508393 ], [ -0.0848072139155, 51.498368181067569 ], [ -0.084738597955796, 51.498319892550633 ], [ -0.084680684053563, 51.498279130505743 ], [ -0.084584979289724, 51.49821177063005 ], [ -0.084576470415802, 51.498205786250359 ], [ -0.084474085950743, 51.498133735294267 ], [ -0.084369870981775, 51.49811014355722 ], [ -0.084368503393178, 51.498093628396312 ], [ -0.084365211084626, 51.498092533219705 ], [ -0.084339899933611, 51.498084114133832 ], [ -0.084340561077895, 51.498068351555482 ], [ -0.084344724005153, 51.498061845852924 ], [ -0.084364082156595, 51.498041370873217 ], [ -0.084363352797652, 51.498032653914812 ] ] ] } },
{ "type": "Feature", "properties": { "lsoa21cd": "E01003941", "lsoa21nm": "Southwark 006C", "msoa21cd": "E02000812", "msoa21nm": "Southwark 006", "lad22cd": "E09000028", "lad22nm": "Southwark", "index_right": 249, "GSS_CODE": "E05011104", "risk_score": 3.3723036030133189, "allocation_hours": 43.308654295907935, "patrol_units": 22 }, "geometry": { "type": "Polygon", "coordinates": [ [ [ -0.081321518944864, 51.497933573322065 ], [ -0.081258388222085, 51.497924922968615 ], [ -0.081037409106478, 51.497894650611599 ], [ -0.080782680538671, 51.497859751488846 ], [ -0.080644114302521, 51.497840764870823 ], [ -0.080292721195859, 51.497792618077135 ], [ -0.079928493615219, 51.497742713240882 ], [ -0.079788123103619, 51.497723480245249 ], [ -0.079775273460128, 51.49772172297218 ], [ -0.079782996184451, 51.497711435848608 ], [ -0.079789420046089, 51.497704010532054 ], [ -0.07982589901261, 51.497665924792017 ], [ -0.079831071258743, 51.497660442992391 ], [ -0.079862060760318, 51.49762756945421 ], [ -0.079865861989733, 51.497623513030945 ], [ -0.079891659089101, 51.497598998646083 ], [ -0.079952183186521, 51.497541465081198 ], [ -0.079962609447607, 51.497536779772503 ], [ -0.079976706492909, 51.497530454957918 ], [ -0.079982800851562, 51.497527713069857 ], [ -0.080116342754639, 51.497467751404528 ], [ -0.080136651165394, 51.497458641626302 ], [ -0.080151728198168, 51.497451280685183 ], [ -0.080230599154442, 51.49741277944841 ], [ -0.080360054507628, 51.497349594085385 ], [ -0.080395174614787, 51.497333604552431 ], [ -0.08055245707864, 51.497262025792047 ], [ -0.08060153107338, 51.497239681980346 ], [ -0.080699186405977, 51.49719522902943 ], [ -0.080719282082731, 51.497186547314058 ], [ -0.080840022707015, 51.497134603556724 ], [ -0.080854652961553, 51.497128269374628 ], [ -0.080859275751597, 51.497126258737843 ], [ -0.080885675509181, 51.497114811510677 ], [ -0.081108950929244, 51.497017981554954 ], [ -0.081173419188077, 51.496989518116109 ], [ -0.081186667707736, 51.496984280872802 ], [ -0.081300146488929, 51.496935068447335 ], [ -0.081382661511998, 51.496899287901449 ], [ -0.081421138396141, 51.496882597592872 ], [ -0.081485603651081, 51.496854642015258 ], [ -0.081530566376268, 51.496835144162304 ], [ -0.081534484445525, 51.496833445703359 ], [ -0.081600593009964, 51.496804779546153 ], [ -0.081693776322373, 51.496764362228049 ], [ -0.081698971100345, 51.496762109118976 ], [ -0.08180854548579, 51.496714585866457 ], [ -0.081816803903509, 51.49671159601867 ], [ -0.0818511024436, 51.496692674414135 ], [ -0.081960602671796, 51.496636273906105 ], [ -0.082013276064237, 51.496609150239522 ], [ -0.082022008736537, 51.496604643857552 ], [ -0.082076434572063, 51.496576613584971 ], [ -0.082108801590761, 51.496559939968584 ], [ -0.08216415509695, 51.49653143022725 ], [ -0.082216268696562, 51.496504594065719 ], [ -0.082224035205546, 51.496500107830926 ], [ -0.082227829623491, 51.496497921713029 ], [ -0.082235373379952, 51.496493593703278 ], [ -0.082279813797024, 51.496467989880692 ], [ -0.082282899409512, 51.496466214825737 ], [ -0.082310921454982, 51.4964500815721 ], [ -0.082356247123609, 51.49642397961177 ], [ -0.082396006532207, 51.496401086926944 ], [ -0.082443355071517, 51.496373812988772 ], [ -0.082453091662006, 51.496368212384915 ], [ -0.082466032420955, 51.496360757724275 ], [ -0.082532987078817, 51.496307788314517 ], [ -0.08254820230111, 51.496295744055125 ], [ -0.082585324904323, 51.496266333349432 ], [ -0.082640508305327, 51.496222640733698 ], [ -0.082669926869124, 51.496197600378352 ], [ -0.08267286948435, 51.49619511254182 ], [ -0.08273663560245, 51.4961408678246 ], [ -0.082752729314658, 51.496127181430602 ], [ -0.082776122849877, 51.496107287097864 ], [ -0.08280220129474, 51.496085105740455 ], [ -0.082852812183182, 51.496042048654829 ], [ -0.082867408845191, 51.496029634519815 ], [ -0.082958901538489, 51.495948765818525 ], [ -0.082962522539653, 51.495945560651563 ], [ -0.082974118151778, 51.495935309649653 ], [ -0.082999045043883, 51.495913271279989 ], [ -0.083001842708632, 51.49591080354557 ], [ -0.083019781956161, 51.495894950350831 ], [ -0.083094651821546, 51.495828764706914 ], [ -0.083115906207031, 51.495812529558762 ], [ -0.083126741740556, 51.495804253519658 ], [ -0.08328297881978, 51.495684910928091 ], [ -0.083306421070869, 51.495667002884112 ], [ -0.083364646672824, 51.495622532292877 ], [ -0.083385945183449, 51.495606270833264 ], [ -0.083393253908108, 51.495600670912999 ], [ -0.083418553960454, 51.495582433508488 ], [ -0.083561514700279, 51.495479375225578 ], [ -0.083571616789049, 51.495472094343725 ], [ -0.083592043696888, 51.495457374348057 ], [ -0.083617953087904, 51.49543868822488 ], [ -0.083657830421786, 51.495412604550509 ], [ -0.083774011539994, 51.495336590191108 ], [ -0.083840656272117, 51.495292994379341 ], [ -0.083870682743449, 51.495273350315784 ], [ -0.083932275851416, 51.495233062158775 ], [ -0.083970449686493, 51.495208083616241 ], [ -0.084078437625015, 51.495137438601567 ], [ -0.084203431022838, 51.495055659533534 ], [ -0.084235279236289, 51.495034822119209 ], [ -0.084274428313571, 51.495011657969158 ], [ -0.084281102236324, 51.495007792218445 ], [ -0.084530489044568, 51.494860212879836 ], [ -0.084548305571518, 51.494849667674401 ], [ -0.084679925185976, 51.4947718182733 ], [ -0.084690243530235, 51.494765727870316 ], [ -0.084703347239486, 51.494757974342448 ], [ -0.084825474568255, 51.494685743053275 ], [ -0.084902358557506, 51.494558689683984 ], [ -0.084958021481064, 51.494466684983145 ], [ -0.084967696382309, 51.494450682876483 ], [ -0.085016068148091, 51.494370735237013 ], [ -0.085076611047086, 51.494245131947537 ], [ -0.085080255171019, 51.494237588024156 ], [ -0.085105459083105, 51.494197037281907 ], [ -0.085142929139435, 51.494136745245008 ], [ -0.085179164697089, 51.494089576040231 ], [ -0.085282739204625, 51.493956046631716 ], [ -0.085293888403825, 51.493959857259668 ], [ -0.085299640228468, 51.493961830664595 ], [ -0.085345287693309, 51.493977441036272 ], [ -0.085439096611305, 51.494009521112218 ], [ -0.085451509605633, 51.494013770522301 ], [ -0.085547341958953, 51.494043635338329 ], [ -0.085592833528943, 51.494057813208634 ], [ -0.0856661211149, 51.494076311694265 ], [ -0.085727363126491, 51.494091762795776 ], [ -0.085949149055592, 51.494127846781169 ], [ -0.085958596715614, 51.494128912845142 ], [ -0.086024199016635, 51.494136265880798 ], [ -0.086232128157185, 51.494159587198538 ], [ -0.086241190598284, 51.494160598392199 ], [ -0.086331827169815, 51.494170764445357 ], [ -0.086354931063687, 51.494174055111685 ], [ -0.086375769243859, 51.494196490470408 ], [ -0.086375392763284, 51.494205477138792 ], [ -0.086389036319195, 51.494223685384235 ], [ -0.086370498498104, 51.494322303826564 ], [ -0.086336434538675, 51.494447647354711 ], [ -0.086238670416949, 51.494716420934246 ], [ -0.086218994202373, 51.494851652992502 ], [ -0.086223290347342, 51.494870837317748 ], [ -0.086230852832249, 51.494904557865283 ], [ -0.08628505118209, 51.494986377564132 ], [ -0.086340755717941, 51.49503225056899 ], [ -0.086474881433493, 51.495110311377495 ], [ -0.086411514802878, 51.495179924988548 ], [ -0.086367901082948, 51.495227837482226 ], [ -0.086425993368522, 51.49528722062891 ], [ -0.08649042667082, 51.495353092097403 ], [ -0.086513608063107, 51.49537679766474 ], [ -0.08641462599752, 51.49542065931513 ], [ -0.086396173693135, 51.495428847451294 ], [ -0.086337833478332, 51.495445872153724 ], [ -0.086151991205714, 51.495464498797062 ], [ -0.086131845425504, 51.495466512671406 ], [ -0.086106353440053, 51.495469073290892 ], [ -0.086062786163575, 51.495477355119313 ], [ -0.086001061652289, 51.49549400068593 ], [ -0.085739489572632, 51.495564542766438 ], [ -0.085648840399152, 51.495588989423048 ], [ -0.085555901204809, 51.495775314206398 ], [ -0.085576840107211, 51.495797175800924 ], [ -0.085653998122988, 51.49587773386768 ], [ -0.085660016851038, 51.495884001178062 ], [ -0.085662901915371, 51.495887006904887 ], [ -0.085645350547143, 51.495922502814928 ], [ -0.085639904009635, 51.495933520034086 ], [ -0.085638596804975, 51.495992896214887 ], [ -0.085637041663256, 51.49609462448835 ], [ -0.085645945590795, 51.496110426308945 ], [ -0.085652251965664, 51.496121518460946 ], [ -0.085641483824975, 51.496255380542273 ], [ -0.08560514881582, 51.496294751502582 ], [ -0.085597927583529, 51.496416684058374 ], [ -0.085597342747993, 51.496426512647027 ], [ -0.085432084315787, 51.496512322259775 ], [ -0.085426900468765, 51.496515007422232 ], [ -0.085211757918687, 51.496540820699067 ], [ -0.085046353748024, 51.496560665127241 ], [ -0.084796487099077, 51.496590657702583 ], [ -0.084804905058809, 51.496611172959057 ], [ -0.084845798953508, 51.496654655912579 ], [ -0.084776636144446, 51.497029020673907 ], [ -0.084874625473006, 51.497079398779171 ], [ -0.084936270552077, 51.497111098276015 ], [ -0.085058376707094, 51.497173874427759 ], [ -0.085180412717269, 51.497236613330244 ], [ -0.085221961095669, 51.497257975119574 ], [ -0.085289220378934, 51.497292544413042 ], [ -0.085235194175279, 51.497312103061077 ], [ -0.085249192763926, 51.497370653571849 ], [ -0.085191088767933, 51.497369602451599 ], [ -0.085118333736311, 51.497386391245627 ], [ -0.085060380979432, 51.497394446851885 ], [ -0.085016434896014, 51.49741171494518 ], [ -0.084957714466449, 51.497437734596694 ], [ -0.084942111428463, 51.497454224441327 ], [ -0.084927606868382, 51.497469564953505 ], [ -0.084882335487593, 51.497517438693293 ], [ -0.084829954135057, 51.497582967736513 ], [ -0.084785866932008, 51.497638122382469 ], [ -0.084669463781798, 51.497783744621572 ], [ -0.084624763348953, 51.497818985389316 ], [ -0.084607551016087, 51.497829180732808 ], [ -0.084491792333122, 51.497897747624933 ], [ -0.084465680244788, 51.497928317288306 ], [ -0.0844463378216, 51.497950961610002 ], [ -0.084416034753083, 51.497986437587471 ], [ -0.084396985994269, 51.497979957195838 ], [ -0.084363352797652, 51.498032653914812 ], [ -0.084364082156595, 51.498041370873217 ], [ -0.084344724005153, 51.498061845852924 ], [ -0.084340561077895, 51.498068351555482 ], [ -0.084339899933611, 51.498084114133832 ], [ -0.084365211084626, 51.498092533219705 ], [ -0.084368503393178, 51.498093628396312 ], [ -0.084369870981775, 51.49811014355722 ], [ -0.084474085950743, 51.498133735294267 ], [ -0.084576470415802, 51.498205786250359 ], [ -0.084584979289724, 51.49821177063005 ], [ -0.084680684053563, 51.498279130505743 ], [ -0.084738597955796, 51.498319892550633 ], [ -0.0848072139155, 51.498368181067569 ], [ -0.084834979567486, 51.498387717508393 ], [ -0.084902237956159, 51.498435057532141 ], [ -0.084834873987971, 51.49847303955994 ], [ -0.084854765224189, 51.498620235149922 ], [ -0.084691566766642, 51.498737424500149 ], [ -0.084681747088422, 51.498744485255479 ], [ -0.084659068259839, 51.498735471654811 ], [ -0.084436295297779, 51.498646930720987 ], [ -0.084432511360499, 51.498645430028127 ], [ -0.084281439896909, 51.498591297181896 ], [ -0.084051050083539, 51.498508754255305 ], [ -0.083991604210119, 51.498487449750094 ], [ -0.083974455209667, 51.498481701781309 ], [ -0.083939774512247, 51.498470055695371 ], [ -0.083825956889843, 51.498431855043286 ], [ -0.083734772057179, 51.498401254538237 ], [ -0.083590016925664, 51.498352654864483 ], [ -0.083580868686491, 51.498349583521588 ], [ -0.08351312000426, 51.498326839069769 ], [ -0.083496994194753, 51.498321431505651 ], [ -0.083478493572779, 51.498316308848082 ], [ -0.083410742371194, 51.498297575088259 ], [ -0.08338818252077, 51.498291333881397 ], [ -0.083343049730248, 51.49827885483819 ], [ -0.083338359714481, 51.498277557819812 ], [ -0.083292530481006, 51.498264886613661 ], [ -0.083248621464805, 51.498252738699037 ], [ -0.083237953689037, 51.498249794458843 ], [ -0.083165089711925, 51.498229646014472 ], [ -0.083155803821743, 51.498227075086128 ], [ -0.083109786641894, 51.498214353075511 ], [ -0.083080029381968, 51.498209334026399 ], [ -0.083074721756747, 51.498208437867788 ], [ -0.082900813798858, 51.498179100671031 ], [ -0.082790569002555, 51.498160507838293 ], [ -0.082635354986435, 51.4981419886224 ], [ -0.082547519573304, 51.498131504953285 ], [ -0.082526245766301, 51.498128953686255 ], [ -0.082521772914181, 51.498128421878882 ], [ -0.08249693810103, 51.498124553357648 ], [ -0.082491655897948, 51.498123738524271 ], [ -0.082468925483284, 51.498120192194733 ], [ -0.082392661484322, 51.498108288010904 ], [ -0.082346892610416, 51.49810070915526 ], [ -0.082242365694513, 51.49808484875458 ], [ -0.082118307859137, 51.498065489723281 ], [ -0.081806242265136, 51.498010185152232 ], [ -0.081780843322062, 51.498005686747227 ], [ -0.081545260548293, 51.49796394432623 ], [ -0.081537323442071, 51.497962537434901 ], [ -0.081476233757948, 51.497954343265789 ], [ -0.081464291126696, 51.497952735912961 ], [ -0.081449941654601, 51.497950804090387 ], [ -0.081422909882431, 51.49794717546353 ], [ -0.081389471453594, 51.49794268026875 ], [ -0.081321518944864, 51.497933573322065 ] ] ] } },
{ "type": "Feature", "properties": { "lsoa21cd": "E01003975", "lsoa21nm": "Southwark 004A", "msoa21cd": "E02000810", "msoa21nm": "Southwark 004", "lad22cd": "E09000028", "lad22nm": "Southwark", "index_right": 249, "GSS_CODE": "E05011104", "risk_score": 0.00030231060607921749, "allocation_hours": 0.0038824100881582235, "patrol_units": 0 }, "geometry": { "type": "Polygon", "coordinates": [ [ [ -0.070269921584192, 51.496827713848525 ], [ -0.070127164541249, 51.496764545618859 ], [ -0.069872991811325, 51.496652622132402 ], [ -0.069877482327451, 51.496642980326172 ], [ -0.069900720695706, 51.496590836420054 ], [ -0.06994164322211, 51.496498993005396 ], [ -0.069973416782783, 51.496441926710354 ], [ -0.07001169174838, 51.49637317797626 ], [ -0.070050778664068, 51.49630294080783 ], [ -0.070051158069138, 51.496293963311679 ], [ -0.070053816557513, 51.496231057932704 ], [ -0.06998903318381, 51.496059129282308 ], [ -0.070050810668521, 51.496051621343078 ], [ -0.070869338863896, 51.49595213763633 ], [ -0.071031702879976, 51.495932408765235 ], [ -0.071142031102681, 51.495919790972088 ], [ -0.071296781031034, 51.49590210368477 ], [ -0.071581822233939, 51.495869518527549 ], [ -0.071666076633864, 51.495867406448752 ], [ -0.071717563936438, 51.495866113181386 ], [ -0.071798155438363, 51.495864084634476 ], [ -0.071913805815781, 51.495854386368229 ], [ -0.072246356649992, 51.495826492889726 ], [ -0.07226683860876, 51.495825238018327 ], [ -0.072375835755908, 51.495818541363633 ], [ -0.072477465797096, 51.495812307990604 ], [ -0.072695838830397, 51.495798470773664 ], [ -0.072809713022538, 51.495791251386848 ], [ -0.0728241584651, 51.495790337814256 ], [ -0.073040841175791, 51.495776607049365 ], [ -0.073185568475726, 51.49576100065886 ], [ -0.073203926316366, 51.495801212260268 ], [ -0.073208667080492, 51.495800849543237 ], [ -0.073275748006663, 51.495955485460357 ], [ -0.073396584437058, 51.496223099575552 ], [ -0.073404885241347, 51.496243226901456 ], [ -0.073416869344393, 51.496272281621465 ], [ -0.073436230174118, 51.496319224568467 ], [ -0.073523430981261, 51.496530650269982 ], [ -0.073527286919811, 51.496539994165943 ], [ -0.073541185153762, 51.496575965187844 ], [ -0.073545263696673, 51.496586521368023 ], [ -0.073587154338643, 51.496694916059795 ], [ -0.07359983833371, 51.496692390724597 ], [ -0.073917475756813, 51.49662913982138 ], [ -0.074770147754509, 51.496459318037616 ], [ -0.074791491107937, 51.496455064304342 ], [ -0.07487170614919, 51.496439088705429 ], [ -0.074902145696323, 51.49650152627968 ], [ -0.074904910555399, 51.496507196660843 ], [ -0.074940993402462, 51.496581188184557 ], [ -0.074954956612142, 51.496609834632395 ], [ -0.07510463776275, 51.496579869406105 ], [ -0.075125376047069, 51.496575718085765 ], [ -0.075259034835451, 51.496548965240272 ], [ -0.075290735939724, 51.496627120311103 ], [ -0.075318795726294, 51.496696336129979 ], [ -0.075381678156026, 51.49685145425768 ], [ -0.075382447699522, 51.496854218678855 ], [ -0.075393438917571, 51.4969000644017 ], [ -0.075428476115136, 51.496894965267337 ], [ -0.075454074480025, 51.496895385577169 ], [ -0.075486065238384, 51.496895910838447 ], [ -0.075587224891309, 51.496888578973596 ], [ -0.075854939610062, 51.496849269211587 ], [ -0.07586614593838, 51.496847618648353 ], [ -0.07602797159007, 51.496823865970725 ], [ -0.076087613218443, 51.496815109365862 ], [ -0.076138107350069, 51.496807694488744 ], [ -0.076154077115962, 51.496802066343811 ], [ -0.076174358810816, 51.49681685960006 ], [ -0.076799269666812, 51.497272616479108 ], [ -0.076807401840833, 51.497278622190315 ], [ -0.076397326097476, 51.497350426797993 ], [ -0.076346814599215, 51.497359642737692 ], [ -0.076177578802809, 51.497389895556253 ], [ -0.076169928506146, 51.497391262787723 ], [ -0.076121006880912, 51.49747388569098 ], [ -0.07633231507846, 51.497712757551277 ], [ -0.076222863482462, 51.497767085001882 ], [ -0.076176928626954, 51.497772302249423 ], [ -0.076156415212276, 51.497774627406535 ], [ -0.076083900643302, 51.497782870554289 ], [ -0.076012254825053, 51.497791011011088 ], [ -0.075939436341585, 51.497799285050348 ], [ -0.075867225938312, 51.497807488091212 ], [ -0.075746576145136, 51.4978211907858 ], [ -0.075706214546062, 51.497825779922763 ], [ -0.075661443081582, 51.497829028664682 ], [ -0.075605052782981, 51.497833111800489 ], [ -0.075575966441766, 51.497841600025559 ], [ -0.07552219346538, 51.497846481486157 ], [ -0.075469100951732, 51.497851284167133 ], [ -0.07540232695297, 51.497857318998058 ], [ -0.075352445072384, 51.497861832620075 ], [ -0.07529385644151, 51.49786713849263 ], [ -0.075264873373804, 51.497869756061512 ], [ -0.075236132483857, 51.497877908147807 ], [ -0.075199211126639, 51.49788838091073 ], [ -0.075187950744185, 51.497892674386399 ], [ -0.075142908814115, 51.497909857263828 ], [ -0.075137917424954, 51.497912742903289 ], [ -0.075132879440821, 51.497916392161876 ], [ -0.074986538466915, 51.498022423458053 ], [ -0.074928415092979, 51.49806453515108 ], [ -0.074918957409409, 51.498073912137578 ], [ -0.074891562968624, 51.498096942285855 ], [ -0.074888261372689, 51.498099729769478 ], [ -0.074940767222863, 51.498133802413854 ], [ -0.074954510622214, 51.498142724137494 ], [ -0.075061959339749, 51.498223130533752 ], [ -0.075066051726121, 51.49822619233337 ], [ -0.075140849910776, 51.498349056811612 ], [ -0.075156703225669, 51.498385584965042 ], [ -0.075168966314504, 51.498437081056977 ], [ -0.075172210139478, 51.49845070440292 ], [ -0.075166819731391, 51.498454509743148 ], [ -0.075080377196193, 51.498515940488765 ], [ -0.075072772151473, 51.498518450466086 ], [ -0.07453332957091, 51.498696337770667 ], [ -0.074587370150107, 51.498733659697209 ], [ -0.075009456846214, 51.498974404574959 ], [ -0.074653009562026, 51.499046058209082 ], [ -0.074593046594516, 51.499057710680205 ], [ -0.074151396847507, 51.498822296638721 ], [ -0.074071792213985, 51.498779963647877 ], [ -0.074020667250391, 51.498752774777081 ], [ -0.073993610835747, 51.49873839140038 ], [ -0.073769327434389, 51.498619103757612 ], [ -0.073729659208483, 51.498598011293183 ], [ -0.073650351285889, 51.498555835788402 ], [ -0.073129753152153, 51.498278961633645 ], [ -0.072928457144326, 51.498171902840561 ], [ -0.072833751249025, 51.498121615789145 ], [ -0.072813767352845, 51.49811090777628 ], [ -0.071982132211302, 51.497668183278236 ], [ -0.071959516003497, 51.497656564929137 ], [ -0.071777840945276, 51.497559955572534 ], [ -0.071664266470162, 51.497499541651422 ], [ -0.071613351494632, 51.497475295881941 ], [ -0.07160208092754, 51.497469930634402 ], [ -0.071568057835124, 51.4974537234948 ], [ -0.071461623779901, 51.497403042808145 ], [ -0.071382886217948, 51.497365542488005 ], [ -0.071317947075394, 51.497334618044306 ], [ -0.071230967281602, 51.497293195160474 ], [ -0.071082230840843, 51.497222362240905 ], [ -0.071039760835301, 51.49720213648019 ], [ -0.070949387593586, 51.497159100910388 ], [ -0.070919247179985, 51.49714474884788 ], [ -0.070881298436788, 51.497126669371575 ], [ -0.070835972954516, 51.497104502674013 ], [ -0.070832048708366, 51.497102585581473 ], [ -0.07059689576205, 51.496987591749715 ], [ -0.070269921584192, 51.496827713848525 ] ] ] } },
{ "type": "Feature", "properties": { "lsoa21cd": "E01032637", "lsoa21nm": "Southwark 035E", "msoa21cd": "E02006941", "msoa21nm": "Southwark 035", "lad22cd": "E09000028", "lad22nm": "Southwark", "index_right": 249, "GSS_CODE": "E05011104", "risk_score": 2.5557348375153408, "allocation_hours": 32.821907390265054, "patrol_units": 16 }, "geometry": { "type": "Polygon", "coordinates": [ [ [ -0.071732929103715, 51.502526629731094 ], [ -0.071765143007369, 51.502446225242622 ], [ -0.071840174291296, 51.502375517933373 ], [ -0.071884889343181, 51.502340282706029 ], [ -0.072017895643253, 51.50226153635559 ], [ -0.072151280932164, 51.502173803356726 ], [ -0.072184777333733, 51.502150020049449 ], [ -0.072299823464157, 51.502068334063758 ], [ -0.072330138949735, 51.502032861803436 ], [ -0.072346088608447, 51.502008313216493 ], [ -0.072376385294719, 51.501961680660408 ], [ -0.072423335265962, 51.501880996764939 ], [ -0.072441659598131, 51.501854463857192 ], [ -0.072453676735062, 51.501837053747927 ], [ -0.072463883874081, 51.501759443533196 ], [ -0.072467685909915, 51.501730477543553 ], [ -0.07247490445368, 51.501675533800643 ], [ -0.072513702270083, 51.501603636566458 ], [ -0.07251567205704, 51.501599981944764 ], [ -0.072534727207125, 51.501564666151687 ], [ -0.07253715798336, 51.501560160305793 ], [ -0.07256799937821, 51.501518190386221 ], [ -0.072583283158451, 51.501497461712198 ], [ -0.072627996753337, 51.501462226155965 ], [ -0.072717423733371, 51.50139175498586 ], [ -0.072832534549293, 51.501323999234266 ], [ -0.072844098707651, 51.501330115601398 ], [ -0.072893228123029, 51.501322704111352 ], [ -0.072934371890117, 51.501307175749751 ], [ -0.072981108085921, 51.501289554094562 ], [ -0.073137028272129, 51.50123073335827 ], [ -0.07317741024959, 51.501215498137171 ], [ -0.073337548772567, 51.501120209020179 ], [ -0.073307705893208, 51.501091930878829 ], [ -0.073311687918358, 51.501090440600144 ], [ -0.073321042967357, 51.501086934353424 ], [ -0.073350204988718, 51.501078421033903 ], [ -0.073483598584824, 51.500990686569331 ], [ -0.073531793365333, 51.500948043909986 ], [ -0.073543467863634, 51.500937714318297 ], [ -0.073622652977456, 51.500857901484764 ], [ -0.073648807466009, 51.500831533046409 ], [ -0.073794190455142, 51.500643521287977 ], [ -0.073851496401192, 51.500669191339924 ], [ -0.07391376238873, 51.500702840297315 ], [ -0.073994964138988, 51.500729929964095 ], [ -0.074030767738833, 51.500763440739838 ], [ -0.074161638321312, 51.500886804366729 ], [ -0.074393064601326, 51.500869123400257 ], [ -0.074404148925936, 51.500858433306789 ], [ -0.074539222060234, 51.500728072669659 ], [ -0.074552439578153, 51.500715313308206 ], [ -0.074589638806701, 51.500730088005589 ], [ -0.074606827560815, 51.500738643708623 ], [ -0.074685051554938, 51.500777590360975 ], [ -0.074690370489964, 51.500774633699884 ], [ -0.074727616793503, 51.500792428887614 ], [ -0.074779754051828, 51.500817338229808 ], [ -0.074778353642188, 51.500818566114276 ], [ -0.074774367860482, 51.500822060862241 ], [ -0.074779843472577, 51.500824785681985 ], [ -0.074935402891688, 51.500902241456714 ], [ -0.075110946263223, 51.500989638488335 ], [ -0.075181212075789, 51.501024614212092 ], [ -0.075224691898916, 51.501046272385025 ], [ -0.075278776768971, 51.50107202554112 ], [ -0.075524792719278, 51.501189194196428 ], [ -0.075531247914696, 51.501192267798771 ], [ -0.075525543062719, 51.501197646199167 ], [ -0.075523175314388, 51.501199877984092 ], [ -0.075513646952372, 51.501208867130352 ], [ -0.075505798542014, 51.501208765229592 ], [ -0.075646803093213, 51.501287015241985 ], [ -0.075701901461277, 51.50131950242239 ], [ -0.07568656221716, 51.501334745041973 ], [ -0.07549258919798, 51.501527286791521 ], [ -0.075477902711062, 51.501544473538594 ], [ -0.075431963792154, 51.501598233101689 ], [ -0.075397544768842, 51.501638485893068 ], [ -0.075371338194095, 51.501669179374368 ], [ -0.075334442601184, 51.501721351809948 ], [ -0.075634361949646, 51.501706645759263 ], [ -0.075818757628286, 51.50169760515837 ], [ -0.076061256848784, 51.501531434841297 ], [ -0.076163314470022, 51.501591607961068 ], [ -0.076258904524343, 51.501647978816877 ], [ -0.07614790140977, 51.501761461528524 ], [ -0.076069286714925, 51.501841825018957 ], [ -0.075964727499265, 51.501948713741221 ], [ -0.075980341012924, 51.501955687645214 ], [ -0.075891969508988, 51.50204634038414 ], [ -0.075878043196981, 51.502050958825158 ], [ -0.075742396954601, 51.502183973417424 ], [ -0.075704912208934, 51.50222072274677 ], [ -0.075709622819334, 51.502233398912914 ], [ -0.075663086540435, 51.50228115059447 ], [ -0.075648336943433, 51.502276241176659 ], [ -0.07549105654888, 51.502427146474808 ], [ -0.075481175930552, 51.502438503910589 ], [ -0.07546790129046, 51.502449364966012 ], [ -0.075337123610469, 51.502574842159305 ], [ -0.075305017077098, 51.502615933238829 ], [ -0.075280480742202, 51.50262920821833 ], [ -0.075242894825694, 51.502665263286907 ], [ -0.07516276056378, 51.502759036305662 ], [ -0.07514017717662, 51.50278545473271 ], [ -0.075106482981807, 51.502824891991644 ], [ -0.075009712058446, 51.502793086924413 ], [ -0.074915059086555, 51.502761973038567 ], [ -0.074921669430927, 51.502758979130938 ], [ -0.074835989541654, 51.502449453738883 ], [ -0.074821384364429, 51.502396696266587 ], [ -0.074767126617558, 51.502319654502791 ], [ -0.074757024215716, 51.502305342977351 ], [ -0.074749450350237, 51.502297358908557 ], [ -0.074730297955622, 51.502214050358091 ], [ -0.074721932989569, 51.502177672231205 ], [ -0.074721140673669, 51.502174934417425 ], [ -0.074685198579598, 51.502050019443367 ], [ -0.07464712542229, 51.50198179559851 ], [ -0.074656807580511, 51.501973609407372 ], [ -0.074615185528857, 51.501917107727927 ], [ -0.074516505945896, 51.502006807681376 ], [ -0.074072086190204, 51.502410715715193 ], [ -0.074012152220894, 51.502465188931758 ], [ -0.073877632268195, 51.502579883614864 ], [ -0.073788752360642, 51.502660598368294 ], [ -0.073744483884988, 51.502700098831632 ], [ -0.073719905443715, 51.502721224337492 ], [ -0.07369818808195, 51.502715656088178 ], [ -0.0736101068971, 51.502693075365855 ], [ -0.073333247714986, 51.502622112843973 ], [ -0.073186766146662, 51.502524093925786 ], [ -0.073182870155024, 51.502521493921925 ], [ -0.073121822686164, 51.502529941568376 ], [ -0.072899326106087, 51.502560131752361 ], [ -0.07268445209399, 51.502589286805666 ], [ -0.072476329245635, 51.502528490351835 ], [ -0.072302441208793, 51.502688875187729 ], [ -0.072229357345504, 51.50276055906194 ], [ -0.072212252078984, 51.502777318902929 ], [ -0.072183074348467, 51.502785831663566 ], [ -0.072168295750965, 51.502794581282387 ], [ -0.072118417117539, 51.502793760771823 ], [ -0.072005263671012, 51.502759601933491 ], [ -0.071998661977125, 51.502757609351022 ], [ -0.071993393227379, 51.502754420182875 ], [ -0.07185035668287, 51.502691231164398 ], [ -0.071827270638493, 51.502681058259839 ], [ -0.071743912323791, 51.502607744960258 ], [ -0.071730651865021, 51.502580548606588 ], [ -0.071731281901774, 51.502565631051105 ], [ -0.071732929103715, 51.502526629731094 ] ] ] } },
{ "type": "Feature", "properties": { "lsoa21cd": "E01032640", "lsoa21nm": "Southwark 035B", "msoa21cd": "E02006941", "msoa21nm": "Southwark 035", "lad22cd": "E09000028", "lad22nm": "Southwark", "index_right": 249, "GSS_CODE": "E05011104", "risk_score": 3.5006616483430628, "allocation_hours": 44.95708660381672, "patrol_units": 22 }, "geometry": { "type": "Polygon", "coordinates": [ [ [ -0.073290791771564, 51.503090736302944 ], [ -0.073716124612784, 51.502725627082775 ], [ -0.073719905443715, 51.502721224337492 ], [ -0.073744483884988, 51.502700098831632 ], [ -0.073788752360642, 51.502660598368294 ], [ -0.073877632268195, 51.502579883614864 ], [ -0.074012152220894, 51.502465188931758 ], [ -0.074072086190204, 51.502410715715193 ], [ -0.074516505945896, 51.502006807681376 ], [ -0.074615185528857, 51.501917107727927 ], [ -0.074656807580511, 51.501973609407372 ], [ -0.07464712542229, 51.50198179559851 ], [ -0.074685198579598, 51.502050019443367 ], [ -0.074721140673669, 51.502174934417425 ], [ -0.074721932989569, 51.502177672231205 ], [ -0.074730297955622, 51.502214050358091 ], [ -0.074749450350237, 51.502297358908557 ], [ -0.074757024215716, 51.502305342977351 ], [ -0.074767126617558, 51.502319654502791 ], [ -0.074821384364429, 51.502396696266587 ], [ -0.074835989541654, 51.502449453738883 ], [ -0.074921669430927, 51.502758979130938 ], [ -0.074915059086555, 51.502761973038567 ], [ -0.075009712058446, 51.502793086924413 ], [ -0.075106482981807, 51.502824891991644 ], [ -0.07514017717662, 51.50278545473271 ], [ -0.07516276056378, 51.502759036305662 ], [ -0.075242894825694, 51.502665263286907 ], [ -0.075280480742202, 51.50262920821833 ], [ -0.075305017077098, 51.502615933238829 ], [ -0.075337123610469, 51.502574842159305 ], [ -0.07546790129046, 51.502449364966012 ], [ -0.075481175930552, 51.502438503910589 ], [ -0.07549105654888, 51.502427146474808 ], [ -0.075648336943433, 51.502276241176659 ], [ -0.075663086540435, 51.50228115059447 ], [ -0.075709622819334, 51.502233398912914 ], [ -0.075704912208934, 51.50222072274677 ], [ -0.075742396954601, 51.502183973417424 ], [ -0.075878043196981, 51.502050958825158 ], [ -0.075891969508988, 51.50204634038414 ], [ -0.075980341012924, 51.501955687645214 ], [ -0.076027350583147, 51.501976702047273 ], [ -0.076059170669976, 51.501990938347696 ], [ -0.076401870583987, 51.502144179545766 ], [ -0.076373209611959, 51.502171235873497 ], [ -0.076356152231367, 51.502207763158978 ], [ -0.076259455190565, 51.502414798381722 ], [ -0.076214830902901, 51.502510369061568 ], [ -0.076326609572, 51.502548489577762 ], [ -0.076428146755113, 51.502583114578762 ], [ -0.076474184671503, 51.502598825133134 ], [ -0.076484724950569, 51.502602415371157 ], [ -0.076494782097332, 51.502605844802098 ], [ -0.076624118559484, 51.502649954608053 ], [ -0.076768825067337, 51.502699307475709 ], [ -0.076774184245794, 51.502700357645971 ], [ -0.076868862097806, 51.50271893457861 ], [ -0.077072940002271, 51.502770556289413 ], [ -0.077096977818891, 51.502776634110795 ], [ -0.077139176460734, 51.502783783278318 ], [ -0.07714633318523, 51.50277551047941 ], [ -0.077158029005679, 51.502781089026584 ], [ -0.077154196074864, 51.502786565663698 ], [ -0.077183327456208, 51.502793158690992 ], [ -0.077200202464093, 51.502796979598017 ], [ -0.077240717871919, 51.502806154154193 ], [ -0.077232468907878, 51.502816617654879 ], [ -0.077138263117768, 51.502953101511899 ], [ -0.077117071272411, 51.502983796727207 ], [ -0.077073484946411, 51.503025500299024 ], [ -0.076996956800512, 51.503098731416337 ], [ -0.076994740592353, 51.503101743588246 ], [ -0.076964357704771, 51.503142956939627 ], [ -0.076951109377808, 51.503160928251852 ], [ -0.076927082486417, 51.50319628820219 ], [ -0.076908051178269, 51.503224294929367 ], [ -0.076770658860556, 51.503426454143543 ], [ -0.07666895414127, 51.503576117467077 ], [ -0.076619478583216, 51.503648925391325 ], [ -0.076540248853643, 51.503765511674771 ], [ -0.076448835522609, 51.503900018277676 ], [ -0.076230996586447, 51.504220557691511 ], [ -0.076213746507537, 51.504245939776425 ], [ -0.076167139445594, 51.504326109262081 ], [ -0.076085991899909, 51.504448346222944 ], [ -0.076064989628467, 51.504479979580985 ], [ -0.075932191195404, 51.50468000448992 ], [ -0.075908356061061, 51.504715904219054 ], [ -0.07558245094205, 51.505206789692991 ], [ -0.075549947571408, 51.505255886809238 ], [ -0.075385916148487, 51.505503775400122 ], [ -0.07521448307471, 51.505453810927207 ], [ -0.074031478718803, 51.505187776045375 ], [ -0.073918837807581, 51.50515973796162 ], [ -0.073875829290466, 51.505149031172479 ], [ -0.073734696654853, 51.505113905976017 ], [ -0.07364839532848, 51.505088989405699 ], [ -0.073409906578166, 51.505020141442017 ], [ -0.073176800258641, 51.504952838319319 ], [ -0.072783700324798, 51.504815269449146 ], [ -0.072693999038277, 51.504783875470089 ], [ -0.072137822415865, 51.504544387716351 ], [ -0.072087185717792, 51.504521549508695 ], [ -0.072918795674074, 51.503754542022712 ], [ -0.072993876213357, 51.503694626073475 ], [ -0.073105620219368, 51.503476834097867 ], [ -0.073110733144933, 51.503339302478395 ], [ -0.07311293625738, 51.503279932752882 ], [ -0.073084897456723, 51.503268284784369 ], [ -0.07310696930599, 51.503249241389511 ], [ -0.073114325699953, 51.503242914558641 ], [ -0.073178132569233, 51.503187885009908 ], [ -0.073274179837152, 51.503105031411906 ], [ -0.073279294001426, 51.503100619128176 ], [ -0.073290791771564, 51.503090736302944 ] ] ] } },
{ "type": "Feature", "properties": { "lsoa21cd": "E01032803", "lsoa21nm": "Southwark 036C", "msoa21cd": "E02006942", "msoa21nm": "Southwark 036", "lad22cd": "E09000028", "lad22nm": "Southwark", "index_right": 249, "GSS_CODE": "E05011104", "risk_score": 0.00065566388736352425, "allocation_hours": 0.0084203333907317355, "patrol_units": 0 }, "geometry": { "type": "Polygon", "coordinates": [ [ [ -0.085527284782696, 51.501035160527827 ], [ -0.085505056571343, 51.501000697174021 ], [ -0.085495497626093, 51.50100153035126 ], [ -0.085474521170893, 51.500953364475777 ], [ -0.085446921629008, 51.500889964670264 ], [ -0.085426103187848, 51.500851090883984 ], [ -0.085393472072132, 51.500790171870875 ], [ -0.085370457935189, 51.500761777465129 ], [ -0.085351406798931, 51.500762506942849 ], [ -0.085087574078902, 51.500766635114111 ], [ -0.085040744621341, 51.500767372357622 ], [ -0.084746878748296, 51.500771969375641 ], [ -0.083785273928479, 51.500787014972481 ], [ -0.083753467992819, 51.500787511111561 ], [ -0.083664509431843, 51.500788898261341 ], [ -0.083515997286942, 51.500894382831902 ], [ -0.083482736651974, 51.50089692344163 ], [ -0.083457787668098, 51.500898826587161 ], [ -0.083157546793641, 51.500921730899506 ], [ -0.08305026319724, 51.500929913140546 ], [ -0.082979651163913, 51.500935304866971 ], [ -0.082957000202698, 51.500937038661384 ], [ -0.082939876201761, 51.500789281917321 ], [ -0.083011431137536, 51.500692269487921 ], [ -0.083214772685423, 51.500678486639444 ], [ -0.083225147446486, 51.500677784023004 ], [ -0.083258896971389, 51.500490935898441 ], [ -0.083275436102951, 51.50039931797501 ], [ -0.083054833064462, 51.500404729661795 ], [ -0.082967514924117, 51.500406871549096 ], [ -0.082700498297397, 51.500413411845514 ], [ -0.082580531583893, 51.50041930888657 ], [ -0.082238100230187, 51.500436170013252 ], [ -0.08215184632515, 51.50044041503272 ], [ -0.082156078965274, 51.5004374087614 ], [ -0.082176410179355, 51.500422975297546 ], [ -0.082207540167564, 51.500412837237917 ], [ -0.082224032668062, 51.500407468634442 ], [ -0.08221159348015, 51.500397975528472 ], [ -0.08215738595604, 51.500356539976707 ], [ -0.082105258606858, 51.500316694196485 ], [ -0.082054409847653, 51.50019906367752 ], [ -0.082085915868084, 51.500135712451922 ], [ -0.082029355436606, 51.500046018991455 ], [ -0.082049972538363, 51.499985322304127 ], [ -0.082051205646566, 51.499981691409808 ], [ -0.082085616707238, 51.499880384174432 ], [ -0.082099261114409, 51.499840247800577 ], [ -0.082105558026628, 51.499821708784374 ], [ -0.08215570253273, 51.499780784803562 ], [ -0.081910664107978, 51.499764976238573 ], [ -0.081676560669144, 51.499749876723492 ], [ -0.081662191482545, 51.49974894908442 ], [ -0.081618996722856, 51.499748242064136 ], [ -0.081580486560151, 51.499751604507978 ], [ -0.081484854872093, 51.499759949156619 ], [ -0.081445448223043, 51.499763386808404 ], [ -0.081438961945526, 51.499746643967036 ], [ -0.081390999992296, 51.499623116234275 ], [ -0.081358315671774, 51.499538912261812 ], [ -0.081353844080497, 51.499527373252413 ], [ -0.081343819123617, 51.499501579686999 ], [ -0.081324434078218, 51.499451658111887 ], [ -0.081317061694542, 51.499432688532828 ], [ -0.081314924292592, 51.499427320817475 ], [ -0.081269828409765, 51.499323039572666 ], [ -0.081259927111722, 51.499300134711639 ], [ -0.081226742318262, 51.499223395525746 ], [ -0.082068712324701, 51.499053319076644 ], [ -0.082037635919468, 51.498785688570528 ], [ -0.082082877649932, 51.498758901964386 ], [ -0.082447827131974, 51.498688578491191 ], [ -0.082539343010025, 51.49858946430345 ], [ -0.082800430668823, 51.498525866720733 ], [ -0.082898167825175, 51.498188248033394 ], [ -0.082900813798858, 51.498179100671031 ], [ -0.083074721756747, 51.498208437867788 ], [ -0.083080029381968, 51.498209334026399 ], [ -0.083109786641894, 51.498214353075511 ], [ -0.083155803821743, 51.498227075086128 ], [ -0.083165089711925, 51.498229646014472 ], [ -0.083237953689037, 51.498249794458843 ], [ -0.083248621464805, 51.498252738699037 ], [ -0.083292530481006, 51.498264886613661 ], [ -0.083338359714481, 51.498277557819812 ], [ -0.083343049730248, 51.49827885483819 ], [ -0.08338818252077, 51.498291333881397 ], [ -0.083410742371194, 51.498297575088259 ], [ -0.083478493572779, 51.498316308848082 ], [ -0.083496994194753, 51.498321431505651 ], [ -0.08351312000426, 51.498326839069769 ], [ -0.083580868686491, 51.498349583521588 ], [ -0.083590016925664, 51.498352654864483 ], [ -0.083734772057179, 51.498401254538237 ], [ -0.083825956889843, 51.498431855043286 ], [ -0.083939774512247, 51.498470055695371 ], [ -0.083974455209667, 51.498481701781309 ], [ -0.083991604210119, 51.498487449750094 ], [ -0.084051050083539, 51.498508754255305 ], [ -0.084281439896909, 51.498591297181896 ], [ -0.084432511360499, 51.498645430028127 ], [ -0.084436295297779, 51.498646930720987 ], [ -0.084659068259839, 51.498735471654811 ], [ -0.084681747088422, 51.498744485255479 ], [ -0.084721725308217, 51.498760372378172 ], [ -0.084792342427623, 51.498788441813872 ], [ -0.08482222990504, 51.498800333076503 ], [ -0.085096850081526, 51.498924211142352 ], [ -0.085385201847399, 51.499054282794084 ], [ -0.085441504431819, 51.499079797191243 ], [ -0.085771821137955, 51.499229361318648 ], [ -0.085412524081464, 51.499648397962147 ], [ -0.085376410768303, 51.499698734724824 ], [ -0.085339562178309, 51.499750111632785 ], [ -0.085336011931192, 51.499755062671476 ], [ -0.085302392684053, 51.4998514113555 ], [ -0.085299918261024, 51.499858538229056 ], [ -0.085284541553971, 51.499902603764362 ], [ -0.085270506736654, 51.499942842282358 ], [ -0.085257325026178, 51.49996960551529 ], [ -0.085170314953325, 51.500146215663989 ], [ -0.085162440924642, 51.500162193233784 ], [ -0.085137825041651, 51.500212178061417 ], [ -0.085120471514603, 51.500247371374797 ], [ -0.085081524184697, 51.500326447761061 ], [ -0.085175921139044, 51.500338276632682 ], [ -0.085855781625444, 51.500521019231883 ], [ -0.086094026194128, 51.50044703836825 ], [ -0.086132418110062, 51.500548950591181 ], [ -0.08613650202952, 51.500559799546842 ], [ -0.086136315346399, 51.50056631625111 ], [ -0.08613288596806, 51.500789082876274 ], [ -0.086132826764121, 51.50079324555756 ], [ -0.086132670484878, 51.500803162020539 ], [ -0.08612314805117, 51.500828564062246 ], [ -0.086113902422263, 51.500841173923995 ], [ -0.086099873178958, 51.500860315406648 ], [ -0.086096067955285, 51.500865505086388 ], [ -0.086000778132901, 51.500954696089863 ], [ -0.086012221883461, 51.500963551850305 ], [ -0.086100566520092, 51.501019435597748 ], [ -0.086024950193116, 51.501021511046339 ], [ -0.085952824737131, 51.501023490535601 ], [ -0.085527284782696, 51.501035160527827 ] ] ] } },
{ "type": "Feature", "properties": { "lsoa21cd": "E01033870", "lsoa21nm": "Southwark 004G", "msoa21cd": "E02000810", "msoa21nm": "Southwark 004", "lad22cd": "E09000028", "lad22nm": "Southwark", "index_right": 249, "GSS_CODE": "E05011104", "risk_score": 0.00034042487956920982, "allocation_hours": 0.004371890896719707, "patrol_units": 0 }, "geometry": { "type": "Polygon", "coordinates": [ [ [ -0.076174358810816, 51.49681685960006 ], [ -0.076154077115962, 51.496802066343811 ], [ -0.076138107350069, 51.496807694488744 ], [ -0.076087613218443, 51.496815109365862 ], [ -0.07602797159007, 51.496823865970725 ], [ -0.07586614593838, 51.496847618648353 ], [ -0.075854939610062, 51.496849269211587 ], [ -0.075587224891309, 51.496888578973596 ], [ -0.075486065238384, 51.496895910838447 ], [ -0.075454074480025, 51.496895385577169 ], [ -0.075428476115136, 51.496894965267337 ], [ -0.075393438917571, 51.4969000644017 ], [ -0.075382447699522, 51.496854218678855 ], [ -0.075381678156026, 51.49685145425768 ], [ -0.075318795726294, 51.496696336129979 ], [ -0.075290735939724, 51.496627120311103 ], [ -0.075259034835451, 51.496548965240272 ], [ -0.075125376047069, 51.496575718085765 ], [ -0.07510463776275, 51.496579869406105 ], [ -0.074954956612142, 51.496609834632395 ], [ -0.074940993402462, 51.496581188184557 ], [ -0.074904910555399, 51.496507196660843 ], [ -0.074902145696323, 51.49650152627968 ], [ -0.07487170614919, 51.496439088705429 ], [ -0.074791491107937, 51.496455064304342 ], [ -0.074770147754509, 51.496459318037616 ], [ -0.073917475756813, 51.49662913982138 ], [ -0.07359983833371, 51.496692390724597 ], [ -0.073587154338643, 51.496694916059795 ], [ -0.073545263696673, 51.496586521368023 ], [ -0.073541185153762, 51.496575965187844 ], [ -0.073527286919811, 51.496539994165943 ], [ -0.073523430981261, 51.496530650269982 ], [ -0.073436230174118, 51.496319224568467 ], [ -0.073416869344393, 51.496272281621465 ], [ -0.073404885241347, 51.496243226901456 ], [ -0.073396584437058, 51.496223099575552 ], [ -0.073275748006663, 51.495955485460357 ], [ -0.073208667080492, 51.495800849543237 ], [ -0.073203926316366, 51.495801212260268 ], [ -0.073185568475726, 51.49576100065886 ], [ -0.073190433900172, 51.495760073448196 ], [ -0.07327270811282, 51.49574444751962 ], [ -0.073365730864159, 51.495722307591038 ], [ -0.073520108847427, 51.495685564559132 ], [ -0.073578993997055, 51.495673029705273 ], [ -0.074363274433492, 51.495506074709496 ], [ -0.074501378679132, 51.495476670875831 ], [ -0.074651343362322, 51.495444749469833 ], [ -0.074732506129408, 51.495427472944755 ], [ -0.074810265815278, 51.495410917444481 ], [ -0.07494533101057, 51.495382164594346 ], [ -0.075077545328906, 51.495354017642555 ], [ -0.075202043141934, 51.49532751360416 ], [ -0.075206433385784, 51.495326578504717 ], [ -0.07575817015064, 51.495192831867769 ], [ -0.076045489464137, 51.495123180573813 ], [ -0.076132460330895, 51.495102096416403 ], [ -0.076283514788859, 51.495065483927597 ], [ -0.076347359380221, 51.495042017383518 ], [ -0.076395664065414, 51.495024249005063 ], [ -0.0764477626921, 51.4950173072098 ], [ -0.076456510475255, 51.495004443614782 ], [ -0.076458159851904, 51.495002019251167 ], [ -0.076482389147073, 51.495012686587195 ], [ -0.076487354198674, 51.49501486337644 ], [ -0.076557100655406, 51.495040118372579 ], [ -0.076647928280399, 51.495073006075053 ], [ -0.076865709640764, 51.495151862241713 ], [ -0.076885877057331, 51.495159161611454 ], [ -0.076957337250214, 51.495185024530002 ], [ -0.077033713954699, 51.495211893418173 ], [ -0.077047910552812, 51.495216883487736 ], [ -0.077160232427827, 51.495256405768863 ], [ -0.077274883418634, 51.495296730537234 ], [ -0.077380292439198, 51.495333810097641 ], [ -0.077438313906081, 51.4953542131232 ], [ -0.077562730593315, 51.495400075474116 ], [ -0.077675750498578, 51.495441723832677 ], [ -0.077693674009564, 51.495448328898867 ], [ -0.077812282091503, 51.49548879000141 ], [ -0.077940781503559, 51.495532620005356 ], [ -0.078216081656866, 51.495626521190246 ], [ -0.078247588171278, 51.495637267022268 ], [ -0.078486025331284, 51.495714457167502 ], [ -0.078488573769411, 51.495715282214576 ], [ -0.078653412638219, 51.495768639697815 ], [ -0.078734123046389, 51.495794765615173 ], [ -0.078745053299318, 51.495798299076689 ], [ -0.078787488124866, 51.495816980165138 ], [ -0.078783316189942, 51.495824987303941 ], [ -0.078777426477288, 51.495836293616755 ], [ -0.078629300823366, 51.496120735394939 ], [ -0.078536720833661, 51.496298479881702 ], [ -0.078530750169343, 51.496310953912456 ], [ -0.078527931491918, 51.496316654092816 ], [ -0.078524319798975, 51.49632408137623 ], [ -0.078431548872394, 51.49651421916856 ], [ -0.078429956371332, 51.496517484418661 ], [ -0.078411203518326, 51.496555951152651 ], [ -0.0784105932984, 51.496557202835618 ], [ -0.078380272054473, 51.496592676862683 ], [ -0.078350721399065, 51.496610177957102 ], [ -0.078307151630315, 51.496618456425331 ], [ -0.078292376282762, 51.496627206963396 ], [ -0.078234787409644, 51.49662626278289 ], [ -0.078205992974282, 51.496625790682081 ], [ -0.078136756757715, 51.496624655486826 ], [ -0.078105212456792, 51.496624138273745 ], [ -0.077669949395735, 51.49666285032216 ], [ -0.077397213598769, 51.496491243671713 ], [ -0.077391311746714, 51.496487529972917 ], [ -0.077388098402606, 51.496485489862913 ], [ -0.077379137365964, 51.49648634107637 ], [ -0.077294958355808, 51.496498791172506 ], [ -0.077306555557098, 51.496514271817226 ], [ -0.077317615253933, 51.496529036812234 ], [ -0.077659451030657, 51.49698534339101 ], [ -0.077669915150931, 51.497039660501848 ], [ -0.077668780362149, 51.497066620213467 ], [ -0.077654004741098, 51.497075370658912 ], [ -0.077638319417969, 51.497078350807115 ], [ -0.077610434394026, 51.497083648843002 ], [ -0.077530361021967, 51.497091121470454 ], [ -0.077446107492803, 51.497098984109279 ], [ -0.077364544330222, 51.497106594055701 ], [ -0.077292898575362, 51.497114319865261 ], [ -0.077261684631549, 51.497117685518859 ], [ -0.07721981397995, 51.497122205479627 ], [ -0.077222912601099, 51.49713792171903 ], [ -0.07728988785567, 51.497477121631611 ], [ -0.077321916395665, 51.497639346051464 ], [ -0.077326690254258, 51.497663524988788 ], [ -0.077102485567478, 51.497685656223645 ], [ -0.077091012687711, 51.497686789939792 ], [ -0.077098781850515, 51.497607664112664 ], [ -0.076937443569216, 51.497498430333792 ], [ -0.076899714480091, 51.4973062248432 ], [ -0.076807401840833, 51.497278622190315 ], [ -0.076799269666812, 51.497272616479108 ], [ -0.076174358810816, 51.49681685960006 ] ] ] } },
{ "type": "Feature", "properties": { "lsoa21cd": "E01033872", "lsoa21nm": "Southwark 004I", "msoa21cd": "E02000810", "msoa21nm": "Southwark 004", "lad22cd": "E09000028", "lad22nm": "Southwark", "index_right": 249, "GSS_CODE": "E05011104", "risk_score": 0.00070827256910873889, "allocation_hours": 0.0090959579722881146, "patrol_units": 0 }, "geometry": { "type": "Polygon", "coordinates": [ [ [ -0.070216696392387, 51.494939064185125 ], [ -0.070165215598427, 51.494711464756577 ], [ -0.070206741757514, 51.494703128682524 ], [ -0.070339776379621, 51.494676425052937 ], [ -0.07036463664845, 51.494671438646726 ], [ -0.070358899550015, 51.49465208175765 ], [ -0.070345415815117, 51.494646608035296 ], [ -0.070335444703009, 51.494642559031448 ], [ -0.070338390887202, 51.494628407994675 ], [ -0.07034851640651, 51.494630166391381 ], [ -0.070352606469041, 51.494630881197203 ], [ -0.070380552332913, 51.494635720688414 ], [ -0.070448134760582, 51.494670807731886 ], [ -0.070505553427676, 51.494700610572394 ], [ -0.070581707294981, 51.494740146153944 ], [ -0.070631584195261, 51.494766029865531 ], [ -0.070680347362652, 51.494791337676695 ], [ -0.070783160214063, 51.494844702098824 ], [ -0.070845767189194, 51.494877198067279 ], [ -0.070874180771655, 51.49488665842 ], [ -0.07084404019007, 51.49490648598362 ], [ -0.07088660175814, 51.494949695122102 ], [ -0.070894150631213, 51.494948335552088 ], [ -0.070991284603276, 51.494930833465034 ], [ -0.071001100381193, 51.494926966246425 ], [ -0.071089970072997, 51.494891945104662 ], [ -0.071101720238742, 51.494888667258238 ], [ -0.071136081526684, 51.494879079869293 ], [ -0.071140221986966, 51.494875191193181 ], [ -0.071163834113987, 51.494853025925423 ], [ -0.071178476674918, 51.494841980970129 ], [ -0.071207730691826, 51.494820115360199 ], [ -0.071270158568171, 51.494783004322628 ], [ -0.071296316530646, 51.49477082688864 ], [ -0.07130098645691, 51.494771627641185 ], [ -0.071312460718092, 51.494771641073591 ], [ -0.071767285198465, 51.49476869200597 ], [ -0.07176699935987, 51.494774609027807 ], [ -0.071828768534891, 51.4947609354316 ], [ -0.071861562101219, 51.494753669142803 ], [ -0.072038311429869, 51.494714535206377 ], [ -0.07216090053056, 51.494693591997546 ], [ -0.072213784069922, 51.494661270375673 ], [ -0.072271789157035, 51.494626352213722 ], [ -0.072279873936891, 51.494619120106648 ], [ -0.072314323730231, 51.494588310925849 ], [ -0.072377069537015, 51.494532202812344 ], [ -0.072406257170006, 51.494487826935845 ], [ -0.072431775307857, 51.494468269155107 ], [ -0.072437942909358, 51.494467547736221 ], [ -0.072497588773432, 51.494457233619215 ], [ -0.072502551066938, 51.494456056229431 ], [ -0.072574656973793, 51.494438950592198 ], [ -0.072613307739417, 51.494429775006289 ], [ -0.072778525990081, 51.494377761532277 ], [ -0.072774991818313, 51.494373773595285 ], [ -0.07265911496619, 51.494243164176687 ], [ -0.072656543055682, 51.494240271187948 ], [ -0.072300227818664, 51.49409491670562 ], [ -0.072293571531553, 51.494092199348039 ], [ -0.072287143930458, 51.494062219731539 ], [ -0.072289512843291, 51.494055586066651 ], [ -0.072300441584142, 51.494025001585811 ], [ -0.072339650684376, 51.493957535259959 ], [ -0.072347265494504, 51.493951536415494 ], [ -0.072384356740466, 51.493922299400431 ], [ -0.07239059203441, 51.493918606990917 ], [ -0.072398053320699, 51.493914197335215 ], [ -0.07241390788747, 51.493904799825941 ], [ -0.072443079740779, 51.493896286758009 ], [ -0.072501423414492, 51.493879260598945 ], [ -0.072526069852308, 51.493879665851104 ], [ -0.072559008550487, 51.493880207441748 ], [ -0.072602576642929, 51.493871931038427 ], [ -0.072650233728752, 51.493861662507221 ], [ -0.072718898946885, 51.493846865277632 ], [ -0.072790243334543, 51.493817737136609 ], [ -0.072894789705109, 51.49377505413436 ], [ -0.072942914455941, 51.493755404732248 ], [ -0.07310001224428, 51.493691260898736 ], [ -0.073212190102973, 51.493661630125985 ], [ -0.073236621822774, 51.493655170223825 ], [ -0.073387697202496, 51.493615270389959 ], [ -0.073439896309435, 51.493601479070833 ], [ -0.073576024208461, 51.493565523953535 ], [ -0.073879963920956, 51.493381436559709 ], [ -0.073888612285757, 51.493376200987761 ], [ -0.073893771829252, 51.493373075346931 ], [ -0.073882810032327, 51.493365871892543 ], [ -0.073836714834773, 51.493335537323183 ], [ -0.073780051857142, 51.4932797774253 ], [ -0.073723983470827, 51.493242885089074 ], [ -0.073720451165587, 51.493240560871129 ], [ -0.073733306252345, 51.493232930418976 ], [ -0.073752773373257, 51.49322137985628 ], [ -0.073770556504772, 51.493210817801348 ], [ -0.073786973123711, 51.493201060623676 ], [ -0.073907440624683, 51.493120000863371 ], [ -0.073939943331766, 51.49307450094846 ], [ -0.073956110366058, 51.4930518710038 ], [ -0.073960255737576, 51.493049119881171 ], [ -0.073979205943381, 51.493053172216491 ], [ -0.074374536108215, 51.493137557504177 ], [ -0.074380542663132, 51.493141675934588 ], [ -0.074460170630128, 51.493196212063239 ], [ -0.074540661956446, 51.493191486524097 ], [ -0.074700242800549, 51.493218536367252 ], [ -0.074715590936888, 51.493221135549483 ], [ -0.074962190487717, 51.493318629138024 ], [ -0.075056931071895, 51.493325661470344 ], [ -0.074908682600588, 51.493431508926186 ], [ -0.074901493657568, 51.493436642644113 ], [ -0.074808654582148, 51.493503944123965 ], [ -0.074977884755609, 51.493600477315582 ], [ -0.075048528274667, 51.493549991912495 ], [ -0.075072781834736, 51.493561082571802 ], [ -0.07551703516751, 51.493655885274087 ], [ -0.07552322495232, 51.493663181105148 ], [ -0.075542667018877, 51.493686067631863 ], [ -0.075607891373965, 51.493847106236252 ], [ -0.075609063622983, 51.493850740572881 ], [ -0.075613318426856, 51.493863957847331 ], [ -0.075617572475886, 51.493877193094811 ], [ -0.075624714865854, 51.493905304831884 ], [ -0.075628362920804, 51.493925058880535 ], [ -0.075635269614588, 51.493996718722791 ], [ -0.07599635462298, 51.4940112968142 ], [ -0.076179377949135, 51.494018689108238 ], [ -0.076361695490802, 51.494080466811219 ], [ -0.076400395370254, 51.494093359015388 ], [ -0.076494320983946, 51.494124918134702 ], [ -0.076545338082626, 51.494160737139346 ], [ -0.076607759105737, 51.494204566950977 ], [ -0.076608367509274, 51.494212013956549 ], [ -0.076663675558729, 51.494253020207417 ], [ -0.076865740632175, 51.494402854672501 ], [ -0.076868673501299, 51.494398550286128 ], [ -0.077035265714599, 51.494153640216062 ], [ -0.077157854681446, 51.494144616995378 ], [ -0.077316309779724, 51.494132989485372 ], [ -0.077429998910966, 51.494210132676095 ], [ -0.07750384811374, 51.49442365432165 ], [ -0.07750517600753, 51.494427770510981 ], [ -0.077759376482955, 51.494669058098893 ], [ -0.07776928388744, 51.494678402190026 ], [ -0.077366577396814, 51.494817031133344 ], [ -0.077356095752668, 51.494820645173633 ], [ -0.077066608237108, 51.494772785315433 ], [ -0.077028193975522, 51.494766435744701 ], [ -0.077020081799184, 51.494765097635273 ], [ -0.076926669239775, 51.494810273656604 ], [ -0.076739383895294, 51.49472782178632 ], [ -0.076669196492395, 51.494802029624964 ], [ -0.076563878725235, 51.494908214809975 ], [ -0.076479537556734, 51.494970589597507 ], [ -0.076444920732315, 51.494996190512232 ], [ -0.076458159851904, 51.495002019251167 ], [ -0.076456510475255, 51.495004443614782 ], [ -0.0764477626921, 51.4950173072098 ], [ -0.076395664065414, 51.495024249005063 ], [ -0.076347359380221, 51.495042017383518 ], [ -0.076283514788859, 51.495065483927597 ], [ -0.076132460330895, 51.495102096416403 ], [ -0.076045489464137, 51.495123180573813 ], [ -0.07575817015064, 51.495192831867769 ], [ -0.075206433385784, 51.495326578504717 ], [ -0.075202043141934, 51.49532751360416 ], [ -0.075077545328906, 51.495354017642555 ], [ -0.07494533101057, 51.495382164594346 ], [ -0.074810265815278, 51.495410917444481 ], [ -0.074732506129408, 51.495427472944755 ], [ -0.074651343362322, 51.495444749469833 ], [ -0.074501378679132, 51.495476670875831 ], [ -0.074363274433492, 51.495506074709496 ], [ -0.073578993997055, 51.495673029705273 ], [ -0.073520108847427, 51.495685564559132 ], [ -0.073365730864159, 51.495722307591038 ], [ -0.07327270811282, 51.49574444751962 ], [ -0.073190433900172, 51.495760073448196 ], [ -0.073185568475726, 51.49576100065886 ], [ -0.073040841175791, 51.495776607049365 ], [ -0.0728241584651, 51.495790337814256 ], [ -0.072809713022538, 51.495791251386848 ], [ -0.072695838830397, 51.495798470773664 ], [ -0.072477465797096, 51.495812307990604 ], [ -0.072375835755908, 51.495818541363633 ], [ -0.07226683860876, 51.495825238018327 ], [ -0.072246356649992, 51.495826492889726 ], [ -0.071913805815781, 51.495854386368229 ], [ -0.071798155438363, 51.495864084634476 ], [ -0.071717563936438, 51.495866113181386 ], [ -0.071666076633864, 51.495867406448752 ], [ -0.071581822233939, 51.495869518527549 ], [ -0.071296781031034, 51.49590210368477 ], [ -0.071142031102681, 51.495919790972088 ], [ -0.071031702879976, 51.495932408765235 ], [ -0.070869338863896, 51.49595213763633 ], [ -0.07085962757553, 51.495944999442571 ], [ -0.070607875039347, 51.495759966901069 ], [ -0.07043096694407, 51.495745786967809 ], [ -0.070422058209332, 51.495718293399051 ], [ -0.070325712267104, 51.495421152025806 ], [ -0.070320928582067, 51.495410938459742 ], [ -0.070305851410306, 51.495378730063351 ], [ -0.070299496157848, 51.495365136333547 ], [ -0.070284250041226, 51.495340847756147 ], [ -0.070206140212006, 51.495246154280238 ], [ -0.07019245688323, 51.495188123689864 ], [ -0.070189560937675, 51.495175854882412 ], [ -0.070154629585009, 51.495114713706258 ], [ -0.070113289141662, 51.495038530066473 ], [ -0.070117838337192, 51.495036221887716 ], [ -0.070226237261708, 51.494981253314158 ], [ -0.070219961507785, 51.494953506319682 ], [ -0.070216696392387, 51.494939064185125 ] ] ] } },
{ "type": "Feature", "properties": { "lsoa21cd": "E01033885", "lsoa21nm": "Southwark 036A", "msoa21cd": "E02006942", "msoa21nm": "Southwark 036", "lad22cd": "E09000028", "lad22nm": "Southwark", "index_right": 249, "GSS_CODE": "E05011104", "risk_score": 3.2513808586149118, "allocation_hours": 41.755709499068303, "patrol_units": 21 }, "geometry": { "type": "Polygon", "coordinates": [ [ [ -0.078707782803616, 51.502847998670227 ], [ -0.078528860172698, 51.502730317892564 ], [ -0.078360766027362, 51.502829197692854 ], [ -0.078284522280986, 51.502874025383818 ], [ -0.078279208871756, 51.502877158555265 ], [ -0.078287949795297, 51.502895089524159 ], [ -0.078287193309237, 51.502913062596697 ], [ -0.078286058578664, 51.502940022205394 ], [ -0.078256125345049, 51.502966509578201 ], [ -0.078226948588638, 51.502975023871095 ], [ -0.078202829337758, 51.502979604036028 ], [ -0.078188731053471, 51.502982281995202 ], [ -0.078183358166882, 51.502983301792462 ], [ -0.078101008829854, 51.502981951343649 ], [ -0.07809134583377, 51.502987638155894 ], [ -0.078068178531177, 51.502981412942674 ], [ -0.077991572246088, 51.502969462437143 ], [ -0.077939341883237, 51.502961314519837 ], [ -0.077931476373595, 51.502959557833798 ], [ -0.077759653978926, 51.502921398222725 ], [ -0.077615677894199, 51.502889425314876 ], [ -0.077492370322372, 51.502862042158242 ], [ -0.07742581718735, 51.502847262521513 ], [ -0.077411127552909, 51.502843999976136 ], [ -0.077243364434353, 51.502806745233073 ], [ -0.077240717871919, 51.502806154154193 ], [ -0.077200202464093, 51.502796979598017 ], [ -0.077183327456208, 51.502793158690992 ], [ -0.077154196074864, 51.502786565663698 ], [ -0.077158029005679, 51.502781089026584 ], [ -0.07714633318523, 51.50277551047941 ], [ -0.077139176460734, 51.502783783278318 ], [ -0.077096977818891, 51.502776634110795 ], [ -0.077072940002271, 51.502770556289413 ], [ -0.076868862097806, 51.50271893457861 ], [ -0.076774184245794, 51.502700357645971 ], [ -0.076768825067337, 51.502699307475709 ], [ -0.076624118559484, 51.502649954608053 ], [ -0.076494782097332, 51.502605844802098 ], [ -0.076484724950569, 51.502602415371157 ], [ -0.076474184671503, 51.502598825133134 ], [ -0.076428146755113, 51.502583114578762 ], [ -0.076326609572, 51.502548489577762 ], [ -0.076214830902901, 51.502510369061568 ], [ -0.076259455190565, 51.502414798381722 ], [ -0.076356152231367, 51.502207763158978 ], [ -0.076373209611959, 51.502171235873497 ], [ -0.076401870583987, 51.502144179545766 ], [ -0.076059170669976, 51.501990938347696 ], [ -0.076027350583147, 51.501976702047273 ], [ -0.075980341012924, 51.501955687645214 ], [ -0.075964727499265, 51.501948713741221 ], [ -0.076069286714925, 51.501841825018957 ], [ -0.07614790140977, 51.501761461528524 ], [ -0.076258904524343, 51.501647978816877 ], [ -0.076163314470022, 51.501591607961068 ], [ -0.076061256848784, 51.501531434841297 ], [ -0.075818757628286, 51.50169760515837 ], [ -0.075634361949646, 51.501706645759263 ], [ -0.075334442601184, 51.501721351809948 ], [ -0.075371338194095, 51.501669179374368 ], [ -0.075397544768842, 51.501638485893068 ], [ -0.075431963792154, 51.501598233101689 ], [ -0.075477902711062, 51.501544473538594 ], [ -0.07549258919798, 51.501527286791521 ], [ -0.07568656221716, 51.501334745041973 ], [ -0.075701901461277, 51.50131950242239 ], [ -0.075646803093213, 51.501287015241985 ], [ -0.075505798542014, 51.501208765229592 ], [ -0.075513646952372, 51.501208867130352 ], [ -0.075523175314388, 51.501199877984092 ], [ -0.075525543062719, 51.501197646199167 ], [ -0.075531247914696, 51.501192267798771 ], [ -0.075524792719278, 51.501189194196428 ], [ -0.075278776768971, 51.50107202554112 ], [ -0.075224691898916, 51.501046272385025 ], [ -0.075181212075789, 51.501024614212092 ], [ -0.075110946263223, 51.500989638488335 ], [ -0.074935402891688, 51.500902241456714 ], [ -0.074779843472577, 51.500824785681985 ], [ -0.074774367860482, 51.500822060862241 ], [ -0.074778353642188, 51.500818566114276 ], [ -0.074779754051828, 51.500817338229808 ], [ -0.074727616793503, 51.500792428887614 ], [ -0.074690370489964, 51.500774633699884 ], [ -0.074685051554938, 51.500777590360975 ], [ -0.074606827560815, 51.500738643708623 ], [ -0.074589638806701, 51.500730088005589 ], [ -0.074552439578153, 51.500715313308206 ], [ -0.074539222060234, 51.500728072669659 ], [ -0.074404148925936, 51.500858433306789 ], [ -0.074393064601326, 51.500869123400257 ], [ -0.074161638321312, 51.500886804366729 ], [ -0.074030767738833, 51.500763440739838 ], [ -0.073994964138988, 51.500729929964095 ], [ -0.07391376238873, 51.500702840297315 ], [ -0.073851496401192, 51.500669191339924 ], [ -0.073794190455142, 51.500643521287977 ], [ -0.073838314458257, 51.500584784741179 ], [ -0.073904648683565, 51.500498420587263 ], [ -0.073907463765926, 51.500494226770243 ], [ -0.073904088759391, 51.500492907822128 ], [ -0.073745951425392, 51.500445893608237 ], [ -0.073687751151514, 51.500428588202873 ], [ -0.073668825330408, 51.500422962414831 ], [ -0.073386105989298, 51.500338909188024 ], [ -0.073340513554594, 51.500325354017704 ], [ -0.073139574197637, 51.500265612072091 ], [ -0.072952882992023, 51.500223334171856 ], [ -0.072925495320536, 51.500217128489247 ], [ -0.072912125125536, 51.500212673062641 ], [ -0.072869089273822, 51.500198291953261 ], [ -0.072825064520809, 51.500188224574316 ], [ -0.072698156522291, 51.500141448240001 ], [ -0.07266778653968, 51.500128071202866 ], [ -0.072655720241177, 51.500122764894577 ], [ -0.072546671779282, 51.5000724017344 ], [ -0.072513833996044, 51.500058029045057 ], [ -0.072471956552223, 51.500038808068815 ], [ -0.07225762005217, 51.499905346652362 ], [ -0.072145433356864, 51.499835489216125 ], [ -0.072052803583707, 51.499777805825673 ], [ -0.071858362881719, 51.499656730284656 ], [ -0.071807488755813, 51.499576557562513 ], [ -0.071806204042688, 51.499574532843965 ], [ -0.071767028114534, 51.49951278264799 ], [ -0.071698077904649, 51.499404122051168 ], [ -0.071700920151009, 51.499401983578068 ], [ -0.072068353080152, 51.499126285662555 ], [ -0.072249524228878, 51.499165065796475 ], [ -0.072307977915777, 51.499177681818601 ], [ -0.072491081514264, 51.499153625096596 ], [ -0.072999013086739, 51.499086878930228 ], [ -0.073064531704931, 51.499048163226576 ], [ -0.073069629216717, 51.499051646292756 ], [ -0.073259061040371, 51.499180811917761 ], [ -0.073197960180132, 51.499223413281307 ], [ -0.073116876958229, 51.499278266943833 ], [ -0.073094140397968, 51.499293648432939 ], [ -0.073024243346238, 51.49935143771404 ], [ -0.073019495629402, 51.499355370419941 ], [ -0.073013504975567, 51.499363491295441 ], [ -0.072999734798812, 51.499382176638775 ], [ -0.072973034271601, 51.499418594407587 ], [ -0.072958110996083, 51.499444288617312 ], [ -0.072954318551669, 51.499534153726557 ], [ -0.072955542558905, 51.499539632448915 ], [ -0.072965422519578, 51.499583769425954 ], [ -0.072990686966743, 51.499696612138763 ], [ -0.072968907764785, 51.499698520217386 ], [ -0.072987095530581, 51.499812100885713 ], [ -0.073011718830189, 51.499809717987944 ], [ -0.073177964497669, 51.499793575469148 ], [ -0.073186320346077, 51.499794621109437 ], [ -0.073472448055497, 51.499830583576994 ], [ -0.073476389040771, 51.499829038656287 ], [ -0.073535753864712, 51.499805743040724 ], [ -0.073581601611024, 51.499787962589266 ], [ -0.073639197220469, 51.499765618047633 ], [ -0.073662495395792, 51.499765614295427 ], [ -0.074073461981681, 51.499765560796725 ], [ -0.074105726583993, 51.499696783846517 ], [ -0.074177933939078, 51.499551739213409 ], [ -0.074307109777089, 51.499278926264857 ], [ -0.074331165581929, 51.499267442081852 ], [ -0.074367631383501, 51.499250037723812 ], [ -0.074251289444064, 51.499186768621598 ], [ -0.074327376081857, 51.499141715075325 ], [ -0.074354728222769, 51.499125518884838 ], [ -0.074471806821666, 51.499082478646862 ], [ -0.074593046594516, 51.499057710680205 ], [ -0.074677017044994, 51.499102351557198 ], [ -0.074846952091697, 51.49919376210967 ], [ -0.074988160974782, 51.499269727678218 ], [ -0.07521274647439, 51.499390546874501 ], [ -0.075799047251058, 51.4997059459646 ], [ -0.075819307287336, 51.499716836092851 ], [ -0.076100929262521, 51.499868329162958 ], [ -0.07621845192015, 51.49993154847062 ], [ -0.076257203477577, 51.499952395787204 ], [ -0.076329744502127, 51.499991422620099 ], [ -0.076387724896189, 51.500022611541283 ], [ -0.077018661895948, 51.500361994638631 ], [ -0.077130606761668, 51.500422681835602 ], [ -0.077246386376179, 51.500484489395539 ], [ -0.077444763438537, 51.500591205370071 ], [ -0.077758231764586, 51.500756894595945 ], [ -0.077886622021357, 51.500824755267878 ], [ -0.078073788372496, 51.50092368738779 ], [ -0.078214724294558, 51.500998174263593 ], [ -0.078496442552742, 51.501147064067474 ], [ -0.078500938916418, 51.501149439929534 ], [ -0.078543322832975, 51.501171843305578 ], [ -0.078786097862035, 51.501300157037477 ], [ -0.079024857202539, 51.501426345120379 ], [ -0.079142284916384, 51.501488413293444 ], [ -0.079364089238119, 51.501605644811207 ], [ -0.079481913115155, 51.501667907993053 ], [ -0.07957353330125, 51.501716335294233 ], [ -0.079483359015895, 51.501880520129632 ], [ -0.07948257310029, 51.501898519714288 ], [ -0.079468191089737, 51.501915352256468 ], [ -0.079421983314829, 51.501969441756692 ], [ -0.079441058012569, 51.501979781256395 ], [ -0.07940222359971, 51.502071985915805 ], [ -0.079311828930996, 51.50228659108538 ], [ -0.079276291725612, 51.502370963095807 ], [ -0.079235039272232, 51.50246891038946 ], [ -0.079052661464915, 51.502901871235494 ], [ -0.079049827718902, 51.502908605313088 ], [ -0.078970490040275, 51.503096979714492 ], [ -0.078940972698962, 51.503086090363574 ], [ -0.078910797000444, 51.503074958200536 ], [ -0.07887602010729, 51.503062122018413 ], [ -0.078887424183035, 51.503030807394914 ], [ -0.078874915547013, 51.502985638645072 ], [ -0.078833986575613, 51.502931011259705 ], [ -0.078707782803616, 51.502847998670227 ] ] ] } },
{ "type": "Feature", "properties": { "lsoa21cd": "E01003960", "lsoa21nm": "Southwark 012A", "msoa21cd": "E02000818", "msoa21nm": "Southwark 012", "lad22cd": "E09000028", "lad22nm": "Southwark", "index_right": 249, "GSS_CODE": "E05011104", "risk_score": 4.1126586146099537, "allocation_hours": 52.816629563861561, "patrol_units": 26 }, "geometry": { "type": "Polygon", "coordinates": [ [ [ -0.084758285169594, 51.493699949137969 ], [ -0.084660352339163, 51.493641839105429 ], [ -0.084539738927587, 51.493558816109513 ], [ -0.084535972594529, 51.493556218594115 ], [ -0.084528215995433, 51.49355086702608 ], [ -0.084398512653736, 51.493425284356377 ], [ -0.084390066384699, 51.49341710765863 ], [ -0.08429476504255, 51.49332482179242 ], [ -0.08419104703357, 51.493224385710121 ], [ -0.084129414241959, 51.493164709335169 ], [ -0.083989398914887, 51.493029120494931 ], [ -0.083979853657115, 51.493019878146157 ], [ -0.083978368209817, 51.493018440197282 ], [ -0.083957876647296, 51.492998600762398 ], [ -0.083945704848982, 51.492989023215038 ], [ -0.083855447002123, 51.492918657611227 ], [ -0.083589709290193, 51.492711732676 ], [ -0.083543594211432, 51.492675860074726 ], [ -0.083517328660958, 51.492655207652533 ], [ -0.083470391664139, 51.492618635436891 ], [ -0.083345531171205, 51.492521349441297 ], [ -0.083068636565579, 51.492305601633454 ], [ -0.083040512709788, 51.492283688511733 ], [ -0.082937389957006, 51.492203346609557 ], [ -0.08288014793797, 51.492158737073588 ], [ -0.082851557961648, 51.492136462089491 ], [ -0.082789042497624, 51.492087751121382 ], [ -0.082693990040603, 51.492013678972192 ], [ -0.082689484615119, 51.492010161059163 ], [ -0.08253340287261, 51.491888544095112 ], [ -0.082656890691796, 51.491833298827231 ], [ -0.082694749041106, 51.491814987342352 ], [ -0.082768226456251, 51.491781467987515 ], [ -0.082773542887702, 51.491779045953692 ], [ -0.08278899254538, 51.491772014484312 ], [ -0.082790377029678, 51.491767513767698 ], [ -0.082804470846702, 51.491760523072067 ], [ -0.083011141607395, 51.491657949186894 ], [ -0.083359166177804, 51.491485216132887 ], [ -0.08349614519883, 51.491417230222751 ], [ -0.083524464945963, 51.491403178884759 ], [ -0.083568776538328, 51.491381183077827 ], [ -0.083606339440655, 51.491411567662631 ], [ -0.08367403478022, 51.491467808878241 ], [ -0.083804163421123, 51.491575933611344 ], [ -0.083889565799733, 51.491646897496793 ], [ -0.083989367333793, 51.491707403366966 ], [ -0.08399703638333, 51.491712052964786 ], [ -0.084180383503597, 51.491823205291396 ], [ -0.084186008498809, 51.491826616442381 ], [ -0.084255662184918, 51.491868855204331 ], [ -0.084591993971727, 51.492072744555003 ], [ -0.084606042888058, 51.492081256420406 ], [ -0.084840927274001, 51.492226407192923 ], [ -0.085066212585022, 51.492365625376543 ], [ -0.08506942863524, 51.492367602354044 ], [ -0.084780738061307, 51.492542815492165 ], [ -0.084804269695749, 51.492562579454415 ], [ -0.084911579474628, 51.492575618522437 ], [ -0.085089420967939, 51.492597236659854 ], [ -0.085276211376264, 51.492718598735884 ], [ -0.085293609486636, 51.492729903490059 ], [ -0.085299050809541, 51.492733438376845 ], [ -0.085381993156015, 51.492726725973021 ], [ -0.08558902786102, 51.492703855825525 ], [ -0.085648149372444, 51.492697329913547 ], [ -0.085685124770056, 51.492728032440816 ], [ -0.085696679568377, 51.492737627539846 ], [ -0.085698934919015, 51.492736232698583 ], [ -0.085701412085037, 51.492734701190102 ], [ -0.085750053111285, 51.492704631822257 ], [ -0.0857866847876, 51.492682001311522 ], [ -0.085859210156118, 51.492637159866767 ], [ -0.085878790882345, 51.492625051391997 ], [ -0.086137049154767, 51.492465399300592 ], [ -0.086249518225551, 51.49239586773605 ], [ -0.086253447690156, 51.492393539771442 ], [ -0.086269017443947, 51.492384324415873 ], [ -0.086308622649198, 51.492360851983754 ], [ -0.086485876289798, 51.492255839553266 ], [ -0.086498181642028, 51.492248549322802 ], [ -0.086633613528944, 51.492168322013086 ], [ -0.086742395679474, 51.492103865192838 ], [ -0.087124695298816, 51.49187736926644 ], [ -0.087150620039214, 51.491862009855581 ], [ -0.087163683701816, 51.491879444052188 ], [ -0.087565555026123, 51.492273451482554 ], [ -0.087715994081702, 51.492213575515429 ], [ -0.087729823441833, 51.49220807260042 ], [ -0.088093927163052, 51.492063137632883 ], [ -0.088151558606634, 51.492040201441093 ], [ -0.088144689431947, 51.492033947409681 ], [ -0.087985072897495, 51.491888684191778 ], [ -0.087961772741324, 51.491867486093348 ], [ -0.087932991934508, 51.491841279598241 ], [ -0.087819088484846, 51.491737606518299 ], [ -0.087749119945772, 51.491673930059001 ], [ -0.087731832900273, 51.49165775798815 ], [ -0.08767999874799, 51.49160928716325 ], [ -0.087671985998595, 51.4916017914409 ], [ -0.0876926001839, 51.491596974743587 ], [ -0.088118555820444, 51.491499558987833 ], [ -0.088129317276717, 51.491505399861616 ], [ -0.08815660096647, 51.491520215070615 ], [ -0.088160921552438, 51.491520240543522 ], [ -0.088176734408445, 51.491520345455541 ], [ -0.088199013935928, 51.491520483844759 ], [ -0.088410051703076, 51.491553959815263 ], [ -0.0884171704728, 51.491553212550201 ], [ -0.088587458695788, 51.491535286880698 ], [ -0.088593272382994, 51.491527683845796 ], [ -0.088597026124111, 51.491515946543245 ], [ -0.088638805332741, 51.49138532438738 ], [ -0.088640445482805, 51.491380207267937 ], [ -0.088650882913367, 51.491362796561006 ], [ -0.088657370953449, 51.491351985110356 ], [ -0.088688250628572, 51.491278406142378 ], [ -0.088703684446054, 51.491275860938792 ], [ -0.088989398977803, 51.491228727926149 ], [ -0.088999538160796, 51.491227058628766 ], [ -0.089106527234854, 51.491247039304561 ], [ -0.08918907423986, 51.491262448995336 ], [ -0.089186760124962, 51.491270594688757 ], [ -0.08914689762838, 51.491413469400634 ], [ -0.089166044585636, 51.491508340108282 ], [ -0.089167378150867, 51.491512966123352 ], [ -0.089170227162187, 51.491516834462054 ], [ -0.089257258491018, 51.491635005331339 ], [ -0.089347738098705, 51.491692414372864 ], [ -0.089369298595206, 51.491708030828129 ], [ -0.089375027167241, 51.491708146640839 ], [ -0.08938294546584, 51.491707915936821 ], [ -0.089396845976914, 51.491710003902504 ], [ -0.089428130435235, 51.49171217724129 ], [ -0.089447723046452, 51.491713530602084 ], [ -0.089557767447828, 51.491727652394793 ], [ -0.089592384996613, 51.491738656906627 ], [ -0.089580117766441, 51.491778825501711 ], [ -0.089578436651791, 51.491783546285049 ], [ -0.089490652681493, 51.491946107915147 ], [ -0.089479411213011, 51.491966904852525 ], [ -0.089478156036968, 51.49196987898825 ], [ -0.089628199381248, 51.492059103265234 ], [ -0.089634869698694, 51.492057368411309 ], [ -0.089675371164241, 51.492046859178764 ], [ -0.089763758760421, 51.492023901620968 ], [ -0.089767632758802, 51.492022894586974 ], [ -0.089772969002578, 51.492021713530526 ], [ -0.08978264230107, 51.492018269501358 ], [ -0.089802564226635, 51.491981935077874 ], [ -0.089809890532269, 51.491973466340916 ], [ -0.08981801963014, 51.491964057448747 ], [ -0.089828400795489, 51.491946951478127 ], [ -0.089833891813638, 51.491937931266953 ], [ -0.089834916946706, 51.491934773525763 ], [ -0.089842450899452, 51.491911685966734 ], [ -0.08985120440372, 51.491899400571796 ], [ -0.089902429937179, 51.491828935950991 ], [ -0.089957647952765, 51.491808050384925 ], [ -0.089965006461718, 51.491807082111769 ], [ -0.090150270717511, 51.491782752446056 ], [ -0.090179377997649, 51.491785663502988 ], [ -0.09030319620628, 51.491798021504742 ], [ -0.090320167098237, 51.491799718714446 ], [ -0.090603004866305, 51.491811306984332 ], [ -0.090636697987276, 51.491805655062407 ], [ -0.090646708000364, 51.491810871960148 ], [ -0.090681490920961, 51.491803443716492 ], [ -0.090725950449042, 51.491792144255058 ], [ -0.090908125284432, 51.491984011576776 ], [ -0.090988295889122, 51.492068427569777 ], [ -0.091066452051396, 51.492149690232452 ], [ -0.091084938021598, 51.492168920860038 ], [ -0.091102369534765, 51.492192181130463 ], [ -0.091166807525132, 51.49227816699333 ], [ -0.091193314373466, 51.492317807045595 ], [ -0.091203279568093, 51.492332717436391 ], [ -0.091252360419612, 51.492406142140865 ], [ -0.09125259005226, 51.492415471411626 ], [ -0.091247263173116, 51.492442974620225 ], [ -0.091255238361988, 51.492453796863522 ], [ -0.091294865268997, 51.492469738576823 ], [ -0.091313088160081, 51.492496986584896 ], [ -0.091343065863202, 51.492541826969173 ], [ -0.091300300084117, 51.492553082368481 ], [ -0.091080249408892, 51.492611038435122 ], [ -0.091068742085261, 51.492614070546928 ], [ -0.091193027553253, 51.492707694199964 ], [ -0.091184967945281, 51.492763705064412 ], [ -0.09119900900887, 51.492759680009051 ], [ -0.091297731592778, 51.492913471951454 ], [ -0.091331830653612, 51.492966562855749 ], [ -0.091176156350668, 51.493020773685011 ], [ -0.091118663053788, 51.493074702948668 ], [ -0.091109935911689, 51.493086872038859 ], [ -0.091101032317871, 51.493099299047515 ], [ -0.091098816811714, 51.493104397873751 ], [ -0.091095821533676, 51.493111264581692 ], [ -0.091100785227061, 51.493115554006415 ], [ -0.091106836027068, 51.493122442059182 ], [ -0.091111388242814, 51.493127615072865 ], [ -0.091141541609545, 51.493181356735001 ], [ -0.091144240172162, 51.493190209105336 ], [ -0.091147761631237, 51.493196606346267 ], [ -0.091161968406157, 51.493222404111719 ], [ -0.091162575183848, 51.493225120820419 ], [ -0.091166762289743, 51.49324385802224 ], [ -0.091172707142062, 51.493270519510965 ], [ -0.091173423959812, 51.493273705636149 ], [ -0.091183349418483, 51.493290261058867 ], [ -0.091189904920866, 51.49331161774149 ], [ -0.091190912420815, 51.493315087374505 ], [ -0.091203066463825, 51.493356741997687 ], [ -0.091205499885953, 51.493360045990293 ], [ -0.091211171425158, 51.49336773721565 ], [ -0.091223448080319, 51.493399735566108 ], [ -0.091231191619009, 51.493419897554226 ], [ -0.091277451280788, 51.493484328466579 ], [ -0.091268028108156, 51.493491778510275 ], [ -0.091167254274129, 51.493571487169689 ], [ -0.091118349798668, 51.493610165059344 ], [ -0.091012301478088, 51.493694041333796 ], [ -0.091023311959674, 51.49369911264079 ], [ -0.091113255154772, 51.493732078436814 ], [ -0.091119186100342, 51.49373425230992 ], [ -0.091198531503604, 51.493753996990364 ], [ -0.091218367638446, 51.493756783869692 ], [ -0.091226338121663, 51.493757898307607 ], [ -0.091256063725037, 51.49376207365632 ], [ -0.091266419008813, 51.493763519171395 ], [ -0.091274095306739, 51.493764606336015 ], [ -0.091356143863284, 51.493766894918885 ], [ -0.091361597476493, 51.493767046624392 ], [ -0.091367016784903, 51.493766640217885 ], [ -0.091483872650365, 51.493757849509841 ], [ -0.091507679762924, 51.493753173990939 ], [ -0.091522052715496, 51.493748452856195 ], [ -0.091665752536642, 51.493701258916225 ], [ -0.091698690208969, 51.493690445967431 ], [ -0.091722789788179, 51.493777393774977 ], [ -0.091761073119419, 51.493915534538743 ], [ -0.091771715384796, 51.494005635660933 ], [ -0.091778173753972, 51.49407622627961 ], [ -0.09178160684656, 51.494113710155567 ], [ -0.091789553110051, 51.494114199160578 ], [ -0.091806726463283, 51.49417142096749 ], [ -0.091689379768314, 51.494173315543414 ], [ -0.091680167234787, 51.49417348038692 ], [ -0.091641561097014, 51.494174102186953 ], [ -0.09152516531572, 51.494175994086447 ], [ -0.091434761795647, 51.494177463546357 ], [ -0.09141875985166, 51.494177724713168 ], [ -0.091367640610152, 51.494178547459335 ], [ -0.091359755185783, 51.494178670926111 ], [ -0.091345036035777, 51.494178916988567 ], [ -0.091295401514196, 51.494179718902622 ], [ -0.091251114869068, 51.494180445964702 ], [ -0.091238529411138, 51.494180654798264 ], [ -0.091209740455901, 51.494181121488346 ], [ -0.091183128758363, 51.494181542673424 ], [ -0.091134099638898, 51.494182336387183 ], [ -0.091061557456274, 51.4941835207389 ], [ -0.091036732806199, 51.494183926014692 ], [ -0.090957458795716, 51.494185207560143 ], [ -0.090937146647617, 51.494185533391693 ], [ -0.090772586618288, 51.494188205256002 ], [ -0.090525869108295, 51.494192210118406 ], [ -0.090304841147806, 51.494195796451734 ], [ -0.090041386652549, 51.494200067324414 ], [ -0.090030776519403, 51.494200236255764 ], [ -0.08985674511418, 51.494203058340517 ], [ -0.089382533944612, 51.494210747384152 ], [ -0.089077847041787, 51.494212464854975 ], [ -0.089042449241414, 51.494212670450636 ], [ -0.088999875574517, 51.494212911984931 ], [ -0.088933183221511, 51.494213177751917 ], [ -0.088911659146621, 51.494213407944521 ], [ -0.088896384907396, 51.494213491776669 ], [ -0.088824480397116, 51.494213893769533 ], [ -0.088776020857447, 51.494214156211505 ], [ -0.088770833216791, 51.49421418857689 ], [ -0.088711134227678, 51.494214510631821 ], [ -0.088702430448423, 51.494214566626283 ], [ -0.088678308464548, 51.494214704077599 ], [ -0.088574515093618, 51.494215287644685 ], [ -0.088560091001893, 51.49421536730339 ], [ -0.088464114895101, 51.494215907318477 ], [ -0.088446556924984, 51.494215998832892 ], [ -0.088403630166493, 51.494216243388244 ], [ -0.08836292235435, 51.494216479133037 ], [ -0.088347922025204, 51.494216558365657 ], [ -0.088339766066236, 51.494216605277231 ], [ -0.088310197679988, 51.494216761788131 ], [ -0.088223335653323, 51.494217252328887 ], [ -0.088208047017415, 51.494217335836645 ], [ -0.088102077888837, 51.49421792848144 ], [ -0.087759904552389, 51.494219840756024 ], [ -0.087586584352428, 51.494220809557582 ], [ -0.08757407687978, 51.494220875384762 ], [ -0.087342252977064, 51.494222175769728 ], [ -0.087289628701456, 51.494222468596064 ], [ -0.086835261286297, 51.494225003348134 ], [ -0.086805937640476, 51.494225163472144 ], [ -0.086710386604569, 51.494225699993031 ], [ -0.086650188488286, 51.494216957095233 ], [ -0.086437360541592, 51.494186074575872 ], [ -0.086354931063687, 51.494174055111685 ], [ -0.086331827169815, 51.494170764445357 ], [ -0.086241190598284, 51.494160598392199 ], [ -0.086232128157185, 51.494159587198538 ], [ -0.086024199016635, 51.494136265880798 ], [ -0.085958596715614, 51.494128912845142 ], [ -0.085949149055592, 51.494127846781169 ], [ -0.085727363126491, 51.494091762795776 ], [ -0.0856661211149, 51.494076311694265 ], [ -0.085592833528943, 51.494057813208634 ], [ -0.085547341958953, 51.494043635338329 ], [ -0.085451509605633, 51.494013770522301 ], [ -0.085439096611305, 51.494009521112218 ], [ -0.085345287693309, 51.493977441036272 ], [ -0.085299640228468, 51.493961830664595 ], [ -0.085293888403825, 51.493959857259668 ], [ -0.085282739204625, 51.493956046631716 ], [ -0.085276974715861, 51.493953550536617 ], [ -0.085199896526489, 51.493919087017424 ], [ -0.0851723776157, 51.493906785175582 ], [ -0.084916061653635, 51.493781700461504 ], [ -0.084803545702977, 51.49372680463879 ], [ -0.084758285169594, 51.493699949137969 ] ] ] } },
{ "type": "Feature", "properties": { "lsoa21cd": "E01003976", "lsoa21nm": "Southwark 036D", "msoa21cd": "E02006942", "msoa21nm": "Southwark 036", "lad22cd": "E09000028", "lad22nm": "Southwark", "index_right": 249, "GSS_CODE": "E05011104", "risk_score": 3.783318057788108, "allocation_hours": 48.587088573461365, "patrol_units": 24 }, "geometry": { "type": "Polygon", "coordinates": [ [ [ -0.077018661895948, 51.500361994638631 ], [ -0.076387724896189, 51.500022611541283 ], [ -0.076329744502127, 51.499991422620099 ], [ -0.076257203477577, 51.499952395787204 ], [ -0.07621845192015, 51.49993154847062 ], [ -0.076100929262521, 51.499868329162958 ], [ -0.075819307287336, 51.499716836092851 ], [ -0.075799047251058, 51.4997059459646 ], [ -0.07521274647439, 51.499390546874501 ], [ -0.074988160974782, 51.499269727678218 ], [ -0.074846952091697, 51.49919376210967 ], [ -0.074677017044994, 51.499102351557198 ], [ -0.074593046594516, 51.499057710680205 ], [ -0.074653009562026, 51.499046058209082 ], [ -0.075009456846214, 51.498974404574959 ], [ -0.074587370150107, 51.498733659697209 ], [ -0.07453332957091, 51.498696337770667 ], [ -0.075072772151473, 51.498518450466086 ], [ -0.075080377196193, 51.498515940488765 ], [ -0.075166819731391, 51.498454509743148 ], [ -0.075172210139478, 51.49845070440292 ], [ -0.075168966314504, 51.498437081056977 ], [ -0.075156703225669, 51.498385584965042 ], [ -0.075140849910776, 51.498349056811612 ], [ -0.075066051726121, 51.49822619233337 ], [ -0.075061959339749, 51.498223130533752 ], [ -0.074954510622214, 51.498142724137494 ], [ -0.074940767222863, 51.498133802413854 ], [ -0.074888261372689, 51.498099729769478 ], [ -0.074891562968624, 51.498096942285855 ], [ -0.074918957409409, 51.498073912137578 ], [ -0.074928415092979, 51.49806453515108 ], [ -0.074986538466915, 51.498022423458053 ], [ -0.075132879440821, 51.497916392161876 ], [ -0.075137917424954, 51.497912742903289 ], [ -0.075142908814115, 51.497909857263828 ], [ -0.075187950744185, 51.497892674386399 ], [ -0.075199211126639, 51.49788838091073 ], [ -0.075236132483857, 51.497877908147807 ], [ -0.075264873373804, 51.497869756061512 ], [ -0.07529385644151, 51.49786713849263 ], [ -0.075352445072384, 51.497861832620075 ], [ -0.07540232695297, 51.497857318998058 ], [ -0.075469100951732, 51.497851284167133 ], [ -0.07552219346538, 51.497846481486157 ], [ -0.075575966441766, 51.497841600025559 ], [ -0.075605052782981, 51.497833111800489 ], [ -0.075661443081582, 51.497829028664682 ], [ -0.075706214546062, 51.497825779922763 ], [ -0.075746576145136, 51.4978211907858 ], [ -0.075867225938312, 51.497807488091212 ], [ -0.075939436341585, 51.497799285050348 ], [ -0.076012254825053, 51.497791011011088 ], [ -0.076083900643302, 51.497782870554289 ], [ -0.076156415212276, 51.497774627406535 ], [ -0.076176928626954, 51.497772302249423 ], [ -0.076222863482462, 51.497767085001882 ], [ -0.07633231507846, 51.497712757551277 ], [ -0.076121006880912, 51.49747388569098 ], [ -0.076169928506146, 51.497391262787723 ], [ -0.076177578802809, 51.497389895556253 ], [ -0.076346814599215, 51.497359642737692 ], [ -0.076397326097476, 51.497350426797993 ], [ -0.076807401840833, 51.497278622190315 ], [ -0.076899714480091, 51.4973062248432 ], [ -0.076937443569216, 51.497498430333792 ], [ -0.077098781850515, 51.497607664112664 ], [ -0.077091012687711, 51.497686789939792 ], [ -0.077102485567478, 51.497685656223645 ], [ -0.077326690254258, 51.497663524988788 ], [ -0.077321916395665, 51.497639346051464 ], [ -0.07728988785567, 51.497477121631611 ], [ -0.077222912601099, 51.49713792171903 ], [ -0.07721981397995, 51.497122205479627 ], [ -0.077261684631549, 51.497117685518859 ], [ -0.077292898575362, 51.497114319865261 ], [ -0.077364544330222, 51.497106594055701 ], [ -0.077446107492803, 51.497098984109279 ], [ -0.077530361021967, 51.497091121470454 ], [ -0.077610434394026, 51.497083648843002 ], [ -0.077638319417969, 51.497078350807115 ], [ -0.077654004741098, 51.497075370658912 ], [ -0.077668780362149, 51.497066620213467 ], [ -0.077669915150931, 51.497039660501848 ], [ -0.077659451030657, 51.49698534339101 ], [ -0.077317615253933, 51.496529036812234 ], [ -0.077306555557098, 51.496514271817226 ], [ -0.077294958355808, 51.496498791172506 ], [ -0.077379137365964, 51.49648634107637 ], [ -0.077388098402606, 51.496485489862913 ], [ -0.077391311746714, 51.496487529972917 ], [ -0.077397213598769, 51.496491243671713 ], [ -0.077669949395735, 51.49666285032216 ], [ -0.078105212456792, 51.496624138273745 ], [ -0.078136756757715, 51.496624655486826 ], [ -0.078205992974282, 51.496625790682081 ], [ -0.078234787409644, 51.49662626278289 ], [ -0.078292376282762, 51.496627206963396 ], [ -0.078307151630315, 51.496618456425331 ], [ -0.078350721399065, 51.496610177957102 ], [ -0.078380272054473, 51.496592676862683 ], [ -0.0784105932984, 51.496557202835618 ], [ -0.078411203518326, 51.496555951152651 ], [ -0.078429956371332, 51.496517484418661 ], [ -0.078431548872394, 51.49651421916856 ], [ -0.078524319798975, 51.49632408137623 ], [ -0.078527931491918, 51.496316654092816 ], [ -0.078530750169343, 51.496310953912456 ], [ -0.078536720833661, 51.496298479881702 ], [ -0.078629300823366, 51.496120735394939 ], [ -0.078777426477288, 51.495836293616755 ], [ -0.078783316189942, 51.495824987303941 ], [ -0.078787488124866, 51.495816980165138 ], [ -0.078816419235431, 51.495825835622668 ], [ -0.078818853035353, 51.49582140610007 ], [ -0.07884834333621, 51.495829982946049 ], [ -0.078849389577386, 51.495835935329794 ], [ -0.078983945978422, 51.495877133303118 ], [ -0.079345272970589, 51.495987748394114 ], [ -0.079470229065635, 51.496026009753685 ], [ -0.079510202183899, 51.496038148475471 ], [ -0.079538368614174, 51.496046694471218 ], [ -0.079669382958997, 51.496086502723394 ], [ -0.079783185644991, 51.496121064857505 ], [ -0.079991013223306, 51.496188758731542 ], [ -0.080367955595055, 51.496311533029292 ], [ -0.080406173190201, 51.496323975440625 ], [ -0.080422744588274, 51.496329381707938 ], [ -0.08084506691659, 51.496448153996553 ], [ -0.080864146734976, 51.496453524835729 ], [ -0.080977738683167, 51.49648491694245 ], [ -0.081011733626151, 51.496494313416655 ], [ -0.081348366295867, 51.496587342050397 ], [ -0.081338493194462, 51.496602189411455 ], [ -0.08130896514155, 51.496646616075822 ], [ -0.081271472218336, 51.496702989671107 ], [ -0.081196465486914, 51.4967737041611 ], [ -0.081165028012809, 51.496836139065763 ], [ -0.08114874290115, 51.496880836430684 ], [ -0.081173419188077, 51.496989518116109 ], [ -0.081108950929244, 51.497017981554954 ], [ -0.080885675509181, 51.497114811510677 ], [ -0.080859275751597, 51.497126258737843 ], [ -0.080854652961553, 51.497128269374628 ], [ -0.080840022707015, 51.497134603556724 ], [ -0.080719282082731, 51.497186547314058 ], [ -0.080699186405977, 51.49719522902943 ], [ -0.08060153107338, 51.497239681980346 ], [ -0.08055245707864, 51.497262025792047 ], [ -0.080395174614787, 51.497333604552431 ], [ -0.080360054507628, 51.497349594085385 ], [ -0.080230599154442, 51.49741277944841 ], [ -0.080151728198168, 51.497451280685183 ], [ -0.080136651165394, 51.497458641626302 ], [ -0.080116342754639, 51.497467751404528 ], [ -0.079982800851562, 51.497527713069857 ], [ -0.079976706492909, 51.497530454957918 ], [ -0.079962609447607, 51.497536779772503 ], [ -0.079952183186521, 51.497541465081198 ], [ -0.079891659089101, 51.497598998646083 ], [ -0.079865861989733, 51.497623513030945 ], [ -0.079862060760318, 51.49762756945421 ], [ -0.079831071258743, 51.497660442992391 ], [ -0.07982589901261, 51.497665924792017 ], [ -0.079789420046089, 51.497704010532054 ], [ -0.079782996184451, 51.497711435848608 ], [ -0.079775273460128, 51.49772172297218 ], [ -0.079770618458065, 51.497727923672912 ], [ -0.079732771883835, 51.497778247748549 ], [ -0.079717388131617, 51.497798724077306 ], [ -0.079713695330583, 51.497803627593001 ], [ -0.079696876943571, 51.497826013862642 ], [ -0.079681844330393, 51.49784601932113 ], [ -0.079618585607439, 51.497979874633387 ], [ -0.079587316607957, 51.498038229061635 ], [ -0.079446606210897, 51.498300796876393 ], [ -0.079442974087475, 51.498310422586023 ], [ -0.079409303084999, 51.498399501897723 ], [ -0.079378452366838, 51.498481127430949 ], [ -0.07936554682776, 51.498515295352384 ], [ -0.079335257620068, 51.498602064947924 ], [ -0.079329736567959, 51.498617891695147 ], [ -0.079300018418978, 51.498703069919856 ], [ -0.079275601825669, 51.498753658853424 ], [ -0.079089634834255, 51.499139126151285 ], [ -0.079063259642693, 51.499193792624098 ], [ -0.07902899737625, 51.499268806374751 ], [ -0.078950394792815, 51.499440907785427 ], [ -0.078974201215057, 51.499451765586166 ], [ -0.07909067355238, 51.499504915448554 ], [ -0.079122669504579, 51.499519509053037 ], [ -0.079167634703239, 51.499540016626575 ], [ -0.079256173012902, 51.49958042438017 ], [ -0.079382457711566, 51.499638033326463 ], [ -0.079950720933326, 51.499897280697475 ], [ -0.08008589355881, 51.499883694790789 ], [ -0.080129282314103, 51.499914747207001 ], [ -0.080151605747629, 51.499930733353324 ], [ -0.080304557177587, 51.500040216907223 ], [ -0.080468358590985, 51.500156217898123 ], [ -0.08053531635423, 51.50020380723911 ], [ -0.080554556448474, 51.500288357765065 ], [ -0.080475115188272, 51.500349771446679 ], [ -0.080421166327402, 51.500391478558399 ], [ -0.080295577329894, 51.500383045590802 ], [ -0.080137950057645, 51.500362477981312 ], [ -0.080026804878944, 51.50034569952566 ], [ -0.080009522316293, 51.500343089064401 ], [ -0.079937505497937, 51.500332215911875 ], [ -0.079836597792189, 51.500309367607166 ], [ -0.079767998645893, 51.500293836331956 ], [ -0.079509710096091, 51.500226285966917 ], [ -0.079495845256948, 51.500222305181943 ], [ -0.079410055247011, 51.500197674580264 ], [ -0.079375081585288, 51.500197101445323 ], [ -0.079338063355081, 51.500196494793457 ], [ -0.079302694654897, 51.500197434942592 ], [ -0.07929147533692, 51.500197733088513 ], [ -0.078919754371118, 51.500207624320353 ], [ -0.078810557078904, 51.500205834345593 ], [ -0.078761372226348, 51.500205028068585 ], [ -0.078747638134731, 51.500201331713448 ], [ -0.078701061182887, 51.500188813706274 ], [ -0.078696077529201, 51.500187473917336 ], [ -0.078685705543808, 51.500184686985676 ], [ -0.078618900939593, 51.500166721350737 ], [ -0.078590482336081, 51.500157262672474 ], [ -0.078556053657977, 51.500144799888794 ], [ -0.078526078465231, 51.500133949673291 ], [ -0.078368187570535, 51.50007705808747 ], [ -0.078342037379288, 51.500076867627243 ], [ -0.07807136899246, 51.500114056843209 ], [ -0.078036495249492, 51.500118848238621 ], [ -0.077584260661555, 51.500180977597068 ], [ -0.077433422130322, 51.500201703736778 ], [ -0.077276548933935, 51.500223258729761 ], [ -0.077205470713654, 51.500233024230788 ], [ -0.077172582234289, 51.500237542180955 ], [ -0.077054580582832, 51.500332943826429 ], [ -0.077018661895948, 51.500361994638631 ] ] ] } },
{ "type": "Feature", "properties": { "lsoa21cd": "E01003979", "lsoa21nm": "Southwark 006E", "msoa21cd": "E02000812", "msoa21nm": "Southwark 006", "lad22cd": "E09000028", "lad22nm": "Southwark", "index_right": 249, "GSS_CODE": "E05011104", "risk_score": 4.0335487878699663, "allocation_hours": 51.800665243617729, "patrol_units": 26 }, "geometry": { "type": "Polygon", "coordinates": [ [ [ -0.07884834333621, 51.495829982946049 ], [ -0.078818853035353, 51.49582140610007 ], [ -0.078816419235431, 51.495825835622668 ], [ -0.078787488124866, 51.495816980165138 ], [ -0.078745053299318, 51.495798299076689 ], [ -0.078734123046389, 51.495794765615173 ], [ -0.078653412638219, 51.495768639697815 ], [ -0.078488573769411, 51.495715282214576 ], [ -0.078486025331284, 51.495714457167502 ], [ -0.078247588171278, 51.495637267022268 ], [ -0.078216081656866, 51.495626521190246 ], [ -0.077940781503559, 51.495532620005356 ], [ -0.077812282091503, 51.49548879000141 ], [ -0.077693674009564, 51.495448328898867 ], [ -0.077675750498578, 51.495441723832677 ], [ -0.077562730593315, 51.495400075474116 ], [ -0.077438313906081, 51.4953542131232 ], [ -0.077380292439198, 51.495333810097641 ], [ -0.077274883418634, 51.495296730537234 ], [ -0.077160232427827, 51.495256405768863 ], [ -0.077047910552812, 51.495216883487736 ], [ -0.077033713954699, 51.495211893418173 ], [ -0.076957337250214, 51.495185024530002 ], [ -0.076885877057331, 51.495159161611454 ], [ -0.076865709640764, 51.495151862241713 ], [ -0.076647928280399, 51.495073006075053 ], [ -0.076557100655406, 51.495040118372579 ], [ -0.076487354198674, 51.49501486337644 ], [ -0.076482389147073, 51.495012686587195 ], [ -0.076458159851904, 51.495002019251167 ], [ -0.076444920732315, 51.494996190512232 ], [ -0.076479537556734, 51.494970589597507 ], [ -0.076563878725235, 51.494908214809975 ], [ -0.076669196492395, 51.494802029624964 ], [ -0.076739383895294, 51.49472782178632 ], [ -0.076926669239775, 51.494810273656604 ], [ -0.077020081799184, 51.494765097635273 ], [ -0.077028193975522, 51.494766435744701 ], [ -0.077066608237108, 51.494772785315433 ], [ -0.077356095752668, 51.494820645173633 ], [ -0.077366577396814, 51.494817031133344 ], [ -0.07776928388744, 51.494678402190026 ], [ -0.077759376482955, 51.494669058098893 ], [ -0.07750517600753, 51.494427770510981 ], [ -0.07750384811374, 51.49442365432165 ], [ -0.077429998910966, 51.494210132676095 ], [ -0.077856905455068, 51.494145029452099 ], [ -0.077946961074171, 51.494131299290025 ], [ -0.07801714939939, 51.494124437541828 ], [ -0.078027998891657, 51.494123374424355 ], [ -0.078094723929341, 51.494123838918512 ], [ -0.078161694464661, 51.494124289414003 ], [ -0.078248236532113, 51.494124898856249 ], [ -0.078254126205489, 51.494125301165276 ], [ -0.078360259676004, 51.494132445713682 ], [ -0.078443896406195, 51.494138079314034 ], [ -0.078567845836852, 51.494149103838303 ], [ -0.078572467119357, 51.494149521312195 ], [ -0.078929232106267, 51.494143552033975 ], [ -0.079082177179149, 51.494143378561859 ], [ -0.079151338716401, 51.494147911149867 ], [ -0.07932921396613, 51.494159557710361 ], [ -0.079485876145159, 51.493972304703611 ], [ -0.079491341702039, 51.49396771799735 ], [ -0.079500898469975, 51.49395970911592 ], [ -0.079555015662677, 51.493914309830224 ], [ -0.07950333075207, 51.493868283317198 ], [ -0.079377920327413, 51.493767307983909 ], [ -0.079154381985096, 51.493601775150438 ], [ -0.078384138472408, 51.493076562890721 ], [ -0.078356102462233, 51.493058117751161 ], [ -0.078259958481351, 51.493004320596185 ], [ -0.078428104359813, 51.49292489186422 ], [ -0.07914775952258, 51.492584924117352 ], [ -0.079337669221716, 51.49249522112158 ], [ -0.079470546565695, 51.492403783121439 ], [ -0.079475738898687, 51.492400208119101 ], [ -0.079606107973712, 51.492310509430482 ], [ -0.079785135227441, 51.492187318082848 ], [ -0.079805073541817, 51.492173588947274 ], [ -0.07983328649758, 51.492187827998357 ], [ -0.079971586545745, 51.492257620050232 ], [ -0.079985876397338, 51.49226483249749 ], [ -0.080468081471125, 51.492508187418281 ], [ -0.080485614340296, 51.492515362981749 ], [ -0.080528851350096, 51.49253306731471 ], [ -0.080640930777936, 51.492578958103515 ], [ -0.080765487111506, 51.492629963124664 ], [ -0.080907558885374, 51.492677252961492 ], [ -0.081163666345974, 51.492753387645742 ], [ -0.081194588080214, 51.49276077326693 ], [ -0.081384097446365, 51.49280605122923 ], [ -0.08140613357623, 51.492811312954849 ], [ -0.081463340199525, 51.492821241996246 ], [ -0.081486354902191, 51.492824127637491 ], [ -0.081498034063348, 51.492825595750205 ], [ -0.081688857449286, 51.492849545829635 ], [ -0.081792939198856, 51.492862606866858 ], [ -0.081841510154834, 51.492867205575642 ], [ -0.081858528005829, 51.492868814964169 ], [ -0.08190773051502, 51.492873468943579 ], [ -0.081950904240384, 51.492874175342848 ], [ -0.081965314677292, 51.492874411119807 ], [ -0.082037280488565, 51.492875588564921 ], [ -0.082123671139952, 51.492877001959116 ], [ -0.0822235364961, 51.492878635726996 ], [ -0.082411592042819, 51.492881712029948 ], [ -0.082570325416133, 51.49287532461981 ], [ -0.082676824245677, 51.492862039522088 ], [ -0.082887620889907, 51.492835734295831 ], [ -0.082889321078182, 51.492838473431334 ], [ -0.083223123864447, 51.492837708804629 ], [ -0.083407419880104, 51.49274463386277 ], [ -0.083418619948755, 51.492738980639757 ], [ -0.083440874609344, 51.492727707783168 ], [ -0.083536141132539, 51.492679624924989 ], [ -0.083543594211432, 51.492675860074726 ], [ -0.083589709290193, 51.492711732676 ], [ -0.083855447002123, 51.492918657611227 ], [ -0.083945704848982, 51.492989023215038 ], [ -0.083957876647296, 51.492998600762398 ], [ -0.083978368209817, 51.493018440197282 ], [ -0.083979853657115, 51.493019878146157 ], [ -0.083989398914887, 51.493029120494931 ], [ -0.084129414241959, 51.493164709335169 ], [ -0.08419104703357, 51.493224385710121 ], [ -0.08429476504255, 51.49332482179242 ], [ -0.084390066384699, 51.49341710765863 ], [ -0.084398512653736, 51.493425284356377 ], [ -0.084528215995433, 51.49355086702608 ], [ -0.084535972594529, 51.493556218594115 ], [ -0.084539738927587, 51.493558816109513 ], [ -0.084660352339163, 51.493641839105429 ], [ -0.084758285169594, 51.493699949137969 ], [ -0.084803545702977, 51.49372680463879 ], [ -0.084916061653635, 51.493781700461504 ], [ -0.0851723776157, 51.493906785175582 ], [ -0.085199896526489, 51.493919087017424 ], [ -0.085276974715861, 51.493953550536617 ], [ -0.085282739204625, 51.493956046631716 ], [ -0.085179164697089, 51.494089576040231 ], [ -0.085142929139435, 51.494136745245008 ], [ -0.085105459083105, 51.494197037281907 ], [ -0.085080255171019, 51.494237588024156 ], [ -0.085076611047086, 51.494245131947537 ], [ -0.085016068148091, 51.494370735237013 ], [ -0.084967696382309, 51.494450682876483 ], [ -0.084958021481064, 51.494466684983145 ], [ -0.084902358557506, 51.494558689683984 ], [ -0.084825474568255, 51.494685743053275 ], [ -0.084703347239486, 51.494757974342448 ], [ -0.084690243530235, 51.494765727870316 ], [ -0.084679925185976, 51.4947718182733 ], [ -0.084548305571518, 51.494849667674401 ], [ -0.084530489044568, 51.494860212879836 ], [ -0.084281102236324, 51.495007792218445 ], [ -0.084274428313571, 51.495011657969158 ], [ -0.084235279236289, 51.495034822119209 ], [ -0.084203431022838, 51.495055659533534 ], [ -0.084078437625015, 51.495137438601567 ], [ -0.083970449686493, 51.495208083616241 ], [ -0.083932275851416, 51.495233062158775 ], [ -0.083870682743449, 51.495273350315784 ], [ -0.083840656272117, 51.495292994379341 ], [ -0.083774011539994, 51.495336590191108 ], [ -0.083657830421786, 51.495412604550509 ], [ -0.083617953087904, 51.49543868822488 ], [ -0.083592043696888, 51.495457374348057 ], [ -0.083571616789049, 51.495472094343725 ], [ -0.083561514700279, 51.495479375225578 ], [ -0.083418553960454, 51.495582433508488 ], [ -0.083393253908108, 51.495600670912999 ], [ -0.083385945183449, 51.495606270833264 ], [ -0.083364646672824, 51.495622532292877 ], [ -0.083306421070869, 51.495667002884112 ], [ -0.08328297881978, 51.495684910928091 ], [ -0.083126741740556, 51.495804253519658 ], [ -0.083115906207031, 51.495812529558762 ], [ -0.083094651821546, 51.495828764706914 ], [ -0.083019781956161, 51.495894950350831 ], [ -0.083001842708632, 51.49591080354557 ], [ -0.082999045043883, 51.495913271279989 ], [ -0.082974118151778, 51.495935309649653 ], [ -0.082962522539653, 51.495945560651563 ], [ -0.082958901538489, 51.495948765818525 ], [ -0.082867408845191, 51.496029634519815 ], [ -0.082852812183182, 51.496042048654829 ], [ -0.08280220129474, 51.496085105740455 ], [ -0.082776122849877, 51.496107287097864 ], [ -0.082752729314658, 51.496127181430602 ], [ -0.08273663560245, 51.4961408678246 ], [ -0.08267286948435, 51.49619511254182 ], [ -0.082669926869124, 51.496197600378352 ], [ -0.082640508305327, 51.496222640733698 ], [ -0.082585324904323, 51.496266333349432 ], [ -0.08254820230111, 51.496295744055125 ], [ -0.082532987078817, 51.496307788314517 ], [ -0.082466032420955, 51.496360757724275 ], [ -0.082453091662006, 51.496368212384915 ], [ -0.082443355071517, 51.496373812988772 ], [ -0.082396006532207, 51.496401086926944 ], [ -0.082356247123609, 51.49642397961177 ], [ -0.082310921454982, 51.4964500815721 ], [ -0.082282899409512, 51.496466214825737 ], [ -0.082279813797024, 51.496467989880692 ], [ -0.082235373379952, 51.496493593703278 ], [ -0.082227829623491, 51.496497921713029 ], [ -0.082224035205546, 51.496500107830926 ], [ -0.082216268696562, 51.496504594065719 ], [ -0.08216415509695, 51.49653143022725 ], [ -0.082108801590761, 51.496559939968584 ], [ -0.082076434572063, 51.496576613584971 ], [ -0.082022008736537, 51.496604643857552 ], [ -0.082013276064237, 51.496609150239522 ], [ -0.081960602671796, 51.496636273906105 ], [ -0.0818511024436, 51.496692674414135 ], [ -0.081816803903509, 51.49671159601867 ], [ -0.08180854548579, 51.496714585866457 ], [ -0.081698971100345, 51.496762109118976 ], [ -0.081693776322373, 51.496764362228049 ], [ -0.081600593009964, 51.496804779546153 ], [ -0.081534484445525, 51.496833445703359 ], [ -0.081530566376268, 51.496835144162304 ], [ -0.081485603651081, 51.496854642015258 ], [ -0.081421138396141, 51.496882597592872 ], [ -0.081382661511998, 51.496899287901449 ], [ -0.081300146488929, 51.496935068447335 ], [ -0.081186667707736, 51.496984280872802 ], [ -0.081173419188077, 51.496989518116109 ], [ -0.08114874290115, 51.496880836430684 ], [ -0.081165028012809, 51.496836139065763 ], [ -0.081196465486914, 51.4967737041611 ], [ -0.081271472218336, 51.496702989671107 ], [ -0.08130896514155, 51.496646616075822 ], [ -0.081338493194462, 51.496602189411455 ], [ -0.081348366295867, 51.496587342050397 ], [ -0.081011733626151, 51.496494313416655 ], [ -0.080977738683167, 51.49648491694245 ], [ -0.080864146734976, 51.496453524835729 ], [ -0.08084506691659, 51.496448153996553 ], [ -0.080422744588274, 51.496329381707938 ], [ -0.080406173190201, 51.496323975440625 ], [ -0.080367955595055, 51.496311533029292 ], [ -0.079991013223306, 51.496188758731542 ], [ -0.079783185644991, 51.496121064857505 ], [ -0.079669382958997, 51.496086502723394 ], [ -0.079538368614174, 51.496046694471218 ], [ -0.079510202183899, 51.496038148475471 ], [ -0.079470229065635, 51.496026009753685 ], [ -0.079345272970589, 51.495987748394114 ], [ -0.078983945978422, 51.495877133303118 ], [ -0.078849389577386, 51.495835935329794 ], [ -0.07884834333621, 51.495829982946049 ] ] ] } },
{ "type": "Feature", "properties": { "lsoa21cd": "E01003980", "lsoa21nm": "Southwark 013A", "msoa21cd": "E02000819", "msoa21nm": "Southwark 013", "lad22cd": "E09000028", "lad22nm": "Southwark", "index_right": 249, "GSS_CODE": "E05011104", "risk_score": 0.0011989990600020926, "allocation_hours": 0.015398090416399592, "patrol_units": 0 }, "geometry": { "type": "Polygon", "coordinates": [ [ [ -0.076494320983946, 51.494124918134702 ], [ -0.076400395370254, 51.494093359015388 ], [ -0.076361695490802, 51.494080466811219 ], [ -0.076179377949135, 51.494018689108238 ], [ -0.07599635462298, 51.4940112968142 ], [ -0.075635269614588, 51.493996718722791 ], [ -0.075628362920804, 51.493925058880535 ], [ -0.075624714865854, 51.493905304831884 ], [ -0.075617572475886, 51.493877193094811 ], [ -0.075613318426856, 51.493863957847331 ], [ -0.075609063622983, 51.493850740572881 ], [ -0.075607891373965, 51.493847106236252 ], [ -0.075542667018877, 51.493686067631863 ], [ -0.07552322495232, 51.493663181105148 ], [ -0.07551703516751, 51.493655885274087 ], [ -0.075072781834736, 51.493561082571802 ], [ -0.075048528274667, 51.493549991912495 ], [ -0.074977884755609, 51.493600477315582 ], [ -0.074808654582148, 51.493503944123965 ], [ -0.074901493657568, 51.493436642644113 ], [ -0.074908682600588, 51.493431508926186 ], [ -0.075056931071895, 51.493325661470344 ], [ -0.074962190487717, 51.493318629138024 ], [ -0.074715590936888, 51.493221135549483 ], [ -0.074700242800549, 51.493218536367252 ], [ -0.074540661956446, 51.493191486524097 ], [ -0.074460170630128, 51.493196212063239 ], [ -0.074380542663132, 51.493141675934588 ], [ -0.074374536108215, 51.493137557504177 ], [ -0.073979205943381, 51.493053172216491 ], [ -0.073960255737576, 51.493049119881171 ], [ -0.074054335898965, 51.492914402751751 ], [ -0.074061898444673, 51.492903825610298 ], [ -0.074116032179161, 51.492828069647366 ], [ -0.074131113241895, 51.492809324690967 ], [ -0.074136647406873, 51.492802437224235 ], [ -0.074138882211887, 51.49279965920357 ], [ -0.074207676298135, 51.492714103612478 ], [ -0.074211948702206, 51.492708782636427 ], [ -0.074228352223642, 51.492688395728706 ], [ -0.074242050037071, 51.49267136363526 ], [ -0.074279266727213, 51.492625086730804 ], [ -0.074290273590605, 51.492611400698294 ], [ -0.074296674494926, 51.492603430343202 ], [ -0.074307863191188, 51.492589531469264 ], [ -0.074374133360785, 51.492507104250912 ], [ -0.074383315674476, 51.492495690385297 ], [ -0.074415895082197, 51.492455182553577 ], [ -0.074425564560724, 51.492443147192553 ], [ -0.074460788557924, 51.492399364454798 ], [ -0.074469545392123, 51.492388474165601 ], [ -0.074474957465814, 51.492381746544197 ], [ -0.074476964546905, 51.492379243551099 ], [ -0.074519912163644, 51.492325839496232 ], [ -0.074533123705056, 51.492309401890488 ], [ -0.074587320698482, 51.492242018966955 ], [ -0.074672765447901, 51.492134151069436 ], [ -0.074685233242904, 51.492118366653116 ], [ -0.074693720903985, 51.492107705708321 ], [ -0.074876021401833, 51.491877372632757 ], [ -0.074878501945256, 51.491874229920356 ], [ -0.075038795124219, 51.491671781563056 ], [ -0.075044256964422, 51.491664892844874 ], [ -0.075068388593179, 51.491634407857795 ], [ -0.075073303407051, 51.49162819360803 ], [ -0.075087864491618, 51.491609799644905 ], [ -0.075225927479461, 51.491435403242647 ], [ -0.075276654377185, 51.491371335161986 ], [ -0.075290898290612, 51.491356020494486 ], [ -0.075370484614398, 51.491270618687203 ], [ -0.075403495730353, 51.491235198492461 ], [ -0.075409726859716, 51.49122851123699 ], [ -0.075443261203462, 51.491191269589756 ], [ -0.075465460320949, 51.491168688936341 ], [ -0.075482464135872, 51.491150433951084 ], [ -0.075514735622785, 51.491115810935966 ], [ -0.075728914215915, 51.490885972990469 ], [ -0.075733017852798, 51.490881570935734 ], [ -0.075751077935214, 51.490862173183402 ], [ -0.075798414122327, 51.490810171514646 ], [ -0.075824333609549, 51.490781676158683 ], [ -0.07584774460831, 51.490755963358517 ], [ -0.075855221105989, 51.490747749763166 ], [ -0.075872681786666, 51.490728557982017 ], [ -0.075882000785368, 51.490718324271874 ], [ -0.075913961343713, 51.490683201448689 ], [ -0.075920924913518, 51.490675536983389 ], [ -0.075927419142873, 51.490668413374301 ], [ -0.075935242595189, 51.490659827771843 ], [ -0.075939140114127, 51.490655530240865 ], [ -0.075965617392228, 51.490626441494499 ], [ -0.075981355932341, 51.490609145889408 ], [ -0.076068038512369, 51.490513887114147 ], [ -0.076128680821961, 51.49044725661264 ], [ -0.076215080015902, 51.490372397717024 ], [ -0.076242872821397, 51.490348321497699 ], [ -0.076292627433816, 51.490305226218972 ], [ -0.076295005175773, 51.49030315193356 ], [ -0.076302769102757, 51.490296318924763 ], [ -0.076360634823566, 51.490245326165599 ], [ -0.076434956238033, 51.490179837249556 ], [ -0.076812572496142, 51.489847121903658 ], [ -0.076856984918071, 51.489807989107462 ], [ -0.076869090770327, 51.489797311837101 ], [ -0.076955667458686, 51.489725497602166 ], [ -0.077041171195297, 51.489654595560438 ], [ -0.077075247290252, 51.489626323677307 ], [ -0.07740766246024, 51.489343674290474 ], [ -0.077424454786907, 51.489329381392849 ], [ -0.07747135320676, 51.489292830512021 ], [ -0.07747433123132, 51.489290523244065 ], [ -0.077487569908813, 51.489280200822954 ], [ -0.077538863956832, 51.489240205828651 ], [ -0.077597245059509, 51.48919469755571 ], [ -0.077624335391915, 51.48917358612087 ], [ -0.077646645435442, 51.489156191242039 ], [ -0.077658485482193, 51.489146960971503 ], [ -0.077667075857507, 51.489140263732999 ], [ -0.077719175016507, 51.489099646977031 ], [ -0.07778918739578, 51.489045066783397 ], [ -0.07779337180841, 51.4890418170624 ], [ -0.077864739279283, 51.488986179913155 ], [ -0.077907079833652, 51.488953178222779 ], [ -0.077980821050722, 51.488895687847965 ], [ -0.078050197846476, 51.488932782088156 ], [ -0.078252358269306, 51.489041905532602 ], [ -0.078413095420865, 51.489128676985395 ], [ -0.078424363713522, 51.489134751971442 ], [ -0.078519211845192, 51.489185955859568 ], [ -0.078610243473262, 51.48923509172149 ], [ -0.078654287602497, 51.489258862124018 ], [ -0.078669612120816, 51.489267134856917 ], [ -0.078761996148981, 51.489317003190294 ], [ -0.078777334725845, 51.489325285131535 ], [ -0.078855281638501, 51.489367362837839 ], [ -0.078905819261754, 51.489394638830198 ], [ -0.07897109059965, 51.489429854068952 ], [ -0.078976850789545, 51.489432979030759 ], [ -0.079003260533334, 51.489447233718749 ], [ -0.079034826246142, 51.489464252739481 ], [ -0.079052967179194, 51.48947406437334 ], [ -0.079071376334783, 51.489484006298419 ], [ -0.079210637846801, 51.489559156729584 ], [ -0.079232300533211, 51.489570860566353 ], [ -0.07931120604176, 51.489613457255253 ], [ -0.079351771693236, 51.489635353846815 ], [ -0.079375857509374, 51.489648356345512 ], [ -0.079421620902409, 51.489673053890066 ], [ -0.079481371117055, 51.489705300684342 ], [ -0.079516401327599, 51.489724210853865 ], [ -0.07953112041277, 51.48973215880212 ], [ -0.079536374927908, 51.489734978688993 ], [ -0.079621816431637, 51.489781108481722 ], [ -0.079701279232052, 51.489824001791966 ], [ -0.079723989115402, 51.489836261354462 ], [ -0.07976785396093, 51.48985993935031 ], [ -0.079918582684557, 51.489941297396584 ], [ -0.079939725034004, 51.489952709300297 ], [ -0.079950641434516, 51.489958598512395 ], [ -0.079955655819986, 51.48996130653309 ], [ -0.07998292939977, 51.489974558953691 ], [ -0.079992994851495, 51.489979445019102 ], [ -0.080010431514604, 51.489987926621104 ], [ -0.080107058269466, 51.490034874128625 ], [ -0.080126977081066, 51.49004455283491 ], [ -0.080161224139075, 51.490061201782162 ], [ -0.080244448852005, 51.490109039389317 ], [ -0.080300273443683, 51.490141149513207 ], [ -0.080324733120823, 51.490155210082946 ], [ -0.080344566541667, 51.490168295612335 ], [ -0.080384903349497, 51.49019491018354 ], [ -0.080476294238304, 51.490255209529138 ], [ -0.080518629129151, 51.490287827069196 ], [ -0.080547276119347, 51.490309887776576 ], [ -0.080563475949549, 51.49032237420414 ], [ -0.080590532135781, 51.49034321281426 ], [ -0.080620429340939, 51.490370491793875 ], [ -0.080623842981332, 51.490373587242352 ], [ -0.08066370626096, 51.490409941220882 ], [ -0.080668876973787, 51.490414657156443 ], [ -0.080680322366248, 51.490425105299146 ], [ -0.080748344680748, 51.490487153993278 ], [ -0.080800032267212, 51.490528953286116 ], [ -0.080841285189215, 51.490562306580117 ], [ -0.080880531904046, 51.49059403889197 ], [ -0.080961964945642, 51.490659886117591 ], [ -0.081012413273961, 51.490700675817322 ], [ -0.081033937784371, 51.490718096439878 ], [ -0.081041614503948, 51.490724301215266 ], [ -0.08107545605064, 51.490751657224507 ], [ -0.081082059964385, 51.490756995518801 ], [ -0.081104022733356, 51.490774752436593 ], [ -0.081120978545479, 51.490787974173699 ], [ -0.081154092748179, 51.490813785884939 ], [ -0.081224646110795, 51.490868762427475 ], [ -0.081233992163736, 51.490876037673608 ], [ -0.081245165150877, 51.490884745693322 ], [ -0.081294530181607, 51.490923215381869 ], [ -0.081306973178435, 51.49093289741505 ], [ -0.08131700274932, 51.490940705421721 ], [ -0.081325761960347, 51.490947548395042 ], [ -0.081333837683545, 51.490953858600605 ], [ -0.081339124128298, 51.490957982875422 ], [ -0.081383900759622, 51.490992861253744 ], [ -0.081387778552998, 51.490995883339565 ], [ -0.081456142603185, 51.491049151245505 ], [ -0.08146069025954, 51.491052687886487 ], [ -0.081538213551598, 51.491113501289206 ], [ -0.08169991598512, 51.491239110925463 ], [ -0.081702621570034, 51.491241232527429 ], [ -0.08183077350385, 51.491341062853458 ], [ -0.081835725489801, 51.491344920841286 ], [ -0.081978718732801, 51.491456347196639 ], [ -0.08228570142363, 51.491695554422385 ], [ -0.082421071921979, 51.491801320451714 ], [ -0.08253340287261, 51.491888544095112 ], [ -0.082689484615119, 51.492010161059163 ], [ -0.082693990040603, 51.492013678972192 ], [ -0.082789042497624, 51.492087751121382 ], [ -0.082851557961648, 51.492136462089491 ], [ -0.08288014793797, 51.492158737073588 ], [ -0.082937389957006, 51.492203346609557 ], [ -0.083040512709788, 51.492283688511733 ], [ -0.083068636565579, 51.492305601633454 ], [ -0.083345531171205, 51.492521349441297 ], [ -0.083470391664139, 51.492618635436891 ], [ -0.083517328660958, 51.492655207652533 ], [ -0.083543594211432, 51.492675860074726 ], [ -0.083536141132539, 51.492679624924989 ], [ -0.083440874609344, 51.492727707783168 ], [ -0.083418619948755, 51.492738980639757 ], [ -0.083407419880104, 51.49274463386277 ], [ -0.083223123864447, 51.492837708804629 ], [ -0.082889321078182, 51.492838473431334 ], [ -0.082887620889907, 51.492835734295831 ], [ -0.082676824245677, 51.492862039522088 ], [ -0.082570325416133, 51.49287532461981 ], [ -0.082411592042819, 51.492881712029948 ], [ -0.0822235364961, 51.492878635726996 ], [ -0.082123671139952, 51.492877001959116 ], [ -0.082037280488565, 51.492875588564921 ], [ -0.081965314677292, 51.492874411119807 ], [ -0.081950904240384, 51.492874175342848 ], [ -0.08190773051502, 51.492873468943579 ], [ -0.081858528005829, 51.492868814964169 ], [ -0.081841510154834, 51.492867205575642 ], [ -0.081792939198856, 51.492862606866858 ], [ -0.081688857449286, 51.492849545829635 ], [ -0.081498034063348, 51.492825595750205 ], [ -0.081486354902191, 51.492824127637491 ], [ -0.081463340199525, 51.492821241996246 ], [ -0.08140613357623, 51.492811312954849 ], [ -0.081384097446365, 51.49280605122923 ], [ -0.081194588080214, 51.49276077326693 ], [ -0.081163666345974, 51.492753387645742 ], [ -0.080907558885374, 51.492677252961492 ], [ -0.080765487111506, 51.492629963124664 ], [ -0.080640930777936, 51.492578958103515 ], [ -0.080528851350096, 51.49253306731471 ], [ -0.080485614340296, 51.492515362981749 ], [ -0.080468081471125, 51.492508187418281 ], [ -0.079985876397338, 51.49226483249749 ], [ -0.079971586545745, 51.492257620050232 ], [ -0.07983328649758, 51.492187827998357 ], [ -0.079805073541817, 51.492173588947274 ], [ -0.079785135227441, 51.492187318082848 ], [ -0.079606107973712, 51.492310509430482 ], [ -0.079475738898687, 51.492400208119101 ], [ -0.079470546565695, 51.492403783121439 ], [ -0.079337669221716, 51.49249522112158 ], [ -0.07914775952258, 51.492584924117352 ], [ -0.078428104359813, 51.49292489186422 ], [ -0.078259958481351, 51.493004320596185 ], [ -0.078356102462233, 51.493058117751161 ], [ -0.078384138472408, 51.493076562890721 ], [ -0.079154381985096, 51.493601775150438 ], [ -0.079377920327413, 51.493767307983909 ], [ -0.07950333075207, 51.493868283317198 ], [ -0.079555015662677, 51.493914309830224 ], [ -0.079500898469975, 51.49395970911592 ], [ -0.079491341702039, 51.49396771799735 ], [ -0.079485876145159, 51.493972304703611 ], [ -0.07932921396613, 51.494159557710361 ], [ -0.079151338716401, 51.494147911149867 ], [ -0.079082177179149, 51.494143378561859 ], [ -0.078929232106267, 51.494143552033975 ], [ -0.078572467119357, 51.494149521312195 ], [ -0.078567845836852, 51.494149103838303 ], [ -0.078443896406195, 51.494138079314034 ], [ -0.078360259676004, 51.494132445713682 ], [ -0.078254126205489, 51.494125301165276 ], [ -0.078248236532113, 51.494124898856249 ], [ -0.078161694464661, 51.494124289414003 ], [ -0.078094723929341, 51.494123838918512 ], [ -0.078027998891657, 51.494123374424355 ], [ -0.07801714939939, 51.494124437541828 ], [ -0.077946961074171, 51.494131299290025 ], [ -0.077856905455068, 51.494145029452099 ], [ -0.077429998910966, 51.494210132676095 ], [ -0.077316309779724, 51.494132989485372 ], [ -0.077157854681446, 51.494144616995378 ], [ -0.077035265714599, 51.494153640216062 ], [ -0.076868673501299, 51.494398550286128 ], [ -0.076865740632175, 51.494402854672501 ], [ -0.076663675558729, 51.494253020207417 ], [ -0.076608367509274, 51.494212013956549 ], [ -0.076607759105737, 51.494204566950977 ], [ -0.076545338082626, 51.494160737139346 ], [ -0.076494320983946, 51.494124918134702 ] ] ] } },
{ "type": "Feature", "properties": { "lsoa21cd": "E01032646", "lsoa21nm": "Southwark 036B", "msoa21cd": "E02006942", "msoa21nm": "Southwark 036", "lad22cd": "E09000028", "lad22nm": "Southwark", "index_right": 249, "GSS_CODE": "E05011104", "risk_score": 4.1248778848211103, "allocation_hours": 52.973554980911921, "patrol_units": 26 }, "geometry": { "type": "Polygon", "coordinates": [ [ [ -0.080707388798458, 51.502349472151693 ], [ -0.080573098142074, 51.502269926201684 ], [ -0.080396307748946, 51.502165214723725 ], [ -0.080294662586435, 51.502105007008119 ], [ -0.080261216714839, 51.502085196686956 ], [ -0.080176582799371, 51.502035069618543 ], [ -0.080151676381633, 51.502021891916456 ], [ -0.080124566817166, 51.502007652944769 ], [ -0.07957353330125, 51.501716335294233 ], [ -0.079481913115155, 51.501667907993053 ], [ -0.079364089238119, 51.501605644811207 ], [ -0.079142284916384, 51.501488413293444 ], [ -0.079024857202539, 51.501426345120379 ], [ -0.078786097862035, 51.501300157037477 ], [ -0.078543322832975, 51.501171843305578 ], [ -0.078500938916418, 51.501149439929534 ], [ -0.078496442552742, 51.501147064067474 ], [ -0.078214724294558, 51.500998174263593 ], [ -0.078073788372496, 51.50092368738779 ], [ -0.077886622021357, 51.500824755267878 ], [ -0.077758231764586, 51.500756894595945 ], [ -0.077444763438537, 51.500591205370071 ], [ -0.077246386376179, 51.500484489395539 ], [ -0.077130606761668, 51.500422681835602 ], [ -0.077018661895948, 51.500361994638631 ], [ -0.077054580582832, 51.500332943826429 ], [ -0.077172582234289, 51.500237542180955 ], [ -0.077205470713654, 51.500233024230788 ], [ -0.077276548933935, 51.500223258729761 ], [ -0.077433422130322, 51.500201703736778 ], [ -0.077584260661555, 51.500180977597068 ], [ -0.078036495249492, 51.500118848238621 ], [ -0.07807136899246, 51.500114056843209 ], [ -0.078342037379288, 51.500076867627243 ], [ -0.078368187570535, 51.50007705808747 ], [ -0.078526078465231, 51.500133949673291 ], [ -0.078556053657977, 51.500144799888794 ], [ -0.078590482336081, 51.500157262672474 ], [ -0.078618900939593, 51.500166721350737 ], [ -0.078685705543808, 51.500184686985676 ], [ -0.078696077529201, 51.500187473917336 ], [ -0.078701061182887, 51.500188813706274 ], [ -0.078747638134731, 51.500201331713448 ], [ -0.078761372226348, 51.500205028068585 ], [ -0.078810557078904, 51.500205834345593 ], [ -0.078919754371118, 51.500207624320353 ], [ -0.07929147533692, 51.500197733088513 ], [ -0.079302694654897, 51.500197434942592 ], [ -0.079338063355081, 51.500196494793457 ], [ -0.079375081585288, 51.500197101445323 ], [ -0.079410055247011, 51.500197674580264 ], [ -0.079495845256948, 51.500222305181943 ], [ -0.079509710096091, 51.500226285966917 ], [ -0.079767998645893, 51.500293836331956 ], [ -0.079836597792189, 51.500309367607166 ], [ -0.079937505497937, 51.500332215911875 ], [ -0.080009522316293, 51.500343089064401 ], [ -0.080026804878944, 51.50034569952566 ], [ -0.080137950057645, 51.500362477981312 ], [ -0.080295577329894, 51.500383045590802 ], [ -0.080421166327402, 51.500391478558399 ], [ -0.080475115188272, 51.500349771446679 ], [ -0.080554556448474, 51.500288357765065 ], [ -0.08053531635423, 51.50020380723911 ], [ -0.080468358590985, 51.500156217898123 ], [ -0.080304557177587, 51.500040216907223 ], [ -0.080151605747629, 51.499930733353324 ], [ -0.080129282314103, 51.499914747207001 ], [ -0.08008589355881, 51.499883694790789 ], [ -0.079950720933326, 51.499897280697475 ], [ -0.079382457711566, 51.499638033326463 ], [ -0.079256173012902, 51.49958042438017 ], [ -0.079167634703239, 51.499540016626575 ], [ -0.079122669504579, 51.499519509053037 ], [ -0.07909067355238, 51.499504915448554 ], [ -0.078974201215057, 51.499451765586166 ], [ -0.078950394792815, 51.499440907785427 ], [ -0.07902899737625, 51.499268806374751 ], [ -0.079063259642693, 51.499193792624098 ], [ -0.079089634834255, 51.499139126151285 ], [ -0.079275601825669, 51.498753658853424 ], [ -0.079300018418978, 51.498703069919856 ], [ -0.079329736567959, 51.498617891695147 ], [ -0.079335257620068, 51.498602064947924 ], [ -0.07936554682776, 51.498515295352384 ], [ -0.079378452366838, 51.498481127430949 ], [ -0.079409303084999, 51.498399501897723 ], [ -0.079442974087475, 51.498310422586023 ], [ -0.079446606210897, 51.498300796876393 ], [ -0.079587316607957, 51.498038229061635 ], [ -0.079618585607439, 51.497979874633387 ], [ -0.079681844330393, 51.49784601932113 ], [ -0.079696876943571, 51.497826013862642 ], [ -0.079713695330583, 51.497803627593001 ], [ -0.079717388131617, 51.497798724077306 ], [ -0.079732771883835, 51.497778247748549 ], [ -0.079770618458065, 51.497727923672912 ], [ -0.079775273460128, 51.49772172297218 ], [ -0.079788123103619, 51.497723480245249 ], [ -0.079928493615219, 51.497742713240882 ], [ -0.080292721195859, 51.497792618077135 ], [ -0.080644114302521, 51.497840764870823 ], [ -0.080782680538671, 51.497859751488846 ], [ -0.081037409106478, 51.497894650611599 ], [ -0.081258388222085, 51.497924922968615 ], [ -0.081321518944864, 51.497933573322065 ], [ -0.081389471453594, 51.49794268026875 ], [ -0.081422909882431, 51.49794717546353 ], [ -0.081449941654601, 51.497950804090387 ], [ -0.081464291126696, 51.497952735912961 ], [ -0.081476233757948, 51.497954343265789 ], [ -0.081537323442071, 51.497962537434901 ], [ -0.081545260548293, 51.49796394432623 ], [ -0.081780843322062, 51.498005686747227 ], [ -0.081806242265136, 51.498010185152232 ], [ -0.082118307859137, 51.498065489723281 ], [ -0.082242365694513, 51.49808484875458 ], [ -0.082346892610416, 51.49810070915526 ], [ -0.082392661484322, 51.498108288010904 ], [ -0.082468925483284, 51.498120192194733 ], [ -0.082491655897948, 51.498123738524271 ], [ -0.08249693810103, 51.498124553357648 ], [ -0.082521772914181, 51.498128421878882 ], [ -0.082526245766301, 51.498128953686255 ], [ -0.082547519573304, 51.498131504953285 ], [ -0.082635354986435, 51.4981419886224 ], [ -0.082790569002555, 51.498160507838293 ], [ -0.082900813798858, 51.498179100671031 ], [ -0.082898167825175, 51.498188248033394 ], [ -0.082800430668823, 51.498525866720733 ], [ -0.082539343010025, 51.49858946430345 ], [ -0.082447827131974, 51.498688578491191 ], [ -0.082082877649932, 51.498758901964386 ], [ -0.082037635919468, 51.498785688570528 ], [ -0.082068712324701, 51.499053319076644 ], [ -0.081226742318262, 51.499223395525746 ], [ -0.081259927111722, 51.499300134711639 ], [ -0.081269828409765, 51.499323039572666 ], [ -0.081314924292592, 51.499427320817475 ], [ -0.081317061694542, 51.499432688532828 ], [ -0.081324434078218, 51.499451658111887 ], [ -0.081343819123617, 51.499501579686999 ], [ -0.081353844080497, 51.499527373252413 ], [ -0.081358315671774, 51.499538912261812 ], [ -0.081390999992296, 51.499623116234275 ], [ -0.081438961945526, 51.499746643967036 ], [ -0.081445448223043, 51.499763386808404 ], [ -0.081484854872093, 51.499759949156619 ], [ -0.081580486560151, 51.499751604507978 ], [ -0.081618996722856, 51.499748242064136 ], [ -0.081662191482545, 51.49974894908442 ], [ -0.081676560669144, 51.499749876723492 ], [ -0.081910664107978, 51.499764976238573 ], [ -0.08215570253273, 51.499780784803562 ], [ -0.082105558026628, 51.499821708784374 ], [ -0.082099261114409, 51.499840247800577 ], [ -0.082085616707238, 51.499880384174432 ], [ -0.082051205646566, 51.499981691409808 ], [ -0.082049972538363, 51.499985322304127 ], [ -0.082029355436606, 51.500046018991455 ], [ -0.082085915868084, 51.500135712451922 ], [ -0.082054409847653, 51.50019906367752 ], [ -0.082105258606858, 51.500316694196485 ], [ -0.08215738595604, 51.500356539976707 ], [ -0.08221159348015, 51.500397975528472 ], [ -0.082224032668062, 51.500407468634442 ], [ -0.082207540167564, 51.500412837237917 ], [ -0.082176410179355, 51.500422975297546 ], [ -0.082156078965274, 51.5004374087614 ], [ -0.08215184632515, 51.50044041503272 ], [ -0.082238100230187, 51.500436170013252 ], [ -0.082580531583893, 51.50041930888657 ], [ -0.082700498297397, 51.500413411845514 ], [ -0.082967514924117, 51.500406871549096 ], [ -0.083054833064462, 51.500404729661795 ], [ -0.083275436102951, 51.50039931797501 ], [ -0.083258896971389, 51.500490935898441 ], [ -0.083225147446486, 51.500677784023004 ], [ -0.083214772685423, 51.500678486639444 ], [ -0.083011431137536, 51.500692269487921 ], [ -0.082939876201761, 51.500789281917321 ], [ -0.082957000202698, 51.500937038661384 ], [ -0.082979651163913, 51.500935304866971 ], [ -0.08305026319724, 51.500929913140546 ], [ -0.083157546793641, 51.500921730899506 ], [ -0.083457787668098, 51.500898826587161 ], [ -0.083482736651974, 51.50089692344163 ], [ -0.083515997286942, 51.500894382831902 ], [ -0.083664509431843, 51.500788898261341 ], [ -0.083753467992819, 51.500787511111561 ], [ -0.08383328293096, 51.500861180800392 ], [ -0.083926109311982, 51.500946861657688 ], [ -0.0838980163427, 51.500961195437995 ], [ -0.083338598497537, 51.501246596567874 ], [ -0.083327953573159, 51.50125201596952 ], [ -0.083359314194523, 51.501281359612662 ], [ -0.083458163560734, 51.501500915521518 ], [ -0.083448228045168, 51.501544700623342 ], [ -0.083418595919177, 51.501675330360186 ], [ -0.08341552568909, 51.501690976999285 ], [ -0.083439231021045, 51.501693482460411 ], [ -0.083436761599021, 51.501928071967647 ], [ -0.083447281731324, 51.501941076666014 ], [ -0.083436535627504, 51.501949246202599 ], [ -0.083387998911652, 51.501986159049714 ], [ -0.083377564972754, 51.501994099874203 ], [ -0.083376209305054, 51.502088870296909 ], [ -0.083374728473132, 51.502191084669263 ], [ -0.083374532928286, 51.502205011243014 ], [ -0.083345357596022, 51.502213526851335 ], [ -0.083204077395175, 51.50230278039465 ], [ -0.083171662116017, 51.502323257281766 ], [ -0.083123321025154, 51.502353779364064 ], [ -0.08304983078197, 51.502388548307778 ], [ -0.083042686871103, 51.502390194033538 ], [ -0.082977080638092, 51.502405343810061 ], [ -0.082921129204862, 51.502417728840392 ], [ -0.082660670564032, 51.502475409994197 ], [ -0.082598929988586, 51.502489085039294 ], [ -0.082518042995106, 51.502470774325658 ], [ -0.082512475614629, 51.502460440493408 ], [ -0.082350494969401, 51.502423770548205 ], [ -0.082342387608064, 51.502421938257768 ], [ -0.082129783176167, 51.502371157351014 ], [ -0.081857348246341, 51.502306087556512 ], [ -0.081764913106161, 51.502448458575977 ], [ -0.081704673736007, 51.502510421792387 ], [ -0.081614880736237, 51.502589886700164 ], [ -0.081506311765008, 51.502672452419517 ], [ -0.081424984106349, 51.502734344538382 ], [ -0.081365526321018, 51.502709005297014 ], [ -0.081337498532781, 51.502697053708502 ], [ -0.081255088941054, 51.502655659797689 ], [ -0.08109519456054, 51.502575356205028 ], [ -0.081052635146265, 51.502553982321153 ], [ -0.080814953615723, 51.502413191905269 ], [ -0.08077014774532, 51.502386650772358 ], [ -0.080707388798458, 51.502349472151693 ] ] ] } },
{ "type": "Feature", "properties": { "lsoa21cd": "E01004028", "lsoa21nm": "Southwark 004E", "msoa21cd": "E02000810", "msoa21nm": "Southwark 004", "lad22cd": "E09000028", "lad22nm": "Southwark", "index_right": 249, "GSS_CODE": "E05011104", "risk_score": 0.00096947676747523802, "allocation_hours": 0.012450460905412606, "patrol_units": 0 }, "geometry": { "type": "Polygon", "coordinates": [ [ [ -0.068196517522055, 51.500866715306728 ], [ -0.068059725229896, 51.500822060625147 ], [ -0.068001838225611, 51.500803184248134 ], [ -0.067702757869036, 51.500705558465917 ], [ -0.067561276330211, 51.500659378091562 ], [ -0.066829487538384, 51.500424204700877 ], [ -0.06684537383216, 51.500406993777212 ], [ -0.066849475825653, 51.500407097384311 ], [ -0.067353154044591, 51.500418881432743 ], [ -0.067492095056243, 51.500400128720244 ], [ -0.067700202099647, 51.500372039292451 ], [ -0.067881876812884, 51.500347524657734 ], [ -0.068035501018437, 51.500326351439554 ], [ -0.06816747407361, 51.500277483397433 ], [ -0.06842949295227, 51.500180678380943 ], [ -0.068708943950928, 51.500077424968666 ], [ -0.068837990789917, 51.500066035346045 ], [ -0.068841022253195, 51.500057792206519 ], [ -0.068892538605438, 51.499917717863489 ], [ -0.068583597261414, 51.499898814220927 ], [ -0.068570332821203, 51.499898002108026 ], [ -0.068472667105342, 51.499892031095968 ], [ -0.067985791308408, 51.499821058543588 ], [ -0.068119940365017, 51.499520151435746 ], [ -0.067616828890938, 51.49957521374953 ], [ -0.067575002581645, 51.499584056631193 ], [ -0.06745219788924, 51.499614801894737 ], [ -0.06734449514143, 51.499648213229939 ], [ -0.067333589084569, 51.499651596364053 ], [ -0.067289226028443, 51.49966535951453 ], [ -0.067279175482166, 51.499668477972492 ], [ -0.067278590990406, 51.499665301098915 ], [ -0.06724737332894, 51.499491561377546 ], [ -0.067250253555695, 51.499487849900262 ], [ -0.067253500858487, 51.499483669658431 ], [ -0.067712404672845, 51.498892757426319 ], [ -0.067723211346186, 51.498876056195513 ], [ -0.067746073792398, 51.498840713904471 ], [ -0.06772933520731, 51.498835527995602 ], [ -0.067724983478992, 51.498834179304197 ], [ -0.067706723728467, 51.498828509691371 ], [ -0.06760261084132, 51.498796209395721 ], [ -0.067595743798387, 51.498794036872489 ], [ -0.067507145280717, 51.498677721372893 ], [ -0.067495407489115, 51.498662294210668 ], [ -0.067502124782763, 51.498653025523971 ], [ -0.067506282959966, 51.498653840462893 ], [ -0.067521857843422, 51.498656902925674 ], [ -0.067730750486462, 51.498697899676202 ], [ -0.06777751881023, 51.498707078693805 ], [ -0.067802195900291, 51.498711927811762 ], [ -0.067816593668442, 51.498712165103981 ], [ -0.068146772965034, 51.498804898730135 ], [ -0.068171135001272, 51.498811747954186 ], [ -0.068197789999042, 51.498819228475732 ], [ -0.068255485128015, 51.498835430817678 ], [ -0.068428855687025, 51.498884124056559 ], [ -0.068443253548406, 51.498884361336998 ], [ -0.068646724143226, 51.498842750770621 ], [ -0.068816801331387, 51.498814321516363 ], [ -0.069028813352648, 51.498778885125184 ], [ -0.069038506349315, 51.498777264258287 ], [ -0.069039266394273, 51.498759291325705 ], [ -0.069057360598051, 51.498726972805123 ], [ -0.069163948926899, 51.498536527209708 ], [ -0.069194643997688, 51.498492078222782 ], [ -0.069219604344453, 51.498462869156846 ], [ -0.069255275145107, 51.49842112619573 ], [ -0.069070126011723, 51.498370586390259 ], [ -0.069061595647466, 51.498368258824563 ], [ -0.068924404101736, 51.49833081002339 ], [ -0.068799489084419, 51.49829671169968 ], [ -0.068614725314954, 51.498248325911987 ], [ -0.068542992152474, 51.498229527095681 ], [ -0.068197585962057, 51.498154860669814 ], [ -0.068190856721291, 51.498059525827003 ], [ -0.068601528773516, 51.49781638566774 ], [ -0.068843929811246, 51.497745668178212 ], [ -0.06885807970607, 51.4977415398399 ], [ -0.068884847989028, 51.497733725547057 ], [ -0.06887204097786, 51.497725178282366 ], [ -0.068859962498674, 51.497717119634224 ], [ -0.068816752536697, 51.497693656099585 ], [ -0.068887851081948, 51.497706661950872 ], [ -0.068945763476706, 51.497717258987926 ], [ -0.069004127668321, 51.497727938979224 ], [ -0.069132313889412, 51.497751390491366 ], [ -0.069254225690517, 51.49777324212031 ], [ -0.069266649290094, 51.497760941479235 ], [ -0.069297963393189, 51.497729914398157 ], [ -0.069317009852754, 51.497711043044319 ], [ -0.069491684184634, 51.497537977379245 ], [ -0.069494635803631, 51.497549950355406 ], [ -0.069532489017126, 51.497511462621908 ], [ -0.069690826386113, 51.497350467369422 ], [ -0.06982935741622, 51.497209602382306 ], [ -0.06984003080948, 51.497198753053851 ], [ -0.069811615994658, 51.497189292401181 ], [ -0.069795832029315, 51.497185048695904 ], [ -0.069669162229812, 51.497150975518558 ], [ -0.069803962641761, 51.496795952798884 ], [ -0.069810912709683, 51.496777648330685 ], [ -0.069814754860418, 51.496767530926519 ], [ -0.069827803835297, 51.496751774711448 ], [ -0.069830228172774, 51.496748954943982 ], [ -0.069872991811325, 51.496652622132402 ], [ -0.070127164541249, 51.496764545618859 ], [ -0.070269921584192, 51.496827713848525 ], [ -0.07059689576205, 51.496987591749715 ], [ -0.070832048708366, 51.497102585581473 ], [ -0.070835972954516, 51.497104502674013 ], [ -0.070881298436788, 51.497126669371575 ], [ -0.070919247179985, 51.49714474884788 ], [ -0.070949387593586, 51.497159100910388 ], [ -0.071039760835301, 51.49720213648019 ], [ -0.071082230840843, 51.497222362240905 ], [ -0.071230967281602, 51.497293195160474 ], [ -0.071317947075394, 51.497334618044306 ], [ -0.071382886217948, 51.497365542488005 ], [ -0.071461623779901, 51.497403042808145 ], [ -0.071568057835124, 51.4974537234948 ], [ -0.07160208092754, 51.497469930634402 ], [ -0.071613351494632, 51.497475295881941 ], [ -0.071664266470162, 51.497499541651422 ], [ -0.071777840945276, 51.497559955572534 ], [ -0.071959516003497, 51.497656564929137 ], [ -0.071982132211302, 51.497668183278236 ], [ -0.072813767352845, 51.49811090777628 ], [ -0.072833751249025, 51.498121615789145 ], [ -0.072928457144326, 51.498171902840561 ], [ -0.073129753152153, 51.498278961633645 ], [ -0.073650351285889, 51.498555835788402 ], [ -0.073729659208483, 51.498598011293183 ], [ -0.073769327434389, 51.498619103757612 ], [ -0.073993610835747, 51.49873839140038 ], [ -0.074020667250391, 51.498752774777081 ], [ -0.074071792213985, 51.498779963647877 ], [ -0.074151396847507, 51.498822296638721 ], [ -0.074593046594516, 51.499057710680205 ], [ -0.074471806821666, 51.499082478646862 ], [ -0.074354728222769, 51.499125518884838 ], [ -0.074327376081857, 51.499141715075325 ], [ -0.074251289444064, 51.499186768621598 ], [ -0.074367631383501, 51.499250037723812 ], [ -0.074331165581929, 51.499267442081852 ], [ -0.074307109777089, 51.499278926264857 ], [ -0.074177933939078, 51.499551739213409 ], [ -0.074105726583993, 51.499696783846517 ], [ -0.074073461981681, 51.499765560796725 ], [ -0.073662495395792, 51.499765614295427 ], [ -0.073639197220469, 51.499765618047633 ], [ -0.073581601611024, 51.499787962589266 ], [ -0.073535753864712, 51.499805743040724 ], [ -0.073476389040771, 51.499829038656287 ], [ -0.073472448055497, 51.499830583576994 ], [ -0.073186320346077, 51.499794621109437 ], [ -0.073177964497669, 51.499793575469148 ], [ -0.073011718830189, 51.499809717987944 ], [ -0.072987095530581, 51.499812100885713 ], [ -0.072968907764785, 51.499698520217386 ], [ -0.072990686966743, 51.499696612138763 ], [ -0.072965422519578, 51.499583769425954 ], [ -0.072955542558905, 51.499539632448915 ], [ -0.072954318551669, 51.499534153726557 ], [ -0.072958110996083, 51.499444288617312 ], [ -0.072973034271601, 51.499418594407587 ], [ -0.072999734798812, 51.499382176638775 ], [ -0.073013504975567, 51.499363491295441 ], [ -0.073019495629402, 51.499355370419941 ], [ -0.073024243346238, 51.49935143771404 ], [ -0.073094140397968, 51.499293648432939 ], [ -0.073116876958229, 51.499278266943833 ], [ -0.073197960180132, 51.499223413281307 ], [ -0.073259061040371, 51.499180811917761 ], [ -0.073069629216717, 51.499051646292756 ], [ -0.073064531704931, 51.499048163226576 ], [ -0.072999013086739, 51.499086878930228 ], [ -0.072491081514264, 51.499153625096596 ], [ -0.072307977915777, 51.499177681818601 ], [ -0.072249524228878, 51.499165065796475 ], [ -0.072068353080152, 51.499126285662555 ], [ -0.071700920151009, 51.499401983578068 ], [ -0.071698077904649, 51.499404122051168 ], [ -0.071767028114534, 51.49951278264799 ], [ -0.071806204042688, 51.499574532843965 ], [ -0.071807488755813, 51.499576557562513 ], [ -0.071858362881719, 51.499656730284656 ], [ -0.072052803583707, 51.499777805825673 ], [ -0.072145433356864, 51.499835489216125 ], [ -0.07225762005217, 51.499905346652362 ], [ -0.072471956552223, 51.500038808068815 ], [ -0.072513833996044, 51.500058029045057 ], [ -0.072394274733019, 51.50017242158895 ], [ -0.072335543356014, 51.500198433831336 ], [ -0.072293194546951, 51.500210785748969 ], [ -0.072248015258692, 51.500223972382216 ], [ -0.072175265187535, 51.500240752218019 ], [ -0.072023141124204, 51.500263978037246 ], [ -0.07201573045187, 51.500265115111667 ], [ -0.071985020025921, 51.500269358071655 ], [ -0.071899799603129, 51.500281184417183 ], [ -0.07180148847184, 51.500285691062885 ], [ -0.071733782263967, 51.500288794710237 ], [ -0.07161107338402, 51.500294428543327 ], [ -0.071570743625569, 51.500293764950534 ], [ -0.071467089962264, 51.500292059351771 ], [ -0.07129027060901, 51.500276370937215 ], [ -0.071175721529218, 51.500266203468648 ], [ -0.071165142227123, 51.500265264974672 ], [ -0.071093872049251, 51.50025893916618 ], [ -0.07104991779119, 51.500276201212806 ], [ -0.071019982192148, 51.500302686711855 ], [ -0.07101678230035, 51.500307831845682 ], [ -0.071014431643328, 51.500311633054004 ], [ -0.070957440139986, 51.500403527014463 ], [ -0.070942675236918, 51.500427312576008 ], [ -0.07091107181263, 51.500481675045677 ], [ -0.070896063049239, 51.500507479951047 ], [ -0.07083884949209, 51.500497536462653 ], [ -0.070565659249609, 51.500484055502469 ], [ -0.070479377491694, 51.500480063091004 ], [ -0.070433897080362, 51.5004798988315 ], [ -0.070424487563903, 51.500477531699445 ], [ -0.070383647780934, 51.50047563628565 ], [ -0.070377756542648, 51.500479684938156 ], [ -0.070328386668409, 51.500479501562793 ], [ -0.070277691383538, 51.500479314328622 ], [ -0.070259923632719, 51.500480388668024 ], [ -0.070220779069032, 51.50058770179362 ], [ -0.070214780451102, 51.500604176609258 ], [ -0.070147646945918, 51.500729391946983 ], [ -0.070137229532507, 51.500748824542555 ], [ -0.070062604237437, 51.500887990068783 ], [ -0.070058426704951, 51.500895807893187 ], [ -0.070042723153334, 51.500925081395174 ], [ -0.069865416861799, 51.500913024849091 ], [ -0.069316373192915, 51.500875681219703 ], [ -0.069057390068557, 51.50085806031634 ], [ -0.06905016320438, 51.500857572544973 ], [ -0.068859840950975, 51.500844625577336 ], [ -0.068821509386523, 51.500842015558462 ], [ -0.068769651083008, 51.500902698206716 ], [ -0.068760874560086, 51.500912958159439 ], [ -0.068733316632677, 51.500954383136595 ], [ -0.068683940385566, 51.501028595722993 ], [ -0.068479580167954, 51.500960552218892 ], [ -0.068442240378924, 51.50094812038629 ], [ -0.068257687023288, 51.500886679859853 ], [ -0.068196517522055, 51.500866715306728 ] ] ] } },
{ "type": "Feature", "properties": { "lsoa21cd": "E01003939", "lsoa21nm": "Southwark 002E", "msoa21cd": "E02000808", "msoa21nm": "Southwark 002", "lad22cd": "E09000028", "lad22nm": "Southwark", "index_right": 249, "GSS_CODE": "E05011104", "risk_score": 3.9127661095832433, "allocation_hours": 50.249519239390985, "patrol_units": 25 }, "geometry": { "type": "Polygon", "coordinates": [ [ [ -0.088738438975858, 51.50176999971071 ], [ -0.088807428620215, 51.501650530938662 ], [ -0.088809588043056, 51.501646789165051 ], [ -0.08881468438063, 51.501637942393813 ], [ -0.088818100760236, 51.501632053845611 ], [ -0.088833899147573, 51.501604703488333 ], [ -0.088844261096783, 51.501586751911283 ], [ -0.088854607510442, 51.501568827058335 ], [ -0.088863679554475, 51.501553120637709 ], [ -0.088924188754576, 51.501420060434228 ], [ -0.088934522722083, 51.501390381829339 ], [ -0.088935489222243, 51.501387600827556 ], [ -0.088964441456859, 51.501304502804928 ], [ -0.088965949307262, 51.501300147896785 ], [ -0.08898486049222, 51.501245925698576 ], [ -0.088986188213705, 51.501242087637003 ], [ -0.089006067419731, 51.501185046687297 ], [ -0.089019457832057, 51.501157387285616 ], [ -0.089085250982305, 51.501021643299872 ], [ -0.089366843216829, 51.50121740781573 ], [ -0.089500317798692, 51.501310193074524 ], [ -0.089501758896191, 51.501325684101715 ], [ -0.089529530140017, 51.501394418505328 ], [ -0.089651444873133, 51.501504542203648 ], [ -0.089815121660113, 51.501653807967379 ], [ -0.089877342177954, 51.501710549423109 ], [ -0.089848227783261, 51.501762080436272 ], [ -0.090093251899885, 51.501760611931097 ], [ -0.09049998256826, 51.501758169511454 ], [ -0.090655347584609, 51.501757236538708 ], [ -0.090667659613001, 51.501636466281326 ], [ -0.090668665200739, 51.501626545644953 ], [ -0.090674347070351, 51.501570779574102 ], [ -0.090663238949366, 51.501568516924877 ], [ -0.090635178398341, 51.50155007460431 ], [ -0.090623410038039, 51.501486933669547 ], [ -0.090667245567159, 51.50106850342592 ], [ -0.090671372144612, 51.501029083363264 ], [ -0.090484565008428, 51.501017049524336 ], [ -0.09022689215543, 51.500976883263071 ], [ -0.0901269178779, 51.500955723132947 ], [ -0.090119191349295, 51.500954086536694 ], [ -0.08998743991865, 51.500926194852468 ], [ -0.090030664092553, 51.500851818118363 ], [ -0.090122766552435, 51.500693264619876 ], [ -0.090124213854765, 51.500612155452295 ], [ -0.090297170030647, 51.500559486202739 ], [ -0.090310280384169, 51.500557793191987 ], [ -0.090405738910517, 51.500478536459077 ], [ -0.090424394104313, 51.500463047036398 ], [ -0.090481497498409, 51.500422307697384 ], [ -0.090526089354615, 51.500393060672906 ], [ -0.09061578129625, 51.500338603618829 ], [ -0.090660166337483, 51.500314299213542 ], [ -0.090679799580141, 51.500304429980382 ], [ -0.090694484712852, 51.500287124095003 ], [ -0.090716482813835, 51.500263768194749 ], [ -0.090808574493596, 51.50017498861051 ], [ -0.091186979801101, 51.500118746450383 ], [ -0.091196215066089, 51.500117376964141 ], [ -0.091234462844872, 51.500111694558043 ], [ -0.091247335795156, 51.500109782648707 ], [ -0.091258455995467, 51.500108129084595 ], [ -0.091087311514094, 51.499857970181878 ], [ -0.091080927073129, 51.499848702621804 ], [ -0.090931561460909, 51.499630444615434 ], [ -0.090876222482726, 51.499575587135972 ], [ -0.09085289174477, 51.499554317127547 ], [ -0.090842412914288, 51.499544767080764 ], [ -0.090419589789712, 51.499159305350474 ], [ -0.090369764403287, 51.499113889881599 ], [ -0.0903045204263, 51.499054401422477 ], [ -0.090112882082853, 51.498879707498617 ], [ -0.089917332066434, 51.498696262491954 ], [ -0.089873134026632, 51.498654805339228 ], [ -0.089865272960861, 51.498647438115221 ], [ -0.08984946820786, 51.498632612391965 ], [ -0.090153395510407, 51.498510394649429 ], [ -0.090171859665427, 51.498502970497476 ], [ -0.090211791125486, 51.498487280798585 ], [ -0.090611310689141, 51.498330269511996 ], [ -0.090654157250194, 51.498367531725997 ], [ -0.090747246898583, 51.498448480454833 ], [ -0.090757215161612, 51.498457140910901 ], [ -0.090915563311657, 51.498594826153685 ], [ -0.0909427066952, 51.498564512611701 ], [ -0.091031450459204, 51.498641910151804 ], [ -0.091482762506381, 51.498673877050855 ], [ -0.091501380836491, 51.498676895830172 ], [ -0.091589318924078, 51.498691195397264 ], [ -0.091601840912043, 51.498693224679727 ], [ -0.091738298238514, 51.498741119277256 ], [ -0.091743272338245, 51.49874414084708 ], [ -0.091811512057277, 51.498785412869992 ], [ -0.091823055926367, 51.498798784107883 ], [ -0.091927308125801, 51.498919544674116 ], [ -0.091934990184884, 51.498928446608637 ], [ -0.092013926440537, 51.499086843730261 ], [ -0.091888099281108, 51.499151406371816 ], [ -0.091852741354746, 51.499164877884915 ], [ -0.091846035502202, 51.499167439647344 ], [ -0.091695861819392, 51.499224681550935 ], [ -0.091639200756793, 51.499246277603945 ], [ -0.091656583990876, 51.499264033425987 ], [ -0.091663506813965, 51.499271106481338 ], [ -0.091791196990534, 51.499401627968169 ], [ -0.091826332338727, 51.499440041239119 ], [ -0.09201474213954, 51.499646010566309 ], [ -0.092066771010054, 51.499702881982493 ], [ -0.09209711446642, 51.499768753129473 ], [ -0.092100666614671, 51.499776499743163 ], [ -0.092103651821992, 51.499782987137245 ], [ -0.092144864969905, 51.49987251524562 ], [ -0.092146028030597, 51.499875025165906 ], [ -0.092351654394716, 51.500046606741591 ], [ -0.092354870810741, 51.500049284947366 ], [ -0.09236213563492, 51.500060248403095 ], [ -0.092367340287179, 51.500068102818858 ], [ -0.092460428332927, 51.500208573290422 ], [ -0.092463301377392, 51.500212918566667 ], [ -0.092517022076947, 51.500301408928983 ], [ -0.092569584658183, 51.500387964965654 ], [ -0.092584615417801, 51.50041273272204 ], [ -0.092637029993322, 51.500384511406189 ], [ -0.092681130834639, 51.500360777167593 ], [ -0.092715665946755, 51.500342184115532 ], [ -0.092901370682392, 51.50024220934975 ], [ -0.09304864892569, 51.500162913466468 ], [ -0.093158473133406, 51.500103790833421 ], [ -0.093215810140466, 51.500072915486925 ], [ -0.093229208224893, 51.500065705256738 ], [ -0.09351163109572, 51.499913650888679 ], [ -0.093547492150624, 51.499894341744373 ], [ -0.093557441384056, 51.499888981890258 ], [ -0.093557816534081, 51.49987999520522 ], [ -0.093585793501114, 51.499862824083316 ], [ -0.093648489701136, 51.499824355803092 ], [ -0.093978160936651, 51.499622070210677 ], [ -0.094062593498316, 51.499570249941243 ], [ -0.094355147760832, 51.499390714438967 ], [ -0.094385873817637, 51.499371870177704 ], [ -0.094513631068282, 51.499415681276751 ], [ -0.094485376113212, 51.49944988941504 ], [ -0.094494088565966, 51.499511460642097 ], [ -0.094505449034496, 51.499591752891817 ], [ -0.094641636686715, 51.499606186494681 ], [ -0.094803090028902, 51.499644942141074 ], [ -0.094819922259375, 51.499650035681647 ], [ -0.094963731571555, 51.499708000849516 ], [ -0.094896102508174, 51.499796362565689 ], [ -0.094804883588882, 51.499915546014712 ], [ -0.094835701588838, 51.499928348717006 ], [ -0.094848447937655, 51.499933645668008 ], [ -0.094949090100962, 51.500065900450799 ], [ -0.095042082945891, 51.500188117264017 ], [ -0.094896619389132, 51.500251279658741 ], [ -0.094339776400464, 51.500492475967668 ], [ -0.094317516037425, 51.50050213225699 ], [ -0.094287743340294, 51.500515029784133 ], [ -0.094279112552057, 51.50052021327712 ], [ -0.094219925441602, 51.500555717312068 ], [ -0.094166176444727, 51.500587964366012 ], [ -0.094122609808629, 51.500614099891607 ], [ -0.093887794455024, 51.500754986866191 ], [ -0.093871783500624, 51.500765419078448 ], [ -0.093782428536985, 51.500823606995183 ], [ -0.093774104649454, 51.500829029249502 ], [ -0.093714356621711, 51.500867941157779 ], [ -0.093675818297591, 51.500893034137299 ], [ -0.093644150251913, 51.500916116472617 ], [ -0.09355213348603, 51.500983172781304 ], [ -0.093535563781298, 51.500995250533961 ], [ -0.093492958575364, 51.501026293511892 ], [ -0.093316776475357, 51.501166963269725 ], [ -0.093246698137566, 51.501226543250851 ], [ -0.093235110089336, 51.501236462743364 ], [ -0.093181391446102, 51.50128937341028 ], [ -0.093169826086938, 51.501301129588548 ], [ -0.093157516333183, 51.501313321503723 ], [ -0.093104895657444, 51.501365433439808 ], [ -0.093073406454435, 51.501396638992738 ], [ -0.09304881713541, 51.501420987319932 ], [ -0.093013240227193, 51.501456227099936 ], [ -0.092996676489278, 51.501472639384815 ], [ -0.092933158364112, 51.50153554523957 ], [ -0.092911454711557, 51.501557035790249 ], [ -0.092758219826533, 51.501740181914251 ], [ -0.092647948044923, 51.501871994325079 ], [ -0.092527159187867, 51.50206722345137 ], [ -0.09249365950913, 51.502121354678245 ], [ -0.092467050270066, 51.50216437498166 ], [ -0.092457012155288, 51.502180227847795 ], [ -0.092260067243464, 51.502498893815186 ], [ -0.092250764013303, 51.502513949265527 ], [ -0.092214466667825, 51.502572603224024 ], [ -0.09220530351346, 51.502587409151268 ], [ -0.092173070156756, 51.502639492536709 ], [ -0.092154727510605, 51.502669149081242 ], [ -0.092141191188476, 51.502691024125255 ], [ -0.092126433951751, 51.502714875701891 ], [ -0.092114885838596, 51.50272882448494 ], [ -0.092075218827449, 51.502776731183673 ], [ -0.091933742011257, 51.502947621408005 ], [ -0.091929993854329, 51.502952146743496 ], [ -0.09191935652199, 51.50296498622663 ], [ -0.091879431162779, 51.503013203397693 ], [ -0.091764995823747, 51.503151412966368 ], [ -0.091719742896781, 51.503206081142139 ], [ -0.091717709377954, 51.503208538153686 ], [ -0.091608173058941, 51.503340865959338 ], [ -0.091559263927495, 51.503399917004323 ], [ -0.091547876235984, 51.503413121937832 ], [ -0.091544016186787, 51.503417564504453 ], [ -0.091366943310599, 51.503622604842619 ], [ -0.091317988366229, 51.503679289936592 ], [ -0.091310144715197, 51.50368837088358 ], [ -0.091115399354444, 51.503913851539295 ], [ -0.091029419575435, 51.503996192780626 ], [ -0.090977948835212, 51.504045480695275 ], [ -0.090940632519167, 51.504081222061814 ], [ -0.090921208768366, 51.504099826678207 ], [ -0.090774200772547, 51.504205679635874 ], [ -0.090760413588381, 51.504215608033832 ], [ -0.090567052165174, 51.504354815705028 ], [ -0.090347019911194, 51.504513255965172 ], [ -0.09012088020879, 51.504676083730168 ], [ -0.090116571930847, 51.504679179026603 ], [ -0.090094078116269, 51.504695377403365 ], [ -0.089924112034976, 51.504817752794423 ], [ -0.089891931590191, 51.504840915644508 ], [ -0.089872111934844, 51.504855188113225 ], [ -0.089828283228766, 51.504886740334186 ], [ -0.089761384517838, 51.504938267415788 ], [ -0.08970482024891, 51.504981806346571 ], [ -0.089653153637531, 51.505021594105862 ], [ -0.089625548796207, 51.505042844006567 ], [ -0.089541959372264, 51.505107201546018 ], [ -0.089529020492675, 51.505117161596395 ], [ -0.089437378283858, 51.505187655839201 ], [ -0.089362122862552, 51.505159253808728 ], [ -0.089143505288587, 51.505076780792386 ], [ -0.088736020869098, 51.504923033236139 ], [ -0.088677547642762, 51.504900969863229 ], [ -0.088616279645077, 51.504877858223679 ], [ -0.088532102426552, 51.504846090864739 ], [ -0.088417908235933, 51.504803006943042 ], [ -0.08776718976093, 51.504557499710536 ], [ -0.087748199410293, 51.504550238692296 ], [ -0.087732488826162, 51.504543112079674 ], [ -0.087338173856571, 51.504364156424408 ], [ -0.087175923668446, 51.504290521606301 ], [ -0.087132455721493, 51.504270784014821 ], [ -0.087280056346343, 51.504103183116818 ], [ -0.087686635118682, 51.503641461074949 ], [ -0.087718754427825, 51.50360497056495 ], [ -0.087951313910497, 51.503340876727535 ], [ -0.087973285723843, 51.503302736911827 ], [ -0.087981040023999, 51.503289266270066 ], [ -0.088102094589156, 51.503078947553028 ], [ -0.088106058423279, 51.503072033785237 ], [ -0.088119344445692, 51.503048959109499 ], [ -0.088127017042785, 51.503018167070763 ], [ -0.088160474789228, 51.502883964937219 ], [ -0.088162493142433, 51.502869141798037 ], [ -0.088168308323505, 51.502825927456371 ], [ -0.08816294855564, 51.502556812690948 ], [ -0.088162216247626, 51.502519930438446 ], [ -0.088154414270659, 51.502489119968097 ], [ -0.088134383955802, 51.502410016891211 ], [ -0.088121801163573, 51.502380513374689 ], [ -0.08804992252006, 51.502212067370237 ], [ -0.088065341511532, 51.50221065505356 ], [ -0.088083246167887, 51.502209067426762 ], [ -0.088107328186872, 51.502206888048981 ], [ -0.088371735794309, 51.502183023410176 ], [ -0.08837778702197, 51.502177528537224 ], [ -0.08838902103267, 51.502167320495658 ], [ -0.088397230867294, 51.502159859913526 ], [ -0.088446628996252, 51.502114972776617 ], [ -0.088468004369497, 51.502092776289906 ], [ -0.088482465472618, 51.50207776024471 ], [ -0.088523679526269, 51.50203496540324 ], [ -0.088545339567397, 51.502012472283212 ], [ -0.088562980376193, 51.501994158242603 ], [ -0.08857372103815, 51.501982997902438 ], [ -0.088601596094829, 51.501949063844741 ], [ -0.088621378904981, 51.501924979873692 ], [ -0.08863499822521, 51.501908385350106 ], [ -0.088664817068612, 51.501872072891878 ], [ -0.088678889788049, 51.501852563103647 ], [ -0.088728541715573, 51.501783732251234 ], [ -0.088738438975858, 51.50176999971071 ] ] ] } },
{ "type": "Feature", "properties": { "lsoa21cd": "E01003981", "lsoa21nm": "Southwark 006F", "msoa21cd": "E02000812", "msoa21nm": "Southwark 006", "lad22cd": "E09000028", "lad22nm": "Southwark", "index_right": 249, "GSS_CODE": "E05011104", "risk_score": 3.4366587382156761, "allocation_hours": 44.135132167044702, "patrol_units": 22 }, "geometry": { "type": "Polygon", "coordinates": [ [ [ -0.081704673736007, 51.502510421792387 ], [ -0.081764913106161, 51.502448458575977 ], [ -0.081857348246341, 51.502306087556512 ], [ -0.082129783176167, 51.502371157351014 ], [ -0.082342387608064, 51.502421938257768 ], [ -0.082350494969401, 51.502423770548205 ], [ -0.082512475614629, 51.502460440493408 ], [ -0.082518042995106, 51.502470774325658 ], [ -0.082598929988586, 51.502489085039294 ], [ -0.082660670564032, 51.502475409994197 ], [ -0.082921129204862, 51.502417728840392 ], [ -0.082977080638092, 51.502405343810061 ], [ -0.083042686871103, 51.502390194033538 ], [ -0.08304983078197, 51.502388548307778 ], [ -0.083123321025154, 51.502353779364064 ], [ -0.083171662116017, 51.502323257281766 ], [ -0.083204077395175, 51.50230278039465 ], [ -0.083345357596022, 51.502213526851335 ], [ -0.083374532928286, 51.502205011243014 ], [ -0.083374728473132, 51.502191084669263 ], [ -0.083376209305054, 51.502088870296909 ], [ -0.083377564972754, 51.501994099874203 ], [ -0.083387998911652, 51.501986159049714 ], [ -0.083436535627504, 51.501949246202599 ], [ -0.083447281731324, 51.501941076666014 ], [ -0.083436761599021, 51.501928071967647 ], [ -0.083439231021045, 51.501693482460411 ], [ -0.08341552568909, 51.501690976999285 ], [ -0.083418595919177, 51.501675330360186 ], [ -0.083448228045168, 51.501544700623342 ], [ -0.083458163560734, 51.501500915521518 ], [ -0.083359314194523, 51.501281359612662 ], [ -0.083327953573159, 51.50125201596952 ], [ -0.083338598497537, 51.501246596567874 ], [ -0.0838980163427, 51.500961195437995 ], [ -0.083926109311982, 51.500946861657688 ], [ -0.08383328293096, 51.500861180800392 ], [ -0.083753467992819, 51.500787511111561 ], [ -0.083785273928479, 51.500787014972481 ], [ -0.084746878748296, 51.500771969375641 ], [ -0.085040744621341, 51.500767372357622 ], [ -0.085087574078902, 51.500766635114111 ], [ -0.085351406798931, 51.500762506942849 ], [ -0.085370457935189, 51.500761777465129 ], [ -0.085393472072132, 51.500790171870875 ], [ -0.085426103187848, 51.500851090883984 ], [ -0.085446921629008, 51.500889964670264 ], [ -0.085474521170893, 51.500953364475777 ], [ -0.085495497626093, 51.50100153035126 ], [ -0.085505056571343, 51.501000697174021 ], [ -0.085527284782696, 51.501035160527827 ], [ -0.085952824737131, 51.501023490535601 ], [ -0.086024950193116, 51.501021511046339 ], [ -0.086100566520092, 51.501019435597748 ], [ -0.086012221883461, 51.500963551850305 ], [ -0.086000778132901, 51.500954696089863 ], [ -0.086096067955285, 51.500865505086388 ], [ -0.086099873178958, 51.500860315406648 ], [ -0.086113902422263, 51.500841173923995 ], [ -0.08612314805117, 51.500828564062246 ], [ -0.086132670484878, 51.500803162020539 ], [ -0.086132826764121, 51.50079324555756 ], [ -0.08613288596806, 51.500789082876274 ], [ -0.086136315346399, 51.50056631625111 ], [ -0.08613650202952, 51.500559799546842 ], [ -0.086132418110062, 51.500548950591181 ], [ -0.086094026194128, 51.50044703836825 ], [ -0.085855781625444, 51.500521019231883 ], [ -0.085175921139044, 51.500338276632682 ], [ -0.085081524184697, 51.500326447761061 ], [ -0.085120471514603, 51.500247371374797 ], [ -0.085137825041651, 51.500212178061417 ], [ -0.085162440924642, 51.500162193233784 ], [ -0.085170314953325, 51.500146215663989 ], [ -0.085257325026178, 51.49996960551529 ], [ -0.085270506736654, 51.499942842282358 ], [ -0.085284541553971, 51.499902603764362 ], [ -0.085299918261024, 51.499858538229056 ], [ -0.085302392684053, 51.4998514113555 ], [ -0.085336011931192, 51.499755062671476 ], [ -0.085339562178309, 51.499750111632785 ], [ -0.085376410768303, 51.499698734724824 ], [ -0.085412524081464, 51.499648397962147 ], [ -0.085771821137955, 51.499229361318648 ], [ -0.085780287901096, 51.499233195544555 ], [ -0.085789945138045, 51.499237570781659 ], [ -0.085846743822142, 51.499263290914982 ], [ -0.085861858924887, 51.499270138311608 ], [ -0.085866652497332, 51.499272302872811 ], [ -0.085902171189288, 51.499288386122515 ], [ -0.086019480113555, 51.4993396260232 ], [ -0.086115296639192, 51.499381486322712 ], [ -0.086121140633343, 51.499384027725725 ], [ -0.086190230353376, 51.499414201842455 ], [ -0.086388854526787, 51.499500958794336 ], [ -0.08657955577271, 51.499584258808639 ], [ -0.08659271896037, 51.49959093037981 ], [ -0.086596429632994, 51.499592807460083 ], [ -0.086731142800769, 51.499661124604103 ], [ -0.086760156224461, 51.499675846971869 ], [ -0.086800887025709, 51.499696502367328 ], [ -0.086808942773401, 51.499700590602991 ], [ -0.086911736472814, 51.49975271690942 ], [ -0.086919905167712, 51.499756860936174 ], [ -0.08706417783461, 51.499830023348323 ], [ -0.087162780577673, 51.49988002172141 ], [ -0.087322201675322, 51.499949563046528 ], [ -0.087515859155453, 51.500033333246819 ], [ -0.08752327443213, 51.500036547679336 ], [ -0.087584505275641, 51.500063135068743 ], [ -0.087589005114837, 51.500065092429494 ], [ -0.087803618792304, 51.50015825867235 ], [ -0.087883509497065, 51.500219237313623 ], [ -0.087890672004855, 51.50022470479378 ], [ -0.087896968715442, 51.500229515174013 ], [ -0.087940236197389, 51.500257401252526 ], [ -0.087982047870231, 51.500284269878236 ], [ -0.088091367087052, 51.500340278455788 ], [ -0.08811699819927, 51.500348223223448 ], [ -0.088123882401495, 51.500350358816839 ], [ -0.088238126073154, 51.500385800058012 ], [ -0.088242706326068, 51.500387214639119 ], [ -0.088500168111769, 51.500467076153072 ], [ -0.088772366605815, 51.500551502614179 ], [ -0.088782238065567, 51.500554559134414 ], [ -0.088787287103476, 51.500556134204331 ], [ -0.088879769694015, 51.500584817248374 ], [ -0.088886995386568, 51.500587057273066 ], [ -0.088997574424857, 51.500630558393091 ], [ -0.089130336558198, 51.50068281105716 ], [ -0.089166157271868, 51.500696892763735 ], [ -0.089243127646336, 51.500727175320819 ], [ -0.089215009098128, 51.500773155885447 ], [ -0.089169697654054, 51.500847111615677 ], [ -0.08916582584148, 51.500855106055724 ], [ -0.08911424409228, 51.500961657300032 ], [ -0.089085250982305, 51.501021643299872 ], [ -0.089019457832057, 51.501157387285616 ], [ -0.089006067419731, 51.501185046687297 ], [ -0.088986188213705, 51.501242087637003 ], [ -0.08898486049222, 51.501245925698576 ], [ -0.088965949307262, 51.501300147896785 ], [ -0.088964441456859, 51.501304502804928 ], [ -0.088935489222243, 51.501387600827556 ], [ -0.088934522722083, 51.501390381829339 ], [ -0.088924188754576, 51.501420060434228 ], [ -0.088863679554475, 51.501553120637709 ], [ -0.088854607510442, 51.501568827058335 ], [ -0.088844261096783, 51.501586751911283 ], [ -0.088833899147573, 51.501604703488333 ], [ -0.088818100760236, 51.501632053845611 ], [ -0.08881468438063, 51.501637942393813 ], [ -0.088809588043056, 51.501646789165051 ], [ -0.088807428620215, 51.501650530938662 ], [ -0.088738438975858, 51.50176999971071 ], [ -0.088728541715573, 51.501783732251234 ], [ -0.088678889788049, 51.501852563103647 ], [ -0.088664817068612, 51.501872072891878 ], [ -0.08863499822521, 51.501908385350106 ], [ -0.088621378904981, 51.501924979873692 ], [ -0.088601596094829, 51.501949063844741 ], [ -0.08857372103815, 51.501982997902438 ], [ -0.088562980376193, 51.501994158242603 ], [ -0.088545339567397, 51.502012472283212 ], [ -0.088523679526269, 51.50203496540324 ], [ -0.088482465472618, 51.50207776024471 ], [ -0.088468004369497, 51.502092776289906 ], [ -0.088446628996252, 51.502114972776617 ], [ -0.088397230867294, 51.502159859913526 ], [ -0.08838902103267, 51.502167320495658 ], [ -0.08837778702197, 51.502177528537224 ], [ -0.088371735794309, 51.502183023410176 ], [ -0.088107328186872, 51.502206888048981 ], [ -0.088083246167887, 51.502209067426762 ], [ -0.088065341511532, 51.50221065505356 ], [ -0.08804992252006, 51.502212067370237 ], [ -0.088121801163573, 51.502380513374689 ], [ -0.088134383955802, 51.502410016891211 ], [ -0.088154414270659, 51.502489119968097 ], [ -0.088162216247626, 51.502519930438446 ], [ -0.08816294855564, 51.502556812690948 ], [ -0.088168308323505, 51.502825927456371 ], [ -0.088162493142433, 51.502869141798037 ], [ -0.088160474789228, 51.502883964937219 ], [ -0.088127017042785, 51.503018167070763 ], [ -0.088119344445692, 51.503048959109499 ], [ -0.088106058423279, 51.503072033785237 ], [ -0.088102094589156, 51.503078947553028 ], [ -0.087981040023999, 51.503289266270066 ], [ -0.087973285723843, 51.503302736911827 ], [ -0.087951313910497, 51.503340876727535 ], [ -0.087718754427825, 51.50360497056495 ], [ -0.087686635118682, 51.503641461074949 ], [ -0.087280056346343, 51.504103183116818 ], [ -0.087132455721493, 51.504270784014821 ], [ -0.087175923668446, 51.504290521606301 ], [ -0.087338173856571, 51.504364156424408 ], [ -0.087732488826162, 51.504543112079674 ], [ -0.087748199410293, 51.504550238692296 ], [ -0.08776718976093, 51.504557499710536 ], [ -0.088417908235933, 51.504803006943042 ], [ -0.088532102426552, 51.504846090864739 ], [ -0.088616279645077, 51.504877858223679 ], [ -0.088677547642762, 51.504900969863229 ], [ -0.088736020869098, 51.504923033236139 ], [ -0.089143505288587, 51.505076780792386 ], [ -0.089362122862552, 51.505159253808728 ], [ -0.089437378283858, 51.505187655839201 ], [ -0.089415915257164, 51.505206757546972 ], [ -0.089344426187033, 51.505270160978888 ], [ -0.08931744412848, 51.505294082805513 ], [ -0.089004386079543, 51.505571660768311 ], [ -0.088912451675207, 51.505658732463715 ], [ -0.088895788846, 51.505674513024601 ], [ -0.088874069641119, 51.505695076272815 ], [ -0.088864249374433, 51.505704367642238 ], [ -0.088772651603048, 51.5057911299604 ], [ -0.088747105241485, 51.505815335833859 ], [ -0.088675985444926, 51.505882436379743 ], [ -0.088657876199196, 51.505895760792967 ], [ -0.08839908266345, 51.506085822568636 ], [ -0.088389849682823, 51.5060926126909 ], [ -0.088367979773323, 51.506084587212946 ], [ -0.088162350806443, 51.506000552482689 ], [ -0.088157497982058, 51.505998063319488 ], [ -0.088149610703545, 51.505994018405367 ], [ -0.088104483451584, 51.505970877333993 ], [ -0.087883255536692, 51.505857451312281 ], [ -0.087738431869234, 51.50578321105781 ], [ -0.087731082207227, 51.505779440167814 ], [ -0.087613965339693, 51.505719401423782 ], [ -0.087532096733879, 51.505677428238464 ], [ -0.087516951470309, 51.505669663334913 ], [ -0.087506837112968, 51.505664813182605 ], [ -0.087485604819087, 51.505654646872898 ], [ -0.087208782133431, 51.505521994792879 ], [ -0.087027700234775, 51.505435219964475 ], [ -0.086911300620345, 51.505379427816642 ], [ -0.086873780932893, 51.505361459800348 ], [ -0.086558795853752, 51.505210517449861 ], [ -0.08643281934867, 51.505150148656156 ], [ -0.085941573694227, 51.504914733044352 ], [ -0.085936078387394, 51.504912107407279 ], [ -0.085879617346879, 51.504885044042972 ], [ -0.085776684694301, 51.504835718732792 ], [ -0.085770607737793, 51.504832806618239 ], [ -0.085474574606591, 51.504678865880223 ], [ -0.085339180519115, 51.504608450176327 ], [ -0.085207410700297, 51.504539928009088 ], [ -0.085116991892165, 51.504497633723702 ], [ -0.084854399622018, 51.504374793917499 ], [ -0.084493828224083, 51.504206141058752 ], [ -0.084301799315927, 51.504116330026491 ], [ -0.08425763670644, 51.504095662180816 ], [ -0.08418988758701, 51.504063961318877 ], [ -0.084040294400229, 51.503989636663064 ], [ -0.083983001086762, 51.50396116416087 ], [ -0.083974445902955, 51.503956912802529 ], [ -0.083952667645623, 51.503946090973592 ], [ -0.083745203537142, 51.503843005187449 ], [ -0.083527126180262, 51.503734637600608 ], [ -0.083295598394448, 51.503619583847481 ], [ -0.083160927707878, 51.503552669378777 ], [ -0.083135166293983, 51.503540493590826 ], [ -0.082910867503647, 51.503434481742076 ], [ -0.082748855827193, 51.503357935257775 ], [ -0.082648556903433, 51.503284748037949 ], [ -0.082606432407672, 51.503254014074358 ], [ -0.082549044813385, 51.503228515946205 ], [ -0.082450576704838, 51.503184760306411 ], [ -0.082239447753742, 51.503090941932882 ], [ -0.082176553933263, 51.503062994724296 ], [ -0.081819789382307, 51.502904461719893 ], [ -0.081775982064706, 51.502884994812618 ], [ -0.08171969891981, 51.502859981988216 ], [ -0.081682738314377, 51.502844233208315 ], [ -0.081640172674809, 51.502826081531715 ], [ -0.081494016572613, 51.502763770321906 ], [ -0.081484872142624, 51.502759870648603 ], [ -0.081424984106349, 51.502734344538382 ], [ -0.081506311765008, 51.502672452419517 ], [ -0.081614880736237, 51.502589886700164 ], [ -0.081704673736007, 51.502510421792387 ] ] ] } },
{ "type": "Feature", "properties": { "lsoa21cd": "E01033884", "lsoa21nm": "Southwark 035A", "msoa21cd": "E02006941", "msoa21nm": "Southwark 035", "lad22cd": "E09000028", "lad22nm": "Southwark", "index_right": 249, "GSS_CODE": "E05011104", "risk_score": 4.0510409479727176, "allocation_hours": 52.025307507173657, "patrol_units": 26 }, "geometry": { "type": "Polygon", "coordinates": [ [ [ -0.076996956800512, 51.503098731416337 ], [ -0.077073484946411, 51.503025500299024 ], [ -0.077117071272411, 51.502983796727207 ], [ -0.077138263117768, 51.502953101511899 ], [ -0.077232468907878, 51.502816617654879 ], [ -0.077240717871919, 51.502806154154193 ], [ -0.077243364434353, 51.502806745233073 ], [ -0.077411127552909, 51.502843999976136 ], [ -0.07742581718735, 51.502847262521513 ], [ -0.077492370322372, 51.502862042158242 ], [ -0.077615677894199, 51.502889425314876 ], [ -0.077759653978926, 51.502921398222725 ], [ -0.077931476373595, 51.502959557833798 ], [ -0.077939341883237, 51.502961314519837 ], [ -0.077991572246088, 51.502969462437143 ], [ -0.078068178531177, 51.502981412942674 ], [ -0.07809134583377, 51.502987638155894 ], [ -0.078101008829854, 51.502981951343649 ], [ -0.078183358166882, 51.502983301792462 ], [ -0.078188731053471, 51.502982281995202 ], [ -0.078202829337758, 51.502979604036028 ], [ -0.078226948588638, 51.502975023871095 ], [ -0.078256125345049, 51.502966509578201 ], [ -0.078286058578664, 51.502940022205394 ], [ -0.078287193309237, 51.502913062596697 ], [ -0.078287949795297, 51.502895089524159 ], [ -0.078279208871756, 51.502877158555265 ], [ -0.078284522280986, 51.502874025383818 ], [ -0.078360766027362, 51.502829197692854 ], [ -0.078528860172698, 51.502730317892564 ], [ -0.078707782803616, 51.502847998670227 ], [ -0.078833986575613, 51.502931011259705 ], [ -0.078874915547013, 51.502985638645072 ], [ -0.078887424183035, 51.503030807394914 ], [ -0.07887602010729, 51.503062122018413 ], [ -0.078910797000444, 51.503074958200536 ], [ -0.078940972698962, 51.503086090363574 ], [ -0.078970490040275, 51.503096979714492 ], [ -0.079049827718902, 51.502908605313088 ], [ -0.079052661464915, 51.502901871235494 ], [ -0.079235039272232, 51.50246891038946 ], [ -0.079276291725612, 51.502370963095807 ], [ -0.079311828930996, 51.50228659108538 ], [ -0.07940222359971, 51.502071985915805 ], [ -0.079441058012569, 51.501979781256395 ], [ -0.079421983314829, 51.501969441756692 ], [ -0.079468191089737, 51.501915352256468 ], [ -0.07948257310029, 51.501898519714288 ], [ -0.079483359015895, 51.501880520129632 ], [ -0.07957353330125, 51.501716335294233 ], [ -0.080124566817166, 51.502007652944769 ], [ -0.080151676381633, 51.502021891916456 ], [ -0.080176582799371, 51.502035069618543 ], [ -0.080261216714839, 51.502085196686956 ], [ -0.080294662586435, 51.502105007008119 ], [ -0.080396307748946, 51.502165214723725 ], [ -0.080573098142074, 51.502269926201684 ], [ -0.080707388798458, 51.502349472151693 ], [ -0.08077014774532, 51.502386650772358 ], [ -0.080814953615723, 51.502413191905269 ], [ -0.081052635146265, 51.502553982321153 ], [ -0.08109519456054, 51.502575356205028 ], [ -0.081255088941054, 51.502655659797689 ], [ -0.081337498532781, 51.502697053708502 ], [ -0.081365526321018, 51.502709005297014 ], [ -0.081424984106349, 51.502734344538382 ], [ -0.081484872142624, 51.502759870648603 ], [ -0.081494016572613, 51.502763770321906 ], [ -0.081640172674809, 51.502826081531715 ], [ -0.081682738314377, 51.502844233208315 ], [ -0.08171969891981, 51.502859981988216 ], [ -0.081775982064706, 51.502884994812618 ], [ -0.081819789382307, 51.502904461719893 ], [ -0.082176553933263, 51.503062994724296 ], [ -0.082239447753742, 51.503090941932882 ], [ -0.082450576704838, 51.503184760306411 ], [ -0.082549044813385, 51.503228515946205 ], [ -0.082606432407672, 51.503254014074358 ], [ -0.082648556903433, 51.503284748037949 ], [ -0.082748855827193, 51.503357935257775 ], [ -0.082910867503647, 51.503434481742076 ], [ -0.083135166293983, 51.503540493590826 ], [ -0.083160927707878, 51.503552669378777 ], [ -0.083295598394448, 51.503619583847481 ], [ -0.083527126180262, 51.503734637600608 ], [ -0.083745203537142, 51.503843005187449 ], [ -0.083952667645623, 51.503946090973592 ], [ -0.083974445902955, 51.503956912802529 ], [ -0.083983001086762, 51.50396116416087 ], [ -0.084040294400229, 51.503989636663064 ], [ -0.08418988758701, 51.504063961318877 ], [ -0.08425763670644, 51.504095662180816 ], [ -0.084301799315927, 51.504116330026491 ], [ -0.084493828224083, 51.504206141058752 ], [ -0.084854399622018, 51.504374793917499 ], [ -0.085116991892165, 51.504497633723702 ], [ -0.085207410700297, 51.504539928009088 ], [ -0.085339180519115, 51.504608450176327 ], [ -0.085474574606591, 51.504678865880223 ], [ -0.085770607737793, 51.504832806618239 ], [ -0.085776684694301, 51.504835718732792 ], [ -0.085879617346879, 51.504885044042972 ], [ -0.085936078387394, 51.504912107407279 ], [ -0.085941573694227, 51.504914733044352 ], [ -0.08643281934867, 51.505150148656156 ], [ -0.086558795853752, 51.505210517449861 ], [ -0.086873780932893, 51.505361459800348 ], [ -0.086911300620345, 51.505379427816642 ], [ -0.087027700234775, 51.505435219964475 ], [ -0.087208782133431, 51.505521994792879 ], [ -0.087485604819087, 51.505654646872898 ], [ -0.087506837112968, 51.505664813182605 ], [ -0.087516951470309, 51.505669663334913 ], [ -0.087532096733879, 51.505677428238464 ], [ -0.087613965339693, 51.505719401423782 ], [ -0.087731082207227, 51.505779440167814 ], [ -0.087738431869234, 51.50578321105781 ], [ -0.087883255536692, 51.505857451312281 ], [ -0.088104483451584, 51.505970877333993 ], [ -0.088149610703545, 51.505994018405367 ], [ -0.088157497982058, 51.505998063319488 ], [ -0.088162350806443, 51.506000552482689 ], [ -0.088367979773323, 51.506084587212946 ], [ -0.088389849682823, 51.5060926126909 ], [ -0.088372774899991, 51.506126310819177 ], [ -0.088363560527417, 51.506145045420183 ], [ -0.088313498318927, 51.506246944692215 ], [ -0.088295917829496, 51.506282737070862 ], [ -0.08828960103998, 51.506295592669126 ], [ -0.088218612167051, 51.506420612891354 ], [ -0.088216411917019, 51.506425666925665 ], [ -0.088158836297679, 51.506557623333933 ], [ -0.088086103197203, 51.506705348714171 ], [ -0.088031167970096, 51.506816907560697 ], [ -0.088025955036721, 51.506827487985248 ], [ -0.087887447442384, 51.507123267775768 ], [ -0.087884504701502, 51.507129532712035 ], [ -0.087755360227641, 51.507417443431819 ], [ -0.08764056956406, 51.507858582617068 ], [ -0.086602958092261, 51.507776919483959 ], [ -0.086326280669392, 51.507755103282491 ], [ -0.086280424161272, 51.507751711175914 ], [ -0.086024535190502, 51.507732796404362 ], [ -0.08563731054583, 51.507704167311452 ], [ -0.084865424022276, 51.507647093897482 ], [ -0.084802633801573, 51.507635141520872 ], [ -0.084529213769882, 51.507583091968186 ], [ -0.084443992957865, 51.507566860910515 ], [ -0.084060362140534, 51.507493845128103 ], [ -0.08387301840781, 51.507471663389943 ], [ -0.083831821638861, 51.507466781157923 ], [ -0.083781235471637, 51.507461061927252 ], [ -0.083714256058448, 51.507453482887442 ], [ -0.083686603500551, 51.507450359846835 ], [ -0.0835645514182, 51.507431754282528 ], [ -0.083500456886182, 51.507421983107072 ], [ -0.083163073655472, 51.507370556948636 ], [ -0.083058661099696, 51.5073542717561 ], [ -0.082435752393143, 51.507257111628135 ], [ -0.08188779453324, 51.507171633606312 ], [ -0.08172691770097, 51.50714654536808 ], [ -0.080986199725263, 51.507014568011655 ], [ -0.080967050432187, 51.507011155527408 ], [ -0.080640111331416, 51.506946925674328 ], [ -0.080237380188871, 51.506864735808506 ], [ -0.080184795333503, 51.506851743141432 ], [ -0.080176066804666, 51.506849587570578 ], [ -0.080167911046591, 51.506847518720178 ], [ -0.080067881393357, 51.506822224523617 ], [ -0.079903168437848, 51.506780573781029 ], [ -0.079386675021218, 51.506625995942862 ], [ -0.079231640834195, 51.506579597361416 ], [ -0.079179083506663, 51.506564492307241 ], [ -0.078814278603102, 51.506459645164206 ], [ -0.078754714132463, 51.506445080616572 ], [ -0.078705819429412, 51.506433110016964 ], [ -0.078399094964221, 51.506358100283109 ], [ -0.078334056539621, 51.506342194874925 ], [ -0.078192934456037, 51.506307677657034 ], [ -0.077915523312993, 51.506226204104046 ], [ -0.077672716632957, 51.506154888305197 ], [ -0.077410053640527, 51.506077751689929 ], [ -0.077117780213942, 51.505996814813948 ], [ -0.076614725507918, 51.50585751727904 ], [ -0.076560584201243, 51.505842528055609 ], [ -0.0763123698732, 51.505773796062819 ], [ -0.075885669333174, 51.505649426743972 ], [ -0.075820870876049, 51.505630539214508 ], [ -0.075385916148487, 51.505503775400122 ], [ -0.075549947571408, 51.505255886809238 ], [ -0.07558245094205, 51.505206789692991 ], [ -0.075908356061061, 51.504715904219054 ], [ -0.075932191195404, 51.50468000448992 ], [ -0.076064989628467, 51.504479979580985 ], [ -0.076085991899909, 51.504448346222944 ], [ -0.076167139445594, 51.504326109262081 ], [ -0.076213746507537, 51.504245939776425 ], [ -0.076230996586447, 51.504220557691511 ], [ -0.076448835522609, 51.503900018277676 ], [ -0.076540248853643, 51.503765511674771 ], [ -0.076619478583216, 51.503648925391325 ], [ -0.07666895414127, 51.503576117467077 ], [ -0.076770658860556, 51.503426454143543 ], [ -0.076908051178269, 51.503224294929367 ], [ -0.076927082486417, 51.50319628820219 ], [ -0.076951109377808, 51.503160928251852 ], [ -0.076964357704771, 51.503142956939627 ], [ -0.076994740592353, 51.503101743588246 ], [ -0.076996956800512, 51.503098731416337 ] ] ] } },
{ "type": "Feature", "properties": { "lsoa21cd": "E01003929", "lsoa21nm": "Southwark 002B", "msoa21cd": "E02000808", "msoa21nm": "Southwark 002", "lad22cd": "E09000028", "lad22nm": "Southwark", "index_right": 249, "GSS_CODE": "E05011104", "risk_score": 10.0, "allocation_hours": 128.42454118665211, "patrol_units": 64 }, "geometry": { "type": "Polygon", "coordinates": [ [ [ -0.087887447442384, 51.507123267775768 ], [ -0.088025955036721, 51.506827487985248 ], [ -0.088031167970096, 51.506816907560697 ], [ -0.088086103197203, 51.506705348714171 ], [ -0.088158836297679, 51.506557623333933 ], [ -0.088216411917019, 51.506425666925665 ], [ -0.088218612167051, 51.506420612891354 ], [ -0.08828960103998, 51.506295592669126 ], [ -0.088295917829496, 51.506282737070862 ], [ -0.088313498318927, 51.506246944692215 ], [ -0.088363560527417, 51.506145045420183 ], [ -0.088372774899991, 51.506126310819177 ], [ -0.088389849682823, 51.5060926126909 ], [ -0.08839908266345, 51.506085822568636 ], [ -0.088657876199196, 51.505895760792967 ], [ -0.088675985444926, 51.505882436379743 ], [ -0.088747105241485, 51.505815335833859 ], [ -0.088772651603048, 51.5057911299604 ], [ -0.088864249374433, 51.505704367642238 ], [ -0.088874069641119, 51.505695076272815 ], [ -0.088895788846, 51.505674513024601 ], [ -0.088912451675207, 51.505658732463715 ], [ -0.089004386079543, 51.505571660768311 ], [ -0.08931744412848, 51.505294082805513 ], [ -0.089344426187033, 51.505270160978888 ], [ -0.089415915257164, 51.505206757546972 ], [ -0.089437378283858, 51.505187655839201 ], [ -0.089529020492675, 51.505117161596395 ], [ -0.089541959372264, 51.505107201546018 ], [ -0.089625548796207, 51.505042844006567 ], [ -0.089653153637531, 51.505021594105862 ], [ -0.08970482024891, 51.504981806346571 ], [ -0.089761384517838, 51.504938267415788 ], [ -0.089828283228766, 51.504886740334186 ], [ -0.089872111934844, 51.504855188113225 ], [ -0.089891931590191, 51.504840915644508 ], [ -0.089924112034976, 51.504817752794423 ], [ -0.090094078116269, 51.504695377403365 ], [ -0.090116571930847, 51.504679179026603 ], [ -0.09012088020879, 51.504676083730168 ], [ -0.090347019911194, 51.504513255965172 ], [ -0.090567052165174, 51.504354815705028 ], [ -0.090760413588381, 51.504215608033832 ], [ -0.090774200772547, 51.504205679635874 ], [ -0.090921208768366, 51.504099826678207 ], [ -0.090940632519167, 51.504081222061814 ], [ -0.090977948835212, 51.504045480695275 ], [ -0.091029419575435, 51.503996192780626 ], [ -0.091115399354444, 51.503913851539295 ], [ -0.091310144715197, 51.50368837088358 ], [ -0.091317988366229, 51.503679289936592 ], [ -0.091366943310599, 51.503622604842619 ], [ -0.091544016186787, 51.503417564504453 ], [ -0.091547876235984, 51.503413121937832 ], [ -0.091559263927495, 51.503399917004323 ], [ -0.091608173058941, 51.503340865959338 ], [ -0.091717709377954, 51.503208538153686 ], [ -0.091719742896781, 51.503206081142139 ], [ -0.091764995823747, 51.503151412966368 ], [ -0.091879431162779, 51.503013203397693 ], [ -0.09191935652199, 51.50296498622663 ], [ -0.091929993854329, 51.502952146743496 ], [ -0.091933742011257, 51.502947621408005 ], [ -0.092075218827449, 51.502776731183673 ], [ -0.092114885838596, 51.50272882448494 ], [ -0.092126433951751, 51.502714875701891 ], [ -0.092141191188476, 51.502691024125255 ], [ -0.092154727510605, 51.502669149081242 ], [ -0.092173070156756, 51.502639492536709 ], [ -0.09220530351346, 51.502587409151268 ], [ -0.092214466667825, 51.502572603224024 ], [ -0.092250764013303, 51.502513949265527 ], [ -0.092260067243464, 51.502498893815186 ], [ -0.092457012155288, 51.502180227847795 ], [ -0.092467050270066, 51.50216437498166 ], [ -0.09249365950913, 51.502121354678245 ], [ -0.092527159187867, 51.50206722345137 ], [ -0.092647948044923, 51.501871994325079 ], [ -0.092758219826533, 51.501740181914251 ], [ -0.092911454711557, 51.501557035790249 ], [ -0.092933158364112, 51.50153554523957 ], [ -0.092996676489278, 51.501472639384815 ], [ -0.093013240227193, 51.501456227099936 ], [ -0.09304881713541, 51.501420987319932 ], [ -0.093073406454435, 51.501396638992738 ], [ -0.093104895657444, 51.501365433439808 ], [ -0.093157516333183, 51.501313321503723 ], [ -0.093169826086938, 51.501301129588548 ], [ -0.093181391446102, 51.50128937341028 ], [ -0.093235110089336, 51.501236462743364 ], [ -0.093246698137566, 51.501226543250851 ], [ -0.093316776475357, 51.501166963269725 ], [ -0.093492958575364, 51.501026293511892 ], [ -0.093535563781298, 51.500995250533961 ], [ -0.09355213348603, 51.500983172781304 ], [ -0.093644150251913, 51.500916116472617 ], [ -0.093675818297591, 51.500893034137299 ], [ -0.093714356621711, 51.500867941157779 ], [ -0.093774104649454, 51.500829029249502 ], [ -0.093782428536985, 51.500823606995183 ], [ -0.093871783500624, 51.500765419078448 ], [ -0.093887794455024, 51.500754986866191 ], [ -0.094122609808629, 51.500614099891607 ], [ -0.094166176444727, 51.500587964366012 ], [ -0.094219925441602, 51.500555717312068 ], [ -0.094279112552057, 51.50052021327712 ], [ -0.094287743340294, 51.500515029784133 ], [ -0.094317516037425, 51.50050213225699 ], [ -0.094339776400464, 51.500492475967668 ], [ -0.094896619389132, 51.500251279658741 ], [ -0.095042082945891, 51.500188117264017 ], [ -0.095082780588216, 51.500170634404753 ], [ -0.095108855075821, 51.500159340283062 ], [ -0.095577378160705, 51.500502846609983 ], [ -0.095617341434913, 51.500531651846345 ], [ -0.095793531273234, 51.500658684603138 ], [ -0.096164644851323, 51.500925881616915 ], [ -0.096217042482941, 51.500907015437782 ], [ -0.096387107329516, 51.500845792047485 ], [ -0.096388809358588, 51.500843328671685 ], [ -0.096415460604312, 51.500851036364146 ], [ -0.096677742846517, 51.500926947196234 ], [ -0.096783550566618, 51.500957557899888 ], [ -0.096808692747933, 51.500923001943647 ], [ -0.096844743560555, 51.500929549111376 ], [ -0.09704114195926, 51.500965235553252 ], [ -0.097065134119779, 51.500989041993726 ], [ -0.097292216631901, 51.501214370921808 ], [ -0.097139258514509, 51.501425557923774 ], [ -0.097099049555393, 51.501481092463976 ], [ -0.097077477355419, 51.501510886269415 ], [ -0.097067711279794, 51.501508740421883 ], [ -0.09670042216244, 51.501428167904827 ], [ -0.096634857733181, 51.501413776674234 ], [ -0.096583802936841, 51.501475771698374 ], [ -0.096539971626863, 51.501529008054973 ], [ -0.096481783063279, 51.501599673202819 ], [ -0.096454160899022, 51.501633217612039 ], [ -0.096437557284322, 51.501653379733291 ], [ -0.096392627970879, 51.501713936315099 ], [ -0.096240480338292, 51.501919020143895 ], [ -0.096218893022047, 51.501948121093569 ], [ -0.096147490739868, 51.502044353869792 ], [ -0.096005953205453, 51.502015325340658 ], [ -0.095970995483333, 51.502065130887516 ], [ -0.095935349237552, 51.502113823630758 ], [ -0.095932796660829, 51.502119578035732 ], [ -0.095897085516602, 51.502175180659357 ], [ -0.095817304388705, 51.502275018192691 ], [ -0.095791019936066, 51.502307905197348 ], [ -0.095702809660492, 51.502432259486625 ], [ -0.09570029865159, 51.502435806834924 ], [ -0.095683504660729, 51.502459481924753 ], [ -0.095710803838648, 51.502495896241413 ], [ -0.095728333342241, 51.502520919962635 ], [ -0.095801595625313, 51.502625436356801 ], [ -0.095830426895773, 51.50266657874014 ], [ -0.095892358811356, 51.502776405717533 ], [ -0.095895135403795, 51.502781347358159 ], [ -0.095914799520471, 51.502786976819941 ], [ -0.095984547474959, 51.502842065727421 ], [ -0.096040734045855, 51.502871646775766 ], [ -0.096054692390555, 51.502879000132936 ], [ -0.096083843700997, 51.50287964869711 ], [ -0.096115349408393, 51.502880160112333 ], [ -0.09615769938834, 51.50285350951264 ], [ -0.096183924238232, 51.50287717251679 ], [ -0.096198166524598, 51.502889984582964 ], [ -0.09622170519133, 51.502911202907264 ], [ -0.096233911812369, 51.502922210351088 ], [ -0.096270285462102, 51.502900660529782 ], [ -0.096302145996041, 51.50291028733367 ], [ -0.096421804744127, 51.502946437933787 ], [ -0.096567063169128, 51.502990323978096 ], [ -0.096672449850316, 51.503022159990962 ], [ -0.096843435690086, 51.50307383726296 ], [ -0.096849960457305, 51.503075800142554 ], [ -0.096867940385218, 51.503081222262956 ], [ -0.096801473192727, 51.503172778316589 ], [ -0.097062503229199, 51.503291167915847 ], [ -0.097068974956022, 51.503294231537815 ], [ -0.097212174078916, 51.503412813340148 ], [ -0.097308312457047, 51.503423878323403 ], [ -0.097307335958763, 51.503443853420137 ], [ -0.097409980609713, 51.503835454195297 ], [ -0.097176698974506, 51.5038446463656 ], [ -0.097102166619632, 51.50384758283802 ], [ -0.097094257269166, 51.50384789516162 ], [ -0.097070226450395, 51.503848836209748 ], [ -0.097059819970533, 51.503849251901009 ], [ -0.096907709786957, 51.503855246097054 ], [ -0.096723355163657, 51.503861840955246 ], [ -0.096614994554861, 51.503865693992182 ], [ -0.096561383779398, 51.503867611730215 ], [ -0.096561965939235, 51.503870238074754 ], [ -0.096573535537774, 51.503921765572642 ], [ -0.096602013078266, 51.503977650177767 ], [ -0.096690045012297, 51.504150364100276 ], [ -0.096716245538861, 51.504201769297936 ], [ -0.096741007830156, 51.50425034540627 ], [ -0.096799988469757, 51.504366086232508 ], [ -0.096826526038254, 51.504420473482753 ], [ -0.096833191385924, 51.504433414324311 ], [ -0.096867661043329, 51.504500430228738 ], [ -0.096937374415713, 51.504635949381985 ], [ -0.097013140686856, 51.504783212343213 ], [ -0.097036827635577, 51.504833056909213 ], [ -0.097038191717157, 51.504835938742751 ], [ -0.097157286555671, 51.505086629039091 ], [ -0.097185358190545, 51.505145717339438 ], [ -0.096797950573925, 51.505082822045772 ], [ -0.096785424032843, 51.505156557343547 ], [ -0.096873291466467, 51.505389978652012 ], [ -0.096923782559646, 51.505524133743592 ], [ -0.0969503041104, 51.505589986486513 ], [ -0.096988083054748, 51.505687568520109 ], [ -0.096991880739203, 51.505697405281019 ], [ -0.096467920938752, 51.505614100799484 ], [ -0.096463812441229, 51.505613449589077 ], [ -0.096400554059721, 51.505638304088357 ], [ -0.096340265635205, 51.505661565577512 ], [ -0.09621654811532, 51.505573123455527 ], [ -0.095999812130885, 51.505533993835321 ], [ -0.095496487430119, 51.505438681946515 ], [ -0.095482139919655, 51.505445339228757 ], [ -0.095519982999866, 51.505343506306673 ], [ -0.095520041088466, 51.505325359842409 ], [ -0.095135626413483, 51.505230637290126 ], [ -0.094788718195065, 51.505145155810212 ], [ -0.094784652106692, 51.505019523742121 ], [ -0.094779033460984, 51.504846150823781 ], [ -0.094778522212563, 51.504830432152929 ], [ -0.094828310766508, 51.504833120401265 ], [ -0.094893055224907, 51.504837913063113 ], [ -0.094907003803217, 51.504838948979959 ], [ -0.095150677744795, 51.504869885030843 ], [ -0.095638026656971, 51.5049317556376 ], [ -0.095644981837983, 51.504931868567184 ], [ -0.095653551140131, 51.504905029395445 ], [ -0.09565800862357, 51.504834436585682 ], [ -0.095665414079763, 51.504717003337497 ], [ -0.095679064927727, 51.504568331685242 ], [ -0.095683741610046, 51.5045173556611 ], [ -0.095684443762692, 51.504509849105581 ], [ -0.095687817217052, 51.504428968945305 ], [ -0.095690888546144, 51.504355332051453 ], [ -0.09569388902041, 51.504283393639845 ], [ -0.095696063372557, 51.504231261880747 ], [ -0.095527954585668, 51.50417893719024 ], [ -0.095487840689289, 51.50416645134478 ], [ -0.095482691343375, 51.504164847951785 ], [ -0.095449170249363, 51.50415494215865 ], [ -0.095374427086524, 51.504132865209598 ], [ -0.095343582068368, 51.504123749242979 ], [ -0.095313476849589, 51.504114861108732 ], [ -0.095183776223888, 51.504076549884594 ], [ -0.095062787184181, 51.504040808056189 ], [ -0.094870628361237, 51.503984045075939 ], [ -0.094777874350787, 51.503966621219647 ], [ -0.094773048969281, 51.503965715501543 ], [ -0.094713357576326, 51.503954503096075 ], [ -0.094570860924548, 51.503916226140284 ], [ -0.094367204733387, 51.504200209404118 ], [ -0.094336866536487, 51.504242477093911 ], [ -0.094264813377719, 51.504359642204612 ], [ -0.094251231664101, 51.504361903526757 ], [ -0.094239068884968, 51.504378846114747 ], [ -0.094175955335224, 51.504466866976145 ], [ -0.094174042447169, 51.504469542716343 ], [ -0.094165811063955, 51.504481018625818 ], [ -0.093958860194917, 51.504769587842866 ], [ -0.093554552747296, 51.504736829777471 ], [ -0.093542389069839, 51.504735840698636 ], [ -0.093536120478222, 51.504735504992901 ], [ -0.093483037550804, 51.504732690704593 ], [ -0.093456007056799, 51.504731262112948 ], [ -0.093297952016981, 51.504722874444845 ], [ -0.093039144047136, 51.504709674027779 ], [ -0.092995944441424, 51.504708971641108 ], [ -0.092807470710336, 51.504966544344718 ], [ -0.093279361228855, 51.505138528090569 ], [ -0.093361832066927, 51.505155520693741 ], [ -0.093197899196078, 51.50529093955204 ], [ -0.093183889615049, 51.505302402382334 ], [ -0.093164899876205, 51.505321320180691 ], [ -0.093159938042356, 51.505326266466795 ], [ -0.092844826557409, 51.505323436115333 ], [ -0.092775767335851, 51.505302223309442 ], [ -0.092603764535787, 51.505220991311973 ], [ -0.092584621496787, 51.505241848958647 ], [ -0.092390587218882, 51.505402361534088 ], [ -0.092360735669872, 51.505427055744569 ], [ -0.092247788065548, 51.505371262037187 ], [ -0.092242437706426, 51.505368261353993 ], [ -0.092139200418046, 51.505310313450508 ], [ -0.092064995007797, 51.505439286483167 ], [ -0.091979918790754, 51.505587384680815 ], [ -0.091988048463747, 51.505879543397775 ], [ -0.091991962045039, 51.506011054264953 ], [ -0.091994587222778, 51.506099262007815 ], [ -0.091995945158998, 51.50614503927018 ], [ -0.091996196930104, 51.506153496561936 ], [ -0.091998766630972, 51.50624027355137 ], [ -0.09199902757677, 51.506279198468157 ], [ -0.091999066318962, 51.506284477849391 ], [ -0.091999180292018, 51.506300369912992 ], [ -0.09199929879114, 51.506318222472132 ], [ -0.091991673256946, 51.506320697327048 ], [ -0.091999087364486, 51.506325867376191 ], [ -0.092034082544397, 51.506354138877413 ], [ -0.092066187061742, 51.506383824668248 ], [ -0.09210789954492, 51.506422632528619 ], [ -0.092173928951432, 51.506495621736292 ], [ -0.092225884855388, 51.506553040335099 ], [ -0.092396807039755, 51.506741970631097 ], [ -0.092781032862698, 51.506772913474677 ], [ -0.092785686241046, 51.506773285906704 ], [ -0.092795696370776, 51.506774096164577 ], [ -0.092795678347713, 51.506769698410785 ], [ -0.092795517219156, 51.506742510670541 ], [ -0.092809928993679, 51.506747304355414 ], [ -0.093002346940969, 51.506785316080943 ], [ -0.093158376587838, 51.506816144191838 ], [ -0.093249733429437, 51.506834194132146 ], [ -0.093298270592862, 51.506843778138212 ], [ -0.093337788965253, 51.506851587818147 ], [ -0.093374820796969, 51.506858898431616 ], [ -0.093418455404672, 51.506867521399236 ], [ -0.093572999226285, 51.506898055026042 ], [ -0.093653165566424, 51.506913890390287 ], [ -0.093782109669742, 51.506932173163719 ], [ -0.093939690562591, 51.506954518300475 ], [ -0.093974058219317, 51.506959375368034 ], [ -0.09401133269449, 51.506964675346076 ], [ -0.094050516143526, 51.506966705990138 ], [ -0.094133512410302, 51.506969817291314 ], [ -0.094111176138287, 51.506760471474969 ], [ -0.094110335717655, 51.506752643105713 ], [ -0.09410844175653, 51.506734842625931 ], [ -0.09379320043117, 51.506666554300438 ], [ -0.093785745662815, 51.506664940340102 ], [ -0.09375813531266, 51.506617666265981 ], [ -0.09374820538951, 51.506607343049751 ], [ -0.093715502480638, 51.506573322464313 ], [ -0.093711343225708, 51.506567328630297 ], [ -0.093707047847431, 51.506561143735603 ], [ -0.093702217449964, 51.506556038269245 ], [ -0.093708043627575, 51.506553516071158 ], [ -0.093711946946232, 51.506551834917687 ], [ -0.093772512329645, 51.506525625184217 ], [ -0.093781082789656, 51.506521915576542 ], [ -0.093796205241466, 51.506511415006479 ], [ -0.093799741412943, 51.506509898745364 ], [ -0.093892377745306, 51.506470028596461 ], [ -0.093892141125595, 51.506466031963512 ], [ -0.093880893172533, 51.506272945368494 ], [ -0.093910228917291, 51.506279582174137 ], [ -0.093955637792586, 51.506287460395775 ], [ -0.093998428673543, 51.506294882387671 ], [ -0.094223330655632, 51.506389399961201 ], [ -0.094227995777682, 51.506400536866423 ], [ -0.09423426038141, 51.506415472226486 ], [ -0.09426577662861, 51.506443578631043 ], [ -0.094318444039414, 51.50649005469829 ], [ -0.094321709979006, 51.506492940485387 ], [ -0.094451794546721, 51.50651374103446 ], [ -0.094523658940649, 51.506533577589273 ], [ -0.094545155929256, 51.506539520340354 ], [ -0.094575037478645, 51.506551039927956 ], [ -0.09458488473426, 51.506556442689977 ], [ -0.094623654411836, 51.506577701943129 ], [ -0.09462884968531, 51.506577174836075 ], [ -0.094739883064977, 51.506566064987823 ], [ -0.094759621313754, 51.506564083481237 ], [ -0.094930748835005, 51.506564974772111 ], [ -0.095128864815939, 51.506598030627778 ], [ -0.095147773863616, 51.50660107153756 ], [ -0.09506406165847, 51.506945807508778 ], [ -0.095046661168105, 51.507017467013618 ], [ -0.095031510572535, 51.507035206464543 ], [ -0.094980505811235, 51.507211481538469 ], [ -0.094959427351198, 51.507284250344156 ], [ -0.094951414211825, 51.507311898837862 ], [ -0.094930466986486, 51.507384283079183 ], [ -0.09485172717604, 51.507544873824934 ], [ -0.09478220103039, 51.507672520809059 ], [ -0.094780218731347, 51.50767616664799 ], [ -0.094633237811521, 51.507945998862155 ], [ -0.094312673578947, 51.508486570327115 ], [ -0.094235673143889, 51.508616442605465 ], [ -0.09408184324502, 51.508875857026297 ], [ -0.093584499199832, 51.508752495539262 ], [ -0.093525952125824, 51.508735824494508 ], [ -0.093045027126954, 51.508598959713865 ], [ -0.092892027881969, 51.50855478147259 ], [ -0.092419922280179, 51.508438354224687 ], [ -0.092265157924339, 51.508406439566187 ], [ -0.091943580352665, 51.508340246364774 ], [ -0.091899831078239, 51.508335029229976 ], [ -0.091736650165817, 51.508315557816147 ], [ -0.091487462727149, 51.50828581977904 ], [ -0.091391633506651, 51.508274386279552 ], [ -0.091302787927071, 51.508263776784716 ], [ -0.090806735000633, 51.508190163561295 ], [ -0.090230444524732, 51.508136878299943 ], [ -0.090126813974563, 51.508127304137126 ], [ -0.08994786524685, 51.508107582467396 ], [ -0.089922073550772, 51.50810474337171 ], [ -0.08966913583646, 51.508076864859802 ], [ -0.089665076551842, 51.508076412052418 ], [ -0.089086346304168, 51.508012622875626 ], [ -0.088967602713607, 51.507999528088114 ], [ -0.088914944991541, 51.507994389506493 ], [ -0.088844705286072, 51.507987552536378 ], [ -0.088289107223449, 51.507933722659736 ], [ -0.088098126734514, 51.507915213921947 ], [ -0.088020916920784, 51.507905690908345 ], [ -0.087930195334699, 51.507894490735382 ], [ -0.087819789544246, 51.507880865258208 ], [ -0.087667621332507, 51.507862089337287 ], [ -0.08764056956406, 51.507858582617068 ], [ -0.087755360227641, 51.507417443431819 ], [ -0.087884504701502, 51.507129532712035 ], [ -0.087887447442384, 51.507123267775768 ] ] ] } },
{ "type": "Feature", "properties": { "lsoa21cd": "E01032739", "lsoa21nm": "City of London 001F", "msoa21cd": "E02000001", "msoa21nm": "City of London 001", "lad22cd": "E09000001", "lad22nm": "City of London", "index_right": 249, "GSS_CODE": "E05011104", "risk_score": 4.4702457124519848, "allocation_hours": 57.4089254613245, "patrol_units": 29 }, "geometry": { "type": "Polygon", "coordinates": [ [ [ -0.079008697082381, 51.519956078567773 ], [ -0.079076736786517, 51.519709499309393 ], [ -0.079147431789954, 51.519453242430842 ], [ -0.079204369304109, 51.519318323171227 ], [ -0.079246353555095, 51.519218796811813 ], [ -0.079377025398407, 51.518909099081149 ], [ -0.079386440430972, 51.518886780660011 ], [ -0.079403403699395, 51.518846290323637 ], [ -0.07937416011237, 51.518848756134311 ], [ -0.078718373221373, 51.518908598646249 ], [ -0.07842372330876, 51.518935493560171 ], [ -0.07830842750384, 51.518946012796043 ], [ -0.078093683413574, 51.518965530288057 ], [ -0.078086669478885, 51.518966350493415 ], [ -0.078057017090213, 51.51896886772326 ], [ -0.078055339132527, 51.518945396260598 ], [ -0.078035452287086, 51.518668104233292 ], [ -0.078030881318323, 51.518604495906978 ], [ -0.078025386981181, 51.518527904975841 ], [ -0.078023420349981, 51.518500337102381 ], [ -0.078022437423561, 51.518486715040389 ], [ -0.078038342654208, 51.518483823969646 ], [ -0.078119981298981, 51.518470032717914 ], [ -0.078087175747916, 51.518429800947395 ], [ -0.07798779931318, 51.518309485515452 ], [ -0.077939509718208, 51.518251032340558 ], [ -0.077869176495377, 51.518189543145432 ], [ -0.077839170724225, 51.518162822882971 ], [ -0.077828593105977, 51.518153530789455 ], [ -0.07778379634661, 51.518114136398097 ], [ -0.077777930602334, 51.518108986287167 ], [ -0.077764639975948, 51.518095424918691 ], [ -0.077736774977564, 51.518066989768329 ], [ -0.077716877666175, 51.518046672621828 ], [ -0.077708831999507, 51.518038456210974 ], [ -0.077687329574906, 51.51801066678069 ], [ -0.077664049684644, 51.517980591022486 ], [ -0.077660139885421, 51.5179755449333 ], [ -0.077616974474449, 51.51786664574982 ], [ -0.077604425275609, 51.517844623611929 ], [ -0.077551177370213, 51.517751296208367 ], [ -0.077494141220125, 51.517651309591081 ], [ -0.07745789122253, 51.517587762431965 ], [ -0.077411074964808, 51.517505664439717 ], [ -0.077407357343697, 51.517499137700568 ], [ -0.077397498319116, 51.517481861954565 ], [ -0.077377894280579, 51.517447512867498 ], [ -0.077344860348767, 51.517397511072083 ], [ -0.077358747530518, 51.517398035679975 ], [ -0.077406180084093, 51.517399821082016 ], [ -0.07745099379841, 51.517401500550555 ], [ -0.077554930385359, 51.517414869240909 ], [ -0.077615827073911, 51.517423458092495 ], [ -0.077677684608074, 51.517430794704936 ], [ -0.077721564241176, 51.517436856173326 ], [ -0.077777979112107, 51.517445083654671 ], [ -0.077821001698916, 51.517450276721512 ], [ -0.077902466200732, 51.517462305277789 ], [ -0.077965140033472, 51.517471480644168 ], [ -0.078047601385649, 51.517481403174486 ], [ -0.078135218417833, 51.517488523548373 ], [ -0.078198575671097, 51.517490201100642 ], [ -0.07822658813005, 51.517466775910087 ], [ -0.078245024561497, 51.517435603838898 ], [ -0.078266379294081, 51.517399137963963 ], [ -0.07828195977264, 51.517371435193425 ], [ -0.078293436479869, 51.517352531916842 ], [ -0.078296487862284, 51.517347501085801 ], [ -0.078310210592605, 51.517325577124929 ], [ -0.078312916703193, 51.517321215083257 ], [ -0.078328388107404, 51.517295758690551 ], [ -0.078354467160953, 51.517253893722533 ], [ -0.078381187554546, 51.517218361127959 ], [ -0.078402086806474, 51.5171927059667 ], [ -0.078424904531593, 51.517164276537954 ], [ -0.078470386174154, 51.517111066172625 ], [ -0.078477210780059, 51.517104397588291 ], [ -0.078494815037318, 51.51708715949286 ], [ -0.078515755327614, 51.517060524774919 ], [ -0.078579406671988, 51.516982459731921 ], [ -0.078622533166931, 51.516932115329823 ], [ -0.078629612320231, 51.516923850210496 ], [ -0.078680848297935, 51.51685822527309 ], [ -0.078698171129075, 51.516836027557638 ], [ -0.078764533099586, 51.516757584197407 ], [ -0.078613933311389, 51.51671872156664 ], [ -0.078657191007772, 51.516677920550123 ], [ -0.078917648071096, 51.516523055992891 ], [ -0.078994173551735, 51.516481181546361 ], [ -0.07903386969803, 51.516432525337791 ], [ -0.079082440786016, 51.516372998545862 ], [ -0.079122993052352, 51.516323311389016 ], [ -0.079140449934739, 51.516301890974155 ], [ -0.079172014338715, 51.516258425098137 ], [ -0.079290585850992, 51.516116485493164 ], [ -0.079277865897943, 51.516055018763076 ], [ -0.079351906645716, 51.515986538930854 ], [ -0.079450372745846, 51.515915779543739 ], [ -0.079530128121511, 51.515851574859454 ], [ -0.079535081721554, 51.515847573357924 ], [ -0.079579987762875, 51.515811403269907 ], [ -0.079616116885086, 51.515787544213822 ], [ -0.079646581189468, 51.515770201945479 ], [ -0.079673292041501, 51.51575813982145 ], [ -0.079709024236416, 51.515741998957779 ], [ -0.079723443052671, 51.515734330659008 ], [ -0.079782742334894, 51.515702739825009 ], [ -0.079889355923063, 51.515759288280691 ], [ -0.079940602113087, 51.515723491721367 ], [ -0.08001000977295, 51.515674998261431 ], [ -0.079895517824972, 51.515612835279889 ], [ -0.079758385171023, 51.515536578328771 ], [ -0.079740597336278, 51.515526691637902 ], [ -0.079691432713436, 51.515496237058137 ], [ -0.079609011561762, 51.515442620826235 ], [ -0.079496580571743, 51.515374322237612 ], [ -0.079374639568212, 51.515296722100146 ], [ -0.079274510979053, 51.515235783117916 ], [ -0.079222792750945, 51.515201635449714 ], [ -0.079169308023602, 51.515168367065016 ], [ -0.079121848363898, 51.51513885744675 ], [ -0.079113672652543, 51.515133804424558 ], [ -0.079041075340006, 51.515088918863441 ], [ -0.078974439648258, 51.515045533848699 ], [ -0.078936486811233, 51.515022672729977 ], [ -0.078867258525995, 51.514980962756823 ], [ -0.078752275986867, 51.514908961590578 ], [ -0.078668845972487, 51.514858133873354 ], [ -0.078596056062029, 51.514810996702437 ], [ -0.078565799608225, 51.514791570969308 ], [ -0.078539921894271, 51.514774950806704 ], [ -0.078490836068963, 51.514742662501341 ], [ -0.078381888807389, 51.514670777917324 ], [ -0.078363756927769, 51.514658808061192 ], [ -0.078186496424832, 51.514539951970342 ], [ -0.078177798324541, 51.514534303092006 ], [ -0.078133917273976, 51.514506092752498 ], [ -0.078085924462772, 51.514475243048352 ], [ -0.077970994408228, 51.514402396656834 ], [ -0.07795099108461, 51.514389694610657 ], [ -0.077835885578466, 51.514316575426946 ], [ -0.077736392554768, 51.514253409062093 ], [ -0.077720947218796, 51.514243602754355 ], [ -0.077670172253832, 51.514211169488703 ], [ -0.077606911681848, 51.514170761684035 ], [ -0.077517420813475, 51.514114357159364 ], [ -0.077507630009474, 51.514107964593506 ], [ -0.077458675273472, 51.514076019725522 ], [ -0.077441177989458, 51.514064392866665 ], [ -0.077395584194319, 51.514034094820602 ], [ -0.077328044233242, 51.51399069402612 ], [ -0.07723508133385, 51.513930851062575 ], [ -0.077171860418098, 51.513892017394149 ], [ -0.077111424176341, 51.513851403867982 ], [ -0.07710394972785, 51.513846479116772 ], [ -0.077083376052886, 51.513832958219425 ], [ -0.0770343327842, 51.513799707778674 ], [ -0.076978177616598, 51.513764218331659 ], [ -0.076917672015601, 51.513724574777953 ], [ -0.076887659920727, 51.51370451413667 ], [ -0.076882346727142, 51.513700973744669 ], [ -0.076862497872378, 51.51368769851355 ], [ -0.076818705557046, 51.513657762535779 ], [ -0.076800822856659, 51.513648791094063 ], [ -0.076773721944443, 51.513635234959096 ], [ -0.076679401313223, 51.513629190571244 ], [ -0.07665524402992, 51.513599821399964 ], [ -0.076626397937081, 51.51356475123054 ], [ -0.076584280449121, 51.513513547942765 ], [ -0.076549729835201, 51.513478412898039 ], [ -0.076513077481204, 51.513450401532836 ], [ -0.076481328462208, 51.513434287049201 ], [ -0.076415612274026, 51.513433487099192 ], [ -0.076386065032165, 51.513365134171494 ], [ -0.076366738950156, 51.513331939615561 ], [ -0.076444504365319, 51.513325203659292 ], [ -0.076456367723664, 51.513257107835699 ], [ -0.076345178875693, 51.51326694616931 ], [ -0.076324304424666, 51.51322740432046 ], [ -0.076314692847133, 51.513177786689674 ], [ -0.07637562321978, 51.513163894998115 ], [ -0.076462529254406, 51.513153658041304 ], [ -0.076506833371147, 51.513149888924922 ], [ -0.076551902562585, 51.513141644992608 ], [ -0.076566746477638, 51.513138930041599 ], [ -0.076565079740231, 51.513050234665513 ], [ -0.076560215157264, 51.51301587464733 ], [ -0.076556852083005, 51.512988976237182 ], [ -0.076550376571826, 51.512950093426632 ], [ -0.076544583806388, 51.512915529325362 ], [ -0.076541025359315, 51.512894293108431 ], [ -0.076539951170691, 51.512880111974219 ], [ -0.076537559360498, 51.512848292513127 ], [ -0.076538884508778, 51.512816848806978 ], [ -0.076537083226733, 51.512774094922591 ], [ -0.076536328273591, 51.512727716168918 ], [ -0.076535185521791, 51.512690881297154 ], [ -0.076519432901332, 51.512681989738006 ], [ -0.076488547746261, 51.512664540528995 ], [ -0.076421180086931, 51.512660206320589 ], [ -0.076420356976901, 51.512649301749867 ], [ -0.076418507037716, 51.51262480314471 ], [ -0.076417708539351, 51.512614340519491 ], [ -0.076415135620004, 51.512568354578612 ], [ -0.076412423337388, 51.512526017386051 ], [ -0.076411949825738, 51.512521522255746 ], [ -0.076409199746087, 51.512495470222909 ], [ -0.076407755239867, 51.512465797577526 ], [ -0.076404424470614, 51.512437793588873 ], [ -0.076409472675289, 51.512419576310769 ], [ -0.07641186925415, 51.512410928702387 ], [ -0.076422899802959, 51.512384131668782 ], [ -0.076456831960588, 51.512327225306812 ], [ -0.076427480253447, 51.512275449135174 ], [ -0.076410504560768, 51.512170423497437 ], [ -0.076406044768205, 51.512142877587557 ], [ -0.076401212965237, 51.512108086446453 ], [ -0.076376366104157, 51.511958318802741 ], [ -0.076370413599346, 51.511922421145627 ], [ -0.07636673512885, 51.51190027468715 ], [ -0.076357446805113, 51.511842649859325 ], [ -0.076354147121653, 51.511825878260929 ], [ -0.076353093195432, 51.511820553467608 ], [ -0.076352020240867, 51.511815133039313 ], [ -0.076335916467831, 51.511733538691303 ], [ -0.076329625375717, 51.511690630158185 ], [ -0.076323941759243, 51.511651944677425 ], [ -0.076311917862281, 51.511585538527051 ], [ -0.076308892606461, 51.511568753446312 ], [ -0.076299184596077, 51.511515276349598 ], [ -0.076287321054664, 51.511454812507303 ], [ -0.076272788450708, 51.511387236583154 ], [ -0.076262471237829, 51.511339324956261 ], [ -0.076255598443234, 51.511308511044085 ], [ -0.076246556023889, 51.511267967380547 ], [ -0.076236678618892, 51.511224667234195 ], [ -0.076224417343794, 51.511152101668785 ], [ -0.076230133183636, 51.511102312984661 ], [ -0.076264799287787, 51.511095337207486 ], [ -0.076283723916302, 51.511091529223798 ], [ -0.076282647824867, 51.511086970243653 ], [ -0.076260779989633, 51.510994768782219 ], [ -0.076256284918652, 51.510973193437039 ], [ -0.076236498770159, 51.510929739613722 ], [ -0.076194090492916, 51.510824638123609 ], [ -0.076177638999882, 51.510787551911932 ], [ -0.076166059631526, 51.510741552982182 ], [ -0.076156525567625, 51.510690111073473 ], [ -0.076135299725098, 51.510595339217062 ], [ -0.076128061214927, 51.510510635012501 ], [ -0.076146528601215, 51.51047834864552 ], [ -0.07619622107201, 51.510467033303478 ], [ -0.076203321781272, 51.510465423276983 ], [ -0.076245025551641, 51.510455928180143 ], [ -0.076250262782319, 51.510454935033366 ], [ -0.076252199993566, 51.51046214301293 ], [ -0.076272005749112, 51.510535902568265 ], [ -0.076304709839431, 51.51053170029288 ], [ -0.076499020368871, 51.510506760783301 ], [ -0.076556371550282, 51.510499401893647 ], [ -0.076775933331378, 51.510479192893342 ], [ -0.07686519875483, 51.510470981744625 ], [ -0.076885424984735, 51.510469110470304 ], [ -0.076855802619858, 51.510315309528451 ], [ -0.076854621443857, 51.510309173306794 ], [ -0.076852576372027, 51.510298537346863 ], [ -0.076849476737613, 51.510282488457847 ], [ -0.076824878368542, 51.510155197712436 ], [ -0.076944002960529, 51.510151109591426 ], [ -0.076990517879602, 51.510149525827906 ], [ -0.077008875988858, 51.510148891847024 ], [ -0.077374418677746, 51.510136337930312 ], [ -0.07759237098087, 51.510087225421451 ], [ -0.077653380969111, 51.510073388322247 ], [ -0.077671054640489, 51.510067104584429 ], [ -0.077875587955458, 51.50999440837176 ], [ -0.077965494018753, 51.509926531309951 ], [ -0.078083868003605, 51.509837160899828 ], [ -0.078136023436574, 51.509797782929148 ], [ -0.078242856684592, 51.509689538940734 ], [ -0.078298992556063, 51.509632660724925 ], [ -0.078306760376946, 51.509624784603254 ], [ -0.07833620478355, 51.509594953053657 ], [ -0.078350580797481, 51.509580386810789 ], [ -0.078385485424072, 51.50954922394159 ], [ -0.078397000034064, 51.509538954246771 ], [ -0.078415523441687, 51.509522405669287 ], [ -0.078424972004426, 51.509513971675617 ], [ -0.078503989206332, 51.509443443545024 ], [ -0.078516813077249, 51.509442125062328 ], [ -0.078818805721945, 51.509412562525611 ], [ -0.078846988976897, 51.509326739576821 ], [ -0.078847929553421, 51.509323874633736 ], [ -0.078905257887671, 51.509149261599823 ], [ -0.078923144776381, 51.509094753291073 ], [ -0.079020515550004, 51.509114056163455 ], [ -0.079046602084728, 51.509079070523896 ], [ -0.079065969343881, 51.509053075349854 ], [ -0.079075881462552, 51.509039784747813 ], [ -0.0786711743615, 51.508925075559446 ], [ -0.07864864479482, 51.508918690043863 ], [ -0.078724818444246, 51.508815196348742 ], [ -0.078680834049571, 51.508803085898585 ], [ -0.078643367451963, 51.508792763940384 ], [ -0.078656780527706, 51.508776073031882 ], [ -0.078672815683952, 51.508756523158773 ], [ -0.078727249319138, 51.5086901607961 ], [ -0.079005779981097, 51.508350584225006 ], [ -0.079030523040123, 51.508311898425802 ], [ -0.079076400214079, 51.508240151057741 ], [ -0.079079681195504, 51.508234269636965 ], [ -0.079001133863049, 51.508195594747214 ], [ -0.079004919705615, 51.508184051686534 ], [ -0.079179584404304, 51.507816791897788 ], [ -0.079246966701008, 51.507831916041084 ], [ -0.079276831912725, 51.50783861953213 ], [ -0.079385920488187, 51.507846000986788 ], [ -0.079411687865457, 51.507801621498984 ], [ -0.079437081336002, 51.507793701415437 ], [ -0.079492935646501, 51.507776271630647 ], [ -0.07955723194087, 51.507764043077366 ], [ -0.079645447410664, 51.507747422329047 ], [ -0.079677626306494, 51.507692959077403 ], [ -0.079805582545252, 51.507476352509343 ], [ -0.080000671103325, 51.50714611637801 ], [ -0.080176066804666, 51.506849587570578 ], [ -0.080184795333503, 51.506851743141432 ], [ -0.080237380188871, 51.506864735808506 ], [ -0.080640111331416, 51.506946925674328 ], [ -0.080967050432187, 51.507011155527408 ], [ -0.080986199725263, 51.507014568011655 ], [ -0.08172691770097, 51.50714654536808 ], [ -0.08188779453324, 51.507171633606312 ], [ -0.082435752393143, 51.507257111628135 ], [ -0.083058661099696, 51.5073542717561 ], [ -0.083163073655472, 51.507370556948636 ], [ -0.083500456886182, 51.507421983107072 ], [ -0.0835645514182, 51.507431754282528 ], [ -0.083686603500551, 51.507450359846835 ], [ -0.083714256058448, 51.507453482887442 ], [ -0.083781235471637, 51.507461061927252 ], [ -0.083831821638861, 51.507466781157923 ], [ -0.08387301840781, 51.507471663389943 ], [ -0.084060362140534, 51.507493845128103 ], [ -0.084443992957865, 51.507566860910515 ], [ -0.084529213769882, 51.507583091968186 ], [ -0.084802633801573, 51.507635141520872 ], [ -0.084865424022276, 51.507647093897482 ], [ -0.08563731054583, 51.507704167311452 ], [ -0.086024535190502, 51.507732796404362 ], [ -0.086280424161272, 51.507751711175914 ], [ -0.086326280669392, 51.507755103282491 ], [ -0.086602958092261, 51.507776919483959 ], [ -0.08764056956406, 51.507858582617068 ], [ -0.087667621332507, 51.507862089337287 ], [ -0.087819789544246, 51.507880865258208 ], [ -0.087930195334699, 51.507894490735382 ], [ -0.088020916920784, 51.507905690908345 ], [ -0.088098126734514, 51.507915213921947 ], [ -0.088289107223449, 51.507933722659736 ], [ -0.088844705286072, 51.507987552536378 ], [ -0.088914944991541, 51.507994389506493 ], [ -0.088967602713607, 51.507999528088114 ], [ -0.089086346304168, 51.508012622875626 ], [ -0.089665076551842, 51.508076412052418 ], [ -0.08966913583646, 51.508076864859802 ], [ -0.089922073550772, 51.50810474337171 ], [ -0.08994786524685, 51.508107582467396 ], [ -0.090126813974563, 51.508127304137126 ], [ -0.090230444524732, 51.508136878299943 ], [ -0.090806735000633, 51.508190163561295 ], [ -0.091302787927071, 51.508263776784716 ], [ -0.091391633506651, 51.508274386279552 ], [ -0.091487462727149, 51.50828581977904 ], [ -0.091736650165817, 51.508315557816147 ], [ -0.091899831078239, 51.508335029229976 ], [ -0.091943580352665, 51.508340246364774 ], [ -0.092265157924339, 51.508406439566187 ], [ -0.092419922280179, 51.508438354224687 ], [ -0.092892027881969, 51.50855478147259 ], [ -0.093045027126954, 51.508598959713865 ], [ -0.093525952125824, 51.508735824494508 ], [ -0.093584499199832, 51.508752495539262 ], [ -0.09408184324502, 51.508875857026297 ], [ -0.094496591165775, 51.508978728897233 ], [ -0.0945829271994, 51.509000140490343 ], [ -0.094758439362451, 51.509036381964982 ], [ -0.095001748020831, 51.509086620052457 ], [ -0.095256165825412, 51.509141057839905 ], [ -0.095776655887018, 51.509251802687018 ], [ -0.096130965694942, 51.509315405431217 ], [ -0.096294217114097, 51.509344719046318 ], [ -0.09641943483036, 51.509367192115391 ], [ -0.096548165391145, 51.509380765267466 ], [ -0.096560791385068, 51.509382103277481 ], [ -0.097422284019405, 51.509472965904081 ], [ -0.097869305945338, 51.509520113436487 ], [ -0.097953744946343, 51.509529009875088 ], [ -0.098192325415098, 51.509554173893818 ], [ -0.098292824454107, 51.509561891678878 ], [ -0.098384129812898, 51.509568902754751 ], [ -0.098436777853714, 51.509572957840334 ], [ -0.099231103653719, 51.509633963870421 ], [ -0.099278824131692, 51.509636958505112 ], [ -0.099353150492723, 51.509641616320657 ], [ -0.099429589398236, 51.509646416238326 ], [ -0.099442166374878, 51.509647204588084 ], [ -0.100089039385247, 51.509687775674571 ], [ -0.101572080635078, 51.509784156861869 ], [ -0.101773653195026, 51.509788246361843 ], [ -0.10293027275656, 51.509811723832158 ], [ -0.103218139127462, 51.509817566081452 ], [ -0.103252610454618, 51.509818267368104 ], [ -0.10327567799833, 51.509818730292928 ], [ -0.103320343756293, 51.509819641363741 ], [ -0.103338947195316, 51.509820023101817 ], [ -0.103344123991658, 51.509820120295217 ], [ -0.104095699824417, 51.509848704506474 ], [ -0.104100984585978, 51.509767953704909 ], [ -0.104106353853417, 51.509683085568916 ], [ -0.104096359190998, 51.509678760365212 ], [ -0.104012565218098, 51.509642504965683 ], [ -0.103954141536864, 51.509596030108618 ], [ -0.104077109787055, 51.50954125518421 ], [ -0.104088752587833, 51.509152648919134 ], [ -0.104021155831003, 51.509070805540496 ], [ -0.104047654604406, 51.509043639462462 ], [ -0.104086814736217, 51.509003948724818 ], [ -0.104152845138386, 51.508650367686883 ], [ -0.104070753485239, 51.508543711245792 ], [ -0.104119398351253, 51.508544863499651 ], [ -0.104158356110683, 51.508543694606516 ], [ -0.104154012593969, 51.508596232102263 ], [ -0.104175811903105, 51.508609174307992 ], [ -0.104203147768385, 51.508627601653117 ], [ -0.1042095186793, 51.508627674044689 ], [ -0.104349906190836, 51.508629272046576 ], [ -0.104410133795834, 51.508629957590394 ], [ -0.104618714848854, 51.508632320050339 ], [ -0.104670559445591, 51.508632906873181 ], [ -0.104675508170849, 51.508632905900086 ], [ -0.10467266018489, 51.508662591770232 ], [ -0.104661374631232, 51.50878019488669 ], [ -0.104639796742106, 51.509004881687353 ], [ -0.104758332988354, 51.509078325639848 ], [ -0.104677642004243, 51.5091124354839 ], [ -0.104663912370489, 51.509118238811539 ], [ -0.104654030466777, 51.509508285384513 ], [ -0.10481778634285, 51.509593624451249 ], [ -0.104634865620469, 51.509644648168255 ], [ -0.104646245061479, 51.509825686070592 ], [ -0.104621905987146, 51.510013359045615 ], [ -0.104617118030263, 51.510050233060646 ], [ -0.104617623694034, 51.510124827441693 ], [ -0.104627402413351, 51.510171496162634 ], [ -0.104668577145888, 51.510177359290537 ], [ -0.104719867960893, 51.510200247334801 ], [ -0.104679114881254, 51.510227268681675 ], [ -0.104626564368179, 51.510234719928114 ], [ -0.104612844235792, 51.510261458624861 ], [ -0.104608244398503, 51.510307337462024 ], [ -0.10460806811276, 51.510354969427105 ], [ -0.104605794217271, 51.510409734752713 ], [ -0.104604337476686, 51.510466338818119 ], [ -0.104603107238333, 51.510495968170829 ], [ -0.104601422513618, 51.510536543398779 ], [ -0.104599673231611, 51.510578673336191 ], [ -0.104598291489862, 51.510611951313393 ], [ -0.104596425779819, 51.510656885119715 ], [ -0.104622290223017, 51.510706619500269 ], [ -0.104678643864951, 51.510737745817458 ], [ -0.104631033379796, 51.510756365002216 ], [ -0.104622526467793, 51.510787702314964 ], [ -0.104601691793521, 51.510917059690115 ], [ -0.104588695606249, 51.510997856750514 ], [ -0.104586132958396, 51.511013759559816 ], [ -0.104585705940951, 51.511020919913683 ], [ -0.104583880025406, 51.51105309359145 ], [ -0.104582797922246, 51.511072212763835 ], [ -0.104582599263459, 51.511075608828492 ], [ -0.10458053960712, 51.511112023326042 ], [ -0.104580237140477, 51.511117225264123 ], [ -0.104579432277144, 51.511131402881539 ], [ -0.104570568966886, 51.511286897880453 ], [ -0.104569448566039, 51.511306591971902 ], [ -0.10452346573532, 51.511306127742252 ], [ -0.104508872753016, 51.511305981868027 ], [ -0.104268730201753, 51.511303567064871 ], [ -0.104262808778777, 51.511468012457783 ], [ -0.104258610056141, 51.51156911349441 ], [ -0.104258405904293, 51.511574029251427 ], [ -0.104256365129084, 51.511623168847905 ], [ -0.104255979963839, 51.511632443182805 ], [ -0.104256397615857, 51.511663681892522 ], [ -0.104256857092373, 51.511698077747319 ], [ -0.10425476337824, 51.511760984448905 ], [ -0.104253491935841, 51.511798886496834 ], [ -0.104253154892089, 51.511808737147739 ], [ -0.104248676176516, 51.511916578247018 ], [ -0.10424570025021, 51.512031610884129 ], [ -0.104243174401271, 51.512108044747485 ], [ -0.104242128825321, 51.512139466642473 ], [ -0.104241063993639, 51.512251859302054 ], [ -0.104238002726646, 51.512325568687984 ], [ -0.10423061338226, 51.512503488511165 ], [ -0.104226694363982, 51.512597849461656 ], [ -0.104226034380302, 51.512620680479728 ], [ -0.1042244147618, 51.512674251327297 ], [ -0.104223721623111, 51.512720436081807 ], [ -0.104223375064591, 51.512742660654993 ], [ -0.104222436356751, 51.512765262348545 ], [ -0.104221811919409, 51.512780297192734 ], [ -0.10422057573343, 51.51281006133128 ], [ -0.10421999570891, 51.512845888220419 ], [ -0.10422044897923, 51.512878350519557 ], [ -0.10422050129226, 51.512883684088585 ], [ -0.104220637661573, 51.512897751013675 ], [ -0.104220782591631, 51.512913346851157 ], [ -0.1042204186737, 51.512943970407626 ], [ -0.104221744218684, 51.512977292124823 ], [ -0.104222278856969, 51.513007795310351 ], [ -0.104224416520114, 51.513064592336121 ], [ -0.104224602716232, 51.513069478429188 ], [ -0.104226831507648, 51.513136573669463 ], [ -0.104229849492666, 51.513174257259926 ], [ -0.104231571613931, 51.513195948716714 ], [ -0.104236684978103, 51.513246337007011 ], [ -0.104240469740647, 51.513284644497297 ], [ -0.10424177207076, 51.513297705085868 ], [ -0.104247127845713, 51.513341910253978 ], [ -0.104250605019388, 51.513363333309741 ], [ -0.10425429836701, 51.51338614474799 ], [ -0.104263990522994, 51.513456418140009 ], [ -0.104266481062311, 51.513474183171631 ], [ -0.104275095399385, 51.513535707147021 ], [ -0.104281467410673, 51.513585288434676 ], [ -0.104281912731346, 51.513588793825299 ], [ -0.104292653226738, 51.513677204618851 ], [ -0.10429409167061, 51.513686467952603 ], [ -0.10429877951958, 51.51371687907595 ], [ -0.104299047314912, 51.513718620809911 ], [ -0.104292966948415, 51.513718927228474 ], [ -0.104279188624827, 51.513719621838149 ], [ -0.104255492738762, 51.513720810853307 ], [ -0.104231340454643, 51.513722023063721 ], [ -0.104135147496823, 51.513724901966867 ], [ -0.10409425162677, 51.513726129524386 ], [ -0.103995877455368, 51.51373086154743 ], [ -0.103906531293867, 51.513734759194492 ], [ -0.10385604577129, 51.513735768721524 ], [ -0.103805560247063, 51.513736778226793 ], [ -0.103697393403129, 51.513738545962042 ], [ -0.103653175595357, 51.513740636931971 ], [ -0.103538624523406, 51.513744126854817 ], [ -0.103389805427954, 51.513748888181745 ], [ -0.103286126615919, 51.513750862989724 ], [ -0.103134710678393, 51.513752911148103 ], [ -0.103079757766423, 51.513752867891135 ], [ -0.102968039691052, 51.513753732208151 ], [ -0.102961797311069, 51.513753775146974 ], [ -0.102921532247905, 51.513754041275511 ], [ -0.102825302179573, 51.513754688293389 ], [ -0.102771615054646, 51.513755052052595 ], [ -0.102767276456227, 51.513755062820806 ], [ -0.102646198605596, 51.513755379774835 ], [ -0.102629276669092, 51.513755420829895 ], [ -0.10257522553214, 51.51375552681349 ], [ -0.102480700105998, 51.5137539978859 ], [ -0.102351353895238, 51.513753169103616 ], [ -0.102327483115641, 51.513753605801227 ], [ -0.102267294026015, 51.513754709472849 ], [ -0.102204984363545, 51.513755859743128 ], [ -0.102203830348592, 51.513772522705402 ], [ -0.102202713358588, 51.513788988425162 ], [ -0.102195132643102, 51.513819486248323 ], [ -0.102184075405343, 51.513868776723385 ], [ -0.102176717876581, 51.513881427461691 ], [ -0.102162901692985, 51.513905214704039 ], [ -0.102152766135773, 51.513922631642728 ], [ -0.102144785394127, 51.513936405388833 ], [ -0.102107439486028, 51.514000603269032 ], [ -0.102091057260951, 51.514047973056996 ], [ -0.102061274978873, 51.514157643946547 ], [ -0.102026084572529, 51.514288881977038 ], [ -0.102009346219673, 51.514353476183857 ], [ -0.102007818088317, 51.514359377710768 ], [ -0.10199497660535, 51.514408936063688 ], [ -0.101990087181366, 51.51442808354831 ], [ -0.101979909784477, 51.514467990771486 ], [ -0.101966518457734, 51.514508241677518 ], [ -0.10193635198217, 51.514598023255566 ], [ -0.101934655076995, 51.514603130685074 ], [ -0.101917547613989, 51.514659265682042 ], [ -0.101898136684975, 51.514722962316874 ], [ -0.101884154879905, 51.514774670370286 ], [ -0.101863032818085, 51.514852789832183 ], [ -0.101819078601619, 51.514999614398008 ], [ -0.101770633891475, 51.515180934583142 ], [ -0.10176573508536, 51.515199263562856 ], [ -0.101731473908787, 51.515329949998169 ], [ -0.101713387669645, 51.515382921651863 ], [ -0.101679082612137, 51.515483398774336 ], [ -0.101674030965722, 51.515498192908346 ], [ -0.101666589801391, 51.515521507715853 ], [ -0.101654344078595, 51.515559843675653 ], [ -0.101621612595813, 51.515653738341669 ], [ -0.101615824871401, 51.515685119458212 ], [ -0.10159612341583, 51.515746769980602 ], [ -0.101564682427913, 51.51586056839902 ], [ -0.1015621886923, 51.51586958376312 ], [ -0.101556914023679, 51.515885856246427 ], [ -0.101534844215387, 51.515953744295913 ], [ -0.101534303653836, 51.515955409101771 ], [ -0.101689059569901, 51.515986590921052 ], [ -0.101689744225835, 51.515986728797976 ], [ -0.101647219502188, 51.516077659250932 ], [ -0.101630262659898, 51.516115319154999 ], [ -0.101628306220191, 51.516119664288233 ], [ -0.101624423621937, 51.516128284900773 ], [ -0.101619889997236, 51.516138350012177 ], [ -0.101602564295357, 51.516176837575557 ], [ -0.10158298876788, 51.516214317497464 ], [ -0.101559103316323, 51.516246952281548 ], [ -0.101519845311458, 51.516281163681995 ], [ -0.101455124529736, 51.516299648034817 ], [ -0.101416523106535, 51.51625293491351 ], [ -0.101411638474866, 51.516260868392756 ], [ -0.101392377514296, 51.516292166155012 ], [ -0.101365605498163, 51.516329394430812 ], [ -0.101342726703306, 51.516359653383049 ], [ -0.101314189292963, 51.516396007733711 ], [ -0.101289761212882, 51.516420198429479 ], [ -0.101237934419662, 51.51645336985198 ], [ -0.101185213029827, 51.51646473723337 ], [ -0.101005861706844, 51.51646660764424 ], [ -0.100948239602186, 51.516467239088058 ], [ -0.100803982685497, 51.516468814306933 ], [ -0.100749040769966, 51.516468769644504 ], [ -0.10064631800626, 51.516469776463737 ], [ -0.100556240325804, 51.51646928841398 ], [ -0.100532067125686, 51.516508815766507 ], [ -0.100511994669624, 51.516615280796572 ], [ -0.100506634096655, 51.516643718164076 ], [ -0.100498386709719, 51.516712010646359 ], [ -0.100447827378951, 51.516714707693971 ], [ -0.100398134706743, 51.516718398974703 ], [ -0.100337590030702, 51.516722750733443 ], [ -0.100096556589461, 51.516735149045402 ], [ -0.099995840575829, 51.51674021656121 ], [ -0.099946702857872, 51.516742693623648 ], [ -0.099929791427765, 51.516716142650587 ], [ -0.099863348060987, 51.516732349974582 ], [ -0.099785882385791, 51.516753999106349 ], [ -0.099724890593244, 51.516768844168254 ], [ -0.099723080637314, 51.51676928515527 ], [ -0.099663624385039, 51.516769301697479 ], [ -0.099545765264865, 51.51676584458226 ], [ -0.099518897513175, 51.516740256268506 ], [ -0.09948265004285, 51.516723931345531 ], [ -0.099428805577623, 51.516718984794878 ], [ -0.099309822851537, 51.516720707058298 ], [ -0.099107989104716, 51.516721796393796 ], [ -0.098979892860542, 51.516726041418103 ], [ -0.098927527359493, 51.516728843412942 ], [ -0.098815676085968, 51.516732371448278 ], [ -0.098757358141863, 51.516726515723079 ], [ -0.098740398853281, 51.516658228356206 ], [ -0.098714322644982, 51.516570404723531 ], [ -0.098544023169088, 51.516574504462334 ], [ -0.09853938489841, 51.516574609095464 ], [ -0.098529458319415, 51.516574852782846 ], [ -0.098367914740745, 51.516582070874065 ], [ -0.098296575358196, 51.516586399372841 ], [ -0.098194599308041, 51.516590923326348 ], [ -0.098006553920032, 51.516599068943009 ], [ -0.097937374349115, 51.516602065357489 ], [ -0.097828395286023, 51.5166017002202 ], [ -0.097829670658861, 51.516571100531941 ], [ -0.097825050286055, 51.516509047404973 ], [ -0.097758942446597, 51.516495753691594 ], [ -0.097757700212658, 51.516439106069967 ], [ -0.097759011209997, 51.516407652647878 ], [ -0.097757421422996, 51.516380783438542 ], [ -0.097759036568224, 51.516342032822045 ], [ -0.09775976747262, 51.516303402750623 ], [ -0.097759628322457, 51.516198158112424 ], [ -0.097759759147202, 51.516151793515256 ], [ -0.097770387988077, 51.516114987689832 ], [ -0.097771414181274, 51.516111461187556 ], [ -0.097779767790218, 51.516082559062831 ], [ -0.097793189786824, 51.516041329143256 ], [ -0.097826152068167, 51.515942098119517 ], [ -0.097872398387546, 51.515805285973258 ], [ -0.097912652171793, 51.515681874733211 ], [ -0.097916800002752, 51.515669154300973 ], [ -0.097924378389287, 51.515645707187787 ], [ -0.097943620470856, 51.515586208416984 ], [ -0.097957381208586, 51.51553857211583 ], [ -0.097866786620512, 51.515529089890329 ], [ -0.09768387560253, 51.515508559533103 ], [ -0.097688050099846, 51.51544713469994 ], [ -0.097688538123688, 51.515439921423379 ], [ -0.097719242109023, 51.515286975928468 ], [ -0.097666590726152, 51.515274889734009 ], [ -0.097467418737525, 51.515255498117767 ], [ -0.097319565142024, 51.515242829201874 ], [ -0.097305835353574, 51.515241653170051 ], [ -0.097299573897249, 51.51524111091689 ], [ -0.09727904523832, 51.515239491820822 ], [ -0.097254680656504, 51.515237576660475 ], [ -0.09725797604783, 51.515224563645802 ], [ -0.0972686944335, 51.515182156824842 ], [ -0.097274489107331, 51.515155866077386 ], [ -0.097290918855831, 51.515081213939972 ], [ -0.097240918515803, 51.515070195759399 ], [ -0.097227165139102, 51.515067166826945 ], [ -0.097218624717304, 51.515065283635799 ], [ -0.097197693767343, 51.515063981739068 ], [ -0.097099119218829, 51.515057867637431 ], [ -0.097047926366533, 51.515054365961952 ], [ -0.09694281848678, 51.515047318362619 ], [ -0.096728178698024, 51.515032170860913 ], [ -0.096653669253697, 51.515025475797287 ], [ -0.096637638175517, 51.514999649136335 ], [ -0.096612965895348, 51.514964680442588 ], [ -0.096565602224129, 51.514955764126739 ], [ -0.096564867727166, 51.514930176781583 ], [ -0.096563922562968, 51.514887868467568 ], [ -0.096563103114242, 51.514842891343093 ], [ -0.096376711592243, 51.514832284508373 ], [ -0.096362692178978, 51.514831490357103 ], [ -0.096349474302826, 51.51486780436543 ], [ -0.096349508644962, 51.514931599584457 ], [ -0.096348687740409, 51.514942296637528 ], [ -0.096345442023735, 51.514985903806327 ], [ -0.096196974817208, 51.514982099402516 ], [ -0.096088155130549, 51.514977661627988 ], [ -0.09593526827595, 51.514971662837844 ], [ -0.095865155517201, 51.514967718519159 ], [ -0.09577144412999, 51.51496872361826 ], [ -0.095754633064648, 51.515026202101446 ], [ -0.095749945912739, 51.515053562888646 ], [ -0.095741550997671, 51.51510242809578 ], [ -0.095736681587265, 51.515154192270209 ], [ -0.095738592312544, 51.515194411942588 ], [ -0.095739299136986, 51.515242759502264 ], [ -0.095744281007426, 51.515274315068496 ], [ -0.095745961890334, 51.515304153363623 ], [ -0.095746867579443, 51.515320444966569 ], [ -0.095745446904104, 51.515346204133792 ], [ -0.095743142005106, 51.515387974036734 ], [ -0.095697186268697, 51.515388486654174 ], [ -0.095614133069419, 51.515392758212357 ], [ -0.095582286172933, 51.51544339175976 ], [ -0.095507576295969, 51.515442178279734 ], [ -0.095455365267411, 51.515441653949786 ], [ -0.095444123186811, 51.515439924586232 ], [ -0.095417754863019, 51.515435944132449 ], [ -0.095376351408393, 51.515435127698055 ], [ -0.095194492279747, 51.515432596097774 ], [ -0.095182178349999, 51.515381955684227 ], [ -0.095167332093656, 51.515327757962922 ], [ -0.095085562511659, 51.515301276793316 ], [ -0.095009006688853, 51.515279376654924 ], [ -0.095015349513899, 51.515235496142665 ], [ -0.09502305982212, 51.515180262011626 ], [ -0.095075511869578, 51.515175349823963 ], [ -0.095151140316424, 51.515176299713701 ], [ -0.095177457727003, 51.515127968533967 ], [ -0.095195234475163, 51.515090883430226 ], [ -0.095213792797713, 51.51505648186815 ], [ -0.095238150411235, 51.514962552535387 ], [ -0.09523955837428, 51.514957134789803 ], [ -0.095168421852996, 51.514934900145242 ], [ -0.0951763745484, 51.514895263371784 ], [ -0.095105969640624, 51.514877258180682 ], [ -0.095118946273865, 51.514825337990857 ], [ -0.09513223565925, 51.514809780592479 ], [ -0.095147358574599, 51.514792076731965 ], [ -0.095173103937351, 51.514757791929178 ], [ -0.095185147208693, 51.514685065311795 ], [ -0.095201647067115, 51.514591889617229 ], [ -0.095122729022408, 51.514583449337387 ], [ -0.094986504290276, 51.514566757867804 ], [ -0.09485025963282, 51.514550200810312 ], [ -0.094666510359961, 51.514528815950264 ], [ -0.094670453123146, 51.514493061879193 ], [ -0.094672303529254, 51.514476356432077 ], [ -0.094695038313151, 51.514406474460692 ], [ -0.094721913711361, 51.51431784692015 ], [ -0.094723219835184, 51.514313488671732 ], [ -0.094733361494734, 51.514286675197859 ], [ -0.094753369880515, 51.514238943025958 ], [ -0.094744606027907, 51.514236894161833 ], [ -0.094697175481675, 51.51422580878242 ], [ -0.094536004407501, 51.514193909396248 ], [ -0.094414858076502, 51.514169935395877 ], [ -0.094349222248577, 51.514157178126588 ], [ -0.094233462990631, 51.514134667385484 ], [ -0.094153952415012, 51.514119040635251 ], [ -0.094062642115376, 51.514104004405873 ], [ -0.094006330304023, 51.514094725823114 ], [ -0.0940041011695, 51.514100822644849 ], [ -0.093981928999408, 51.514161352151 ], [ -0.093966477843209, 51.51418691018381 ], [ -0.093941881685044, 51.514214369905339 ], [ -0.093899316201083, 51.514263147093764 ], [ -0.093836790291755, 51.514250467070489 ], [ -0.093823527841385, 51.51427779626183 ], [ -0.09381905045704, 51.514286994999736 ], [ -0.093794603513818, 51.514332964189087 ], [ -0.093757077215286, 51.514368747781262 ], [ -0.093687759986589, 51.514432395629363 ], [ -0.09363723228976, 51.514477518101693 ], [ -0.093602615593411, 51.514508852567573 ], [ -0.093590852540381, 51.514516152275981 ], [ -0.093555429227082, 51.514538157125131 ], [ -0.093512153896165, 51.514560780692321 ], [ -0.093473553924101, 51.514622256986421 ], [ -0.093441680534143, 51.514652089250482 ], [ -0.09339868643201, 51.514684537422283 ], [ -0.093387733285315, 51.514692803508275 ], [ -0.093335247536591, 51.514763046702633 ], [ -0.093307312959432, 51.514806575975193 ], [ -0.093235409489956, 51.514802726876624 ], [ -0.093219580462385, 51.514836623912316 ], [ -0.093204474697038, 51.5148745974275 ], [ -0.093185577157204, 51.514917428308138 ], [ -0.093176893714134, 51.514933806766763 ], [ -0.093164065660024, 51.514957968488702 ], [ -0.093137834930185, 51.515003485838449 ], [ -0.093124984260387, 51.515022323482285 ], [ -0.093120563563664, 51.515028780321089 ], [ -0.092984073406541, 51.515012217082152 ], [ -0.092970895129553, 51.515010608873226 ], [ -0.092955060570912, 51.515044631672659 ], [ -0.092912524042469, 51.515114056251448 ], [ -0.092881241524605, 51.515172845588999 ], [ -0.092861029298127, 51.515202633528176 ], [ -0.092856483556443, 51.515209322132648 ], [ -0.09284738484365, 51.515221665057922 ], [ -0.092818104482399, 51.515239264208972 ], [ -0.092778376337166, 51.515263204153719 ], [ -0.092740199053868, 51.5152927987669 ], [ -0.092711931518304, 51.515322545571884 ], [ -0.092690830262108, 51.515353254259395 ], [ -0.092623720061411, 51.515450237401524 ], [ -0.09256223954073, 51.515541835500628 ], [ -0.092459768540768, 51.515536517400662 ], [ -0.09245591387647, 51.515547704606725 ], [ -0.092435158672345, 51.515608058938248 ], [ -0.092417973512596, 51.515674379575998 ], [ -0.092402852784107, 51.515734411900873 ], [ -0.092390445482854, 51.515794353477602 ], [ -0.092389759727868, 51.515832138802239 ], [ -0.092385100365723, 51.51605153977664 ], [ -0.092286969601984, 51.516049943159629 ], [ -0.09225934389843, 51.51604983539039 ], [ -0.09213656445841, 51.51604932138931 ], [ -0.092141772676241, 51.516075404140366 ], [ -0.092147659529314, 51.516106974510883 ], [ -0.092152982494993, 51.516152033804033 ], [ -0.092159098528603, 51.51617812233372 ], [ -0.092162479788615, 51.516205155564407 ], [ -0.092163893683835, 51.516235807833496 ], [ -0.092166443513129, 51.516274455144014 ], [ -0.092166652826453, 51.516277722913458 ], [ -0.09216442204285, 51.516331085486307 ], [ -0.092162755149344, 51.516370959136133 ], [ -0.092164081823701, 51.516447140211639 ], [ -0.092157292579569, 51.516479907182017 ], [ -0.092137204149556, 51.516529463008766 ], [ -0.092112663822107, 51.516599314934425 ], [ -0.092090346158673, 51.516659095185645 ], [ -0.092070727200371, 51.516697417715029 ], [ -0.09196375407867, 51.516692160735758 ], [ -0.091866587997007, 51.516689176559396 ], [ -0.091855533382119, 51.516716397510542 ], [ -0.091845028096372, 51.5167521974764 ], [ -0.091830487501311, 51.516798327366622 ], [ -0.091808004549795, 51.516840676939758 ], [ -0.091791331277658, 51.516873004236764 ], [ -0.09181316454837, 51.516881354122106 ], [ -0.091831252735071, 51.516888267163573 ], [ -0.091762493692605, 51.516981149126288 ], [ -0.091732335659736, 51.517012978160935 ], [ -0.091586342149388, 51.516992607412718 ], [ -0.091545844297234, 51.517103143345672 ], [ -0.091529392839383, 51.517148082016931 ], [ -0.091495346849315, 51.517242194182209 ], [ -0.091493751860833, 51.517246556663459 ], [ -0.091449429209296, 51.517359610985878 ], [ -0.091443330929947, 51.517375150044451 ], [ -0.091412300788157, 51.517470893930671 ], [ -0.091406358793299, 51.517481489537978 ], [ -0.091383096875816, 51.517522971937737 ], [ -0.091376351690496, 51.517533644394987 ], [ -0.091360898198769, 51.517558158755733 ], [ -0.091422717148766, 51.517566467201753 ], [ -0.0914208389963, 51.517571913190274 ], [ -0.091394015792414, 51.517649605231853 ], [ -0.091192433682081, 51.517622861474088 ], [ -0.090999939364572, 51.517594574716469 ], [ -0.090917327924785, 51.517581287241342 ], [ -0.090913290453327, 51.517580636971864 ], [ -0.090763702062899, 51.517556582608641 ], [ -0.090660780433298, 51.517540572150068 ], [ -0.090682847345908, 51.517489084038537 ], [ -0.090708669109584, 51.517428808240922 ], [ -0.090756477802592, 51.517319983620474 ], [ -0.090780451183915, 51.517263746904355 ], [ -0.090657733853721, 51.517204141164363 ], [ -0.090571875036649, 51.517189253828306 ], [ -0.090467068731877, 51.51717490314509 ], [ -0.090476106207813, 51.517157676391058 ], [ -0.090498396807881, 51.517115135136372 ], [ -0.090283615335089, 51.517081142540498 ], [ -0.090235617467577, 51.517181384983274 ], [ -0.090223408062263, 51.517206896263744 ], [ -0.090140920297079, 51.517370101196818 ], [ -0.090093997465619, 51.517479074859885 ], [ -0.090038446804035, 51.517471848039563 ], [ -0.089866464194955, 51.517448389945919 ], [ -0.089856671422536, 51.5174671240812 ], [ -0.089836113060535, 51.517506482953365 ], [ -0.089574676106177, 51.517467943017216 ], [ -0.089501843295008, 51.517464508033015 ], [ -0.089485154684409, 51.51749405590418 ], [ -0.089480438509208, 51.517502387233392 ], [ -0.089472525826886, 51.517516835470829 ], [ -0.089451174033092, 51.517555857602041 ], [ -0.089265387343426, 51.517517839303956 ], [ -0.089260548639681, 51.51752599776524 ], [ -0.089223720676304, 51.517587977804965 ], [ -0.089213823899354, 51.5175985178305 ], [ -0.0892095094497, 51.517603105736342 ], [ -0.089194482770135, 51.517619119646184 ], [ -0.089130338615867, 51.517666688778981 ], [ -0.089065839808366, 51.517765402602642 ], [ -0.088991048208361, 51.517873777641348 ], [ -0.088987273363126, 51.51787924662576 ], [ -0.088980491291634, 51.517889064025468 ], [ -0.088967950577918, 51.517908697519999 ], [ -0.088935668211091, 51.517959177935197 ], [ -0.088856911681837, 51.518082362177331 ], [ -0.088787670264269, 51.518190692646101 ], [ -0.088785076752373, 51.518194454281364 ], [ -0.088750267976398, 51.518245019349251 ], [ -0.088722326659564, 51.518288547160822 ], [ -0.088690199567209, 51.518345630671568 ], [ -0.088653417914154, 51.518416792803862 ], [ -0.088620606400146, 51.518480231966961 ], [ -0.088594056552979, 51.518529762574396 ], [ -0.088554153625857, 51.51860420108067 ], [ -0.088484733463459, 51.51873430874555 ], [ -0.088400833788712, 51.518887642228059 ], [ -0.088331053019532, 51.519020486675025 ], [ -0.088317316096929, 51.51904663827461 ], [ -0.088312726637665, 51.519055376286026 ], [ -0.088256690769136, 51.519167716625411 ], [ -0.088231586074124, 51.519214042317415 ], [ -0.088174658090834, 51.519319110951237 ], [ -0.088170302243166, 51.519327088385786 ], [ -0.088137581978315, 51.519386940782077 ], [ -0.088114212983678, 51.519404221349419 ], [ -0.088103175785578, 51.519412377588814 ], [ -0.08787260945456, 51.519324193840596 ], [ -0.087837851409963, 51.519310902266952 ], [ -0.087709218580995, 51.519261709410898 ], [ -0.087686675292705, 51.519253095395051 ], [ -0.087680674489649, 51.519250794302025 ], [ -0.087672985546808, 51.51924784517638 ], [ -0.087658394493038, 51.519242261013545 ], [ -0.087065165719264, 51.519015382361545 ], [ -0.086778878078192, 51.518905887401147 ], [ -0.086769699409309, 51.518902374345473 ], [ -0.086161219525681, 51.518737759588269 ], [ -0.086154010129533, 51.518769431073437 ], [ -0.086146854866628, 51.518800842653413 ], [ -0.086115081565477, 51.518849747814478 ], [ -0.085931517849896, 51.519132179125876 ], [ -0.085727935110231, 51.519445415922902 ], [ -0.08540606947145, 51.519956394361536 ], [ -0.085298412842683, 51.520127322767856 ], [ -0.085228647622138, 51.520264338010556 ], [ -0.085201174269675, 51.520318241100966 ], [ -0.085195596690847, 51.520329211008914 ], [ -0.085192348639491, 51.520335506796258 ], [ -0.085084159142639, 51.520305808385771 ], [ -0.084922103381734, 51.520261318275722 ], [ -0.084901482980348, 51.52025565763433 ], [ -0.084625109951124, 51.520179792640185 ], [ -0.084616117886732, 51.52017732555052 ], [ -0.083822631205638, 51.519959481792995 ], [ -0.083351970815884, 51.51983036537235 ], [ -0.083300395787014, 51.519816293558762 ], [ -0.083270627878568, 51.519829034904483 ], [ -0.082907097226709, 51.51998469580537 ], [ -0.082841674418217, 51.520012707841069 ], [ -0.08270799596377, 51.520069935437085 ], [ -0.082299448664595, 51.52031603476464 ], [ -0.082269760188628, 51.520339217665629 ], [ -0.081991133222947, 51.520556740970179 ], [ -0.081950613679023, 51.520588964015687 ], [ -0.08193690828654, 51.52059986364084 ], [ -0.081926901477021, 51.52060782024563 ], [ -0.081884189142857, 51.520641796920913 ], [ -0.08185895507268, 51.520661878209857 ], [ -0.081847889219412, 51.520670680770635 ], [ -0.081736664928294, 51.520759128708164 ], [ -0.08164500578649, 51.520872150108531 ], [ -0.081636324870084, 51.520882853177852 ], [ -0.081620361963123, 51.520902528641962 ], [ -0.081591628166455, 51.520937957052261 ], [ -0.08157344495547, 51.520960383894234 ], [ -0.081396829798686, 51.521218936757172 ], [ -0.081365240282025, 51.52126810414309 ], [ -0.081332710956234, 51.521318742623578 ], [ -0.081258731987329, 51.521433902987177 ], [ -0.081064849584742, 51.521864364548001 ], [ -0.081045498016077, 51.521907356430091 ], [ -0.081024209420416, 51.521954588114021 ], [ -0.080916088719523, 51.521930758446189 ], [ -0.080815423794044, 51.521908570549989 ], [ -0.080674944340467, 51.521877608267886 ], [ -0.080674488669101, 51.521877509079161 ], [ -0.08020429154382, 51.521773881012031 ], [ -0.080203714526854, 51.521773753754708 ], [ -0.080165216991013, 51.521765268840021 ], [ -0.07986516721523, 51.521699130503116 ], [ -0.079743221923912, 51.521672258515437 ], [ -0.079675277702251, 51.521663834059964 ], [ -0.079254413128359, 51.521611640316131 ], [ -0.079076257361968, 51.521589547644467 ], [ -0.078820026816361, 51.521557766562736 ], [ -0.078769635362111, 51.521551517815155 ], [ -0.078744973165008, 51.521548457935239 ], [ -0.078665812611995, 51.521538637684678 ], [ -0.078527046858655, 51.521521432755328 ], [ -0.078522052187573, 51.52152081309454 ], [ -0.07851092908021, 51.521519454463636 ], [ -0.078445363490298, 51.521511447789159 ], [ -0.078561585208435, 51.521299881522857 ], [ -0.078647839890202, 51.521142880623053 ], [ -0.078659658423281, 51.521121357061226 ], [ -0.07866181245003, 51.521117444589031 ], [ -0.078677439835741, 51.521088996157346 ], [ -0.078704010515873, 51.52104063748309 ], [ -0.07871532370334, 51.520998251588878 ], [ -0.07877130266851, 51.520788614601997 ], [ -0.078784221808184, 51.520740265899391 ], [ -0.078815694319224, 51.520655594156395 ], [ -0.078825865560425, 51.52061875600085 ], [ -0.078867405680024, 51.52046820699794 ], [ -0.078868597915469, 51.520463856097436 ], [ -0.078884009064173, 51.520408012363582 ], [ -0.078886458336714, 51.520399140763523 ], [ -0.079008697082381, 51.519956078567773 ] ] ] } },
{ "type": "Feature", "properties": { "lsoa21cd": "E01004293", "lsoa21nm": "Tower Hamlets 027B", "msoa21cd": "E02000890", "msoa21nm": "Tower Hamlets 027", "lad22cd": "E09000030", "lad22nm": "Tower Hamlets", "index_right": 249, "GSS_CODE": "E05011104", "risk_score": 4.005739485313395, "allocation_hours": 51.443525551462876, "patrol_units": 26 }, "geometry": { "type": "Polygon", "coordinates": [ [ [ -0.076252199993566, 51.51046214301293 ], [ -0.076250262782319, 51.510454935033366 ], [ -0.076245025551641, 51.510455928180143 ], [ -0.076203321781272, 51.510465423276983 ], [ -0.07619622107201, 51.510467033303478 ], [ -0.076146528601215, 51.51047834864552 ], [ -0.076098891648086, 51.510135565051925 ], [ -0.076092734327912, 51.510091201873841 ], [ -0.076086408721757, 51.510045702851535 ], [ -0.076070975684843, 51.5100473739096 ], [ -0.075743461315177, 51.510082922074197 ], [ -0.075692693212122, 51.509918412200619 ], [ -0.075673724479483, 51.509856959311996 ], [ -0.075629869217838, 51.509807768458572 ], [ -0.075530992908215, 51.509751023900293 ], [ -0.075506228438251, 51.509736804403566 ], [ -0.075367209276274, 51.50975680064132 ], [ -0.075271368271693, 51.509788715327069 ], [ -0.074966041269962, 51.509890389389774 ], [ -0.074758562640835, 51.509959354121122 ], [ -0.074603593538384, 51.509926628465983 ], [ -0.074556212921187, 51.509916623447751 ], [ -0.074542699860818, 51.509913775543573 ], [ -0.074532458193212, 51.509911610880245 ], [ -0.074522616354784, 51.509909533720098 ], [ -0.074461494575647, 51.509896623051226 ], [ -0.074367429875616, 51.509876502924996 ], [ -0.074358031206663, 51.509879293590025 ], [ -0.074307388773301, 51.509894342500324 ], [ -0.074250397520695, 51.509911283434811 ], [ -0.074082387195961, 51.509961201549551 ], [ -0.073932677856875, 51.510005682881228 ], [ -0.073828234365005, 51.510019091890484 ], [ -0.073607567136752, 51.51004741559413 ], [ -0.073568378040492, 51.510036933334163 ], [ -0.073557442100656, 51.510034487391074 ], [ -0.073525462366366, 51.510027334030667 ], [ -0.073517510164654, 51.510025557632602 ], [ -0.07346566067133, 51.510016270063524 ], [ -0.073456399436098, 51.51001511961497 ], [ -0.073435282821655, 51.510012479307193 ], [ -0.073404718517021, 51.510008667492102 ], [ -0.07339954916825, 51.5100082227952 ], [ -0.073389526923542, 51.510007347596208 ], [ -0.073344611959952, 51.51000346169392 ], [ -0.073337687520301, 51.510003284897365 ], [ -0.073283904398119, 51.510001910510113 ], [ -0.073277745688235, 51.510002029570259 ], [ -0.073224414029275, 51.510003274959146 ], [ -0.07320383425843, 51.510003758509306 ], [ -0.073278285319112, 51.509953055184113 ], [ -0.073353825922138, 51.50988623141798 ], [ -0.073368107652037, 51.509873597667884 ], [ -0.073578450395667, 51.509670223566218 ], [ -0.073585590722315, 51.509660844652799 ], [ -0.073679721352466, 51.509537563429646 ], [ -0.073700487404282, 51.509510361036348 ], [ -0.073761884805912, 51.509421443245884 ], [ -0.07372907542763, 51.50938519299622 ], [ -0.07372057716392, 51.509375800706508 ], [ -0.073697194497643, 51.509348627967093 ], [ -0.073665626848381, 51.509311948476032 ], [ -0.073637962125304, 51.509284515587126 ], [ -0.073587617205654, 51.509240245103108 ], [ -0.073512902378198, 51.509174547216361 ], [ -0.073457938189424, 51.509110694658375 ], [ -0.073444309987504, 51.509092485193683 ], [ -0.073348812066478, 51.508965017242566 ], [ -0.073344596527515, 51.508959390441348 ], [ -0.073335169549269, 51.508946807529412 ], [ -0.073264301936098, 51.508918664223309 ], [ -0.073238350389914, 51.508908354539663 ], [ -0.07313176609342, 51.508866017919715 ], [ -0.072980846807944, 51.508806090764708 ], [ -0.072270473873306, 51.508564696913275 ], [ -0.072107305806485, 51.508509243339347 ], [ -0.071677827095862, 51.508363311296996 ], [ -0.071673778262169, 51.508361931734733 ], [ -0.071531287797035, 51.508323616026196 ], [ -0.071414497576886, 51.508308366775424 ], [ -0.071373637314379, 51.508303036073798 ], [ -0.07125879551412, 51.508292153225014 ], [ -0.07114322310387, 51.508299243668169 ], [ -0.071071218673493, 51.50829805844878 ], [ -0.070897268708716, 51.508322173128924 ], [ -0.07070918824498, 51.508362151865825 ], [ -0.070508819406829, 51.508404751675236 ], [ -0.070504646078786, 51.508405636186851 ], [ -0.070424873060853, 51.508418450206626 ], [ -0.070403079911531, 51.508421949227753 ], [ -0.070397701461302, 51.508422705978923 ], [ -0.0703954215636, 51.508411526465679 ], [ -0.070400401933487, 51.508408595915817 ], [ -0.070418299957615, 51.508398036426215 ], [ -0.070405739093441, 51.50835904402355 ], [ -0.070484969341099, 51.508349863127336 ], [ -0.070259207968434, 51.507598563353177 ], [ -0.070247964184116, 51.507561148361376 ], [ -0.07004864048397, 51.507465942310382 ], [ -0.069862628277477, 51.507713703441468 ], [ -0.069706997544644, 51.507817182033605 ], [ -0.069696054779425, 51.507824456740217 ], [ -0.069443780593079, 51.508077951112767 ], [ -0.069057052381095, 51.508329950677648 ], [ -0.069052815736091, 51.508318773071281 ], [ -0.068998633687495, 51.508236945862897 ], [ -0.068930051009803, 51.508154881325076 ], [ -0.068887989088272, 51.508127210053594 ], [ -0.068846307406672, 51.508090552323836 ], [ -0.068840345939296, 51.508087036851343 ], [ -0.068820731685907, 51.508075481719118 ], [ -0.068687954462067, 51.507997316794729 ], [ -0.068621267931727, 51.507958058955758 ], [ -0.068579156328784, 51.507933273417834 ], [ -0.068495413633231, 51.507868944189148 ], [ -0.068426093176705, 51.507788377084218 ], [ -0.06841173848115, 51.507771693707312 ], [ -0.068385531694475, 51.507741235075756 ], [ -0.068360919224205, 51.507672080112435 ], [ -0.068327458867511, 51.507715637798285 ], [ -0.06823576999274, 51.507835006500329 ], [ -0.066878338327858, 51.50818207950249 ], [ -0.066868455736834, 51.508174857275307 ], [ -0.066813516795092, 51.508111002431249 ], [ -0.066767968457971, 51.508055440809962 ], [ -0.066731298973408, 51.508010726905418 ], [ -0.066706613923874, 51.507960083883368 ], [ -0.066704781586177, 51.507956324391834 ], [ -0.066665385288043, 51.507865756646268 ], [ -0.066662802881112, 51.507835543525594 ], [ -0.06664705620059, 51.507651715701634 ], [ -0.06664609946265, 51.507640620907786 ], [ -0.066649525018739, 51.507559743022206 ], [ -0.066638550010159, 51.507478627660674 ], [ -0.066479763339967, 51.507485001754574 ], [ -0.066422161144993, 51.507484051760521 ], [ -0.066362100117536, 51.5074877373928 ], [ -0.066168943027704, 51.507499578293377 ], [ -0.066075405853608, 51.507505310486479 ], [ -0.065729031062318, 51.507517581755216 ], [ -0.065671809661591, 51.507507644966843 ], [ -0.065601330212204, 51.507470511275301 ], [ -0.065586962842812, 51.507462009920324 ], [ -0.065461342861055, 51.507387608811484 ], [ -0.065418312702097, 51.507368571634231 ], [ -0.065389511696494, 51.507368096381612 ], [ -0.065345929507245, 51.507376365419162 ], [ -0.0652271765177, 51.507454454316417 ], [ -0.065043208636948, 51.507304585260322 ], [ -0.064860348746281, 51.507153762991116 ], [ -0.064887782783857, 51.506954649630806 ], [ -0.064938356997646, 51.50693780471461 ], [ -0.064960224720299, 51.506888346039091 ], [ -0.064962065860396, 51.506884176832266 ], [ -0.065024106657214, 51.506743853405403 ], [ -0.065280764570804, 51.506685158147299 ], [ -0.065309954367363, 51.506681889881776 ], [ -0.065357564434747, 51.506653710018597 ], [ -0.06539362654453, 51.5066810763904 ], [ -0.065414330469454, 51.506691705689299 ], [ -0.065620009856891, 51.506716861805856 ], [ -0.065692521744979, 51.506725728964774 ], [ -0.065670035267615, 51.506623857256116 ], [ -0.065687178182985, 51.506580795236353 ], [ -0.065713589446072, 51.506543794338555 ], [ -0.065747593148389, 51.506513636250695 ], [ -0.065801623117593, 51.506477450698412 ], [ -0.065837638483546, 51.506447766414631 ], [ -0.065852665820816, 51.506440685268906 ], [ -0.065883006673594, 51.506407184374432 ], [ -0.065951861468723, 51.506388077669932 ], [ -0.066011493066937, 51.506380378907473 ], [ -0.066039279103943, 51.506371633224617 ], [ -0.066103803567711, 51.506359838012905 ], [ -0.06613094937103, 51.506368415195475 ], [ -0.066230823437897, 51.506409315753096 ], [ -0.066313031409474, 51.506475032497967 ], [ -0.06638535527808, 51.506647203733642 ], [ -0.066458703643995, 51.506621354370239 ], [ -0.066720955987644, 51.506553674570398 ], [ -0.06672361743797, 51.506490832437514 ], [ -0.06671378426824, 51.506382757768989 ], [ -0.06667438961953, 51.506292181042909 ], [ -0.06664749227442, 51.506246773942316 ], [ -0.066579678227158, 51.506146735817289 ], [ -0.066551964892448, 51.506119237709349 ], [ -0.06651396192659, 51.50608155202233 ], [ -0.066496703131337, 51.506064433040244 ], [ -0.066413347693358, 51.505991116641844 ], [ -0.066278556987228, 51.505909433931116 ], [ -0.066067057631212, 51.505781252408845 ], [ -0.065980168799493, 51.505714496052221 ], [ -0.06596803771329, 51.505721247299526 ], [ -0.065879471202631, 51.505667565572082 ], [ -0.065714340142963, 51.505569095882947 ], [ -0.065479526887237, 51.505429053956682 ], [ -0.065429716154247, 51.505399365442877 ], [ -0.06520541251096, 51.505251771647586 ], [ -0.065178504940124, 51.505240653245799 ], [ -0.065092132767606, 51.505204938603001 ], [ -0.064969206164894, 51.505159627866682 ], [ -0.064964424665331, 51.505157867311787 ], [ -0.064865149853028, 51.505120257908004 ], [ -0.064831595614326, 51.505109911004183 ], [ -0.06491965851312, 51.504952076648991 ], [ -0.064841515724337, 51.504901389894989 ], [ -0.064822925307717, 51.504872198453704 ], [ -0.064790472057366, 51.504821267620407 ], [ -0.064724231938077, 51.504800156444531 ], [ -0.064608534158225, 51.504802239338659 ], [ -0.064539487531787, 51.504803482572321 ], [ -0.064527359875752, 51.504803696027189 ], [ -0.064400363210499, 51.504947874858267 ], [ -0.064273205549704, 51.504973832714583 ], [ -0.06423765659237, 51.504966015629336 ], [ -0.064124364184484, 51.504919181442652 ], [ -0.064039490308178, 51.504881809129081 ], [ -0.063992386745558, 51.504827057060403 ], [ -0.063984558891858, 51.504817962064983 ], [ -0.063971302926325, 51.504790756040556 ], [ -0.064007343220707, 51.504620489672888 ], [ -0.064023267227801, 51.504584781780885 ], [ -0.064107900600449, 51.5043155346509 ], [ -0.064135832630936, 51.504226698239194 ], [ -0.064239637057035, 51.503896437248045 ], [ -0.064204646353953, 51.503887028668288 ], [ -0.064213798526403, 51.503851636087298 ], [ -0.064221440732397, 51.503852872869068 ], [ -0.06422211786703, 51.503848117911858 ], [ -0.064228593114471, 51.503802793643182 ], [ -0.064302198894338, 51.503661024803961 ], [ -0.064583203898937, 51.503119743356258 ], [ -0.064990900158516, 51.50233444680201 ], [ -0.065268166869754, 51.502393185742065 ], [ -0.065596445375952, 51.502462731425801 ], [ -0.065891012529889, 51.502525225527719 ], [ -0.066155564861659, 51.502594220145163 ], [ -0.066501574232716, 51.502696175939811 ], [ -0.066522990032005, 51.502701187345529 ], [ -0.066537015261676, 51.502704467171341 ], [ -0.066711010121891, 51.502745177792541 ], [ -0.066771781322947, 51.502759552051465 ], [ -0.066928707810649, 51.502796105042833 ], [ -0.067065990988267, 51.502834384309523 ], [ -0.067290585887451, 51.502897016211691 ], [ -0.067406166239441, 51.502929244921212 ], [ -0.067692383264218, 51.503009060714994 ], [ -0.06779841147106, 51.503021869208766 ], [ -0.067882333998723, 51.503032002182437 ], [ -0.067941244202486, 51.503048557375209 ], [ -0.068181371001391, 51.503116038806468 ], [ -0.068287524730687, 51.503144622376126 ], [ -0.068491142979139, 51.503199434782225 ], [ -0.068566495354391, 51.503219723242395 ], [ -0.068913296999059, 51.503313090291627 ], [ -0.069003466520265, 51.503337372591133 ], [ -0.069034154956344, 51.503345629964144 ], [ -0.069066296168577, 51.50335428896004 ], [ -0.069113653554116, 51.503367038541953 ], [ -0.069147589596766, 51.503377210886022 ], [ -0.069429832526265, 51.503461886929323 ], [ -0.069436121409824, 51.503463780079564 ], [ -0.069492198110225, 51.503480584979471 ], [ -0.069780333016265, 51.503567029895812 ], [ -0.069840237056412, 51.503584994781598 ], [ -0.069908381775835, 51.503606404677058 ], [ -0.070075265301127, 51.503658841399528 ], [ -0.070193753904597, 51.503700977473812 ], [ -0.070454473699147, 51.503796888282508 ], [ -0.070894493316679, 51.503975974183852 ], [ -0.07090937877228, 51.503983125622888 ], [ -0.070927442608702, 51.503991786199506 ], [ -0.071092472090997, 51.504070976698642 ], [ -0.07109666674232, 51.504072988167756 ], [ -0.071175813097785, 51.504110972149491 ], [ -0.071252869074077, 51.504147959454357 ], [ -0.071580160805431, 51.504296869424351 ], [ -0.071821919054997, 51.504406880568226 ], [ -0.072087185717792, 51.504521549508695 ], [ -0.072137822415865, 51.504544387716351 ], [ -0.072693999038277, 51.504783875470089 ], [ -0.072783700324798, 51.504815269449146 ], [ -0.073176800258641, 51.504952838319319 ], [ -0.073409906578166, 51.505020141442017 ], [ -0.07364839532848, 51.505088989405699 ], [ -0.073734696654853, 51.505113905976017 ], [ -0.073875829290466, 51.505149031172479 ], [ -0.073918837807581, 51.50515973796162 ], [ -0.074031478718803, 51.505187776045375 ], [ -0.07521448307471, 51.505453810927207 ], [ -0.075385916148487, 51.505503775400122 ], [ -0.075820870876049, 51.505630539214508 ], [ -0.075885669333174, 51.505649426743972 ], [ -0.0763123698732, 51.505773796062819 ], [ -0.076560584201243, 51.505842528055609 ], [ -0.076614725507918, 51.50585751727904 ], [ -0.077117780213942, 51.505996814813948 ], [ -0.077410053640527, 51.506077751689929 ], [ -0.077672716632957, 51.506154888305197 ], [ -0.077915523312993, 51.506226204104046 ], [ -0.078192934456037, 51.506307677657034 ], [ -0.078334056539621, 51.506342194874925 ], [ -0.078399094964221, 51.506358100283109 ], [ -0.078705819429412, 51.506433110016964 ], [ -0.078754714132463, 51.506445080616572 ], [ -0.078814278603102, 51.506459645164206 ], [ -0.079179083506663, 51.506564492307241 ], [ -0.079231640834195, 51.506579597361416 ], [ -0.079386675021218, 51.506625995942862 ], [ -0.079903168437848, 51.506780573781029 ], [ -0.080067881393357, 51.506822224523617 ], [ -0.080167911046591, 51.506847518720178 ], [ -0.080176066804666, 51.506849587570578 ], [ -0.080000671103325, 51.50714611637801 ], [ -0.079805582545252, 51.507476352509343 ], [ -0.079677626306494, 51.507692959077403 ], [ -0.079645447410664, 51.507747422329047 ], [ -0.07955723194087, 51.507764043077366 ], [ -0.079492935646501, 51.507776271630647 ], [ -0.079437081336002, 51.507793701415437 ], [ -0.079411687865457, 51.507801621498984 ], [ -0.079385920488187, 51.507846000986788 ], [ -0.079276831912725, 51.50783861953213 ], [ -0.079246966701008, 51.507831916041084 ], [ -0.079179584404304, 51.507816791897788 ], [ -0.079004919705615, 51.508184051686534 ], [ -0.079001133863049, 51.508195594747214 ], [ -0.079079681195504, 51.508234269636965 ], [ -0.079076400214079, 51.508240151057741 ], [ -0.079030523040123, 51.508311898425802 ], [ -0.079005779981097, 51.508350584225006 ], [ -0.078727249319138, 51.5086901607961 ], [ -0.078672815683952, 51.508756523158773 ], [ -0.078656780527706, 51.508776073031882 ], [ -0.078643367451963, 51.508792763940384 ], [ -0.078680834049571, 51.508803085898585 ], [ -0.078724818444246, 51.508815196348742 ], [ -0.07864864479482, 51.508918690043863 ], [ -0.0786711743615, 51.508925075559446 ], [ -0.079075881462552, 51.509039784747813 ], [ -0.079065969343881, 51.509053075349854 ], [ -0.079046602084728, 51.509079070523896 ], [ -0.079020515550004, 51.509114056163455 ], [ -0.078923144776381, 51.509094753291073 ], [ -0.078905257887671, 51.509149261599823 ], [ -0.078847929553421, 51.509323874633736 ], [ -0.078846988976897, 51.509326739576821 ], [ -0.078818805721945, 51.509412562525611 ], [ -0.078516813077249, 51.509442125062328 ], [ -0.078503989206332, 51.509443443545024 ], [ -0.078424972004426, 51.509513971675617 ], [ -0.078415523441687, 51.509522405669287 ], [ -0.078397000034064, 51.509538954246771 ], [ -0.078385485424072, 51.50954922394159 ], [ -0.078350580797481, 51.509580386810789 ], [ -0.07833620478355, 51.509594953053657 ], [ -0.078306760376946, 51.509624784603254 ], [ -0.078298992556063, 51.509632660724925 ], [ -0.078242856684592, 51.509689538940734 ], [ -0.078136023436574, 51.509797782929148 ], [ -0.078083868003605, 51.509837160899828 ], [ -0.077965494018753, 51.509926531309951 ], [ -0.077875587955458, 51.50999440837176 ], [ -0.077671054640489, 51.510067104584429 ], [ -0.077653380969111, 51.510073388322247 ], [ -0.07759237098087, 51.510087225421451 ], [ -0.077374418677746, 51.510136337930312 ], [ -0.077008875988858, 51.510148891847024 ], [ -0.076990517879602, 51.510149525827906 ], [ -0.076944002960529, 51.510151109591426 ], [ -0.076824878368542, 51.510155197712436 ], [ -0.076849476737613, 51.510282488457847 ], [ -0.076852576372027, 51.510298537346863 ], [ -0.076854621443857, 51.510309173306794 ], [ -0.076855802619858, 51.510315309528451 ], [ -0.076885424984735, 51.510469110470304 ], [ -0.07686519875483, 51.510470981744625 ], [ -0.076775933331378, 51.510479192893342 ], [ -0.076556371550282, 51.510499401893647 ], [ -0.076499020368871, 51.510506760783301 ], [ -0.076304709839431, 51.51053170029288 ], [ -0.076272005749112, 51.510535902568265 ], [ -0.076252199993566, 51.51046214301293 ] ] ] } }
]
}
