{
"type": "FeatureCollection",
"name": "lsoas_E05000315",
"crs": { "type": "name", "properties": { "name": "urn:ogc:def:crs:OGC:1.3:CRS84" } },
"features": [
{ "type": "Feature", "properties": { "lsoa21cd": "E01000037", "lsoa21nm": "Barking and Dagenham 003B", "msoa21cd": "E02000004", "msoa21nm": "Barking and Dagenham 003", "lad22cd": "E09000002", "lad22nm": "Barking and Dagenham", "index_right": 126, "GSS_CODE": "E05000315", "risk_score": 0.0013205709981136172, "allocation_hours": 0.022031590924035071, "patrol_units": 0 }, "geometry": { "type": "Polygon", "coordinates": [ [ [ 0.18510800957326, 51.564801251636169 ], [ 0.18478666835067, 51.56454598963515 ], [ 0.184731455135778, 51.564502124774087 ], [ 0.184600448345768, 51.564398015242013 ], [ 0.184595093181357, 51.56439375335443 ], [ 0.184540779705213, 51.564350591083993 ], [ 0.18452754985964, 51.564340072805628 ], [ 0.184434057874868, 51.564265777786829 ], [ 0.184373657603586, 51.564218735879074 ], [ 0.184366223818612, 51.56421294790038 ], [ 0.184336098827483, 51.564189488484011 ], [ 0.184330088765022, 51.564184807113264 ], [ 0.184265918892958, 51.564127439382212 ], [ 0.184236238312946, 51.564100905032767 ], [ 0.184232552528935, 51.564097605772311 ], [ 0.184194753935843, 51.564063798822268 ], [ 0.184190714544274, 51.564060195884942 ], [ 0.184175580278975, 51.564046664383767 ], [ 0.18416046850664, 51.564033150447756 ], [ 0.184096140377898, 51.563975632682137 ], [ 0.184062419331084, 51.563945468385413 ], [ 0.184054987999476, 51.563938826000232 ], [ 0.184050738635852, 51.563935056099567 ], [ 0.184047905010026, 51.563932527857268 ], [ 0.184025779932439, 51.563912813385208 ], [ 0.18398868246581, 51.563850705669125 ], [ 0.183983944300906, 51.563842754105728 ], [ 0.1839730896879, 51.563824583413584 ], [ 0.183971098206155, 51.563821261589958 ], [ 0.183963034816998, 51.563807746786985 ], [ 0.183918046935137, 51.563687371600565 ], [ 0.183913355415481, 51.563674819219806 ], [ 0.183902103782552, 51.563644740119628 ], [ 0.183887987841554, 51.563606971331474 ], [ 0.183858398424796, 51.563527789859137 ], [ 0.183856544679168, 51.563522824236863 ], [ 0.18385442629763, 51.563517153090672 ], [ 0.183850487735893, 51.563506614620671 ], [ 0.183848287383118, 51.563500738160343 ], [ 0.183847195275154, 51.563497817766034 ], [ 0.18380910454918, 51.563395970194996 ], [ 0.183784563897103, 51.563330319172515 ], [ 0.183779317904576, 51.563316279764834 ], [ 0.183749288991516, 51.563236800675504 ], [ 0.183737899838737, 51.563219665116698 ], [ 0.183708278034614, 51.563175053490042 ], [ 0.18368518611036, 51.563140257610677 ], [ 0.18366935662289, 51.563116414955701 ], [ 0.183650759029543, 51.563088397096855 ], [ 0.183618760206124, 51.563040241468904 ], [ 0.183616862585788, 51.563037372039908 ], [ 0.183573744710276, 51.562972444511409 ], [ 0.183555769444904, 51.562945368313713 ], [ 0.183520488734673, 51.562892246633965 ], [ 0.183494676981054, 51.562853373531766 ], [ 0.183459754203548, 51.562800793744401 ], [ 0.18344899897043, 51.56278423719683 ], [ 0.183443380844723, 51.562776133818026 ], [ 0.183431408336035, 51.562758109779104 ], [ 0.183423541270246, 51.562746277475469 ], [ 0.183389487849306, 51.562694976481176 ], [ 0.183365868013109, 51.562659389975245 ], [ 0.183362229462198, 51.562653908989795 ], [ 0.183355898618358, 51.562642218953542 ], [ 0.183351943401815, 51.562634945251439 ], [ 0.183346548655389, 51.562625027407698 ], [ 0.183344158187069, 51.562620602356205 ], [ 0.183334536507027, 51.562602858297645 ], [ 0.183310270589913, 51.562560404118869 ], [ 0.183304822710483, 51.562550882956231 ], [ 0.183302679876267, 51.56254710978731 ], [ 0.183301089316593, 51.562544324567504 ], [ 0.183254114215245, 51.562462094121479 ], [ 0.183251578322585, 51.562457644795408 ], [ 0.183244665128692, 51.562445542917928 ], [ 0.183231688996536, 51.562422825175823 ], [ 0.183201799665708, 51.562370493348965 ], [ 0.183184776538395, 51.562340692454974 ], [ 0.183130131859641, 51.562245016195831 ], [ 0.183116093798579, 51.562220456641136 ], [ 0.183105102468227, 51.562201222722592 ], [ 0.183098575422261, 51.562189801616817 ], [ 0.18307287517788, 51.56214480206237 ], [ 0.183064135970086, 51.562129514643708 ], [ 0.183040909254111, 51.562088866648971 ], [ 0.183027813601858, 51.562065908292439 ], [ 0.183008822291702, 51.562032510804428 ], [ 0.182973501234036, 51.561970378645334 ], [ 0.182959386004223, 51.561945559706281 ], [ 0.182952139718746, 51.561932825500726 ], [ 0.182948310906012, 51.561926080020505 ], [ 0.1829417408061, 51.561914511320381 ], [ 0.182912633425024, 51.561863279994 ], [ 0.182905159227504, 51.561850154332078 ], [ 0.182892620166824, 51.561828120877536 ], [ 0.182888366475771, 51.561820636878345 ], [ 0.182880740729441, 51.561807208270977 ], [ 0.182844412753803, 51.56174332317299 ], [ 0.182831808782274, 51.561721138036837 ], [ 0.182828311099587, 51.561714979931622 ], [ 0.182825050712275, 51.561709258070117 ], [ 0.182816874040146, 51.561694868460187 ], [ 0.182806398002043, 51.561676447784414 ], [ 0.182793116606051, 51.561653070180149 ], [ 0.182774557222853, 51.561610149956515 ], [ 0.182768555924968, 51.561596295417004 ], [ 0.182766689233832, 51.561591959528457 ], [ 0.182764287512193, 51.561586392554304 ], [ 0.182756128673979, 51.56156755104459 ], [ 0.18274676812405, 51.561545908076596 ], [ 0.182738526046439, 51.56152683429486 ], [ 0.182733350226759, 51.561514852934067 ], [ 0.182711319623017, 51.561463912534165 ], [ 0.182689306493918, 51.561413034755304 ], [ 0.182683952788305, 51.561400652014377 ], [ 0.182660332065831, 51.561346027058974 ], [ 0.182646241903807, 51.561313433111096 ], [ 0.182723890537594, 51.56128100264916 ], [ 0.182732858388055, 51.561267367770355 ], [ 0.182445946877817, 51.561225624124212 ], [ 0.18243535508921, 51.561224076540533 ], [ 0.182260173835382, 51.56119842312075 ], [ 0.182137677526684, 51.561193777363577 ], [ 0.181952826932739, 51.561186757118648 ], [ 0.18184787750278, 51.561182773891133 ], [ 0.1817796763307, 51.561177909201909 ], [ 0.181722188097732, 51.561173807472805 ], [ 0.181520591062255, 51.561159434296634 ], [ 0.181498701217915, 51.561157871739454 ], [ 0.181479895127001, 51.561156530638243 ], [ 0.181318791326672, 51.561145046512756 ], [ 0.181281714244852, 51.561142390275968 ], [ 0.181136940872589, 51.561132068225724 ], [ 0.181124316714002, 51.561131169737408 ], [ 0.18110814537357, 51.561130013426201 ], [ 0.181090613423214, 51.561128765491318 ], [ 0.181021426053028, 51.561123828191946 ], [ 0.180977690102898, 51.56112071106859 ], [ 0.180896776210889, 51.561114939445822 ], [ 0.180844636151454, 51.56110745045396 ], [ 0.180685703347896, 51.561084634337746 ], [ 0.180667239069751, 51.561081991755408 ], [ 0.180571153257869, 51.561068201249725 ], [ 0.180428055850258, 51.561047658058484 ], [ 0.180369334980123, 51.561039225454927 ], [ 0.180355369307449, 51.561036822990488 ], [ 0.180344270048682, 51.561034924836818 ], [ 0.1803300864334, 51.561032490446493 ], [ 0.180232430694395, 51.561015734148647 ], [ 0.180219687073557, 51.561013542783556 ], [ 0.180014686449509, 51.560978348359427 ], [ 0.179878917199068, 51.560955051395027 ], [ 0.179821260554908, 51.560945636495717 ], [ 0.179781737172409, 51.56093918519651 ], [ 0.179604680710751, 51.560910260758241 ], [ 0.179458074586685, 51.560886319244638 ], [ 0.179451545533193, 51.560885253420352 ], [ 0.179360427498881, 51.560888753242111 ], [ 0.179345493207868, 51.560889327361451 ], [ 0.179321568855166, 51.560927614420059 ], [ 0.179172314767544, 51.560930386119587 ], [ 0.179020956049139, 51.560933196708348 ], [ 0.178977710696551, 51.560933999697845 ], [ 0.178820298846901, 51.560939062767211 ], [ 0.17874001530924, 51.560941641498459 ], [ 0.178674267178626, 51.560943752472085 ], [ 0.178639189098781, 51.560944880338553 ], [ 0.178610362889326, 51.560945802198844 ], [ 0.178538334041292, 51.560948119627156 ], [ 0.178473508027816, 51.56095020437629 ], [ 0.178447059019191, 51.560951055087401 ], [ 0.178424225631812, 51.560951784716423 ], [ 0.178415884851215, 51.560952056458191 ], [ 0.178365464513554, 51.560953675883525 ], [ 0.178300638481574, 51.560955760537084 ], [ 0.178251615114778, 51.560957327003202 ], [ 0.178138544111898, 51.560960963564241 ], [ 0.178120363850996, 51.560935562906657 ], [ 0.178107761771552, 51.560936030628838 ], [ 0.178042820600871, 51.560938423040689 ], [ 0.178034804780879, 51.560870269632581 ], [ 0.178034445271785, 51.560857605103649 ], [ 0.178032387179263, 51.560785653970434 ], [ 0.178031733735605, 51.560763057581177 ], [ 0.178028068316754, 51.560634938734921 ], [ 0.178026712108994, 51.560590223502231 ], [ 0.178026343596227, 51.560577370285984 ], [ 0.178021837832384, 51.560427422924249 ], [ 0.178020395739447, 51.560380002377478 ], [ 0.178013096259217, 51.560359175065457 ], [ 0.178004778029762, 51.560335443920991 ], [ 0.177953246494793, 51.560333720406746 ], [ 0.177925313338944, 51.560332790949872 ], [ 0.177909620100133, 51.560332272830436 ], [ 0.177788566684765, 51.560328242274224 ], [ 0.177721292420907, 51.560324661475342 ], [ 0.177671346893442, 51.560322009100645 ], [ 0.177624111537747, 51.560297552237301 ], [ 0.177617875847154, 51.560294318042111 ], [ 0.17751458052259, 51.560240824173718 ], [ 0.177484359904228, 51.560228848635006 ], [ 0.177386226960001, 51.560189949005277 ], [ 0.177318304348771, 51.560155403469977 ], [ 0.177312064348297, 51.56014966027999 ], [ 0.177280884094538, 51.560117881827622 ], [ 0.177274923524556, 51.560111796212148 ], [ 0.177215809210771, 51.560051560438346 ], [ 0.177165838825051, 51.560000624665335 ], [ 0.177053384121285, 51.559999896157777 ], [ 0.177024670398583, 51.559963867635318 ], [ 0.177023107861514, 51.559955312763606 ], [ 0.177018589657245, 51.559930476862036 ], [ 0.177012636511491, 51.559899759151605 ], [ 0.17700548115095, 51.55989191506638 ], [ 0.17700111080123, 51.559887103928098 ], [ 0.176969916055944, 51.559852897546804 ], [ 0.176968002190658, 51.559845747610282 ], [ 0.176953497605828, 51.559791536834958 ], [ 0.17694416489477, 51.559777671827995 ], [ 0.176923369855048, 51.559746734830206 ], [ 0.176905091432425, 51.559719555200878 ], [ 0.176896927478084, 51.559696018974144 ], [ 0.176889632314747, 51.559674966696114 ], [ 0.176879024191177, 51.559644353319541 ], [ 0.176898419982561, 51.559639928657468 ], [ 0.176807640030603, 51.559601188940377 ], [ 0.176799981854274, 51.559597922636783 ], [ 0.176640435081864, 51.559562994438025 ], [ 0.176634413629546, 51.559561676234132 ], [ 0.176446090447019, 51.55958341609913 ], [ 0.176445835343451, 51.559578069970975 ], [ 0.176443191703351, 51.559522667909846 ], [ 0.176441547900226, 51.559488219076862 ], [ 0.176457512714852, 51.55943396472734 ], [ 0.176478789469099, 51.55936162576868 ], [ 0.176435545516785, 51.559362427822741 ], [ 0.176386315421678, 51.559354487234316 ], [ 0.176386214850571, 51.55934512284697 ], [ 0.17632985876709, 51.559342346004527 ], [ 0.176253055692924, 51.559334660427737 ], [ 0.176047754657557, 51.5593141144982 ], [ 0.175625585512746, 51.559271878077858 ], [ 0.175626502377815, 51.559266600151524 ], [ 0.175628063015182, 51.559257578178517 ], [ 0.1755790806927, 51.559252407014476 ], [ 0.175575559604173, 51.559269631011674 ], [ 0.175543979559187, 51.559423925499523 ], [ 0.175542784360869, 51.559428812891291 ], [ 0.175539542376302, 51.559442209670905 ], [ 0.17547327817962, 51.559715072844227 ], [ 0.17547238178033, 51.559718965461343 ], [ 0.175471647760389, 51.559722027708723 ], [ 0.175448803982736, 51.55984836271206 ], [ 0.17545094676257, 51.55989328817369 ], [ 0.175449822689372, 51.559951997571567 ], [ 0.175446817288869, 51.560109197612306 ], [ 0.175448069046863, 51.560150263591623 ], [ 0.175464366302533, 51.560689042739448 ], [ 0.17381825085304, 51.560120626573514 ], [ 0.173824742643601, 51.560130299727412 ], [ 0.174317847666492, 51.560814508994831 ], [ 0.174403513191548, 51.560892438113449 ], [ 0.174479786873965, 51.560951916632867 ], [ 0.174593232899013, 51.561025436874168 ], [ 0.174633732180309, 51.561048012520146 ], [ 0.174829153309343, 51.561031685670912 ], [ 0.174832777399322, 51.5610783373142 ], [ 0.174840248346359, 51.561174496255965 ], [ 0.174840906285837, 51.561182847583297 ], [ 0.174890022413486, 51.561234654483307 ], [ 0.174900535496541, 51.561245745900422 ], [ 0.174930518317474, 51.561305681860119 ], [ 0.174930294748843, 51.561395692775449 ], [ 0.174897576676492, 51.5615036534737 ], [ 0.174957764621778, 51.561554810002015 ], [ 0.174961253382941, 51.561557775995311 ], [ 0.174974145517732, 51.5616018097599 ], [ 0.174975784497626, 51.561607436001481 ], [ 0.17497787167578, 51.56165120238196 ], [ 0.174979206427024, 51.561679190941668 ], [ 0.174976093332293, 51.56169741456474 ], [ 0.17497557633975, 51.561700490770633 ], [ 0.174810542790599, 51.561856520784907 ], [ 0.174791298160864, 51.561870492876217 ], [ 0.174782178088119, 51.561877118884873 ], [ 0.174647367192241, 51.561974983696665 ], [ 0.174640850838307, 51.561978269995485 ], [ 0.174639389164941, 51.561983472570532 ], [ 0.174638303541775, 51.561987332712 ], [ 0.17467216409932, 51.562012092580247 ], [ 0.17470233167506, 51.562034142027571 ], [ 0.17472742801976, 51.562056348395281 ], [ 0.174781431580967, 51.562104125831958 ], [ 0.174784549702428, 51.562106882866679 ], [ 0.174930957552662, 51.562270500208186 ], [ 0.17493422375496, 51.562278933594548 ], [ 0.174942581967869, 51.562454196770751 ], [ 0.175389576033224, 51.562419778053112 ], [ 0.175501687963767, 51.562411080934552 ], [ 0.17551328878875, 51.562410182410559 ], [ 0.175512103262427, 51.56238532965564 ], [ 0.175506431103806, 51.562266420992358 ], [ 0.175506263894142, 51.562258681089681 ], [ 0.17550490284628, 51.562197481743908 ], [ 0.175504528333412, 51.562180707684703 ], [ 0.17550343297043, 51.562131581058132 ], [ 0.175503219159767, 51.56212225924515 ], [ 0.175501994274603, 51.562066938818596 ], [ 0.175501630130129, 51.562050533281308 ], [ 0.175500075867242, 51.561980443404586 ], [ 0.175499331725245, 51.561947299881197 ], [ 0.17549913248971, 51.561938283560977 ], [ 0.175532132940306, 51.561889500606874 ], [ 0.175558963666383, 51.561874106248069 ], [ 0.175761357706212, 51.561863726135741 ], [ 0.175815590204248, 51.561860940022129 ], [ 0.175833834195175, 51.561861384159585 ], [ 0.175840635329602, 51.561862103406327 ], [ 0.175924479653027, 51.561870917801926 ], [ 0.17593494825455, 51.561873205775235 ], [ 0.175964559531482, 51.56187965331182 ], [ 0.175979343978505, 51.561882886463316 ], [ 0.176098719815983, 51.56194813869503 ], [ 0.176111369414519, 51.561956825225195 ], [ 0.176122691454469, 51.561964601095454 ], [ 0.176173573422861, 51.562011941185055 ], [ 0.176176366762284, 51.562014542332285 ], [ 0.176198923463447, 51.562040356735736 ], [ 0.176207302317863, 51.562049949811595 ], [ 0.176210361416302, 51.56205479428916 ], [ 0.176242498334375, 51.56210570146424 ], [ 0.176265977168447, 51.562129673169309 ], [ 0.17629106467863, 51.562155305728886 ], [ 0.176300612297626, 51.56216369004354 ], [ 0.176327888181116, 51.562191943952314 ], [ 0.176334930291165, 51.562199223619906 ], [ 0.176340940974684, 51.56220756560726 ], [ 0.176366053394129, 51.562235230116691 ], [ 0.176384720831234, 51.562259057209189 ], [ 0.17642874031391, 51.56231526569703 ], [ 0.176442065525232, 51.562324802996166 ], [ 0.176445546130146, 51.562327292468261 ], [ 0.176452191382426, 51.562332906784491 ], [ 0.176488935564894, 51.56236817949101 ], [ 0.176571054720175, 51.56246447374118 ], [ 0.176600674129324, 51.562494662595455 ], [ 0.17674126622641, 51.562589926178006 ], [ 0.17675250626145, 51.562600815104261 ], [ 0.176758323333758, 51.562606458255324 ], [ 0.176775440260389, 51.562623034185989 ], [ 0.176796338826967, 51.562641603872372 ], [ 0.176863758534593, 51.562710130294874 ], [ 0.176880865751548, 51.562729372827505 ], [ 0.176885043816663, 51.562734079623674 ], [ 0.176894514028205, 51.562746278378093 ], [ 0.17692290831909, 51.562787065696462 ], [ 0.176942844091373, 51.562815689449934 ], [ 0.176945885593295, 51.562818348928253 ], [ 0.176994136428632, 51.562860404626072 ], [ 0.177053574099097, 51.562917972614351 ], [ 0.177081439988398, 51.562944965385093 ], [ 0.177087639451245, 51.56295151422097 ], [ 0.177088794422439, 51.562958480386619 ], [ 0.177088906490587, 51.56306933550249 ], [ 0.177088924574091, 51.563077572790903 ], [ 0.17713127962607, 51.563165071721812 ], [ 0.177169959242845, 51.563281965125682 ], [ 0.177172439117018, 51.563289482266022 ], [ 0.177103401232157, 51.563346672732322 ], [ 0.176991528997207, 51.5634483908851 ], [ 0.176853969526857, 51.563603536394837 ], [ 0.176810921721398, 51.563659012537208 ], [ 0.176808675080496, 51.563662426597688 ], [ 0.176769591699616, 51.563746247185954 ], [ 0.176751369031644, 51.563800678295301 ], [ 0.176745947630746, 51.563810734142017 ], [ 0.176744347690514, 51.563815907834389 ], [ 0.176718552252413, 51.563899409993184 ], [ 0.176717378551824, 51.563903235816831 ], [ 0.176706266982483, 51.563921949576965 ], [ 0.176760448247662, 51.563916529064272 ], [ 0.176964493115767, 51.563896116172486 ], [ 0.17742983725743, 51.563849577651958 ], [ 0.177743292062897, 51.563818221292635 ], [ 0.177982001976893, 51.563794348531189 ], [ 0.17807074839403, 51.563785480101892 ], [ 0.178075401160312, 51.563785016043049 ], [ 0.178082493911588, 51.563840776163985 ], [ 0.178090587212122, 51.563904494543195 ], [ 0.178094791000671, 51.563937528904688 ], [ 0.178100519151837, 51.563982540685892 ], [ 0.178102856619965, 51.564000969012284 ], [ 0.178109873582833, 51.564056047066501 ], [ 0.178115884620131, 51.564103355815313 ], [ 0.178125375383396, 51.564177902856969 ], [ 0.178130576769181, 51.564218832578788 ], [ 0.17813161687592, 51.564227014929031 ], [ 0.178137208400458, 51.564270977057809 ], [ 0.178141457403794, 51.564304352313592 ], [ 0.178145647286932, 51.564337395923886 ], [ 0.178147514082857, 51.564352010941874 ], [ 0.178106953911597, 51.564392485974203 ], [ 0.178104529952698, 51.564394905123606 ], [ 0.178204656014965, 51.56438712041767 ], [ 0.178240752960646, 51.564384310110682 ], [ 0.178328415750803, 51.564377503041548 ], [ 0.178568329922954, 51.564358849731228 ], [ 0.178595715505235, 51.564356722619863 ], [ 0.178686109102513, 51.56434969372043 ], [ 0.178894540822786, 51.564333494728579 ], [ 0.178900578446841, 51.56433302291294 ], [ 0.178904286877, 51.564343898597663 ], [ 0.178940121843776, 51.564448550827414 ], [ 0.179009335216289, 51.564650823343101 ], [ 0.179032414361966, 51.564811622138905 ], [ 0.179047078820398, 51.564901401715446 ], [ 0.17906144000736, 51.564899979465331 ], [ 0.179180234219422, 51.564887881398462 ], [ 0.179272901088189, 51.564878431195176 ], [ 0.179278336421468, 51.564877885111393 ], [ 0.179306437572844, 51.56487502510862 ], [ 0.17932016463815, 51.564873619098115 ], [ 0.179324662108543, 51.564873526590262 ], [ 0.179329707400035, 51.564873423909567 ], [ 0.179371554185035, 51.564872565897289 ], [ 0.179377291460796, 51.564872450364589 ], [ 0.179418360190348, 51.564871615776916 ], [ 0.179433048727057, 51.564871307036164 ], [ 0.179477821810019, 51.564870390147291 ], [ 0.179525722807523, 51.564869406159694 ], [ 0.17953852366046, 51.564869150447983 ], [ 0.179579447360165, 51.564868300511016 ], [ 0.179600522333222, 51.564867873143506 ], [ 0.179611103068585, 51.56486765865511 ], [ 0.179621229689088, 51.564867452599508 ], [ 0.17964061074115, 51.56486705668398 ], [ 0.179721089865165, 51.564865409115981 ], [ 0.179728989160027, 51.564865244418463 ], [ 0.179771268416021, 51.564864378231007 ], [ 0.179786375450008, 51.56486407066614 ], [ 0.179793150269915, 51.564863926849426 ], [ 0.17980110045078, 51.564863770194961 ], [ 0.179814600062612, 51.564863492481706 ], [ 0.1798958790625, 51.564861825440445 ], [ 0.17992180448074, 51.564861294432305 ], [ 0.179987752772443, 51.564859934567615 ], [ 0.180003969860452, 51.564859606355427 ], [ 0.180054782928465, 51.564858568059122 ], [ 0.18007654245116, 51.564858123393421 ], [ 0.180088658090732, 51.564857871356828 ], [ 0.180110496687644, 51.56485742071942 ], [ 0.180146570553194, 51.564856687653688 ], [ 0.180199480974368, 51.564855605836868 ], [ 0.180204021071019, 51.564855197746638 ], [ 0.180250998650079, 51.564850985924117 ], [ 0.180275801492239, 51.564848765213867 ], [ 0.180316001772525, 51.564845158599205 ], [ 0.180350857215605, 51.56484202897564 ], [ 0.180361618528549, 51.564841064641442 ], [ 0.180425927761541, 51.564835301406561 ], [ 0.180433844090519, 51.564834587768878 ], [ 0.180444174198912, 51.56483365841742 ], [ 0.180458240091941, 51.564832398859515 ], [ 0.180516284835241, 51.564827192621856 ], [ 0.180522323521494, 51.564826651457466 ], [ 0.180533977526355, 51.564825586886094 ], [ 0.180599916994819, 51.56481634892738 ], [ 0.180631851369871, 51.564811879570627 ], [ 0.180713502869496, 51.564800443082042 ], [ 0.180738102933424, 51.564797000287982 ], [ 0.180808706895075, 51.564787090988872 ], [ 0.180812906810393, 51.56478650933505 ], [ 0.18081999442374, 51.564785514299544 ], [ 0.180922648210412, 51.564771137864412 ], [ 0.181004526263116, 51.564759674477543 ], [ 0.181014530824729, 51.564758274493343 ], [ 0.181123132221227, 51.564743054417136 ], [ 0.181133724405211, 51.564741571557413 ], [ 0.181211498042479, 51.564744604663858 ], [ 0.181219116913475, 51.564744912715973 ], [ 0.181232547032987, 51.564745445504848 ], [ 0.181237230802758, 51.564745628245433 ], [ 0.181264567210001, 51.564746693960572 ], [ 0.181271542622868, 51.564746973499794 ], [ 0.181300245453432, 51.564748099244341 ], [ 0.181405182956446, 51.564752210123267 ], [ 0.18141390004623, 51.564752551708338 ], [ 0.181418323894252, 51.564752730279899 ], [ 0.181512656424544, 51.564764088733988 ], [ 0.1815204351337, 51.564765023309327 ], [ 0.181545615026493, 51.564768062551408 ], [ 0.181586163644279, 51.564772947459019 ], [ 0.181625260969637, 51.564777656987161 ], [ 0.18163134201599, 51.564778393790149 ], [ 0.181675925031337, 51.564783761240811 ], [ 0.181691584863416, 51.564782040236913 ], [ 0.181701043935856, 51.564781001063359 ], [ 0.181794339785148, 51.564770731432105 ], [ 0.181800095628732, 51.564770102768357 ], [ 0.181838784959931, 51.564765853312579 ], [ 0.18190181227709, 51.564758911834602 ], [ 0.181917303860098, 51.564757211745643 ], [ 0.181949540953074, 51.564753662332436 ], [ 0.181968687550388, 51.564752600198403 ], [ 0.182016973877141, 51.564749898818967 ], [ 0.182045812161316, 51.564748292156523 ], [ 0.182068966055291, 51.564746998077979 ], [ 0.182074865821788, 51.564746663494134 ], [ 0.182179735442041, 51.564740818488872 ], [ 0.182215819643483, 51.564738816178412 ], [ 0.182234771397872, 51.564737753129585 ], [ 0.182263767810125, 51.564736134478679 ], [ 0.182282014473687, 51.564735111519859 ], [ 0.182299038366085, 51.564734165266962 ], [ 0.182304794400076, 51.564733842338846 ], [ 0.182361449114434, 51.564730683850804 ], [ 0.182384585282641, 51.564728265908286 ], [ 0.182434137450188, 51.564723072211862 ], [ 0.18245936230578, 51.564720431033308 ], [ 0.18247598773778, 51.564718696283791 ], [ 0.18250831899183, 51.564715306840696 ], [ 0.182532682541084, 51.564712758114126 ], [ 0.182606418445978, 51.564705027952662 ], [ 0.182611601504544, 51.564704490845337 ], [ 0.182719464136194, 51.564693202825978 ], [ 0.18272779093542, 51.564692328426325 ], [ 0.182806092523768, 51.564684126474674 ], [ 0.182811864047455, 51.564683524448895 ], [ 0.18289302274847, 51.564675026456278 ], [ 0.182907896077636, 51.56467346364601 ], [ 0.182998114158073, 51.564664023575872 ], [ 0.183012948875606, 51.564662618849418 ], [ 0.183128897620119, 51.564659539000424 ], [ 0.183135512345211, 51.564659370917148 ], [ 0.183144187246577, 51.564659137508635 ], [ 0.183240081605279, 51.564656601684867 ], [ 0.18327474538045, 51.564655673179594 ], [ 0.183313725625007, 51.564654641833613 ], [ 0.183346051710947, 51.564656872913737 ], [ 0.183353000568583, 51.564657355091164 ], [ 0.183377587339152, 51.564659048553352 ], [ 0.18339037886709, 51.564659932773466 ], [ 0.183548057054154, 51.564670810825518 ], [ 0.183644669638373, 51.564711059225367 ], [ 0.183837676519006, 51.564805638462047 ], [ 0.184060809949399, 51.564922692090008 ], [ 0.184066005051775, 51.564925419170692 ], [ 0.184121988585137, 51.564954791191745 ], [ 0.18419950680459, 51.564995453132745 ], [ 0.184306678276538, 51.565051669345344 ], [ 0.184394735033874, 51.565100120720615 ], [ 0.184397921402079, 51.565101877974534 ], [ 0.184511365001893, 51.565164317281038 ], [ 0.184578053260726, 51.565201025877293 ], [ 0.18464474119439, 51.565237725447012 ], [ 0.18471051090529, 51.565273929476739 ], [ 0.18514220864057, 51.565511523772152 ], [ 0.185164363429707, 51.565523701287482 ], [ 0.185161211969468, 51.565506412415886 ], [ 0.185110452159015, 51.565226676129782 ], [ 0.18506965391404, 51.565071721593895 ], [ 0.185065788008188, 51.565009705623254 ], [ 0.185065266595438, 51.564994004485278 ], [ 0.185063762639835, 51.564948761508589 ], [ 0.185103696900157, 51.564812546308183 ], [ 0.18510800957326, 51.564801251636169 ] ] ] } },
{ "type": "Feature", "properties": { "lsoa21cd": "E01000039", "lsoa21nm": "Barking and Dagenham 003D", "msoa21cd": "E02000004", "msoa21nm": "Barking and Dagenham 003", "lad22cd": "E09000002", "lad22nm": "Barking and Dagenham", "index_right": 126, "GSS_CODE": "E05000315", "risk_score": 0.0010500819395005631, "allocation_hours": 0.017518918529061397, "patrol_units": 0 }, "geometry": { "type": "Polygon", "coordinates": [ [ [ 0.183204387551253, 51.56090178933848 ], [ 0.183391418879595, 51.56076420365865 ], [ 0.183420267934798, 51.560742982634572 ], [ 0.183435236128335, 51.560731975298658 ], [ 0.183606890228991, 51.560569153231086 ], [ 0.184062362540196, 51.560395569950224 ], [ 0.184107730497649, 51.560378267924051 ], [ 0.184176293117238, 51.560352134475409 ], [ 0.184248786726448, 51.560326746156413 ], [ 0.184268609252663, 51.56031980311591 ], [ 0.184497717156633, 51.560239554314265 ], [ 0.184525350839524, 51.56022987576322 ], [ 0.184567393893712, 51.560215153538891 ], [ 0.184575096748519, 51.560201871231413 ], [ 0.184581607083824, 51.560191102208584 ], [ 0.184589908879715, 51.560177071315195 ], [ 0.18462948981948, 51.560071632529997 ], [ 0.184631815797044, 51.560069138603325 ], [ 0.18473542400846, 51.559958114201557 ], [ 0.184792656330909, 51.559854185684571 ], [ 0.184786188875627, 51.559813135944992 ], [ 0.184738259958087, 51.559678152584389 ], [ 0.184729228670273, 51.55956519716576 ], [ 0.184759331865842, 51.559483438206783 ], [ 0.184762550256702, 51.559474726945609 ], [ 0.184767529294049, 51.559461207580199 ], [ 0.184752884690803, 51.559410579651647 ], [ 0.184747066357985, 51.559390309757553 ], [ 0.184784932208084, 51.559308873850824 ], [ 0.184796413936948, 51.559293767501323 ], [ 0.184810310096829, 51.559273948785567 ], [ 0.18482319491767, 51.559257413383783 ], [ 0.184837222091275, 51.559239426807871 ], [ 0.184848203818915, 51.55922532799552 ], [ 0.18484418216155, 51.559169376174097 ], [ 0.184835981170867, 51.559055685848065 ], [ 0.184829382976034, 51.558964313406783 ], [ 0.184812593102099, 51.558908050820271 ], [ 0.184800393303525, 51.558867197772223 ], [ 0.184692196496929, 51.558786566676929 ], [ 0.184688949895314, 51.55878414505667 ], [ 0.184626234250408, 51.558737407015705 ], [ 0.18460870036279, 51.558724342886727 ], [ 0.184588038432189, 51.558705608426692 ], [ 0.184576681175789, 51.558695145167995 ], [ 0.184588697154373, 51.558634407042923 ], [ 0.18459230687955, 51.558616092884684 ], [ 0.184607867456266, 51.558537338583193 ], [ 0.184607933276275, 51.558518829625818 ], [ 0.184608018028751, 51.55850131854622 ], [ 0.184608075030045, 51.558485336804772 ], [ 0.184594748168899, 51.558456186662603 ], [ 0.184573828643971, 51.558410378870072 ], [ 0.184591921302144, 51.558327260740874 ], [ 0.184596356253048, 51.558306898780323 ], [ 0.18459811560326, 51.558298147236457 ], [ 0.184541070503144, 51.558175640358719 ], [ 0.184535018966284, 51.558166912870796 ], [ 0.184472233666397, 51.558077422983452 ], [ 0.184458840777694, 51.558040863763118 ], [ 0.184447673635817, 51.558010414351138 ], [ 0.184429698117377, 51.557961305204223 ], [ 0.184432242912379, 51.557957507705744 ], [ 0.184475992282151, 51.557892293638076 ], [ 0.184442976518508, 51.557805360945487 ], [ 0.184433634887369, 51.557758199890415 ], [ 0.184433130438232, 51.55775007505396 ], [ 0.18443267095692, 51.557740479013439 ], [ 0.184429505361253, 51.557674366965792 ], [ 0.184431568745245, 51.557653887297171 ], [ 0.184433175174608, 51.557638326353207 ], [ 0.184537448368915, 51.557529983054955 ], [ 0.184558084928507, 51.557516716173197 ], [ 0.184589477801182, 51.557496850403453 ], [ 0.184603801707364, 51.55748777943198 ], [ 0.184702489639015, 51.557425346202166 ], [ 0.184704830658535, 51.55742241582783 ], [ 0.18472113603853, 51.557402003652697 ], [ 0.184757568488528, 51.5573563327995 ], [ 0.184778963293613, 51.557329530680605 ], [ 0.184805407309452, 51.55729640232061 ], [ 0.184830218205841, 51.557252368801471 ], [ 0.184854457468243, 51.557209353147911 ], [ 0.184806986155796, 51.557141997908232 ], [ 0.184805097761448, 51.557139317172883 ], [ 0.184778756656162, 51.557041441590052 ], [ 0.184899570873516, 51.55687141672194 ], [ 0.184921550855833, 51.556863767908233 ], [ 0.184984425228603, 51.556841876774023 ], [ 0.185045895852581, 51.556820497379952 ], [ 0.185038977725453, 51.55673237726608 ], [ 0.184960496593534, 51.556656417767599 ], [ 0.184938279572999, 51.556652487930343 ], [ 0.184819556524079, 51.556631497080183 ], [ 0.184762790330815, 51.556632419435857 ], [ 0.184764687221878, 51.556603948023273 ], [ 0.184767182777721, 51.556566589301646 ], [ 0.184771186286846, 51.556506494995574 ], [ 0.184770966405871, 51.556497685883052 ], [ 0.184769155946351, 51.556426440535752 ], [ 0.184954208753319, 51.556374512253633 ], [ 0.185475177741391, 51.556408513841802 ], [ 0.185572545828399, 51.556397499883126 ], [ 0.185696687616032, 51.556383450946072 ], [ 0.185705281748914, 51.556381564148232 ], [ 0.185896549313534, 51.556339536874006 ], [ 0.185965954336463, 51.556266694723263 ], [ 0.185983247746247, 51.556248557201947 ], [ 0.18625591852237, 51.556143562778175 ], [ 0.186295232157146, 51.55607859261351 ], [ 0.186302811098854, 51.556066058917253 ], [ 0.186367869200817, 51.555958521368972 ], [ 0.186479924416548, 51.555888562172491 ], [ 0.18679553696641, 51.555832605703053 ], [ 0.18685720315646, 51.555821671679595 ], [ 0.186917597060738, 51.555783593294528 ], [ 0.186971536255456, 51.555742676496571 ], [ 0.186972894045905, 51.555733082562568 ], [ 0.18698770498885, 51.555628558835991 ], [ 0.187025791807027, 51.555554276510883 ], [ 0.187029749609753, 51.55554655861885 ], [ 0.187203448569523, 51.555483606193988 ], [ 0.187246957499327, 51.555453225770101 ], [ 0.187395380208446, 51.555349619066419 ], [ 0.187426233278564, 51.555308619937414 ], [ 0.187489474001982, 51.555224632552637 ], [ 0.18755307500483, 51.555171331744248 ], [ 0.18760042202698, 51.555131652739007 ], [ 0.187637193736926, 51.555033581119282 ], [ 0.187659396240042, 51.554991187452089 ], [ 0.187733024239709, 51.554850673682438 ], [ 0.187685228343144, 51.554775681557075 ], [ 0.187634111189739, 51.554747551251765 ], [ 0.187581512332156, 51.554718603205906 ], [ 0.18751657746967, 51.554642671581057 ], [ 0.187522133154853, 51.554627063938625 ], [ 0.187527649906178, 51.554611546952628 ], [ 0.187533384530361, 51.554595459340533 ], [ 0.187557884661806, 51.55452667316689 ], [ 0.187603865122521, 51.554487990899261 ], [ 0.187618882967263, 51.554475372359995 ], [ 0.187640167606836, 51.554457465941454 ], [ 0.187814191323467, 51.554453734929524 ], [ 0.187818558782278, 51.554453662470074 ], [ 0.187835255008656, 51.554450927455449 ], [ 0.187983159674953, 51.554426706989965 ], [ 0.188066068454945, 51.55435492477929 ], [ 0.188040430138162, 51.554313324436357 ], [ 0.188007657495208, 51.55426072373961 ], [ 0.18790856134675, 51.554224765142052 ], [ 0.187853003969761, 51.55415667162071 ], [ 0.187910669174359, 51.554080701905285 ], [ 0.18805527434595, 51.554031771505713 ], [ 0.188250620790414, 51.55400676026413 ], [ 0.188533675198748, 51.553855774376366 ], [ 0.188561160536803, 51.553732875015747 ], [ 0.188628327427926, 51.553639101296824 ], [ 0.188641427175462, 51.553620789835989 ], [ 0.188790430344498, 51.553531874282747 ], [ 0.18883436093409, 51.553517259262989 ], [ 0.188943960567145, 51.553480806813219 ], [ 0.189016065874821, 51.553442787654433 ], [ 0.189085266280261, 51.553400748802041 ], [ 0.189111295903589, 51.553379237296582 ], [ 0.189198875765664, 51.553306872536822 ], [ 0.189264903835956, 51.553273885844291 ], [ 0.189337392243916, 51.553243863169961 ], [ 0.189405176732784, 51.553226140819412 ], [ 0.189532396565632, 51.55319286627833 ], [ 0.189955836233987, 51.552829880366922 ], [ 0.190101240790884, 51.552759861848955 ], [ 0.190167366342202, 51.552710001862394 ], [ 0.190180376611119, 51.552700963754241 ], [ 0.190207021975529, 51.552681630329495 ], [ 0.190078942539603, 51.552545631754917 ], [ 0.190064199371193, 51.55252998477426 ], [ 0.190059446347547, 51.552516309626093 ], [ 0.190051459407388, 51.552492959861105 ], [ 0.190043496676965, 51.552456439305359 ], [ 0.190075273477845, 51.552367601669793 ], [ 0.190078393436037, 51.552358973037343 ], [ 0.190031511398214, 51.552301843003058 ], [ 0.189980722440939, 51.552239947614233 ], [ 0.189880979123565, 51.552145358962008 ], [ 0.189835263843542, 51.552102011412252 ], [ 0.189800435748777, 51.552045663494596 ], [ 0.189763807228679, 51.551986363474704 ], [ 0.189739472317878, 51.551946978435325 ], [ 0.189701797863056, 51.551782011441787 ], [ 0.18968923884674, 51.551633014969909 ], [ 0.189644963519258, 51.551518055672851 ], [ 0.189603067412997, 51.551492777541888 ], [ 0.189598141823619, 51.551489810034141 ], [ 0.189591219031165, 51.551485622572088 ], [ 0.189543758729426, 51.55145699313492 ], [ 0.189504775806002, 51.55145172232298 ], [ 0.189483505767669, 51.551448845817688 ], [ 0.189359557179283, 51.551432048774146 ], [ 0.18930215485276, 51.551420178993439 ], [ 0.189253012771701, 51.551410007609114 ], [ 0.189186957317824, 51.551342245476818 ], [ 0.18916244046844, 51.551317090726918 ], [ 0.18907664784363, 51.551229084725662 ], [ 0.18901222094329, 51.551182030106951 ], [ 0.189005613526284, 51.551177198216543 ], [ 0.188935581149142, 51.551126048384724 ], [ 0.188929689882516, 51.551122012503427 ], [ 0.18892008471272, 51.551115428935042 ], [ 0.188874383825898, 51.551084068467425 ], [ 0.18865022404569, 51.550930314381297 ], [ 0.188632490167095, 51.550918153853544 ], [ 0.188458669996356, 51.550798924400901 ], [ 0.188446544317253, 51.550790611679247 ], [ 0.188432210982448, 51.550780779840913 ], [ 0.188400486995677, 51.550759023846304 ], [ 0.188080849178394, 51.550560006869119 ], [ 0.187996338635181, 51.550507390806743 ], [ 0.187883979887202, 51.550437424685661 ], [ 0.187808227380023, 51.550390265743609 ], [ 0.187705697473046, 51.55032642930491 ], [ 0.187677433147428, 51.550308826310932 ], [ 0.187509335288342, 51.550204151712549 ], [ 0.18749828802796, 51.55013497604655 ], [ 0.187497075119161, 51.550127426484515 ], [ 0.187494954194511, 51.550114174250993 ], [ 0.187488726762557, 51.550075134473317 ], [ 0.187466494714741, 51.55000613138327 ], [ 0.187439556923356, 51.549933142162921 ], [ 0.187422436005065, 51.549902758998101 ], [ 0.187390966614203, 51.549846869179113 ], [ 0.187380451236654, 51.549828206739932 ], [ 0.187297662858906, 51.54968116655305 ], [ 0.187279935216076, 51.549631198745594 ], [ 0.187271572716843, 51.549598466943543 ], [ 0.187269065321422, 51.549588585325253 ], [ 0.187265247762538, 51.549573638047278 ], [ 0.187264095008377, 51.54956911803108 ], [ 0.187259616623783, 51.549551548099295 ], [ 0.187243793319108, 51.549489548004381 ], [ 0.187242409151368, 51.549484141986952 ], [ 0.187238058630716, 51.549469510409502 ], [ 0.187199906481272, 51.549435787187448 ], [ 0.187144614367746, 51.549386924384535 ], [ 0.187115544933124, 51.549361233498274 ], [ 0.186954654708975, 51.549080619714296 ], [ 0.186940608916654, 51.549056121786094 ], [ 0.186901598845298, 51.54898807885931 ], [ 0.18689851424271, 51.548982704536094 ], [ 0.186894548141642, 51.54897579084107 ], [ 0.186857838874841, 51.548911752798318 ], [ 0.18685584462326, 51.54890827277692 ], [ 0.186727520680735, 51.548596806068886 ], [ 0.186716160016102, 51.548569220199191 ], [ 0.186693130051911, 51.54851332576925 ], [ 0.186664664421045, 51.548444227380578 ], [ 0.18664161737568, 51.548388274803848 ], [ 0.18657811184182, 51.548263977938888 ], [ 0.186566016327072, 51.548240317743961 ], [ 0.186536191241972, 51.548182274683313 ], [ 0.186530371511491, 51.548173457514409 ], [ 0.186287353973594, 51.547805272705425 ], [ 0.186124323898461, 51.547657388877909 ], [ 0.186023193897884, 51.547536751565367 ], [ 0.186011608718322, 51.547534305489627 ], [ 0.185380095092019, 51.547421930807708 ], [ 0.184826979981618, 51.547323515830421 ], [ 0.184797841860191, 51.547318329895568 ], [ 0.184721628952905, 51.547304766750003 ], [ 0.184330934620492, 51.547235232046404 ], [ 0.183861374783941, 51.547156948063723 ], [ 0.182904273328624, 51.546997345674058 ], [ 0.182581767118951, 51.546940871320977 ], [ 0.179288921246914, 51.546364216142351 ], [ 0.179241201011528, 51.546356562585729 ], [ 0.179240999652228, 51.546370106305474 ], [ 0.179232647221248, 51.548165144906619 ], [ 0.177752321300478, 51.548039421779393 ], [ 0.176803582491598, 51.547962742320223 ], [ 0.176066526827765, 51.547957662601078 ], [ 0.175877094246635, 51.547956364135842 ], [ 0.175140585715488, 51.547970019006748 ], [ 0.174209062086764, 51.547857647688183 ], [ 0.173073717814175, 51.547831537212531 ], [ 0.168932890474625, 51.547802084751638 ], [ 0.168077903130641, 51.547311134800495 ], [ 0.168045821283601, 51.547314092738091 ], [ 0.168052364142497, 51.547318531334653 ], [ 0.167938501275313, 51.547425035575763 ], [ 0.167898121341707, 51.547462815056313 ], [ 0.167858059136968, 51.547500300874297 ], [ 0.167750368646112, 51.547601034253255 ], [ 0.167710996026106, 51.547637859778995 ], [ 0.16767101614658, 51.547675263072165 ], [ 0.167619131995722, 51.547723803838366 ], [ 0.167610583709314, 51.547731803701836 ], [ 0.167544502390637, 51.547793619658755 ], [ 0.167497617142682, 51.547837481565246 ], [ 0.167434283418781, 51.547896719653451 ], [ 0.167411013373317, 51.547918490019924 ], [ 0.167347817567115, 51.547977599609226 ], [ 0.167266061222258, 51.548054084837517 ], [ 0.167258300113677, 51.548061350690155 ], [ 0.16719431704774, 51.548121203172208 ], [ 0.167171681530969, 51.548142368227886 ], [ 0.167076763340638, 51.548231165095977 ], [ 0.167063202059641, 51.548243861947277 ], [ 0.166979317186628, 51.54832231978633 ], [ 0.166946669369153, 51.548352860607714 ], [ 0.166895377800502, 51.548400850514241 ], [ 0.166861376018943, 51.548432648363736 ], [ 0.166813537959113, 51.54851995508966 ], [ 0.166780605820899, 51.548580052322656 ], [ 0.166741926296049, 51.548586854855657 ], [ 0.166379323598514, 51.548959072873551 ], [ 0.166366092381378, 51.548972653860488 ], [ 0.166320869740273, 51.549019074584812 ], [ 0.166295576327636, 51.549045036870503 ], [ 0.165994782049533, 51.549377910033705 ], [ 0.165596282984465, 51.54981888358126 ], [ 0.165393175136214, 51.549732611256637 ], [ 0.165288449243994, 51.549688130576783 ], [ 0.165077923404998, 51.549598712123363 ], [ 0.164996648097618, 51.549564185366066 ], [ 0.164983001449171, 51.549558384788071 ], [ 0.164923160320505, 51.549532968176344 ], [ 0.164913591868873, 51.549528908956859 ], [ 0.164979851190179, 51.549579239357705 ], [ 0.165061132645677, 51.549665570579656 ], [ 0.165210636274524, 51.549851189700973 ], [ 0.165249013983836, 51.549931922715196 ], [ 0.165259526891584, 51.549954058499061 ], [ 0.165293722281316, 51.550039059438127 ], [ 0.1655166422628, 51.550593190194462 ], [ 0.16563915885932, 51.550602782027319 ], [ 0.165699967843628, 51.550607532229861 ], [ 0.165711503432446, 51.550607445230987 ], [ 0.165783599794546, 51.550606878999396 ], [ 0.166069981941426, 51.550604650608783 ], [ 0.166165062561025, 51.550603902682219 ], [ 0.168577136181776, 51.550585044163611 ], [ 0.168630501853618, 51.550584624485829 ], [ 0.169736887535166, 51.550622860928165 ], [ 0.169523566059208, 51.550820758908195 ], [ 0.169405825259793, 51.550921958519687 ], [ 0.16924633461869, 51.551049470163164 ], [ 0.169240081120866, 51.551054469009088 ], [ 0.168876816577645, 51.551337792966123 ], [ 0.168827965319572, 51.551373723921913 ], [ 0.168505992850653, 51.551606326960702 ], [ 0.167991710934572, 51.551929571247676 ], [ 0.167895925767143, 51.553040942705202 ], [ 0.167927404931962, 51.553041611170968 ], [ 0.16792700418768, 51.553048660153436 ], [ 0.168201229396914, 51.553066831645552 ], [ 0.168417368877334, 51.553074187037538 ], [ 0.16856244918838, 51.553079123125478 ], [ 0.168663590536375, 51.553082559867605 ], [ 0.168806575914208, 51.55308742645348 ], [ 0.168909220064313, 51.553090916145926 ], [ 0.169124492401911, 51.553098232303533 ], [ 0.169326363843896, 51.553105098844028 ], [ 0.169400478913308, 51.55310761816947 ], [ 0.169433678179739, 51.553108964883485 ], [ 0.16954501590165, 51.553113561317772 ], [ 0.169741156863619, 51.553127174480586 ], [ 0.169741446655887, 51.553164814141709 ], [ 0.16974444287373, 51.553555408991485 ], [ 0.169744489596118, 51.553561244634061 ], [ 0.169747399514685, 51.553938495332496 ], [ 0.169750387312634, 51.554328451785445 ], [ 0.16975214078715, 51.554556564685207 ], [ 0.169752950705352, 51.554660950315771 ], [ 0.169753148532585, 51.554688465466739 ], [ 0.169753495173718, 51.55473275894343 ], [ 0.169754011135576, 51.554800934895241 ], [ 0.169755172311022, 51.554952743501914 ], [ 0.169755427522755, 51.554985104857742 ], [ 0.169756203455184, 51.55508695506326 ], [ 0.169756944166459, 51.555181998161387 ], [ 0.169757011913937, 51.555190702204456 ], [ 0.169757804182252, 51.555295321971641 ], [ 0.169758556644132, 51.55539334155705 ], [ 0.169758601784233, 51.555399447019546 ], [ 0.169759276833545, 51.555486739297905 ], [ 0.169759974576608, 51.555579058283683 ], [ 0.169760180937461, 51.55560553906971 ], [ 0.169760637948271, 51.555664588133268 ], [ 0.169761672179015, 51.555798862575074 ], [ 0.16976217010998, 51.555861804881069 ], [ 0.169762873443085, 51.555954240668363 ], [ 0.169763644423134, 51.556055074733798 ], [ 0.169763888753499, 51.556086599929813 ], [ 0.169764372288879, 51.556149542499327 ], [ 0.169764680415561, 51.55618938510765 ], [ 0.169764855828201, 51.556212485068187 ], [ 0.169766407019004, 51.556413739337877 ], [ 0.169694232694508, 51.556517199185222 ], [ 0.16969112606173, 51.556521645245759 ], [ 0.172194207954669, 51.556624576953489 ], [ 0.17223207157222, 51.556399040221059 ], [ 0.172271848659725, 51.556162190731854 ], [ 0.172308567632604, 51.55603926813577 ], [ 0.172398598774636, 51.555767746250382 ], [ 0.172456112274879, 51.555618916283549 ], [ 0.172552406810017, 51.555441085066683 ], [ 0.172637526181405, 51.555295485014135 ], [ 0.172724641111901, 51.555154236567027 ], [ 0.172747496256475, 51.555122823246279 ], [ 0.172764539891458, 51.555100240810788 ], [ 0.172988579662617, 51.554819842949385 ], [ 0.173758177448677, 51.554180408272735 ], [ 0.173823674336165, 51.554125991903916 ], [ 0.174353561601385, 51.554311540036785 ], [ 0.1743772113226, 51.554319834089206 ], [ 0.175606637901746, 51.554750306532277 ], [ 0.176150826676891, 51.554846442015638 ], [ 0.176244286993742, 51.554862955706085 ], [ 0.17753018574677, 51.555090115354247 ], [ 0.177119073595691, 51.556373123624482 ], [ 0.177108147100586, 51.556428930529869 ], [ 0.17701691234109, 51.556428896515207 ], [ 0.176794341516714, 51.556478503498681 ], [ 0.176488748213668, 51.556546610915291 ], [ 0.17624361273553, 51.556655180289241 ], [ 0.176206187499252, 51.556671756132118 ], [ 0.176221330244098, 51.55668646675759 ], [ 0.176253750555568, 51.55671799775542 ], [ 0.176266686039237, 51.556730590972627 ], [ 0.17628582402879, 51.556763123712209 ], [ 0.176294865805771, 51.556778469075454 ], [ 0.176298099958232, 51.556783966814223 ], [ 0.176300614797614, 51.556836682540862 ], [ 0.176300776824341, 51.556840078917958 ], [ 0.176301529091706, 51.55685584781169 ], [ 0.176298692849617, 51.556888931975173 ], [ 0.176293874498962, 51.556945183085851 ], [ 0.176292258913545, 51.556963936629224 ], [ 0.176266595313872, 51.55702838032375 ], [ 0.176262073108946, 51.557039732513999 ], [ 0.176219817247905, 51.557145879033854 ], [ 0.176209314738415, 51.557191547286031 ], [ 0.176201687975248, 51.557191954023125 ], [ 0.176176044647434, 51.557290094366522 ], [ 0.176169469642509, 51.557315271004057 ], [ 0.176130844895953, 51.557463069015213 ], [ 0.176128880413726, 51.557470578690094 ], [ 0.176125922424662, 51.557479338840288 ], [ 0.176124912886219, 51.557482370241466 ], [ 0.176112867595992, 51.557518080284865 ], [ 0.176050963817218, 51.557701697705369 ], [ 0.176040411842174, 51.557733027400438 ], [ 0.176003978411097, 51.557834533349713 ], [ 0.175922837298103, 51.558060684931824 ], [ 0.175910472683738, 51.558095150834959 ], [ 0.175872422807571, 51.55820119223965 ], [ 0.175787700587484, 51.558437284509445 ], [ 0.175778862712181, 51.558461909535033 ], [ 0.175872887042092, 51.558455615631068 ], [ 0.176381397999637, 51.558421103778699 ], [ 0.176769485399143, 51.558042837667649 ], [ 0.176809701797048, 51.558034245183158 ], [ 0.176893904314625, 51.558016243814677 ], [ 0.176932856644366, 51.558010790837656 ], [ 0.176948864287487, 51.558008542372711 ], [ 0.176954974368094, 51.55800869881228 ], [ 0.177194473434546, 51.558015128062749 ], [ 0.177244425992541, 51.558020550351614 ], [ 0.177248820257724, 51.558021332154318 ], [ 0.177265000688715, 51.558024215484991 ], [ 0.177336529875386, 51.558031170901785 ], [ 0.177341790973935, 51.558031675817766 ], [ 0.177381309106763, 51.55803837982117 ], [ 0.177388579245179, 51.558041077738658 ], [ 0.177399296268711, 51.558044053433655 ], [ 0.177408302811375, 51.55804655725467 ], [ 0.17743403512174, 51.55805369690556 ], [ 0.177556092461261, 51.55807556037972 ], [ 0.177581295540356, 51.558080074848775 ], [ 0.177612136581823, 51.558082713051398 ], [ 0.177634853945789, 51.55808169793189 ], [ 0.177643214335385, 51.558081394397433 ], [ 0.177658075197113, 51.558081869535677 ], [ 0.177682464769633, 51.558082639975261 ], [ 0.177731062857285, 51.558087943303946 ], [ 0.177742694283568, 51.558089220293063 ], [ 0.177764918875256, 51.55809329537982 ], [ 0.177836315845232, 51.558100801523111 ], [ 0.177845542848266, 51.558100972013001 ], [ 0.177959458013089, 51.558103075516563 ], [ 0.1779702888572, 51.558104808002803 ], [ 0.177988025240204, 51.558107644368491 ], [ 0.177995410738659, 51.558108829270928 ], [ 0.178035832836169, 51.558121469690228 ], [ 0.178040577699015, 51.558122946415551 ], [ 0.178096996202157, 51.558130685449505 ], [ 0.178130919727227, 51.558135334707046 ], [ 0.178142288419038, 51.558137907039381 ], [ 0.178234292500144, 51.558146730122587 ], [ 0.178240316507117, 51.558147953772135 ], [ 0.178245066866224, 51.558148638996748 ], [ 0.178307210731925, 51.558157539674248 ], [ 0.178325746629929, 51.558160199271938 ], [ 0.178430689698926, 51.558184384990398 ], [ 0.178441309433295, 51.558186831805038 ], [ 0.17846165933703, 51.558191526112111 ], [ 0.178466509014437, 51.558192025125933 ], [ 0.1785129234965, 51.558197669936561 ], [ 0.178518698993926, 51.558198372090629 ], [ 0.178567936291737, 51.55820829463844 ], [ 0.17858310552691, 51.558209334994537 ], [ 0.178605613265439, 51.55821087761165 ], [ 0.178634684864914, 51.558215733713425 ], [ 0.178667582183486, 51.558221247217325 ], [ 0.178676860882729, 51.558222801615322 ], [ 0.178684263405097, 51.558224040116762 ], [ 0.178711292691898, 51.558225705604833 ], [ 0.178785501595612, 51.558235290320397 ], [ 0.178800366528565, 51.558237208626615 ], [ 0.178811164565697, 51.558238554942193 ], [ 0.17894109629769, 51.558260486600645 ], [ 0.179018088361322, 51.558263548973038 ], [ 0.179030554139212, 51.558265075636804 ], [ 0.1790445657692, 51.558266798420213 ], [ 0.179051113018421, 51.558268102242479 ], [ 0.179091120508813, 51.55827462121789 ], [ 0.179176162822279, 51.558277983646931 ], [ 0.179207930842344, 51.55827918330975 ], [ 0.17922568467228, 51.558281173815452 ], [ 0.179235935736589, 51.558281639935537 ], [ 0.179255006988071, 51.55828251780877 ], [ 0.179282030994844, 51.558283769581969 ], [ 0.179287134691421, 51.55828399854866 ], [ 0.179298117340448, 51.558283470831569 ], [ 0.179376211550789, 51.558293747427733 ], [ 0.179382648954472, 51.558295318567282 ], [ 0.179463929408523, 51.558315212475783 ], [ 0.179468480147828, 51.558315946323781 ], [ 0.179556996385199, 51.558330264966472 ], [ 0.179592458098645, 51.5583360003723 ], [ 0.179669729144849, 51.55834202934588 ], [ 0.179684745897761, 51.558343198294878 ], [ 0.179696309301578, 51.558341841383267 ], [ 0.17970120139508, 51.558341264885854 ], [ 0.179719635809008, 51.558342703090403 ], [ 0.179729284185579, 51.558344142621401 ], [ 0.179812268467225, 51.558356513408981 ], [ 0.179843029572414, 51.558361095013893 ], [ 0.179850479988405, 51.55836363654776 ], [ 0.179875961845548, 51.558370051876871 ], [ 0.179947544803005, 51.558388075176431 ], [ 0.179931438476304, 51.558430524923146 ], [ 0.179938196409353, 51.558434877930516 ], [ 0.180089512557082, 51.558457310360225 ], [ 0.180208630299532, 51.558474971964699 ], [ 0.18023962178596, 51.55848799368146 ], [ 0.18025462477809, 51.55849430685133 ], [ 0.180267729037277, 51.558504360444097 ], [ 0.180274318278493, 51.558509409033093 ], [ 0.179974331977971, 51.558745740179361 ], [ 0.180031589390589, 51.558935531787718 ], [ 0.180025992090403, 51.558935240079229 ], [ 0.179579846377602, 51.558911764191983 ], [ 0.179564834142321, 51.5589170341742 ], [ 0.17952645133513, 51.558930490244883 ], [ 0.179456355884574, 51.558909192604112 ], [ 0.179448043751886, 51.558910659970941 ], [ 0.179382607332377, 51.558922253282503 ], [ 0.179356315492113, 51.55892304734509 ], [ 0.179293632833619, 51.558924939916899 ], [ 0.179288734483671, 51.558925084845328 ], [ 0.1792441065803, 51.558920162589473 ], [ 0.179103085408266, 51.558882829799487 ], [ 0.17909931951962, 51.558885237925622 ], [ 0.179041319448274, 51.558922332144498 ], [ 0.179034823424735, 51.558926481659277 ], [ 0.179006707009039, 51.55897666339385 ], [ 0.179002021077165, 51.558976120893817 ], [ 0.178631481440255, 51.558933458177165 ], [ 0.178628216388928, 51.558928833416559 ], [ 0.17858540809797, 51.558868367524603 ], [ 0.178575448881578, 51.55886767110389 ], [ 0.178523930185794, 51.558864068086343 ], [ 0.178519233971181, 51.558863309925052 ], [ 0.17845569858012, 51.558853086256235 ], [ 0.178448051340526, 51.55885186127945 ], [ 0.178427564317386, 51.558850344073782 ], [ 0.178405717673923, 51.558846639814362 ], [ 0.178380380243883, 51.55884234385541 ], [ 0.178374466449007, 51.558842372700639 ], [ 0.178357734935424, 51.558842458473755 ], [ 0.17834460961402, 51.558842531259145 ], [ 0.178225314431203, 51.558831732768851 ], [ 0.178214380187318, 51.558829651495586 ], [ 0.178198251075124, 51.558828152276213 ], [ 0.178191788327986, 51.558827561787005 ], [ 0.178179427572658, 51.558826424283161 ], [ 0.178174833302115, 51.558825987964518 ], [ 0.178067608493136, 51.558804200553645 ], [ 0.178050387835794, 51.558797667467658 ], [ 0.178044113596119, 51.55879528385001 ], [ 0.178039444985301, 51.558796463162395 ], [ 0.177830064651117, 51.5588691821876 ], [ 0.177823838580843, 51.558869922754681 ], [ 0.177813929051875, 51.558870871075037 ], [ 0.177738068417873, 51.559087185793018 ], [ 0.177633472157441, 51.559081482780584 ], [ 0.177605106130053, 51.559079931782072 ], [ 0.177561862473846, 51.559080734251815 ], [ 0.177542419369344, 51.559084161679792 ], [ 0.177526013651028, 51.559081705247557 ], [ 0.177519525526942, 51.559086627930505 ], [ 0.177516880271887, 51.559088637500892 ], [ 0.177504633206514, 51.5590907892731 ], [ 0.177498854754504, 51.559093351600957 ], [ 0.177462247409181, 51.559109561878884 ], [ 0.177434275716692, 51.559128058013485 ], [ 0.177392748131627, 51.559164809752133 ], [ 0.177387366157266, 51.559175980054953 ], [ 0.177385107743773, 51.559180653378668 ], [ 0.177378111874498, 51.559179775967124 ], [ 0.17735251812477, 51.559245972034702 ], [ 0.17734847641613, 51.559267387524315 ], [ 0.177347139733519, 51.559274444887571 ], [ 0.17732131045898, 51.559348100549883 ], [ 0.177319914427934, 51.559352101378529 ], [ 0.177315696646291, 51.559364086429042 ], [ 0.177336631041585, 51.559410030167086 ], [ 0.177347493489796, 51.559412418614215 ], [ 0.177764979048454, 51.559504260515169 ], [ 0.177777387514588, 51.559506997939792 ], [ 0.17775434086459, 51.559565493747172 ], [ 0.177752371793989, 51.55957048545806 ], [ 0.177756346631717, 51.559588163965749 ], [ 0.177756850278755, 51.559598712455369 ], [ 0.177757089232354, 51.559603717147624 ], [ 0.177779825242306, 51.559669403089927 ], [ 0.177831548420248, 51.559700386482376 ], [ 0.177845670416288, 51.55970879369125 ], [ 0.1778896975425, 51.559723480600248 ], [ 0.177920060611684, 51.559733609812433 ], [ 0.177925193811651, 51.559734755583023 ], [ 0.177945799116825, 51.559739346310508 ], [ 0.177975052086893, 51.55976792286522 ], [ 0.177979365378814, 51.559772141486953 ], [ 0.178029803508867, 51.559807177531965 ], [ 0.178062106641263, 51.559822733976674 ], [ 0.178091647859248, 51.559831210190168 ], [ 0.178107724407176, 51.559835830989954 ], [ 0.178231759196222, 51.559852317878587 ], [ 0.178242333077254, 51.559851228594631 ], [ 0.178353105591974, 51.559908274670484 ], [ 0.178363400060626, 51.559913569331691 ], [ 0.178506807623468, 51.559938434857678 ], [ 0.178554490619013, 51.559937675542059 ], [ 0.178559492987457, 51.559937591666746 ], [ 0.178603044031022, 51.559977944323641 ], [ 0.178616494490374, 51.559990410783122 ], [ 0.178624646300494, 51.559997966484644 ], [ 0.178632965885708, 51.560002389489689 ], [ 0.178656938896889, 51.560019638240703 ], [ 0.178698335735417, 51.560058232249304 ], [ 0.178717729006781, 51.560076105599251 ], [ 0.178727749666319, 51.560083217412959 ], [ 0.178738544930943, 51.56009325557141 ], [ 0.178751206401637, 51.560104909304734 ], [ 0.178760196179333, 51.560111280343001 ], [ 0.178782042860215, 51.560133244934548 ], [ 0.178806886930795, 51.560152114219328 ], [ 0.178814489502023, 51.56015632569877 ], [ 0.178850344922319, 51.560176164119824 ], [ 0.178864422196416, 51.560191631586413 ], [ 0.17887771111421, 51.560206753967286 ], [ 0.178889463653446, 51.560214782378154 ], [ 0.178898710793766, 51.560221103662627 ], [ 0.178953479196987, 51.560275483916435 ], [ 0.178961412677011, 51.560283752302631 ], [ 0.179058038067604, 51.560318696514344 ], [ 0.179069838008303, 51.560322883995454 ], [ 0.179151516044444, 51.560366728227805 ], [ 0.179163095466579, 51.560372943231293 ], [ 0.179225881974907, 51.560513597689713 ], [ 0.179229299084937, 51.560521250270341 ], [ 0.179333014662778, 51.560514638808257 ], [ 0.179337356396061, 51.560514315364344 ], [ 0.179522254914379, 51.560581782634628 ], [ 0.179538054847681, 51.560587550500827 ], [ 0.179507326508127, 51.560726497299747 ], [ 0.179506341303732, 51.560730940178985 ], [ 0.179393789511592, 51.560814876267102 ], [ 0.179390418272218, 51.560817393979441 ], [ 0.179345493207868, 51.560889327361451 ], [ 0.179360427498881, 51.560888753242111 ], [ 0.179451545533193, 51.560885253420352 ], [ 0.179458074586685, 51.560886319244638 ], [ 0.179604680710751, 51.560910260758241 ], [ 0.179781737172409, 51.56093918519651 ], [ 0.179821260554908, 51.560945636495717 ], [ 0.179878917199068, 51.560955051395027 ], [ 0.180014686449509, 51.560978348359427 ], [ 0.180219687073557, 51.561013542783556 ], [ 0.180232430694395, 51.561015734148647 ], [ 0.1803300864334, 51.561032490446493 ], [ 0.180344270048682, 51.561034924836818 ], [ 0.180355369307449, 51.561036822990488 ], [ 0.180369334980123, 51.561039225454927 ], [ 0.180428055850258, 51.561047658058484 ], [ 0.180571153257869, 51.561068201249725 ], [ 0.180667239069751, 51.561081991755408 ], [ 0.180685703347896, 51.561084634337746 ], [ 0.180844636151454, 51.56110745045396 ], [ 0.180896776210889, 51.561114939445822 ], [ 0.180977690102898, 51.56112071106859 ], [ 0.181021426053028, 51.561123828191946 ], [ 0.181090613423214, 51.561128765491318 ], [ 0.18110814537357, 51.561130013426201 ], [ 0.181124316714002, 51.561131169737408 ], [ 0.181136940872589, 51.561132068225724 ], [ 0.181281714244852, 51.561142390275968 ], [ 0.181318791326672, 51.561145046512756 ], [ 0.181479895127001, 51.561156530638243 ], [ 0.181498701217915, 51.561157871739454 ], [ 0.181520591062255, 51.561159434296634 ], [ 0.181722188097732, 51.561173807472805 ], [ 0.1817796763307, 51.561177909201909 ], [ 0.18184787750278, 51.561182773891133 ], [ 0.181952826932739, 51.561186757118648 ], [ 0.182137677526684, 51.561193777363577 ], [ 0.182260173835382, 51.56119842312075 ], [ 0.18243535508921, 51.561224076540533 ], [ 0.182445946877817, 51.561225624124212 ], [ 0.182732858388055, 51.561267367770355 ], [ 0.182767483985919, 51.561214533133146 ], [ 0.182770374620013, 51.561210117709692 ], [ 0.182781171407461, 51.561193639362365 ], [ 0.182795344209238, 51.561172035099247 ], [ 0.182819579510078, 51.561152374935503 ], [ 0.182865229637133, 51.561115319373172 ], [ 0.182881328088531, 51.561102299109784 ], [ 0.182969132195482, 51.561035029254555 ], [ 0.183088628257921, 51.560972174146904 ], [ 0.183135801975361, 51.560947365649021 ], [ 0.183159121601843, 51.56093510575927 ], [ 0.183171483394485, 51.560926008528462 ], [ 0.183204387551253, 51.56090178933848 ] ] ] } },
{ "type": "Feature", "properties": { "lsoa21cd": "E01002365", "lsoa21nm": "Havering 023D", "msoa21cd": "E02000486", "msoa21nm": "Havering 023", "lad22cd": "E09000016", "lad22nm": "Havering", "index_right": 126, "GSS_CODE": "E05000315", "risk_score": 0.0011856058748529223, "allocation_hours": 0.019779916164450677, "patrol_units": 0 }, "geometry": { "type": "Polygon", "coordinates": [ [ [ 0.201738295649011, 51.556385512927157 ], [ 0.201750304911023, 51.556384756845624 ], [ 0.201782071252148, 51.5563850596794 ], [ 0.201962652381266, 51.556386767833715 ], [ 0.202058773382185, 51.556387669693351 ], [ 0.20196128064257, 51.556250886453476 ], [ 0.202031357233305, 51.556247047961939 ], [ 0.202076254050274, 51.556244720986534 ], [ 0.202126263245159, 51.556243107357197 ], [ 0.202158656690237, 51.556242058351778 ], [ 0.202200484534914, 51.55624070625327 ], [ 0.202483435900013, 51.556266880147597 ], [ 0.202501332137835, 51.556268509879537 ], [ 0.202648273497938, 51.556282184543463 ], [ 0.202659618553153, 51.556283239451197 ], [ 0.202616213419924, 51.556075466012317 ], [ 0.202614922677025, 51.556069348019896 ], [ 0.202603389015031, 51.556014212583435 ], [ 0.202620965600668, 51.555909446398935 ], [ 0.202659404136051, 51.555680418373662 ], [ 0.202779729071969, 51.555387575389446 ], [ 0.202848234869172, 51.555220807768826 ], [ 0.20295023802018, 51.555237821842681 ], [ 0.20301070704387, 51.555247909117071 ], [ 0.203028143938713, 51.555250819016365 ], [ 0.203121970001312, 51.555261304745045 ], [ 0.203135270098946, 51.555262790515172 ], [ 0.203158741530307, 51.555257430340845 ], [ 0.203326726329567, 51.555283969029844 ], [ 0.203361114383397, 51.555287495643249 ], [ 0.203366220747013, 51.555278676457796 ], [ 0.203448387251272, 51.555076552034578 ], [ 0.203455544437208, 51.555058971072476 ], [ 0.203472822642623, 51.555016478094664 ], [ 0.203495514919271, 51.554960636648708 ], [ 0.20351307671511, 51.554917445873002 ], [ 0.203544305429404, 51.554840625148536 ], [ 0.203563684065056, 51.554792939682592 ], [ 0.20356811950496, 51.554782028728098 ], [ 0.203578908380461, 51.554759298452275 ], [ 0.203686783533923, 51.5545317261058 ], [ 0.203705765592887, 51.554491665163845 ], [ 0.203790377030106, 51.554313191186033 ], [ 0.203687950571952, 51.554293946515202 ], [ 0.203619821491458, 51.554281143744156 ], [ 0.203579376194645, 51.554276436029447 ], [ 0.203400056615276, 51.554255272645918 ], [ 0.203227420543687, 51.554208209391824 ], [ 0.20321552148871, 51.554204961650733 ], [ 0.203173180984951, 51.554189084089352 ], [ 0.203166383549494, 51.55418812364492 ], [ 0.203092803561493, 51.554177743178634 ], [ 0.203062308846866, 51.554167893176967 ], [ 0.202963474007914, 51.554136080078763 ], [ 0.202873070217251, 51.554118146631581 ], [ 0.202854887721781, 51.554112930509319 ], [ 0.202847544331421, 51.554110820201487 ], [ 0.202840096543632, 51.554107443837211 ], [ 0.202831808607071, 51.554103696554648 ], [ 0.202825194940512, 51.554101761390903 ], [ 0.202715524776443, 51.554069603049861 ], [ 0.202704960671241, 51.554065021694129 ], [ 0.202598883770774, 51.554029301953015 ], [ 0.202582557177467, 51.554020993297492 ], [ 0.202557120629179, 51.554008044481215 ], [ 0.202553186792819, 51.554006040980461 ], [ 0.202500227546066, 51.553972187708325 ], [ 0.202494647254504, 51.55397014318585 ], [ 0.20248366265519, 51.553966113785918 ], [ 0.202479162513217, 51.553963734218847 ], [ 0.202357686383042, 51.553899458341455 ], [ 0.202343641761679, 51.55389060768001 ], [ 0.202337600384422, 51.553887677003047 ], [ 0.202264440193219, 51.553852206562262 ], [ 0.20226640955297, 51.553846683827892 ], [ 0.202302298524857, 51.553746241125111 ], [ 0.20230490391943, 51.55373895280384 ], [ 0.202398522553426, 51.553626562268228 ], [ 0.202414159774578, 51.553613120764368 ], [ 0.202477121846103, 51.55355895127488 ], [ 0.202480639829162, 51.553555926492116 ], [ 0.20248984934349, 51.553555159976241 ], [ 0.202596474084419, 51.553557428955543 ], [ 0.202610062299647, 51.553557722298812 ], [ 0.202729983539356, 51.553571423349297 ], [ 0.202788582266971, 51.553587787058134 ], [ 0.202810048031587, 51.553593786861605 ], [ 0.202909083908173, 51.55363845636036 ], [ 0.202939282516993, 51.553663096510206 ], [ 0.202944237616613, 51.553667131223335 ], [ 0.202964530600538, 51.55367782041246 ], [ 0.202978340610909, 51.553685097130035 ], [ 0.203043568741913, 51.553728067945514 ], [ 0.203073810456825, 51.553738062100742 ], [ 0.203087450256256, 51.553742410275262 ], [ 0.203124658517624, 51.553750893103157 ], [ 0.203140731998364, 51.553754557042772 ], [ 0.20316018067225, 51.553755585560367 ], [ 0.203405214905819, 51.553483250111356 ], [ 0.20343184099418, 51.553453621379319 ], [ 0.203446686903188, 51.553462335447698 ], [ 0.20346171999956, 51.553467457778154 ], [ 0.203535640115535, 51.553492670130595 ], [ 0.203598471714508, 51.553514088911285 ], [ 0.203608415779834, 51.553517481269573 ], [ 0.203671071899183, 51.553538849349984 ], [ 0.203876719156535, 51.553181705131728 ], [ 0.203846915916728, 51.553171228108425 ], [ 0.203829688199301, 51.553165166831512 ], [ 0.203756404946961, 51.553139394116371 ], [ 0.203721363107751, 51.553127075713327 ], [ 0.203708889935598, 51.55312268770092 ], [ 0.203603903418021, 51.553085770272816 ], [ 0.203579844879257, 51.553077305783518 ], [ 0.203540840763462, 51.553063586925802 ], [ 0.20349466125699, 51.553047349942645 ], [ 0.203438268011693, 51.553027509802213 ], [ 0.203419037819995, 51.553020753158933 ], [ 0.20331728008874, 51.552984970872529 ], [ 0.20324361576785, 51.552959061101916 ], [ 0.203154470674277, 51.552927713575556 ], [ 0.203139870150137, 51.552922583076139 ], [ 0.203131682137696, 51.552919706258891 ], [ 0.203114630590047, 51.5529137045162 ], [ 0.203074599705901, 51.552899627083391 ], [ 0.202980142760098, 51.552866409742713 ], [ 0.202927404010962, 51.552847858644462 ], [ 0.202895459040213, 51.552836632919984 ], [ 0.202890689742745, 51.552834950887089 ], [ 0.202791713547961, 51.552800145584527 ], [ 0.202782586307093, 51.552796935657362 ], [ 0.202698049566708, 51.552767209886404 ], [ 0.202680484178341, 51.552761019884521 ], [ 0.202647101383346, 51.552749290509922 ], [ 0.202574934719916, 51.552723909747392 ], [ 0.202427637546659, 51.552672106602294 ], [ 0.202450992308827, 51.552645228445364 ], [ 0.202757734124771, 51.55229227289999 ], [ 0.202769281776783, 51.552278989108792 ], [ 0.202783608374917, 51.552283679647765 ], [ 0.202786741550887, 51.55228179970338 ], [ 0.202797297784529, 51.552283447677752 ], [ 0.202830163216163, 51.552242125146023 ], [ 0.202879446314826, 51.552180145661289 ], [ 0.203108464642005, 51.551892077123547 ], [ 0.203089112274696, 51.551885318218673 ], [ 0.203081204348506, 51.551882562036077 ], [ 0.203029557609796, 51.551888100773589 ], [ 0.203014317628643, 51.551889736034624 ], [ 0.202847747492938, 51.551914943073449 ], [ 0.202840301201957, 51.551916072185655 ], [ 0.202780440287097, 51.551916396276511 ], [ 0.202717051999481, 51.551912973548966 ], [ 0.202647689201483, 51.551909195370705 ], [ 0.202614972525789, 51.551902885259189 ], [ 0.202610145692533, 51.551901204294296 ], [ 0.202517875280316, 51.551869006660901 ], [ 0.202495634971895, 51.551858596769343 ], [ 0.20245878380864, 51.55184133880897 ], [ 0.202451766880796, 51.551835822973828 ], [ 0.202448378046224, 51.55183315273959 ], [ 0.202433639536112, 51.55182156774093 ], [ 0.202342609519289, 51.551734965796449 ], [ 0.202336229452389, 51.551725310190932 ], [ 0.202278014706527, 51.551596725738811 ], [ 0.202289643571847, 51.551592418214327 ], [ 0.202307325452682, 51.551582800836101 ], [ 0.202339301996114, 51.551565113536597 ], [ 0.202353704723326, 51.55155838604518 ], [ 0.202366385243347, 51.551552437318392 ], [ 0.202402087824531, 51.551535741201803 ], [ 0.202410127578652, 51.551531966013059 ], [ 0.202465192679546, 51.551497738523004 ], [ 0.202526975123069, 51.551478960775377 ], [ 0.202637561364457, 51.551445363087097 ], [ 0.202550703455108, 51.551125421621066 ], [ 0.202549827638931, 51.551122218564792 ], [ 0.202575390933694, 51.551119598081627 ], [ 0.202631484737215, 51.551113868105929 ], [ 0.202638790591925, 51.551113119353325 ], [ 0.202711152232049, 51.551100159142436 ], [ 0.202709866672042, 51.551092053587602 ], [ 0.202679310958933, 51.551019334307639 ], [ 0.202538736727497, 51.550849991901998 ], [ 0.202526024422148, 51.550825391905299 ], [ 0.202481396828999, 51.550739042625864 ], [ 0.202461797835236, 51.550690101917205 ], [ 0.202387993770078, 51.55050579082679 ], [ 0.202339530125851, 51.550384763702958 ], [ 0.202332427327866, 51.550367000847501 ], [ 0.202246572585881, 51.550349314031912 ], [ 0.202195537049978, 51.550338788275077 ], [ 0.202160017942215, 51.550331469426993 ], [ 0.202155137351613, 51.550330463922108 ], [ 0.202137217547129, 51.550326771530145 ], [ 0.202113994901237, 51.550321991627129 ], [ 0.202094181292653, 51.550317912116078 ], [ 0.202047618567564, 51.550308309527722 ], [ 0.201858959926951, 51.550271113296624 ], [ 0.201854940219908, 51.550270311945525 ], [ 0.201757778814484, 51.550251159850973 ], [ 0.201666063339179, 51.550233070034473 ], [ 0.201602235415108, 51.550220481955627 ], [ 0.201573139252369, 51.550214742035656 ], [ 0.201514728616344, 51.550203221306717 ], [ 0.201413890142366, 51.550183337568015 ], [ 0.201396276930619, 51.550179868629193 ], [ 0.201377680361188, 51.550176197816675 ], [ 0.201363176189762, 51.550173340494645 ], [ 0.201271992811456, 51.550156706250306 ], [ 0.201239337757909, 51.550150745272113 ], [ 0.201197282209869, 51.55014307218881 ], [ 0.201189322262732, 51.550141620831269 ], [ 0.201171481485697, 51.550138367467348 ], [ 0.201145549334511, 51.550133629234672 ], [ 0.201021201963316, 51.55011094440696 ], [ 0.200994237130386, 51.550106027674758 ], [ 0.200986815601835, 51.550104674114863 ], [ 0.200978273162416, 51.550103107772181 ], [ 0.200939084393952, 51.550095956346858 ], [ 0.20093004765158, 51.550094309346939 ], [ 0.200589384570388, 51.550032157164658 ], [ 0.200554794405851, 51.550025845602867 ], [ 0.200435904134668, 51.550004145905831 ], [ 0.200410016232479, 51.549999424663817 ], [ 0.20040571203698, 51.549998705041631 ], [ 0.200397249921816, 51.549997308017552 ], [ 0.200369542290824, 51.549992688359687 ], [ 0.200312928628798, 51.549982675620583 ], [ 0.200075843361786, 51.549943813069227 ], [ 0.200008185514994, 51.549932546002196 ], [ 0.199941080513398, 51.549921376441446 ], [ 0.199893641447856, 51.549913624015289 ], [ 0.199722131278064, 51.549885599303963 ], [ 0.199603963061234, 51.549866295356807 ], [ 0.199555022204216, 51.549856709389225 ], [ 0.199377519982673, 51.549821544520967 ], [ 0.199370114658756, 51.54983740694378 ], [ 0.199343335750366, 51.549894709597993 ], [ 0.199314818068882, 51.549955741020639 ], [ 0.19926301217453, 51.550066599294546 ], [ 0.199259833723787, 51.550073376749303 ], [ 0.199242899845484, 51.550109594783201 ], [ 0.199233539260331, 51.550129663068262 ], [ 0.199224933111006, 51.550148026501297 ], [ 0.199223496401843, 51.550151138078398 ], [ 0.199211507180399, 51.550176822387741 ], [ 0.199204196089229, 51.550192427629796 ], [ 0.199201096727393, 51.550199050717204 ], [ 0.199175743170929, 51.550253313917672 ], [ 0.199165714237192, 51.550274779669103 ], [ 0.199158339285845, 51.550290556975064 ], [ 0.199155683995382, 51.55029621846495 ], [ 0.199142963010445, 51.55032348129032 ], [ 0.19909213539171, 51.550432207771564 ], [ 0.199083198410845, 51.550452987549974 ], [ 0.199058700640118, 51.550510049519517 ], [ 0.199041668659474, 51.55054962354977 ], [ 0.199029555564017, 51.550577828049349 ], [ 0.199021228819027, 51.550597202323324 ], [ 0.19901815453901, 51.550604346489209 ], [ 0.19900945272257, 51.550624618106845 ], [ 0.198989439029362, 51.550671163677123 ], [ 0.198987130142245, 51.550676530853558 ], [ 0.198977779607794, 51.550698307478427 ], [ 0.198969803390078, 51.550716874795143 ], [ 0.198909558213429, 51.55085707287185 ], [ 0.198898157484244, 51.55088360028779 ], [ 0.19889665966279, 51.550887090694538 ], [ 0.19888394163967, 51.55091666447175 ], [ 0.198838118212118, 51.55102329085743 ], [ 0.198836107847924, 51.551027968962323 ], [ 0.198822503010023, 51.551059645746946 ], [ 0.19880367006492, 51.551103462241237 ], [ 0.198798040245475, 51.551116544760752 ], [ 0.198757858948386, 51.551210052393323 ], [ 0.198751594375938, 51.551224630664066 ], [ 0.198735459726718, 51.55126218236331 ], [ 0.198708754087262, 51.551322082122958 ], [ 0.198638173042924, 51.55148041047719 ], [ 0.198613355307087, 51.551536088558706 ], [ 0.198563308497479, 51.551649179981517 ], [ 0.198509725181207, 51.55176851230793 ], [ 0.198506244752688, 51.551776331358838 ], [ 0.19846627925801, 51.551865958847522 ], [ 0.198461710359738, 51.551876215632745 ], [ 0.19845927640891, 51.551881684067148 ], [ 0.198446401573284, 51.55191055928077 ], [ 0.198435402878193, 51.551935262521468 ], [ 0.198433657851939, 51.551939162243713 ], [ 0.19842554686499, 51.551957336357113 ], [ 0.198421719765322, 51.551965924514583 ], [ 0.198401699049634, 51.552010851371378 ], [ 0.19839728531548, 51.552020736530622 ], [ 0.19837097582002, 51.552079747385761 ], [ 0.198368866623159, 51.552084472284648 ], [ 0.198359167800567, 51.552106219344076 ], [ 0.198354924040907, 51.552115741561096 ], [ 0.198344911352585, 51.552138159985958 ], [ 0.198336719542886, 51.552157054988925 ], [ 0.19831919606411, 51.552197384404224 ], [ 0.198314113493159, 51.552209107647037 ], [ 0.198310918781089, 51.552216451874934 ], [ 0.198308425262136, 51.552222182202001 ], [ 0.198304516240668, 51.55223116755532 ], [ 0.19827888370834, 51.552290165588509 ], [ 0.198206128236793, 51.552457630356002 ], [ 0.198192577871539, 51.552488811327585 ], [ 0.198138838085057, 51.552612492348935 ], [ 0.198124307730357, 51.552645939935672 ], [ 0.198099025790005, 51.552704139975155 ], [ 0.198088409937838, 51.552729314356974 ], [ 0.198043437469407, 51.552830931211368 ], [ 0.19803181817037, 51.552857435574886 ], [ 0.198026487878842, 51.552869559141179 ], [ 0.198002626264945, 51.552924009430377 ], [ 0.197940461592737, 51.553065816312198 ], [ 0.197933962700224, 51.553080632702255 ], [ 0.197930441325346, 51.553088684497823 ], [ 0.197866781114476, 51.553233891753102 ], [ 0.197862088557768, 51.553244582463876 ], [ 0.197849637559323, 51.55327299093095 ], [ 0.197845682899802, 51.553282080544875 ], [ 0.197823347778437, 51.553333341147123 ], [ 0.197812592888277, 51.553358030687498 ], [ 0.197802905539753, 51.553380326064158 ], [ 0.197801619377724, 51.553383272898195 ], [ 0.197790981625095, 51.553407699443987 ], [ 0.197787708068784, 51.553415207010303 ], [ 0.197767031439512, 51.553462717909042 ], [ 0.197759277692933, 51.553480534495357 ], [ 0.197739237102301, 51.553526576601143 ], [ 0.197737535611583, 51.553530484477655 ], [ 0.197735676752449, 51.553534719051775 ], [ 0.197733481256082, 51.553539751320052 ], [ 0.197710049008678, 51.553593546010532 ], [ 0.197707647144122, 51.553599085754733 ], [ 0.197705860406932, 51.553603170592119 ], [ 0.197681605306469, 51.553658900706658 ], [ 0.197673643328165, 51.553675390218665 ], [ 0.197671165631142, 51.553680553675072 ], [ 0.197666929346975, 51.553689338299307 ], [ 0.197633733200872, 51.553758154405209 ], [ 0.197618099198209, 51.55379056592578 ], [ 0.197615973623997, 51.553794953879731 ], [ 0.197552466834269, 51.553878987439774 ], [ 0.197429236694261, 51.554034869966621 ], [ 0.197324591807983, 51.554183389682898 ], [ 0.197364244460774, 51.5542019010473 ], [ 0.197396344692168, 51.554231930062215 ], [ 0.197414085325057, 51.554248648556744 ], [ 0.197419646571271, 51.554253895244273 ], [ 0.19767241688843, 51.554492152081671 ], [ 0.197686591480855, 51.55450551098965 ], [ 0.197709682341671, 51.554527282215979 ], [ 0.197775084536685, 51.554588909286345 ], [ 0.197834408925197, 51.554643248916499 ], [ 0.197838543641026, 51.554647029464711 ], [ 0.197955229193344, 51.554753874855578 ], [ 0.197976348155988, 51.554774235092474 ], [ 0.198039401321746, 51.554834997720015 ], [ 0.198062063166155, 51.554856839861401 ], [ 0.198077644251394, 51.554876332595455 ], [ 0.198090232221623, 51.554892086349071 ], [ 0.198105243703348, 51.554910834336866 ], [ 0.198112204594505, 51.554924769016296 ], [ 0.198115797617231, 51.554931977058388 ], [ 0.198125281575272, 51.554950972505452 ], [ 0.198130198545048, 51.554960808685102 ], [ 0.198140043286731, 51.554996875148639 ], [ 0.198142132458305, 51.555058807022661 ], [ 0.198125679585263, 51.555278743273803 ], [ 0.198105419954801, 51.555436132331891 ], [ 0.198100439555079, 51.555474688873083 ], [ 0.198092176211016, 51.555539125938104 ], [ 0.198091566210414, 51.555543831733402 ], [ 0.198079689805643, 51.555596753466524 ], [ 0.198068665855636, 51.555648804886879 ], [ 0.198085013158685, 51.555688688457465 ], [ 0.198112067845366, 51.555744810661494 ], [ 0.198154779042153, 51.55582677324491 ], [ 0.198160475602729, 51.55586716214291 ], [ 0.198164372175761, 51.555894742713605 ], [ 0.198164219950078, 51.555911944747891 ], [ 0.198163984673057, 51.555939400399694 ], [ 0.198163689184066, 51.555974289924038 ], [ 0.198181458531645, 51.556024821563504 ], [ 0.198199697157189, 51.556047663841007 ], [ 0.198245703383004, 51.556085723587508 ], [ 0.198336768773133, 51.556160745634372 ], [ 0.198416686376394, 51.556228655933964 ], [ 0.198442523209957, 51.556259791049428 ], [ 0.198447106545148, 51.556298626974986 ], [ 0.198393103581159, 51.556431729132882 ], [ 0.198400154996546, 51.556433764254102 ], [ 0.198437913510944, 51.556444657363862 ], [ 0.198472027708398, 51.556462849187447 ], [ 0.198477372819042, 51.556465698688932 ], [ 0.198587829991978, 51.556524609472042 ], [ 0.198776810017506, 51.556555707170858 ], [ 0.198813221631316, 51.556561697231167 ], [ 0.198834965077094, 51.556565956888996 ], [ 0.198919666643996, 51.556582543472544 ], [ 0.198940244938383, 51.556586573155229 ], [ 0.198997872483201, 51.556597848896871 ], [ 0.199008722386485, 51.556599974621662 ], [ 0.199061071739514, 51.556610238675617 ], [ 0.199094036356864, 51.556616693481843 ], [ 0.199156681670305, 51.556629112482511 ], [ 0.199165288976139, 51.556630802721479 ], [ 0.199322883701501, 51.556615917726027 ], [ 0.199439320513397, 51.556604920610219 ], [ 0.199550432831785, 51.556586686739827 ], [ 0.199590541637479, 51.55658010149476 ], [ 0.199681351500395, 51.55656520884429 ], [ 0.199706542188527, 51.556561076124794 ], [ 0.199775214348403, 51.556549787615729 ], [ 0.199815806466689, 51.556543144664943 ], [ 0.200105691148955, 51.556495717558356 ], [ 0.200222898117723, 51.556486341950269 ], [ 0.200315359024855, 51.556478950395586 ], [ 0.200518832920407, 51.556462676803761 ], [ 0.200969339793234, 51.556434167205779 ], [ 0.201035095201283, 51.55643001022505 ], [ 0.201159299343056, 51.556422148067483 ], [ 0.201291183940091, 51.556413808853826 ], [ 0.201325801901355, 51.556411621167442 ], [ 0.201370587739287, 51.556408783941258 ], [ 0.201470946165541, 51.556402430294504 ], [ 0.201537693800969, 51.556398209439187 ], [ 0.201570585645437, 51.556396126032503 ], [ 0.201715817145389, 51.556386951205447 ], [ 0.201738295649011, 51.556385512927157 ] ] ] } },
{ "type": "Feature", "properties": { "lsoa21cd": "E01002272", "lsoa21nm": "Havering 014A", "msoa21cd": "E02000477", "msoa21nm": "Havering 014", "lad22cd": "E09000016", "lad22nm": "Havering", "index_right": 126, "GSS_CODE": "E05000315", "risk_score": 0.0004562987469729716, "allocation_hours": 0.0076126064761520484, "patrol_units": 0 }, "geometry": { "type": "Polygon", "coordinates": [ [ [ 0.211535091319037, 51.575100085808039 ], [ 0.21140950684151, 51.574937999750425 ], [ 0.211404292921235, 51.574941636821968 ], [ 0.211403415167671, 51.57494838462199 ], [ 0.211402277053153, 51.574961814620224 ], [ 0.211356464552261, 51.574956050799948 ], [ 0.210828465492789, 51.574889585027442 ], [ 0.210812928471903, 51.574887629730945 ], [ 0.210667252409931, 51.574850132750583 ], [ 0.210696148431816, 51.574831152346619 ], [ 0.210712861255625, 51.574820153585591 ], [ 0.210878396885204, 51.574742507645148 ], [ 0.210883208664402, 51.574740249609036 ], [ 0.21112670979791, 51.574669550642326 ], [ 0.21116081652773, 51.57465922202956 ], [ 0.211145476073371, 51.574600616287917 ], [ 0.211144181657629, 51.574595649593483 ], [ 0.211106601165851, 51.574547148679905 ], [ 0.211088635075391, 51.574523970828032 ], [ 0.211055184030887, 51.57449603991126 ], [ 0.211006645841487, 51.574455488550541 ], [ 0.210987829027264, 51.574439763920047 ], [ 0.210983347086766, 51.574436026416429 ], [ 0.210957604393862, 51.574411700193771 ], [ 0.210922016392732, 51.574378089999122 ], [ 0.210863740454364, 51.57432302766366 ], [ 0.21085118699134, 51.574311168804257 ], [ 0.210767607354427, 51.574232194563997 ], [ 0.210716697814745, 51.574184097721371 ], [ 0.210673834594463, 51.574143601103152 ], [ 0.210660428565487, 51.574136479612442 ], [ 0.210656873575963, 51.574134595160139 ], [ 0.210616101464516, 51.574119662110803 ], [ 0.210600470313023, 51.574116355119273 ], [ 0.210562428923672, 51.574108182751203 ], [ 0.210536034326923, 51.574100613657144 ], [ 0.210483350172252, 51.57408139065825 ], [ 0.210476804674468, 51.57407795283455 ], [ 0.21047310459774, 51.574076349894341 ], [ 0.21044766236826, 51.574065354487139 ], [ 0.210416382346385, 51.574051825190068 ], [ 0.210406599275653, 51.574054239874798 ], [ 0.210309355749287, 51.574078294671331 ], [ 0.210293668735277, 51.574082169586475 ], [ 0.210277766488037, 51.574084879469375 ], [ 0.210261534790574, 51.574087640525214 ], [ 0.210165432832886, 51.574091187675066 ], [ 0.210115120308678, 51.574090220521136 ], [ 0.21004238228995, 51.574088835188057 ], [ 0.20990459209852, 51.574064349870049 ], [ 0.209859638712954, 51.574056339022142 ], [ 0.209794014376073, 51.57404078592144 ], [ 0.209757643129784, 51.574027019660384 ], [ 0.209715876232141, 51.574011205750629 ], [ 0.209696722965055, 51.574002222998693 ], [ 0.209712435628353, 51.57398845540348 ], [ 0.209739734546449, 51.57396823732001 ], [ 0.209758286523965, 51.573957222018613 ], [ 0.209814243690007, 51.573923990559564 ], [ 0.209865291057645, 51.573893675402957 ], [ 0.209926570257375, 51.573865739372401 ], [ 0.209934223051665, 51.573862249748451 ], [ 0.210239911821093, 51.573777961186082 ], [ 0.210265888057271, 51.573770803233771 ], [ 0.210253040818614, 51.573746031433814 ], [ 0.210154778313369, 51.573653196576913 ], [ 0.210143450170739, 51.573642492627357 ], [ 0.210106123386617, 51.573607224285539 ], [ 0.210138955765014, 51.573583718289477 ], [ 0.210161955494006, 51.573567259268401 ], [ 0.210242223045576, 51.573509791916273 ], [ 0.210525461109797, 51.573306065530261 ], [ 0.210522639144523, 51.573292747967471 ], [ 0.210522124390886, 51.573290167693379 ], [ 0.210520820278552, 51.573283510494356 ], [ 0.210419410538774, 51.573224872546099 ], [ 0.210407890999957, 51.573214684829843 ], [ 0.210350321784727, 51.57316373670222 ], [ 0.210337671688229, 51.573152554084693 ], [ 0.210307995240451, 51.573113445474355 ], [ 0.21030540907416, 51.573108026493216 ], [ 0.210271903835834, 51.573037865342485 ], [ 0.210273040600198, 51.573023805870562 ], [ 0.21028196489565, 51.572913185848876 ], [ 0.210286772703308, 51.572901323406249 ], [ 0.210310464666604, 51.572842890051518 ], [ 0.210311155000196, 51.57283986438938 ], [ 0.210312425587751, 51.572836602964415 ], [ 0.210316843762491, 51.572825485289698 ], [ 0.2103390531781, 51.572801217232801 ], [ 0.210341342526114, 51.572798727985045 ], [ 0.210353180299478, 51.572780356992332 ], [ 0.210343775163596, 51.572775678080532 ], [ 0.210127232152761, 51.572667878290936 ], [ 0.210122991349219, 51.572663155975249 ], [ 0.210099575646384, 51.572637086034035 ], [ 0.210096957440924, 51.572630111866509 ], [ 0.210095913652332, 51.572627334723819 ], [ 0.210055958075182, 51.572368118738254 ], [ 0.210029176216755, 51.572367274593539 ], [ 0.209985166309317, 51.572365891835183 ], [ 0.209713449275545, 51.57241666126378 ], [ 0.20970476124181, 51.572417396051158 ], [ 0.209715276997809, 51.572391545394964 ], [ 0.20972389351068, 51.572365663083353 ], [ 0.209729310299153, 51.572349391618836 ], [ 0.209748343780089, 51.572292197271786 ], [ 0.20974646691864, 51.572286225332036 ], [ 0.209758880618851, 51.572249066200087 ], [ 0.209786861303727, 51.572165371774098 ], [ 0.209827821549337, 51.572042798867166 ], [ 0.209850142705284, 51.571976027961824 ], [ 0.209853338210189, 51.571966480140063 ], [ 0.209840421892869, 51.571968702030851 ], [ 0.20961876729736, 51.57201021820805 ], [ 0.209567726146686, 51.572019777363572 ], [ 0.209309959720385, 51.57206804372462 ], [ 0.209292169264386, 51.572071382595041 ], [ 0.209235707557244, 51.572081952031589 ], [ 0.209192381953173, 51.572109279664097 ], [ 0.209187547701707, 51.572108687281847 ], [ 0.209130450245934, 51.572101669382867 ], [ 0.209052536584548, 51.572116258081486 ], [ 0.20903772660769, 51.572090268609237 ], [ 0.209021244698315, 51.572061342950867 ], [ 0.208910587246799, 51.571867128914135 ], [ 0.208907069637513, 51.571872563991924 ], [ 0.208900627420454, 51.571873036083375 ], [ 0.208554816720075, 51.571898197249716 ], [ 0.208522808323724, 51.571893570739739 ], [ 0.208514935486931, 51.571890427599989 ], [ 0.208270332437696, 51.57179274847222 ], [ 0.208246387299645, 51.571785213678453 ], [ 0.208176574226159, 51.571763245655141 ], [ 0.208170219163771, 51.571760451613649 ], [ 0.208140876257711, 51.571752308008172 ], [ 0.208041160693234, 51.571724643928007 ], [ 0.207955310850575, 51.571700801472069 ], [ 0.207882838696493, 51.571719428194271 ], [ 0.207867209914529, 51.571723450078515 ], [ 0.207861280414686, 51.571724973629841 ], [ 0.207840028412263, 51.571730436853869 ], [ 0.207813545542956, 51.571737248594125 ], [ 0.207759710734754, 51.571751104251952 ], [ 0.207741323624539, 51.571755830047536 ], [ 0.207703081758821, 51.57176566898309 ], [ 0.207669543378006, 51.571774295224131 ], [ 0.207626500596307, 51.571787210197357 ], [ 0.207587839318808, 51.571798819615353 ], [ 0.20756648744135, 51.571805201953396 ], [ 0.207556074532635, 51.571808311728404 ], [ 0.207537212706554, 51.571813963713069 ], [ 0.207470855687048, 51.57183386446038 ], [ 0.207434682652782, 51.571844707543185 ], [ 0.207428679664767, 51.571846502245243 ], [ 0.207350245776362, 51.57187002064007 ], [ 0.207308831254737, 51.57188244170333 ], [ 0.207212914131588, 51.571911923233621 ], [ 0.207162616579901, 51.571927371230565 ], [ 0.207126715586949, 51.571938411438026 ], [ 0.20711751552359, 51.571941237546746 ], [ 0.207072980225136, 51.571954926825761 ], [ 0.206954887079725, 51.571991215078313 ], [ 0.206895192719086, 51.572011331820889 ], [ 0.206872970516689, 51.572018818562157 ], [ 0.206858572113088, 51.572023666988713 ], [ 0.20683798273543, 51.572030601398261 ], [ 0.206808249113273, 51.572040621633988 ], [ 0.206705416122551, 51.572075264477569 ], [ 0.206669477036718, 51.572087370927555 ], [ 0.206625742499918, 51.572102106135056 ], [ 0.206602724978421, 51.572109859595145 ], [ 0.206583598393441, 51.572116307788669 ], [ 0.206521191179728, 51.5721373297242 ], [ 0.20650361221323, 51.57214325416664 ], [ 0.206355808806796, 51.572193050791142 ], [ 0.206317512235672, 51.572205947909843 ], [ 0.206266209203753, 51.572223235514031 ], [ 0.206233718458384, 51.57223503413227 ], [ 0.206229123550008, 51.572236703354569 ], [ 0.206087644255924, 51.572288071319171 ], [ 0.206072328002132, 51.572293638368947 ], [ 0.206052983109811, 51.57230064814636 ], [ 0.20604558015595, 51.572303336938482 ], [ 0.206003700853265, 51.572318545107777 ], [ 0.205908837164602, 51.572352983346953 ], [ 0.205829233714998, 51.572381891518248 ], [ 0.205817760351751, 51.57238605527867 ], [ 0.205811548706753, 51.572388312463758 ], [ 0.205731207129745, 51.572417477263713 ], [ 0.205699453237208, 51.57242900107348 ], [ 0.205634910705698, 51.572452436843385 ], [ 0.205599101002201, 51.572465439823439 ], [ 0.205570141546926, 51.57247596227333 ], [ 0.205526332358322, 51.572491854065333 ], [ 0.205487927111576, 51.572505796137698 ], [ 0.205410627597514, 51.572533864805067 ], [ 0.205387993131228, 51.57254208744542 ], [ 0.205124310467491, 51.572637808317602 ], [ 0.205092393497334, 51.572649397977813 ], [ 0.205086940547585, 51.57265138005932 ], [ 0.204927773384663, 51.572709167485129 ], [ 0.204898227584877, 51.572721000276907 ], [ 0.204891332386881, 51.572723746893971 ], [ 0.204833441510893, 51.572746877273175 ], [ 0.204815857853209, 51.572753907682198 ], [ 0.204780818329696, 51.572767925620788 ], [ 0.204717208191953, 51.572793353273447 ], [ 0.204713569629654, 51.572794806607554 ], [ 0.204702328405857, 51.572799298631928 ], [ 0.204680738221655, 51.572807933160298 ], [ 0.20466816644666, 51.572812962798892 ], [ 0.204643220398257, 51.572822928428664 ], [ 0.204604110046167, 51.572838565149908 ], [ 0.204475566394505, 51.57288996669778 ], [ 0.204471262107524, 51.572891679847281 ], [ 0.204441856992263, 51.572903442429514 ], [ 0.204381970851458, 51.572929191076881 ], [ 0.204371728803912, 51.572933605829824 ], [ 0.204366434522793, 51.57293588615876 ], [ 0.204272198757175, 51.572976498409332 ], [ 0.204266614321947, 51.572978896600482 ], [ 0.204258330300588, 51.572982469662904 ], [ 0.204196396741599, 51.573009156000396 ], [ 0.20415924487452, 51.573025160437048 ], [ 0.204143179263652, 51.573032252136123 ], [ 0.204138798648415, 51.573034178042839 ], [ 0.204088737662277, 51.573056297533917 ], [ 0.204074014400578, 51.573062797432982 ], [ 0.204023472250818, 51.57308511479269 ], [ 0.203993079205991, 51.573098537047557 ], [ 0.203989660344574, 51.573100058172813 ], [ 0.203929523539602, 51.573126602677284 ], [ 0.20390661881989, 51.573136709636998 ], [ 0.203861827054668, 51.573156481745137 ], [ 0.203854592984849, 51.573159684317886 ], [ 0.203817092489152, 51.573176243767719 ], [ 0.203804728799453, 51.573181701063362 ], [ 0.203719144225251, 51.57321948833863 ], [ 0.203678337054622, 51.573237503800939 ], [ 0.203658089018826, 51.573246445652444 ], [ 0.20363053565034, 51.573258609384254 ], [ 0.203623414288855, 51.573261755866397 ], [ 0.203616137364529, 51.573264968222453 ], [ 0.203593706396936, 51.573275623780326 ], [ 0.203566493124164, 51.573288554500593 ], [ 0.203543497558272, 51.573299472462409 ], [ 0.203509188587502, 51.5733157829807 ], [ 0.203500611123824, 51.573319856116349 ], [ 0.203480366746911, 51.573329472340447 ], [ 0.203424007294257, 51.573356251354888 ], [ 0.203379187554135, 51.573377543612096 ], [ 0.203339643877802, 51.573396326592068 ], [ 0.203307662123339, 51.573411523155237 ], [ 0.203301412421138, 51.573414491364559 ], [ 0.20328678273132, 51.573421439052723 ], [ 0.203236517197971, 51.573445315644435 ], [ 0.203226458751762, 51.573450100053449 ], [ 0.203212182117759, 51.573456888217578 ], [ 0.203192953599947, 51.573466026661272 ], [ 0.203186336819437, 51.57346916363516 ], [ 0.203179762859047, 51.573472290811125 ], [ 0.203100322496776, 51.573510025125884 ], [ 0.203090431307605, 51.573514986239701 ], [ 0.203045536624765, 51.573537421881468 ], [ 0.203017087462134, 51.573551661686523 ], [ 0.202941658625268, 51.573589392464299 ], [ 0.202932823605156, 51.57359381212914 ], [ 0.202929033388983, 51.573595713407904 ], [ 0.20289909031026, 51.573610696191899 ], [ 0.202871866375146, 51.573624310412995 ], [ 0.202848447282427, 51.57363602757335 ], [ 0.202787316854906, 51.573669514731463 ], [ 0.20277155616065, 51.573678147300519 ], [ 0.20274643194202, 51.573691910897942 ], [ 0.202730235111619, 51.57370077647883 ], [ 0.202629035785526, 51.573756230692219 ], [ 0.202619376829173, 51.57376152014254 ], [ 0.202556531279009, 51.573795956678332 ], [ 0.202551919636847, 51.573798480399994 ], [ 0.202435450245938, 51.573862278980002 ], [ 0.202351051123274, 51.573908523334389 ], [ 0.202347536327914, 51.573910450896065 ], [ 0.202187650653951, 51.573998041722014 ], [ 0.202104331260503, 51.574045137932785 ], [ 0.202054207565055, 51.574073471852437 ], [ 0.202047218526393, 51.574077420621983 ], [ 0.201896095385434, 51.574162845542048 ], [ 0.201888312712069, 51.574167245364258 ], [ 0.201849145861982, 51.574189375128817 ], [ 0.201828186061564, 51.574201225757555 ], [ 0.201627647136824, 51.574314579632663 ], [ 0.201595827933127, 51.574332569477086 ], [ 0.20157568259106, 51.57434395511865 ], [ 0.201581665815288, 51.574344130552021 ], [ 0.201666587491287, 51.574346627822003 ], [ 0.201834407908957, 51.574351570235194 ], [ 0.201843946378643, 51.574351849760177 ], [ 0.201950726299693, 51.574367371852034 ], [ 0.201956553763175, 51.57436820667791 ], [ 0.202157403543184, 51.574397393908299 ], [ 0.202167540880251, 51.574398867217191 ], [ 0.202202756036517, 51.57440397931699 ], [ 0.202278062351032, 51.574407888771049 ], [ 0.20228301047632, 51.574408146560756 ], [ 0.202297883689901, 51.57440891938699 ], [ 0.202326545242965, 51.574410413466637 ], [ 0.20234895621346, 51.574411575293603 ], [ 0.202393300603908, 51.574413871932691 ], [ 0.202416247239929, 51.574415068650225 ], [ 0.202476058192764, 51.574418171887153 ], [ 0.202495098324846, 51.574419163185979 ], [ 0.202537764515023, 51.574421374385068 ], [ 0.202553838395961, 51.574422205561937 ], [ 0.202624138960428, 51.574425858098294 ], [ 0.202681754443167, 51.574432208465133 ], [ 0.202750787795288, 51.574439801168111 ], [ 0.202762931795106, 51.574441137805771 ], [ 0.202771941817915, 51.574442128634374 ], [ 0.202782098299603, 51.57444325080494 ], [ 0.202935443512672, 51.57446012745946 ], [ 0.202974588777785, 51.574464437060513 ], [ 0.203002446384765, 51.574467510856216 ], [ 0.203012907407025, 51.57446866325698 ], [ 0.203106098481504, 51.574478917929866 ], [ 0.203197200707501, 51.574488950982136 ], [ 0.203241278781406, 51.574493797315313 ], [ 0.203258138421354, 51.574495656815543 ], [ 0.203308466975275, 51.574501280474784 ], [ 0.203378424800146, 51.574509035297481 ], [ 0.203431630356965, 51.574521183197284 ], [ 0.203508399694619, 51.574538634759449 ], [ 0.203523834505323, 51.574542067788343 ], [ 0.203544891753389, 51.574546870000702 ], [ 0.203553063524738, 51.57454873085463 ], [ 0.203655797460344, 51.574572187291352 ], [ 0.203688288629186, 51.574579607376194 ], [ 0.203750505202243, 51.574593807041907 ], [ 0.203755641841375, 51.574594978509431 ], [ 0.203789220703243, 51.574602656905803 ], [ 0.203812219154289, 51.574607908206076 ], [ 0.203868197077124, 51.574620678275139 ], [ 0.203887823984127, 51.574625147591732 ], [ 0.203948034643799, 51.574638899235794 ], [ 0.203960890902944, 51.574641832103602 ], [ 0.204000670999028, 51.574650909194361 ], [ 0.204054416673667, 51.574663177059506 ], [ 0.204069213664936, 51.574666550062645 ], [ 0.204105127000396, 51.574674751044554 ], [ 0.204115108464065, 51.574677027490218 ], [ 0.204126009605693, 51.574679520464379 ], [ 0.204153852506898, 51.574685867705199 ], [ 0.204253898764848, 51.574719689080858 ], [ 0.204272428989516, 51.574725950564911 ], [ 0.204371858971228, 51.574759558602246 ], [ 0.20438767483031, 51.574764899857257 ], [ 0.204409667447623, 51.574772328263712 ], [ 0.204418279865376, 51.574775241944046 ], [ 0.20442868178974, 51.574778751488303 ], [ 0.204444865083383, 51.574784229715299 ], [ 0.204452788091423, 51.574786913544173 ], [ 0.204515637388307, 51.574813142498158 ], [ 0.204528687041816, 51.574818580706811 ], [ 0.204609667475138, 51.574852364550317 ], [ 0.204616428444972, 51.574855191621836 ], [ 0.204670492215722, 51.574877759169844 ], [ 0.204713567341427, 51.574895726568059 ], [ 0.204717367785576, 51.574897318808652 ], [ 0.204728576460581, 51.574901991236523 ], [ 0.204742760748182, 51.574907911693586 ], [ 0.204787741835684, 51.574929926035473 ], [ 0.204818976237672, 51.574945220304123 ], [ 0.20482911655635, 51.574950182600595 ], [ 0.20484853961443, 51.574959682661273 ], [ 0.204873743418198, 51.574972032704331 ], [ 0.204978768098064, 51.575023422047508 ], [ 0.20499143622208, 51.575029622789522 ], [ 0.20504303930559, 51.575054866885402 ], [ 0.205052368894533, 51.575059178929294 ], [ 0.205062554336756, 51.575063879561199 ], [ 0.205095118580482, 51.575078914931659 ], [ 0.205100712847334, 51.575081489631053 ], [ 0.205221925943342, 51.575137403544154 ], [ 0.205282676881256, 51.575165434179063 ], [ 0.20528743016741, 51.575167628995757 ], [ 0.205319270646503, 51.575182318198358 ], [ 0.205333397269476, 51.575188833205651 ], [ 0.205361679799991, 51.575201871657328 ], [ 0.205366979198689, 51.575204316995588 ], [ 0.205429465397026, 51.575233160257575 ], [ 0.205436019534637, 51.57523618452165 ], [ 0.205458235108576, 51.575246423340282 ], [ 0.20547270123078, 51.575253093818844 ], [ 0.20550247536262, 51.575266832611916 ], [ 0.205525582724831, 51.575282378482505 ], [ 0.205601823518184, 51.575333607234683 ], [ 0.205612578648255, 51.575340833121281 ], [ 0.205686298931158, 51.575390373587901 ], [ 0.205697322758763, 51.575397783264805 ], [ 0.205699680363046, 51.575399978165471 ], [ 0.205720219527326, 51.575419115539397 ], [ 0.205734806795398, 51.57543276225249 ], [ 0.205768172425244, 51.575463753879781 ], [ 0.205813313199137, 51.575510522479405 ], [ 0.20581867613603, 51.575516069180338 ], [ 0.205859136045902, 51.575557961722367 ], [ 0.20586167314797, 51.575560584907095 ], [ 0.205865107057945, 51.575564144476012 ], [ 0.2059016473795, 51.575601982964265 ], [ 0.205909700331054, 51.575610329827526 ], [ 0.205920365532936, 51.575621361410718 ], [ 0.205923769309545, 51.575624894565848 ], [ 0.205926427858232, 51.575627641366033 ], [ 0.205939039575374, 51.575640722698012 ], [ 0.205948292080316, 51.575650297014832 ], [ 0.20595529665557, 51.575657557462179 ], [ 0.205965096079624, 51.575667697038732 ], [ 0.205981596057953, 51.575684779032763 ], [ 0.205992664486894, 51.575696239182463 ], [ 0.205995832387462, 51.575699520473314 ], [ 0.206012894590763, 51.575717185421745 ], [ 0.206016510683692, 51.57572093041108 ], [ 0.206039757133634, 51.575745007906583 ], [ 0.206045895934884, 51.57575137634651 ], [ 0.206052117303845, 51.575757810679988 ], [ 0.206100227898896, 51.575807630391594 ], [ 0.206108022318319, 51.575815703322831 ], [ 0.206131169269582, 51.575839661266663 ], [ 0.206137224660147, 51.575845945837784 ], [ 0.206142891710912, 51.575851810548812 ], [ 0.206164253790311, 51.575873927032696 ], [ 0.206177350969945, 51.575887493818115 ], [ 0.206189346894543, 51.575899925725103 ], [ 0.206250266260428, 51.575963011821671 ], [ 0.206257392371806, 51.575970395865426 ], [ 0.206281291710956, 51.575995135500428 ], [ 0.20628405688947, 51.575997997194655 ], [ 0.206299675133006, 51.576014151471291 ], [ 0.206311208074101, 51.576026110952959 ], [ 0.206341230195189, 51.57605718333037 ], [ 0.206343631056608, 51.576059674173401 ], [ 0.206349940431756, 51.576065688661416 ], [ 0.206360234459097, 51.576075517632816 ], [ 0.206394184287964, 51.576107914497442 ], [ 0.206396908030663, 51.576110516172356 ], [ 0.206444465902435, 51.576155908107104 ], [ 0.206455769351426, 51.576166702805978 ], [ 0.206459006403296, 51.576169771447894 ], [ 0.206463817718232, 51.576174950793877 ], [ 0.20650167794792, 51.576215588047553 ], [ 0.206521042955376, 51.576236393099478 ], [ 0.206531837651337, 51.576248006732335 ], [ 0.206540317115856, 51.576257109927944 ], [ 0.206548354940867, 51.57626573581323 ], [ 0.206562116665376, 51.576280504100673 ], [ 0.206586550374761, 51.57630673544282 ], [ 0.206619114132989, 51.576341707833208 ], [ 0.206626802512603, 51.576349971577187 ], [ 0.206680260429937, 51.576407370414415 ], [ 0.206689478650084, 51.576417273560232 ], [ 0.206692020195992, 51.576419986572688 ], [ 0.206695628068955, 51.576423857596943 ], [ 0.206701839516102, 51.576430530395719 ], [ 0.206716195442188, 51.576445943969148 ], [ 0.206720946093118, 51.576451061495185 ], [ 0.206728435314933, 51.576459086170146 ], [ 0.206761608682202, 51.576494721520319 ], [ 0.206775416411159, 51.576509542874163 ], [ 0.206822305874801, 51.576559893367808 ], [ 0.206829475797372, 51.576567582312585 ], [ 0.20684815569339, 51.576587644793605 ], [ 0.206857883152732, 51.576598972720895 ], [ 0.206900291680482, 51.576648283396182 ], [ 0.206912978954096, 51.576663062871042 ], [ 0.20691515811764, 51.576665593846656 ], [ 0.206930299774032, 51.576683222862172 ], [ 0.20693425228522, 51.576687802333694 ], [ 0.206937976327032, 51.576692134301993 ], [ 0.206943681427225, 51.576698780646026 ], [ 0.207002975927908, 51.576767760344154 ], [ 0.207014308198012, 51.576780933087122 ], [ 0.20702394356774, 51.576792145824918 ], [ 0.20702590191707, 51.576794438144368 ], [ 0.207028058158939, 51.57679694257034 ], [ 0.207053674899379, 51.576826730748827 ], [ 0.207062778930498, 51.576840084819338 ], [ 0.207067502176986, 51.576847019427518 ], [ 0.207076699257927, 51.576860506640074 ], [ 0.20708198162927, 51.576868258076914 ], [ 0.207115818035205, 51.576917873911079 ], [ 0.207118700129524, 51.576922104812915 ], [ 0.207128123506095, 51.576935942984079 ], [ 0.207160599557263, 51.576983543006072 ], [ 0.207162813116967, 51.576986783774387 ], [ 0.207201341536259, 51.577043280816888 ], [ 0.20720952921285, 51.577055294185868 ], [ 0.207232274238667, 51.57708866162659 ], [ 0.207267742048771, 51.577140665815122 ], [ 0.207272480211983, 51.577147609126854 ], [ 0.207282454076957, 51.577162232800589 ], [ 0.207288567782808, 51.577171205112045 ], [ 0.207296948583544, 51.577183480131886 ], [ 0.207303987038787, 51.577193815455772 ], [ 0.207307466738288, 51.577198911917883 ], [ 0.207317285553718, 51.577213313682961 ], [ 0.207327336765844, 51.577228043812333 ], [ 0.207395439015434, 51.577327923725498 ], [ 0.207404815167448, 51.577341677329287 ], [ 0.2074072701036, 51.577345282260623 ], [ 0.207498030976667, 51.577478369265499 ], [ 0.207501588473883, 51.577483581165588 ], [ 0.207505751847403, 51.577489680956333 ], [ 0.207544996196028, 51.577547234566431 ], [ 0.207628502596051, 51.577669684463054 ], [ 0.207635300357554, 51.577680410995711 ], [ 0.207637348158347, 51.577683654875543 ], [ 0.207654476241787, 51.577710698008929 ], [ 0.207703298224995, 51.577787792826733 ], [ 0.207720316310459, 51.577814649168701 ], [ 0.207724781448149, 51.577821912356043 ], [ 0.207806478632733, 51.577954666159087 ], [ 0.207853242691024, 51.578055563588919 ], [ 0.207855022987492, 51.578059392548397 ], [ 0.207915825713614, 51.578190583728542 ], [ 0.207922445945161, 51.578204227309399 ], [ 0.208061562844389, 51.578064847027093 ], [ 0.20809918257501, 51.578027161292376 ], [ 0.208199311319614, 51.577926611973282 ], [ 0.208207823056122, 51.577918789664125 ], [ 0.208215187133873, 51.57791200517353 ], [ 0.208276313255263, 51.577855754056039 ], [ 0.208360678558902, 51.577778102608242 ], [ 0.208366799664001, 51.577772474632425 ], [ 0.208397832155061, 51.577743913030247 ], [ 0.208403897748893, 51.577738331062839 ], [ 0.208413472722582, 51.577729517472392 ], [ 0.208450744529973, 51.577698365275729 ], [ 0.208453990759154, 51.577695660200497 ], [ 0.208511050584443, 51.577647988401694 ], [ 0.208552311418613, 51.577613528065172 ], [ 0.20860095746409, 51.577572871840594 ], [ 0.208614565073466, 51.577561500214976 ], [ 0.208618005105149, 51.577558625114719 ], [ 0.20868145233829, 51.577505616994863 ], [ 0.208758210587484, 51.577437056556086 ], [ 0.208777696034833, 51.577419656813298 ], [ 0.20878286998007, 51.577415035884492 ], [ 0.208800355802669, 51.57739940944932 ], [ 0.20880670577745, 51.577393741167072 ], [ 0.208836614883941, 51.577367026182891 ], [ 0.208850283260206, 51.577354826031453 ], [ 0.208882744536928, 51.577325828203925 ], [ 0.208886279185167, 51.577322672531174 ], [ 0.208892982609722, 51.577317150466364 ], [ 0.208902378066345, 51.577309401388156 ], [ 0.208973310184041, 51.577250928265428 ], [ 0.209034318801415, 51.577200627813944 ], [ 0.209039897749796, 51.577196026222545 ], [ 0.209047586608721, 51.577189694202026 ], [ 0.209079742226815, 51.577163179641992 ], [ 0.20908720863558, 51.577157022676296 ], [ 0.20910833132818, 51.577139610018278 ], [ 0.209131322646916, 51.577120849176772 ], [ 0.209136390261156, 51.577116715856128 ], [ 0.209167669957166, 51.57709118901559 ], [ 0.209175139826244, 51.577085103922819 ], [ 0.209177778074633, 51.577082958853538 ], [ 0.209225620945337, 51.577043918249032 ], [ 0.209232062947603, 51.577038661886384 ], [ 0.209266626246774, 51.577010460693423 ], [ 0.209293331599311, 51.576988675650142 ], [ 0.209302133885008, 51.576981495280364 ], [ 0.209331344590873, 51.576957653093409 ], [ 0.209336581669797, 51.576953741395258 ], [ 0.209415982471432, 51.576894478926242 ], [ 0.209441032885101, 51.57687577365067 ], [ 0.20945611040779, 51.576864513620016 ], [ 0.209467537196852, 51.576855948327321 ], [ 0.209537566588762, 51.57680359360311 ], [ 0.209543346392442, 51.57679926698485 ], [ 0.209550714262759, 51.576793759340326 ], [ 0.20957591411061, 51.57677709712128 ], [ 0.209586892114955, 51.576769844254976 ], [ 0.209594877565388, 51.576764572276588 ], [ 0.209686182563946, 51.576704226467562 ], [ 0.209751741817888, 51.576660894870422 ], [ 0.209761811037317, 51.576654248154057 ], [ 0.209794577278743, 51.576632605073542 ], [ 0.209798129164323, 51.576630253919319 ], [ 0.209821664764268, 51.576614693175515 ], [ 0.209861878094808, 51.576585904199753 ], [ 0.209864932701577, 51.576583715296067 ], [ 0.209887458996348, 51.576567580024687 ], [ 0.209891043677064, 51.576565012418158 ], [ 0.209960823997792, 51.576515040775369 ], [ 0.210050660329193, 51.576446390371245 ], [ 0.210053596514768, 51.576444140743817 ], [ 0.210102374112457, 51.576406844783854 ], [ 0.210134299316287, 51.576382447624276 ], [ 0.210143045574993, 51.576375753867524 ], [ 0.210202741135416, 51.576330122424167 ], [ 0.210206721286904, 51.576327079718894 ], [ 0.210232633774189, 51.576307265377054 ], [ 0.210255929954162, 51.576289451822056 ], [ 0.210270194321852, 51.576278544250492 ], [ 0.210280353560378, 51.576270780663677 ], [ 0.210316983117366, 51.576234765783383 ], [ 0.2103206478604, 51.57623117145539 ], [ 0.210364427220768, 51.576188133164415 ], [ 0.210367388814854, 51.576185217569993 ], [ 0.210423512184209, 51.576130066841642 ], [ 0.210447550535081, 51.576106429795942 ], [ 0.210450396372643, 51.576103210620467 ], [ 0.210466267979759, 51.576084376894379 ], [ 0.21051723812135, 51.576024003923301 ], [ 0.210552483889755, 51.575982228076768 ], [ 0.210554749378188, 51.575979541432247 ], [ 0.210556673993342, 51.575977265897833 ], [ 0.210600934862574, 51.575924820781317 ], [ 0.210645359263983, 51.575873964321133 ], [ 0.210649776132462, 51.575868916926773 ], [ 0.210661521888467, 51.57585548030395 ], [ 0.210717868438697, 51.575790959041782 ], [ 0.210731965485232, 51.575774820656861 ], [ 0.210752776287538, 51.575751001589374 ], [ 0.210768227161625, 51.575733317861975 ], [ 0.210784115469487, 51.575715131271316 ], [ 0.210793727895924, 51.575704131485473 ], [ 0.210827911058108, 51.57566500603459 ], [ 0.210829962368465, 51.57566266515596 ], [ 0.210847394576816, 51.575642686823528 ], [ 0.210853451054122, 51.575635737967808 ], [ 0.210860028873138, 51.575628230710386 ], [ 0.210864677747167, 51.575622909144045 ], [ 0.210866838305839, 51.57562044030324 ], [ 0.210929679716876, 51.575548498676675 ], [ 0.210939825221535, 51.57553688629779 ], [ 0.210954407390134, 51.575520338550859 ], [ 0.211001476414017, 51.575479540177199 ], [ 0.21102059677579, 51.575462978784749 ], [ 0.211023823486848, 51.575460175081744 ], [ 0.211091398586114, 51.575401633541688 ], [ 0.211114984873696, 51.575381188384981 ], [ 0.211123378046934, 51.575373916665626 ], [ 0.211133419524149, 51.575365219951053 ], [ 0.211140856570165, 51.575358766635645 ], [ 0.211211804974306, 51.575312054626067 ], [ 0.211225357007827, 51.57530313432359 ], [ 0.211240894418981, 51.575292895078952 ], [ 0.21127278111122, 51.575271897665594 ], [ 0.211318541163919, 51.575241762534773 ], [ 0.2113274776536, 51.575235874465612 ], [ 0.211362385477564, 51.575212895553427 ], [ 0.211366455417922, 51.575210219825443 ], [ 0.211388216528387, 51.575195888287681 ], [ 0.211499085889015, 51.575157258799671 ], [ 0.211513762243306, 51.57515217974246 ], [ 0.211488539230222, 51.575120730384505 ], [ 0.211535091319037, 51.575100085808039 ] ] ] } },
{ "type": "Feature", "properties": { "lsoa21cd": "E01002351", "lsoa21nm": "Havering 016C", "msoa21cd": "E02000479", "msoa21nm": "Havering 016", "lad22cd": "E09000016", "lad22nm": "Havering", "index_right": 126, "GSS_CODE": "E05000315", "risk_score": 0.001860135414105438, "allocation_hours": 0.031033350395716978, "patrol_units": 0 }, "geometry": { "type": "Polygon", "coordinates": [ [ [ 0.192151994137127, 51.571668852096295 ], [ 0.192302090867855, 51.571565927462302 ], [ 0.192299956578888, 51.571563557238889 ], [ 0.192300705198121, 51.571559078226947 ], [ 0.19230163929272, 51.571553534575472 ], [ 0.19233035980509, 51.571383129169405 ], [ 0.19233314185113, 51.571380963811372 ], [ 0.192372741321334, 51.571350079061041 ], [ 0.192381495687534, 51.571344870342621 ], [ 0.192433720716637, 51.571313808005549 ], [ 0.192533086151074, 51.571285344643208 ], [ 0.192606817225088, 51.57130823827282 ], [ 0.192629129692122, 51.571314741223318 ], [ 0.192660037126829, 51.571319923380777 ], [ 0.192680104253291, 51.571323397196288 ], [ 0.192690392290187, 51.571325174309891 ], [ 0.192779936819715, 51.57135596028256 ], [ 0.192783248986164, 51.571358366928266 ], [ 0.192802146890386, 51.571370235052619 ], [ 0.192815508949186, 51.571378618480075 ], [ 0.192856860215035, 51.571393466116689 ], [ 0.192870710383534, 51.571397595722161 ], [ 0.192939507826787, 51.571418117307331 ], [ 0.192952596613103, 51.571422018329102 ], [ 0.19297174381127, 51.57142526648434 ], [ 0.19297615218154, 51.571426011406821 ], [ 0.193002889042288, 51.571437040456416 ], [ 0.193015595352499, 51.571440489980752 ], [ 0.193026926937784, 51.571443560526014 ], [ 0.193066913844792, 51.57145434179116 ], [ 0.193080853067149, 51.571457021835407 ], [ 0.1930984698222, 51.571456953198741 ], [ 0.193104250332183, 51.571458023183538 ], [ 0.193178298633897, 51.571471899541038 ], [ 0.193189686214633, 51.571474033752772 ], [ 0.193205634963347, 51.571477989177588 ], [ 0.193249771109311, 51.571488926601525 ], [ 0.193287406979638, 51.571495830816716 ], [ 0.193309289706124, 51.571499846118186 ], [ 0.193334251584287, 51.571509732902435 ], [ 0.193342903400974, 51.571511933551534 ], [ 0.193382446231305, 51.571522480201075 ], [ 0.193413977854152, 51.571530883458614 ], [ 0.193429128778033, 51.571534152321149 ], [ 0.193440400887941, 51.571536585436071 ], [ 0.193494877400505, 51.57155998249474 ], [ 0.193509826779514, 51.571567760600097 ], [ 0.193527173258725, 51.571576321223034 ], [ 0.193572281997379, 51.571584524450529 ], [ 0.193588052410845, 51.571587921096139 ], [ 0.193623133121199, 51.571612350852924 ], [ 0.193627517386441, 51.571614993720317 ], [ 0.193640047341369, 51.571622574252196 ], [ 0.193748730805114, 51.571660007001924 ], [ 0.193885126025371, 51.571696327713688 ], [ 0.193891262179077, 51.571698339765149 ], [ 0.193895009127472, 51.571700783209224 ], [ 0.193951287281635, 51.571721425967425 ], [ 0.193976746882345, 51.571726296007292 ], [ 0.193999934157381, 51.571730727427429 ], [ 0.194044100688602, 51.571757581549477 ], [ 0.194061644343371, 51.571763188703677 ], [ 0.194071273458673, 51.57176626401656 ], [ 0.194098358001563, 51.571774912155853 ], [ 0.194107796661558, 51.57177792807795 ], [ 0.194214464749695, 51.571795806881305 ], [ 0.194243708769454, 51.571800898328135 ], [ 0.194278086852032, 51.571813416334756 ], [ 0.194303502353841, 51.571822765630444 ], [ 0.194348202440656, 51.571829816103737 ], [ 0.19436054881405, 51.571831779378428 ], [ 0.194394012432298, 51.57184313638033 ], [ 0.194441160667869, 51.571861773426754 ], [ 0.194445327435998, 51.571864393352918 ], [ 0.194453753535792, 51.571869757374394 ], [ 0.194521322770444, 51.571893214709903 ], [ 0.194527736305395, 51.571895441864477 ], [ 0.194571683928209, 51.571913540714405 ], [ 0.194597213220258, 51.571924052405365 ], [ 0.194601656183873, 51.571926114089081 ], [ 0.1946495857774, 51.571941193193595 ], [ 0.194660469188633, 51.571944541752551 ], [ 0.194697087056517, 51.571966860530829 ], [ 0.194717919878689, 51.571977837788545 ], [ 0.194731183428637, 51.571981465545669 ], [ 0.194830274364362, 51.57200860445294 ], [ 0.194879248484739, 51.572024693607723 ], [ 0.194893500703638, 51.572029373006728 ], [ 0.194958946746364, 51.572003921049117 ], [ 0.194972846295898, 51.57199707804385 ], [ 0.19498799746875, 51.571989105475083 ], [ 0.195097579267767, 51.571879696305302 ], [ 0.195102012928376, 51.57187526971191 ], [ 0.195133570319846, 51.571751560704854 ], [ 0.195150589324787, 51.571749115311086 ], [ 0.195202514366384, 51.571742873499808 ], [ 0.195274326917415, 51.571693506794212 ], [ 0.195290614769384, 51.571682320405472 ], [ 0.195342497137585, 51.571635781811331 ], [ 0.195347918907394, 51.57162565315241 ], [ 0.195380856916716, 51.571515798902965 ], [ 0.195379819080879, 51.571511627604352 ], [ 0.1953668398021, 51.571459054826192 ], [ 0.195362765812951, 51.571449670478771 ], [ 0.195356972752344, 51.571436352408895 ], [ 0.195344104439103, 51.571406763594744 ], [ 0.195342579133118, 51.571401459312796 ], [ 0.195351874436322, 51.571399100019029 ], [ 0.195364049694675, 51.571396012340543 ], [ 0.195374012235168, 51.571391626128339 ], [ 0.195382349602235, 51.571387953803878 ], [ 0.195501677407902, 51.571343884666582 ], [ 0.195518493122485, 51.571337670475216 ], [ 0.195600003812389, 51.571274551631163 ], [ 0.195609741919533, 51.571267004074393 ], [ 0.195677318367036, 51.571189028857859 ], [ 0.1956796195596, 51.571177780528856 ], [ 0.195689146674211, 51.571131090498305 ], [ 0.195724233461285, 51.571124615143269 ], [ 0.195740071887084, 51.57112178259149 ], [ 0.195844768286518, 51.571147880450795 ], [ 0.195883065345988, 51.571157424378377 ], [ 0.195977887843705, 51.571181054063871 ], [ 0.196080291490388, 51.571206583115945 ], [ 0.196110248343777, 51.571214043890421 ], [ 0.196122283511063, 51.571217038007873 ], [ 0.196147566124527, 51.571184378720069 ], [ 0.196151817494609, 51.571178867353545 ], [ 0.196205916127906, 51.571109013086122 ], [ 0.196298894725872, 51.570988906391619 ], [ 0.196334102411102, 51.570940157126955 ], [ 0.196382748948641, 51.570946013303562 ], [ 0.196391258707919, 51.57094622264561 ], [ 0.196665243648327, 51.57102058902106 ], [ 0.196679824572217, 51.571024605562371 ], [ 0.196674476499205, 51.571037304886261 ], [ 0.196881298474558, 51.571047208081112 ], [ 0.196922318698508, 51.571049173540153 ], [ 0.196927250458514, 51.571049998438831 ], [ 0.196957384673655, 51.571010224595696 ], [ 0.19698601285161, 51.570972439425603 ], [ 0.197014613446898, 51.570934681744816 ], [ 0.197033106214507, 51.570910270126788 ], [ 0.197079602741817, 51.570848894380248 ], [ 0.197088693681885, 51.57083690731028 ], [ 0.197092586933941, 51.570831753346795 ], [ 0.197098461772163, 51.570823999264036 ], [ 0.197128704110941, 51.570784079468027 ], [ 0.197132069269713, 51.570779645841363 ], [ 0.197140277589168, 51.570768808417121 ], [ 0.19716030330093, 51.570742371623162 ], [ 0.197165920201454, 51.570734955109522 ], [ 0.197201956352362, 51.570687399636945 ], [ 0.19720401837179, 51.570684672107674 ], [ 0.197269399971366, 51.570598355706117 ], [ 0.197275051149431, 51.570590902573691 ], [ 0.1972956259823, 51.570563736033364 ], [ 0.197301948389174, 51.570555389012959 ], [ 0.19730886749691, 51.570546248424385 ], [ 0.197313996493257, 51.570539488539318 ], [ 0.197355485266939, 51.57048470843403 ], [ 0.197360586713752, 51.57047797604217 ], [ 0.19742885810441, 51.570387855349018 ], [ 0.197438369395278, 51.570375311807503 ], [ 0.197488676285997, 51.570308882416228 ], [ 0.197510079241405, 51.570280639155023 ], [ 0.197541999144024, 51.570236766895455 ], [ 0.197546302430828, 51.570230840833034 ], [ 0.197561460084946, 51.570209998889183 ], [ 0.197565803588007, 51.570204009121774 ], [ 0.197653797183499, 51.570082978639483 ], [ 0.197705331702374, 51.570012092627103 ], [ 0.197769127899419, 51.5699243578146 ], [ 0.197730768844909, 51.569918304923036 ], [ 0.197712491208152, 51.569915427942078 ], [ 0.197561978539038, 51.569891692029408 ], [ 0.197547481474055, 51.569889409663617 ], [ 0.197505007295209, 51.569882705372976 ], [ 0.197463740159164, 51.569876194282052 ], [ 0.197372976000083, 51.569861878382049 ], [ 0.197367421384038, 51.569861002218651 ], [ 0.197338353474035, 51.569856402846796 ], [ 0.197308805981343, 51.56984754079194 ], [ 0.197249533259053, 51.569829721066334 ], [ 0.197234920066947, 51.569825327488765 ], [ 0.197198669812676, 51.569818713320132 ], [ 0.197142976261827, 51.569808537958131 ], [ 0.19719222706179, 51.569685306390767 ], [ 0.197223748945052, 51.569607870912641 ], [ 0.197225994316132, 51.569602361120509 ], [ 0.197318531584389, 51.569376486644884 ], [ 0.197328970947931, 51.569351014518034 ], [ 0.1973308887926, 51.56934634450883 ], [ 0.197333329614426, 51.569340399390484 ], [ 0.197287291944007, 51.569334598119596 ], [ 0.197146637812042, 51.569316864096898 ], [ 0.197135160951449, 51.569315415400666 ], [ 0.197118370610828, 51.569313301840666 ], [ 0.19706465263152, 51.569306529231248 ], [ 0.197045401271697, 51.569304102044072 ], [ 0.197038083938829, 51.569303177947518 ], [ 0.197023406022448, 51.569301330563221 ], [ 0.197006172504975, 51.569299153345064 ], [ 0.196973099911516, 51.569294988611432 ], [ 0.196955097094416, 51.569292717880693 ], [ 0.196949405741976, 51.569291997137839 ], [ 0.196942146081412, 51.569291071954908 ], [ 0.196875797783425, 51.569282719267242 ], [ 0.196868814216013, 51.569281833872957 ], [ 0.19686463307228, 51.569281309662045 ], [ 0.196813165406142, 51.569274818531696 ], [ 0.196787047142935, 51.569271530697193 ], [ 0.196774692006051, 51.569269972514256 ], [ 0.196759679918147, 51.569268077397922 ], [ 0.196746236138072, 51.569266386722113 ], [ 0.196733160712245, 51.569264554250793 ], [ 0.196705891518875, 51.569260739383729 ], [ 0.196701547461665, 51.569260128288562 ], [ 0.196661885653027, 51.569254576061553 ], [ 0.196592382932824, 51.569244843416492 ], [ 0.196544171520544, 51.56923809783131 ], [ 0.196534241443054, 51.569236705539765 ], [ 0.196464216294927, 51.569226910658145 ], [ 0.196457024844041, 51.569225903230588 ], [ 0.19641918650867, 51.569220609042354 ], [ 0.196368490771767, 51.569213514218106 ], [ 0.196354717725916, 51.569211577859704 ], [ 0.196333375793212, 51.569208587174693 ], [ 0.196328320112407, 51.569207881476181 ], [ 0.196297259547888, 51.569203543976137 ], [ 0.196287089654475, 51.569202115685862 ], [ 0.196233335997319, 51.569194596941784 ], [ 0.196215626059175, 51.56919211377317 ], [ 0.196209364671981, 51.569191241794663 ], [ 0.196201534117656, 51.569190147396128 ], [ 0.196146472559695, 51.569182437271479 ], [ 0.196139687830933, 51.569181485159106 ], [ 0.196122413424368, 51.569178157474106 ], [ 0.196052457422898, 51.569164700907194 ], [ 0.196046704241124, 51.569163594579713 ], [ 0.196038037993435, 51.569161926777902 ], [ 0.195992710848293, 51.569153193467201 ], [ 0.195986564512631, 51.569152013561258 ], [ 0.195958715987152, 51.569146653580276 ], [ 0.195933329057576, 51.569141769096014 ], [ 0.195894643872277, 51.56913431878796 ], [ 0.195883851318122, 51.569132245632929 ], [ 0.195838029504592, 51.569123427096642 ], [ 0.195805301955023, 51.569117133226456 ], [ 0.195790903747437, 51.569114349675857 ], [ 0.195779331017206, 51.56911210676148 ], [ 0.195739991485668, 51.569104551743379 ], [ 0.19572198892447, 51.569101084749867 ], [ 0.195708225009587, 51.569098437698166 ], [ 0.195703898997943, 51.5690976014032 ], [ 0.19562581585567, 51.56908257906862 ], [ 0.19560616773842, 51.569078801129713 ], [ 0.195594355196532, 51.569076522217735 ], [ 0.195581741927865, 51.569074096420756 ], [ 0.195549363484978, 51.569067858893192 ], [ 0.195516067904768, 51.56906145416901 ], [ 0.19550944085351, 51.56906017981715 ], [ 0.195504911279016, 51.569059311353399 ], [ 0.195484549388905, 51.569055393874635 ], [ 0.195478970536578, 51.569054311234332 ], [ 0.195427818142111, 51.569044468197418 ], [ 0.195382673236153, 51.569035618822767 ], [ 0.195376584166644, 51.569034428819272 ], [ 0.195336013396871, 51.569026474039909 ], [ 0.195322684200695, 51.569023863769836 ], [ 0.195294801800281, 51.569018396346401 ], [ 0.195258967653051, 51.569011414052092 ], [ 0.19524227264881, 51.569008129347843 ], [ 0.195200345996027, 51.568999885144869 ], [ 0.195183360279233, 51.568996556411918 ], [ 0.195173279198705, 51.568994573292933 ], [ 0.195165004652711, 51.568992947555344 ], [ 0.195107026475868, 51.568981595409269 ], [ 0.195092458877413, 51.568978738501244 ], [ 0.195077978648225, 51.568975897942174 ], [ 0.194981789648662, 51.568957050287239 ], [ 0.194974534690895, 51.568955621285767 ], [ 0.194965262641536, 51.568953807363584 ], [ 0.194901434693676, 51.568941287588729 ], [ 0.194890305444318, 51.568939112725758 ], [ 0.194880210187396, 51.568937134342846 ], [ 0.194870217148228, 51.568935181025083 ], [ 0.194852226104424, 51.568931650729041 ], [ 0.194845146321609, 51.568930263406088 ], [ 0.194823630456576, 51.568926052651371 ], [ 0.19481255931508, 51.568923885686424 ], [ 0.194773823879948, 51.568916283061021 ], [ 0.194759475172253, 51.568913475972543 ], [ 0.194738337625639, 51.568909330066155 ], [ 0.194726101018454, 51.568906933098781 ], [ 0.194646781087461, 51.568891384671488 ], [ 0.194638973112469, 51.568889858081235 ], [ 0.194634588173121, 51.568888995869756 ], [ 0.194622861362514, 51.568886697267807 ], [ 0.194564168793458, 51.568875187349036 ], [ 0.194558064915559, 51.56887398858634 ], [ 0.194487689912552, 51.568860201670873 ], [ 0.194472386760678, 51.568857201069939 ], [ 0.194448472116712, 51.56885246857 ], [ 0.194436867652827, 51.568850163163411 ], [ 0.194391579884765, 51.568841185674366 ], [ 0.194384237163056, 51.568839731298738 ], [ 0.194340777994162, 51.568831119764347 ], [ 0.194333012857665, 51.568829583358855 ], [ 0.194291039810364, 51.568821267748405 ], [ 0.194274402175721, 51.568817972837273 ], [ 0.194266498352235, 51.568816403050043 ], [ 0.194190011229247, 51.568801241964863 ], [ 0.194179164906795, 51.568799097711903 ], [ 0.194154616263076, 51.568794233124102 ], [ 0.194113837579872, 51.568786146908309 ], [ 0.194103828889992, 51.568784166837766 ], [ 0.194052589855158, 51.568774010055492 ], [ 0.194036163462058, 51.568770756123072 ], [ 0.19396471064424, 51.568755765105003 ], [ 0.193823653674657, 51.568728633305327 ], [ 0.193808866517675, 51.56872570839765 ], [ 0.193414108580094, 51.568647478457258 ], [ 0.19336619148856, 51.568637978682148 ], [ 0.193356109911795, 51.568635981923606 ], [ 0.193328166840245, 51.568630443213934 ], [ 0.193280356199113, 51.568620455791041 ], [ 0.193179007307471, 51.568599301992492 ], [ 0.192948774536638, 51.568551231863005 ], [ 0.192942565069351, 51.568549936065892 ], [ 0.192871403684783, 51.568535079209155 ], [ 0.192794061719592, 51.568518925963168 ], [ 0.19278812920744, 51.568517687930594 ], [ 0.192741193964567, 51.568507895251798 ], [ 0.192645646362, 51.56848794100231 ], [ 0.192623198862882, 51.568483252638181 ], [ 0.192569150238075, 51.56847196963755 ], [ 0.192554530193474, 51.568468915542581 ], [ 0.192538030060109, 51.568465473921727 ], [ 0.192523439285419, 51.568462428268596 ], [ 0.192517156460643, 51.568461106840878 ], [ 0.192510640373061, 51.568459735815431 ], [ 0.192434589456751, 51.56844386845075 ], [ 0.19239719478602, 51.568436073590888 ], [ 0.192262845197894, 51.568408008723466 ], [ 0.192240470723065, 51.568403336905561 ], [ 0.192233794769361, 51.568401941873567 ], [ 0.192166933903531, 51.568387984433251 ], [ 0.192161671945657, 51.568386886715899 ], [ 0.192114444951934, 51.568377022793548 ], [ 0.192105553445563, 51.568375165556184 ], [ 0.192092828392837, 51.568372507647936 ], [ 0.192075551972597, 51.568369125434579 ], [ 0.192068049944981, 51.568367655902435 ], [ 0.192053075156895, 51.568364725282649 ], [ 0.192019921039218, 51.568358240461549 ], [ 0.191943451866967, 51.568343270894871 ], [ 0.191938258898372, 51.568342257311393 ], [ 0.19192178363625, 51.568339030969014 ], [ 0.191917064184958, 51.568338111954532 ], [ 0.191910698347253, 51.568336863988954 ], [ 0.191890938172491, 51.56833299308289 ], [ 0.191811192023592, 51.568317392209551 ], [ 0.191803179806327, 51.568315815285544 ], [ 0.191793157758909, 51.568313853249357 ], [ 0.191770812043256, 51.568309477571297 ], [ 0.19165445887509, 51.568286700800321 ], [ 0.191632724683633, 51.568283008826548 ], [ 0.191549992638977, 51.568266255808332 ], [ 0.191514289362278, 51.568259269901262 ], [ 0.191500712913692, 51.568256609850003 ], [ 0.191444936347796, 51.568245691347947 ], [ 0.191435934306965, 51.568243935047001 ], [ 0.191344017719873, 51.568225948783862 ], [ 0.191318277980065, 51.568220907998494 ], [ 0.191298561497891, 51.568217043368655 ], [ 0.19127446080761, 51.568212328972329 ], [ 0.191265604243475, 51.568210596919045 ], [ 0.191192223441653, 51.568196225640882 ], [ 0.191120467434672, 51.568182183681493 ], [ 0.191107685384227, 51.568179688602847 ], [ 0.191088063811618, 51.568175846444966 ], [ 0.191049140869033, 51.56816821908825 ], [ 0.191038652795296, 51.568166166769316 ], [ 0.191020399802342, 51.568162577816054 ], [ 0.191015884380706, 51.568161699918058 ], [ 0.191002337253371, 51.5681590482532 ], [ 0.190987508924009, 51.568156159723664 ], [ 0.190898316257434, 51.568138697771047 ], [ 0.190890231584651, 51.568137113143877 ], [ 0.190882467536792, 51.568135594470917 ], [ 0.190865263804905, 51.568132219710868 ], [ 0.190812867638669, 51.568121975183082 ], [ 0.190808322959346, 51.568121088830488 ], [ 0.190773231452006, 51.568114217167881 ], [ 0.190764520387961, 51.56811250933724 ], [ 0.190759122438321, 51.568110982431996 ], [ 0.190734311885418, 51.568103954693512 ], [ 0.190729191742802, 51.568102503534789 ], [ 0.190708272626914, 51.568096581186936 ], [ 0.190686694830287, 51.568090464299239 ], [ 0.190677201033201, 51.56808778185227 ], [ 0.190637425390784, 51.568076519126002 ], [ 0.190607361536549, 51.56806496707884 ], [ 0.190602186670348, 51.568062977356668 ], [ 0.190592454532104, 51.568059238180517 ], [ 0.190574063407382, 51.568052171446155 ], [ 0.190550416838997, 51.568043089510198 ], [ 0.190523859205586, 51.5680328838558 ], [ 0.190515788121107, 51.56802977913182 ], [ 0.190494089355089, 51.568021443196386 ], [ 0.190415933729554, 51.567992821262877 ], [ 0.19040916241394, 51.567990339752903 ], [ 0.190364656853464, 51.567974030263628 ], [ 0.19034670762143, 51.567967449854621 ], [ 0.190314349654115, 51.567955598838417 ], [ 0.190197314445775, 51.56791272947715 ], [ 0.190192687923887, 51.567911039754925 ], [ 0.190175297151363, 51.567904669218578 ], [ 0.190160858317474, 51.567899372177713 ], [ 0.19004140933586, 51.567854911002797 ], [ 0.18993295101087, 51.56781455213595 ], [ 0.189917699892906, 51.567808865545643 ], [ 0.189881512666308, 51.567795395219228 ], [ 0.189794459796628, 51.567762973064035 ], [ 0.189782838684905, 51.567758657561896 ], [ 0.189776551387565, 51.567756337844216 ], [ 0.189728785959498, 51.56773854217073 ], [ 0.189707232321182, 51.567730518129551 ], [ 0.189638894532343, 51.567704698038774 ], [ 0.189604857789763, 51.56769183497228 ], [ 0.189571786285875, 51.567679390036538 ], [ 0.189509745852442, 51.567662557719736 ], [ 0.189476280050968, 51.567653470010107 ], [ 0.189449983104976, 51.567646730535451 ], [ 0.189440778916815, 51.567644366326867 ], [ 0.18935989985031, 51.567623609421645 ], [ 0.189288356502878, 51.567605250197616 ], [ 0.189277574620881, 51.567602483761029 ], [ 0.189270708181469, 51.567600723398698 ], [ 0.189210677101278, 51.567585314775954 ], [ 0.189164802613519, 51.567573535860845 ], [ 0.189130762679754, 51.56756480949322 ], [ 0.189081953382228, 51.567552311923713 ], [ 0.189020060279833, 51.567538691589803 ], [ 0.188972925971746, 51.567528321033215 ], [ 0.188937181367273, 51.567520453779139 ], [ 0.188894640536676, 51.567511085615742 ], [ 0.188860193706471, 51.567503499879926 ], [ 0.18880998218497, 51.567492449257941 ], [ 0.188773727444582, 51.567484474563969 ], [ 0.188766318567584, 51.56748253544098 ], [ 0.1887011570109, 51.567465450671286 ], [ 0.188696393351044, 51.567464208600889 ], [ 0.188611328549659, 51.567441910534839 ], [ 0.188500017916405, 51.567412727870369 ], [ 0.188449821006712, 51.56739957245437 ], [ 0.188436230259849, 51.567396004012842 ], [ 0.188272019304329, 51.567352951717439 ], [ 0.188251297546496, 51.567347519851261 ], [ 0.188145644305119, 51.567325866354025 ], [ 0.188092293332819, 51.567314936938502 ], [ 0.187997234504504, 51.567295450818975 ], [ 0.187929077237771, 51.567281479116552 ], [ 0.187921965622688, 51.567280020016113 ], [ 0.187771450133983, 51.567549776138769 ], [ 0.187771444968519, 51.567555082110083 ], [ 0.187771467375836, 51.567651189972288 ], [ 0.187708252094892, 51.567654518445849 ], [ 0.187664956810095, 51.567656791866703 ], [ 0.187656418844283, 51.567656582404915 ], [ 0.187585921189364, 51.567654893650221 ], [ 0.187326278584558, 51.567627909832645 ], [ 0.187283502170341, 51.567671082638753 ], [ 0.187246782123612, 51.567721993385362 ], [ 0.187187147088804, 51.567858630148613 ], [ 0.187236612042368, 51.567916989626774 ], [ 0.187248342937829, 51.567930817942113 ], [ 0.187250974337652, 51.567933934409183 ], [ 0.18718658254708, 51.568013824058035 ], [ 0.187165246943752, 51.568068701582845 ], [ 0.187166706496455, 51.568119287024821 ], [ 0.187168448528909, 51.568124920135368 ], [ 0.187196653870867, 51.568163324893419 ], [ 0.187235233980789, 51.568215862031643 ], [ 0.187399845455764, 51.568330087929205 ], [ 0.187404838177739, 51.568333547052191 ], [ 0.187425780433262, 51.568358157035803 ], [ 0.18748784303733, 51.568450796600835 ], [ 0.187504070245686, 51.56847502687215 ], [ 0.187507672217829, 51.568481830349342 ], [ 0.187546882501625, 51.568555911857281 ], [ 0.187569194372366, 51.568607412337947 ], [ 0.187572625550347, 51.568620280285494 ], [ 0.187630413257379, 51.568837049036951 ], [ 0.187633269950435, 51.568839145081483 ], [ 0.18764029543685, 51.56884512029086 ], [ 0.187643319579826, 51.56884769883419 ], [ 0.187649999680946, 51.568853392709002 ], [ 0.187723109739093, 51.568910996142066 ], [ 0.187759679355045, 51.56894235607831 ], [ 0.187827332278024, 51.568995088102746 ], [ 0.187874943068498, 51.569032204398852 ], [ 0.18791487178089, 51.569077629632069 ], [ 0.187925656339842, 51.569090971913354 ], [ 0.187932159106905, 51.569098080980623 ], [ 0.187938165655748, 51.569105073402454 ], [ 0.187970655368994, 51.569137408677925 ], [ 0.187984730875451, 51.569152272327997 ], [ 0.187995752346403, 51.569155214267909 ], [ 0.188045663317714, 51.569194850583244 ], [ 0.188072051515517, 51.569215806597285 ], [ 0.188186995818836, 51.569307090429682 ], [ 0.188222029467975, 51.569331689146658 ], [ 0.188292694267179, 51.569381307062692 ], [ 0.188427867583034, 51.569459299247008 ], [ 0.188477481228342, 51.569487915489397 ], [ 0.188564641748929, 51.569533655198846 ], [ 0.188683718151304, 51.569596146742143 ], [ 0.18872812774511, 51.569619455194058 ], [ 0.188765584758718, 51.569634403986299 ], [ 0.188857267237714, 51.56966731599254 ], [ 0.188917100771253, 51.569686370595001 ], [ 0.188948299564067, 51.569696301124296 ], [ 0.18897843498815, 51.569704821604809 ], [ 0.188983833069311, 51.569706348586834 ], [ 0.189055041876921, 51.569723985742769 ], [ 0.18911404919052, 51.569740555608767 ], [ 0.189125867642478, 51.569742960968128 ], [ 0.189262265496897, 51.569770667405869 ], [ 0.189347116348394, 51.569740778024901 ], [ 0.189362137554036, 51.569736104536851 ], [ 0.189383438909232, 51.569729389309295 ], [ 0.189390241196704, 51.569727252390642 ], [ 0.189414677351234, 51.569719556855389 ], [ 0.189434264157709, 51.569712446458489 ], [ 0.189551943145247, 51.56967608515037 ], [ 0.189564782957622, 51.569672113347181 ], [ 0.189577665588342, 51.569668131750262 ], [ 0.189606276637092, 51.569661734162466 ], [ 0.189760830405569, 51.569619783023839 ], [ 0.189769092350221, 51.569617542390255 ], [ 0.18981397171954, 51.569599240039281 ], [ 0.189839374303251, 51.569591238597532 ], [ 0.189935113916117, 51.569561087038785 ], [ 0.189954394986674, 51.569552120715855 ], [ 0.190029740590354, 51.569517079991023 ], [ 0.190045809582476, 51.569486905194154 ], [ 0.190077033414429, 51.569428254355572 ], [ 0.19009056079953, 51.56940284833761 ], [ 0.190127304098032, 51.56933383340882 ], [ 0.190195629020036, 51.56920551342624 ], [ 0.190273317904733, 51.569221374125995 ], [ 0.190281420618507, 51.569223030399307 ], [ 0.190654549746231, 51.569299210802747 ], [ 0.190661286216643, 51.569300361981725 ], [ 0.190721518390959, 51.569311699417575 ], [ 0.190726909383946, 51.569309864869986 ], [ 0.190755770125649, 51.569297859708549 ], [ 0.19076294194913, 51.569294856978843 ], [ 0.190788180503315, 51.569284349355748 ], [ 0.191221891882598, 51.569486710069427 ], [ 0.191228430721625, 51.569489753435946 ], [ 0.191213173659337, 51.569512484998498 ], [ 0.191209457440153, 51.569518031162168 ], [ 0.191175557619475, 51.56955700164373 ], [ 0.191166163284973, 51.569567806874808 ], [ 0.191160297694648, 51.56957547057479 ], [ 0.191151410342486, 51.569587066709339 ], [ 0.191130022574056, 51.569624859155041 ], [ 0.191130610490578, 51.569639646141724 ], [ 0.191129140635818, 51.569652601030171 ], [ 0.191125243218502, 51.569683205055881 ], [ 0.191115305960907, 51.56971364313781 ], [ 0.191105167804435, 51.569744705488837 ], [ 0.191090739359291, 51.56978888783167 ], [ 0.191090746656749, 51.569816667051342 ], [ 0.191090745842687, 51.569821154570143 ], [ 0.190949983441728, 51.569935387300191 ], [ 0.190938441635667, 51.569944748788139 ], [ 0.190936926114371, 51.569949246617441 ], [ 0.190927626933113, 51.569968341593878 ], [ 0.190926301154423, 51.569971082244741 ], [ 0.190920810872771, 51.56998235410633 ], [ 0.190918933095095, 51.569986220200164 ], [ 0.190915684171639, 51.569993084092559 ], [ 0.190901149972707, 51.570018252705964 ], [ 0.190891922137535, 51.570034027932458 ], [ 0.190887008398149, 51.570050091281061 ], [ 0.190884179012652, 51.57005937994024 ], [ 0.190879828714516, 51.57006884989179 ], [ 0.190871028969424, 51.570082422829437 ], [ 0.190867833582021, 51.570086196627265 ], [ 0.190862589547226, 51.570092382845047 ], [ 0.190859039163204, 51.570096576951855 ], [ 0.19082232405583, 51.570156256839034 ], [ 0.190821279968872, 51.570159154100715 ], [ 0.190819854730505, 51.570163128648581 ], [ 0.190814591098522, 51.570172210974469 ], [ 0.190803092709354, 51.570197044085141 ], [ 0.19078889348528, 51.570221828723177 ], [ 0.190785568852017, 51.570227718286844 ], [ 0.190784808965752, 51.570230223540669 ], [ 0.190756100788406, 51.570279654709026 ], [ 0.190752199546441, 51.570289161233198 ], [ 0.19075104762243, 51.570291916620803 ], [ 0.190749000433376, 51.570295561051935 ], [ 0.190734750994379, 51.570320953649272 ], [ 0.190726722285951, 51.570335258593218 ], [ 0.190717369615627, 51.570361953633984 ], [ 0.190715252238909, 51.570367591323802 ], [ 0.190711923007035, 51.570372334364805 ], [ 0.190702979598353, 51.57039012768891 ], [ 0.190701043684868, 51.570393985872649 ], [ 0.19069460906755, 51.570400922755312 ], [ 0.190678283590651, 51.570418548206469 ], [ 0.190629723418906, 51.570496309379728 ], [ 0.190622348526178, 51.570504100170311 ], [ 0.190616896694898, 51.570509867588846 ], [ 0.190614154683859, 51.570518273297012 ], [ 0.190607414086152, 51.570538966178475 ], [ 0.190600699296205, 51.570559595626627 ], [ 0.190585761798053, 51.570588391418553 ], [ 0.190580925382787, 51.570604565724295 ], [ 0.190578576130949, 51.570608831814901 ], [ 0.190575656950779, 51.57061385047276 ], [ 0.190567179730239, 51.570628433574285 ], [ 0.190561188382049, 51.570638590655847 ], [ 0.190542914829539, 51.570676945355864 ], [ 0.190537897481798, 51.570687551879686 ], [ 0.190511065842547, 51.570723188664218 ], [ 0.190506507263087, 51.570729227170098 ], [ 0.190497543777571, 51.570738495496947 ], [ 0.190491300441402, 51.570745060084185 ], [ 0.19049004527993, 51.570747619551881 ], [ 0.190478517918139, 51.570772907321981 ], [ 0.190473609239318, 51.570783673687622 ], [ 0.190467671785322, 51.570806968522859 ], [ 0.19046382223184, 51.570822058722662 ], [ 0.190452247016839, 51.570843948032469 ], [ 0.190446029253261, 51.570852697437559 ], [ 0.190441906379191, 51.570858493985597 ], [ 0.190407288230409, 51.570891857063188 ], [ 0.190404584715001, 51.570898211645449 ], [ 0.190401399971398, 51.570905663367796 ], [ 0.190395229496719, 51.570915697885411 ], [ 0.19038377147984, 51.570934320543437 ], [ 0.190375324794323, 51.57094803973493 ], [ 0.190352194935706, 51.571010874108921 ], [ 0.190351704455134, 51.571015082997732 ], [ 0.190351280368302, 51.571018571206992 ], [ 0.190350347971704, 51.571026497959387 ], [ 0.190326000052119, 51.571069084868718 ], [ 0.190319514563508, 51.571076467836285 ], [ 0.190311434086721, 51.571085494834293 ], [ 0.190283428338164, 51.571136351660819 ], [ 0.190274867788472, 51.571151907543339 ], [ 0.190272045987881, 51.571161357922087 ], [ 0.190270190633186, 51.571167044669444 ], [ 0.190265580411588, 51.571177567139166 ], [ 0.190249688745783, 51.571198224067295 ], [ 0.190243998130456, 51.571208636314957 ], [ 0.190233426458736, 51.571227988825456 ], [ 0.190228512610705, 51.571234744403121 ], [ 0.190224492502436, 51.571240278228323 ], [ 0.190221909603608, 51.571245389521074 ], [ 0.190213754953594, 51.571261585314907 ], [ 0.190209908789942, 51.571269238237889 ], [ 0.190207985716385, 51.571277871454754 ], [ 0.19020141273628, 51.571289442289356 ], [ 0.190190899831761, 51.571307615616725 ], [ 0.190178668580976, 51.571328770735818 ], [ 0.190167283801166, 51.571358835593038 ], [ 0.190153970750883, 51.571375195163888 ], [ 0.19015158616577, 51.571378126447108 ], [ 0.19011883071901, 51.571447876290868 ], [ 0.190114876599714, 51.571456286638679 ], [ 0.19010972862331, 51.571476194342345 ], [ 0.190107220336926, 51.571485863687819 ], [ 0.190105568898812, 51.571488736314016 ], [ 0.190068248133276, 51.571537051164434 ], [ 0.190064946558399, 51.571541321540415 ], [ 0.19003585920086, 51.571623449169735 ], [ 0.190026735320137, 51.571630885888766 ], [ 0.190005591032882, 51.571635930112635 ], [ 0.189931031771544, 51.571652862287458 ], [ 0.189753388911509, 51.571644479417181 ], [ 0.189505477364517, 51.571567181868566 ], [ 0.189501290385237, 51.571574652280582 ], [ 0.189326814770474, 51.571847699431636 ], [ 0.189376882715663, 51.571860766844758 ], [ 0.189648326457924, 51.57193162694422 ], [ 0.189823069253028, 51.571964336197539 ], [ 0.189929049170421, 51.571989246309016 ], [ 0.189950169330219, 51.571994211749448 ], [ 0.190015368524249, 51.572009532353917 ], [ 0.190071197413894, 51.572022653756896 ], [ 0.190251376162831, 51.572060962402958 ], [ 0.190304476455557, 51.572072255116112 ], [ 0.190315809074959, 51.572072043461873 ], [ 0.190333312636971, 51.572071716553552 ], [ 0.190343564409456, 51.57207363843667 ], [ 0.190385930972305, 51.572074178118598 ], [ 0.190398288028142, 51.57208387558682 ], [ 0.190411612239906, 51.57208636958844 ], [ 0.190431096171757, 51.572090016551947 ], [ 0.190584186679786, 51.572118677527726 ], [ 0.19059542840086, 51.57212077874307 ], [ 0.190682800442336, 51.57213713267133 ], [ 0.190784354443193, 51.572153707227748 ], [ 0.190869035841371, 51.572167521296159 ], [ 0.190930067044927, 51.572177478485344 ], [ 0.190974644115748, 51.572181672775187 ], [ 0.191025918634941, 51.572186497332901 ], [ 0.191089529912733, 51.572192485291446 ], [ 0.191096551537605, 51.572192354104509 ], [ 0.191320205401287, 51.57218817529867 ], [ 0.191301310863839, 51.572221775426868 ], [ 0.191311777615452, 51.572222703978156 ], [ 0.191368374061009, 51.572227761683983 ], [ 0.191521235849108, 51.57224143437778 ], [ 0.191535931845914, 51.572242742519556 ], [ 0.191717592003842, 51.572258988368347 ], [ 0.191769322154106, 51.572265782539844 ], [ 0.191782548453005, 51.572226011172098 ], [ 0.191759854749593, 51.57221503668449 ], [ 0.191866234963977, 51.572062726221247 ], [ 0.191907224628583, 51.572043029886885 ], [ 0.192052959157679, 51.571973002483055 ], [ 0.192097334257557, 51.571951687019848 ], [ 0.192110142018347, 51.571945539227663 ], [ 0.192132018830113, 51.571935022190829 ], [ 0.192171837490833, 51.571915887235484 ], [ 0.192083625685264, 51.571843649709095 ], [ 0.192057077955494, 51.571775322595364 ], [ 0.192086916595505, 51.571720600107447 ], [ 0.192090537354022, 51.571713967549272 ], [ 0.192093136484659, 51.571709197649227 ], [ 0.192151994137127, 51.571668852096295 ] ] ] } },
{ "type": "Feature", "properties": { "lsoa21cd": "E01002318", "lsoa21nm": "Havering 014D", "msoa21cd": "E02000477", "msoa21nm": "Havering 014", "lad22cd": "E09000016", "lad22nm": "Havering", "index_right": 126, "GSS_CODE": "E05000315", "risk_score": 0.0, "allocation_hours": 0.0, "patrol_units": 0 }, "geometry": { "type": "Polygon", "coordinates": [ [ [ 0.212835076257554, 51.570506016966362 ], [ 0.212901526509171, 51.570489016119581 ], [ 0.212915430194299, 51.57045942757312 ], [ 0.212919054027268, 51.570451733124223 ], [ 0.212924116380812, 51.570440971894953 ], [ 0.212938532603082, 51.570410348471178 ], [ 0.212944719719034, 51.570397191863407 ], [ 0.213027429398657, 51.570221346662791 ], [ 0.2130573360857, 51.570142992827989 ], [ 0.213066015117703, 51.570120229630682 ], [ 0.213081314066874, 51.57008014688617 ], [ 0.213122511854508, 51.56997219981443 ], [ 0.213215355522764, 51.569728976546891 ], [ 0.213216469387426, 51.56972605977856 ], [ 0.213217866412591, 51.569722436211947 ], [ 0.213300798076506, 51.569494367894478 ], [ 0.213308358728751, 51.569473600647477 ], [ 0.213321204658459, 51.569438285490236 ], [ 0.213327671970038, 51.569420501171962 ], [ 0.213328790818515, 51.569415309081599 ], [ 0.213329510637058, 51.569412004058854 ], [ 0.213362041867509, 51.569261692629937 ], [ 0.213369655652539, 51.569226503214551 ], [ 0.213339432732899, 51.569099732996229 ], [ 0.21333794526423, 51.569093465982036 ], [ 0.213330233427805, 51.569068961772714 ], [ 0.213310544415538, 51.569006400495581 ], [ 0.213297154778614, 51.568963918559568 ], [ 0.213295771575387, 51.568959502132749 ], [ 0.213285705676493, 51.568927524217521 ], [ 0.213285057146756, 51.568924865541412 ], [ 0.213283241694924, 51.56891748958693 ], [ 0.213281911877497, 51.568912091916133 ], [ 0.213279952745277, 51.56890413412939 ], [ 0.213258724665309, 51.568817590609456 ], [ 0.21325707583752, 51.568803241940927 ], [ 0.213253520170989, 51.568772499072153 ], [ 0.213252972307209, 51.568767752121616 ], [ 0.21325114450511, 51.568751797085952 ], [ 0.213247574456628, 51.568720757719589 ], [ 0.213243400680928, 51.568684414891472 ], [ 0.21324147379072, 51.568667607391752 ], [ 0.213240752621375, 51.568661370875994 ], [ 0.21323341306309, 51.568597560259605 ], [ 0.213230994629654, 51.568576571304199 ], [ 0.213229544884245, 51.568563945531324 ], [ 0.213227229474726, 51.568543889902145 ], [ 0.213226004548895, 51.568533220357509 ], [ 0.21322168238797, 51.568495603324095 ], [ 0.213219714908235, 51.568478553779109 ], [ 0.213215571135285, 51.568429449327525 ], [ 0.213215164395198, 51.56842463676179 ], [ 0.213214691318829, 51.568419052050949 ], [ 0.213213014620757, 51.568399074294469 ], [ 0.21321271828777, 51.568395644565356 ], [ 0.213211628562071, 51.568382706234395 ], [ 0.213210125993167, 51.568364829550937 ], [ 0.213208584562485, 51.568346746762188 ], [ 0.213207606579987, 51.568334921452788 ], [ 0.213205538850386, 51.568310454581379 ], [ 0.213204421630533, 51.568297246979448 ], [ 0.213203746932995, 51.568289291924529 ], [ 0.21319892370843, 51.568232133583109 ], [ 0.213197196825772, 51.568211716116693 ], [ 0.213196360679046, 51.568201623777121 ], [ 0.213193405044649, 51.568184431010032 ], [ 0.213191619172519, 51.568174095800956 ], [ 0.213189496874668, 51.568161734526122 ], [ 0.213186951909424, 51.568146908156798 ], [ 0.213177499286874, 51.568091883105005 ], [ 0.213176849996928, 51.568088167765922 ], [ 0.213172474210323, 51.568062674294552 ], [ 0.213160661050884, 51.568031853472284 ], [ 0.213143600857084, 51.567987318455643 ], [ 0.213142186839455, 51.567983604061794 ], [ 0.21313999800216, 51.567977898856093 ], [ 0.21312187870576, 51.567930569021236 ], [ 0.213098919949648, 51.567884760416945 ], [ 0.213095867261259, 51.567878648845465 ], [ 0.213087975432806, 51.567862916183458 ], [ 0.213072781453657, 51.56783259982349 ], [ 0.213057140665018, 51.567801401589016 ], [ 0.213048432955196, 51.567784020620756 ], [ 0.213006940827238, 51.567701222913591 ], [ 0.212989206206162, 51.567665828491457 ], [ 0.212980529998768, 51.567648500881589 ], [ 0.212976408974965, 51.567640296118249 ], [ 0.212973085515316, 51.567633659067759 ], [ 0.212970355664168, 51.567627955077285 ], [ 0.212940548334803, 51.567565899466679 ], [ 0.212927563451408, 51.56753887779324 ], [ 0.212925379579821, 51.567534314599875 ], [ 0.212913742600535, 51.567510091284028 ], [ 0.212903630411019, 51.567489040693495 ], [ 0.21290095080308, 51.567483479641005 ], [ 0.212894248298159, 51.567469505131413 ], [ 0.212880612946175, 51.567436065740154 ], [ 0.212873891702389, 51.567419474622277 ], [ 0.212870686785986, 51.567411562823111 ], [ 0.212861780455175, 51.567389639632204 ], [ 0.212851012248331, 51.567363097707208 ], [ 0.212839932212405, 51.567335779276142 ], [ 0.212836480979518, 51.567327251608432 ], [ 0.212831373141012, 51.567314618429798 ], [ 0.212819721851501, 51.567285934850467 ], [ 0.212791464370974, 51.567216259865766 ], [ 0.212772959648829, 51.567170636934691 ], [ 0.212766506333264, 51.567153914871533 ], [ 0.212761848042024, 51.567141772330729 ], [ 0.212760791561934, 51.567139031423892 ], [ 0.212740006144777, 51.567085061122391 ], [ 0.212738420992864, 51.56708094077694 ], [ 0.212698993623064, 51.56697851287435 ], [ 0.212693446600609, 51.56696411187788 ], [ 0.212691316189969, 51.566958567441127 ], [ 0.212684942864986, 51.566942005736443 ], [ 0.212683212065806, 51.566937559894868 ], [ 0.212682121096012, 51.566934702729256 ], [ 0.212675549935212, 51.566917632157519 ], [ 0.21266911111057, 51.566900909814208 ], [ 0.212660458908769, 51.566878419774163 ], [ 0.21265710695282, 51.566869705880563 ], [ 0.212626216169727, 51.566789459911803 ], [ 0.21262444149558, 51.566784853023449 ], [ 0.212582298617485, 51.566675367364702 ], [ 0.21258124215995, 51.566672626455428 ], [ 0.212569834264087, 51.566643003016516 ], [ 0.212564830624535, 51.566629985670673 ], [ 0.21256316318125, 51.566625655540101 ], [ 0.212548584641531, 51.566587782415148 ], [ 0.212530374276058, 51.566540481232522 ], [ 0.212529134837697, 51.566537240168543 ], [ 0.212505775037172, 51.566476591644019 ], [ 0.21250288406288, 51.566469110077726 ], [ 0.212467801967423, 51.566377944729823 ], [ 0.212466397891353, 51.566374284101535 ], [ 0.212459662252387, 51.566356793948188 ], [ 0.212439206000897, 51.566303644723426 ], [ 0.212421193273363, 51.566256843397369 ], [ 0.212420154303171, 51.566254165107203 ], [ 0.212407689754316, 51.566221791748269 ], [ 0.212406236338151, 51.566218006148311 ], [ 0.212401597457463, 51.566205962146242 ], [ 0.212399417334895, 51.566200283746134 ], [ 0.212389265262705, 51.566173937013765 ], [ 0.212375833422673, 51.56613902339879 ], [ 0.212372375890304, 51.56613006418015 ], [ 0.212365358643143, 51.566111823923116 ], [ 0.212360804710934, 51.566102125485038 ], [ 0.212330159743411, 51.566036740184259 ], [ 0.212259403032634, 51.566046933352126 ], [ 0.212191065756758, 51.56603234112734 ], [ 0.212067218375103, 51.566044794883489 ], [ 0.212060407239266, 51.566035858457546 ], [ 0.212038378297238, 51.566006943445167 ], [ 0.212034764827897, 51.566002204867637 ], [ 0.212032021423305, 51.565998596480675 ], [ 0.212021943200937, 51.56598536908534 ], [ 0.212015874113723, 51.56597417940359 ], [ 0.211983482993046, 51.565914429578385 ], [ 0.211978601884179, 51.565905420763542 ], [ 0.21197108980268, 51.565891551413841 ], [ 0.211967207542075, 51.565884394295381 ], [ 0.211950488812948, 51.565853549010789 ], [ 0.211929143639831, 51.56581418471611 ], [ 0.211927857860655, 51.56581177187374 ], [ 0.211917962695708, 51.565802614837452 ], [ 0.211903112530022, 51.565788874924806 ], [ 0.211875692296414, 51.565763483417285 ], [ 0.211863530627486, 51.565752219809958 ], [ 0.211811016207168, 51.565703578184625 ], [ 0.211806619881674, 51.565699506358946 ], [ 0.211801830879535, 51.56569507322827 ], [ 0.211786315550353, 51.565680707345749 ], [ 0.211776782109765, 51.565671867220665 ], [ 0.21179065784901, 51.565641119244127 ], [ 0.211806541403911, 51.565605953805679 ], [ 0.211817226411765, 51.565582307525084 ], [ 0.21182917509884, 51.565555858572189 ], [ 0.211834804456422, 51.565543405007105 ], [ 0.211840536065171, 51.56553067972326 ], [ 0.211846856684941, 51.565516711288559 ], [ 0.21185166542257, 51.565506080793618 ], [ 0.211891452468901, 51.565417999328758 ], [ 0.211917597149067, 51.565360121861751 ], [ 0.211925805378999, 51.565341936074127 ], [ 0.211931421254751, 51.565332180654735 ], [ 0.211940777253944, 51.565315942677081 ], [ 0.211926629310828, 51.565247359279809 ], [ 0.21197501651968, 51.565240960710717 ], [ 0.21192576263584, 51.565142319562696 ], [ 0.211921767846881, 51.565134328216395 ], [ 0.211914720741148, 51.565120225263556 ], [ 0.211899107158454, 51.565088954432014 ], [ 0.211867142295395, 51.564995580733495 ], [ 0.211845501527573, 51.564932408561091 ], [ 0.21184413952598, 51.564928423382412 ], [ 0.211803897028502, 51.564810888778005 ], [ 0.211793794517006, 51.564781384508976 ], [ 0.211760427724304, 51.564683936416763 ], [ 0.21171318710543, 51.564549725889194 ], [ 0.21170935527465, 51.564538844711109 ], [ 0.211690212307761, 51.564484474484914 ], [ 0.211682012872622, 51.564461184432034 ], [ 0.211674062790685, 51.564438573141999 ], [ 0.211612582875451, 51.564263919900306 ], [ 0.21159528071124, 51.564214775830422 ], [ 0.211592854141328, 51.564207879013907 ], [ 0.211586243413443, 51.56418908245908 ], [ 0.211582778886425, 51.564179228541207 ], [ 0.211580385943584, 51.564172430012974 ], [ 0.21157426167192, 51.564155036180878 ], [ 0.211572718060163, 51.564150577795282 ], [ 0.211554280800209, 51.564097066549458 ], [ 0.2114782895166, 51.563876642825988 ], [ 0.211477130624529, 51.563873274327193 ], [ 0.211459922348059, 51.563823382042735 ], [ 0.211458628968604, 51.563819620388742 ], [ 0.211408460204177, 51.563674079807114 ], [ 0.211374488731445, 51.563587038873891 ], [ 0.211372876410251, 51.563583840799318 ], [ 0.211361723825613, 51.563561532692681 ], [ 0.211356771151155, 51.563551634888988 ], [ 0.211349389963094, 51.563536881707414 ], [ 0.21133614471422, 51.563510395353354 ], [ 0.211333540646276, 51.563505192559667 ], [ 0.211283855919455, 51.563435687505248 ], [ 0.211281302310611, 51.563432120482808 ], [ 0.211273573038631, 51.563426852471856 ], [ 0.211222555786062, 51.563392058482371 ], [ 0.211173475012327, 51.563360600322142 ], [ 0.211166863445988, 51.563356363405525 ], [ 0.211155680523562, 51.563349200044804 ], [ 0.211148502456685, 51.563344587111757 ], [ 0.211107150624132, 51.563318091186787 ], [ 0.21106515325128, 51.563291373602162 ], [ 0.211037685864523, 51.563273896591106 ], [ 0.211015965215089, 51.563260079269931 ], [ 0.210936737682355, 51.563207057732335 ], [ 0.210810211355002, 51.563108128455099 ], [ 0.210753265156803, 51.563031071068863 ], [ 0.210694665034816, 51.562845166684376 ], [ 0.210694753135905, 51.562841983302761 ], [ 0.210579823550965, 51.562850956054092 ], [ 0.210566034437509, 51.562851935462561 ], [ 0.210408340662528, 51.562872894366549 ], [ 0.210294327066903, 51.562902022652018 ], [ 0.210123088712851, 51.562941222486728 ], [ 0.210087082376335, 51.562951775485089 ], [ 0.210079428543702, 51.562954015119978 ], [ 0.209554043749, 51.563108047647212 ], [ 0.209369103502282, 51.563162271094789 ], [ 0.20937103274564, 51.56316575999567 ], [ 0.209338993508906, 51.563174817121983 ], [ 0.20913602460496, 51.563232167743116 ], [ 0.209089253632419, 51.563245387335904 ], [ 0.208979641893356, 51.563276364918153 ], [ 0.208887038514589, 51.563302525483692 ], [ 0.208867709489546, 51.563307988648333 ], [ 0.208860820462733, 51.563309935013848 ], [ 0.2086542275396, 51.56336398070993 ], [ 0.208638212868683, 51.563368167350447 ], [ 0.208493982398921, 51.563405902829707 ], [ 0.208244231778558, 51.563471237544711 ], [ 0.208250885388695, 51.563482308513507 ], [ 0.208192470160627, 51.563498804673635 ], [ 0.208178117850105, 51.563486367867426 ], [ 0.208165745591636, 51.563489199848405 ], [ 0.208158610638753, 51.56349083604978 ], [ 0.20795131793942, 51.563551323692586 ], [ 0.207731418912907, 51.563615483665316 ], [ 0.207668647356741, 51.563633797241771 ], [ 0.207637503356868, 51.563642882017788 ], [ 0.20753260435317, 51.56367349074786 ], [ 0.207503773845024, 51.563674033549553 ], [ 0.207400358143653, 51.563704587257249 ], [ 0.207318677948815, 51.563728715376804 ], [ 0.207276173406043, 51.563741269392061 ], [ 0.207266494737188, 51.563744904906336 ], [ 0.207191588641627, 51.563773060179308 ], [ 0.207049441811862, 51.563826474439082 ], [ 0.207044330993648, 51.563828198374367 ], [ 0.20704983310099, 51.563834560771504 ], [ 0.207111889656588, 51.56390641578006 ], [ 0.207125378731127, 51.563920397776755 ], [ 0.207146127841547, 51.563946059905888 ], [ 0.20734085219322, 51.564186904797346 ], [ 0.207333475801303, 51.564195182326451 ], [ 0.207328454753996, 51.564195780459748 ], [ 0.207211919204471, 51.56420942686163 ], [ 0.207103709059678, 51.564230978653619 ], [ 0.207015116096293, 51.564257633329497 ], [ 0.207004922048868, 51.564262249767907 ], [ 0.206911905525556, 51.564304388139526 ], [ 0.206892391644334, 51.564318568677812 ], [ 0.206863858300747, 51.564339277025724 ], [ 0.206850408188357, 51.564349062758716 ], [ 0.206811562628277, 51.564388050105713 ], [ 0.206804146077223, 51.564391921789685 ], [ 0.206800149456637, 51.564394011443014 ], [ 0.206794450955444, 51.564397904748319 ], [ 0.206666208414677, 51.564485562995294 ], [ 0.206662405643297, 51.564489870266137 ], [ 0.206644843315238, 51.564509796533045 ], [ 0.20663975310668, 51.564508966052259 ], [ 0.206549758701229, 51.564494292458733 ], [ 0.206497402934557, 51.564485763151772 ], [ 0.206421610596145, 51.564479527414186 ], [ 0.20638554484506, 51.564479648533705 ], [ 0.20634577868697, 51.564479780820129 ], [ 0.206085864630952, 51.564549209721349 ], [ 0.206083385411989, 51.564542997241631 ], [ 0.206002429753041, 51.564340514239973 ], [ 0.205989769437621, 51.564328746783836 ], [ 0.205924126664597, 51.564267741250617 ], [ 0.205919790404748, 51.564263704038737 ], [ 0.205759373473065, 51.564324268189552 ], [ 0.205746354231378, 51.564332525875493 ], [ 0.205677190853177, 51.564357739367708 ], [ 0.205688202516507, 51.564369429956521 ], [ 0.205749342583335, 51.564434297389198 ], [ 0.205918087133229, 51.564613329925258 ], [ 0.205932520594123, 51.564628643241541 ], [ 0.205964657244698, 51.564662733606262 ], [ 0.206025295452893, 51.564727052760738 ], [ 0.206030262763278, 51.564735484663998 ], [ 0.206039993472732, 51.564752010572406 ], [ 0.206056734592683, 51.564780428217176 ], [ 0.206057386468601, 51.564793905449406 ], [ 0.206059342099418, 51.56483433714584 ], [ 0.206058431136548, 51.564883815775488 ], [ 0.206057932937052, 51.564910804143437 ], [ 0.206057321402384, 51.564943801966386 ], [ 0.206055876368447, 51.565022212125307 ], [ 0.206054943737921, 51.56507273434908 ], [ 0.206054628366501, 51.565090078782688 ], [ 0.206053021299259, 51.565177071308504 ], [ 0.206052788395832, 51.565189557971472 ], [ 0.206052095409377, 51.565226837992569 ], [ 0.206051370898154, 51.565266151024055 ], [ 0.206049224643564, 51.565296057151201 ], [ 0.206048664407349, 51.565303864621029 ], [ 0.206045627407827, 51.565346080935122 ], [ 0.206037552602153, 51.565458654324701 ], [ 0.206033561663066, 51.565514261173213 ], [ 0.206025507024529, 51.565626357551523 ], [ 0.20602543477277, 51.565630531661633 ], [ 0.20602524062797, 51.565641731595974 ], [ 0.206023531940284, 51.565741837816823 ], [ 0.206023470702055, 51.565745643006785 ], [ 0.206023239307571, 51.565759055919052 ], [ 0.206022961462669, 51.565774789898505 ], [ 0.206021722665368, 51.565847620509906 ], [ 0.206021512937718, 51.565859989826684 ], [ 0.206021022248461, 51.565888326999179 ], [ 0.206018949034086, 51.566010131183276 ], [ 0.206018848012965, 51.566015798671891 ], [ 0.206018735903874, 51.5660221318509 ], [ 0.206017970187999, 51.566067156206195 ], [ 0.206019839028036, 51.566082822815957 ], [ 0.206032573023916, 51.566189770749709 ], [ 0.206036094063085, 51.566219309444818 ], [ 0.206042029068235, 51.566269221318379 ], [ 0.206044205069965, 51.566287359718267 ], [ 0.206056848935311, 51.566393634866223 ], [ 0.206062785513136, 51.566443578182913 ], [ 0.20606370448477, 51.566451240910624 ], [ 0.206064506610994, 51.566457979558223 ], [ 0.206065211088576, 51.56646389268748 ], [ 0.206067837614455, 51.566485975031135 ], [ 0.206080472912483, 51.566592070473668 ], [ 0.206083731570169, 51.566619464775883 ], [ 0.206101171447725, 51.566766118151612 ], [ 0.206109764409429, 51.566838161227771 ], [ 0.206115184539496, 51.566883689701186 ], [ 0.206172282136578, 51.566895331431283 ], [ 0.207056699808802, 51.56679207489492 ], [ 0.207054154898374, 51.566768111507251 ], [ 0.207053380281165, 51.566760751833819 ], [ 0.207276389594436, 51.56671461036786 ], [ 0.207293297096333, 51.566708869292405 ], [ 0.20778086169891, 51.566543373162482 ], [ 0.207784765685431, 51.566542049623685 ], [ 0.20779311643692, 51.566540480477066 ], [ 0.207804284119056, 51.566538381657438 ], [ 0.207851226527477, 51.566629666883927 ], [ 0.207858648065681, 51.566655399969129 ], [ 0.207865705541338, 51.566679871897414 ], [ 0.207866865611456, 51.566687143368924 ], [ 0.207875017990972, 51.566738106019329 ], [ 0.207875680268607, 51.566742248310355 ], [ 0.207885056873981, 51.566800912886222 ], [ 0.207890143530505, 51.566832661283463 ], [ 0.207898689496493, 51.566886089591755 ], [ 0.207903535756149, 51.56691644860107 ], [ 0.207905119071991, 51.566926203160321 ], [ 0.207918493896996, 51.567009927851281 ], [ 0.20792594049352, 51.567056443261698 ], [ 0.207930015013546, 51.567081888642456 ], [ 0.207934673283025, 51.56711104612851 ], [ 0.207944730243354, 51.567173924588779 ], [ 0.207955329278257, 51.567240246102344 ], [ 0.207957602854312, 51.567254421195919 ], [ 0.207959627740794, 51.567267036193343 ], [ 0.207960086284691, 51.567269950278188 ], [ 0.207966108567569, 51.567307607403791 ], [ 0.207968421859508, 51.567322006573775 ], [ 0.207980303716498, 51.567396343652106 ], [ 0.20799695883182, 51.567500420568386 ], [ 0.207997540422786, 51.567504087746514 ], [ 0.208010141871008, 51.567582853803572 ], [ 0.208022927496178, 51.567662740513327 ], [ 0.208018954878403, 51.567681125042974 ], [ 0.208019656591566, 51.567684888881587 ], [ 0.208021389497788, 51.567694154992914 ], [ 0.208028528025592, 51.56770509541834 ], [ 0.208031287216136, 51.567714994193551 ], [ 0.208034849257478, 51.567737301657004 ], [ 0.208035716215867, 51.567742690113732 ], [ 0.208034187837813, 51.567745992343013 ], [ 0.208033853693744, 51.567760846052849 ], [ 0.208056600235397, 51.567882542406096 ], [ 0.208066840683543, 51.567937278699461 ], [ 0.208073113164773, 51.567976522863617 ], [ 0.208074312167782, 51.567984000431927 ], [ 0.208090622171464, 51.568086006449533 ], [ 0.208101360449412, 51.5681531077093 ], [ 0.208107362480792, 51.568190639304312 ], [ 0.208108084599264, 51.568195122196649 ], [ 0.208118308065348, 51.568259040640378 ], [ 0.208120753210862, 51.568274372593244 ], [ 0.208129801248209, 51.568274085282347 ], [ 0.208140106020801, 51.568329252019417 ], [ 0.208135968025469, 51.568360223547835 ], [ 0.20815183136842, 51.568468584314047 ], [ 0.208155413176925, 51.568490999315877 ], [ 0.208158222847148, 51.568509984546765 ], [ 0.208164701237929, 51.568553775275717 ], [ 0.208177141501774, 51.568637841210339 ], [ 0.208188602328384, 51.568715387690354 ], [ 0.208191344413345, 51.568733870585852 ], [ 0.208208484073038, 51.568849719141951 ], [ 0.208212173791496, 51.56887465913718 ], [ 0.208219549760986, 51.568924467248593 ], [ 0.208220173655098, 51.568928709179332 ], [ 0.208232485438156, 51.569011905205578 ], [ 0.208240335704094, 51.569064950849047 ], [ 0.208248359630949, 51.569119198280738 ], [ 0.208252589523724, 51.569147842202383 ], [ 0.208262156240818, 51.569212492435867 ], [ 0.208274831200183, 51.569298118713689 ], [ 0.208278818128853, 51.569325022571299 ], [ 0.208282126156338, 51.569347442723945 ], [ 0.208284119624788, 51.569360894652505 ], [ 0.208290901155095, 51.569390677587748 ], [ 0.208300857820995, 51.569434474738721 ], [ 0.208302452810943, 51.569441486203473 ], [ 0.20830386699203, 51.569445956059567 ], [ 0.208307731878368, 51.569458122716085 ], [ 0.208327994617633, 51.569521941980241 ], [ 0.208348667392707, 51.569587075486282 ], [ 0.208350403373924, 51.569592528508828 ], [ 0.20835861172483, 51.569618399597594 ], [ 0.208372302668067, 51.569661532870775 ], [ 0.208379759635937, 51.569684998997964 ], [ 0.208387592534386, 51.569709672096614 ], [ 0.208402933054708, 51.569737702057886 ], [ 0.208423482898372, 51.569775265382106 ], [ 0.208450918269878, 51.569825388108264 ], [ 0.208483940866884, 51.569878544139115 ], [ 0.208519482287449, 51.569935735530024 ], [ 0.208526915788443, 51.569947691072642 ], [ 0.208528840550932, 51.569950784375308 ], [ 0.208544819098289, 51.56997649110393 ], [ 0.208560107150457, 51.569994198089766 ], [ 0.208587009340484, 51.570039861315863 ], [ 0.208591552807381, 51.570047563654583 ], [ 0.208607275664144, 51.570074246433364 ], [ 0.208702251195347, 51.570217127462044 ], [ 0.208722531515089, 51.57024762732815 ], [ 0.208810612960553, 51.570380143330084 ], [ 0.208932517179714, 51.570563533868601 ], [ 0.208945778882638, 51.570583491254425 ], [ 0.208949039387657, 51.570588389457278 ], [ 0.209023933659511, 51.570570656187989 ], [ 0.209032076225071, 51.570577881521224 ], [ 0.209714847398201, 51.571219318325817 ], [ 0.20974877466988, 51.571251188556495 ], [ 0.209810674870941, 51.571236136781138 ], [ 0.20985660456942, 51.571224749350066 ], [ 0.20987739510811, 51.571219600214995 ], [ 0.209924651240608, 51.571207890988603 ], [ 0.209930411944545, 51.571206460442951 ], [ 0.2099387539313, 51.571204396701162 ], [ 0.209957248472411, 51.571199812419721 ], [ 0.210119891915803, 51.571159497841627 ], [ 0.210125482209062, 51.571158124456346 ], [ 0.210161808196123, 51.571149121210908 ], [ 0.210222945530233, 51.571133966686574 ], [ 0.210294856407272, 51.571116153953369 ], [ 0.210305693562984, 51.571113467597648 ], [ 0.210367493812312, 51.571098147619622 ], [ 0.210427526275985, 51.571083274612555 ], [ 0.210507690153817, 51.571063948219326 ], [ 0.210520556283992, 51.571060845886123 ], [ 0.210529457016585, 51.571058699623919 ], [ 0.210543335901106, 51.57105535337007 ], [ 0.210549911397215, 51.571053763544469 ], [ 0.210618977664588, 51.571037110377276 ], [ 0.210627892805255, 51.571034963835857 ], [ 0.210711051958823, 51.571014915348492 ], [ 0.210730222659861, 51.57101029121602 ], [ 0.210763158610558, 51.571002358914718 ], [ 0.210791543709006, 51.570995510633217 ], [ 0.210818046158508, 51.570989120513381 ], [ 0.210999569317118, 51.570945355125552 ], [ 0.21102300505127, 51.570939706255025 ], [ 0.211045927412632, 51.570934183969484 ], [ 0.211083969389372, 51.570925013181018 ], [ 0.21109448181931, 51.57092247676291 ], [ 0.211123679900229, 51.570915433209215 ], [ 0.21113579752136, 51.570912520286463 ], [ 0.211270548999571, 51.570880036884994 ], [ 0.211281814841284, 51.570877414297094 ], [ 0.211292929733639, 51.570874803547952 ], [ 0.211301220025586, 51.570872866584814 ], [ 0.211369238844004, 51.57085694317113 ], [ 0.211381666627176, 51.570854028869434 ], [ 0.21150664646832, 51.57082478260854 ], [ 0.211515236458321, 51.570822777026478 ], [ 0.211521685614328, 51.570821261472609 ], [ 0.211526622640797, 51.570820107180069 ], [ 0.211630612963884, 51.570795771158863 ], [ 0.211825294361585, 51.570750200493592 ], [ 0.211838093452194, 51.570747207194685 ], [ 0.211848174345904, 51.570744849715609 ], [ 0.21185219058238, 51.570743901632063 ], [ 0.212070743443699, 51.570692754228929 ], [ 0.212080631856826, 51.570690445325994 ], [ 0.212141544340913, 51.570676184337607 ], [ 0.212258746771452, 51.570648756697125 ], [ 0.212271802701718, 51.570645704546415 ], [ 0.212292106826586, 51.57064095085439 ], [ 0.212315007888798, 51.570635590593618 ], [ 0.212320515467592, 51.57063429960008 ], [ 0.212328377506957, 51.570632460573869 ], [ 0.21241229092104, 51.570612819305033 ], [ 0.212441855129055, 51.570605894412694 ], [ 0.21247462945603, 51.570598211982194 ], [ 0.212740973667487, 51.570530086529608 ], [ 0.212802777123198, 51.570514270578421 ], [ 0.212827863915199, 51.570507861751317 ], [ 0.212835076257554, 51.570506016966362 ] ] ] } },
{ "type": "Feature", "properties": { "lsoa21cd": "E01033788", "lsoa21nm": "Havering 017I", "msoa21cd": "E02000480", "msoa21nm": "Havering 017", "lad22cd": "E09000016", "lad22nm": "Havering", "index_right": 126, "GSS_CODE": "E05000315", "risk_score": 0.0016105171202237937, "allocation_hours": 0.026868872949361005, "patrol_units": 0 }, "geometry": { "type": "Polygon", "coordinates": [ [ [ 0.184812090780748, 51.568213695411053 ], [ 0.184936677784417, 51.568109501615275 ], [ 0.184947180220093, 51.568100717631211 ], [ 0.184989440385712, 51.568065388167632 ], [ 0.185035417048905, 51.568011256995497 ], [ 0.18505042129247, 51.567993584969884 ], [ 0.185138843818674, 51.567889489163285 ], [ 0.185219581248354, 51.567793504293917 ], [ 0.185225998038197, 51.567785884563278 ], [ 0.185261712291116, 51.567743446583087 ], [ 0.185302974436402, 51.567688207083819 ], [ 0.185310676583903, 51.567677901466936 ], [ 0.18539192460712, 51.567569100919798 ], [ 0.185419342858284, 51.567532411130202 ], [ 0.18544150304939, 51.567495603476935 ], [ 0.185452182712413, 51.567477877090063 ], [ 0.185465588060387, 51.567455603405108 ], [ 0.185486345099477, 51.567421133095159 ], [ 0.185487962482408, 51.567418450017563 ], [ 0.185563384990295, 51.567293192776539 ], [ 0.185579291062026, 51.567266798644532 ], [ 0.185604792893982, 51.567224451947524 ], [ 0.185607177687849, 51.567218813851653 ], [ 0.185611660253906, 51.567208172519514 ], [ 0.185614277414177, 51.567201963533421 ], [ 0.185618465000444, 51.567192092104293 ], [ 0.185666032376722, 51.567079507660537 ], [ 0.185681642494987, 51.567042574616003 ], [ 0.185689781413311, 51.567023321725088 ], [ 0.185692321112149, 51.567017303017501 ], [ 0.185712511740363, 51.566969515442636 ], [ 0.185738144434255, 51.566901904707727 ], [ 0.185744792868285, 51.566884370281109 ], [ 0.185753427370225, 51.566861609857206 ], [ 0.185763380100671, 51.566835344559301 ], [ 0.185765108847934, 51.566830770856598 ], [ 0.185781274936398, 51.566788130346545 ], [ 0.185788012626698, 51.566770351442095 ], [ 0.185794148964277, 51.566754175512486 ], [ 0.18580538395281, 51.566724558889526 ], [ 0.185837717801916, 51.566606803950812 ], [ 0.185850692176528, 51.566559591496741 ], [ 0.185939701884347, 51.56655708729425 ], [ 0.185955163804931, 51.566556655237903 ], [ 0.186115483325748, 51.566558370563598 ], [ 0.186325102524006, 51.566560578618429 ], [ 0.186481444029046, 51.566567502621353 ], [ 0.186563109844339, 51.566596610489853 ], [ 0.186591081678896, 51.566618742489503 ], [ 0.186598190784868, 51.566624365501646 ], [ 0.186628726520838, 51.566648509099579 ], [ 0.186661574311621, 51.566680847209128 ], [ 0.186682162006802, 51.566701097913125 ], [ 0.186686398722902, 51.566647568793293 ], [ 0.186693613892078, 51.566601237030611 ], [ 0.186722265815816, 51.566417577578498 ], [ 0.186763454448303, 51.566252983446496 ], [ 0.186771369290764, 51.566221396212391 ], [ 0.186783561683255, 51.566172642449494 ], [ 0.186791630243033, 51.566156448432999 ], [ 0.186793973164348, 51.566151746355892 ], [ 0.186847693066128, 51.56604402436264 ], [ 0.18692560416342, 51.565887729535461 ], [ 0.186934161646781, 51.565870600110429 ], [ 0.186954308104878, 51.565822228612603 ], [ 0.186976174532194, 51.565769706228842 ], [ 0.187005262167837, 51.565668279936816 ], [ 0.187031674442245, 51.565576058438261 ], [ 0.187034072169901, 51.565567686174262 ], [ 0.186945849283774, 51.565572415779307 ], [ 0.186933015921971, 51.565573012985929 ], [ 0.186877347259714, 51.565576048290559 ], [ 0.186240659867989, 51.565610158234179 ], [ 0.186213090593123, 51.565611155933802 ], [ 0.186190535840325, 51.565597414092075 ], [ 0.185959181567003, 51.565455634103351 ], [ 0.185794957554943, 51.565333538448947 ], [ 0.18567520130407, 51.565244499713323 ], [ 0.185652474466011, 51.565227611605579 ], [ 0.18564593525511, 51.565222733326792 ], [ 0.185579874841627, 51.565163917739923 ], [ 0.185518772739968, 51.565109506246507 ], [ 0.185435861938327, 51.565035680399546 ], [ 0.185243267894639, 51.564893284632952 ], [ 0.18510800957326, 51.564801251636169 ], [ 0.185103696900157, 51.564812546308183 ], [ 0.185063762639835, 51.564948761508589 ], [ 0.185065266595438, 51.564994004485278 ], [ 0.185065788008188, 51.565009705623254 ], [ 0.18506965391404, 51.565071721593895 ], [ 0.185110452159015, 51.565226676129782 ], [ 0.185161211969468, 51.565506412415886 ], [ 0.185164363429707, 51.565523701287482 ], [ 0.18514220864057, 51.565511523772152 ], [ 0.18471051090529, 51.565273929476739 ], [ 0.18464474119439, 51.565237725447012 ], [ 0.184578053260726, 51.565201025877293 ], [ 0.184511365001893, 51.565164317281038 ], [ 0.184397921402079, 51.565101877974534 ], [ 0.184394735033874, 51.565100120720615 ], [ 0.184306678276538, 51.565051669345344 ], [ 0.18419950680459, 51.564995453132745 ], [ 0.184121988585137, 51.564954791191745 ], [ 0.184066005051775, 51.564925419170692 ], [ 0.184060809949399, 51.564922692090008 ], [ 0.183837676519006, 51.564805638462047 ], [ 0.183644669638373, 51.564711059225367 ], [ 0.183548057054154, 51.564670810825518 ], [ 0.18339037886709, 51.564659932773466 ], [ 0.183377587339152, 51.564659048553352 ], [ 0.183353000568583, 51.564657355091164 ], [ 0.183346051710947, 51.564656872913737 ], [ 0.183313725625007, 51.564654641833613 ], [ 0.18327474538045, 51.564655673179594 ], [ 0.183240081605279, 51.564656601684867 ], [ 0.183144187246577, 51.564659137508635 ], [ 0.183135512345211, 51.564659370917148 ], [ 0.183128897620119, 51.564659539000424 ], [ 0.183012948875606, 51.564662618849418 ], [ 0.182998114158073, 51.564664023575872 ], [ 0.182907896077636, 51.56467346364601 ], [ 0.18289302274847, 51.564675026456278 ], [ 0.182811864047455, 51.564683524448895 ], [ 0.182806092523768, 51.564684126474674 ], [ 0.18272779093542, 51.564692328426325 ], [ 0.182719464136194, 51.564693202825978 ], [ 0.182611601504544, 51.564704490845337 ], [ 0.182606418445978, 51.564705027952662 ], [ 0.182532682541084, 51.564712758114126 ], [ 0.18250831899183, 51.564715306840696 ], [ 0.18247598773778, 51.564718696283791 ], [ 0.18245936230578, 51.564720431033308 ], [ 0.182434137450188, 51.564723072211862 ], [ 0.182384585282641, 51.564728265908286 ], [ 0.182361449114434, 51.564730683850804 ], [ 0.182304794400076, 51.564733842338846 ], [ 0.182299038366085, 51.564734165266962 ], [ 0.182282014473687, 51.564735111519859 ], [ 0.182263767810125, 51.564736134478679 ], [ 0.182234771397872, 51.564737753129585 ], [ 0.182215819643483, 51.564738816178412 ], [ 0.182179735442041, 51.564740818488872 ], [ 0.182074865821788, 51.564746663494134 ], [ 0.182068966055291, 51.564746998077979 ], [ 0.182045812161316, 51.564748292156523 ], [ 0.182016973877141, 51.564749898818967 ], [ 0.181968687550388, 51.564752600198403 ], [ 0.181949540953074, 51.564753662332436 ], [ 0.181917303860098, 51.564757211745643 ], [ 0.18190181227709, 51.564758911834602 ], [ 0.181838784959931, 51.564765853312579 ], [ 0.181800095628732, 51.564770102768357 ], [ 0.181794339785148, 51.564770731432105 ], [ 0.181701043935856, 51.564781001063359 ], [ 0.181691584863416, 51.564782040236913 ], [ 0.181675925031337, 51.564783761240811 ], [ 0.18163134201599, 51.564778393790149 ], [ 0.181625260969637, 51.564777656987161 ], [ 0.181586163644279, 51.564772947459019 ], [ 0.181545615026493, 51.564768062551408 ], [ 0.1815204351337, 51.564765023309327 ], [ 0.181512656424544, 51.564764088733988 ], [ 0.181418323894252, 51.564752730279899 ], [ 0.18141390004623, 51.564752551708338 ], [ 0.181405182956446, 51.564752210123267 ], [ 0.181300245453432, 51.564748099244341 ], [ 0.181271542622868, 51.564746973499794 ], [ 0.181264567210001, 51.564746693960572 ], [ 0.181237230802758, 51.564745628245433 ], [ 0.181232547032987, 51.564745445504848 ], [ 0.181219116913475, 51.564744912715973 ], [ 0.181211498042479, 51.564744604663858 ], [ 0.181133724405211, 51.564741571557413 ], [ 0.181123132221227, 51.564743054417136 ], [ 0.181014530824729, 51.564758274493343 ], [ 0.181004526263116, 51.564759674477543 ], [ 0.180922648210412, 51.564771137864412 ], [ 0.18081999442374, 51.564785514299544 ], [ 0.180812906810393, 51.56478650933505 ], [ 0.180808706895075, 51.564787090988872 ], [ 0.180738102933424, 51.564797000287982 ], [ 0.180713502869496, 51.564800443082042 ], [ 0.180631851369871, 51.564811879570627 ], [ 0.180599916994819, 51.56481634892738 ], [ 0.180533977526355, 51.564825586886094 ], [ 0.180522323521494, 51.564826651457466 ], [ 0.180516284835241, 51.564827192621856 ], [ 0.180458240091941, 51.564832398859515 ], [ 0.180444174198912, 51.56483365841742 ], [ 0.180433844090519, 51.564834587768878 ], [ 0.180425927761541, 51.564835301406561 ], [ 0.180361618528549, 51.564841064641442 ], [ 0.180350857215605, 51.56484202897564 ], [ 0.180316001772525, 51.564845158599205 ], [ 0.180275801492239, 51.564848765213867 ], [ 0.180250998650079, 51.564850985924117 ], [ 0.180204021071019, 51.564855197746638 ], [ 0.180199480974368, 51.564855605836868 ], [ 0.180146570553194, 51.564856687653688 ], [ 0.180110496687644, 51.56485742071942 ], [ 0.180088658090732, 51.564857871356828 ], [ 0.18007654245116, 51.564858123393421 ], [ 0.180054782928465, 51.564858568059122 ], [ 0.180003969860452, 51.564859606355427 ], [ 0.179987752772443, 51.564859934567615 ], [ 0.17992180448074, 51.564861294432305 ], [ 0.1798958790625, 51.564861825440445 ], [ 0.179814600062612, 51.564863492481706 ], [ 0.17980110045078, 51.564863770194961 ], [ 0.179793150269915, 51.564863926849426 ], [ 0.179786375450008, 51.56486407066614 ], [ 0.179771268416021, 51.564864378231007 ], [ 0.179728989160027, 51.564865244418463 ], [ 0.179721089865165, 51.564865409115981 ], [ 0.17964061074115, 51.56486705668398 ], [ 0.179621229689088, 51.564867452599508 ], [ 0.179611103068585, 51.56486765865511 ], [ 0.179600522333222, 51.564867873143506 ], [ 0.179579447360165, 51.564868300511016 ], [ 0.17953852366046, 51.564869150447983 ], [ 0.179525722807523, 51.564869406159694 ], [ 0.179477821810019, 51.564870390147291 ], [ 0.179433048727057, 51.564871307036164 ], [ 0.179418360190348, 51.564871615776916 ], [ 0.179377291460796, 51.564872450364589 ], [ 0.179371554185035, 51.564872565897289 ], [ 0.179329707400035, 51.564873423909567 ], [ 0.179324662108543, 51.564873526590262 ], [ 0.17932016463815, 51.564873619098115 ], [ 0.179306437572844, 51.56487502510862 ], [ 0.179278336421468, 51.564877885111393 ], [ 0.179272901088189, 51.564878431195176 ], [ 0.179180234219422, 51.564887881398462 ], [ 0.17906144000736, 51.564899979465331 ], [ 0.179047078820398, 51.564901401715446 ], [ 0.178957594344904, 51.564910567827489 ], [ 0.178865225115403, 51.564915529220876 ], [ 0.178844356161771, 51.564916645095195 ], [ 0.17883703068223, 51.56491704189208 ], [ 0.178828611276061, 51.564917494969478 ], [ 0.178796372924954, 51.564919231091551 ], [ 0.178769315447876, 51.564920682170346 ], [ 0.178719280874361, 51.564923369168362 ], [ 0.178664323623147, 51.564926309402608 ], [ 0.17864185787581, 51.564927526827319 ], [ 0.178627385274907, 51.564926617399202 ], [ 0.178609771874347, 51.564925505474342 ], [ 0.178590957194296, 51.564924316922756 ], [ 0.178532197526687, 51.564920605379989 ], [ 0.178489893660622, 51.564917937310263 ], [ 0.178484437228961, 51.564917588941171 ], [ 0.178477504748031, 51.564917151060754 ], [ 0.178458893620177, 51.564915994681932 ], [ 0.178410713110455, 51.564912941048 ], [ 0.178402796455009, 51.564912440493558 ], [ 0.178359639032542, 51.564909725269054 ], [ 0.178318101827104, 51.564907096865987 ], [ 0.178308983894065, 51.564906519678331 ], [ 0.178272802208013, 51.56490424150951 ], [ 0.1782655661287, 51.564903791265465 ], [ 0.178235982771754, 51.564901903221887 ], [ 0.178227313893749, 51.564901362658688 ], [ 0.178221279094396, 51.5649009890397 ], [ 0.178215967688383, 51.564900655952592 ], [ 0.17813933434264, 51.564895819072426 ], [ 0.178131200588768, 51.564895304542837 ], [ 0.178077419957742, 51.564891914046846 ], [ 0.178068215102839, 51.5648913294607 ], [ 0.17800810964025, 51.564887534716384 ], [ 0.177989042058289, 51.564886337272604 ], [ 0.177975531387285, 51.56488547736091 ], [ 0.177956876175096, 51.564884303734907 ], [ 0.177946152026437, 51.564883630424177 ], [ 0.177825456267652, 51.564876009308669 ], [ 0.177741550241715, 51.564870709088169 ], [ 0.177730073444546, 51.564869986772521 ], [ 0.177714298255103, 51.5648689934863 ], [ 0.177709276041079, 51.564868672996347 ], [ 0.177673413197303, 51.564864005572048 ], [ 0.177628505469648, 51.564858174993738 ], [ 0.177619517815635, 51.564857001794948 ], [ 0.17759560460149, 51.564853893245861 ], [ 0.177578791186441, 51.564851705145159 ], [ 0.177572460605786, 51.564850878336067 ], [ 0.177546979276401, 51.564847565053519 ], [ 0.177393480738838, 51.564827588654659 ], [ 0.176864533213673, 51.564797561783521 ], [ 0.176861938669008, 51.56480457051785 ], [ 0.176860441840213, 51.564810695559913 ], [ 0.176855251933004, 51.564867618817857 ], [ 0.176858581429668, 51.56488265636888 ], [ 0.176894101987573, 51.565042775016202 ], [ 0.176888335465766, 51.565045301102856 ], [ 0.176813752104941, 51.565075552126807 ], [ 0.176752729554702, 51.565100308646883 ], [ 0.176733661144846, 51.565109826214567 ], [ 0.176706812833842, 51.565123220181313 ], [ 0.176677645303215, 51.565134579764184 ], [ 0.176650047268818, 51.565141638539544 ], [ 0.176137383005727, 51.56527268630262 ], [ 0.176134794102514, 51.565276187630325 ], [ 0.176131242512738, 51.565280983818603 ], [ 0.176098017615109, 51.565325854577715 ], [ 0.17610036738135, 51.565340020000548 ], [ 0.176118642832479, 51.565420618435191 ], [ 0.176120365207066, 51.565456711510315 ], [ 0.176121591066577, 51.565482399860116 ], [ 0.176121942660054, 51.565489767627426 ], [ 0.176144114492957, 51.565491757661782 ], [ 0.176166887297938, 51.565501200765638 ], [ 0.176180695612303, 51.565506934089761 ], [ 0.176210379801708, 51.565519243712934 ], [ 0.176340466026841, 51.56553342367193 ], [ 0.176377065516665, 51.565535982474245 ], [ 0.176397451587499, 51.56553768182701 ], [ 0.176397902372522, 51.565597072452128 ], [ 0.176463425362239, 51.565624266368232 ], [ 0.176478939817224, 51.565632791831447 ], [ 0.176571908761154, 51.565683892796216 ], [ 0.176661192268176, 51.565683172235239 ], [ 0.176684662929827, 51.565684256763888 ], [ 0.176742353036118, 51.56569154133436 ], [ 0.176755167741424, 51.56569368681474 ], [ 0.177026821607472, 51.565739153020544 ], [ 0.177184241380376, 51.565785892431876 ], [ 0.177241693267694, 51.565807525072373 ], [ 0.177259692231675, 51.565815194972444 ], [ 0.177267927802259, 51.565819349856298 ], [ 0.177306975356007, 51.56601149461833 ], [ 0.177293937192756, 51.566019268163885 ], [ 0.177264071299214, 51.566034444892679 ], [ 0.177120346294753, 51.566119523252304 ], [ 0.177113063548239, 51.56612474840454 ], [ 0.177071639324551, 51.566154429419221 ], [ 0.177043730932363, 51.566177969272331 ], [ 0.176992630034752, 51.566221067498695 ], [ 0.176986818460775, 51.566225977576806 ], [ 0.176976512491393, 51.566240719469192 ], [ 0.176960845077928, 51.566263150928648 ], [ 0.176906016176835, 51.566385034290185 ], [ 0.176906129489059, 51.56638831464592 ], [ 0.176911454638043, 51.5665391549582 ], [ 0.176921816629882, 51.566549160864284 ], [ 0.176910525237758, 51.566581952058968 ], [ 0.176905850133817, 51.56658165207201 ], [ 0.176388923198263, 51.566548728782443 ], [ 0.176384855301736, 51.566565837017826 ], [ 0.176382482260398, 51.566575827315447 ], [ 0.176366957826284, 51.566641170782489 ], [ 0.176361576710701, 51.566663870054505 ], [ 0.176356204003382, 51.566686443267706 ], [ 0.176337678199827, 51.566764486585335 ], [ 0.176336355637699, 51.566770032830853 ], [ 0.176328845947595, 51.566801647692301 ], [ 0.176302237498968, 51.56680013564079 ], [ 0.176294438446226, 51.566799686715648 ], [ 0.176290321836838, 51.566835276528295 ], [ 0.176283519920481, 51.566894118152881 ], [ 0.176279546385626, 51.566928473266131 ], [ 0.176276870349473, 51.566951616989776 ], [ 0.176269522571798, 51.567015046186128 ], [ 0.176263067133348, 51.567070868717138 ], [ 0.176260849881813, 51.567090020020125 ], [ 0.176255857858818, 51.567133270137106 ], [ 0.176251588407218, 51.567170193748034 ], [ 0.176247224451774, 51.567207856414321 ], [ 0.176246621000283, 51.567210934214451 ], [ 0.176238315973426, 51.567252793214983 ], [ 0.176233421196922, 51.567277520279809 ], [ 0.176223964814769, 51.567325187617683 ], [ 0.176208178717989, 51.567352099578009 ], [ 0.176197274747057, 51.567370647460159 ], [ 0.176188015142899, 51.567397042714539 ], [ 0.176165720875375, 51.567420019496829 ], [ 0.176163602694503, 51.567422199102552 ], [ 0.176167947774122, 51.567440374316426 ], [ 0.176167975545696, 51.56744790992984 ], [ 0.176168009362065, 51.567454060510222 ], [ 0.176166408931875, 51.567458622652481 ], [ 0.176149655632976, 51.567506389299417 ], [ 0.176127910032734, 51.567568376494783 ], [ 0.176121291918977, 51.567587231602523 ], [ 0.176116973702281, 51.567599551127714 ], [ 0.176108743723579, 51.567623031538346 ], [ 0.17609859488816, 51.567651961305792 ], [ 0.176087294322364, 51.567712693660106 ], [ 0.176093419288602, 51.567726438303218 ], [ 0.176118761517748, 51.567783343742057 ], [ 0.17638866639768, 51.56780552510866 ], [ 0.176422710429969, 51.567808320166819 ], [ 0.176554438839053, 51.567807037552448 ], [ 0.176568573784092, 51.567806901333697 ], [ 0.176727883612227, 51.567778532739915 ], [ 0.176742520455251, 51.567775005825098 ], [ 0.176907949028271, 51.567735165345688 ], [ 0.176963535637, 51.567724934520612 ], [ 0.177043453770339, 51.567710223497734 ], [ 0.177076396285765, 51.567704153713244 ], [ 0.177178040014723, 51.567689318396525 ], [ 0.177230029565272, 51.567681726162711 ], [ 0.177762590595286, 51.567621449165124 ], [ 0.177814758403808, 51.567616686154693 ], [ 0.177824097016172, 51.567620361882049 ], [ 0.177865054941287, 51.567636490759327 ], [ 0.17787971731375, 51.567642261990891 ], [ 0.17792016159807, 51.56766032488413 ], [ 0.177963672509832, 51.567679751754255 ], [ 0.178045751864812, 51.567722375306062 ], [ 0.178082153112774, 51.56774128657252 ], [ 0.178109556920372, 51.567755508575118 ], [ 0.178136946756632, 51.567769739824143 ], [ 0.178182462616198, 51.567793374111446 ], [ 0.178228089013964, 51.567819623296188 ], [ 0.178272780131589, 51.567845323263043 ], [ 0.178534102146859, 51.56800404699451 ], [ 0.178545962318807, 51.56801217237085 ], [ 0.178834765821623, 51.568209945663583 ], [ 0.178927826541288, 51.56827366924788 ], [ 0.178933276470415, 51.568278100552625 ], [ 0.178966936997677, 51.568305470915043 ], [ 0.179157298201019, 51.568465447780156 ], [ 0.179246865446606, 51.568529424854603 ], [ 0.179286995563028, 51.568558095914973 ], [ 0.179322015856812, 51.568583111751721 ], [ 0.179414891647001, 51.568659842326987 ], [ 0.180041047341874, 51.568722820331338 ], [ 0.180073672391134, 51.568726099359054 ], [ 0.180106892708054, 51.568731264848353 ], [ 0.180192591414336, 51.568745383874052 ], [ 0.1802605097172, 51.568754023621587 ], [ 0.180383918179918, 51.568769717278187 ], [ 0.180476924960733, 51.568781551013792 ], [ 0.180493721846471, 51.568783963864171 ], [ 0.18057284682846, 51.568797611199855 ], [ 0.180614708151541, 51.568804828302078 ], [ 0.180649876389397, 51.568810892727207 ], [ 0.180742599048526, 51.568825834128475 ], [ 0.180962596529342, 51.568865488631161 ], [ 0.181017798820802, 51.568747661505334 ], [ 0.181023036326687, 51.568736484778142 ], [ 0.1811300731196, 51.568530596951696 ], [ 0.181188123935429, 51.568418939951641 ], [ 0.181221437459962, 51.568357581974098 ], [ 0.181256312041494, 51.568303821059565 ], [ 0.181287503972102, 51.568255731226394 ], [ 0.182980434185689, 51.568637882882157 ], [ 0.183482286973655, 51.568872197943897 ], [ 0.183691555348714, 51.568980157001803 ], [ 0.183730660026511, 51.569000328692027 ], [ 0.183817749797752, 51.568937149886587 ], [ 0.183841345818247, 51.568920037466725 ], [ 0.183873922224506, 51.568896399758522 ], [ 0.184200803393425, 51.568659281963249 ], [ 0.184220672221924, 51.568645098663843 ], [ 0.184236451982699, 51.568633815321888 ], [ 0.184438050645838, 51.568489796577055 ], [ 0.184469387023666, 51.568467395866605 ], [ 0.184577307255929, 51.568395995635704 ], [ 0.184637225499166, 51.568356353479047 ], [ 0.184743179341451, 51.568271329336064 ], [ 0.184812090780748, 51.568213695411053 ] ] ] } },
{ "type": "Feature", "properties": { "lsoa21cd": "E01002366", "lsoa21nm": "Havering 023E", "msoa21cd": "E02000486", "msoa21nm": "Havering 023", "lad22cd": "E09000016", "lad22nm": "Havering", "index_right": 126, "GSS_CODE": "E05000315", "risk_score": 0.00033443169901594929, "allocation_hours": 0.0055794519153263243, "patrol_units": 0 }, "geometry": { "type": "Polygon", "coordinates": [ [ [ 0.205266765290511, 51.555902057134539 ], [ 0.205286238010178, 51.555901115365451 ], [ 0.205382191435173, 51.555902449325409 ], [ 0.205413242435745, 51.555902881541087 ], [ 0.205454660249653, 51.555915735978665 ], [ 0.205491581258014, 51.555927182137687 ], [ 0.205514340117358, 51.555934236271099 ], [ 0.205705888082204, 51.555864426734175 ], [ 0.205734013479107, 51.555854176228635 ], [ 0.205887113766084, 51.555814757591548 ], [ 0.205899507033931, 51.555812698868046 ], [ 0.205911226887762, 51.555810436978966 ], [ 0.205918295337706, 51.555803271464448 ], [ 0.20594519430581, 51.555776011198347 ], [ 0.206016023623732, 51.555720333889298 ], [ 0.206138222861345, 51.555644364079242 ], [ 0.206142606743458, 51.555641646646095 ], [ 0.206228559614818, 51.555609507190177 ], [ 0.206238758604464, 51.55560741777181 ], [ 0.206411557311766, 51.555572052404521 ], [ 0.206438969310577, 51.55556644656172 ], [ 0.206490545336742, 51.555563542573644 ], [ 0.206497504205112, 51.555560974520695 ], [ 0.206538547628205, 51.555545804376159 ], [ 0.206544223036448, 51.555544438557362 ], [ 0.206586517788179, 51.555534262954978 ], [ 0.206598239416768, 51.555531443397484 ], [ 0.206678817070835, 51.555524783068613 ], [ 0.206758535897741, 51.55552601673255 ], [ 0.206871949941176, 51.555527776298348 ], [ 0.206876038356345, 51.555527600430572 ], [ 0.206888204522256, 51.555526813893493 ], [ 0.206925925924844, 51.55551335185865 ], [ 0.207102030332817, 51.555450764347476 ], [ 0.207149604322636, 51.555442071948903 ], [ 0.207156812173782, 51.555440029758955 ], [ 0.207216470787056, 51.555424095314535 ], [ 0.207262087602898, 51.555411923440175 ], [ 0.207283794079448, 51.555389769727405 ], [ 0.207295492825365, 51.555377831610187 ], [ 0.207312133444149, 51.555367257335966 ], [ 0.207324673743933, 51.555359296275149 ], [ 0.207429602168771, 51.555309712017937 ], [ 0.207433282998332, 51.555307970025325 ], [ 0.207464620176111, 51.555300311589981 ], [ 0.207473622522802, 51.555299431670768 ], [ 0.207803544966575, 51.55526730966303 ], [ 0.207816335738742, 51.555303042709333 ], [ 0.20786710467069, 51.555439077459049 ], [ 0.207880173982449, 51.555466493904852 ], [ 0.207889887141933, 51.555486860064129 ], [ 0.207891786378505, 51.555469467779162 ], [ 0.207913117111975, 51.555444623122177 ], [ 0.208130484897633, 51.555458642042382 ], [ 0.208152987850683, 51.555460106824256 ], [ 0.208187172612929, 51.555459571000917 ], [ 0.20823180820326, 51.555454998342739 ], [ 0.208244399585981, 51.555452715313372 ], [ 0.208257949220262, 51.555450261355645 ], [ 0.208303954345309, 51.555466086021113 ], [ 0.208319005676289, 51.555471261329977 ], [ 0.208355882652425, 51.555479703745455 ], [ 0.208362343676749, 51.555480562305114 ], [ 0.208397101932862, 51.555485168618638 ], [ 0.20840791849646, 51.555486601637519 ], [ 0.208609139015816, 51.555447469279954 ], [ 0.208621558324204, 51.555445059052573 ], [ 0.208792025601661, 51.555283517126455 ], [ 0.208806224254622, 51.555262736602877 ], [ 0.208938762034217, 51.555068652751409 ], [ 0.208944172809358, 51.555068676727196 ], [ 0.208957192178424, 51.555074789534068 ], [ 0.208983461712061, 51.555090590016128 ], [ 0.208999166846534, 51.555100033597718 ], [ 0.209034828598464, 51.555113175062765 ], [ 0.209067743462972, 51.555125298095788 ], [ 0.209188402705808, 51.55518405156775 ], [ 0.209198383328316, 51.555189969792025 ], [ 0.209292237105684, 51.555245684914553 ], [ 0.20930814369967, 51.555255115664735 ], [ 0.209312685934038, 51.555256864660265 ], [ 0.209502605899852, 51.555312981880299 ], [ 0.209513548197431, 51.55531462826044 ], [ 0.209536463919493, 51.5553180634626 ], [ 0.209562373436572, 51.555321954849965 ], [ 0.209667516540434, 51.555327788518085 ], [ 0.209682066865518, 51.555326489128248 ], [ 0.20972791556039, 51.555322396651931 ], [ 0.209752262179275, 51.555320229178221 ], [ 0.209931617624732, 51.555287329581638 ], [ 0.209945255851545, 51.555292068171902 ], [ 0.209989981214211, 51.5553070754437 ], [ 0.210206925468663, 51.555291803753207 ], [ 0.210236210713402, 51.555289740939742 ], [ 0.210326278122533, 51.555275309138246 ], [ 0.210335312078837, 51.555272998514816 ], [ 0.21036418107399, 51.555265619651749 ], [ 0.21043526835247, 51.555240852845571 ], [ 0.210478493806073, 51.555225793085057 ], [ 0.210512994075563, 51.555207507422594 ], [ 0.210590249630725, 51.555166544737389 ], [ 0.210615031512378, 51.555153415390173 ], [ 0.210682973434673, 51.555097978606945 ], [ 0.210688191396075, 51.555093725462982 ], [ 0.210771338695132, 51.555132680408171 ], [ 0.210783442546616, 51.555138351626418 ], [ 0.210932576259695, 51.555239885777034 ], [ 0.210948407516439, 51.555247159398796 ], [ 0.211119166207788, 51.555306427591525 ], [ 0.211138284267893, 51.555310379243245 ], [ 0.211163949160045, 51.555315470958611 ], [ 0.211231038808409, 51.555321184428045 ], [ 0.21147658670463, 51.555276849665738 ], [ 0.211488970840122, 51.555274610666885 ], [ 0.211526810675352, 51.555290408190857 ], [ 0.211536999737989, 51.555294667567509 ], [ 0.211623523757887, 51.555330050937485 ], [ 0.211701274715682, 51.555328188788828 ], [ 0.211734818855103, 51.555327385231685 ], [ 0.211946937833361, 51.555303347718464 ], [ 0.21195359668846, 51.555301144724481 ], [ 0.21209549224945, 51.555254222393614 ], [ 0.212124541576717, 51.555244618424389 ], [ 0.212164546247424, 51.555226812987861 ], [ 0.212211662337436, 51.555201858829186 ], [ 0.212269776216544, 51.555171067543021 ], [ 0.21226150765265, 51.555157922876504 ], [ 0.212238146261151, 51.55512239157045 ], [ 0.212225701861112, 51.555103453245991 ], [ 0.212223958272992, 51.555100815215972 ], [ 0.21222155969606, 51.555097164339585 ], [ 0.212197209599345, 51.555060103080677 ], [ 0.212170053919206, 51.555018790689331 ], [ 0.212163452067794, 51.555008780111812 ], [ 0.212156738441167, 51.554998546817231 ], [ 0.212141787690062, 51.554975815749899 ], [ 0.212134592872581, 51.554964881083734 ], [ 0.212132552370338, 51.554961772023908 ], [ 0.212079489357002, 51.554881026572538 ], [ 0.212067549414238, 51.554864754133703 ], [ 0.212027232881866, 51.554809771492337 ], [ 0.212003073185739, 51.554776809208398 ], [ 0.211963637342094, 51.554723028482869 ], [ 0.211961749309554, 51.554716607115552 ], [ 0.21194628062556, 51.554663759202995 ], [ 0.211943256658733, 51.55465345629581 ], [ 0.211930514295753, 51.554609918677926 ], [ 0.211929182830055, 51.554605366350685 ], [ 0.211923514717628, 51.554555103411964 ], [ 0.211922878680568, 51.554549422833325 ], [ 0.211919760900863, 51.554521414455337 ], [ 0.211917386467197, 51.554500109834954 ], [ 0.211916281056736, 51.554490103478464 ], [ 0.211913566792085, 51.554462384257867 ], [ 0.21191297011232, 51.554456325230205 ], [ 0.211911874040891, 51.554445023703764 ], [ 0.211911334934963, 51.554439557128802 ], [ 0.211908420042254, 51.554409782292602 ], [ 0.211906021134336, 51.554385294607115 ], [ 0.211897321434989, 51.554296301989538 ], [ 0.211896605258749, 51.554288968207928 ], [ 0.211884247966825, 51.55423745101276 ], [ 0.211871459439822, 51.554184179319464 ], [ 0.211870554146782, 51.554180383358464 ], [ 0.211868043844646, 51.554169962842998 ], [ 0.211860867831628, 51.554140070532803 ], [ 0.211859483920999, 51.554134287150873 ], [ 0.211857758230412, 51.554127107305781 ], [ 0.211853671318603, 51.554110052706477 ], [ 0.211641069908619, 51.55413205768653 ], [ 0.211625407547797, 51.553984674329065 ], [ 0.211623367993317, 51.553965364328867 ], [ 0.211617836410792, 51.553913147307824 ], [ 0.211574266953054, 51.553907089376281 ], [ 0.211570249353428, 51.553866166001697 ], [ 0.211569538030141, 51.553858931048701 ], [ 0.211567227003492, 51.553835358982148 ], [ 0.211566763412924, 51.553830556463424 ], [ 0.21156337275817, 51.553796019792777 ], [ 0.2115539832556, 51.553700218943476 ], [ 0.211553271938371, 51.553692983990032 ], [ 0.211547996614725, 51.553639206338254 ], [ 0.211545967352696, 51.553618470748567 ], [ 0.21154262272065, 51.553584585201449 ], [ 0.211540736510714, 51.553565312774744 ], [ 0.211540144292276, 51.55355904682034 ], [ 0.211539043076816, 51.553547934238125 ], [ 0.211537325651489, 51.553530358307555 ], [ 0.211530875916588, 51.553464552164009 ], [ 0.211529190330404, 51.553447335353141 ], [ 0.211522585363863, 51.553379962854798 ], [ 0.211519179682861, 51.55336163187409 ], [ 0.211511185646503, 51.553318872470619 ], [ 0.21149571606263, 51.553236163192416 ], [ 0.211488672977268, 51.553198588310735 ], [ 0.211480559850912, 51.553155305058205 ], [ 0.211469034551797, 51.553093704433358 ], [ 0.211465143184229, 51.553072941006008 ], [ 0.211463838355454, 51.55306596005542 ], [ 0.211462688885514, 51.553059803532236 ], [ 0.211454262919756, 51.553014826496579 ], [ 0.211445149225985, 51.552966076370396 ], [ 0.211372916337499, 51.55258019934255 ], [ 0.211340741213155, 51.552512773933707 ], [ 0.211303491333653, 51.552434688564247 ], [ 0.211281704049672, 51.552389028192906 ], [ 0.211279255254206, 51.552383889896582 ], [ 0.211243910830725, 51.55230984690597 ], [ 0.211242319059413, 51.552306468568659 ], [ 0.211233729316079, 51.552288464651085 ], [ 0.211228912949947, 51.552278375377739 ], [ 0.211207529655162, 51.552235095017956 ], [ 0.211185007467135, 51.552230820852593 ], [ 0.211084625728429, 51.552211768894971 ], [ 0.211034354973509, 51.552202230900321 ], [ 0.210985599673484, 51.55219241250628 ], [ 0.210934032925771, 51.552182026580844 ], [ 0.210860644798185, 51.552167240778651 ], [ 0.21071751074637, 51.552138409742945 ], [ 0.210592090206645, 51.552113147581508 ], [ 0.210574697409432, 51.55210964442886 ], [ 0.21054551989371, 51.552103764442826 ], [ 0.210535876737749, 51.55210182387092 ], [ 0.210433646760634, 51.55208123241237 ], [ 0.210402974545048, 51.552074571193643 ], [ 0.209987912907044, 51.551984505163688 ], [ 0.209969457337512, 51.551980500354077 ], [ 0.209589558134299, 51.551898043804442 ], [ 0.209564192848539, 51.551892541390167 ], [ 0.209500065015127, 51.55187862343098 ], [ 0.209461864060291, 51.551870336689234 ], [ 0.209449305234518, 51.551867610114989 ], [ 0.2093512692373, 51.551846327156071 ], [ 0.209306384337472, 51.551836588016705 ], [ 0.209213918026454, 51.551816530974861 ], [ 0.209197897143531, 51.55181305572777 ], [ 0.209016709852178, 51.551773725180965 ], [ 0.208926838169998, 51.551754221565673 ], [ 0.20888616663095, 51.55174540112224 ], [ 0.208712983288233, 51.551707812364576 ], [ 0.208693755220129, 51.551703637544826 ], [ 0.208686065565476, 51.551701970284327 ], [ 0.208625152727807, 51.551688751197275 ], [ 0.208468209144572, 51.551654682739155 ], [ 0.208446357281217, 51.551649941270057 ], [ 0.208255113494167, 51.551608442751181 ], [ 0.208240710682367, 51.55160531460858 ], [ 0.208221789034967, 51.551601210380973 ], [ 0.208099686633807, 51.551574704953097 ], [ 0.208075050534251, 51.551569359349777 ], [ 0.208068140846125, 51.551567861718766 ], [ 0.208017014797127, 51.551556597471389 ], [ 0.207834344933268, 51.551517109532973 ], [ 0.207825264709679, 51.551515171626448 ], [ 0.207810513126782, 51.551512585081724 ], [ 0.207790655120648, 51.551509100945374 ], [ 0.207725653952872, 51.55149768052074 ], [ 0.20771494634078, 51.551495795726282 ], [ 0.20763769609067, 51.55148223170049 ], [ 0.207507927344846, 51.551459444700981 ], [ 0.207494964910367, 51.551457166170891 ], [ 0.207461548222056, 51.551451302257917 ], [ 0.207351753963891, 51.55143201956642 ], [ 0.207296398565685, 51.551422296877405 ], [ 0.207286971355607, 51.551420639747299 ], [ 0.207270881168593, 51.551417813036053 ], [ 0.207245058530703, 51.551413280976305 ], [ 0.207205512967619, 51.55140834172208 ], [ 0.207198256885952, 51.551407435105716 ], [ 0.20715350159249, 51.55140184747043 ], [ 0.207119485010012, 51.551397595508462 ], [ 0.207017479402598, 51.551384856718265 ], [ 0.206999295548526, 51.551382581975666 ], [ 0.206941494131938, 51.551375369241413 ], [ 0.206901208440464, 51.551370335896621 ], [ 0.206886971854224, 51.5513685534114 ], [ 0.206868643030444, 51.551366263390612 ], [ 0.206801191927818, 51.551351300337444 ], [ 0.206777133854196, 51.551345970559858 ], [ 0.206721129520958, 51.551333561901032 ], [ 0.206689664487443, 51.551326590869806 ], [ 0.206554035042194, 51.551296534311426 ], [ 0.206530954313846, 51.551291428904179 ], [ 0.206525078347212, 51.551290127563007 ], [ 0.20648075228297, 51.551280286883959 ], [ 0.206469641838658, 51.551277825007588 ], [ 0.20629184520009, 51.551238417410332 ], [ 0.206016898039151, 51.55117747328368 ], [ 0.20592120536901, 51.551156260250053 ], [ 0.205551150694956, 51.551074243779411 ], [ 0.205508908840568, 51.551063347316507 ], [ 0.205417441957683, 51.551039725195331 ], [ 0.205408254402047, 51.551037352956158 ], [ 0.205222268178671, 51.550989320539188 ], [ 0.205161500480645, 51.55097622730095 ], [ 0.204705243840124, 51.550877977923271 ], [ 0.204695521317087, 51.550875876483133 ], [ 0.204590953464087, 51.550853354351403 ], [ 0.204574031090779, 51.550849715552118 ], [ 0.204530331105188, 51.550840276035828 ], [ 0.204408894805217, 51.550814032980618 ], [ 0.204227856522753, 51.550774925962912 ], [ 0.204221195106716, 51.550773486387094 ], [ 0.204180818332952, 51.550764757674791 ], [ 0.204148954467443, 51.550757874387003 ], [ 0.204136564375126, 51.550755193527053 ], [ 0.204029792779217, 51.550732127762842 ], [ 0.203997272646154, 51.550725094893231 ], [ 0.203981778281434, 51.550721752917688 ], [ 0.203943107663578, 51.550713405735713 ], [ 0.203932787410238, 51.550711171576864 ], [ 0.203850693518752, 51.550693433363612 ], [ 0.203831219373432, 51.550689221892895 ], [ 0.203791295133604, 51.550680601449699 ], [ 0.203743703439103, 51.550670317483558 ], [ 0.203709864697167, 51.550662859661472 ], [ 0.203656372411273, 51.550651058805158 ], [ 0.203591493603033, 51.550636747001263 ], [ 0.203451763503505, 51.550605918520247 ], [ 0.203446850125008, 51.550604832754821 ], [ 0.203312077692289, 51.550575107024585 ], [ 0.203291680997367, 51.550570607033563 ], [ 0.203256821478536, 51.550562916453096 ], [ 0.203116246441335, 51.550531905595427 ], [ 0.203052461380105, 51.550517833739264 ], [ 0.203022077766692, 51.550511129165358 ], [ 0.202986271022567, 51.550503235921532 ], [ 0.202898648798844, 51.550483905585011 ], [ 0.202882596579048, 51.550480358087654 ], [ 0.202840142553983, 51.550471613918248 ], [ 0.202698721245725, 51.550442479832206 ], [ 0.202332427327866, 51.550367000847501 ], [ 0.202339530125851, 51.550384763702958 ], [ 0.202387993770078, 51.55050579082679 ], [ 0.202461797835236, 51.550690101917205 ], [ 0.202481396828999, 51.550739042625864 ], [ 0.202526024422148, 51.550825391905299 ], [ 0.202538736727497, 51.550849991901998 ], [ 0.202679310958933, 51.551019334307639 ], [ 0.202709866672042, 51.551092053587602 ], [ 0.202711152232049, 51.551100159142436 ], [ 0.202638790591925, 51.551113119353325 ], [ 0.202631484737215, 51.551113868105929 ], [ 0.202575390933694, 51.551119598081627 ], [ 0.202549827638931, 51.551122218564792 ], [ 0.202550703455108, 51.551125421621066 ], [ 0.202637561364457, 51.551445363087097 ], [ 0.202526975123069, 51.551478960775377 ], [ 0.202465192679546, 51.551497738523004 ], [ 0.202410127578652, 51.551531966013059 ], [ 0.202402087824531, 51.551535741201803 ], [ 0.202366385243347, 51.551552437318392 ], [ 0.202353704723326, 51.55155838604518 ], [ 0.202339301996114, 51.551565113536597 ], [ 0.202307325452682, 51.551582800836101 ], [ 0.202289643571847, 51.551592418214327 ], [ 0.202278014706527, 51.551596725738811 ], [ 0.202336229452389, 51.551725310190932 ], [ 0.202342609519289, 51.551734965796449 ], [ 0.202433639536112, 51.55182156774093 ], [ 0.202448378046224, 51.55183315273959 ], [ 0.202451766880796, 51.551835822973828 ], [ 0.20245878380864, 51.55184133880897 ], [ 0.202495634971895, 51.551858596769343 ], [ 0.202517875280316, 51.551869006660901 ], [ 0.202610145692533, 51.551901204294296 ], [ 0.202614972525789, 51.551902885259189 ], [ 0.202647689201483, 51.551909195370705 ], [ 0.202717051999481, 51.551912973548966 ], [ 0.202780440287097, 51.551916396276511 ], [ 0.202840301201957, 51.551916072185655 ], [ 0.202847747492938, 51.551914943073449 ], [ 0.203014317628643, 51.551889736034624 ], [ 0.203029557609796, 51.551888100773589 ], [ 0.203081204348506, 51.551882562036077 ], [ 0.203089112274696, 51.551885318218673 ], [ 0.203108464642005, 51.551892077123547 ], [ 0.202879446314826, 51.552180145661289 ], [ 0.202830163216163, 51.552242125146023 ], [ 0.202797297784529, 51.552283447677752 ], [ 0.202786741550887, 51.55228179970338 ], [ 0.202783608374917, 51.552283679647765 ], [ 0.202769281776783, 51.552278989108792 ], [ 0.202757734124771, 51.55229227289999 ], [ 0.202450992308827, 51.552645228445364 ], [ 0.202427637546659, 51.552672106602294 ], [ 0.202574934719916, 51.552723909747392 ], [ 0.202647101383346, 51.552749290509922 ], [ 0.202680484178341, 51.552761019884521 ], [ 0.202698049566708, 51.552767209886404 ], [ 0.202782586307093, 51.552796935657362 ], [ 0.202791713547961, 51.552800145584527 ], [ 0.202890689742745, 51.552834950887089 ], [ 0.202895459040213, 51.552836632919984 ], [ 0.202927404010962, 51.552847858644462 ], [ 0.202980142760098, 51.552866409742713 ], [ 0.203074599705901, 51.552899627083391 ], [ 0.203114630590047, 51.5529137045162 ], [ 0.203131682137696, 51.552919706258891 ], [ 0.203139870150137, 51.552922583076139 ], [ 0.203154470674277, 51.552927713575556 ], [ 0.20324361576785, 51.552959061101916 ], [ 0.20331728008874, 51.552984970872529 ], [ 0.203419037819995, 51.553020753158933 ], [ 0.203438268011693, 51.553027509802213 ], [ 0.20349466125699, 51.553047349942645 ], [ 0.203540840763462, 51.553063586925802 ], [ 0.203579844879257, 51.553077305783518 ], [ 0.203603903418021, 51.553085770272816 ], [ 0.203708889935598, 51.55312268770092 ], [ 0.203721363107751, 51.553127075713327 ], [ 0.203756404946961, 51.553139394116371 ], [ 0.203829688199301, 51.553165166831512 ], [ 0.203846915916728, 51.553171228108425 ], [ 0.203876719156535, 51.553181705131728 ], [ 0.203671071899183, 51.553538849349984 ], [ 0.203608415779834, 51.553517481269573 ], [ 0.203598471714508, 51.553514088911285 ], [ 0.203535640115535, 51.553492670130595 ], [ 0.20346171999956, 51.553467457778154 ], [ 0.203446686903188, 51.553462335447698 ], [ 0.20343184099418, 51.553453621379319 ], [ 0.203405214905819, 51.553483250111356 ], [ 0.20316018067225, 51.553755585560367 ], [ 0.203140731998364, 51.553754557042772 ], [ 0.203124658517624, 51.553750893103157 ], [ 0.203087450256256, 51.553742410275262 ], [ 0.203073810456825, 51.553738062100742 ], [ 0.203043568741913, 51.553728067945514 ], [ 0.202978340610909, 51.553685097130035 ], [ 0.202964530600538, 51.55367782041246 ], [ 0.202944237616613, 51.553667131223335 ], [ 0.202939282516993, 51.553663096510206 ], [ 0.202909083908173, 51.55363845636036 ], [ 0.202810048031587, 51.553593786861605 ], [ 0.202788582266971, 51.553587787058134 ], [ 0.202729983539356, 51.553571423349297 ], [ 0.202610062299647, 51.553557722298812 ], [ 0.202596474084419, 51.553557428955543 ], [ 0.20248984934349, 51.553555159976241 ], [ 0.202480639829162, 51.553555926492116 ], [ 0.202477121846103, 51.55355895127488 ], [ 0.202414159774578, 51.553613120764368 ], [ 0.202398522553426, 51.553626562268228 ], [ 0.20230490391943, 51.55373895280384 ], [ 0.202302298524857, 51.553746241125111 ], [ 0.20226640955297, 51.553846683827892 ], [ 0.202264440193219, 51.553852206562262 ], [ 0.202337600384422, 51.553887677003047 ], [ 0.202343641761679, 51.55389060768001 ], [ 0.202357686383042, 51.553899458341455 ], [ 0.202479162513217, 51.553963734218847 ], [ 0.20248366265519, 51.553966113785918 ], [ 0.202494647254504, 51.55397014318585 ], [ 0.202500227546066, 51.553972187708325 ], [ 0.202553186792819, 51.554006040980461 ], [ 0.202557120629179, 51.554008044481215 ], [ 0.202582557177467, 51.554020993297492 ], [ 0.202598883770774, 51.554029301953015 ], [ 0.202704960671241, 51.554065021694129 ], [ 0.202715524776443, 51.554069603049861 ], [ 0.202825194940512, 51.554101761390903 ], [ 0.202831808607071, 51.554103696554648 ], [ 0.202840096543632, 51.554107443837211 ], [ 0.202847544331421, 51.554110820201487 ], [ 0.202854887721781, 51.554112930509319 ], [ 0.202873070217251, 51.554118146631581 ], [ 0.202963474007914, 51.554136080078763 ], [ 0.203062308846866, 51.554167893176967 ], [ 0.203092803561493, 51.554177743178634 ], [ 0.203166383549494, 51.55418812364492 ], [ 0.203173180984951, 51.554189084089352 ], [ 0.20321552148871, 51.554204961650733 ], [ 0.203227420543687, 51.554208209391824 ], [ 0.203400056615276, 51.554255272645918 ], [ 0.203579376194645, 51.554276436029447 ], [ 0.203619821491458, 51.554281143744156 ], [ 0.203687950571952, 51.554293946515202 ], [ 0.203790377030106, 51.554313191186033 ], [ 0.203705765592887, 51.554491665163845 ], [ 0.203686783533923, 51.5545317261058 ], [ 0.203578908380461, 51.554759298452275 ], [ 0.20356811950496, 51.554782028728098 ], [ 0.203563684065056, 51.554792939682592 ], [ 0.203544305429404, 51.554840625148536 ], [ 0.20351307671511, 51.554917445873002 ], [ 0.203495514919271, 51.554960636648708 ], [ 0.203472822642623, 51.555016478094664 ], [ 0.203455544437208, 51.555058971072476 ], [ 0.203448387251272, 51.555076552034578 ], [ 0.203366220747013, 51.555278676457796 ], [ 0.203361114383397, 51.555287495643249 ], [ 0.203326726329567, 51.555283969029844 ], [ 0.203158741530307, 51.555257430340845 ], [ 0.203135270098946, 51.555262790515172 ], [ 0.203121970001312, 51.555261304745045 ], [ 0.203028143938713, 51.555250819016365 ], [ 0.20301070704387, 51.555247909117071 ], [ 0.20295023802018, 51.555237821842681 ], [ 0.202848234869172, 51.555220807768826 ], [ 0.202779729071969, 51.555387575389446 ], [ 0.202659404136051, 51.555680418373662 ], [ 0.202620965600668, 51.555909446398935 ], [ 0.202603389015031, 51.556014212583435 ], [ 0.202614922677025, 51.556069348019896 ], [ 0.202616213419924, 51.556075466012317 ], [ 0.202659618553153, 51.556283239451197 ], [ 0.202771070553813, 51.556293776549587 ], [ 0.203086068478176, 51.556305548073922 ], [ 0.203090158622528, 51.556305705046896 ], [ 0.203118816724131, 51.556306767372512 ], [ 0.203192881126459, 51.556311572001015 ], [ 0.203201260065898, 51.556312116025545 ], [ 0.203241576812279, 51.556314721899426 ], [ 0.20326917424909, 51.556316523559417 ], [ 0.203298593794105, 51.556318416878192 ], [ 0.203365045778061, 51.556322716935398 ], [ 0.203504114432589, 51.556331713694846 ], [ 0.203629877253065, 51.556352552350539 ], [ 0.203600045488666, 51.556040452455925 ], [ 0.203754780295023, 51.55603004434321 ], [ 0.203947534052381, 51.556017086878782 ], [ 0.204123434904521, 51.556005255252259 ], [ 0.204226461993679, 51.555998327500276 ], [ 0.204310738554989, 51.555992660434526 ], [ 0.204326169408972, 51.555991066369941 ], [ 0.20437352373845, 51.555986165280672 ], [ 0.204442279895223, 51.555979045239809 ], [ 0.204593744965034, 51.555963373622639 ], [ 0.204626630154191, 51.555959967513203 ], [ 0.204634410210105, 51.555959164748856 ], [ 0.20500182211258, 51.555915250123412 ], [ 0.20500634, 51.555914706523644 ], [ 0.205092505689872, 51.55591052319523 ], [ 0.205266765290511, 51.555902057134539 ] ] ] } },
{ "type": "Feature", "properties": { "lsoa21cd": "E01002352", "lsoa21nm": "Havering 016D", "msoa21cd": "E02000479", "msoa21nm": "Havering 016", "lad22cd": "E09000016", "lad22nm": "Havering", "index_right": 126, "GSS_CODE": "E05000315", "risk_score": 0.0015480061857407062, "allocation_hours": 0.025825979126327003, "patrol_units": 0 }, "geometry": { "type": "Polygon", "coordinates": [ [ [ 0.200559029345935, 51.574942689895998 ], [ 0.200632494674073, 51.574894691607902 ], [ 0.200664092988328, 51.574874053254199 ], [ 0.200674439139935, 51.574867294212076 ], [ 0.200678580049787, 51.574864581556 ], [ 0.200943045553939, 51.57469179998877 ], [ 0.201471775251879, 51.574367893842748 ], [ 0.201514247373582, 51.574341880139144 ], [ 0.201293947792019, 51.574318893391585 ], [ 0.201282182984908, 51.574317936181046 ], [ 0.201110129888615, 51.574303935582805 ], [ 0.200633325814185, 51.574301383220849 ], [ 0.200609283510109, 51.574301254398719 ], [ 0.200601019051069, 51.574301207162577 ], [ 0.200549888629386, 51.574300934718181 ], [ 0.200462048539159, 51.574300460868002 ], [ 0.200432860116538, 51.57430030717952 ], [ 0.20036938740137, 51.574299969507258 ], [ 0.200353161709437, 51.574299878303329 ], [ 0.200277102437713, 51.574303684217732 ], [ 0.200206628717655, 51.574307200917644 ], [ 0.20019203048847, 51.574307937981054 ], [ 0.200115927713726, 51.574311740110467 ], [ 0.20010715973287, 51.574312174417969 ], [ 0.200103013217347, 51.574312378122649 ], [ 0.200095815573837, 51.574312755985368 ], [ 0.199960317951085, 51.57431952949657 ], [ 0.199912252858227, 51.57432191963256 ], [ 0.199923580650989, 51.574281220782645 ], [ 0.199941156173855, 51.574218066190639 ], [ 0.199951107481233, 51.57418233929252 ], [ 0.199952226648733, 51.574178316425886 ], [ 0.199973751532103, 51.574101004748094 ], [ 0.20005650848329, 51.57384990625296 ], [ 0.200071312460642, 51.573804987410377 ], [ 0.200076001490427, 51.57379075619442 ], [ 0.200077606029047, 51.573785876182498 ], [ 0.200115383486115, 51.573671244476898 ], [ 0.200121952602516, 51.573651264751113 ], [ 0.200123419470131, 51.573646821681805 ], [ 0.20013807392952, 51.57360239575047 ], [ 0.200149880397126, 51.573574165627356 ], [ 0.20016266509704, 51.57354362843774 ], [ 0.200164076282737, 51.573540274561275 ], [ 0.200249032937508, 51.5733374897885 ], [ 0.20028863374545, 51.573243013004145 ], [ 0.200347977370052, 51.573123435061873 ], [ 0.200370007666494, 51.5730790460441 ], [ 0.200378942160837, 51.573064723451864 ], [ 0.200489354320224, 51.57288754397004 ], [ 0.200845543089592, 51.572316843335841 ], [ 0.20085115489362, 51.57230783496383 ], [ 0.200910750800538, 51.572212013181186 ], [ 0.200784244450086, 51.572176723389411 ], [ 0.200618280875189, 51.572130251138006 ], [ 0.200500314262493, 51.572097212680099 ], [ 0.200507110098774, 51.572051140073597 ], [ 0.200383797845048, 51.572019164071179 ], [ 0.200060005474026, 51.571900660448847 ], [ 0.200015998883771, 51.571892151461974 ], [ 0.199684088994708, 51.571836273257475 ], [ 0.199511836761297, 51.57179550206515 ], [ 0.199379363342472, 51.571764146517388 ], [ 0.199256153661316, 51.571764182371879 ], [ 0.19921160616331, 51.571764199568676 ], [ 0.199313043644433, 51.571476140769015 ], [ 0.199340116494066, 51.571399264688722 ], [ 0.19924786508251, 51.571386201630297 ], [ 0.199238406301095, 51.571384868227405 ], [ 0.199071500066122, 51.571361244636705 ], [ 0.199054078387763, 51.571358774570591 ], [ 0.198947733135164, 51.571343718373114 ], [ 0.198935949328525, 51.571342050845317 ], [ 0.198828936167662, 51.571326908144044 ], [ 0.198816919735356, 51.571325204498443 ], [ 0.198800864402149, 51.571322938092372 ], [ 0.198709746538849, 51.571310033214736 ], [ 0.198694693623512, 51.57130790537358 ], [ 0.198650711389205, 51.57130167963637 ], [ 0.19863068904642, 51.571298844598005 ], [ 0.198499265800091, 51.571280247380159 ], [ 0.198488789586965, 51.571278762127982 ], [ 0.198433153828591, 51.571270875286046 ], [ 0.198412448679091, 51.571267945097496 ], [ 0.19840394888085, 51.571266746527456 ], [ 0.198381994711262, 51.571263650899866 ], [ 0.198304898442866, 51.571252730725909 ], [ 0.198278627975127, 51.571249005445608 ], [ 0.198274080562906, 51.571248371245645 ], [ 0.198225608233752, 51.571241500890935 ], [ 0.198174956795378, 51.571234329626797 ], [ 0.198144807353424, 51.571230065498973 ], [ 0.198134069469407, 51.571228540109168 ], [ 0.198113916547443, 51.571225689356936 ], [ 0.198102162059356, 51.571224030137671 ], [ 0.198082444705663, 51.571221234167034 ], [ 0.198054213149597, 51.571217239830474 ], [ 0.19799095057105, 51.571208299414344 ], [ 0.197979065032373, 51.571206615659783 ], [ 0.197874305775014, 51.571191816076187 ], [ 0.197859441653118, 51.57118971150269 ], [ 0.197767235539151, 51.571176673007244 ], [ 0.197738089221789, 51.571172560841397 ], [ 0.197666225202893, 51.571162405509988 ], [ 0.197627532399207, 51.571156934408954 ], [ 0.197589377390886, 51.571151543147316 ], [ 0.197576547365952, 51.57114972416889 ], [ 0.197560855396814, 51.571147509167751 ], [ 0.197556235048908, 51.571146858320283 ], [ 0.197538465323783, 51.571144349509133 ], [ 0.197525693623163, 51.571142542921656 ], [ 0.197470742485411, 51.571134781939179 ], [ 0.197463724161835, 51.571133780328758 ], [ 0.197403513340742, 51.571125277023157 ], [ 0.197324427998166, 51.571114096689364 ], [ 0.19730893919935, 51.571111904826346 ], [ 0.197294061142133, 51.571109809434219 ], [ 0.197241114662289, 51.571102321041344 ], [ 0.19719352247673, 51.571095591141152 ], [ 0.197120605393652, 51.571085288829579 ], [ 0.197105828709834, 51.571083200507026 ], [ 0.197097910008765, 51.57108208084761 ], [ 0.197051502215161, 51.571075522049355 ], [ 0.196998599496868, 51.571068041718569 ], [ 0.196954545582148, 51.571061816490548 ], [ 0.196929976048585, 51.571058346815583 ], [ 0.196921810522977, 51.571057195795888 ], [ 0.196927250458514, 51.571049998438831 ], [ 0.196922318698508, 51.571049173540153 ], [ 0.196881298474558, 51.571047208081112 ], [ 0.196674476499205, 51.571037304886261 ], [ 0.196679824572217, 51.571024605562371 ], [ 0.196665243648327, 51.57102058902106 ], [ 0.196391258707919, 51.57094622264561 ], [ 0.196382748948641, 51.570946013303562 ], [ 0.196334102411102, 51.570940157126955 ], [ 0.196298894725872, 51.570988906391619 ], [ 0.196205916127906, 51.571109013086122 ], [ 0.196151817494609, 51.571178867353545 ], [ 0.196147566124527, 51.571184378720069 ], [ 0.196122283511063, 51.571217038007873 ], [ 0.196110248343777, 51.571214043890421 ], [ 0.196080291490388, 51.571206583115945 ], [ 0.195977887843705, 51.571181054063871 ], [ 0.195883065345988, 51.571157424378377 ], [ 0.195844768286518, 51.571147880450795 ], [ 0.195740071887084, 51.57112178259149 ], [ 0.195724233461285, 51.571124615143269 ], [ 0.195689146674211, 51.571131090498305 ], [ 0.1956796195596, 51.571177780528856 ], [ 0.195677318367036, 51.571189028857859 ], [ 0.195609741919533, 51.571267004074393 ], [ 0.195600003812389, 51.571274551631163 ], [ 0.195518493122485, 51.571337670475216 ], [ 0.195501677407902, 51.571343884666582 ], [ 0.195382349602235, 51.571387953803878 ], [ 0.195374012235168, 51.571391626128339 ], [ 0.195364049694675, 51.571396012340543 ], [ 0.195351874436322, 51.571399100019029 ], [ 0.195342579133118, 51.571401459312796 ], [ 0.195344104439103, 51.571406763594744 ], [ 0.195356972752344, 51.571436352408895 ], [ 0.195362765812951, 51.571449670478771 ], [ 0.1953668398021, 51.571459054826192 ], [ 0.195379819080879, 51.571511627604352 ], [ 0.195380856916716, 51.571515798902965 ], [ 0.195347918907394, 51.57162565315241 ], [ 0.195342497137585, 51.571635781811331 ], [ 0.195290614769384, 51.571682320405472 ], [ 0.195274326917415, 51.571693506794212 ], [ 0.195202514366384, 51.571742873499808 ], [ 0.195150589324787, 51.571749115311086 ], [ 0.195133570319846, 51.571751560704854 ], [ 0.195102012928376, 51.57187526971191 ], [ 0.195097579267767, 51.571879696305302 ], [ 0.19498799746875, 51.571989105475083 ], [ 0.194972846295898, 51.57199707804385 ], [ 0.194958946746364, 51.572003921049117 ], [ 0.194893500703638, 51.572029373006728 ], [ 0.194879248484739, 51.572024693607723 ], [ 0.194830274364362, 51.57200860445294 ], [ 0.194731183428637, 51.571981465545669 ], [ 0.194717919878689, 51.571977837788545 ], [ 0.194697087056517, 51.571966860530829 ], [ 0.194660469188633, 51.571944541752551 ], [ 0.1946495857774, 51.571941193193595 ], [ 0.194601656183873, 51.571926114089081 ], [ 0.194597213220258, 51.571924052405365 ], [ 0.194571683928209, 51.571913540714405 ], [ 0.194527736305395, 51.571895441864477 ], [ 0.194521322770444, 51.571893214709903 ], [ 0.194453753535792, 51.571869757374394 ], [ 0.194445327435998, 51.571864393352918 ], [ 0.194441160667869, 51.571861773426754 ], [ 0.194394012432298, 51.57184313638033 ], [ 0.19436054881405, 51.571831779378428 ], [ 0.194348202440656, 51.571829816103737 ], [ 0.194303502353841, 51.571822765630444 ], [ 0.194278086852032, 51.571813416334756 ], [ 0.194243708769454, 51.571800898328135 ], [ 0.194214464749695, 51.571795806881305 ], [ 0.194107796661558, 51.57177792807795 ], [ 0.194098358001563, 51.571774912155853 ], [ 0.194071273458673, 51.57176626401656 ], [ 0.194061644343371, 51.571763188703677 ], [ 0.194044100688602, 51.571757581549477 ], [ 0.193999934157381, 51.571730727427429 ], [ 0.193976746882345, 51.571726296007292 ], [ 0.193951287281635, 51.571721425967425 ], [ 0.193895009127472, 51.571700783209224 ], [ 0.193891262179077, 51.571698339765149 ], [ 0.193885126025371, 51.571696327713688 ], [ 0.193748730805114, 51.571660007001924 ], [ 0.193640047341369, 51.571622574252196 ], [ 0.193627517386441, 51.571614993720317 ], [ 0.193623133121199, 51.571612350852924 ], [ 0.193588052410845, 51.571587921096139 ], [ 0.193572281997379, 51.571584524450529 ], [ 0.193527173258725, 51.571576321223034 ], [ 0.193509826779514, 51.571567760600097 ], [ 0.193494877400505, 51.57155998249474 ], [ 0.193440400887941, 51.571536585436071 ], [ 0.193429128778033, 51.571534152321149 ], [ 0.193413977854152, 51.571530883458614 ], [ 0.193382446231305, 51.571522480201075 ], [ 0.193342903400974, 51.571511933551534 ], [ 0.193334251584287, 51.571509732902435 ], [ 0.193309289706124, 51.571499846118186 ], [ 0.193287406979638, 51.571495830816716 ], [ 0.193249771109311, 51.571488926601525 ], [ 0.193205634963347, 51.571477989177588 ], [ 0.193189686214633, 51.571474033752772 ], [ 0.193178298633897, 51.571471899541038 ], [ 0.193104250332183, 51.571458023183538 ], [ 0.1930984698222, 51.571456953198741 ], [ 0.193080853067149, 51.571457021835407 ], [ 0.193066913844792, 51.57145434179116 ], [ 0.193026926937784, 51.571443560526014 ], [ 0.193015595352499, 51.571440489980752 ], [ 0.193002889042288, 51.571437040456416 ], [ 0.19297615218154, 51.571426011406821 ], [ 0.19297174381127, 51.57142526648434 ], [ 0.192952596613103, 51.571422018329102 ], [ 0.192939507826787, 51.571418117307331 ], [ 0.192870710383534, 51.571397595722161 ], [ 0.192856860215035, 51.571393466116689 ], [ 0.192815508949186, 51.571378618480075 ], [ 0.192802146890386, 51.571370235052619 ], [ 0.192783248986164, 51.571358366928266 ], [ 0.192779936819715, 51.57135596028256 ], [ 0.192690392290187, 51.571325174309891 ], [ 0.192680104253291, 51.571323397196288 ], [ 0.192660037126829, 51.571319923380777 ], [ 0.192629129692122, 51.571314741223318 ], [ 0.192606817225088, 51.57130823827282 ], [ 0.192533086151074, 51.571285344643208 ], [ 0.192433720716637, 51.571313808005549 ], [ 0.192381495687534, 51.571344870342621 ], [ 0.192372741321334, 51.571350079061041 ], [ 0.19233314185113, 51.571380963811372 ], [ 0.19233035980509, 51.571383129169405 ], [ 0.19230163929272, 51.571553534575472 ], [ 0.192300705198121, 51.571559078226947 ], [ 0.192299956578888, 51.571563557238889 ], [ 0.192302090867855, 51.571565927462302 ], [ 0.192151994137127, 51.571668852096295 ], [ 0.192093136484659, 51.571709197649227 ], [ 0.192090537354022, 51.571713967549272 ], [ 0.192086916595505, 51.571720600107447 ], [ 0.192057077955494, 51.571775322595364 ], [ 0.192083625685264, 51.571843649709095 ], [ 0.192171837490833, 51.571915887235484 ], [ 0.192132018830113, 51.571935022190829 ], [ 0.192110142018347, 51.571945539227663 ], [ 0.192097334257557, 51.571951687019848 ], [ 0.192052959157679, 51.571973002483055 ], [ 0.191907224628583, 51.572043029886885 ], [ 0.191866234963977, 51.572062726221247 ], [ 0.191759854749593, 51.57221503668449 ], [ 0.191782548453005, 51.572226011172098 ], [ 0.191769322154106, 51.572265782539844 ], [ 0.191844171861188, 51.572275597899818 ], [ 0.19192185343834, 51.572285782953088 ], [ 0.191935882441916, 51.572287625103819 ], [ 0.191945598156898, 51.572288900375746 ], [ 0.19201415578071, 51.572302313514044 ], [ 0.192058194554457, 51.572310915019315 ], [ 0.192121916167805, 51.572323393285345 ], [ 0.192165969830777, 51.572332003464012 ], [ 0.192183262166876, 51.572335385336366 ], [ 0.19222676277792, 51.572343897913889 ], [ 0.192313236308846, 51.572364053450045 ], [ 0.192362493394551, 51.572375533966934 ], [ 0.192386068586659, 51.572382026837438 ], [ 0.192434741379288, 51.572395460730938 ], [ 0.19245265725904, 51.572400404677992 ], [ 0.192469432106522, 51.57240502822053 ], [ 0.19248840036046, 51.57241024925623 ], [ 0.192574367576193, 51.572433975282493 ], [ 0.192606338121742, 51.572442793211323 ], [ 0.192640370594255, 51.572452175110165 ], [ 0.192658616794945, 51.572457985168448 ], [ 0.192664581788919, 51.572459888070831 ], [ 0.192707448963245, 51.572473529316909 ], [ 0.192750551174902, 51.57248725608202 ], [ 0.192829764538456, 51.572512475129052 ], [ 0.192903115629594, 51.572535825282458 ], [ 0.19291154266095, 51.572538509489014 ], [ 0.192924044076004, 51.572542493434419 ], [ 0.192934185698784, 51.572545721129025 ], [ 0.19294605676263, 51.572549501027424 ], [ 0.193002627703057, 51.572567517297713 ], [ 0.193026355436547, 51.572575077348134 ], [ 0.19306954520888, 51.572588820340748 ], [ 0.193163356322909, 51.572618694326337 ], [ 0.19318201284707, 51.572624631521748 ], [ 0.193196950959779, 51.572629379236133 ], [ 0.193346522713303, 51.572677005587416 ], [ 0.193353791735035, 51.572679315727868 ], [ 0.193363382652031, 51.572682193964603 ], [ 0.193424485414736, 51.572700511964968 ], [ 0.193434998955135, 51.572703669707863 ], [ 0.193439332894945, 51.572704964574228 ], [ 0.193444701558609, 51.572708569269473 ], [ 0.193456376401029, 51.57271006856746 ], [ 0.19354641281348, 51.572737063139641 ], [ 0.193631617376209, 51.572762610221503 ], [ 0.193646523001146, 51.572767070709133 ], [ 0.193830081530334, 51.572822109404107 ], [ 0.193854490795878, 51.572829431707753 ], [ 0.193919459173083, 51.572848900173035 ], [ 0.19396802876518, 51.572863468457129 ], [ 0.194034725404379, 51.572883462088811 ], [ 0.193993443789734, 51.572854503617087 ], [ 0.194128275087796, 51.572896932480496 ], [ 0.194313616534556, 51.572955259944237 ], [ 0.194390340775851, 51.572979400355507 ], [ 0.194409814972224, 51.572985528887855 ], [ 0.194525853841695, 51.573022036317887 ], [ 0.194573652848616, 51.573037077405225 ], [ 0.194553206863022, 51.573061129528277 ], [ 0.194588559145013, 51.573073327927169 ], [ 0.194641594379287, 51.573091616384424 ], [ 0.194723202644742, 51.573119774960354 ], [ 0.194818561522075, 51.573152676224019 ], [ 0.194870496525223, 51.573170589474401 ], [ 0.194893859359513, 51.573178650577496 ], [ 0.194909649949586, 51.573184101549458 ], [ 0.195014107253241, 51.573220132781728 ], [ 0.195145960332656, 51.573265705264433 ], [ 0.195210423230387, 51.573291585449795 ], [ 0.195232658957134, 51.573300512920518 ], [ 0.195256189471439, 51.573309955727879 ], [ 0.19538899992935, 51.573363261948295 ], [ 0.195483682313339, 51.573401274330664 ], [ 0.195513408142782, 51.573413200069403 ], [ 0.195542162898384, 51.573424739296705 ], [ 0.195576318714522, 51.573438452620053 ], [ 0.195689042797228, 51.573483699134002 ], [ 0.195554048683772, 51.573725196785986 ], [ 0.195369303627968, 51.573679203068245 ], [ 0.195358387906929, 51.573677590833171 ], [ 0.195105016242003, 51.573640183670562 ], [ 0.195081616419144, 51.573644848365035 ], [ 0.194932982372725, 51.573674447430783 ], [ 0.194928249484932, 51.573674760838635 ], [ 0.194856194377624, 51.573679589721749 ], [ 0.194833897531757, 51.573681086183285 ], [ 0.194819035753608, 51.573682641334258 ], [ 0.194808554615154, 51.573685859134372 ], [ 0.194730793120692, 51.573709751929627 ], [ 0.194728367471345, 51.573713925100733 ], [ 0.194698018630003, 51.573766103753691 ], [ 0.194687462852866, 51.573784260271317 ], [ 0.194617606822977, 51.573859660695689 ], [ 0.194613546084555, 51.573864044323223 ], [ 0.194611850705555, 51.573870497034534 ], [ 0.194611238603546, 51.573875769379704 ], [ 0.194601490378929, 51.573959271719112 ], [ 0.194599302014664, 51.57396687576373 ], [ 0.194576113271854, 51.574047284238006 ], [ 0.194570291309027, 51.57406754644493 ], [ 0.194558404859195, 51.574065556611686 ], [ 0.193801230475993, 51.573938632781733 ], [ 0.193772485780272, 51.573950393743566 ], [ 0.193755955223221, 51.573957159934849 ], [ 0.193750056293599, 51.57395033669814 ], [ 0.193741835447555, 51.573941146778083 ], [ 0.193712712692599, 51.573924056331023 ], [ 0.193653442938816, 51.573906378702503 ], [ 0.193578389157635, 51.573883987197625 ], [ 0.193424314280441, 51.573838028219207 ], [ 0.193419534832175, 51.573837074427402 ], [ 0.193407330106569, 51.57383566597894 ], [ 0.193402105689503, 51.57383506224221 ], [ 0.193374120212433, 51.573834407588365 ], [ 0.19336222992082, 51.573834135362596 ], [ 0.193307180602226, 51.573837134415243 ], [ 0.193222883292164, 51.573957530729842 ], [ 0.193156619581764, 51.574027561785897 ], [ 0.193148305699505, 51.574033535726677 ], [ 0.193140061315172, 51.574039454409331 ], [ 0.193137187884756, 51.574041522574213 ], [ 0.19294788339963, 51.574097833500964 ], [ 0.192941096439082, 51.574099848941934 ], [ 0.192904441700702, 51.574112935693194 ], [ 0.192850418097388, 51.574121365104226 ], [ 0.192843812993784, 51.574122360932293 ], [ 0.192834470771206, 51.574123758667419 ], [ 0.19287260128322, 51.574273219449935 ], [ 0.192870002294878, 51.574283394145496 ], [ 0.192833303255894, 51.574427131730687 ], [ 0.192830582968006, 51.574437785321614 ], [ 0.192827640075853, 51.574441410564063 ], [ 0.192816807219337, 51.574454724892796 ], [ 0.192736480692768, 51.57451655179846 ], [ 0.192623328169226, 51.574569513812051 ], [ 0.19260639262799, 51.574576269434104 ], [ 0.192606356321033, 51.574599220201343 ], [ 0.192682462255729, 51.57468233123371 ], [ 0.192686855070324, 51.574686197016113 ], [ 0.192781014517798, 51.574768385869945 ], [ 0.192862450355329, 51.574784970462147 ], [ 0.193047562770203, 51.574802260123214 ], [ 0.193058246131982, 51.57480323841353 ], [ 0.193061801731777, 51.574824350386272 ], [ 0.193061470255524, 51.574849860674647 ], [ 0.193061245490454, 51.574867688962968 ], [ 0.193052137295101, 51.574879954853436 ], [ 0.193029961240101, 51.574909776609765 ], [ 0.193017694389686, 51.57492628330283 ], [ 0.192954449244067, 51.575011397498251 ], [ 0.19293451043849, 51.575038227703793 ], [ 0.192916035076368, 51.575063079063355 ], [ 0.192906136409453, 51.575060413393288 ], [ 0.192901852674887, 51.575063766943174 ], [ 0.192897179469911, 51.57506742454428 ], [ 0.192878692549351, 51.575075234418087 ], [ 0.192854405764789, 51.575085481925356 ], [ 0.192854615254353, 51.575089237073541 ], [ 0.192889455053437, 51.575105159644139 ], [ 0.19288491016457, 51.57511238505824 ], [ 0.192875803370526, 51.575126782246329 ], [ 0.193041239280235, 51.575174525844162 ], [ 0.193291822136211, 51.57524681929506 ], [ 0.193300749600856, 51.575249395180293 ], [ 0.193247577834786, 51.575268807276785 ], [ 0.193243718187693, 51.575271676279463 ], [ 0.193214567145949, 51.575293310017493 ], [ 0.193157212810954, 51.575350579801437 ], [ 0.193155919039638, 51.575353086059749 ], [ 0.193131105633363, 51.575400988081896 ], [ 0.19312977162766, 51.57540355804327 ], [ 0.193119248350241, 51.575440410228261 ], [ 0.193118722618874, 51.575452281798832 ], [ 0.193118512060218, 51.575457204895805 ], [ 0.193129659328082, 51.575523319639025 ], [ 0.193133946333804, 51.575548527725594 ], [ 0.193141490005802, 51.575570032748224 ], [ 0.193154611445124, 51.57559708104575 ], [ 0.193158119005555, 51.575604290768005 ], [ 0.193181378489531, 51.575640475178687 ], [ 0.193207514433553, 51.575673152482445 ], [ 0.193213380549455, 51.575680488958241 ], [ 0.19321583721329, 51.575683554583229 ], [ 0.193218356546685, 51.575688822316302 ], [ 0.193219455191428, 51.575692758680063 ], [ 0.19344051573214, 51.575688624027165 ], [ 0.193460270014513, 51.575688254528458 ], [ 0.193535049188388, 51.575703375878213 ], [ 0.193751895511096, 51.575747216079037 ], [ 0.193873989415876, 51.575791542581435 ], [ 0.19387617595794, 51.575830072565715 ], [ 0.193876392492269, 51.575833971467979 ], [ 0.193865836932851, 51.575909413207405 ], [ 0.193856383770145, 51.575926802622988 ], [ 0.193849603846729, 51.575938863147286 ], [ 0.19384617054897, 51.575983271761089 ], [ 0.193843089627335, 51.575992124533528 ], [ 0.19383859931894, 51.576004978569834 ], [ 0.19383474736967, 51.576016103004378 ], [ 0.193782593076371, 51.57608934628238 ], [ 0.193780524447202, 51.576092244748985 ], [ 0.193784569090408, 51.576101314943656 ], [ 0.19379102255727, 51.576115753848434 ], [ 0.193788305375663, 51.576174142138932 ], [ 0.193784233209061, 51.576186089052548 ], [ 0.193781412973024, 51.576194361395714 ], [ 0.193777632228529, 51.576205466510174 ], [ 0.193747199397465, 51.576257142932981 ], [ 0.193686703463437, 51.57631630633049 ], [ 0.193683664693835, 51.576318539477128 ], [ 0.193679370560621, 51.576321677419465 ], [ 0.193670421227156, 51.576328247833366 ], [ 0.193483198856585, 51.576396499443398 ], [ 0.193478872721567, 51.576398073198604 ], [ 0.193487103933621, 51.576418863882274 ], [ 0.193491606180436, 51.576430245715898 ], [ 0.193505005990087, 51.576541337146708 ], [ 0.193506850537483, 51.576556572722659 ], [ 0.193981502135195, 51.576638081694689 ], [ 0.193988109123088, 51.576639217099107 ], [ 0.1939849958036, 51.576658790111289 ], [ 0.193979282724624, 51.576669328854635 ], [ 0.193945981713457, 51.576730681474778 ], [ 0.193944629864294, 51.576733179835735 ], [ 0.193905337067091, 51.576805580006585 ], [ 0.193900193823671, 51.576815064899598 ], [ 0.193882548697514, 51.576847567396001 ], [ 0.193875999587373, 51.576859628099008 ], [ 0.193866137306871, 51.576877816549803 ], [ 0.193798434260138, 51.577002547746808 ], [ 0.19379648541306, 51.57700613643194 ], [ 0.193776242044518, 51.577043431315481 ], [ 0.194076259532337, 51.577132631283114 ], [ 0.194182649738663, 51.577164265397514 ], [ 0.194216268038261, 51.577174257063938 ], [ 0.194436868002721, 51.577239851679025 ], [ 0.194516082657235, 51.577263405735508 ], [ 0.194561766316852, 51.577276984533277 ], [ 0.194575471203358, 51.577281053676558 ], [ 0.194673003606902, 51.577310056295332 ], [ 0.194699345208439, 51.577317890798319 ], [ 0.194808562049994, 51.577350361743143 ], [ 0.19493309524309, 51.577387393116815 ], [ 0.194949553063128, 51.577392283006674 ], [ 0.19528439458201, 51.577491835432994 ], [ 0.195301606624661, 51.577496801083385 ], [ 0.195435380612377, 51.57753539456963 ], [ 0.19545213961514, 51.577540242777815 ], [ 0.195461799020833, 51.577543020623594 ], [ 0.195471703035474, 51.577541738056574 ], [ 0.195620537163512, 51.577522494322913 ], [ 0.19582192655816, 51.577484649068495 ], [ 0.195828248553876, 51.577483460524036 ], [ 0.19604067913221, 51.577443528614403 ], [ 0.196236427371623, 51.577396453582679 ], [ 0.196400344857216, 51.577357033907049 ], [ 0.196406294206473, 51.5773556005079 ], [ 0.196410128497351, 51.577354602414694 ], [ 0.196486040815747, 51.577334762928409 ], [ 0.196503629423525, 51.577330170808381 ], [ 0.196616528482557, 51.577300663446572 ], [ 0.196635396039768, 51.577295058122338 ], [ 0.196643008785499, 51.577292802170533 ], [ 0.196704406655963, 51.577273784798805 ], [ 0.196710895496313, 51.577272645240733 ], [ 0.196842300818508, 51.577233636139638 ], [ 0.196851307612302, 51.577230958367593 ], [ 0.196876208480486, 51.577223567283816 ], [ 0.197026130607614, 51.577168689204584 ], [ 0.197043815607438, 51.577162206673002 ], [ 0.197108445528773, 51.577138567299208 ], [ 0.197171087343885, 51.577114704344019 ], [ 0.197177811842367, 51.577112136756718 ], [ 0.197189249206307, 51.577107785689449 ], [ 0.197238845336845, 51.577088892939926 ], [ 0.197318366615982, 51.577058607401405 ], [ 0.197537734607109, 51.576968649768418 ], [ 0.197669061308212, 51.576904991472311 ], [ 0.197737051543036, 51.576872035006815 ], [ 0.197950244923659, 51.576768693870562 ], [ 0.197981334487678, 51.576751375220745 ], [ 0.19798470763988, 51.576749495415065 ], [ 0.19808383788472, 51.57669429099456 ], [ 0.198187577884014, 51.576636518018688 ], [ 0.198232230607396, 51.576611651754384 ], [ 0.198248735950895, 51.576600766611399 ], [ 0.198358973295335, 51.576528096228245 ], [ 0.198426527016788, 51.576483564513467 ], [ 0.19843405959199, 51.576478603049928 ], [ 0.198459629126131, 51.576461747433171 ], [ 0.198493787366616, 51.576439236068268 ], [ 0.198562830587536, 51.576393723054245 ], [ 0.198568803477804, 51.576389789046665 ], [ 0.198615478951504, 51.576355999570268 ], [ 0.198669977513207, 51.576316541696833 ], [ 0.19873877039373, 51.576266743623393 ], [ 0.198825738197336, 51.576200588196805 ], [ 0.198874045574897, 51.576163836304502 ], [ 0.199045515953494, 51.576033396992088 ], [ 0.199072244713538, 51.576013057204733 ], [ 0.199160296827153, 51.575946062831697 ], [ 0.199183656542985, 51.575928286253436 ], [ 0.199228024038232, 51.575894539818783 ], [ 0.199281704555282, 51.575853703090935 ], [ 0.199463802643832, 51.575720734644584 ], [ 0.199644292126454, 51.575587948970679 ], [ 0.199657560409196, 51.575578185495722 ], [ 0.199723985652838, 51.575529312567781 ], [ 0.199887025077716, 51.575409372276098 ], [ 0.200004753627573, 51.575322764513423 ], [ 0.20001680658535, 51.575314435710993 ], [ 0.200083970778408, 51.575268026353385 ], [ 0.200235868690842, 51.575163074573929 ], [ 0.200342571727606, 51.575089362416158 ], [ 0.200412961301557, 51.575040720537061 ], [ 0.2004822196552, 51.574992864245147 ], [ 0.200522303399529, 51.57496667990317 ], [ 0.200542967379789, 51.574953171368328 ], [ 0.200559029345935, 51.574942689895998 ] ] ] } },
{ "type": "Feature", "properties": { "lsoa21cd": "E01002322", "lsoa21nm": "Havering 021C", "msoa21cd": "E02000484", "msoa21nm": "Havering 021", "lad22cd": "E09000016", "lad22nm": "Havering", "index_right": 126, "GSS_CODE": "E05000315", "risk_score": 0.0011099861956228895, "allocation_hours": 0.018518324140256084, "patrol_units": 0 }, "geometry": { "type": "Polygon", "coordinates": [ [ [ 0.192984091912051, 51.561173354253008 ], [ 0.193179567581013, 51.561160661527381 ], [ 0.193375741540513, 51.561270809206121 ], [ 0.193408541796995, 51.561091513347947 ], [ 0.193412641292318, 51.561069053037421 ], [ 0.193418662132277, 51.561036142869526 ], [ 0.193423826964478, 51.561007934077011 ], [ 0.193441432079236, 51.56091169419998 ], [ 0.193473764009863, 51.560734970091929 ], [ 0.193489302569438, 51.560650064097246 ], [ 0.19350108957169, 51.560585552503952 ], [ 0.1935027541456, 51.560582364822601 ], [ 0.193586236427275, 51.560586370358237 ], [ 0.193568213259907, 51.560509196472211 ], [ 0.193561357942605, 51.5604797465922 ], [ 0.193562925799641, 51.560472747673685 ], [ 0.193573551029575, 51.56042353246184 ], [ 0.193573253772425, 51.560419001036699 ], [ 0.193574187886332, 51.560406923913909 ], [ 0.193575423277177, 51.560390911202568 ], [ 0.193588719895743, 51.560329294104747 ], [ 0.193592766589915, 51.560322239836765 ], [ 0.19360595682809, 51.560299213821914 ], [ 0.193608005977058, 51.560295623253928 ], [ 0.193657215443356, 51.56027217544311 ], [ 0.193668795159867, 51.560266661992202 ], [ 0.193678962402515, 51.560257577743165 ], [ 0.193689282046025, 51.560243562462333 ], [ 0.19374391613449, 51.56016926549534 ], [ 0.193756483664999, 51.560080943721168 ], [ 0.193755822500712, 51.560076495543022 ], [ 0.193745427803591, 51.56000569895896 ], [ 0.193677128986091, 51.559905193132465 ], [ 0.1936594004548, 51.559884845202696 ], [ 0.193715586993741, 51.55985513814165 ], [ 0.193735388722734, 51.559847195682991 ], [ 0.193844782438069, 51.55980323325516 ], [ 0.193851901871964, 51.559800375213776 ], [ 0.19396570110434, 51.559786223114102 ], [ 0.193971380188557, 51.559785514360748 ], [ 0.194040924590617, 51.559787424107469 ], [ 0.194245310962642, 51.559793043687975 ], [ 0.194247357502667, 51.559776503195124 ], [ 0.194276189597042, 51.55954269364797 ], [ 0.194301669458022, 51.559543925686199 ], [ 0.194306166955478, 51.55954414731648 ], [ 0.194306744629626, 51.559540260514204 ], [ 0.194312619494076, 51.559536724270899 ], [ 0.194313440980077, 51.559530108019544 ], [ 0.194315339129757, 51.559514982206977 ], [ 0.194340758637972, 51.559311012402837 ], [ 0.19435679805354, 51.559205367997642 ], [ 0.194580854315375, 51.559225556483867 ], [ 0.19460467627654, 51.559225317639843 ], [ 0.194697109702304, 51.55922440662799 ], [ 0.194816867662836, 51.559205798602221 ], [ 0.194832276021178, 51.559203405928912 ], [ 0.194886694570608, 51.559187809991727 ], [ 0.194911555560391, 51.559180680969661 ], [ 0.195012760523597, 51.559140791667353 ], [ 0.195059480190068, 51.55911810932146 ], [ 0.195080584131288, 51.559107858044264 ], [ 0.195085672154628, 51.559073580329311 ], [ 0.195095628211135, 51.559006449913774 ], [ 0.195100343736015, 51.558974625272448 ], [ 0.195105757796269, 51.558938129170024 ], [ 0.195115127407514, 51.558875002631403 ], [ 0.195116652489816, 51.558864722039033 ], [ 0.195124256057543, 51.558813463335724 ], [ 0.195127730496398, 51.55879002540604 ], [ 0.195142469185035, 51.558690664278139 ], [ 0.195143885160596, 51.558681114150716 ], [ 0.195150117003189, 51.558639125935748 ], [ 0.19515202423426, 51.558626293148407 ], [ 0.195170653528096, 51.55850075241279 ], [ 0.195181393977026, 51.558428337304676 ], [ 0.195201743231929, 51.558291172346387 ], [ 0.195208464502029, 51.558245865529251 ], [ 0.195211961639199, 51.558222301268884 ], [ 0.195216241055373, 51.558193407481816 ], [ 0.195221208475449, 51.558159923361494 ], [ 0.195222047693523, 51.558154278012886 ], [ 0.195133619429371, 51.558035695871531 ], [ 0.195123040383587, 51.558021513966665 ], [ 0.195095982077255, 51.557969168206718 ], [ 0.195089827831975, 51.557949201909267 ], [ 0.195088237924942, 51.557944042676141 ], [ 0.195084630764375, 51.557932338285227 ], [ 0.195079257657545, 51.557884829670058 ], [ 0.195086013761911, 51.557825852781647 ], [ 0.195094283011748, 51.557800724364562 ], [ 0.195128892718624, 51.557695487641254 ], [ 0.195135835072136, 51.55769045652039 ], [ 0.195302437564149, 51.55769894875688 ], [ 0.195304708149709, 51.55767807838064 ], [ 0.195316871867849, 51.557566292065502 ], [ 0.195317693206852, 51.557558776498041 ], [ 0.195326655706906, 51.557476403377272 ], [ 0.195338609604118, 51.55736655448861 ], [ 0.19534962363639, 51.557265356507038 ], [ 0.195352520995473, 51.557248818038147 ], [ 0.195355144199013, 51.557233777544909 ], [ 0.195372512593026, 51.557134520045274 ], [ 0.195387844669705, 51.557046910669449 ], [ 0.195392245659318, 51.557021746710838 ], [ 0.195407294292038, 51.556935743398121 ], [ 0.195402355993769, 51.556912265056994 ], [ 0.195400387833494, 51.556892049561291 ], [ 0.195398740350684, 51.556875200454613 ], [ 0.1953845903042, 51.556730137715242 ], [ 0.195380065568085, 51.556683773332864 ], [ 0.195376841979823, 51.55665065832941 ], [ 0.195376654266974, 51.556637163286013 ], [ 0.195368720014911, 51.556080714378496 ], [ 0.195295191197395, 51.556062440626818 ], [ 0.195269420992998, 51.556056034218535 ], [ 0.195131094966398, 51.556021661341504 ], [ 0.194828699011517, 51.555905355918163 ], [ 0.194823863337032, 51.555903494903163 ], [ 0.194812604696051, 51.555899164064442 ], [ 0.194807666402875, 51.555897268996539 ], [ 0.194787236404793, 51.555889413608611 ], [ 0.194703532260309, 51.555857228760679 ], [ 0.194501303631963, 51.555779436161757 ], [ 0.194447641662994, 51.555758793755381 ], [ 0.194200542197584, 51.555663754987762 ], [ 0.193999940488796, 51.555573259865376 ], [ 0.193919827431269, 51.555537131274598 ], [ 0.193848324746943, 51.555504861492189 ], [ 0.193831736102257, 51.555497383745809 ], [ 0.193814882414525, 51.555489794044021 ], [ 0.193716661517531, 51.555445487532339 ], [ 0.193665538206712, 51.555422423118593 ], [ 0.193621772848997, 51.555402674421579 ], [ 0.193574918580991, 51.555382587773828 ], [ 0.193569365707195, 51.555380209526788 ], [ 0.193449570178065, 51.555328823993527 ], [ 0.193426547889472, 51.555318948431236 ], [ 0.193421231251598, 51.555316682669449 ], [ 0.19339580784941, 51.555305772830835 ], [ 0.193254287322964, 51.555245080803751 ], [ 0.193197807932835, 51.555220870781611 ], [ 0.193123520002873, 51.555189007840973 ], [ 0.193094120203387, 51.555176400644008 ], [ 0.193089156415271, 51.555174272158936 ], [ 0.192903713762203, 51.55509474200494 ], [ 0.192868799122705, 51.555078442773464 ], [ 0.192769057866029, 51.555031879627315 ], [ 0.192676901996511, 51.554988861762645 ], [ 0.192641057924, 51.554972130180893 ], [ 0.192492117904872, 51.554902591824288 ], [ 0.192444262241039, 51.554880257177068 ], [ 0.192421802814827, 51.554869777350085 ], [ 0.192410262667265, 51.554864381361753 ], [ 0.192406057039658, 51.554862418538484 ], [ 0.192286690204513, 51.554806689115523 ], [ 0.192020861689515, 51.554640788628397 ], [ 0.191864443889207, 51.554537764144449 ], [ 0.191710547317955, 51.554430753379101 ], [ 0.191382067892871, 51.554156009823132 ], [ 0.191362665627741, 51.554139789064919 ], [ 0.191219107139052, 51.55401970644381 ], [ 0.191184525776578, 51.553990792199812 ], [ 0.191181208506428, 51.553987499751273 ], [ 0.191146603879128, 51.553953053401536 ], [ 0.19112513404388, 51.553931863885801 ], [ 0.190992642098901, 51.553800386904129 ], [ 0.190812423520842, 51.553621562313054 ], [ 0.190793535465802, 51.553602822787802 ], [ 0.190727295455167, 51.553504290816981 ], [ 0.190306143174345, 51.552877865356251 ], [ 0.190286577542148, 51.552845900607146 ], [ 0.19027236001288, 51.552821974722818 ], [ 0.190261076059701, 51.552802967228168 ], [ 0.19023885048628, 51.552752850177697 ], [ 0.190207021975529, 51.552681630329495 ], [ 0.190180376611119, 51.552700963754241 ], [ 0.190167366342202, 51.552710001862394 ], [ 0.190101240790884, 51.552759861848955 ], [ 0.189955836233987, 51.552829880366922 ], [ 0.189532396565632, 51.55319286627833 ], [ 0.189405176732784, 51.553226140819412 ], [ 0.189337392243916, 51.553243863169961 ], [ 0.189264903835956, 51.553273885844291 ], [ 0.189198875765664, 51.553306872536822 ], [ 0.189111295903589, 51.553379237296582 ], [ 0.189085266280261, 51.553400748802041 ], [ 0.189016065874821, 51.553442787654433 ], [ 0.188943960567145, 51.553480806813219 ], [ 0.18883436093409, 51.553517259262989 ], [ 0.188790430344498, 51.553531874282747 ], [ 0.188641427175462, 51.553620789835989 ], [ 0.188628327427926, 51.553639101296824 ], [ 0.188561160536803, 51.553732875015747 ], [ 0.188533675198748, 51.553855774376366 ], [ 0.188250620790414, 51.55400676026413 ], [ 0.18805527434595, 51.554031771505713 ], [ 0.187910669174359, 51.554080701905285 ], [ 0.187853003969761, 51.55415667162071 ], [ 0.18790856134675, 51.554224765142052 ], [ 0.188007657495208, 51.55426072373961 ], [ 0.188040430138162, 51.554313324436357 ], [ 0.188066068454945, 51.55435492477929 ], [ 0.187983159674953, 51.554426706989965 ], [ 0.187835255008656, 51.554450927455449 ], [ 0.187818558782278, 51.554453662470074 ], [ 0.187814191323467, 51.554453734929524 ], [ 0.187640167606836, 51.554457465941454 ], [ 0.187618882967263, 51.554475372359995 ], [ 0.187603865122521, 51.554487990899261 ], [ 0.187557884661806, 51.55452667316689 ], [ 0.187533384530361, 51.554595459340533 ], [ 0.187527649906178, 51.554611546952628 ], [ 0.187522133154853, 51.554627063938625 ], [ 0.18751657746967, 51.554642671581057 ], [ 0.187581512332156, 51.554718603205906 ], [ 0.187634111189739, 51.554747551251765 ], [ 0.187685228343144, 51.554775681557075 ], [ 0.187733024239709, 51.554850673682438 ], [ 0.187659396240042, 51.554991187452089 ], [ 0.187637193736926, 51.555033581119282 ], [ 0.18760042202698, 51.555131652739007 ], [ 0.18755307500483, 51.555171331744248 ], [ 0.187489474001982, 51.555224632552637 ], [ 0.187426233278564, 51.555308619937414 ], [ 0.187395380208446, 51.555349619066419 ], [ 0.187246957499327, 51.555453225770101 ], [ 0.187203448569523, 51.555483606193988 ], [ 0.187029749609753, 51.55554655861885 ], [ 0.187025791807027, 51.555554276510883 ], [ 0.18698770498885, 51.555628558835991 ], [ 0.186972894045905, 51.555733082562568 ], [ 0.186971536255456, 51.555742676496571 ], [ 0.186917597060738, 51.555783593294528 ], [ 0.18685720315646, 51.555821671679595 ], [ 0.18679553696641, 51.555832605703053 ], [ 0.186479924416548, 51.555888562172491 ], [ 0.186367869200817, 51.555958521368972 ], [ 0.186302811098854, 51.556066058917253 ], [ 0.186295232157146, 51.55607859261351 ], [ 0.18625591852237, 51.556143562778175 ], [ 0.185983247746247, 51.556248557201947 ], [ 0.185965954336463, 51.556266694723263 ], [ 0.185896549313534, 51.556339536874006 ], [ 0.185705281748914, 51.556381564148232 ], [ 0.185696687616032, 51.556383450946072 ], [ 0.185572545828399, 51.556397499883126 ], [ 0.185475177741391, 51.556408513841802 ], [ 0.184954208753319, 51.556374512253633 ], [ 0.184769155946351, 51.556426440535752 ], [ 0.184770966405871, 51.556497685883052 ], [ 0.184771186286846, 51.556506494995574 ], [ 0.184767182777721, 51.556566589301646 ], [ 0.184764687221878, 51.556603948023273 ], [ 0.184762790330815, 51.556632419435857 ], [ 0.184819556524079, 51.556631497080183 ], [ 0.184938279572999, 51.556652487930343 ], [ 0.184960496593534, 51.556656417767599 ], [ 0.185038977725453, 51.55673237726608 ], [ 0.185045895852581, 51.556820497379952 ], [ 0.184984425228603, 51.556841876774023 ], [ 0.184921550855833, 51.556863767908233 ], [ 0.184899570873516, 51.55687141672194 ], [ 0.184778756656162, 51.557041441590052 ], [ 0.184805097761448, 51.557139317172883 ], [ 0.184806986155796, 51.557141997908232 ], [ 0.184854457468243, 51.557209353147911 ], [ 0.184830218205841, 51.557252368801471 ], [ 0.184805407309452, 51.55729640232061 ], [ 0.184778963293613, 51.557329530680605 ], [ 0.184757568488528, 51.5573563327995 ], [ 0.18472113603853, 51.557402003652697 ], [ 0.184704830658535, 51.55742241582783 ], [ 0.184702489639015, 51.557425346202166 ], [ 0.184603801707364, 51.55748777943198 ], [ 0.184589477801182, 51.557496850403453 ], [ 0.184558084928507, 51.557516716173197 ], [ 0.184537448368915, 51.557529983054955 ], [ 0.184433175174608, 51.557638326353207 ], [ 0.184431568745245, 51.557653887297171 ], [ 0.184429505361253, 51.557674366965792 ], [ 0.18443267095692, 51.557740479013439 ], [ 0.184433130438232, 51.55775007505396 ], [ 0.184433634887369, 51.557758199890415 ], [ 0.184442976518508, 51.557805360945487 ], [ 0.184475992282151, 51.557892293638076 ], [ 0.184432242912379, 51.557957507705744 ], [ 0.184429698117377, 51.557961305204223 ], [ 0.184447673635817, 51.558010414351138 ], [ 0.184458840777694, 51.558040863763118 ], [ 0.184472233666397, 51.558077422983452 ], [ 0.184535018966284, 51.558166912870796 ], [ 0.184541070503144, 51.558175640358719 ], [ 0.18459811560326, 51.558298147236457 ], [ 0.184596356253048, 51.558306898780323 ], [ 0.184591921302144, 51.558327260740874 ], [ 0.184573828643971, 51.558410378870072 ], [ 0.184594748168899, 51.558456186662603 ], [ 0.184608075030045, 51.558485336804772 ], [ 0.184608018028751, 51.55850131854622 ], [ 0.184607933276275, 51.558518829625818 ], [ 0.184607867456266, 51.558537338583193 ], [ 0.18459230687955, 51.558616092884684 ], [ 0.184588697154373, 51.558634407042923 ], [ 0.184576681175789, 51.558695145167995 ], [ 0.184588038432189, 51.558705608426692 ], [ 0.18460870036279, 51.558724342886727 ], [ 0.184626234250408, 51.558737407015705 ], [ 0.184688949895314, 51.55878414505667 ], [ 0.184692196496929, 51.558786566676929 ], [ 0.184800393303525, 51.558867197772223 ], [ 0.184812593102099, 51.558908050820271 ], [ 0.184829382976034, 51.558964313406783 ], [ 0.184835981170867, 51.559055685848065 ], [ 0.18484418216155, 51.559169376174097 ], [ 0.184848203818915, 51.55922532799552 ], [ 0.184837222091275, 51.559239426807871 ], [ 0.18482319491767, 51.559257413383783 ], [ 0.184810310096829, 51.559273948785567 ], [ 0.184796413936948, 51.559293767501323 ], [ 0.185099665243922, 51.559402690424385 ], [ 0.185382601041168, 51.55950431096543 ], [ 0.185524715754584, 51.559549641146305 ], [ 0.185672354034709, 51.559596729792268 ], [ 0.185699657507892, 51.559606518088039 ], [ 0.18577485883126, 51.559633462919258 ], [ 0.185947663106248, 51.559695397433948 ], [ 0.186027224557973, 51.559723906574781 ], [ 0.186125531631063, 51.559759134839197 ], [ 0.186144996380634, 51.559766110404162 ], [ 0.186232910969086, 51.559797620284222 ], [ 0.186391697103188, 51.559854518487697 ], [ 0.186409385497402, 51.559860852638742 ], [ 0.186427118431416, 51.559867212936005 ], [ 0.186555114685347, 51.559896968238348 ], [ 0.186621235571726, 51.559912336855483 ], [ 0.186663473350612, 51.559922161284192 ], [ 0.186710846162024, 51.559933166983562 ], [ 0.186716696956618, 51.559934532773269 ], [ 0.18676816976149, 51.559946496217606 ], [ 0.186839703987674, 51.559963130734964 ], [ 0.186928293271776, 51.559983718935946 ], [ 0.186952264693283, 51.559989297357269 ], [ 0.187044705995056, 51.560010784900946 ], [ 0.187095989424357, 51.56002270676462 ], [ 0.187248555890867, 51.560058172407999 ], [ 0.187253560341927, 51.560059338118734 ], [ 0.187311672101767, 51.560072850233219 ], [ 0.187368105989192, 51.560085970933486 ], [ 0.187380347018805, 51.560088818289287 ], [ 0.187397358861654, 51.560092772753791 ], [ 0.187497431075871, 51.560116033153399 ], [ 0.18753971289142, 51.560125865433086 ], [ 0.187561728796101, 51.560130976585675 ], [ 0.18759000432445, 51.560137553771597 ], [ 0.187595665196821, 51.56013886910042 ], [ 0.187877597904427, 51.560220267834019 ], [ 0.187889448131665, 51.560223688986831 ], [ 0.187899089459218, 51.560226476860734 ], [ 0.187949958529126, 51.560215914467264 ], [ 0.188063610904322, 51.560192328104712 ], [ 0.188103437979612, 51.560184066996676 ], [ 0.188144055616089, 51.560193489439968 ], [ 0.188203549489706, 51.560168736898724 ], [ 0.188221986170866, 51.560163293909838 ], [ 0.188265631120533, 51.56015041104483 ], [ 0.188431162529788, 51.560101539311255 ], [ 0.18845657256518, 51.560096802539604 ], [ 0.188592889028636, 51.560071398905947 ], [ 0.188645653860802, 51.560061565252077 ], [ 0.188744531167946, 51.560049387304922 ], [ 0.188765098329449, 51.560046854196848 ], [ 0.188801140983349, 51.560042413569086 ], [ 0.188817764020999, 51.560040367728284 ], [ 0.188894300994047, 51.560044883930537 ], [ 0.188926435159071, 51.560046784349936 ], [ 0.188933510084165, 51.560047200901202 ], [ 0.18908550768729, 51.560057853952308 ], [ 0.189469571617495, 51.560098636738289 ], [ 0.189481430468252, 51.560099530523459 ], [ 0.189498125284535, 51.560100783692711 ], [ 0.189530197604726, 51.560103197703469 ], [ 0.189597455146744, 51.560108255368625 ], [ 0.189640444869672, 51.560111486268021 ], [ 0.189669621604332, 51.560113688997497 ], [ 0.189704502838468, 51.560116311323888 ], [ 0.189730421031653, 51.560118255613993 ], [ 0.189803267581755, 51.560123730422596 ], [ 0.189891911409842, 51.560130394117344 ], [ 0.189911618241192, 51.560131878773007 ], [ 0.190044569405041, 51.560141869941994 ], [ 0.190077930265736, 51.560144376654051 ], [ 0.190105528321356, 51.560146451371274 ], [ 0.190142436674067, 51.560149224572321 ], [ 0.190295181269701, 51.560160698451973 ], [ 0.190308343484562, 51.56016169371847 ], [ 0.190313961289703, 51.56016211041517 ], [ 0.190403445170412, 51.560168838972388 ], [ 0.190434503824091, 51.560171172739722 ], [ 0.190507495534039, 51.560176662383839 ], [ 0.190591983632819, 51.560183007458299 ], [ 0.190642633000229, 51.560186809890027 ], [ 0.19068126449177, 51.560189712614687 ], [ 0.190693369724646, 51.560190628654333 ], [ 0.190788732273363, 51.560197795701335 ], [ 0.190898052899817, 51.560206005956758 ], [ 0.190971363122124, 51.560211516340601 ], [ 0.191019102306001, 51.560215103175018 ], [ 0.191042908074966, 51.560222626341883 ], [ 0.191124361141325, 51.560248380737683 ], [ 0.19113485060859, 51.560251701075167 ], [ 0.191154955806267, 51.560234445582928 ], [ 0.191175793258404, 51.56023723987451 ], [ 0.19119674097312, 51.560249537742706 ], [ 0.191208647475015, 51.560256527741082 ], [ 0.191254048776098, 51.560300644803085 ], [ 0.191254967698615, 51.560305357974237 ], [ 0.191273133724449, 51.560398802499989 ], [ 0.191300462791265, 51.560384761940107 ], [ 0.191304599206103, 51.560382571303307 ], [ 0.191343556734586, 51.560361923946772 ], [ 0.19134960429699, 51.560357921480517 ], [ 0.191385505122873, 51.560334161169202 ], [ 0.191483018758176, 51.560283390292653 ], [ 0.19152897458514, 51.560259464566251 ], [ 0.191554592175399, 51.560244037722789 ], [ 0.191562428293096, 51.560239576459139 ], [ 0.19158221355901, 51.560231580707196 ], [ 0.191616335543985, 51.560217795363847 ], [ 0.191620339628906, 51.560217055067469 ], [ 0.191716528730804, 51.560199232253581 ], [ 0.191800290484853, 51.560191506932227 ], [ 0.191805792197337, 51.560191008436846 ], [ 0.191814629050824, 51.560189359465099 ], [ 0.191840950272815, 51.560181673208078 ], [ 0.191865734593073, 51.560174429343341 ], [ 0.191915660899245, 51.560164683237581 ], [ 0.191958670091064, 51.560167413806653 ], [ 0.191968997424791, 51.560167058947336 ], [ 0.191975277341949, 51.560166842672025 ], [ 0.191980721657195, 51.560166651004273 ], [ 0.191985993431677, 51.560166471553565 ], [ 0.191996672425616, 51.560162926585932 ], [ 0.192006654881017, 51.560155995266413 ], [ 0.192026255803504, 51.560142364252769 ], [ 0.192443782961907, 51.560100657311501 ], [ 0.192508859692077, 51.560212519360519 ], [ 0.192513593139787, 51.560220650518261 ], [ 0.192497645475944, 51.560237046133167 ], [ 0.192496808673603, 51.560240047461335 ], [ 0.192496081303459, 51.560242624071478 ], [ 0.192471943402399, 51.560327852567845 ], [ 0.192470884708544, 51.56033164043717 ], [ 0.192427445283131, 51.560358685041685 ], [ 0.192409822800625, 51.560369653177474 ], [ 0.192284508591453, 51.560479866757028 ], [ 0.192273690030425, 51.560479007773168 ], [ 0.192210372035731, 51.560473985945109 ], [ 0.192197471724283, 51.560475441097601 ], [ 0.192008144292035, 51.560496830433138 ], [ 0.191985107564835, 51.560502315009572 ], [ 0.191980628912795, 51.560503387936137 ], [ 0.191975622105994, 51.56050457864859 ], [ 0.191869106621698, 51.560543656329003 ], [ 0.191864492842653, 51.560547321770265 ], [ 0.191817269104997, 51.560584796845049 ], [ 0.19181312771009, 51.56058808474311 ], [ 0.191810736514003, 51.560591465840041 ], [ 0.191804499020643, 51.56065997442203 ], [ 0.191803580634862, 51.560665032178662 ], [ 0.191803201982268, 51.560673065537642 ], [ 0.191802831219829, 51.560680662586989 ], [ 0.191792638169893, 51.560716843175008 ], [ 0.191781330618309, 51.56074334110243 ], [ 0.1917712838406, 51.560768514178704 ], [ 0.191751290610264, 51.560882323200154 ], [ 0.191749464612634, 51.560892663337043 ], [ 0.191822654162823, 51.56104456404227 ], [ 0.19184782936223, 51.561075470316794 ], [ 0.19192543444173, 51.561154413386511 ], [ 0.19211230541044, 51.561299508624536 ], [ 0.192128580297075, 51.561312127461179 ], [ 0.19216853488889, 51.561338036112922 ], [ 0.192268502672595, 51.561397140549516 ], [ 0.19234238701325, 51.561437667180158 ], [ 0.192557234567451, 51.561289484106659 ], [ 0.192569020959463, 51.561281358917711 ], [ 0.192636918364518, 51.561254963211034 ], [ 0.192656536424689, 51.561248436265487 ], [ 0.192691072178363, 51.561237997272102 ], [ 0.192961149988014, 51.561178414578684 ], [ 0.192984091912051, 51.561173354253008 ] ] ] } },
{ "type": "Feature", "properties": { "lsoa21cd": "E01002317", "lsoa21nm": "Havering 014C", "msoa21cd": "E02000477", "msoa21nm": "Havering 014", "lad22cd": "E09000016", "lad22nm": "Havering", "index_right": 126, "GSS_CODE": "E05000315", "risk_score": 6.9222357107243147, "allocation_hours": 115.4863052999624, "patrol_units": 58 }, "geometry": { "type": "Polygon", "coordinates": [ [ [ 0.201627647136824, 51.574314579632663 ], [ 0.201828186061564, 51.574201225757555 ], [ 0.201849145861982, 51.574189375128817 ], [ 0.201888312712069, 51.574167245364258 ], [ 0.201896095385434, 51.574162845542048 ], [ 0.202047218526393, 51.574077420621983 ], [ 0.202054207565055, 51.574073471852437 ], [ 0.202104331260503, 51.574045137932785 ], [ 0.202187650653951, 51.573998041722014 ], [ 0.202347536327914, 51.573910450896065 ], [ 0.202351051123274, 51.573908523334389 ], [ 0.202435450245938, 51.573862278980002 ], [ 0.202551919636847, 51.573798480399994 ], [ 0.202556531279009, 51.573795956678332 ], [ 0.202619376829173, 51.57376152014254 ], [ 0.202629035785526, 51.573756230692219 ], [ 0.202730235111619, 51.57370077647883 ], [ 0.20274643194202, 51.573691910897942 ], [ 0.20277155616065, 51.573678147300519 ], [ 0.202787316854906, 51.573669514731463 ], [ 0.202848447282427, 51.57363602757335 ], [ 0.202871866375146, 51.573624310412995 ], [ 0.20289909031026, 51.573610696191899 ], [ 0.202929033388983, 51.573595713407904 ], [ 0.202932823605156, 51.57359381212914 ], [ 0.202941658625268, 51.573589392464299 ], [ 0.203017087462134, 51.573551661686523 ], [ 0.203045536624765, 51.573537421881468 ], [ 0.203090431307605, 51.573514986239701 ], [ 0.203100322496776, 51.573510025125884 ], [ 0.203179762859047, 51.573472290811125 ], [ 0.203186336819437, 51.57346916363516 ], [ 0.203192953599947, 51.573466026661272 ], [ 0.203212182117759, 51.573456888217578 ], [ 0.203226458751762, 51.573450100053449 ], [ 0.203236517197971, 51.573445315644435 ], [ 0.20328678273132, 51.573421439052723 ], [ 0.203301412421138, 51.573414491364559 ], [ 0.203307662123339, 51.573411523155237 ], [ 0.203339643877802, 51.573396326592068 ], [ 0.203379187554135, 51.573377543612096 ], [ 0.203424007294257, 51.573356251354888 ], [ 0.203480366746911, 51.573329472340447 ], [ 0.203500611123824, 51.573319856116349 ], [ 0.203509188587502, 51.5733157829807 ], [ 0.203543497558272, 51.573299472462409 ], [ 0.203566493124164, 51.573288554500593 ], [ 0.203593706396936, 51.573275623780326 ], [ 0.203616137364529, 51.573264968222453 ], [ 0.203623414288855, 51.573261755866397 ], [ 0.20363053565034, 51.573258609384254 ], [ 0.203658089018826, 51.573246445652444 ], [ 0.203678337054622, 51.573237503800939 ], [ 0.203719144225251, 51.57321948833863 ], [ 0.203804728799453, 51.573181701063362 ], [ 0.203817092489152, 51.573176243767719 ], [ 0.203854592984849, 51.573159684317886 ], [ 0.203861827054668, 51.573156481745137 ], [ 0.20390661881989, 51.573136709636998 ], [ 0.203929523539602, 51.573126602677284 ], [ 0.203989660344574, 51.573100058172813 ], [ 0.203993079205991, 51.573098537047557 ], [ 0.204023472250818, 51.57308511479269 ], [ 0.204074014400578, 51.573062797432982 ], [ 0.204088737662277, 51.573056297533917 ], [ 0.204138798648415, 51.573034178042839 ], [ 0.204143179263652, 51.573032252136123 ], [ 0.20415924487452, 51.573025160437048 ], [ 0.204196396741599, 51.573009156000396 ], [ 0.204258330300588, 51.572982469662904 ], [ 0.204266614321947, 51.572978896600482 ], [ 0.204272198757175, 51.572976498409332 ], [ 0.204366434522793, 51.57293588615876 ], [ 0.204371728803912, 51.572933605829824 ], [ 0.204381970851458, 51.572929191076881 ], [ 0.204441856992263, 51.572903442429514 ], [ 0.204471262107524, 51.572891679847281 ], [ 0.204475566394505, 51.57288996669778 ], [ 0.204604110046167, 51.572838565149908 ], [ 0.204643220398257, 51.572822928428664 ], [ 0.20466816644666, 51.572812962798892 ], [ 0.204680738221655, 51.572807933160298 ], [ 0.204702328405857, 51.572799298631928 ], [ 0.204713569629654, 51.572794806607554 ], [ 0.204717208191953, 51.572793353273447 ], [ 0.204780818329696, 51.572767925620788 ], [ 0.204815857853209, 51.572753907682198 ], [ 0.204833441510893, 51.572746877273175 ], [ 0.204891332386881, 51.572723746893971 ], [ 0.204898227584877, 51.572721000276907 ], [ 0.204927773384663, 51.572709167485129 ], [ 0.205086940547585, 51.57265138005932 ], [ 0.205092393497334, 51.572649397977813 ], [ 0.205124310467491, 51.572637808317602 ], [ 0.205387993131228, 51.57254208744542 ], [ 0.205410627597514, 51.572533864805067 ], [ 0.205487927111576, 51.572505796137698 ], [ 0.205526332358322, 51.572491854065333 ], [ 0.205570141546926, 51.57247596227333 ], [ 0.205599101002201, 51.572465439823439 ], [ 0.205634910705698, 51.572452436843385 ], [ 0.205699453237208, 51.57242900107348 ], [ 0.205731207129745, 51.572417477263713 ], [ 0.205811548706753, 51.572388312463758 ], [ 0.205817760351751, 51.57238605527867 ], [ 0.205829233714998, 51.572381891518248 ], [ 0.205908837164602, 51.572352983346953 ], [ 0.206003700853265, 51.572318545107777 ], [ 0.20604558015595, 51.572303336938482 ], [ 0.206052983109811, 51.57230064814636 ], [ 0.206072328002132, 51.572293638368947 ], [ 0.206087644255924, 51.572288071319171 ], [ 0.206229123550008, 51.572236703354569 ], [ 0.206233718458384, 51.57223503413227 ], [ 0.206266209203753, 51.572223235514031 ], [ 0.206317512235672, 51.572205947909843 ], [ 0.206355808806796, 51.572193050791142 ], [ 0.20650361221323, 51.57214325416664 ], [ 0.206521191179728, 51.5721373297242 ], [ 0.206583598393441, 51.572116307788669 ], [ 0.206602724978421, 51.572109859595145 ], [ 0.206625742499918, 51.572102106135056 ], [ 0.206669477036718, 51.572087370927555 ], [ 0.206705416122551, 51.572075264477569 ], [ 0.206808249113273, 51.572040621633988 ], [ 0.20683798273543, 51.572030601398261 ], [ 0.206858572113088, 51.572023666988713 ], [ 0.206872970516689, 51.572018818562157 ], [ 0.206895192719086, 51.572011331820889 ], [ 0.206954887079725, 51.571991215078313 ], [ 0.207072980225136, 51.571954926825761 ], [ 0.20711751552359, 51.571941237546746 ], [ 0.207126715586949, 51.571938411438026 ], [ 0.207162616579901, 51.571927371230565 ], [ 0.207212914131588, 51.571911923233621 ], [ 0.207308831254737, 51.57188244170333 ], [ 0.207350245776362, 51.57187002064007 ], [ 0.207428679664767, 51.571846502245243 ], [ 0.207434682652782, 51.571844707543185 ], [ 0.207470855687048, 51.57183386446038 ], [ 0.207537212706554, 51.571813963713069 ], [ 0.207556074532635, 51.571808311728404 ], [ 0.20756648744135, 51.571805201953396 ], [ 0.207587839318808, 51.571798819615353 ], [ 0.207626500596307, 51.571787210197357 ], [ 0.207669543378006, 51.571774295224131 ], [ 0.207703081758821, 51.57176566898309 ], [ 0.207741323624539, 51.571755830047536 ], [ 0.207759710734754, 51.571751104251952 ], [ 0.207813545542956, 51.571737248594125 ], [ 0.207840028412263, 51.571730436853869 ], [ 0.207861280414686, 51.571724973629841 ], [ 0.207867209914529, 51.571723450078515 ], [ 0.207882838696493, 51.571719428194271 ], [ 0.207955310850575, 51.571700801472069 ], [ 0.20834110461066, 51.571601519793902 ], [ 0.208364081021255, 51.571595610322582 ], [ 0.208470396269633, 51.571568256670538 ], [ 0.208696641284426, 51.571512195469602 ], [ 0.20871054449566, 51.57150875005415 ], [ 0.20872938139761, 51.571504078582613 ], [ 0.208833449163834, 51.571478300237835 ], [ 0.208963996238155, 51.571445943687031 ], [ 0.208980180993867, 51.571441933662854 ], [ 0.209135768241038, 51.571403381132278 ], [ 0.20915135395277, 51.57139951726559 ], [ 0.209425352608131, 51.571331619429174 ], [ 0.209458149691254, 51.571323492269819 ], [ 0.209515901189662, 51.571309184310103 ], [ 0.209539672006628, 51.571303295607464 ], [ 0.209544719689744, 51.571302040391267 ], [ 0.20955054464438, 51.571300595164224 ], [ 0.209555599753413, 51.571299344304087 ], [ 0.209643495259471, 51.571277552618554 ], [ 0.209663316333216, 51.571272646616457 ], [ 0.20974877466988, 51.571251188556495 ], [ 0.209714847398201, 51.571219318325817 ], [ 0.209032076225071, 51.570577881521224 ], [ 0.209023933659511, 51.570570656187989 ], [ 0.208949039387657, 51.570588389457278 ], [ 0.208945778882638, 51.570583491254425 ], [ 0.208932517179714, 51.570563533868601 ], [ 0.208810612960553, 51.570380143330084 ], [ 0.208722531515089, 51.57024762732815 ], [ 0.208702251195347, 51.570217127462044 ], [ 0.208607275664144, 51.570074246433364 ], [ 0.208591552807381, 51.570047563654583 ], [ 0.208587009340484, 51.570039861315863 ], [ 0.208560107150457, 51.569994198089766 ], [ 0.208544819098289, 51.56997649110393 ], [ 0.208528840550932, 51.569950784375308 ], [ 0.208526915788443, 51.569947691072642 ], [ 0.208519482287449, 51.569935735530024 ], [ 0.208483940866884, 51.569878544139115 ], [ 0.208450918269878, 51.569825388108264 ], [ 0.208423482898372, 51.569775265382106 ], [ 0.208402933054708, 51.569737702057886 ], [ 0.208387592534386, 51.569709672096614 ], [ 0.208379759635937, 51.569684998997964 ], [ 0.208372302668067, 51.569661532870775 ], [ 0.20835861172483, 51.569618399597594 ], [ 0.208350403373924, 51.569592528508828 ], [ 0.208348667392707, 51.569587075486282 ], [ 0.208327994617633, 51.569521941980241 ], [ 0.208307731878368, 51.569458122716085 ], [ 0.20830386699203, 51.569445956059567 ], [ 0.208302452810943, 51.569441486203473 ], [ 0.208300857820995, 51.569434474738721 ], [ 0.208290901155095, 51.569390677587748 ], [ 0.208284119624788, 51.569360894652505 ], [ 0.208282126156338, 51.569347442723945 ], [ 0.208278818128853, 51.569325022571299 ], [ 0.208274831200183, 51.569298118713689 ], [ 0.208262156240818, 51.569212492435867 ], [ 0.208252589523724, 51.569147842202383 ], [ 0.208248359630949, 51.569119198280738 ], [ 0.208240335704094, 51.569064950849047 ], [ 0.208232485438156, 51.569011905205578 ], [ 0.208220173655098, 51.568928709179332 ], [ 0.208219549760986, 51.568924467248593 ], [ 0.208212173791496, 51.56887465913718 ], [ 0.208208484073038, 51.568849719141951 ], [ 0.208191344413345, 51.568733870585852 ], [ 0.208188602328384, 51.568715387690354 ], [ 0.208177141501774, 51.568637841210339 ], [ 0.208164701237929, 51.568553775275717 ], [ 0.208158222847148, 51.568509984546765 ], [ 0.208155413176925, 51.568490999315877 ], [ 0.20815183136842, 51.568468584314047 ], [ 0.208135968025469, 51.568360223547835 ], [ 0.208140106020801, 51.568329252019417 ], [ 0.208129801248209, 51.568274085282347 ], [ 0.208120753210862, 51.568274372593244 ], [ 0.208118308065348, 51.568259040640378 ], [ 0.208108084599264, 51.568195122196649 ], [ 0.208107362480792, 51.568190639304312 ], [ 0.208101360449412, 51.5681531077093 ], [ 0.208090622171464, 51.568086006449533 ], [ 0.208074312167782, 51.567984000431927 ], [ 0.208073113164773, 51.567976522863617 ], [ 0.208066840683543, 51.567937278699461 ], [ 0.208056600235397, 51.567882542406096 ], [ 0.208033853693744, 51.567760846052849 ], [ 0.208034187837813, 51.567745992343013 ], [ 0.208035716215867, 51.567742690113732 ], [ 0.208034849257478, 51.567737301657004 ], [ 0.208031287216136, 51.567714994193551 ], [ 0.208028528025592, 51.56770509541834 ], [ 0.208021389497788, 51.567694154992914 ], [ 0.208019656591566, 51.567684888881587 ], [ 0.208018954878403, 51.567681125042974 ], [ 0.208022927496178, 51.567662740513327 ], [ 0.208010141871008, 51.567582853803572 ], [ 0.207997540422786, 51.567504087746514 ], [ 0.20799695883182, 51.567500420568386 ], [ 0.207980303716498, 51.567396343652106 ], [ 0.207968421859508, 51.567322006573775 ], [ 0.207966108567569, 51.567307607403791 ], [ 0.207960086284691, 51.567269950278188 ], [ 0.207959627740794, 51.567267036193343 ], [ 0.207957602854312, 51.567254421195919 ], [ 0.207955329278257, 51.567240246102344 ], [ 0.207944730243354, 51.567173924588779 ], [ 0.207934673283025, 51.56711104612851 ], [ 0.207930015013546, 51.567081888642456 ], [ 0.20792594049352, 51.567056443261698 ], [ 0.207918493896996, 51.567009927851281 ], [ 0.207905119071991, 51.566926203160321 ], [ 0.207903535756149, 51.56691644860107 ], [ 0.207898689496493, 51.566886089591755 ], [ 0.207890143530505, 51.566832661283463 ], [ 0.207885056873981, 51.566800912886222 ], [ 0.207875680268607, 51.566742248310355 ], [ 0.207875017990972, 51.566738106019329 ], [ 0.207866865611456, 51.566687143368924 ], [ 0.207865705541338, 51.566679871897414 ], [ 0.207858648065681, 51.566655399969129 ], [ 0.207851226527477, 51.566629666883927 ], [ 0.207804284119056, 51.566538381657438 ], [ 0.20779311643692, 51.566540480477066 ], [ 0.207784765685431, 51.566542049623685 ], [ 0.20778086169891, 51.566543373162482 ], [ 0.207293297096333, 51.566708869292405 ], [ 0.207276389594436, 51.56671461036786 ], [ 0.207053380281165, 51.566760751833819 ], [ 0.207054154898374, 51.566768111507251 ], [ 0.207056699808802, 51.56679207489492 ], [ 0.206172282136578, 51.566895331431283 ], [ 0.206115184539496, 51.566883689701186 ], [ 0.206133947150526, 51.566973266614269 ], [ 0.206156854798863, 51.567007737390661 ], [ 0.206191418745738, 51.567059749994307 ], [ 0.206196148597266, 51.567066846396827 ], [ 0.206235911067541, 51.567126692987834 ], [ 0.206242741446221, 51.567136942375484 ], [ 0.206214287078335, 51.567142621796428 ], [ 0.206198106394202, 51.567149374243783 ], [ 0.206187710732755, 51.567153715627192 ], [ 0.205938380975778, 51.567257770415722 ], [ 0.20531174366245, 51.567519320692995 ], [ 0.205288236194675, 51.567529133531956 ], [ 0.205326449017931, 51.567567093590299 ], [ 0.205326619996504, 51.567574806351374 ], [ 0.205329212682269, 51.567688689650758 ], [ 0.20532921597932, 51.56769278589119 ], [ 0.205324749974785, 51.567694277294862 ], [ 0.205013192440896, 51.56777680219372 ], [ 0.204990097297697, 51.567782911101979 ], [ 0.20465401266147, 51.567940744860444 ], [ 0.204651792277681, 51.567943169750713 ], [ 0.20463108729999, 51.567965888640067 ], [ 0.204621157894086, 51.56796704658673 ], [ 0.204382565397506, 51.567994878415945 ], [ 0.204375671080683, 51.567992256185512 ], [ 0.204128892332451, 51.567898494471997 ], [ 0.2041151058969, 51.567905534347801 ], [ 0.203716732823366, 51.568108637878382 ], [ 0.203590254855923, 51.568173120517685 ], [ 0.20338226476068, 51.568279162605201 ], [ 0.203351913855858, 51.56832893354516 ], [ 0.20336577229676, 51.568364591059101 ], [ 0.203367419321368, 51.568368813785213 ], [ 0.203551953285957, 51.568491939927632 ], [ 0.203560452220699, 51.568497607647174 ], [ 0.203525253975126, 51.568606526605791 ], [ 0.203419043014015, 51.568935183505069 ], [ 0.203414823241227, 51.568955362106259 ], [ 0.203414225168453, 51.568958215125896 ], [ 0.203391403755488, 51.569011216933781 ], [ 0.203412306751534, 51.56914606946691 ], [ 0.20341195304714, 51.569151292039557 ], [ 0.203411313995652, 51.56916106142706 ], [ 0.203409196262079, 51.569168898134308 ], [ 0.203395723106206, 51.569218864495809 ], [ 0.203390031592804, 51.56926741660979 ], [ 0.203383532533386, 51.569267601693696 ], [ 0.202623426915553, 51.56928947350341 ], [ 0.202568009515809, 51.56922960964215 ], [ 0.202558527261731, 51.569231069268881 ], [ 0.202551852399721, 51.569288857605393 ], [ 0.20236558477986, 51.569260710276289 ], [ 0.20229473533217, 51.569250008472132 ], [ 0.202214815028977, 51.569237930207059 ], [ 0.202197168208833, 51.56923526699584 ], [ 0.202121391098302, 51.569223821293654 ], [ 0.201999475915565, 51.569205400179946 ], [ 0.201992527287324, 51.569204343606692 ], [ 0.20187543814935, 51.569186650089442 ], [ 0.201860713058018, 51.56918442657259 ], [ 0.201747563577557, 51.56916733341675 ], [ 0.201727983290562, 51.569164373702804 ], [ 0.201694041393449, 51.569159246573207 ], [ 0.201588567135309, 51.56914331312025 ], [ 0.201584576904063, 51.569142709075741 ], [ 0.20156339032316, 51.569139505210266 ], [ 0.201433146509443, 51.569119827999792 ], [ 0.201398666908285, 51.56911462095124 ], [ 0.201344171094659, 51.569106390355714 ], [ 0.201239161453893, 51.569090510817801 ], [ 0.201233972067411, 51.569089726932646 ], [ 0.201229349282683, 51.569089022339597 ], [ 0.201199986159084, 51.569084582501148 ], [ 0.201070425886704, 51.569065008965964 ], [ 0.201042560323707, 51.569060801771236 ], [ 0.200953672067167, 51.569047371189292 ], [ 0.200901021681249, 51.569039402515166 ], [ 0.200891413971568, 51.569037964128668 ], [ 0.200829606297528, 51.569028620524229 ], [ 0.200803717536571, 51.569024708907143 ], [ 0.200717940240787, 51.569011750338682 ], [ 0.200700656616699, 51.56900913404418 ], [ 0.200668502978177, 51.569004278815541 ], [ 0.200575602886726, 51.568990239781925 ], [ 0.200530105197034, 51.568983368733726 ], [ 0.200415037594063, 51.568965977558683 ], [ 0.200405007919007, 51.568964466114878 ], [ 0.200394803506329, 51.568962921977622 ], [ 0.200335816338325, 51.568954010802436 ], [ 0.200217943421616, 51.568936195453333 ], [ 0.200182722752696, 51.568930876054083 ], [ 0.200156136014123, 51.568926851490865 ], [ 0.200044165297837, 51.568909936922751 ], [ 0.200019584816301, 51.56890622091273 ], [ 0.20001385770696, 51.568905357133879 ], [ 0.199912497966136, 51.568890037436603 ], [ 0.1998799661806, 51.568885117144283 ], [ 0.19985640336592, 51.568881557369117 ], [ 0.199827447643515, 51.568877181488816 ], [ 0.199746350858771, 51.568864916785479 ], [ 0.199729169994834, 51.568862334392534 ], [ 0.199700766475288, 51.568858038050791 ], [ 0.199635223771871, 51.568848134385313 ], [ 0.199525361008132, 51.568831535000584 ], [ 0.199516959092095, 51.568830262734281 ], [ 0.199451532668275, 51.568820374771313 ], [ 0.199433173661672, 51.568817598604632 ], [ 0.199339910847506, 51.568803502450805 ], [ 0.199279034273002, 51.568794302441447 ], [ 0.199246016184731, 51.568789319152245 ], [ 0.199225353048214, 51.568786190481511 ], [ 0.199130484502218, 51.568771858988136 ], [ 0.199123209237396, 51.568770758910929 ], [ 0.199096695630701, 51.568766750723071 ], [ 0.199090561414116, 51.568765822591267 ], [ 0.199044657015941, 51.568758886654258 ], [ 0.199005046730516, 51.568752902815973 ], [ 0.198942509423858, 51.56874337406132 ], [ 0.198926547903629, 51.5687409395495 ], [ 0.198875233225665, 51.568733124779648 ], [ 0.198826258755162, 51.568725661790808 ], [ 0.198742265360141, 51.568712866175737 ], [ 0.198670308439368, 51.568701904179918 ], [ 0.198635972534569, 51.568696671146412 ], [ 0.198623514335205, 51.568694768931721 ], [ 0.19861024250712, 51.568692751574652 ], [ 0.198517701465092, 51.568678650228918 ], [ 0.198506987818406, 51.568677016554261 ], [ 0.198483045606052, 51.568673364696032 ], [ 0.19846794209593, 51.56867106691432 ], [ 0.198358901884467, 51.568654450891714 ], [ 0.198348493586317, 51.568652865374276 ], [ 0.198321818450502, 51.568648796933537 ], [ 0.198299911926095, 51.568645466460488 ], [ 0.198175245277163, 51.568626480724767 ], [ 0.198153236122104, 51.568623116175537 ], [ 0.198054429964452, 51.568608061176874 ], [ 0.19804091090995, 51.568606003345636 ], [ 0.197986063676825, 51.568597642566658 ], [ 0.197938543225841, 51.568590403472541 ], [ 0.197892418074024, 51.568583372028549 ], [ 0.197845479091998, 51.568576220922225 ], [ 0.197828892966967, 51.568573698948782 ], [ 0.197795921043459, 51.568568619765522 ], [ 0.197648688203407, 51.568539790849634 ], [ 0.197639592573011, 51.568542087218404 ], [ 0.197637021575765, 51.568544730764003 ], [ 0.1976344537825, 51.568547440797509 ], [ 0.197624609107406, 51.568553956313544 ], [ 0.197481096837877, 51.568943629911146 ], [ 0.197468449781059, 51.568945954139295 ], [ 0.197458097218004, 51.568946723657618 ], [ 0.197431663176943, 51.56894256956226 ], [ 0.197427391525308, 51.568953342238203 ], [ 0.197287291944007, 51.569334598119596 ], [ 0.197333329614426, 51.569340399390484 ], [ 0.1973308887926, 51.56934634450883 ], [ 0.197328970947931, 51.569351014518034 ], [ 0.197318531584389, 51.569376486644884 ], [ 0.197225994316132, 51.569602361120509 ], [ 0.197223748945052, 51.569607870912641 ], [ 0.19719222706179, 51.569685306390767 ], [ 0.197142976261827, 51.569808537958131 ], [ 0.197198669812676, 51.569818713320132 ], [ 0.197234920066947, 51.569825327488765 ], [ 0.197249533259053, 51.569829721066334 ], [ 0.197308805981343, 51.56984754079194 ], [ 0.197338353474035, 51.569856402846796 ], [ 0.197367421384038, 51.569861002218651 ], [ 0.197372976000083, 51.569861878382049 ], [ 0.197463740159164, 51.569876194282052 ], [ 0.197505007295209, 51.569882705372976 ], [ 0.197547481474055, 51.569889409663617 ], [ 0.197561978539038, 51.569891692029408 ], [ 0.197712491208152, 51.569915427942078 ], [ 0.197730768844909, 51.569918304923036 ], [ 0.197769127899419, 51.5699243578146 ], [ 0.197705331702374, 51.570012092627103 ], [ 0.197653797183499, 51.570082978639483 ], [ 0.197565803588007, 51.570204009121774 ], [ 0.197561460084946, 51.570209998889183 ], [ 0.197546302430828, 51.570230840833034 ], [ 0.197541999144024, 51.570236766895455 ], [ 0.197510079241405, 51.570280639155023 ], [ 0.197488676285997, 51.570308882416228 ], [ 0.197438369395278, 51.570375311807503 ], [ 0.19742885810441, 51.570387855349018 ], [ 0.197360586713752, 51.57047797604217 ], [ 0.197355485266939, 51.57048470843403 ], [ 0.197313996493257, 51.570539488539318 ], [ 0.19730886749691, 51.570546248424385 ], [ 0.197301948389174, 51.570555389012959 ], [ 0.1972956259823, 51.570563736033364 ], [ 0.197275051149431, 51.570590902573691 ], [ 0.197269399971366, 51.570598355706117 ], [ 0.19720401837179, 51.570684672107674 ], [ 0.197201956352362, 51.570687399636945 ], [ 0.197165920201454, 51.570734955109522 ], [ 0.19716030330093, 51.570742371623162 ], [ 0.197140277589168, 51.570768808417121 ], [ 0.197132069269713, 51.570779645841363 ], [ 0.197128704110941, 51.570784079468027 ], [ 0.197098461772163, 51.570823999264036 ], [ 0.197092586933941, 51.570831753346795 ], [ 0.197088693681885, 51.57083690731028 ], [ 0.197079602741817, 51.570848894380248 ], [ 0.197033106214507, 51.570910270126788 ], [ 0.197014613446898, 51.570934681744816 ], [ 0.19698601285161, 51.570972439425603 ], [ 0.196957384673655, 51.571010224595696 ], [ 0.196927250458514, 51.571049998438831 ], [ 0.196921810522977, 51.571057195795888 ], [ 0.196929976048585, 51.571058346815583 ], [ 0.196954545582148, 51.571061816490548 ], [ 0.196998599496868, 51.571068041718569 ], [ 0.197051502215161, 51.571075522049355 ], [ 0.197097910008765, 51.57108208084761 ], [ 0.197105828709834, 51.571083200507026 ], [ 0.197120605393652, 51.571085288829579 ], [ 0.19719352247673, 51.571095591141152 ], [ 0.197241114662289, 51.571102321041344 ], [ 0.197294061142133, 51.571109809434219 ], [ 0.19730893919935, 51.571111904826346 ], [ 0.197324427998166, 51.571114096689364 ], [ 0.197403513340742, 51.571125277023157 ], [ 0.197463724161835, 51.571133780328758 ], [ 0.197470742485411, 51.571134781939179 ], [ 0.197525693623163, 51.571142542921656 ], [ 0.197538465323783, 51.571144349509133 ], [ 0.197556235048908, 51.571146858320283 ], [ 0.197560855396814, 51.571147509167751 ], [ 0.197576547365952, 51.57114972416889 ], [ 0.197589377390886, 51.571151543147316 ], [ 0.197627532399207, 51.571156934408954 ], [ 0.197666225202893, 51.571162405509988 ], [ 0.197738089221789, 51.571172560841397 ], [ 0.197767235539151, 51.571176673007244 ], [ 0.197859441653118, 51.57118971150269 ], [ 0.197874305775014, 51.571191816076187 ], [ 0.197979065032373, 51.571206615659783 ], [ 0.19799095057105, 51.571208299414344 ], [ 0.198054213149597, 51.571217239830474 ], [ 0.198082444705663, 51.571221234167034 ], [ 0.198102162059356, 51.571224030137671 ], [ 0.198113916547443, 51.571225689356936 ], [ 0.198134069469407, 51.571228540109168 ], [ 0.198144807353424, 51.571230065498973 ], [ 0.198174956795378, 51.571234329626797 ], [ 0.198225608233752, 51.571241500890935 ], [ 0.198274080562906, 51.571248371245645 ], [ 0.198278627975127, 51.571249005445608 ], [ 0.198304898442866, 51.571252730725909 ], [ 0.198381994711262, 51.571263650899866 ], [ 0.19840394888085, 51.571266746527456 ], [ 0.198412448679091, 51.571267945097496 ], [ 0.198433153828591, 51.571270875286046 ], [ 0.198488789586965, 51.571278762127982 ], [ 0.198499265800091, 51.571280247380159 ], [ 0.19863068904642, 51.571298844598005 ], [ 0.198650711389205, 51.57130167963637 ], [ 0.198694693623512, 51.57130790537358 ], [ 0.198709746538849, 51.571310033214736 ], [ 0.198800864402149, 51.571322938092372 ], [ 0.198816919735356, 51.571325204498443 ], [ 0.198828936167662, 51.571326908144044 ], [ 0.198935949328525, 51.571342050845317 ], [ 0.198947733135164, 51.571343718373114 ], [ 0.199054078387763, 51.571358774570591 ], [ 0.199071500066122, 51.571361244636705 ], [ 0.199238406301095, 51.571384868227405 ], [ 0.19924786508251, 51.571386201630297 ], [ 0.199340116494066, 51.571399264688722 ], [ 0.199313043644433, 51.571476140769015 ], [ 0.19921160616331, 51.571764199568676 ], [ 0.199256153661316, 51.571764182371879 ], [ 0.199379363342472, 51.571764146517388 ], [ 0.199511836761297, 51.57179550206515 ], [ 0.199684088994708, 51.571836273257475 ], [ 0.200015998883771, 51.571892151461974 ], [ 0.200060005474026, 51.571900660448847 ], [ 0.200383797845048, 51.572019164071179 ], [ 0.200507110098774, 51.572051140073597 ], [ 0.200500314262493, 51.572097212680099 ], [ 0.200618280875189, 51.572130251138006 ], [ 0.200784244450086, 51.572176723389411 ], [ 0.200910750800538, 51.572212013181186 ], [ 0.20085115489362, 51.57230783496383 ], [ 0.200845543089592, 51.572316843335841 ], [ 0.200489354320224, 51.57288754397004 ], [ 0.200378942160837, 51.573064723451864 ], [ 0.200370007666494, 51.5730790460441 ], [ 0.200347977370052, 51.573123435061873 ], [ 0.20028863374545, 51.573243013004145 ], [ 0.200249032937508, 51.5733374897885 ], [ 0.200164076282737, 51.573540274561275 ], [ 0.20016266509704, 51.57354362843774 ], [ 0.200149880397126, 51.573574165627356 ], [ 0.20013807392952, 51.57360239575047 ], [ 0.200123419470131, 51.573646821681805 ], [ 0.200121952602516, 51.573651264751113 ], [ 0.200115383486115, 51.573671244476898 ], [ 0.200077606029047, 51.573785876182498 ], [ 0.200076001490427, 51.57379075619442 ], [ 0.200071312460642, 51.573804987410377 ], [ 0.20005650848329, 51.57384990625296 ], [ 0.199973751532103, 51.574101004748094 ], [ 0.199952226648733, 51.574178316425886 ], [ 0.199951107481233, 51.57418233929252 ], [ 0.199941156173855, 51.574218066190639 ], [ 0.199923580650989, 51.574281220782645 ], [ 0.199912252858227, 51.57432191963256 ], [ 0.199960317951085, 51.57431952949657 ], [ 0.200095815573837, 51.574312755985368 ], [ 0.200103013217347, 51.574312378122649 ], [ 0.20010715973287, 51.574312174417969 ], [ 0.200115927713726, 51.574311740110467 ], [ 0.20019203048847, 51.574307937981054 ], [ 0.200206628717655, 51.574307200917644 ], [ 0.200277102437713, 51.574303684217732 ], [ 0.200353161709437, 51.574299878303329 ], [ 0.20036938740137, 51.574299969507258 ], [ 0.200432860116538, 51.57430030717952 ], [ 0.200462048539159, 51.574300460868002 ], [ 0.200549888629386, 51.574300934718181 ], [ 0.200601019051069, 51.574301207162577 ], [ 0.200609283510109, 51.574301254398719 ], [ 0.200633325814185, 51.574301383220849 ], [ 0.201110129888615, 51.574303935582805 ], [ 0.201282182984908, 51.574317936181046 ], [ 0.201293947792019, 51.574318893391585 ], [ 0.201514247373582, 51.574341880139144 ], [ 0.201521489362597, 51.574342121871247 ], [ 0.201537824140328, 51.574342678499626 ], [ 0.20157568259106, 51.57434395511865 ], [ 0.201595827933127, 51.574332569477086 ], [ 0.201627647136824, 51.574314579632663 ] ] ] } },
{ "type": "Feature", "properties": { "lsoa21cd": "E01002367", "lsoa21nm": "Havering 020E", "msoa21cd": "E02000483", "msoa21nm": "Havering 020", "lad22cd": "E09000016", "lad22nm": "Havering", "index_right": 126, "GSS_CODE": "E05000315", "risk_score": 0.0015234657993620083, "allocation_hours": 0.02541656247657053, "patrol_units": 0 }, "geometry": { "type": "Polygon", "coordinates": [ [ [ 0.223638629801782, 51.567250117127315 ], [ 0.223910034738671, 51.567119226397566 ], [ 0.224041049229243, 51.567055956571345 ], [ 0.223990474561049, 51.567040392843737 ], [ 0.223918018639393, 51.567016334678435 ], [ 0.223761622744307, 51.566964407112572 ], [ 0.223732732584838, 51.5669569691402 ], [ 0.223728636843739, 51.566955684363506 ], [ 0.223718368948644, 51.566952996803572 ], [ 0.223637876382064, 51.566932202420418 ], [ 0.223629761052698, 51.566930602658452 ], [ 0.223566777713885, 51.566918217423172 ], [ 0.223556142078464, 51.566916125861631 ], [ 0.223490208993495, 51.56690627857455 ], [ 0.223439831506682, 51.566891999565762 ], [ 0.223393638882452, 51.566878909207951 ], [ 0.223387230354107, 51.566877097211531 ], [ 0.223266092430509, 51.56685458207555 ], [ 0.223257804643237, 51.566853588087021 ], [ 0.223218571885295, 51.566848882074815 ], [ 0.223178814182255, 51.566847171670588 ], [ 0.223145071631224, 51.566845715940914 ], [ 0.223005447119547, 51.566854235023918 ], [ 0.222967674631749, 51.566859060788019 ], [ 0.222905093248402, 51.56686705466845 ], [ 0.222897746888508, 51.566869684968133 ], [ 0.22279307655336, 51.566907038248317 ], [ 0.222767334317918, 51.566916222356085 ], [ 0.222721861811029, 51.566937741064855 ], [ 0.222715853557654, 51.566940588803 ], [ 0.222663743095389, 51.566979274994857 ], [ 0.22265606984039, 51.566984969088288 ], [ 0.222628081242352, 51.566992621966556 ], [ 0.222557047757027, 51.567007358704871 ], [ 0.222515378197329, 51.567019272702183 ], [ 0.222506981989072, 51.567021680062176 ], [ 0.222477706349772, 51.567035346620308 ], [ 0.222461593779004, 51.567041083721008 ], [ 0.222434803597461, 51.567048309158324 ], [ 0.222427838917534, 51.567050185778015 ], [ 0.222368039764052, 51.567060204025879 ], [ 0.222357874259261, 51.567058580074949 ], [ 0.222338602779802, 51.567056643054379 ], [ 0.222324333855944, 51.567055204773183 ], [ 0.222275944377669, 51.567050330224077 ], [ 0.222270887599355, 51.567049310914001 ], [ 0.222227721285067, 51.567040578306475 ], [ 0.222218758886304, 51.567038769672969 ], [ 0.222013969018568, 51.567023890550637 ], [ 0.222008934223958, 51.567024210766945 ], [ 0.221899880772994, 51.567031151091896 ], [ 0.221714195670631, 51.567085281349485 ], [ 0.221707104790911, 51.567088122565956 ], [ 0.221701853467198, 51.56709021848819 ], [ 0.221691623170798, 51.567096446579299 ], [ 0.221648341342008, 51.567109038304622 ], [ 0.221539310797744, 51.56714074452865 ], [ 0.221527544211474, 51.567144168917473 ], [ 0.221420358793992, 51.56714532689562 ], [ 0.221416017283388, 51.567145660933555 ], [ 0.221399513163221, 51.567146917806902 ], [ 0.22136689285101, 51.567149397219872 ], [ 0.22133723195579, 51.567148052511328 ], [ 0.221328077903856, 51.567147641351838 ], [ 0.221262425320681, 51.567158066670764 ], [ 0.221208808910748, 51.567160233260807 ], [ 0.221191905105109, 51.567162172148315 ], [ 0.221186452236035, 51.567162797015733 ], [ 0.221084384566168, 51.56717452343397 ], [ 0.221013182251068, 51.567182697564704 ], [ 0.220995540426557, 51.567182815832631 ], [ 0.220966167060815, 51.567179819864634 ], [ 0.220940643755083, 51.56717943538834 ], [ 0.220905501564637, 51.567181391379457 ], [ 0.220820060294947, 51.567186372738107 ], [ 0.220805582605686, 51.567185684641565 ], [ 0.220801402686226, 51.567185485010604 ], [ 0.220781992096127, 51.56717506098159 ], [ 0.220720980467009, 51.567110405651881 ], [ 0.220655327312165, 51.567013841152502 ], [ 0.220634981041196, 51.566983902075641 ], [ 0.22063858788305, 51.566802823065125 ], [ 0.220638977934551, 51.566782977163804 ], [ 0.220639142084065, 51.566775087211454 ], [ 0.220631506951547, 51.566772974542829 ], [ 0.220621692288076, 51.566770255647789 ], [ 0.220537054230846, 51.566579525326901 ], [ 0.220538343125312, 51.566575472067498 ], [ 0.220559987886662, 51.566507614885843 ], [ 0.220584779910846, 51.566430012667134 ], [ 0.220699668214007, 51.566361864761916 ], [ 0.220722948561847, 51.566348051374604 ], [ 0.220782915642516, 51.566317490814029 ], [ 0.220794714218336, 51.566311466921732 ], [ 0.220798656687051, 51.5663094587754 ], [ 0.2207932462988, 51.566286062566647 ], [ 0.220787820829532, 51.566271542716002 ], [ 0.220788583819161, 51.566268839366444 ], [ 0.220790124651843, 51.566263441379036 ], [ 0.220797840155392, 51.566242314650893 ], [ 0.22080050138062, 51.566235033900142 ], [ 0.220802354210243, 51.566224782787394 ], [ 0.220805013562485, 51.566209759114749 ], [ 0.220809541590472, 51.56618318004665 ], [ 0.22080810997859, 51.566101182169369 ], [ 0.220803023617468, 51.56607584633344 ], [ 0.220794093115423, 51.566031423742672 ], [ 0.220793200527741, 51.566027020594255 ], [ 0.220791359716316, 51.566022109312094 ], [ 0.220776293752048, 51.565982070071534 ], [ 0.220776068755055, 51.565926924869956 ], [ 0.220774549820029, 51.565920770957383 ], [ 0.220775506971719, 51.565908720222744 ], [ 0.220776842100488, 51.565891985980038 ], [ 0.220777129729119, 51.565888410319602 ], [ 0.220774220626515, 51.565844076046716 ], [ 0.220772674623274, 51.565838107002762 ], [ 0.220767844352856, 51.565819511051757 ], [ 0.220766211050872, 51.56580226646112 ], [ 0.220765211208294, 51.5657915118014 ], [ 0.22076813651829, 51.565775430913554 ], [ 0.220769465515812, 51.565770720403947 ], [ 0.220771013752231, 51.565765178388446 ], [ 0.220772537126998, 51.56573571551089 ], [ 0.220773565531975, 51.565730462121294 ], [ 0.220777393342022, 51.56571098727845 ], [ 0.220778667900305, 51.565681155903377 ], [ 0.220776224158304, 51.565662676634531 ], [ 0.220769752660218, 51.565613337775652 ], [ 0.220768104414386, 51.565600823776293 ], [ 0.220642930031464, 51.565161027035856 ], [ 0.220600336249311, 51.565138820495036 ], [ 0.220525675344752, 51.565099900614669 ], [ 0.220509081343726, 51.565092184069421 ], [ 0.220500763419924, 51.565092341558966 ], [ 0.220471931794387, 51.56509288744541 ], [ 0.220140368036528, 51.56509916463083 ], [ 0.220139414731657, 51.565241721453852 ], [ 0.220138695390517, 51.565350550160538 ], [ 0.220138635649214, 51.565359993923103 ], [ 0.220143009289643, 51.565449840951608 ], [ 0.22012596315495, 51.565450919055316 ], [ 0.219728057693191, 51.565476005232313 ], [ 0.219284953903881, 51.565503941810846 ], [ 0.219124632163002, 51.565514052998495 ], [ 0.219012198348478, 51.565521144538401 ], [ 0.21892027750889, 51.565526939571129 ], [ 0.218825236282894, 51.565534142514856 ], [ 0.218604000427678, 51.565550909137329 ], [ 0.21856730135543, 51.565389729717367 ], [ 0.218532502850031, 51.565096164613479 ], [ 0.218518365213395, 51.564976978270998 ], [ 0.218517928168741, 51.56496799355623 ], [ 0.218416417816652, 51.564579942072271 ], [ 0.218394643270065, 51.564496705727549 ], [ 0.218393855155726, 51.564493703489596 ], [ 0.218315194540645, 51.564218522268575 ], [ 0.218300614231483, 51.56421540770134 ], [ 0.218294259243579, 51.56419540160941 ], [ 0.218265810997053, 51.564207972314342 ], [ 0.218257908181709, 51.564206278231907 ], [ 0.21747966774078, 51.564039931061302 ], [ 0.217452376143592, 51.564007442839959 ], [ 0.217445514809037, 51.563999272048932 ], [ 0.217442668408643, 51.563994145909561 ], [ 0.217433023589208, 51.563976800946406 ], [ 0.217426508240272, 51.56396506239119 ], [ 0.217396344661604, 51.563883589721627 ], [ 0.217397125740241, 51.563873835552755 ], [ 0.217395217229938, 51.563869599970502 ], [ 0.217264137195367, 51.563578835064909 ], [ 0.217036357012268, 51.563515702914913 ], [ 0.216739305577037, 51.563560329633198 ], [ 0.216461556264044, 51.563601632109886 ], [ 0.216393287397487, 51.563592877164105 ], [ 0.216375653090787, 51.563589856046505 ], [ 0.216371405390462, 51.563588551402638 ], [ 0.216177265557512, 51.563528810683003 ], [ 0.215967727198427, 51.563493344886425 ], [ 0.215930806895247, 51.563479437889995 ], [ 0.215864124130291, 51.563454321410184 ], [ 0.21578804975956, 51.563425668232121 ], [ 0.215765753051063, 51.563417258385719 ], [ 0.215738681013351, 51.563407077208794 ], [ 0.215733184048098, 51.563405004761933 ], [ 0.215681108378805, 51.563429298434784 ], [ 0.214874098251422, 51.563471611846786 ], [ 0.214666791289933, 51.563469520384423 ], [ 0.214623182136709, 51.563469085059523 ], [ 0.21460926562448, 51.563466254325853 ], [ 0.214436667636736, 51.563431208574478 ], [ 0.214393310474651, 51.563419171951665 ], [ 0.214274280446002, 51.563466798480313 ], [ 0.214262123783181, 51.563465742060409 ], [ 0.214173971610304, 51.563458117011074 ], [ 0.214165133025025, 51.563457348648654 ], [ 0.214116132824381, 51.563448399660096 ], [ 0.21410042538458, 51.563445530740843 ], [ 0.213932836009862, 51.563399071991526 ], [ 0.213911184578304, 51.563387592085398 ], [ 0.213801299187993, 51.563329341922739 ], [ 0.21377539518413, 51.563325667257217 ], [ 0.213762076955268, 51.56332059486563 ], [ 0.213337575564897, 51.56315901017291 ], [ 0.213330938778303, 51.563142066766233 ], [ 0.213327596148405, 51.563133541562323 ], [ 0.213300422379044, 51.563064152027991 ], [ 0.213341461256339, 51.563051173867009 ], [ 0.213544394262795, 51.562986964043361 ], [ 0.213450521002951, 51.562977378058171 ], [ 0.213351166656839, 51.562967229982625 ], [ 0.213153298954332, 51.562947016626474 ], [ 0.213142506165931, 51.562946262589328 ], [ 0.213051943816181, 51.562939936698022 ], [ 0.212947910168583, 51.562932664423784 ], [ 0.212849262020997, 51.562925767046735 ], [ 0.212516411150151, 51.562905087371192 ], [ 0.212024994700143, 51.562887371311128 ], [ 0.21197301431269, 51.562885078492926 ], [ 0.211881097812077, 51.562881020991284 ], [ 0.211783889330205, 51.562876730502389 ], [ 0.211126594594966, 51.562847732833283 ], [ 0.210922837524974, 51.562838742095131 ], [ 0.210882728059641, 51.562836971369585 ], [ 0.210738578496311, 51.562839689343988 ], [ 0.210711690459699, 51.562841599211445 ], [ 0.210694753135905, 51.562841983302761 ], [ 0.210694665034816, 51.562845166684376 ], [ 0.210753265156803, 51.563031071068863 ], [ 0.210810211355002, 51.563108128455099 ], [ 0.210936737682355, 51.563207057732335 ], [ 0.211015965215089, 51.563260079269931 ], [ 0.211037685864523, 51.563273896591106 ], [ 0.21106515325128, 51.563291373602162 ], [ 0.211107150624132, 51.563318091186787 ], [ 0.211148502456685, 51.563344587111757 ], [ 0.211155680523562, 51.563349200044804 ], [ 0.211166863445988, 51.563356363405525 ], [ 0.211173475012327, 51.563360600322142 ], [ 0.211222555786062, 51.563392058482371 ], [ 0.211273573038631, 51.563426852471856 ], [ 0.211281302310611, 51.563432120482808 ], [ 0.211283855919455, 51.563435687505248 ], [ 0.211333540646276, 51.563505192559667 ], [ 0.21133614471422, 51.563510395353354 ], [ 0.211349389963094, 51.563536881707414 ], [ 0.211356771151155, 51.563551634888988 ], [ 0.211361723825613, 51.563561532692681 ], [ 0.211372876410251, 51.563583840799318 ], [ 0.211374488731445, 51.563587038873891 ], [ 0.211408460204177, 51.563674079807114 ], [ 0.211458628968604, 51.563819620388742 ], [ 0.211459922348059, 51.563823382042735 ], [ 0.211477130624529, 51.563873274327193 ], [ 0.2114782895166, 51.563876642825988 ], [ 0.211554280800209, 51.564097066549458 ], [ 0.211572718060163, 51.564150577795282 ], [ 0.21157426167192, 51.564155036180878 ], [ 0.211580385943584, 51.564172430012974 ], [ 0.211582778886425, 51.564179228541207 ], [ 0.211586243413443, 51.56418908245908 ], [ 0.211592854141328, 51.564207879013907 ], [ 0.21159528071124, 51.564214775830422 ], [ 0.211612582875451, 51.564263919900306 ], [ 0.211674062790685, 51.564438573141999 ], [ 0.211682012872622, 51.564461184432034 ], [ 0.211690212307761, 51.564484474484914 ], [ 0.21170935527465, 51.564538844711109 ], [ 0.21171318710543, 51.564549725889194 ], [ 0.211760427724304, 51.564683936416763 ], [ 0.211793794517006, 51.564781384508976 ], [ 0.211803897028502, 51.564810888778005 ], [ 0.21184413952598, 51.564928423382412 ], [ 0.211845501527573, 51.564932408561091 ], [ 0.211867142295395, 51.564995580733495 ], [ 0.211899107158454, 51.565088954432014 ], [ 0.211914720741148, 51.565120225263556 ], [ 0.211921767846881, 51.565134328216395 ], [ 0.21192576263584, 51.565142319562696 ], [ 0.21197501651968, 51.565240960710717 ], [ 0.211926629310828, 51.565247359279809 ], [ 0.211940777253944, 51.565315942677081 ], [ 0.211931421254751, 51.565332180654735 ], [ 0.211925805378999, 51.565341936074127 ], [ 0.211917597149067, 51.565360121861751 ], [ 0.211891452468901, 51.565417999328758 ], [ 0.21185166542257, 51.565506080793618 ], [ 0.211846856684941, 51.565516711288559 ], [ 0.211840536065171, 51.56553067972326 ], [ 0.211834804456422, 51.565543405007105 ], [ 0.21182917509884, 51.565555858572189 ], [ 0.211817226411765, 51.565582307525084 ], [ 0.211806541403911, 51.565605953805679 ], [ 0.21179065784901, 51.565641119244127 ], [ 0.211776782109765, 51.565671867220665 ], [ 0.211786315550353, 51.565680707345749 ], [ 0.211801830879535, 51.56569507322827 ], [ 0.211806619881674, 51.565699506358946 ], [ 0.211811016207168, 51.565703578184625 ], [ 0.211863530627486, 51.565752219809958 ], [ 0.211875692296414, 51.565763483417285 ], [ 0.211903112530022, 51.565788874924806 ], [ 0.211917962695708, 51.565802614837452 ], [ 0.211927857860655, 51.56581177187374 ], [ 0.211929143639831, 51.56581418471611 ], [ 0.211950488812948, 51.565853549010789 ], [ 0.211967207542075, 51.565884394295381 ], [ 0.21197108980268, 51.565891551413841 ], [ 0.211978601884179, 51.565905420763542 ], [ 0.211983482993046, 51.565914429578385 ], [ 0.212015874113723, 51.56597417940359 ], [ 0.212021943200937, 51.56598536908534 ], [ 0.212032021423305, 51.565998596480675 ], [ 0.212034764827897, 51.566002204867637 ], [ 0.212038378297238, 51.566006943445167 ], [ 0.212060407239266, 51.566035858457546 ], [ 0.212067218375103, 51.566044794883489 ], [ 0.212191065756758, 51.56603234112734 ], [ 0.212259403032634, 51.566046933352126 ], [ 0.212330159743411, 51.566036740184259 ], [ 0.212360804710934, 51.566102125485038 ], [ 0.212365358643143, 51.566111823923116 ], [ 0.212372375890304, 51.56613006418015 ], [ 0.212375833422673, 51.56613902339879 ], [ 0.212389265262705, 51.566173937013765 ], [ 0.212399417334895, 51.566200283746134 ], [ 0.212401597457463, 51.566205962146242 ], [ 0.212406236338151, 51.566218006148311 ], [ 0.212407689754316, 51.566221791748269 ], [ 0.212420154303171, 51.566254165107203 ], [ 0.212421193273363, 51.566256843397369 ], [ 0.212439206000897, 51.566303644723426 ], [ 0.212459662252387, 51.566356793948188 ], [ 0.212466397891353, 51.566374284101535 ], [ 0.212467801967423, 51.566377944729823 ], [ 0.21250288406288, 51.566469110077726 ], [ 0.212505775037172, 51.566476591644019 ], [ 0.212529134837697, 51.566537240168543 ], [ 0.212530374276058, 51.566540481232522 ], [ 0.212548584641531, 51.566587782415148 ], [ 0.21256316318125, 51.566625655540101 ], [ 0.212564830624535, 51.566629985670673 ], [ 0.212569834264087, 51.566643003016516 ], [ 0.21258124215995, 51.566672626455428 ], [ 0.212582298617485, 51.566675367364702 ], [ 0.21262444149558, 51.566784853023449 ], [ 0.212626216169727, 51.566789459911803 ], [ 0.21265710695282, 51.566869705880563 ], [ 0.212660458908769, 51.566878419774163 ], [ 0.21266911111057, 51.566900909814208 ], [ 0.212675549935212, 51.566917632157519 ], [ 0.212682121096012, 51.566934702729256 ], [ 0.212683212065806, 51.566937559894868 ], [ 0.212684942864986, 51.566942005736443 ], [ 0.212691316189969, 51.566958567441127 ], [ 0.212693446600609, 51.56696411187788 ], [ 0.212698993623064, 51.56697851287435 ], [ 0.212738420992864, 51.56708094077694 ], [ 0.212740006144777, 51.567085061122391 ], [ 0.212760791561934, 51.567139031423892 ], [ 0.212761848042024, 51.567141772330729 ], [ 0.212766506333264, 51.567153914871533 ], [ 0.212772959648829, 51.567170636934691 ], [ 0.212791464370974, 51.567216259865766 ], [ 0.212819721851501, 51.567285934850467 ], [ 0.212831373141012, 51.567314618429798 ], [ 0.212836480979518, 51.567327251608432 ], [ 0.212839932212405, 51.567335779276142 ], [ 0.212851012248331, 51.567363097707208 ], [ 0.212861780455175, 51.567389639632204 ], [ 0.212870686785986, 51.567411562823111 ], [ 0.212873891702389, 51.567419474622277 ], [ 0.212880612946175, 51.567436065740154 ], [ 0.212894248298159, 51.567469505131413 ], [ 0.21290095080308, 51.567483479641005 ], [ 0.212903630411019, 51.567489040693495 ], [ 0.212913742600535, 51.567510091284028 ], [ 0.212925379579821, 51.567534314599875 ], [ 0.212927563451408, 51.56753887779324 ], [ 0.212940548334803, 51.567565899466679 ], [ 0.212970355664168, 51.567627955077285 ], [ 0.212973085515316, 51.567633659067759 ], [ 0.212976408974965, 51.567640296118249 ], [ 0.212980529998768, 51.567648500881589 ], [ 0.212989206206162, 51.567665828491457 ], [ 0.213006940827238, 51.567701222913591 ], [ 0.213048432955196, 51.567784020620756 ], [ 0.213057140665018, 51.567801401589016 ], [ 0.213072781453657, 51.56783259982349 ], [ 0.213087975432806, 51.567862916183458 ], [ 0.213095867261259, 51.567878648845465 ], [ 0.213098919949648, 51.567884760416945 ], [ 0.21312187870576, 51.567930569021236 ], [ 0.21313999800216, 51.567977898856093 ], [ 0.213142186839455, 51.567983604061794 ], [ 0.213143600857084, 51.567987318455643 ], [ 0.213160661050884, 51.568031853472284 ], [ 0.213172474210323, 51.568062674294552 ], [ 0.213176849996928, 51.568088167765922 ], [ 0.213177499286874, 51.568091883105005 ], [ 0.213186951909424, 51.568146908156798 ], [ 0.213189496874668, 51.568161734526122 ], [ 0.213191619172519, 51.568174095800956 ], [ 0.213193405044649, 51.568184431010032 ], [ 0.213196360679046, 51.568201623777121 ], [ 0.213197196825772, 51.568211716116693 ], [ 0.21319892370843, 51.568232133583109 ], [ 0.213203746932995, 51.568289291924529 ], [ 0.213204421630533, 51.568297246979448 ], [ 0.213205538850386, 51.568310454581379 ], [ 0.213207606579987, 51.568334921452788 ], [ 0.213208584562485, 51.568346746762188 ], [ 0.213210125993167, 51.568364829550937 ], [ 0.213211628562071, 51.568382706234395 ], [ 0.21321271828777, 51.568395644565356 ], [ 0.213213014620757, 51.568399074294469 ], [ 0.213214691318829, 51.568419052050949 ], [ 0.213215164395198, 51.56842463676179 ], [ 0.213215571135285, 51.568429449327525 ], [ 0.213219714908235, 51.568478553779109 ], [ 0.21322168238797, 51.568495603324095 ], [ 0.213226004548895, 51.568533220357509 ], [ 0.213227229474726, 51.568543889902145 ], [ 0.213229544884245, 51.568563945531324 ], [ 0.213230994629654, 51.568576571304199 ], [ 0.21323341306309, 51.568597560259605 ], [ 0.213240752621375, 51.568661370875994 ], [ 0.21324147379072, 51.568667607391752 ], [ 0.213243400680928, 51.568684414891472 ], [ 0.213247574456628, 51.568720757719589 ], [ 0.21325114450511, 51.568751797085952 ], [ 0.213252972307209, 51.568767752121616 ], [ 0.213253520170989, 51.568772499072153 ], [ 0.21325707583752, 51.568803241940927 ], [ 0.213258724665309, 51.568817590609456 ], [ 0.213279952745277, 51.56890413412939 ], [ 0.213281911877497, 51.568912091916133 ], [ 0.213283241694924, 51.56891748958693 ], [ 0.213285057146756, 51.568924865541412 ], [ 0.213285705676493, 51.568927524217521 ], [ 0.213295771575387, 51.568959502132749 ], [ 0.213297154778614, 51.568963918559568 ], [ 0.213310544415538, 51.569006400495581 ], [ 0.213330233427805, 51.569068961772714 ], [ 0.21333794526423, 51.569093465982036 ], [ 0.213339432732899, 51.569099732996229 ], [ 0.213369655652539, 51.569226503214551 ], [ 0.213362041867509, 51.569261692629937 ], [ 0.213329510637058, 51.569412004058854 ], [ 0.213328790818515, 51.569415309081599 ], [ 0.213327671970038, 51.569420501171962 ], [ 0.213321204658459, 51.569438285490236 ], [ 0.213308358728751, 51.569473600647477 ], [ 0.213300798076506, 51.569494367894478 ], [ 0.213217866412591, 51.569722436211947 ], [ 0.213216469387426, 51.56972605977856 ], [ 0.213215355522764, 51.569728976546891 ], [ 0.213122511854508, 51.56997219981443 ], [ 0.213081314066874, 51.57008014688617 ], [ 0.213066015117703, 51.570120229630682 ], [ 0.2130573360857, 51.570142992827989 ], [ 0.213027429398657, 51.570221346662791 ], [ 0.212944719719034, 51.570397191863407 ], [ 0.212938532603082, 51.570410348471178 ], [ 0.212924116380812, 51.570440971894953 ], [ 0.212919054027268, 51.570451733124223 ], [ 0.212915430194299, 51.57045942757312 ], [ 0.212901526509171, 51.570489016119581 ], [ 0.212934507120039, 51.570481127323525 ], [ 0.212938515664862, 51.570480170354529 ], [ 0.213041187441591, 51.570455606150489 ], [ 0.21308310496944, 51.570445579166481 ], [ 0.213095087332169, 51.57044270906038 ], [ 0.213193173041871, 51.570419247491785 ], [ 0.213208693384778, 51.570415537194236 ], [ 0.21321485582185, 51.570414062930297 ], [ 0.213261039351906, 51.570403033574976 ], [ 0.213275592812141, 51.570399768686826 ], [ 0.213332022347266, 51.570387111511096 ], [ 0.213341115468622, 51.570385069317155 ], [ 0.213506650058877, 51.570347950872709 ], [ 0.213511417462981, 51.570346871641803 ], [ 0.213516128506114, 51.570345820453738 ], [ 0.21353310145557, 51.570342010745549 ], [ 0.213555227582062, 51.570337042575289 ], [ 0.213618252324359, 51.570322911800659 ], [ 0.213713866745267, 51.570301465913289 ], [ 0.213718334865808, 51.570300464268421 ], [ 0.213741317700533, 51.570295309020857 ], [ 0.213752237876849, 51.570292854593177 ], [ 0.213836232535349, 51.570274020129119 ], [ 0.213920812123673, 51.570255048657657 ], [ 0.213928620723322, 51.570253300461921 ], [ 0.213962081089379, 51.570245789013391 ], [ 0.213972244978374, 51.57024351071945 ], [ 0.214101919230167, 51.570214424822694 ], [ 0.214115894557549, 51.570211292151811 ], [ 0.214160146981469, 51.570201364574579 ], [ 0.214237798233695, 51.570181174759284 ], [ 0.214253345514625, 51.570177131072576 ], [ 0.214320821886583, 51.570159588440397 ], [ 0.214330825857229, 51.570156989387499 ], [ 0.214537956897189, 51.570103130320483 ], [ 0.214566543153245, 51.570095692770956 ], [ 0.214630328421966, 51.57007910998103 ], [ 0.214788850325024, 51.57003788646454 ], [ 0.21480311523267, 51.570034181682253 ], [ 0.214879725231713, 51.570014253916369 ], [ 0.214885226112751, 51.570012828032645 ], [ 0.214995352886752, 51.569984182339127 ], [ 0.21504641302322, 51.569970924317523 ], [ 0.215081340575942, 51.569961829203123 ], [ 0.215094762683056, 51.569958239292689 ], [ 0.215115969278587, 51.569952820659864 ], [ 0.215186937519924, 51.569934375536079 ], [ 0.215225827208003, 51.569924261276114 ], [ 0.215297621527211, 51.56990559364295 ], [ 0.215337351749636, 51.569895256630048 ], [ 0.215367320448398, 51.569887460162306 ], [ 0.215405519328724, 51.569877534255333 ], [ 0.215414931752698, 51.569875085721584 ], [ 0.215418822284929, 51.569874076956964 ], [ 0.215430037327891, 51.569871158209757 ], [ 0.215506434144679, 51.569851288374387 ], [ 0.215567383696274, 51.569835442405733 ], [ 0.215706659706915, 51.569809447381544 ], [ 0.215731642859129, 51.569804775649963 ], [ 0.215738436069938, 51.569803514188557 ], [ 0.215742497404289, 51.569802753989997 ], [ 0.215747803002583, 51.569801763444453 ], [ 0.215774960112825, 51.569796690911012 ], [ 0.215789461377889, 51.569793988824316 ], [ 0.215839600214194, 51.569784633067734 ], [ 0.21587576728722, 51.569777888447277 ], [ 0.21595090361249, 51.569763860604532 ], [ 0.215973484694797, 51.569759647885839 ], [ 0.215996537613735, 51.569755345310369 ], [ 0.216020498384861, 51.569750868198746 ], [ 0.216065009554484, 51.569742558450692 ], [ 0.216074734274197, 51.569740746961855 ], [ 0.216083633578335, 51.569739084165526 ], [ 0.216095170207357, 51.569736934473973 ], [ 0.216127933401447, 51.569730820654271 ], [ 0.216135484156094, 51.569729409960118 ], [ 0.216167131525025, 51.569723497074435 ], [ 0.216256074553401, 51.569701685495588 ], [ 0.216292474403084, 51.56969275554696 ], [ 0.216349238279275, 51.569678831835226 ], [ 0.216447079019781, 51.569654824039908 ], [ 0.216453966999789, 51.569653138075324 ], [ 0.216538474251737, 51.569632403840259 ], [ 0.216573883130117, 51.569623721854803 ], [ 0.216594717863738, 51.569618615744474 ], [ 0.216604543901411, 51.569616217752177 ], [ 0.21663794132554, 51.569608014421377 ], [ 0.216703040142146, 51.56959204447309 ], [ 0.216755689824288, 51.569579133599248 ], [ 0.216778206968202, 51.56957360895715 ], [ 0.216825865180042, 51.569561916524187 ], [ 0.216835590709704, 51.569559529405346 ], [ 0.2168944790658, 51.569543155149695 ], [ 0.216926158555827, 51.56953434570822 ], [ 0.216989503082274, 51.569516727072845 ], [ 0.216999711791016, 51.569513890149864 ], [ 0.21701238365973, 51.569510368160159 ], [ 0.217026536131684, 51.569506431481003 ], [ 0.217063085095534, 51.569496270930692 ], [ 0.217087731105899, 51.569489419986283 ], [ 0.217106283435261, 51.569484267002935 ], [ 0.217160686538934, 51.569469137501962 ], [ 0.217171550116866, 51.569466117316708 ], [ 0.217182926159166, 51.569462952547255 ], [ 0.217299919438606, 51.569430425308006 ], [ 0.217325377108868, 51.569423352129228 ], [ 0.217346377682169, 51.569417505324424 ], [ 0.217436207525388, 51.569396148215404 ], [ 0.217440501653256, 51.569395131752678 ], [ 0.217499261153135, 51.569381160758624 ], [ 0.217519917426259, 51.569376246711052 ], [ 0.21754057369495, 51.569371332659898 ], [ 0.21757542428476, 51.56936304762695 ], [ 0.217632942518829, 51.569349369826419 ], [ 0.21765220816627, 51.56934479230943 ], [ 0.217665967343487, 51.569341523975005 ], [ 0.217700304114304, 51.569333356536887 ], [ 0.217719862022445, 51.569328706034739 ], [ 0.217763257523182, 51.569318388819205 ], [ 0.217774912224062, 51.569315614414464 ], [ 0.217800304674351, 51.569309576560102 ], [ 0.217805739921334, 51.569308286700874 ], [ 0.217882701866887, 51.56928998739658 ], [ 0.217904385602901, 51.56928483801871 ], [ 0.218057724291635, 51.569248376199802 ], [ 0.218077781481751, 51.569243608279166 ], [ 0.218175870299367, 51.569220286809426 ], [ 0.218184358006426, 51.569218264724405 ], [ 0.218355656360495, 51.569177532888844 ], [ 0.218440498216755, 51.569154515726112 ], [ 0.21844598147919, 51.569153027083104 ], [ 0.218573023035672, 51.569118554864367 ], [ 0.218590199324017, 51.569113895312647 ], [ 0.218737023331711, 51.569074057571264 ], [ 0.218780034736673, 51.569062380310939 ], [ 0.218818553281406, 51.569051934643404 ], [ 0.218886182625265, 51.569033581925034 ], [ 0.218902621853176, 51.569029493838222 ], [ 0.218944597376681, 51.569019068156493 ], [ 0.21909748430251, 51.568981066730103 ], [ 0.219145404737176, 51.568969152560513 ], [ 0.219264285874837, 51.568939591297976 ], [ 0.21968728369131, 51.568834407810257 ], [ 0.219701558512091, 51.568830918142119 ], [ 0.219823633343039, 51.56880057642622 ], [ 0.219900577986953, 51.568776025994154 ], [ 0.220268534745443, 51.568658662542781 ], [ 0.220303206312386, 51.568647610246025 ], [ 0.220399286746636, 51.568613614283102 ], [ 0.220433531785967, 51.568601508849909 ], [ 0.220468811740807, 51.568589024092503 ], [ 0.220546976103493, 51.568561383531737 ], [ 0.220639226190297, 51.568528745894035 ], [ 0.220649156115853, 51.568525230464388 ], [ 0.220943170793133, 51.568421234633469 ], [ 0.220958789493019, 51.568415713925006 ], [ 0.221098560785137, 51.568366258381012 ], [ 0.221213223882167, 51.568325700154226 ], [ 0.221312168999473, 51.568290700425315 ], [ 0.221363010058421, 51.568270042798659 ], [ 0.221368867879501, 51.568267656617998 ], [ 0.221712584086736, 51.568127977510215 ], [ 0.221900281937721, 51.56805169527069 ], [ 0.221973054234697, 51.568022114504416 ], [ 0.2219913216688, 51.568014690917934 ], [ 0.222038978343499, 51.567995325370433 ], [ 0.222054670075212, 51.567988939804664 ], [ 0.22206805566111, 51.567983497230813 ], [ 0.22213803364287, 51.567955061954713 ], [ 0.222142682180699, 51.567953179773568 ], [ 0.222163368842659, 51.567944766057146 ], [ 0.222175339879702, 51.567939907839282 ], [ 0.222211421597692, 51.567925240053675 ], [ 0.222271869510373, 51.567900676899384 ], [ 0.222355621994484, 51.567866643140633 ], [ 0.222366644589515, 51.567862162595468 ], [ 0.222385383909199, 51.567854505180641 ], [ 0.222504735561077, 51.567796945516939 ], [ 0.22251368826116, 51.56779263008589 ], [ 0.222566755274577, 51.567767037563996 ], [ 0.22258912956569, 51.567756244618117 ], [ 0.222611306830657, 51.56774555432483 ], [ 0.222679543561997, 51.567712641737963 ], [ 0.22268679035668, 51.567709150007886 ], [ 0.222725519122509, 51.567690474978662 ], [ 0.222741267309224, 51.567682883189654 ], [ 0.222783563287704, 51.56766249481462 ], [ 0.222793741713806, 51.567657571586182 ], [ 0.222916398589888, 51.567598420048803 ], [ 0.22291997981478, 51.56759669745832 ], [ 0.222946287258089, 51.56758400431611 ], [ 0.222968774078051, 51.567573155206702 ], [ 0.223097648048373, 51.567511007877748 ], [ 0.223118387004453, 51.567501010234253 ], [ 0.223127071370539, 51.567496816751714 ], [ 0.22314634384433, 51.567487521376549 ], [ 0.223330736797324, 51.567398601383452 ], [ 0.223336446700043, 51.567395849195776 ], [ 0.223628281623133, 51.567255106598807 ], [ 0.223638629801782, 51.567250117127315 ] ] ] } },
{ "type": "Feature", "properties": { "lsoa21cd": "E01002320", "lsoa21nm": "Havering 021A", "msoa21cd": "E02000484", "msoa21nm": "Havering 021", "lad22cd": "E09000016", "lad22nm": "Havering", "index_right": 126, "GSS_CODE": "E05000315", "risk_score": 7.329777102439242, "allocation_hours": 122.2854741744122, "patrol_units": 61 }, "geometry": { "type": "Polygon", "coordinates": [ [ [ 0.203395723106206, 51.569218864495809 ], [ 0.203409196262079, 51.569168898134308 ], [ 0.203411313995652, 51.56916106142706 ], [ 0.20341195304714, 51.569151292039557 ], [ 0.203412306751534, 51.56914606946691 ], [ 0.203391403755488, 51.569011216933781 ], [ 0.203414225168453, 51.568958215125896 ], [ 0.203414823241227, 51.568955362106259 ], [ 0.203419043014015, 51.568935183505069 ], [ 0.203525253975126, 51.568606526605791 ], [ 0.203560452220699, 51.568497607647174 ], [ 0.203551953285957, 51.568491939927632 ], [ 0.203367419321368, 51.568368813785213 ], [ 0.20336577229676, 51.568364591059101 ], [ 0.203351913855858, 51.56832893354516 ], [ 0.20338226476068, 51.568279162605201 ], [ 0.20339169440024, 51.568174783780982 ], [ 0.203426385974051, 51.56779049144258 ], [ 0.203424965149336, 51.567775122167625 ], [ 0.203423318378041, 51.567757167161453 ], [ 0.203418700668717, 51.567706992193436 ], [ 0.203418357144651, 51.567703167641049 ], [ 0.203417844610907, 51.567699876850511 ], [ 0.203415807508893, 51.567599931214041 ], [ 0.203415482639462, 51.567582158203386 ], [ 0.203416209249828, 51.567577486186018 ], [ 0.203422430066127, 51.567561991287093 ], [ 0.203430473367751, 51.567541061854783 ], [ 0.203435629122088, 51.567477991638228 ], [ 0.203440362266901, 51.56746007860616 ], [ 0.203450875172486, 51.567420230996902 ], [ 0.203451729339214, 51.5674170044513 ], [ 0.20348941643991, 51.567354829178058 ], [ 0.203495176253632, 51.567345323268398 ], [ 0.203558941157354, 51.567259784230579 ], [ 0.203558527146591, 51.567256442127345 ], [ 0.203554425389809, 51.567227696722632 ], [ 0.203557015560857, 51.567197089903388 ], [ 0.203558523264201, 51.567179318421729 ], [ 0.203561931163122, 51.567165036444514 ], [ 0.203561637203286, 51.567156264801369 ], [ 0.203560454690324, 51.567120144159013 ], [ 0.203562459177858, 51.567112354520042 ], [ 0.203575472784227, 51.567061848060249 ], [ 0.203578460922337, 51.567050226901806 ], [ 0.203574170003037, 51.566993076094619 ], [ 0.203574152851892, 51.566989137482899 ], [ 0.203571419028256, 51.566967497747079 ], [ 0.203569059383666, 51.566949421199716 ], [ 0.20356797191231, 51.566941249014839 ], [ 0.20357660834337, 51.566878693262851 ], [ 0.203585034779329, 51.566845836343717 ], [ 0.203588179491296, 51.566833573739061 ], [ 0.203591459338024, 51.566820822972524 ], [ 0.203591501079724, 51.56681571416383 ], [ 0.203592435058731, 51.566811451913971 ], [ 0.203599778260656, 51.566777976849487 ], [ 0.203596350420235, 51.566760190168509 ], [ 0.203591743209383, 51.566736211489726 ], [ 0.203586637889742, 51.566709688160188 ], [ 0.203583898540503, 51.566701969692296 ], [ 0.20358114260537, 51.566694206571036 ], [ 0.203571062502753, 51.566642965049901 ], [ 0.203571573174792, 51.566625760835002 ], [ 0.203572130766042, 51.566606541306115 ], [ 0.203572342139679, 51.56659956775799 ], [ 0.203584599185255, 51.566534003244811 ], [ 0.203586950209326, 51.566521440801722 ], [ 0.203596297780495, 51.566500482294536 ], [ 0.203597081432697, 51.566487733477146 ], [ 0.203596204953535, 51.566483927924793 ], [ 0.203577471714126, 51.566402614564225 ], [ 0.203574038303262, 51.566374557978889 ], [ 0.203573606034159, 51.566370986888707 ], [ 0.203585438939681, 51.566284998246921 ], [ 0.203586284135198, 51.566282482307727 ], [ 0.203587936487016, 51.566277559060268 ], [ 0.203591499778007, 51.566247680291902 ], [ 0.203594336024446, 51.56622395740748 ], [ 0.203607730888193, 51.566180152553734 ], [ 0.203599319355909, 51.566172999334199 ], [ 0.203582917748387, 51.566159053685297 ], [ 0.203578643423515, 51.566155401922657 ], [ 0.203477792476135, 51.566047474764765 ], [ 0.203470473318225, 51.566039635523886 ], [ 0.203449439299616, 51.566002080354082 ], [ 0.203442389048832, 51.565980692597115 ], [ 0.203427306154116, 51.565934904901923 ], [ 0.203426445054114, 51.56593231311399 ], [ 0.20342719065952, 51.56586023817804 ], [ 0.203427222415582, 51.565856415555452 ], [ 0.203452940832836, 51.565776793811899 ], [ 0.203442749978681, 51.565770141654852 ], [ 0.203426971698552, 51.565759835426043 ], [ 0.20342334767325, 51.565758293784512 ], [ 0.203339884606001, 51.565722936997268 ], [ 0.203266404438762, 51.565719794343558 ], [ 0.203216260628179, 51.565717643017983 ], [ 0.203004842654549, 51.565708602725053 ], [ 0.202931275597791, 51.565705452500367 ], [ 0.202938590096239, 51.565693183509474 ], [ 0.20293069614076, 51.565685539389285 ], [ 0.202897253664851, 51.56568517399635 ], [ 0.202899247871787, 51.565655063925874 ], [ 0.20289290512015, 51.565648914972421 ], [ 0.202894316645342, 51.565633627325774 ], [ 0.202900249835105, 51.565569458688792 ], [ 0.202902190037251, 51.565548387600835 ], [ 0.202906204177948, 51.565496467517313 ], [ 0.202912728666553, 51.565412278336503 ], [ 0.202915616391595, 51.565407538725808 ], [ 0.202917446378591, 51.56538000373849 ], [ 0.202918511326254, 51.56536381430945 ], [ 0.202926920443606, 51.565236792012961 ], [ 0.202930436536303, 51.565183523340814 ], [ 0.20293097542145, 51.565175860169774 ], [ 0.202748633826627, 51.56515605703003 ], [ 0.202721364678734, 51.565153098032084 ], [ 0.202477503579944, 51.565152220380718 ], [ 0.20235834287888, 51.565183146399434 ], [ 0.202158976598126, 51.565281407541583 ], [ 0.202157125803084, 51.565283717533404 ], [ 0.202145941041249, 51.565297713881478 ], [ 0.202140224771866, 51.565304835787529 ], [ 0.202115191928555, 51.56533116083699 ], [ 0.202083073165457, 51.565364930277759 ], [ 0.202076889470213, 51.565362969031547 ], [ 0.202065371214257, 51.565359300380479 ], [ 0.202056628075965, 51.565356029258716 ], [ 0.202004665725056, 51.565333236645195 ], [ 0.20197630327372, 51.565320783407806 ], [ 0.201908144145976, 51.565285578821864 ], [ 0.201610958831245, 51.565132073256528 ], [ 0.201500998830158, 51.565131520988665 ], [ 0.201258450883141, 51.565161435178481 ], [ 0.201260500282917, 51.56527744246376 ], [ 0.20126085913031, 51.565297732943037 ], [ 0.201261093807169, 51.56531096624316 ], [ 0.201261672366885, 51.565343582009675 ], [ 0.201261730930644, 51.565347187105885 ], [ 0.201262452638565, 51.565387552156452 ], [ 0.201262529204283, 51.565392128159402 ], [ 0.201263133152709, 51.565427063644556 ], [ 0.201263240835415, 51.565432583328949 ], [ 0.201263357635843, 51.565439487765175 ], [ 0.201264591441092, 51.565508998528109 ], [ 0.20126484195571, 51.565523157810105 ], [ 0.201265367439679, 51.565552730439315 ], [ 0.201266647076063, 51.565624834822906 ], [ 0.201266900956688, 51.565639362754723 ], [ 0.201267064499005, 51.565648730396916 ], [ 0.201267220013243, 51.565657333784287 ], [ 0.201267699249435, 51.565684303805838 ], [ 0.201267783411685, 51.565689635078471 ], [ 0.20126825115168, 51.565715768966122 ], [ 0.201268325000611, 51.565719391761185 ], [ 0.201268962216437, 51.565751727641164 ], [ 0.201269223460242, 51.565765212245743 ], [ 0.201270174787423, 51.565813473338586 ], [ 0.201270473390934, 51.565828778325361 ], [ 0.201270527937179, 51.565831403259054 ], [ 0.201270906842815, 51.565850614199292 ], [ 0.201272328989296, 51.565922531547322 ], [ 0.201272430487743, 51.565927026144713 ], [ 0.201273856885719, 51.566000526181121 ], [ 0.201274052523527, 51.566010558702622 ], [ 0.201274447807941, 51.566030407838248 ], [ 0.201275029624766, 51.566060100813033 ], [ 0.201275144474089, 51.566066366781833 ], [ 0.201276218309197, 51.566120304655449 ], [ 0.201277058991014, 51.566162834781821 ], [ 0.201277191082247, 51.566169756916196 ], [ 0.201277764982066, 51.56619838886435 ], [ 0.201277816388841, 51.566201247674989 ], [ 0.20127792961024, 51.566207180932992 ], [ 0.201278612830499, 51.566241665275101 ], [ 0.201280209190663, 51.566322572353336 ], [ 0.201280695249931, 51.566346394692083 ], [ 0.201281007374534, 51.566363025892002 ], [ 0.201281718475228, 51.566398984562717 ], [ 0.201282142569947, 51.566420775645341 ], [ 0.201283089497754, 51.566468645620077 ], [ 0.20128437864511, 51.566533919627354 ], [ 0.201284574619548, 51.566544257903871 ], [ 0.201284998331782, 51.566565293580759 ], [ 0.20128526339017, 51.566579155818197 ], [ 0.201285491679798, 51.566590761501686 ], [ 0.20128575652189, 51.566604619246625 ], [ 0.201285956288852, 51.56661473712321 ], [ 0.201286667403512, 51.566650695792219 ], [ 0.20128716443465, 51.566675642049368 ], [ 0.20128757887991, 51.566696336165613 ], [ 0.201288067942547, 51.566720967816998 ], [ 0.201289163528708, 51.566776550996572 ], [ 0.201290135918135, 51.566825994266409 ], [ 0.201290310095469, 51.566834984001005 ], [ 0.201291209172668, 51.566880516689771 ], [ 0.201291611212261, 51.56690110312222 ], [ 0.201291804150243, 51.566910780469328 ], [ 0.201293154615056, 51.566978818669725 ], [ 0.201293401467897, 51.56699230354188 ], [ 0.201294272367262, 51.567037252213282 ], [ 0.201295010393274, 51.56707376794094 ], [ 0.201295273609329, 51.567086694939398 ], [ 0.20129590645151, 51.567119237733642 ], [ 0.201296318696769, 51.567140633344103 ], [ 0.201296420204008, 51.567145127940464 ], [ 0.201297455915212, 51.56719737576924 ], [ 0.201297566893265, 51.567203560851979 ], [ 0.2012984523767, 51.567248509098626 ], [ 0.201298547828082, 51.567252877892038 ], [ 0.201299787815917, 51.567315931332651 ], [ 0.201300954372947, 51.567375370975739 ], [ 0.20130173301739, 51.56741481752708 ], [ 0.201301932614593, 51.567424930875468 ], [ 0.201302720040285, 51.567464260352999 ], [ 0.20130295327797, 51.567476864123527 ], [ 0.201303591125234, 51.56750920886833 ], [ 0.201304407962786, 51.567550642149051 ], [ 0.201304651819148, 51.567562868015173 ], [ 0.201304927025261, 51.567576640084162 ], [ 0.2013059988975, 51.567630829606067 ], [ 0.201306450926597, 51.567653645286704 ], [ 0.201307321798628, 51.567697991275594 ], [ 0.201307657330981, 51.567715404366055 ], [ 0.201310117866616, 51.56783991085409 ], [ 0.201318938236486, 51.567894692319861 ], [ 0.201311275033453, 51.567898856055564 ], [ 0.201294288660722, 51.567908069023431 ], [ 0.201286583121119, 51.567908366573754 ], [ 0.201089787284744, 51.567916072065735 ], [ 0.201071767942109, 51.567913451654448 ], [ 0.200882665664782, 51.56788593078069 ], [ 0.200873904752908, 51.567881104134173 ], [ 0.200759289307742, 51.567818011533994 ], [ 0.200755783778302, 51.567814740940783 ], [ 0.200705567070396, 51.567767768950958 ], [ 0.200636188304464, 51.567722001938101 ], [ 0.200638663931181, 51.567685093277639 ], [ 0.200638851887536, 51.567682409843975 ], [ 0.200627771151034, 51.567633696049207 ], [ 0.200627190366169, 51.567621062830405 ], [ 0.200623047495691, 51.567602192394993 ], [ 0.200620270191953, 51.567589492487173 ], [ 0.200616127544404, 51.567570626543784 ], [ 0.200618289487094, 51.567543962270108 ], [ 0.200619125538705, 51.567540655150104 ], [ 0.200630248927247, 51.567496362820407 ], [ 0.20063062581579, 51.567491913217893 ], [ 0.200634385376041, 51.567447822051278 ], [ 0.200634627529519, 51.567445065656486 ], [ 0.200625631890744, 51.567400836189982 ], [ 0.200627368319919, 51.567384939994163 ], [ 0.200626082974962, 51.567378039529835 ], [ 0.200621469372646, 51.567353301021221 ], [ 0.200630694185045, 51.567258602738015 ], [ 0.200626985957677, 51.567247093885648 ], [ 0.200619680019174, 51.567213957011305 ], [ 0.200612450022368, 51.567180449999171 ], [ 0.200610593901947, 51.567171887534911 ], [ 0.200612648694499, 51.567153467264646 ], [ 0.200613115565249, 51.567149087901122 ], [ 0.200611115739316, 51.56710973607138 ], [ 0.200612346465339, 51.567104739839529 ], [ 0.200622806975906, 51.567062258391104 ], [ 0.200624170267318, 51.567056720090612 ], [ 0.200628041830427, 51.567011358647164 ], [ 0.20062561936612, 51.567003319402836 ], [ 0.200624638956154, 51.567000046364278 ], [ 0.200623211442106, 51.566991394907021 ], [ 0.200619229689384, 51.566967188525652 ], [ 0.200619241646468, 51.566958465085527 ], [ 0.200619296735896, 51.56692402083894 ], [ 0.200619294796621, 51.566920990232347 ], [ 0.200617809406723, 51.566911737329761 ], [ 0.200617048393824, 51.566907030285236 ], [ 0.200616681767655, 51.566889563755922 ], [ 0.200612731174272, 51.566869740879419 ], [ 0.200619091185869, 51.566795658529195 ], [ 0.200618065865515, 51.566775605383988 ], [ 0.200618644595114, 51.566771151976681 ], [ 0.200619235573235, 51.566766653374472 ], [ 0.200620190222279, 51.566759225219442 ], [ 0.200617076588182, 51.56674194514386 ], [ 0.200615492363815, 51.566716439237297 ], [ 0.200613383878567, 51.566682759534835 ], [ 0.200617564412873, 51.566648885352407 ], [ 0.200613864892172, 51.566626490259317 ], [ 0.200624520509728, 51.566532731520937 ], [ 0.200625307630977, 51.56652586857296 ], [ 0.200623911334365, 51.566521452235072 ], [ 0.200621468119641, 51.56650580529584 ], [ 0.200619332191902, 51.566492041120377 ], [ 0.200618944181243, 51.566457982894306 ], [ 0.200613588502471, 51.566434009136856 ], [ 0.200609574809497, 51.566416017519707 ], [ 0.200607752972236, 51.566386932358292 ], [ 0.200607051073021, 51.566375974064101 ], [ 0.200613178922263, 51.566351955638787 ], [ 0.200618424233873, 51.566303366897145 ], [ 0.200616913473034, 51.56627654213451 ], [ 0.200615610972608, 51.566253584952342 ], [ 0.200611696174445, 51.566242277779068 ], [ 0.200610916456755, 51.566230304735441 ], [ 0.200609986953374, 51.566215825454229 ], [ 0.200603093601017, 51.566182410919332 ], [ 0.200602170015381, 51.566177922757547 ], [ 0.200600246538704, 51.566168561166791 ], [ 0.200599315162408, 51.566139090577828 ], [ 0.200601079866504, 51.566132452092695 ], [ 0.200607070404817, 51.566109924586947 ], [ 0.200609611997153, 51.566081557904887 ], [ 0.200609424275478, 51.566078863526094 ], [ 0.200607279246809, 51.566047266387088 ], [ 0.200608438774252, 51.566033916987493 ], [ 0.200612757864539, 51.565984374383561 ], [ 0.200613021890478, 51.56598072546155 ], [ 0.200612182074965, 51.565964366756532 ], [ 0.200608214238545, 51.56594358644476 ], [ 0.200606644230917, 51.565935270401347 ], [ 0.200598369784258, 51.565896108275261 ], [ 0.20059890147939, 51.565888885904123 ], [ 0.200605729822795, 51.565795653138863 ], [ 0.200606000334217, 51.565791241488036 ], [ 0.200605676755243, 51.565786778036539 ], [ 0.200608169029098, 51.56577832279747 ], [ 0.200612686456367, 51.565762945401282 ], [ 0.200611485917119, 51.565707710399522 ], [ 0.200609971102773, 51.565696650452566 ], [ 0.200608644014457, 51.565687088814428 ], [ 0.200608277139793, 51.565659747964176 ], [ 0.200606564174743, 51.565651758351741 ], [ 0.200605499262577, 51.56564673326158 ], [ 0.20060224529464, 51.565631177976883 ], [ 0.200601904709869, 51.565624866781356 ], [ 0.20059847609358, 51.565564273295237 ], [ 0.200599949828596, 51.565552950417377 ], [ 0.200605188975609, 51.565512608375307 ], [ 0.200602780976993, 51.565502325100979 ], [ 0.200601298502902, 51.56549597238611 ], [ 0.200598580333209, 51.565468046155281 ], [ 0.200599246983256, 51.565458537026799 ], [ 0.200600196877673, 51.565445029686664 ], [ 0.200601725618717, 51.565423183956966 ], [ 0.200598462311048, 51.565404593706575 ], [ 0.200594439216705, 51.565381620135291 ], [ 0.200586641774931, 51.565377611712812 ], [ 0.200510710573464, 51.565338604244786 ], [ 0.200362906498008, 51.565327654797379 ], [ 0.200059853694387, 51.565305166599813 ], [ 0.199953418824004, 51.565322065120284 ], [ 0.199920954942946, 51.565356191187099 ], [ 0.199904942153762, 51.565373011790612 ], [ 0.19989178657552, 51.565386847062129 ], [ 0.199885435790721, 51.565386804345422 ], [ 0.19985676989718, 51.56538659576907 ], [ 0.199636349478461, 51.565385011615966 ], [ 0.199403497857369, 51.565423058617512 ], [ 0.19929656014273, 51.565504346940166 ], [ 0.199258010736825, 51.565537660698297 ], [ 0.199250572656578, 51.565544095323531 ], [ 0.19924040368116, 51.565550450773529 ], [ 0.19911987128895, 51.56548476486288 ], [ 0.199115410798226, 51.56548233048121 ], [ 0.199045397704983, 51.565456214947126 ], [ 0.198853059993977, 51.565416709675631 ], [ 0.198843985900047, 51.56541674495395 ], [ 0.198591841786699, 51.56546586283276 ], [ 0.198559842895948, 51.565472092484001 ], [ 0.198412497014362, 51.56540224574168 ], [ 0.198089816525109, 51.565531165118252 ], [ 0.198081672505554, 51.565536129002815 ], [ 0.197945232137578, 51.565619371188205 ], [ 0.197842260303546, 51.565576272744309 ], [ 0.197619122321719, 51.565549310973644 ], [ 0.197609678679309, 51.565549164165475 ], [ 0.197605432737508, 51.565549234726092 ], [ 0.197345598499953, 51.565574310093488 ], [ 0.197338593176036, 51.565567570668989 ], [ 0.197305170433702, 51.565535417270624 ], [ 0.197297301399421, 51.565523927726211 ], [ 0.197297220809196, 51.565520457932259 ], [ 0.197296224370404, 51.565480008032559 ], [ 0.197294347021292, 51.565403602575557 ], [ 0.197290496877684, 51.565246413848314 ], [ 0.19728894290943, 51.56518360876241 ], [ 0.19730356723493, 51.56518317292133 ], [ 0.197304529443187, 51.565178586443878 ], [ 0.197328696076636, 51.56506174610751 ], [ 0.1973304619671, 51.565040597425543 ], [ 0.197254641305674, 51.565014301342934 ], [ 0.196970122922871, 51.564915680671831 ], [ 0.196969941660803, 51.564612520484161 ], [ 0.196969991490508, 51.564598877144313 ], [ 0.196968451540277, 51.564580686136516 ], [ 0.196963127173305, 51.564554022647158 ], [ 0.196950695798239, 51.564520900394029 ], [ 0.196915107743131, 51.564426097101155 ], [ 0.196907518586393, 51.564405883552674 ], [ 0.196877462911087, 51.564345505312808 ], [ 0.196865076523855, 51.564330988758584 ], [ 0.196631892011995, 51.564058823397083 ], [ 0.196482183270254, 51.564123037623126 ], [ 0.196444715064701, 51.56414167134124 ], [ 0.196430355737646, 51.564148801907713 ], [ 0.196350204685277, 51.564193739067854 ], [ 0.196342744709178, 51.564197925616384 ], [ 0.196108725925613, 51.564354316446575 ], [ 0.1960846824859, 51.564370387490825 ], [ 0.196028608742699, 51.564424244360865 ], [ 0.196021804283142, 51.564484301239155 ], [ 0.196018087970492, 51.5645170964154 ], [ 0.196012374903076, 51.564567456370291 ], [ 0.196008545861941, 51.564601206916578 ], [ 0.195992088643271, 51.564746374588431 ], [ 0.19595206374025, 51.565099110705184 ], [ 0.19594416420921, 51.565168792621613 ], [ 0.195928633247675, 51.565168678707018 ], [ 0.19591759125084, 51.565168597657838 ], [ 0.195607627013316, 51.565155497033821 ], [ 0.195446539678046, 51.565148682983448 ], [ 0.195418779867769, 51.565147511896519 ], [ 0.195180218020695, 51.565137426256236 ], [ 0.195004600738937, 51.565130307978976 ], [ 0.194876619609434, 51.565125121841497 ], [ 0.194874703222958, 51.56513387194051 ], [ 0.194871927754461, 51.565146657995996 ], [ 0.194866689077049, 51.565170623505686 ], [ 0.19490163739042, 51.565170356215496 ], [ 0.194926157388112, 51.565170167155578 ], [ 0.194994626405518, 51.56516965025267 ], [ 0.194986384124147, 51.565209454728134 ], [ 0.195311206355629, 51.565421069608178 ], [ 0.195387866479509, 51.565435138718726 ], [ 0.195430301807071, 51.565446224209467 ], [ 0.195442127677168, 51.565449698985653 ], [ 0.195514017631028, 51.565653322228648 ], [ 0.195510378312877, 51.565655953361862 ], [ 0.195208415971542, 51.565873768587906 ], [ 0.195188502674355, 51.565888134422487 ], [ 0.195139351457038, 51.56594467614611 ], [ 0.195137225353855, 51.565948169256608 ], [ 0.1951264868558, 51.565965789710887 ], [ 0.195124587662176, 51.565968900867674 ], [ 0.195069237204976, 51.566145174738196 ], [ 0.195080481485473, 51.56615994667245 ], [ 0.195074602851277, 51.566158923570555 ], [ 0.194591977540598, 51.566075007526216 ], [ 0.194551092332128, 51.566156417429795 ], [ 0.194535981318208, 51.566198023094188 ], [ 0.194515188583657, 51.566255292989048 ], [ 0.194509621067368, 51.566270631335598 ], [ 0.194494612774425, 51.566311974275379 ], [ 0.194475169945938, 51.56636551378211 ], [ 0.194449164748033, 51.566437108149273 ], [ 0.194444946547788, 51.56644480415904 ], [ 0.19438969866403, 51.566545003856085 ], [ 0.194383793964599, 51.566555735085785 ], [ 0.194338115605991, 51.566638606031155 ], [ 0.19428337359428, 51.56673793288693 ], [ 0.194226946150857, 51.566840321897629 ], [ 0.19418374957328, 51.566918703805321 ], [ 0.194182288975476, 51.566921635875282 ], [ 0.194098514420043, 51.567090248425465 ], [ 0.194048271939713, 51.567191343513372 ], [ 0.19402588130735, 51.567236412534257 ], [ 0.194004845659315, 51.567280853674887 ], [ 0.193998964851603, 51.567293284072164 ], [ 0.193930159607777, 51.567438638760578 ], [ 0.193926794304344, 51.567445770197125 ], [ 0.193914743536232, 51.567471220937399 ], [ 0.193908745035386, 51.567483905335827 ], [ 0.193888756594711, 51.567526123588358 ], [ 0.193845885730816, 51.567616693474577 ], [ 0.193818968845066, 51.567673564984446 ], [ 0.193763916883268, 51.567789884781376 ], [ 0.194075906358969, 51.567857467567329 ], [ 0.194266562179067, 51.567898766824477 ], [ 0.194271684924372, 51.567892173554185 ], [ 0.194263247838504, 51.567878468715193 ], [ 0.194292169974134, 51.56778156330094 ], [ 0.19432892732907, 51.567719143272932 ], [ 0.194359714569553, 51.567689038806812 ], [ 0.194434996700426, 51.567635718309816 ], [ 0.194439282095629, 51.567632715410703 ], [ 0.194532186939052, 51.567586380925597 ], [ 0.194536406567571, 51.567584710215193 ], [ 0.194620442981344, 51.567551392570792 ], [ 0.194697881770077, 51.567520707366057 ], [ 0.194693666531409, 51.5675161728417 ], [ 0.194658333899675, 51.567478209120367 ], [ 0.194621412988912, 51.567446219467968 ], [ 0.194604724155652, 51.56743525453733 ], [ 0.194540888814666, 51.567393300624737 ], [ 0.1945346239684, 51.567391151612391 ], [ 0.194523095291826, 51.567386965255338 ], [ 0.194517373054237, 51.56738169901363 ], [ 0.194492288075677, 51.567357878314098 ], [ 0.194414417305263, 51.567283929099474 ], [ 0.194380445317296, 51.56719746764211 ], [ 0.194382729819077, 51.567193665833237 ], [ 0.194503303615686, 51.566992772159132 ], [ 0.194499302501464, 51.566990886542847 ], [ 0.194492791789338, 51.56698782483091 ], [ 0.194495501517771, 51.566982814480774 ], [ 0.194606788454581, 51.566777710304223 ], [ 0.194616823196145, 51.566773044018412 ], [ 0.19472736242862, 51.566721833285868 ], [ 0.194808847070592, 51.566704035635539 ], [ 0.194863172625528, 51.566698018918466 ], [ 0.194880812079547, 51.566696061088123 ], [ 0.194972393226443, 51.566672035572118 ], [ 0.194979817232204, 51.5666700890405 ], [ 0.195066720932451, 51.566636123770948 ], [ 0.195070941325977, 51.566634471007788 ], [ 0.195117307160674, 51.566642955998702 ], [ 0.195212523403453, 51.566652487161683 ], [ 0.19521813294988, 51.566653614215284 ], [ 0.195229542483537, 51.566655927708403 ], [ 0.195246157331519, 51.566659213944135 ], [ 0.195257089686737, 51.56666045720349 ], [ 0.1952810725943, 51.566663182856665 ], [ 0.195292974019429, 51.566665523108959 ], [ 0.195324285200273, 51.566669109815024 ], [ 0.195337981608787, 51.566670670045049 ], [ 0.19541723111936, 51.566684231996675 ], [ 0.19542421282695, 51.566686286616012 ], [ 0.195527954450135, 51.566716746568012 ], [ 0.195564047205548, 51.566727339193861 ], [ 0.195604586980742, 51.566735591314462 ], [ 0.195613310916245, 51.566736669041596 ], [ 0.195684758425986, 51.566745520631407 ], [ 0.195700048614264, 51.56674871469076 ], [ 0.195705747709847, 51.566749902995426 ], [ 0.195714988918249, 51.566751834360957 ], [ 0.195718982697079, 51.566752667889766 ], [ 0.19576964397779, 51.56674771757568 ], [ 0.19584144097558, 51.566744197128443 ], [ 0.195863397702394, 51.566744397585126 ], [ 0.195876845025429, 51.56674527894571 ], [ 0.195959946891552, 51.566750737639062 ], [ 0.195968584632046, 51.56675212271599 ], [ 0.196056824667023, 51.566766298295541 ], [ 0.196073046102647, 51.566768903813042 ], [ 0.196134681015767, 51.566770398210004 ], [ 0.196189765254085, 51.566774744613994 ], [ 0.196226457380874, 51.566780100868051 ], [ 0.196249852947998, 51.566783511795549 ], [ 0.196325638406047, 51.566799440203674 ], [ 0.196348800910433, 51.566804303350956 ], [ 0.196363800669915, 51.566807457796322 ], [ 0.196369866530655, 51.566808171563501 ], [ 0.196448719071435, 51.566826362654048 ], [ 0.196478670840904, 51.566835873924518 ], [ 0.196613043802486, 51.566878547328173 ], [ 0.196624444557561, 51.566882173828382 ], [ 0.196641572017485, 51.56690748314935 ], [ 0.196648310798803, 51.566920819484544 ], [ 0.19666719660114, 51.566986978113768 ], [ 0.196669268918735, 51.566990158800984 ], [ 0.196672718563332, 51.56699736954193 ], [ 0.196688255028317, 51.567029939035741 ], [ 0.196696134138243, 51.567046428544423 ], [ 0.196710424854377, 51.567109453726374 ], [ 0.196682546538295, 51.567104948765845 ], [ 0.196587262758548, 51.567089547639902 ], [ 0.196541233870476, 51.56719382926287 ], [ 0.196500317274281, 51.567286512742392 ], [ 0.196493759780649, 51.567301357049388 ], [ 0.196483429150359, 51.567324743400505 ], [ 0.196427667677045, 51.567451050817731 ], [ 0.196405914289433, 51.567500317029456 ], [ 0.196372465238873, 51.56757608872644 ], [ 0.196371359696786, 51.567578600483799 ], [ 0.196327060641677, 51.567678964303084 ], [ 0.196271459973165, 51.567845179474993 ], [ 0.19626462408892, 51.567865631608363 ], [ 0.196251378860618, 51.567905205919381 ], [ 0.196233581296342, 51.567918570009468 ], [ 0.196271788527767, 51.567928700089276 ], [ 0.196295905897935, 51.567935101120753 ], [ 0.196373866529127, 51.567946717000339 ], [ 0.196391598201843, 51.56794936162094 ], [ 0.196420947444491, 51.567955934439574 ], [ 0.196433001494359, 51.567957840038531 ], [ 0.196521722064542, 51.567971963899296 ], [ 0.196529717530592, 51.567973879847798 ], [ 0.196592157809498, 51.567982323946836 ], [ 0.196606291377802, 51.567985161822904 ], [ 0.196611989354271, 51.567986323117417 ], [ 0.19662058612894, 51.56798805063633 ], [ 0.196684225763879, 51.567996229412948 ], [ 0.19669157025226, 51.567996523518964 ], [ 0.196741736638006, 51.567998497651601 ], [ 0.196782636347866, 51.568000114742965 ], [ 0.196787537479736, 51.568000310719555 ], [ 0.196799963859777, 51.568000059985557 ], [ 0.196820044075734, 51.568002930340988 ], [ 0.196900140421575, 51.568014393450781 ], [ 0.196908972804111, 51.568014871008124 ], [ 0.196924452600547, 51.568016748359561 ], [ 0.196947441608797, 51.568020841209723 ], [ 0.19696575104547, 51.568024095435106 ], [ 0.197084098099749, 51.568036850044194 ], [ 0.197090233707805, 51.568037510302169 ], [ 0.197095204331016, 51.568037651006165 ], [ 0.19721415671922, 51.568062068820446 ], [ 0.197233190231408, 51.568065974918682 ], [ 0.197284747861575, 51.568072563127423 ], [ 0.197298061992583, 51.568074265169848 ], [ 0.197308630961977, 51.568074696673271 ], [ 0.19732986007862, 51.568076852957049 ], [ 0.197347927722899, 51.568078681769059 ], [ 0.197392171054084, 51.568085901575976 ], [ 0.197411544577208, 51.568090574670158 ], [ 0.197436172436204, 51.568094987444198 ], [ 0.197469548349581, 51.568100971953719 ], [ 0.197482538093869, 51.568102230403973 ], [ 0.19749744124572, 51.568103668834183 ], [ 0.197516795464015, 51.568105545458124 ], [ 0.197526603864125, 51.568106962432928 ], [ 0.197536180297302, 51.568108356774275 ], [ 0.197541623090667, 51.568108713436615 ], [ 0.197564298289591, 51.568111831809667 ], [ 0.197749638115084, 51.568137352331853 ], [ 0.197782641626315, 51.568141895860741 ], [ 0.197790703827332, 51.568145883350851 ], [ 0.197697318818873, 51.568390720424979 ], [ 0.197639592573011, 51.568542087218404 ], [ 0.197648688203407, 51.568539790849634 ], [ 0.197795921043459, 51.568568619765522 ], [ 0.197828892966967, 51.568573698948782 ], [ 0.197845479091998, 51.568576220922225 ], [ 0.197892418074024, 51.568583372028549 ], [ 0.197938543225841, 51.568590403472541 ], [ 0.197986063676825, 51.568597642566658 ], [ 0.19804091090995, 51.568606003345636 ], [ 0.198054429964452, 51.568608061176874 ], [ 0.198153236122104, 51.568623116175537 ], [ 0.198175245277163, 51.568626480724767 ], [ 0.198299911926095, 51.568645466460488 ], [ 0.198321818450502, 51.568648796933537 ], [ 0.198348493586317, 51.568652865374276 ], [ 0.198358901884467, 51.568654450891714 ], [ 0.19846794209593, 51.56867106691432 ], [ 0.198483045606052, 51.568673364696032 ], [ 0.198506987818406, 51.568677016554261 ], [ 0.198517701465092, 51.568678650228918 ], [ 0.19861024250712, 51.568692751574652 ], [ 0.198623514335205, 51.568694768931721 ], [ 0.198635972534569, 51.568696671146412 ], [ 0.198670308439368, 51.568701904179918 ], [ 0.198742265360141, 51.568712866175737 ], [ 0.198826258755162, 51.568725661790808 ], [ 0.198875233225665, 51.568733124779648 ], [ 0.198926547903629, 51.5687409395495 ], [ 0.198942509423858, 51.56874337406132 ], [ 0.199005046730516, 51.568752902815973 ], [ 0.199044657015941, 51.568758886654258 ], [ 0.199090561414116, 51.568765822591267 ], [ 0.199096695630701, 51.568766750723071 ], [ 0.199123209237396, 51.568770758910929 ], [ 0.199130484502218, 51.568771858988136 ], [ 0.199225353048214, 51.568786190481511 ], [ 0.199246016184731, 51.568789319152245 ], [ 0.199279034273002, 51.568794302441447 ], [ 0.199339910847506, 51.568803502450805 ], [ 0.199433173661672, 51.568817598604632 ], [ 0.199451532668275, 51.568820374771313 ], [ 0.199516959092095, 51.568830262734281 ], [ 0.199525361008132, 51.568831535000584 ], [ 0.199635223771871, 51.568848134385313 ], [ 0.199700766475288, 51.568858038050791 ], [ 0.199729169994834, 51.568862334392534 ], [ 0.199746350858771, 51.568864916785479 ], [ 0.199827447643515, 51.568877181488816 ], [ 0.19985640336592, 51.568881557369117 ], [ 0.1998799661806, 51.568885117144283 ], [ 0.199912497966136, 51.568890037436603 ], [ 0.20001385770696, 51.568905357133879 ], [ 0.200019584816301, 51.56890622091273 ], [ 0.200044165297837, 51.568909936922751 ], [ 0.200156136014123, 51.568926851490865 ], [ 0.200182722752696, 51.568930876054083 ], [ 0.200217943421616, 51.568936195453333 ], [ 0.200335816338325, 51.568954010802436 ], [ 0.200394803506329, 51.568962921977622 ], [ 0.200405007919007, 51.568964466114878 ], [ 0.200415037594063, 51.568965977558683 ], [ 0.200530105197034, 51.568983368733726 ], [ 0.200575602886726, 51.568990239781925 ], [ 0.200668502978177, 51.569004278815541 ], [ 0.200700656616699, 51.56900913404418 ], [ 0.200717940240787, 51.569011750338682 ], [ 0.200803717536571, 51.569024708907143 ], [ 0.200829606297528, 51.569028620524229 ], [ 0.200891413971568, 51.569037964128668 ], [ 0.200901021681249, 51.569039402515166 ], [ 0.200953672067167, 51.569047371189292 ], [ 0.201042560323707, 51.569060801771236 ], [ 0.201070425886704, 51.569065008965964 ], [ 0.201199986159084, 51.569084582501148 ], [ 0.201229349282683, 51.569089022339597 ], [ 0.201233972067411, 51.569089726932646 ], [ 0.201239161453893, 51.569090510817801 ], [ 0.201344171094659, 51.569106390355714 ], [ 0.201398666908285, 51.56911462095124 ], [ 0.201433146509443, 51.569119827999792 ], [ 0.20156339032316, 51.569139505210266 ], [ 0.201584576904063, 51.569142709075741 ], [ 0.201588567135309, 51.56914331312025 ], [ 0.201694041393449, 51.569159246573207 ], [ 0.201727983290562, 51.569164373702804 ], [ 0.201747563577557, 51.56916733341675 ], [ 0.201860713058018, 51.56918442657259 ], [ 0.20187543814935, 51.569186650089442 ], [ 0.201992527287324, 51.569204343606692 ], [ 0.201999475915565, 51.569205400179946 ], [ 0.202121391098302, 51.569223821293654 ], [ 0.202197168208833, 51.56923526699584 ], [ 0.202214815028977, 51.569237930207059 ], [ 0.20229473533217, 51.569250008472132 ], [ 0.20236558477986, 51.569260710276289 ], [ 0.202551852399721, 51.569288857605393 ], [ 0.202558527261731, 51.569231069268881 ], [ 0.202568009515809, 51.56922960964215 ], [ 0.202623426915553, 51.56928947350341 ], [ 0.203383532533386, 51.569267601693696 ], [ 0.203390031592804, 51.56926741660979 ], [ 0.203395723106206, 51.569218864495809 ] ] ] } },
{ "type": "Feature", "properties": { "lsoa21cd": "E01002323", "lsoa21nm": "Havering 021D", "msoa21cd": "E02000484", "msoa21nm": "Havering 021", "lad22cd": "E09000016", "lad22nm": "Havering", "index_right": 126, "GSS_CODE": "E05000315", "risk_score": 0.0016139486799179527, "allocation_hours": 0.026926122971905126, "patrol_units": 0 }, "geometry": { "type": "Polygon", "coordinates": [ [ [ 0.186936698874815, 51.565531443231642 ], [ 0.1869767816775, 51.565080989861016 ], [ 0.1869949200971, 51.565083124743893 ], [ 0.187010969265076, 51.565085019795639 ], [ 0.187211248093985, 51.565108624086839 ], [ 0.187368297101126, 51.565104526295428 ], [ 0.18750632366747, 51.565091295409573 ], [ 0.187560882225367, 51.565069701797405 ], [ 0.187764401671317, 51.564964743162612 ], [ 0.187768264512083, 51.564948114926167 ], [ 0.18776874824966, 51.564943159731655 ], [ 0.1877800065264, 51.564826534842283 ], [ 0.187779430646353, 51.564813928349359 ], [ 0.187780632634557, 51.564809508333063 ], [ 0.187790089100092, 51.564754582322053 ], [ 0.187790604738132, 51.564741449161453 ], [ 0.187778531055259, 51.564670650035197 ], [ 0.187780129339164, 51.56460681460625 ], [ 0.187790212837865, 51.564541800197354 ], [ 0.187791339653543, 51.564536414831245 ], [ 0.187799504435053, 51.564500883919173 ], [ 0.187805180602466, 51.564425506300161 ], [ 0.187803397617278, 51.56440097057196 ], [ 0.187803107062144, 51.564397019053921 ], [ 0.187797700878577, 51.564379367631432 ], [ 0.18779316607141, 51.564291149555366 ], [ 0.187827859326469, 51.564224520503458 ], [ 0.187828273030167, 51.564221113417609 ], [ 0.187835712214899, 51.564160532433583 ], [ 0.187834843887445, 51.564132054182068 ], [ 0.187839066399794, 51.564097509593857 ], [ 0.187835269129627, 51.564062264753609 ], [ 0.18783898963993, 51.564045378370594 ], [ 0.187839749094348, 51.56403353835659 ], [ 0.187841593153766, 51.564004906091334 ], [ 0.187846085716247, 51.563934784493533 ], [ 0.18784404684791, 51.563921908517727 ], [ 0.187844140856901, 51.563911987440463 ], [ 0.187845291367223, 51.563903035891045 ], [ 0.18785803961676, 51.563796725187039 ], [ 0.187855912088402, 51.56377944427495 ], [ 0.18785425562131, 51.563765967625457 ], [ 0.187854357542698, 51.563762377501078 ], [ 0.187866022078546, 51.563717995101911 ], [ 0.187867973405575, 51.563710548438529 ], [ 0.187870988703175, 51.563672946249334 ], [ 0.187875049544439, 51.563654583154488 ], [ 0.187875563122753, 51.563633858105177 ], [ 0.187888656594177, 51.563582870640445 ], [ 0.187892899191156, 51.563529647128014 ], [ 0.187892202946086, 51.563524156374015 ], [ 0.187892284751698, 51.563519244647729 ], [ 0.187893089210756, 51.563466836185313 ], [ 0.187900682064365, 51.563433824990696 ], [ 0.187903786399971, 51.563398982002525 ], [ 0.187907355978284, 51.56338436467842 ], [ 0.187910369337932, 51.563371988003624 ], [ 0.187910524147116, 51.563348747097663 ], [ 0.187910585698759, 51.563337999265357 ], [ 0.187916332553987, 51.563314029033855 ], [ 0.187927588250744, 51.563265638861097 ], [ 0.187927697886851, 51.563248073406527 ], [ 0.187927871463802, 51.563222817708954 ], [ 0.187942384642325, 51.563164433957951 ], [ 0.187945940447728, 51.563150131645926 ], [ 0.187949953142694, 51.563112870569768 ], [ 0.187950538760644, 51.563108385607933 ], [ 0.187950753123693, 51.563105184583144 ], [ 0.187950910594925, 51.563091323369029 ], [ 0.187953182231523, 51.563080930004674 ], [ 0.187964256188955, 51.563030407370697 ], [ 0.187963028805991, 51.563021814931957 ], [ 0.187962876129054, 51.563014722270218 ], [ 0.187961460903155, 51.562942210796329 ], [ 0.18796434644937, 51.562930178239633 ], [ 0.187965753542924, 51.562924621271918 ], [ 0.187968565573981, 51.562913462411466 ], [ 0.188003757633689, 51.562838910129678 ], [ 0.1880071398434, 51.562828208270524 ], [ 0.188012746924432, 51.562810499798225 ], [ 0.188013459490682, 51.562803548374546 ], [ 0.188016093334266, 51.562776043487226 ], [ 0.188019149205247, 51.562763351259932 ], [ 0.188019243452493, 51.562760804471068 ], [ 0.188020098668238, 51.562736525291612 ], [ 0.188024407445847, 51.562708746347802 ], [ 0.188025805571743, 51.562704205760362 ], [ 0.188037192764522, 51.562667283747984 ], [ 0.188038719790301, 51.56264708387026 ], [ 0.18803977979061, 51.562633088910111 ], [ 0.188040790907088, 51.562629203040792 ], [ 0.188049671561205, 51.562595070661878 ], [ 0.188052484225475, 51.562584226544033 ], [ 0.18805247947578, 51.56257871389802 ], [ 0.18805225690468, 51.562570525388786 ], [ 0.188055582944505, 51.562545660535164 ], [ 0.188068882691381, 51.562454771570472 ], [ 0.188076321369267, 51.562428777812102 ], [ 0.18808271590534, 51.562415906393127 ], [ 0.188089228535919, 51.562402789958711 ], [ 0.188090834918065, 51.562395673475613 ], [ 0.188093956202254, 51.562357277912099 ], [ 0.188094339221136, 51.562352630357452 ], [ 0.188094638194049, 51.562348937633082 ], [ 0.188103500444117, 51.5623249497446 ], [ 0.188118651330201, 51.562295808440204 ], [ 0.188130249311823, 51.562273208402587 ], [ 0.1881465053155, 51.562209360316132 ], [ 0.188153533918643, 51.562181737469203 ], [ 0.188154596614237, 51.5621696040171 ], [ 0.188160509144892, 51.562148791736661 ], [ 0.188161763001664, 51.562145755676994 ], [ 0.188171182294732, 51.562122854543183 ], [ 0.188174825280424, 51.56210044786669 ], [ 0.188177293732408, 51.562085437395574 ], [ 0.188177816491169, 51.562082199141365 ], [ 0.18818306003869, 51.56206578794427 ], [ 0.188186605818117, 51.562054287144377 ], [ 0.188200583185289, 51.562008957763659 ], [ 0.188271248533338, 51.561979886938111 ], [ 0.188276978829834, 51.561977531774183 ], [ 0.188383706723513, 51.561910574892245 ], [ 0.188404505899688, 51.561892110831558 ], [ 0.18856389276775, 51.561750536300671 ], [ 0.18859305662782, 51.561701483684779 ], [ 0.18864795723814, 51.561693876404334 ], [ 0.188665223074788, 51.561691683688338 ], [ 0.188672321792272, 51.561690786824073 ], [ 0.188678787208784, 51.561686313552741 ], [ 0.188758405729028, 51.561714100257312 ], [ 0.189061445026942, 51.561819877951542 ], [ 0.189069985432442, 51.561822866130079 ], [ 0.189076544465585, 51.561825153856255 ], [ 0.189064482324906, 51.561841377585417 ], [ 0.189035872569874, 51.561879871135226 ], [ 0.188991077272852, 51.561945474986004 ], [ 0.18897051948341, 51.561963853705869 ], [ 0.188963024296016, 51.561976332030291 ], [ 0.188927897767932, 51.562034767829985 ], [ 0.188924551995434, 51.562041413172317 ], [ 0.188918296903815, 51.562053877345186 ], [ 0.188918720872524, 51.562068123402241 ], [ 0.188894089433629, 51.562115562698139 ], [ 0.188888964679718, 51.562125424773576 ], [ 0.188864532296554, 51.562215496352913 ], [ 0.188852186919202, 51.562260997692995 ], [ 0.188868768718809, 51.562262585793128 ], [ 0.188881729943694, 51.562262838540541 ], [ 0.189090893279846, 51.562283755928817 ], [ 0.189413072071922, 51.562314461281808 ], [ 0.189412856609118, 51.562317486964574 ], [ 0.189433727663382, 51.562348015458291 ], [ 0.189373651904315, 51.562459580314339 ], [ 0.189370697399938, 51.562465058263406 ], [ 0.189366388065075, 51.562480184052028 ], [ 0.189366428869168, 51.562483438770414 ], [ 0.189367027211712, 51.562534678929104 ], [ 0.189367230005378, 51.562551528098155 ], [ 0.189405988171283, 51.562665537842278 ], [ 0.189410510473067, 51.562673484213605 ], [ 0.189446393921827, 51.562736620023792 ], [ 0.189449560941221, 51.562742181556885 ], [ 0.189452051175607, 51.562746568641764 ], [ 0.189457972927564, 51.562753310800716 ], [ 0.189471404898866, 51.562768627025768 ], [ 0.189475728293902, 51.562775434991202 ], [ 0.189526059170316, 51.562838067273887 ], [ 0.189617074330041, 51.562872079634552 ], [ 0.189748330452019, 51.562921132458214 ], [ 0.189758276788588, 51.56292484975117 ], [ 0.189919386702826, 51.562985053975801 ], [ 0.189952061440035, 51.562997267999684 ], [ 0.1899682813358, 51.5630033322362 ], [ 0.189989643218114, 51.563011314905999 ], [ 0.190013650258931, 51.563019697836047 ], [ 0.190120169661952, 51.563056873641713 ], [ 0.1901653363678, 51.563072631430686 ], [ 0.190190164965734, 51.563081295753534 ], [ 0.190245442916785, 51.56310059681838 ], [ 0.190355822088086, 51.56313912123089 ], [ 0.190410307508813, 51.563158140245527 ], [ 0.190509915801798, 51.563192899719567 ], [ 0.190578142308819, 51.563217435563935 ], [ 0.190651141044576, 51.563243698832302 ], [ 0.190751858379149, 51.563279912240276 ], [ 0.190766187996294, 51.563285067400244 ], [ 0.190930097712578, 51.563344030825746 ], [ 0.190952399070752, 51.563352040732347 ], [ 0.190982668680714, 51.563356826176076 ], [ 0.191176949311017, 51.563387532388859 ], [ 0.19119362490162, 51.563390161593283 ], [ 0.191313235096956, 51.563409069700924 ], [ 0.191337122358599, 51.563410745789163 ], [ 0.191345287170471, 51.563411312693702 ], [ 0.191354552732032, 51.563411966949339 ], [ 0.191375587646436, 51.563413435520665 ], [ 0.191554321973277, 51.563425968852243 ], [ 0.191569653059638, 51.563427040350064 ], [ 0.191382288717539, 51.563514769716939 ], [ 0.191373116841353, 51.56351906887425 ], [ 0.191326908688708, 51.56352940182007 ], [ 0.19129651914332, 51.563537739542213 ], [ 0.191288451879862, 51.563540705073919 ], [ 0.191290386763431, 51.563543438780449 ], [ 0.191466336418476, 51.56373914037728 ], [ 0.191478217592825, 51.56375008773977 ], [ 0.191536327259868, 51.563803670664143 ], [ 0.191545808038221, 51.563812405617675 ], [ 0.191573323750847, 51.563868871351083 ], [ 0.191577053859093, 51.563876535662821 ], [ 0.191599457577386, 51.563904984688243 ], [ 0.191603690700823, 51.56391380869433 ], [ 0.191635702209349, 51.563980658295669 ], [ 0.191639839355167, 51.56398928624683 ], [ 0.191642440609356, 51.563998680324652 ], [ 0.191647797039175, 51.564017969213751 ], [ 0.19165036663409, 51.564023101186244 ], [ 0.19165177840222, 51.564027859099532 ], [ 0.191668475129695, 51.564084369581934 ], [ 0.191678458590093, 51.56416421651366 ], [ 0.191679003437602, 51.564168648890075 ], [ 0.191677092667391, 51.564175726136661 ], [ 0.191677272019606, 51.564184562934464 ], [ 0.191677591937249, 51.564200528579008 ], [ 0.191667180588537, 51.564227378462043 ], [ 0.191659952705812, 51.564246012181442 ], [ 0.191632308435532, 51.564403070402783 ], [ 0.191633199307222, 51.564410499985918 ], [ 0.191637390877203, 51.564445782261281 ], [ 0.191637753045649, 51.564448815138377 ], [ 0.191629810258838, 51.564470888558589 ], [ 0.191627543898402, 51.564477172068855 ], [ 0.19161095528912, 51.564509991832416 ], [ 0.191606683843212, 51.564516285828176 ], [ 0.191604283635481, 51.564519783999529 ], [ 0.19158969075517, 51.564541289210148 ], [ 0.191574930382014, 51.564570419141866 ], [ 0.191527760787912, 51.564637035037293 ], [ 0.191608986026814, 51.564685203864038 ], [ 0.191617154760026, 51.564690051355655 ], [ 0.191878602222484, 51.564770042109771 ], [ 0.19197041175658, 51.564775583773411 ], [ 0.191982651572115, 51.564776272322689 ], [ 0.191993494580633, 51.564775817880879 ], [ 0.192291804504821, 51.564763416884936 ], [ 0.192314714986684, 51.564762467070707 ], [ 0.19233891334512, 51.564746285969257 ], [ 0.192342463958859, 51.564743908395556 ], [ 0.192566155951248, 51.564734070479069 ], [ 0.192580395884351, 51.564733444567459 ], [ 0.192766272626643, 51.564699951045363 ], [ 0.192775027258501, 51.564698375472986 ], [ 0.19281083894555, 51.564715772961165 ], [ 0.192815320586865, 51.56471715503902 ], [ 0.192850557032286, 51.564727989366254 ], [ 0.192933152337401, 51.564741301648226 ], [ 0.192943696436223, 51.564741832947128 ], [ 0.193142492023509, 51.564751659513945 ], [ 0.193177680985539, 51.564753402679898 ], [ 0.193256871917894, 51.56474902615507 ], [ 0.193266355499727, 51.564748507085483 ], [ 0.193296163132128, 51.564764964508981 ], [ 0.193349241128072, 51.564794255983415 ], [ 0.193663412255089, 51.564731243418549 ], [ 0.193668299666505, 51.564730261701996 ], [ 0.193791522803873, 51.56466700232599 ], [ 0.193799323294882, 51.564662989427752 ], [ 0.193868767461896, 51.56461016950847 ], [ 0.193873374837825, 51.564606665981501 ], [ 0.194072042799839, 51.564501670431959 ], [ 0.194079247288426, 51.56449786651104 ], [ 0.194103052620916, 51.564487627802372 ], [ 0.194121952086868, 51.56447948630445 ], [ 0.19417241147337, 51.564461239803165 ], [ 0.194189915081568, 51.564451676529728 ], [ 0.194225513037965, 51.564432233161284 ], [ 0.194234313773959, 51.564427419130091 ], [ 0.194261780602904, 51.564414562370899 ], [ 0.194267404278682, 51.564412240385167 ], [ 0.194272473991958, 51.564392855506803 ], [ 0.194273921884781, 51.564387261738396 ], [ 0.194278200539882, 51.564370778419246 ], [ 0.194284144291777, 51.564315427576126 ], [ 0.194274790427042, 51.564255659563884 ], [ 0.194274401818288, 51.564241583758196 ], [ 0.194273107071261, 51.564195176996549 ], [ 0.194273023967887, 51.564191950055559 ], [ 0.194285660848924, 51.564134014406669 ], [ 0.19385299694636, 51.564115524363103 ], [ 0.193742506798094, 51.564110801182665 ], [ 0.193747601524679, 51.564069733671275 ], [ 0.193750459915778, 51.564046667058072 ], [ 0.193758497223216, 51.563981883860166 ], [ 0.193765282615036, 51.563927070362631 ], [ 0.193778600576906, 51.563819687357736 ], [ 0.193780780797831, 51.563802020249845 ], [ 0.193806929600296, 51.563591229267431 ], [ 0.193812596240003, 51.563545555618475 ], [ 0.193818927022243, 51.563494491717655 ], [ 0.193587476620232, 51.563474584219883 ], [ 0.193559514060947, 51.563472175432793 ], [ 0.193558754588466, 51.563477684375314 ], [ 0.193521235203873, 51.563471866085997 ], [ 0.193399883210607, 51.563453064761255 ], [ 0.193384212512783, 51.563450632913998 ], [ 0.193097259073298, 51.56340616816744 ], [ 0.193137405902818, 51.5632580847426 ], [ 0.193139477461746, 51.563250455893517 ], [ 0.193142700575111, 51.563238569796759 ], [ 0.193150063599987, 51.563178952236477 ], [ 0.193156021444325, 51.563130620220626 ], [ 0.193159968574685, 51.563098684118764 ], [ 0.193161949856912, 51.563082576531528 ], [ 0.1931641909621, 51.562962648566 ], [ 0.193164450217418, 51.562949136189694 ], [ 0.193165348196371, 51.562782370662909 ], [ 0.19317916704972, 51.562751095324572 ], [ 0.193191983061284, 51.562722069006952 ], [ 0.193197525988147, 51.562709519013623 ], [ 0.193191271844898, 51.56263946334974 ], [ 0.193186954585102, 51.562591085137328 ], [ 0.193178203033814, 51.562493094357414 ], [ 0.193157027044959, 51.562399863872685 ], [ 0.193159514113365, 51.562387074248072 ], [ 0.193163981861693, 51.562364166403562 ], [ 0.193201930024514, 51.562169477214752 ], [ 0.192694202775695, 51.561989531353106 ], [ 0.192344100351801, 51.561702354058042 ], [ 0.192342654580514, 51.561688783615473 ], [ 0.192337683110979, 51.561642382557494 ], [ 0.192336586678983, 51.56163217797252 ], [ 0.192338970397959, 51.561626539753789 ], [ 0.192338962305914, 51.561621418373143 ], [ 0.192338688650099, 51.561458878923368 ], [ 0.192338689261692, 51.561456189995219 ], [ 0.192340237199224, 51.561448472020921 ], [ 0.19234238701325, 51.561437667180158 ], [ 0.192268502672595, 51.561397140549516 ], [ 0.19216853488889, 51.561338036112922 ], [ 0.192128580297075, 51.561312127461179 ], [ 0.19211230541044, 51.561299508624536 ], [ 0.19192543444173, 51.561154413386511 ], [ 0.19184782936223, 51.561075470316794 ], [ 0.191822654162823, 51.56104456404227 ], [ 0.191749464612634, 51.560892663337043 ], [ 0.191751290610264, 51.560882323200154 ], [ 0.1917712838406, 51.560768514178704 ], [ 0.191781330618309, 51.56074334110243 ], [ 0.191792638169893, 51.560716843175008 ], [ 0.191802831219829, 51.560680662586989 ], [ 0.191803201982268, 51.560673065537642 ], [ 0.191803580634862, 51.560665032178662 ], [ 0.191804499020643, 51.56065997442203 ], [ 0.191810736514003, 51.560591465840041 ], [ 0.19181312771009, 51.56058808474311 ], [ 0.191817269104997, 51.560584796845049 ], [ 0.191864492842653, 51.560547321770265 ], [ 0.191869106621698, 51.560543656329003 ], [ 0.191975622105994, 51.56050457864859 ], [ 0.191980628912795, 51.560503387936137 ], [ 0.191985107564835, 51.560502315009572 ], [ 0.192008144292035, 51.560496830433138 ], [ 0.192197471724283, 51.560475441097601 ], [ 0.192210372035731, 51.560473985945109 ], [ 0.192273690030425, 51.560479007773168 ], [ 0.192284508591453, 51.560479866757028 ], [ 0.192409822800625, 51.560369653177474 ], [ 0.192427445283131, 51.560358685041685 ], [ 0.192470884708544, 51.56033164043717 ], [ 0.192471943402399, 51.560327852567845 ], [ 0.192496081303459, 51.560242624071478 ], [ 0.192496808673603, 51.560240047461335 ], [ 0.192497645475944, 51.560237046133167 ], [ 0.192513593139787, 51.560220650518261 ], [ 0.192508859692077, 51.560212519360519 ], [ 0.192443782961907, 51.560100657311501 ], [ 0.192026255803504, 51.560142364252769 ], [ 0.192006654881017, 51.560155995266413 ], [ 0.191996672425616, 51.560162926585932 ], [ 0.191985993431677, 51.560166471553565 ], [ 0.191980721657195, 51.560166651004273 ], [ 0.191975277341949, 51.560166842672025 ], [ 0.191968997424791, 51.560167058947336 ], [ 0.191958670091064, 51.560167413806653 ], [ 0.191915660899245, 51.560164683237581 ], [ 0.191865734593073, 51.560174429343341 ], [ 0.191840950272815, 51.560181673208078 ], [ 0.191814629050824, 51.560189359465099 ], [ 0.191805792197337, 51.560191008436846 ], [ 0.191800290484853, 51.560191506932227 ], [ 0.191716528730804, 51.560199232253581 ], [ 0.191620339628906, 51.560217055067469 ], [ 0.191616335543985, 51.560217795363847 ], [ 0.19158221355901, 51.560231580707196 ], [ 0.191562428293096, 51.560239576459139 ], [ 0.191554592175399, 51.560244037722789 ], [ 0.19152897458514, 51.560259464566251 ], [ 0.191483018758176, 51.560283390292653 ], [ 0.191385505122873, 51.560334161169202 ], [ 0.19134960429699, 51.560357921480517 ], [ 0.191343556734586, 51.560361923946772 ], [ 0.191304599206103, 51.560382571303307 ], [ 0.191300462791265, 51.560384761940107 ], [ 0.191273133724449, 51.560398802499989 ], [ 0.191254967698615, 51.560305357974237 ], [ 0.191254048776098, 51.560300644803085 ], [ 0.191208647475015, 51.560256527741082 ], [ 0.19119674097312, 51.560249537742706 ], [ 0.191175793258404, 51.56023723987451 ], [ 0.191154955806267, 51.560234445582928 ], [ 0.19113485060859, 51.560251701075167 ], [ 0.191124361141325, 51.560248380737683 ], [ 0.191042908074966, 51.560222626341883 ], [ 0.191019102306001, 51.560215103175018 ], [ 0.190971363122124, 51.560211516340601 ], [ 0.190898052899817, 51.560206005956758 ], [ 0.190788732273363, 51.560197795701335 ], [ 0.190693369724646, 51.560190628654333 ], [ 0.19068126449177, 51.560189712614687 ], [ 0.190642633000229, 51.560186809890027 ], [ 0.190591983632819, 51.560183007458299 ], [ 0.190507495534039, 51.560176662383839 ], [ 0.190434503824091, 51.560171172739722 ], [ 0.190403445170412, 51.560168838972388 ], [ 0.190313961289703, 51.56016211041517 ], [ 0.190308343484562, 51.56016169371847 ], [ 0.190295181269701, 51.560160698451973 ], [ 0.190142436674067, 51.560149224572321 ], [ 0.190105528321356, 51.560146451371274 ], [ 0.190077930265736, 51.560144376654051 ], [ 0.190044569405041, 51.560141869941994 ], [ 0.189911618241192, 51.560131878773007 ], [ 0.189891911409842, 51.560130394117344 ], [ 0.189803267581755, 51.560123730422596 ], [ 0.189730421031653, 51.560118255613993 ], [ 0.189704502838468, 51.560116311323888 ], [ 0.189669621604332, 51.560113688997497 ], [ 0.189640444869672, 51.560111486268021 ], [ 0.189597455146744, 51.560108255368625 ], [ 0.189530197604726, 51.560103197703469 ], [ 0.189498125284535, 51.560100783692711 ], [ 0.189481430468252, 51.560099530523459 ], [ 0.189469571617495, 51.560098636738289 ], [ 0.18908550768729, 51.560057853952308 ], [ 0.188933510084165, 51.560047200901202 ], [ 0.188926435159071, 51.560046784349936 ], [ 0.188894300994047, 51.560044883930537 ], [ 0.188817764020999, 51.560040367728284 ], [ 0.188801140983349, 51.560042413569086 ], [ 0.188765098329449, 51.560046854196848 ], [ 0.188744531167946, 51.560049387304922 ], [ 0.188645653860802, 51.560061565252077 ], [ 0.188592889028636, 51.560071398905947 ], [ 0.18845657256518, 51.560096802539604 ], [ 0.188431162529788, 51.560101539311255 ], [ 0.188265631120533, 51.56015041104483 ], [ 0.188221986170866, 51.560163293909838 ], [ 0.188203549489706, 51.560168736898724 ], [ 0.188144055616089, 51.560193489439968 ], [ 0.188103437979612, 51.560184066996676 ], [ 0.188063610904322, 51.560192328104712 ], [ 0.187949958529126, 51.560215914467264 ], [ 0.187899089459218, 51.560226476860734 ], [ 0.187889448131665, 51.560223688986831 ], [ 0.187877597904427, 51.560220267834019 ], [ 0.187595665196821, 51.56013886910042 ], [ 0.18759000432445, 51.560137553771597 ], [ 0.187561728796101, 51.560130976585675 ], [ 0.18753971289142, 51.560125865433086 ], [ 0.187497431075871, 51.560116033153399 ], [ 0.187397358861654, 51.560092772753791 ], [ 0.187380347018805, 51.560088818289287 ], [ 0.187368105989192, 51.560085970933486 ], [ 0.187311672101767, 51.560072850233219 ], [ 0.187253560341927, 51.560059338118734 ], [ 0.187248555890867, 51.560058172407999 ], [ 0.187095989424357, 51.56002270676462 ], [ 0.187044705995056, 51.560010784900946 ], [ 0.186952264693283, 51.559989297357269 ], [ 0.186928293271776, 51.559983718935946 ], [ 0.186839703987674, 51.559963130734964 ], [ 0.18676816976149, 51.559946496217606 ], [ 0.186716696956618, 51.559934532773269 ], [ 0.186710846162024, 51.559933166983562 ], [ 0.186663473350612, 51.559922161284192 ], [ 0.186621235571726, 51.559912336855483 ], [ 0.186555114685347, 51.559896968238348 ], [ 0.186427118431416, 51.559867212936005 ], [ 0.186409385497402, 51.559860852638742 ], [ 0.186391697103188, 51.559854518487697 ], [ 0.186232910969086, 51.559797620284222 ], [ 0.186144996380634, 51.559766110404162 ], [ 0.186125531631063, 51.559759134839197 ], [ 0.186027224557973, 51.559723906574781 ], [ 0.185947663106248, 51.559695397433948 ], [ 0.18577485883126, 51.559633462919258 ], [ 0.185699657507892, 51.559606518088039 ], [ 0.185672354034709, 51.559596729792268 ], [ 0.185524715754584, 51.559549641146305 ], [ 0.185382601041168, 51.55950431096543 ], [ 0.185099665243922, 51.559402690424385 ], [ 0.184796413936948, 51.559293767501323 ], [ 0.184784932208084, 51.559308873850824 ], [ 0.184747066357985, 51.559390309757553 ], [ 0.184752884690803, 51.559410579651647 ], [ 0.184767529294049, 51.559461207580199 ], [ 0.184762550256702, 51.559474726945609 ], [ 0.184759331865842, 51.559483438206783 ], [ 0.184729228670273, 51.55956519716576 ], [ 0.184738259958087, 51.559678152584389 ], [ 0.184786188875627, 51.559813135944992 ], [ 0.184792656330909, 51.559854185684571 ], [ 0.18473542400846, 51.559958114201557 ], [ 0.184631815797044, 51.560069138603325 ], [ 0.18462948981948, 51.560071632529997 ], [ 0.184589908879715, 51.560177071315195 ], [ 0.184581607083824, 51.560191102208584 ], [ 0.184575096748519, 51.560201871231413 ], [ 0.184567393893712, 51.560215153538891 ], [ 0.184525350839524, 51.56022987576322 ], [ 0.184497717156633, 51.560239554314265 ], [ 0.184268609252663, 51.56031980311591 ], [ 0.184248786726448, 51.560326746156413 ], [ 0.184176293117238, 51.560352134475409 ], [ 0.184107730497649, 51.560378267924051 ], [ 0.184062362540196, 51.560395569950224 ], [ 0.183606890228991, 51.560569153231086 ], [ 0.183435236128335, 51.560731975298658 ], [ 0.183420267934798, 51.560742982634572 ], [ 0.183391418879595, 51.56076420365865 ], [ 0.183204387551253, 51.56090178933848 ], [ 0.183171483394485, 51.560926008528462 ], [ 0.183159121601843, 51.56093510575927 ], [ 0.183135801975361, 51.560947365649021 ], [ 0.183088628257921, 51.560972174146904 ], [ 0.182969132195482, 51.561035029254555 ], [ 0.182881328088531, 51.561102299109784 ], [ 0.182865229637133, 51.561115319373172 ], [ 0.182819579510078, 51.561152374935503 ], [ 0.182795344209238, 51.561172035099247 ], [ 0.182781171407461, 51.561193639362365 ], [ 0.182770374620013, 51.561210117709692 ], [ 0.182767483985919, 51.561214533133146 ], [ 0.182732858388055, 51.561267367770355 ], [ 0.182723890537594, 51.56128100264916 ], [ 0.182646241903807, 51.561313433111096 ], [ 0.182660332065831, 51.561346027058974 ], [ 0.182683952788305, 51.561400652014377 ], [ 0.182689306493918, 51.561413034755304 ], [ 0.182711319623017, 51.561463912534165 ], [ 0.182733350226759, 51.561514852934067 ], [ 0.182738526046439, 51.56152683429486 ], [ 0.18274676812405, 51.561545908076596 ], [ 0.182756128673979, 51.56156755104459 ], [ 0.182764287512193, 51.561586392554304 ], [ 0.182766689233832, 51.561591959528457 ], [ 0.182768555924968, 51.561596295417004 ], [ 0.182774557222853, 51.561610149956515 ], [ 0.182793116606051, 51.561653070180149 ], [ 0.182806398002043, 51.561676447784414 ], [ 0.182816874040146, 51.561694868460187 ], [ 0.182825050712275, 51.561709258070117 ], [ 0.182828311099587, 51.561714979931622 ], [ 0.182831808782274, 51.561721138036837 ], [ 0.182844412753803, 51.56174332317299 ], [ 0.182880740729441, 51.561807208270977 ], [ 0.182888366475771, 51.561820636878345 ], [ 0.182892620166824, 51.561828120877536 ], [ 0.182905159227504, 51.561850154332078 ], [ 0.182912633425024, 51.561863279994 ], [ 0.1829417408061, 51.561914511320381 ], [ 0.182948310906012, 51.561926080020505 ], [ 0.182952139718746, 51.561932825500726 ], [ 0.182959386004223, 51.561945559706281 ], [ 0.182973501234036, 51.561970378645334 ], [ 0.183008822291702, 51.562032510804428 ], [ 0.183027813601858, 51.562065908292439 ], [ 0.183040909254111, 51.562088866648971 ], [ 0.183064135970086, 51.562129514643708 ], [ 0.18307287517788, 51.56214480206237 ], [ 0.183098575422261, 51.562189801616817 ], [ 0.183105102468227, 51.562201222722592 ], [ 0.183116093798579, 51.562220456641136 ], [ 0.183130131859641, 51.562245016195831 ], [ 0.183184776538395, 51.562340692454974 ], [ 0.183201799665708, 51.562370493348965 ], [ 0.183231688996536, 51.562422825175823 ], [ 0.183244665128692, 51.562445542917928 ], [ 0.183251578322585, 51.562457644795408 ], [ 0.183254114215245, 51.562462094121479 ], [ 0.183301089316593, 51.562544324567504 ], [ 0.183302679876267, 51.56254710978731 ], [ 0.183304822710483, 51.562550882956231 ], [ 0.183310270589913, 51.562560404118869 ], [ 0.183334536507027, 51.562602858297645 ], [ 0.183344158187069, 51.562620602356205 ], [ 0.183346548655389, 51.562625027407698 ], [ 0.183351943401815, 51.562634945251439 ], [ 0.183355898618358, 51.562642218953542 ], [ 0.183362229462198, 51.562653908989795 ], [ 0.183365868013109, 51.562659389975245 ], [ 0.183389487849306, 51.562694976481176 ], [ 0.183423541270246, 51.562746277475469 ], [ 0.183431408336035, 51.562758109779104 ], [ 0.183443380844723, 51.562776133818026 ], [ 0.18344899897043, 51.56278423719683 ], [ 0.183459754203548, 51.562800793744401 ], [ 0.183494676981054, 51.562853373531766 ], [ 0.183520488734673, 51.562892246633965 ], [ 0.183555769444904, 51.562945368313713 ], [ 0.183573744710276, 51.562972444511409 ], [ 0.183616862585788, 51.563037372039908 ], [ 0.183618760206124, 51.563040241468904 ], [ 0.183650759029543, 51.563088397096855 ], [ 0.18366935662289, 51.563116414955701 ], [ 0.18368518611036, 51.563140257610677 ], [ 0.183708278034614, 51.563175053490042 ], [ 0.183737899838737, 51.563219665116698 ], [ 0.183749288991516, 51.563236800675504 ], [ 0.183779317904576, 51.563316279764834 ], [ 0.183784563897103, 51.563330319172515 ], [ 0.18380910454918, 51.563395970194996 ], [ 0.183847195275154, 51.563497817766034 ], [ 0.183848287383118, 51.563500738160343 ], [ 0.183850487735893, 51.563506614620671 ], [ 0.18385442629763, 51.563517153090672 ], [ 0.183856544679168, 51.563522824236863 ], [ 0.183858398424796, 51.563527789859137 ], [ 0.183887987841554, 51.563606971331474 ], [ 0.183902103782552, 51.563644740119628 ], [ 0.183913355415481, 51.563674819219806 ], [ 0.183918046935137, 51.563687371600565 ], [ 0.183963034816998, 51.563807746786985 ], [ 0.183971098206155, 51.563821261589958 ], [ 0.1839730896879, 51.563824583413584 ], [ 0.183983944300906, 51.563842754105728 ], [ 0.18398868246581, 51.563850705669125 ], [ 0.184025779932439, 51.563912813385208 ], [ 0.184047905010026, 51.563932527857268 ], [ 0.184050738635852, 51.563935056099567 ], [ 0.184054987999476, 51.563938826000232 ], [ 0.184062419331084, 51.563945468385413 ], [ 0.184096140377898, 51.563975632682137 ], [ 0.18416046850664, 51.564033150447756 ], [ 0.184175580278975, 51.564046664383767 ], [ 0.184190714544274, 51.564060195884942 ], [ 0.184194753935843, 51.564063798822268 ], [ 0.184232552528935, 51.564097605772311 ], [ 0.184236238312946, 51.564100905032767 ], [ 0.184265918892958, 51.564127439382212 ], [ 0.184330088765022, 51.564184807113264 ], [ 0.184336098827483, 51.564189488484011 ], [ 0.184366223818612, 51.56421294790038 ], [ 0.184373657603586, 51.564218735879074 ], [ 0.184434057874868, 51.564265777786829 ], [ 0.18452754985964, 51.564340072805628 ], [ 0.184540779705213, 51.564350591083993 ], [ 0.184595093181357, 51.56439375335443 ], [ 0.184600448345768, 51.564398015242013 ], [ 0.184731455135778, 51.564502124774087 ], [ 0.18478666835067, 51.56454598963515 ], [ 0.18510800957326, 51.564801251636169 ], [ 0.185243267894639, 51.564893284632952 ], [ 0.185435861938327, 51.565035680399546 ], [ 0.185518772739968, 51.565109506246507 ], [ 0.185579874841627, 51.565163917739923 ], [ 0.18564593525511, 51.565222733326792 ], [ 0.185652474466011, 51.565227611605579 ], [ 0.18567520130407, 51.565244499713323 ], [ 0.185794957554943, 51.565333538448947 ], [ 0.185959181567003, 51.565455634103351 ], [ 0.186190535840325, 51.565597414092075 ], [ 0.186213090593123, 51.565611155933802 ], [ 0.186240659867989, 51.565610158234179 ], [ 0.186877347259714, 51.565576048290559 ], [ 0.186933015921971, 51.565573012985929 ], [ 0.186933537813972, 51.565566925758176 ], [ 0.186936698874815, 51.565531443231642 ] ] ] } },
{ "type": "Feature", "properties": { "lsoa21cd": "E01002363", "lsoa21nm": "Havering 020D", "msoa21cd": "E02000483", "msoa21nm": "Havering 020", "lad22cd": "E09000016", "lad22nm": "Havering", "index_right": 126, "GSS_CODE": "E05000315", "risk_score": 6.9927027156914701, "allocation_hours": 116.66193328913981, "patrol_units": 58 }, "geometry": { "type": "Polygon", "coordinates": [ [ [ 0.212759037451465, 51.561433266722702 ], [ 0.212662195900059, 51.561326728704501 ], [ 0.212674694463027, 51.561319082623307 ], [ 0.212686086096584, 51.561312113917843 ], [ 0.21270947217639, 51.56129781440135 ], [ 0.212729755577778, 51.5612965862883 ], [ 0.212762913756283, 51.561294575625951 ], [ 0.212842033678458, 51.561289791048544 ], [ 0.212906767908849, 51.561285871454182 ], [ 0.21291859260643, 51.561285153674149 ], [ 0.213072214044289, 51.561275851285117 ], [ 0.213078787027753, 51.561275727225159 ], [ 0.21309396734915, 51.561278156589729 ], [ 0.213098315191526, 51.561278856916893 ], [ 0.213126997752963, 51.561287191627059 ], [ 0.213216967633927, 51.561282118372432 ], [ 0.213216907154314, 51.561276411663869 ], [ 0.213216812680324, 51.561273126509597 ], [ 0.213241401948626, 51.561272774786438 ], [ 0.213366072768685, 51.56127102400923 ], [ 0.213547953117036, 51.561268462887277 ], [ 0.213583983062475, 51.56126795356618 ], [ 0.21375633325903, 51.561265527071299 ], [ 0.213793055526392, 51.561265013607887 ], [ 0.213851144769144, 51.561264195631445 ], [ 0.214066993271027, 51.561261154226351 ], [ 0.214216491303398, 51.561259050647188 ], [ 0.21436255693967, 51.561256975727026 ], [ 0.214448516201913, 51.561255775008448 ], [ 0.21467915726905, 51.56125252504836 ], [ 0.214774718251478, 51.561251178705973 ], [ 0.214796950511171, 51.561250866681021 ], [ 0.215090655800073, 51.561246730606285 ], [ 0.215207625586261, 51.561254215688919 ], [ 0.215240189515381, 51.561256298487834 ], [ 0.215311195040403, 51.561055600730938 ], [ 0.215314608277427, 51.561045967718975 ], [ 0.215261549275555, 51.561040755821445 ], [ 0.215100691515915, 51.561024971871035 ], [ 0.215072714098721, 51.561008890256325 ], [ 0.215051753215533, 51.560998845299039 ], [ 0.215045918082939, 51.56099604178219 ], [ 0.214875625801497, 51.560925691519842 ], [ 0.215000031588781, 51.560492743814358 ], [ 0.215025176654655, 51.560492556585103 ], [ 0.215026957310525, 51.560471587274471 ], [ 0.215028295645679, 51.560455770307875 ], [ 0.215043533866824, 51.56027637812263 ], [ 0.215045277212423, 51.560116189085036 ], [ 0.215034664998083, 51.560116020845072 ], [ 0.215007639950112, 51.560124580087134 ], [ 0.215007945392966, 51.56011452915056 ], [ 0.215018628283896, 51.559765264542357 ], [ 0.215039354151864, 51.559766033114407 ], [ 0.21504741571511, 51.559762103776393 ], [ 0.215047057080391, 51.559754718314345 ], [ 0.21504777598043, 51.559740109117371 ], [ 0.215056177374536, 51.559572635900722 ], [ 0.215067956243989, 51.559337453630718 ], [ 0.215068231732537, 51.559331836802826 ], [ 0.215068641894804, 51.559323645436649 ], [ 0.215076354500946, 51.559169620742189 ], [ 0.215076511885329, 51.559119679705375 ], [ 0.215065815712103, 51.558925255474819 ], [ 0.215077144795072, 51.558922361583662 ], [ 0.215077227408794, 51.558897620311534 ], [ 0.214946932689191, 51.558900787464609 ], [ 0.214936128059227, 51.558898284670498 ], [ 0.214906268036727, 51.55889405095067 ], [ 0.214805631840636, 51.558895951858197 ], [ 0.214738521818864, 51.558897219445036 ], [ 0.214705240665774, 51.558897848051537 ], [ 0.214641229574937, 51.558899057051249 ], [ 0.214605190310435, 51.558897552425528 ], [ 0.214575251498508, 51.558896301285188 ], [ 0.214557629106077, 51.558896361621805 ], [ 0.214550169201248, 51.558895237198385 ], [ 0.214504083220878, 51.558893319756038 ], [ 0.214493053317524, 51.558892862583974 ], [ 0.21446286470134, 51.558891220441069 ], [ 0.2144351932241, 51.558889719606199 ], [ 0.214370101009177, 51.558886191583476 ], [ 0.214359845563503, 51.558885045299142 ], [ 0.214336694813706, 51.55888246084654 ], [ 0.214330254586584, 51.55888174611858 ], [ 0.214191538830458, 51.558866262713508 ], [ 0.214180964112321, 51.558865077477385 ], [ 0.214167343337781, 51.558863554067507 ], [ 0.214136548204102, 51.558860115702032 ], [ 0.214094496994287, 51.558855424013281 ], [ 0.214062340723401, 51.558848315210618 ], [ 0.214027574324682, 51.558840635161395 ], [ 0.214003497421777, 51.558835316268301 ], [ 0.213858248627642, 51.558803228817503 ], [ 0.213825888450646, 51.558796078825232 ], [ 0.213813945018608, 51.558793444543397 ], [ 0.21370961683169, 51.558770395682529 ], [ 0.21369491697132, 51.558767147945154 ], [ 0.213630604670625, 51.558752930086953 ], [ 0.213587205267155, 51.558743344488157 ], [ 0.213569501338187, 51.558739434005645 ], [ 0.213497340628756, 51.558721047593473 ], [ 0.213445126833422, 51.558707752348774 ], [ 0.213306729293622, 51.558672495240693 ], [ 0.213190089591363, 51.558642780665387 ], [ 0.213175190255163, 51.558638988053815 ], [ 0.213030401479186, 51.558609220069791 ], [ 0.213014809383603, 51.558606016064502 ], [ 0.2129423199932, 51.558598391142212 ], [ 0.212877282738627, 51.558596282138161 ], [ 0.212821291057602, 51.558594470030869 ], [ 0.212769393476885, 51.558592742510882 ], [ 0.212756068412647, 51.558592256541957 ], [ 0.21273183427227, 51.558591571749304 ], [ 0.212705666330816, 51.558590725597341 ], [ 0.212697031848266, 51.558589683471631 ], [ 0.212646031235306, 51.558587561264538 ], [ 0.21260697111169, 51.558585933162924 ], [ 0.212591862089608, 51.558587036627848 ], [ 0.212552169480385, 51.558585753183877 ], [ 0.212533833318241, 51.558585163898918 ], [ 0.212480177832007, 51.55858065461009 ], [ 0.212469422749332, 51.5585802100466 ], [ 0.212459000050825, 51.558579777196542 ], [ 0.212421963941366, 51.558578236745284 ], [ 0.212304508890143, 51.558573339373282 ], [ 0.212299810967421, 51.558573149226213 ], [ 0.212185088820693, 51.558568380032455 ], [ 0.212155005703669, 51.558567121998983 ], [ 0.212003840198276, 51.558560836869397 ], [ 0.211992217694695, 51.558560354667478 ], [ 0.211960125435209, 51.558559017576115 ], [ 0.211901549946222, 51.558556579294482 ], [ 0.211777091354965, 51.558551395330213 ], [ 0.211757272394841, 51.558550573095758 ], [ 0.211745382155489, 51.558550073436919 ], [ 0.211728078565231, 51.558549356632881 ], [ 0.211709052635763, 51.558549715501833 ], [ 0.211546856570864, 51.558552774734729 ], [ 0.211521488659758, 51.558553253186901 ], [ 0.211511357433207, 51.558553475741157 ], [ 0.211454380302081, 51.558557819293021 ], [ 0.211342511619718, 51.558566377052159 ], [ 0.211325406918422, 51.558567679864474 ], [ 0.211317832296253, 51.558568263369494 ], [ 0.211162109178637, 51.558580157034903 ], [ 0.211123789221369, 51.558583082928727 ], [ 0.211036484010365, 51.558589747311871 ], [ 0.21099714371791, 51.558592755355235 ], [ 0.210878216926465, 51.558601841452372 ], [ 0.21080038408073, 51.558607787478522 ], [ 0.210793873003148, 51.558608287946392 ], [ 0.210714487817263, 51.558614353113938 ], [ 0.210642677249483, 51.558619834766958 ], [ 0.210623919727886, 51.558621267560859 ], [ 0.210524267452582, 51.55862887478736 ], [ 0.21046979177329, 51.558633040306489 ], [ 0.210390736700582, 51.558639072053438 ], [ 0.210373416606113, 51.558640396773676 ], [ 0.210355067862194, 51.55863924981842 ], [ 0.210346132190521, 51.558640029784478 ], [ 0.210259344829721, 51.558647560647543 ], [ 0.210191866674365, 51.558653432493685 ], [ 0.210184344886925, 51.558653916006733 ], [ 0.210165403923356, 51.558655136353018 ], [ 0.21006721795358, 51.558661447539762 ], [ 0.210019412366221, 51.558664524879916 ], [ 0.209936514100102, 51.558669846364758 ], [ 0.209872227021824, 51.558673989682198 ], [ 0.209750152561161, 51.558681838967466 ], [ 0.209653630462384, 51.558656382119018 ], [ 0.20965225167677, 51.558653233568897 ], [ 0.209587025153405, 51.558503649923949 ], [ 0.209577645303087, 51.558482153520742 ], [ 0.209683292914457, 51.558352605805091 ], [ 0.209796517359735, 51.558360724101753 ], [ 0.209826542483952, 51.558362874143576 ], [ 0.209843491655281, 51.558361637432505 ], [ 0.209933154739778, 51.558355109362161 ], [ 0.209937575586102, 51.558354792224868 ], [ 0.210029849615316, 51.558336793749845 ], [ 0.210051286224996, 51.558332594667903 ], [ 0.210061118289242, 51.558330664710446 ], [ 0.210095384784745, 51.558320306402614 ], [ 0.210116150784448, 51.558330256960303 ], [ 0.21019347688108, 51.558378773617797 ], [ 0.210203528682778, 51.558384654431926 ], [ 0.21026003365361, 51.55838932688814 ], [ 0.210321174042941, 51.55839438856826 ], [ 0.210399217989069, 51.55840084474 ], [ 0.21041517162717, 51.558399010691751 ], [ 0.210453149801117, 51.558394095025626 ], [ 0.210458181963284, 51.558393442596277 ], [ 0.210464174608484, 51.558392664144208 ], [ 0.21048034299673, 51.558387521107925 ], [ 0.210503017872852, 51.558380294935311 ], [ 0.210554926481722, 51.558352634100707 ], [ 0.210568012607638, 51.558345660627843 ], [ 0.210614830654902, 51.558276215292778 ], [ 0.210650590011041, 51.558239209373184 ], [ 0.210743942584721, 51.558168904653272 ], [ 0.21077811207421, 51.558148215010007 ], [ 0.210788497234722, 51.558141921947772 ], [ 0.210791087179858, 51.558139696808567 ], [ 0.210730375021211, 51.558086307859405 ], [ 0.210673323681598, 51.558009324147143 ], [ 0.21062159375596, 51.557912050775649 ], [ 0.210610807678762, 51.557889973939744 ], [ 0.210625951900791, 51.557883199975777 ], [ 0.210804743659148, 51.557804683557713 ], [ 0.210811156695158, 51.55780186474243 ], [ 0.21092968467913, 51.557780276976466 ], [ 0.211056418597676, 51.557733929486211 ], [ 0.211023683624466, 51.557708305141276 ], [ 0.211009725772356, 51.557700114901174 ], [ 0.211005977551483, 51.557684393853194 ], [ 0.210992588408572, 51.557628107267654 ], [ 0.210991737673038, 51.557624544091233 ], [ 0.210990524209227, 51.557619449949726 ], [ 0.210988760623867, 51.557583061516084 ], [ 0.210986147911712, 51.557529152724946 ], [ 0.210985698090601, 51.557519871427999 ], [ 0.210956834777296, 51.55749435391926 ], [ 0.210949281014178, 51.557493875830446 ], [ 0.210789827195313, 51.557496882274116 ], [ 0.210684120381775, 51.557498875218108 ], [ 0.210625746693002, 51.557499975725953 ], [ 0.210606937392486, 51.557500330327855 ], [ 0.210597794576336, 51.557497723851377 ], [ 0.210479161225699, 51.557463979270771 ], [ 0.210479570441367, 51.557461408548576 ], [ 0.210496770754797, 51.55735222390819 ], [ 0.210496481604291, 51.557349531455934 ], [ 0.2104911224617, 51.557299964086212 ], [ 0.210464896103278, 51.557223163559485 ], [ 0.210463108927198, 51.557220072178538 ], [ 0.210451537336477, 51.557206490540345 ], [ 0.210433402870982, 51.557185339096129 ], [ 0.210419472778138, 51.557169081528492 ], [ 0.210369161649599, 51.557123985702908 ], [ 0.210373231410482, 51.557118360298873 ], [ 0.210398459020457, 51.557083441515481 ], [ 0.210400371300819, 51.557077056402193 ], [ 0.210426171704165, 51.556991136442996 ], [ 0.210427934963129, 51.556985248754003 ], [ 0.210427892334048, 51.556896236733365 ], [ 0.210425894367374, 51.556892218548469 ], [ 0.210378931349564, 51.556797714954541 ], [ 0.210363854976771, 51.556778340424742 ], [ 0.210367117293184, 51.556774510857672 ], [ 0.210373178435859, 51.55676740903386 ], [ 0.210420450485734, 51.556711975320205 ], [ 0.210453996584871, 51.556617401952366 ], [ 0.210455390901948, 51.556613427736174 ], [ 0.210453273883081, 51.556522988954441 ], [ 0.210453208336784, 51.556520445167749 ], [ 0.210401295791393, 51.556421439448172 ], [ 0.210388360208351, 51.556406646972675 ], [ 0.210335593097661, 51.556346273322561 ], [ 0.210332952483716, 51.55634090031139 ], [ 0.210330731441516, 51.556336445671548 ], [ 0.210325990077938, 51.556330887433582 ], [ 0.210291914560867, 51.556290962265614 ], [ 0.210274627696126, 51.556274790431274 ], [ 0.21026863191898, 51.556265672120226 ], [ 0.210220124248746, 51.556189885040119 ], [ 0.210196514416434, 51.556162901366882 ], [ 0.210177195754594, 51.556140818935738 ], [ 0.210159009329477, 51.556123049792561 ], [ 0.210164980455135, 51.556118557649739 ], [ 0.210185232476628, 51.556103328467124 ], [ 0.210210303731983, 51.556087226052739 ], [ 0.210251813791187, 51.55606056174377 ], [ 0.21026012427068, 51.556055225123444 ], [ 0.210367760022765, 51.55601718821152 ], [ 0.210404210594623, 51.556004306586146 ], [ 0.210511239981764, 51.555974005972189 ], [ 0.210520902616778, 51.555971269803472 ], [ 0.210583765392502, 51.555961928077053 ], [ 0.210606223552543, 51.555958590960579 ], [ 0.21093404760289, 51.55596027023396 ], [ 0.210937589350496, 51.55596220889629 ], [ 0.21095300184967, 51.555970659501362 ], [ 0.210971392744816, 51.555980735639274 ], [ 0.210979368358079, 51.555984267895468 ], [ 0.211191786563393, 51.555967820673409 ], [ 0.211231683595791, 51.555964739136009 ], [ 0.211297169048963, 51.555966651786001 ], [ 0.211307191846704, 51.555967775755626 ], [ 0.21131149987203, 51.555968261074291 ], [ 0.211408971472691, 51.555989597894381 ], [ 0.211422502432425, 51.55599256221209 ], [ 0.211518113041498, 51.556027585426335 ], [ 0.211541410446805, 51.556038288377906 ], [ 0.21157383974384, 51.556053162718392 ], [ 0.211581423440032, 51.556056643870136 ], [ 0.211608563547199, 51.556072814027196 ], [ 0.211663928186243, 51.556105799351059 ], [ 0.211672008525645, 51.556108960870688 ], [ 0.211708672219181, 51.556093786101918 ], [ 0.211729596452286, 51.556087375114188 ], [ 0.211839506118879, 51.556053714036352 ], [ 0.211969891424842, 51.55602611459986 ], [ 0.211977574052948, 51.55602449482322 ], [ 0.212065278336597, 51.556019620859246 ], [ 0.212088038819961, 51.556018355141525 ], [ 0.212312902245751, 51.556028596181868 ], [ 0.212330961960704, 51.556036893239238 ], [ 0.212340947747389, 51.556041120406306 ], [ 0.212342388743157, 51.556036030155333 ], [ 0.212341022972391, 51.555849900641718 ], [ 0.212340011986423, 51.555711247517351 ], [ 0.212339894102267, 51.555696024577074 ], [ 0.212361574527542, 51.555696883549189 ], [ 0.212470336981073, 51.555701171550844 ], [ 0.212497904315724, 51.555697800625815 ], [ 0.212505911153435, 51.555586945612539 ], [ 0.212461047153627, 51.555307030359685 ], [ 0.212460533034216, 51.555303865527641 ], [ 0.212447743055719, 51.55522396114474 ], [ 0.212368827748607, 51.555220252102366 ], [ 0.21233839182405, 51.555218811897078 ], [ 0.212308650315675, 51.555217412540784 ], [ 0.21229863064296, 51.555216945086087 ], [ 0.212292769799463, 51.555207639977347 ], [ 0.212269776216544, 51.555171067543021 ], [ 0.212211662337436, 51.555201858829186 ], [ 0.212164546247424, 51.555226812987861 ], [ 0.212124541576717, 51.555244618424389 ], [ 0.21209549224945, 51.555254222393614 ], [ 0.21195359668846, 51.555301144724481 ], [ 0.211946937833361, 51.555303347718464 ], [ 0.211734818855103, 51.555327385231685 ], [ 0.211701274715682, 51.555328188788828 ], [ 0.211623523757887, 51.555330050937485 ], [ 0.211536999737989, 51.555294667567509 ], [ 0.211526810675352, 51.555290408190857 ], [ 0.211488970840122, 51.555274610666885 ], [ 0.21147658670463, 51.555276849665738 ], [ 0.211231038808409, 51.555321184428045 ], [ 0.211163949160045, 51.555315470958611 ], [ 0.211138284267893, 51.555310379243245 ], [ 0.211119166207788, 51.555306427591525 ], [ 0.210948407516439, 51.555247159398796 ], [ 0.210932576259695, 51.555239885777034 ], [ 0.210783442546616, 51.555138351626418 ], [ 0.210771338695132, 51.555132680408171 ], [ 0.210688191396075, 51.555093725462982 ], [ 0.210682973434673, 51.555097978606945 ], [ 0.210615031512378, 51.555153415390173 ], [ 0.210590249630725, 51.555166544737389 ], [ 0.210512994075563, 51.555207507422594 ], [ 0.210478493806073, 51.555225793085057 ], [ 0.21043526835247, 51.555240852845571 ], [ 0.21036418107399, 51.555265619651749 ], [ 0.210335312078837, 51.555272998514816 ], [ 0.210326278122533, 51.555275309138246 ], [ 0.210236210713402, 51.555289740939742 ], [ 0.210206925468663, 51.555291803753207 ], [ 0.209989981214211, 51.5553070754437 ], [ 0.209945255851545, 51.555292068171902 ], [ 0.209931617624732, 51.555287329581638 ], [ 0.209752262179275, 51.555320229178221 ], [ 0.20972791556039, 51.555322396651931 ], [ 0.209682066865518, 51.555326489128248 ], [ 0.209667516540434, 51.555327788518085 ], [ 0.209562373436572, 51.555321954849965 ], [ 0.209536463919493, 51.5553180634626 ], [ 0.209513548197431, 51.55531462826044 ], [ 0.209502605899852, 51.555312981880299 ], [ 0.209312685934038, 51.555256864660265 ], [ 0.20930814369967, 51.555255115664735 ], [ 0.209292237105684, 51.555245684914553 ], [ 0.209198383328316, 51.555189969792025 ], [ 0.209188402705808, 51.55518405156775 ], [ 0.209067743462972, 51.555125298095788 ], [ 0.209034828598464, 51.555113175062765 ], [ 0.208999166846534, 51.555100033597718 ], [ 0.208983461712061, 51.555090590016128 ], [ 0.208957192178424, 51.555074789534068 ], [ 0.208944172809358, 51.555068676727196 ], [ 0.208938762034217, 51.555068652751409 ], [ 0.208806224254622, 51.555262736602877 ], [ 0.208792025601661, 51.555283517126455 ], [ 0.208621558324204, 51.555445059052573 ], [ 0.208609139015816, 51.555447469279954 ], [ 0.20840791849646, 51.555486601637519 ], [ 0.208397101932862, 51.555485168618638 ], [ 0.208362343676749, 51.555480562305114 ], [ 0.208355882652425, 51.555479703745455 ], [ 0.208319005676289, 51.555471261329977 ], [ 0.208303954345309, 51.555466086021113 ], [ 0.208257949220262, 51.555450261355645 ], [ 0.208244399585981, 51.555452715313372 ], [ 0.20823180820326, 51.555454998342739 ], [ 0.208187172612929, 51.555459571000917 ], [ 0.208152987850683, 51.555460106824256 ], [ 0.208130484897633, 51.555458642042382 ], [ 0.207913117111975, 51.555444623122177 ], [ 0.207891786378505, 51.555469467779162 ], [ 0.207889887141933, 51.555486860064129 ], [ 0.207880173982449, 51.555466493904852 ], [ 0.20786710467069, 51.555439077459049 ], [ 0.207816335738742, 51.555303042709333 ], [ 0.207803544966575, 51.55526730966303 ], [ 0.207473622522802, 51.555299431670768 ], [ 0.207464620176111, 51.555300311589981 ], [ 0.207433282998332, 51.555307970025325 ], [ 0.207429602168771, 51.555309712017937 ], [ 0.207324673743933, 51.555359296275149 ], [ 0.207312133444149, 51.555367257335966 ], [ 0.207295492825365, 51.555377831610187 ], [ 0.207283794079448, 51.555389769727405 ], [ 0.207262087602898, 51.555411923440175 ], [ 0.207216470787056, 51.555424095314535 ], [ 0.207156812173782, 51.555440029758955 ], [ 0.207149604322636, 51.555442071948903 ], [ 0.207102030332817, 51.555450764347476 ], [ 0.206925925924844, 51.55551335185865 ], [ 0.206888204522256, 51.555526813893493 ], [ 0.206876038356345, 51.555527600430572 ], [ 0.206871949941176, 51.555527776298348 ], [ 0.206758535897741, 51.55552601673255 ], [ 0.206678817070835, 51.555524783068613 ], [ 0.206598239416768, 51.555531443397484 ], [ 0.206586517788179, 51.555534262954978 ], [ 0.206544223036448, 51.555544438557362 ], [ 0.206538547628205, 51.555545804376159 ], [ 0.206497504205112, 51.555560974520695 ], [ 0.206490545336742, 51.555563542573644 ], [ 0.206438969310577, 51.55556644656172 ], [ 0.206411557311766, 51.555572052404521 ], [ 0.206238758604464, 51.55560741777181 ], [ 0.206228559614818, 51.555609507190177 ], [ 0.206142606743458, 51.555641646646095 ], [ 0.206138222861345, 51.555644364079242 ], [ 0.206016023623732, 51.555720333889298 ], [ 0.20594519430581, 51.555776011198347 ], [ 0.205918295337706, 51.555803271464448 ], [ 0.205911226887762, 51.555810436978966 ], [ 0.205899507033931, 51.555812698868046 ], [ 0.205887113766084, 51.555814757591548 ], [ 0.205734013479107, 51.555854176228635 ], [ 0.205705888082204, 51.555864426734175 ], [ 0.205514340117358, 51.555934236271099 ], [ 0.205491581258014, 51.555927182137687 ], [ 0.205454660249653, 51.555915735978665 ], [ 0.205413242435745, 51.555902881541087 ], [ 0.205382191435173, 51.555902449325409 ], [ 0.205286238010178, 51.555901115365451 ], [ 0.205266765290511, 51.555902057134539 ], [ 0.205092505689872, 51.55591052319523 ], [ 0.20500634, 51.555914706523644 ], [ 0.20500182211258, 51.555915250123412 ], [ 0.204634410210105, 51.555959164748856 ], [ 0.204626630154191, 51.555959967513203 ], [ 0.204593744965034, 51.555963373622639 ], [ 0.204442279895223, 51.555979045239809 ], [ 0.20437352373845, 51.555986165280672 ], [ 0.204326169408972, 51.555991066369941 ], [ 0.204310738554989, 51.555992660434526 ], [ 0.204226461993679, 51.555998327500276 ], [ 0.204123434904521, 51.556005255252259 ], [ 0.203947534052381, 51.556017086878782 ], [ 0.203754780295023, 51.55603004434321 ], [ 0.203600045488666, 51.556040452455925 ], [ 0.203629877253065, 51.556352552350539 ], [ 0.203672093885637, 51.556359546940037 ], [ 0.203823240583872, 51.556384589213593 ], [ 0.203911362701985, 51.556427605834912 ], [ 0.203985851885395, 51.556464192316163 ], [ 0.204042003247202, 51.556491770686449 ], [ 0.2040949784265, 51.556531540319945 ], [ 0.20411779114329, 51.556548665897395 ], [ 0.204177603017696, 51.556601544714027 ], [ 0.204211027032873, 51.55663107902641 ], [ 0.20432593213623, 51.556732617573026 ], [ 0.204552984070867, 51.556971727248822 ], [ 0.204575039384283, 51.556993471399466 ], [ 0.204598836895068, 51.557016936429882 ], [ 0.204696889787775, 51.557113611447029 ], [ 0.204820087504394, 51.55722101888658 ], [ 0.20482544874594, 51.557225684380548 ], [ 0.204943510697848, 51.557328601809836 ], [ 0.205011598089678, 51.557375658958584 ], [ 0.205145252984424, 51.557454640302112 ], [ 0.205272485768416, 51.55751267162151 ], [ 0.20547668421048, 51.557582645810086 ], [ 0.205593871951411, 51.557602078812103 ], [ 0.205675995152563, 51.557615669325095 ], [ 0.205839682930093, 51.557685298742399 ], [ 0.205846929829347, 51.557688381915881 ], [ 0.205880365414172, 51.557702600400411 ], [ 0.206194452257245, 51.557876686596174 ], [ 0.206601374606535, 51.558085626527202 ], [ 0.207097410168046, 51.558369625094329 ], [ 0.207197669203369, 51.55842286509543 ], [ 0.207241898059572, 51.558446349657892 ], [ 0.207259681326757, 51.558455790313687 ], [ 0.207345518012601, 51.558501360838036 ], [ 0.207416592341103, 51.558539097506497 ], [ 0.207426868420997, 51.558544551667957 ], [ 0.207460233720515, 51.5585695176648 ], [ 0.207479962163535, 51.558584272510345 ], [ 0.207487700525478, 51.55859005322467 ], [ 0.207512967682092, 51.558608957488204 ], [ 0.207613974954232, 51.558684494703392 ], [ 0.207630727346175, 51.558703037653693 ], [ 0.207637876504682, 51.558710951802055 ], [ 0.207668286224238, 51.55874459768291 ], [ 0.207684386787145, 51.558766066633865 ], [ 0.207687624980696, 51.558770376270758 ], [ 0.207715505951169, 51.558807514073365 ], [ 0.207762123327454, 51.558891368470078 ], [ 0.20777124187947, 51.558907779878759 ], [ 0.207779506000347, 51.558922633598911 ], [ 0.207838970445606, 51.559029582863836 ], [ 0.207883566255434, 51.559075533747368 ], [ 0.207955054290158, 51.559135798699792 ], [ 0.207962138472045, 51.559141771552028 ], [ 0.20798791788949, 51.559163498833186 ], [ 0.208038153226172, 51.559195107537867 ], [ 0.208088646280226, 51.559226972164055 ], [ 0.208112695366463, 51.559242009732088 ], [ 0.208140094816394, 51.559255923027848 ], [ 0.20818093791223, 51.559276494267785 ], [ 0.208210745953284, 51.55928130173897 ], [ 0.208240626069706, 51.559286107845153 ], [ 0.208286355168069, 51.559293466242821 ], [ 0.208458606940105, 51.559315681290542 ], [ 0.208499053214466, 51.559320899846298 ], [ 0.208759992463886, 51.559354528821025 ], [ 0.208921978118466, 51.55942244114442 ], [ 0.20899500526985, 51.559479591847399 ], [ 0.2090306939529, 51.559507517239474 ], [ 0.209084922020027, 51.559565543638357 ], [ 0.209234661070038, 51.559747267813513 ], [ 0.209278682396714, 51.559800675167537 ], [ 0.209347198698879, 51.559883819457085 ], [ 0.209461393392338, 51.560022399155542 ], [ 0.210258067676758, 51.560077835741282 ], [ 0.210270054344356, 51.560078679959226 ], [ 0.210474734317291, 51.560074821553947 ], [ 0.21065716594565, 51.560082542556827 ], [ 0.21071244251185, 51.560070753765956 ], [ 0.210751873449001, 51.56008655744715 ], [ 0.210790847561411, 51.560102162889052 ], [ 0.210796041112805, 51.560104241272008 ], [ 0.210805151946157, 51.56020798355005 ], [ 0.210811851448671, 51.560284297690821 ], [ 0.210816133059908, 51.560333048924662 ], [ 0.210861172322746, 51.560360077995547 ], [ 0.210939422400129, 51.56040702982871 ], [ 0.211002427102298, 51.560427874642635 ], [ 0.211007705051341, 51.560429609690445 ], [ 0.211090073045044, 51.560470431485598 ], [ 0.211094832877683, 51.560472787823173 ], [ 0.211155360246556, 51.560524669125911 ], [ 0.211171587346984, 51.560538581042607 ], [ 0.211238143014287, 51.5605689812664 ], [ 0.211274497111423, 51.560580229383106 ], [ 0.211294343740647, 51.560586366026868 ], [ 0.211338035694747, 51.5605998768688 ], [ 0.21134311801554, 51.560601444723666 ], [ 0.211391682983358, 51.56062381167196 ], [ 0.211501605992647, 51.560661316665581 ], [ 0.211564740733715, 51.560694353216391 ], [ 0.211674446886017, 51.560759515587243 ], [ 0.211660008907584, 51.560772391597162 ], [ 0.211649319061533, 51.560781932451967 ], [ 0.211566223153238, 51.560874014246494 ], [ 0.211488399588305, 51.560932605562343 ], [ 0.211477751149792, 51.560940621308738 ], [ 0.211471400520148, 51.560947413885465 ], [ 0.211434627631383, 51.560971875914014 ], [ 0.211370766426354, 51.561014331188254 ], [ 0.21136423739774, 51.561019081218006 ], [ 0.211294775114732, 51.561117870774332 ], [ 0.211286328546159, 51.561138273295029 ], [ 0.211198201286522, 51.561351000793209 ], [ 0.211203126622649, 51.561354388198197 ], [ 0.211223561288665, 51.561368481552279 ], [ 0.211172303270665, 51.561398315694795 ], [ 0.211188697386547, 51.561410308947238 ], [ 0.211286310675451, 51.56139533833035 ], [ 0.211308012769321, 51.561404623494745 ], [ 0.211321494445528, 51.561402966333802 ], [ 0.211377972980943, 51.561396001772025 ], [ 0.211415233219294, 51.561391405080798 ], [ 0.21158587296272, 51.561370353572777 ], [ 0.211619389709817, 51.561366214123659 ], [ 0.211626589108566, 51.561365916455784 ], [ 0.211733213751037, 51.561361540108663 ], [ 0.21175083570718, 51.561364337269126 ], [ 0.21181654067088, 51.56137477975772 ], [ 0.211827212827232, 51.561376475964146 ], [ 0.21183666371164, 51.561377979375493 ], [ 0.211836629703682, 51.561398403100824 ], [ 0.211859231844849, 51.561487241171982 ], [ 0.211930995272473, 51.561563110227617 ], [ 0.211938675458305, 51.561571238896143 ], [ 0.212050400788417, 51.561623835553775 ], [ 0.212057237253671, 51.561627060965442 ], [ 0.212123819092704, 51.561639510157093 ], [ 0.212130521111655, 51.561642045640603 ], [ 0.212136282298203, 51.561644221168159 ], [ 0.212160048178928, 51.561653215431839 ], [ 0.212180293741795, 51.561666970448371 ], [ 0.212188812492487, 51.561672754094317 ], [ 0.212373657052932, 51.56174674114316 ], [ 0.212390165350902, 51.561753345267178 ], [ 0.212396108606495, 51.561754514627921 ], [ 0.212413840390178, 51.561759274582684 ], [ 0.212446949832047, 51.561770529586099 ], [ 0.212459888821434, 51.561774934815766 ], [ 0.21250229883278, 51.561789350708935 ], [ 0.212526704812, 51.561796071081424 ], [ 0.212562077895626, 51.561800749930605 ], [ 0.212567085802023, 51.561801374870697 ], [ 0.212593613840734, 51.561785514257473 ], [ 0.212598430318689, 51.561783085192076 ], [ 0.212614780829409, 51.561774835842748 ], [ 0.212623329570564, 51.561770528756092 ], [ 0.212659340464897, 51.561743742559528 ], [ 0.212662570894187, 51.561741334428554 ], [ 0.212667637926841, 51.561736337630201 ], [ 0.21268911394087, 51.561719241369303 ], [ 0.212704324761216, 51.561707128543475 ], [ 0.212734808708207, 51.561675860199479 ], [ 0.212736977587981, 51.56167238844418 ], [ 0.212738535483129, 51.56166792100418 ], [ 0.212781830498043, 51.561543549275207 ], [ 0.212781857387798, 51.561528638391096 ], [ 0.212781939767976, 51.561480074692689 ], [ 0.212779328684997, 51.56147472817463 ], [ 0.21276316958576, 51.561441714097072 ], [ 0.212759037451465, 51.561433266722702 ] ] ] } },
{ "type": "Feature", "properties": { "lsoa21cd": "E01002350", "lsoa21nm": "Havering 016B", "msoa21cd": "E02000479", "msoa21nm": "Havering 016", "lad22cd": "E09000016", "lad22nm": "Havering", "index_right": 126, "GSS_CODE": "E05000315", "risk_score": 10.0, "allocation_hours": 166.83382381944111, "patrol_units": 83 }, "geometry": { "type": "Polygon", "coordinates": [ [ [ 0.185580289827804, 51.573835923908298 ], [ 0.185642561134591, 51.57377991498808 ], [ 0.185633494076447, 51.57371291339804 ], [ 0.185650946358375, 51.573636940745899 ], [ 0.185653678988086, 51.57362530682191 ], [ 0.185657085093141, 51.573610863520415 ], [ 0.185666383972199, 51.573587488250752 ], [ 0.185720356412535, 51.573526355070058 ], [ 0.185796506674971, 51.573440473424668 ], [ 0.185803500080936, 51.573429515495327 ], [ 0.185810060320495, 51.573424572968626 ], [ 0.185838183581119, 51.573403427815919 ], [ 0.185843630393104, 51.57339934239031 ], [ 0.185871251243564, 51.573371030174407 ], [ 0.185889286932863, 51.573356808797456 ], [ 0.185895503613267, 51.573350119033499 ], [ 0.185902031239574, 51.573342991808985 ], [ 0.185917484376865, 51.573331192719465 ], [ 0.18592928995725, 51.57332217750583 ], [ 0.185945031233297, 51.573305552790018 ], [ 0.185952709649644, 51.573301057049569 ], [ 0.185971589883732, 51.573290003443226 ], [ 0.185983928580282, 51.573282776888604 ], [ 0.186017004147891, 51.573257771313727 ], [ 0.186025387766912, 51.573248720954773 ], [ 0.186114986133311, 51.573151985683182 ], [ 0.186119311986777, 51.573149503910955 ], [ 0.186133110405261, 51.573141571158523 ], [ 0.186153272334534, 51.573120983527168 ], [ 0.186156488563281, 51.573117632131044 ], [ 0.186181728311713, 51.573098357242102 ], [ 0.18618498589875, 51.573095868402952 ], [ 0.18618881571458, 51.57309357573547 ], [ 0.186212114853709, 51.57307581456795 ], [ 0.186234031253702, 51.573053595260177 ], [ 0.186243399094104, 51.573044004944435 ], [ 0.186260320570549, 51.573032133474527 ], [ 0.186266659289772, 51.57302768966899 ], [ 0.186380075495804, 51.572922677275756 ], [ 0.186415793665361, 51.572889591574175 ], [ 0.186531703558258, 51.572844111218835 ], [ 0.186437243661664, 51.572791599559729 ], [ 0.1863438955162, 51.572739696604103 ], [ 0.186250940221713, 51.572688006574843 ], [ 0.186115773608967, 51.572626077909952 ], [ 0.186292118873643, 51.572535414462209 ], [ 0.186306216781014, 51.572528164074598 ], [ 0.186345032807236, 51.572497089036993 ], [ 0.186352996908338, 51.572485915135779 ], [ 0.186369666397434, 51.572462474351127 ], [ 0.186374926083653, 51.572455091958254 ], [ 0.186422441815168, 51.572318348747579 ], [ 0.186508002883978, 51.572354740018106 ], [ 0.186861415435312, 51.572505060329135 ], [ 0.186876519680027, 51.572495475410385 ], [ 0.186862297486063, 51.572450941961321 ], [ 0.18717963383207, 51.572247798483581 ], [ 0.187185719315249, 51.572246803675114 ], [ 0.187211858225887, 51.572242530126935 ], [ 0.187208712812771, 51.57224570036901 ], [ 0.187201095944043, 51.572252074576795 ], [ 0.187196198139084, 51.572256167808312 ], [ 0.187204965555982, 51.57226023999997 ], [ 0.187238676868653, 51.572275888611301 ], [ 0.187355956894485, 51.572330303192352 ], [ 0.187391719426586, 51.572346893736707 ], [ 0.187446401580189, 51.572311457580241 ], [ 0.18774841109623, 51.572117236281734 ], [ 0.187762942913637, 51.572121592093396 ], [ 0.187829922273003, 51.572138535427165 ], [ 0.18788437277752, 51.572146098940429 ], [ 0.188084439039089, 51.572161314606447 ], [ 0.188160261502182, 51.57216044848861 ], [ 0.188172525433057, 51.57215919446223 ], [ 0.18829082767675, 51.572147094775566 ], [ 0.188315671427965, 51.572144553821104 ], [ 0.188317911893327, 51.57211817151682 ], [ 0.188318462597321, 51.572111605343608 ], [ 0.18833588015317, 51.572055667623488 ], [ 0.188372265791469, 51.571938817093525 ], [ 0.188088748582822, 51.571772403797056 ], [ 0.187950203135314, 51.571719600725402 ], [ 0.187880173989683, 51.571692920964765 ], [ 0.187876304879064, 51.571691383398132 ], [ 0.187906782003119, 51.571666704583919 ], [ 0.188052204859718, 51.571549186835348 ], [ 0.188148129997688, 51.571471676036666 ], [ 0.188167953631942, 51.571455649351897 ], [ 0.188207893640954, 51.571471190468827 ], [ 0.18831500790299, 51.571512861854586 ], [ 0.18833590418002, 51.571520988314532 ], [ 0.18838868172523, 51.571541514758316 ], [ 0.188486149663309, 51.571579436039634 ], [ 0.188653233621825, 51.571644439973632 ], [ 0.18866397754051, 51.571647899618299 ], [ 0.188785152054873, 51.571686943000628 ], [ 0.188800835515027, 51.571691992134483 ], [ 0.188906194852584, 51.571725943747012 ], [ 0.189048989639584, 51.571771948581222 ], [ 0.189189619657683, 51.571812534895777 ], [ 0.189253861755194, 51.571831075306918 ], [ 0.18931711201648, 51.57184548842578 ], [ 0.189326814770474, 51.571847699431636 ], [ 0.189501290385237, 51.571574652280582 ], [ 0.189505477364517, 51.571567181868566 ], [ 0.189753388911509, 51.571644479417181 ], [ 0.189931031771544, 51.571652862287458 ], [ 0.190005591032882, 51.571635930112635 ], [ 0.190026735320137, 51.571630885888766 ], [ 0.19003585920086, 51.571623449169735 ], [ 0.190064946558399, 51.571541321540415 ], [ 0.190068248133276, 51.571537051164434 ], [ 0.190105568898812, 51.571488736314016 ], [ 0.190107220336926, 51.571485863687819 ], [ 0.19010972862331, 51.571476194342345 ], [ 0.190114876599714, 51.571456286638679 ], [ 0.19011883071901, 51.571447876290868 ], [ 0.19015158616577, 51.571378126447108 ], [ 0.190153970750883, 51.571375195163888 ], [ 0.190167283801166, 51.571358835593038 ], [ 0.190178668580976, 51.571328770735818 ], [ 0.190190899831761, 51.571307615616725 ], [ 0.19020141273628, 51.571289442289356 ], [ 0.190207985716385, 51.571277871454754 ], [ 0.190209908789942, 51.571269238237889 ], [ 0.190213754953594, 51.571261585314907 ], [ 0.190221909603608, 51.571245389521074 ], [ 0.190224492502436, 51.571240278228323 ], [ 0.190228512610705, 51.571234744403121 ], [ 0.190233426458736, 51.571227988825456 ], [ 0.190243998130456, 51.571208636314957 ], [ 0.190249688745783, 51.571198224067295 ], [ 0.190265580411588, 51.571177567139166 ], [ 0.190270190633186, 51.571167044669444 ], [ 0.190272045987881, 51.571161357922087 ], [ 0.190274867788472, 51.571151907543339 ], [ 0.190283428338164, 51.571136351660819 ], [ 0.190311434086721, 51.571085494834293 ], [ 0.190319514563508, 51.571076467836285 ], [ 0.190326000052119, 51.571069084868718 ], [ 0.190350347971704, 51.571026497959387 ], [ 0.190351280368302, 51.571018571206992 ], [ 0.190351704455134, 51.571015082997732 ], [ 0.190352194935706, 51.571010874108921 ], [ 0.190375324794323, 51.57094803973493 ], [ 0.19038377147984, 51.570934320543437 ], [ 0.190395229496719, 51.570915697885411 ], [ 0.190401399971398, 51.570905663367796 ], [ 0.190404584715001, 51.570898211645449 ], [ 0.190407288230409, 51.570891857063188 ], [ 0.190441906379191, 51.570858493985597 ], [ 0.190446029253261, 51.570852697437559 ], [ 0.190452247016839, 51.570843948032469 ], [ 0.19046382223184, 51.570822058722662 ], [ 0.190467671785322, 51.570806968522859 ], [ 0.190473609239318, 51.570783673687622 ], [ 0.190478517918139, 51.570772907321981 ], [ 0.19049004527993, 51.570747619551881 ], [ 0.190491300441402, 51.570745060084185 ], [ 0.190497543777571, 51.570738495496947 ], [ 0.190506507263087, 51.570729227170098 ], [ 0.190511065842547, 51.570723188664218 ], [ 0.190537897481798, 51.570687551879686 ], [ 0.190542914829539, 51.570676945355864 ], [ 0.190561188382049, 51.570638590655847 ], [ 0.190567179730239, 51.570628433574285 ], [ 0.190575656950779, 51.57061385047276 ], [ 0.190578576130949, 51.570608831814901 ], [ 0.190580925382787, 51.570604565724295 ], [ 0.190585761798053, 51.570588391418553 ], [ 0.190600699296205, 51.570559595626627 ], [ 0.190607414086152, 51.570538966178475 ], [ 0.190614154683859, 51.570518273297012 ], [ 0.190616896694898, 51.570509867588846 ], [ 0.190622348526178, 51.570504100170311 ], [ 0.190629723418906, 51.570496309379728 ], [ 0.190678283590651, 51.570418548206469 ], [ 0.19069460906755, 51.570400922755312 ], [ 0.190701043684868, 51.570393985872649 ], [ 0.190702979598353, 51.57039012768891 ], [ 0.190711923007035, 51.570372334364805 ], [ 0.190715252238909, 51.570367591323802 ], [ 0.190717369615627, 51.570361953633984 ], [ 0.190726722285951, 51.570335258593218 ], [ 0.190734750994379, 51.570320953649272 ], [ 0.190749000433376, 51.570295561051935 ], [ 0.19075104762243, 51.570291916620803 ], [ 0.190752199546441, 51.570289161233198 ], [ 0.190756100788406, 51.570279654709026 ], [ 0.190784808965752, 51.570230223540669 ], [ 0.190785568852017, 51.570227718286844 ], [ 0.19078889348528, 51.570221828723177 ], [ 0.190803092709354, 51.570197044085141 ], [ 0.190814591098522, 51.570172210974469 ], [ 0.190819854730505, 51.570163128648581 ], [ 0.190821279968872, 51.570159154100715 ], [ 0.19082232405583, 51.570156256839034 ], [ 0.190859039163204, 51.570096576951855 ], [ 0.190862589547226, 51.570092382845047 ], [ 0.190867833582021, 51.570086196627265 ], [ 0.190871028969424, 51.570082422829437 ], [ 0.190879828714516, 51.57006884989179 ], [ 0.190884179012652, 51.57005937994024 ], [ 0.190887008398149, 51.570050091281061 ], [ 0.190891922137535, 51.570034027932458 ], [ 0.190901149972707, 51.570018252705964 ], [ 0.190915684171639, 51.569993084092559 ], [ 0.190918933095095, 51.569986220200164 ], [ 0.190920810872771, 51.56998235410633 ], [ 0.190926301154423, 51.569971082244741 ], [ 0.190927626933113, 51.569968341593878 ], [ 0.190936926114371, 51.569949246617441 ], [ 0.190938441635667, 51.569944748788139 ], [ 0.190949983441728, 51.569935387300191 ], [ 0.191090745842687, 51.569821154570143 ], [ 0.191090746656749, 51.569816667051342 ], [ 0.191090739359291, 51.56978888783167 ], [ 0.191105167804435, 51.569744705488837 ], [ 0.191115305960907, 51.56971364313781 ], [ 0.191125243218502, 51.569683205055881 ], [ 0.191129140635818, 51.569652601030171 ], [ 0.191130610490578, 51.569639646141724 ], [ 0.191130022574056, 51.569624859155041 ], [ 0.191151410342486, 51.569587066709339 ], [ 0.191160297694648, 51.56957547057479 ], [ 0.191166163284973, 51.569567806874808 ], [ 0.191175557619475, 51.56955700164373 ], [ 0.191209457440153, 51.569518031162168 ], [ 0.191213173659337, 51.569512484998498 ], [ 0.191228430721625, 51.569489753435946 ], [ 0.191221891882598, 51.569486710069427 ], [ 0.190788180503315, 51.569284349355748 ], [ 0.19076294194913, 51.569294856978843 ], [ 0.190755770125649, 51.569297859708549 ], [ 0.190726909383946, 51.569309864869986 ], [ 0.190721518390959, 51.569311699417575 ], [ 0.190661286216643, 51.569300361981725 ], [ 0.190654549746231, 51.569299210802747 ], [ 0.190281420618507, 51.569223030399307 ], [ 0.190273317904733, 51.569221374125995 ], [ 0.190195629020036, 51.56920551342624 ], [ 0.190127304098032, 51.56933383340882 ], [ 0.19009056079953, 51.56940284833761 ], [ 0.190077033414429, 51.569428254355572 ], [ 0.190045809582476, 51.569486905194154 ], [ 0.190029740590354, 51.569517079991023 ], [ 0.189954394986674, 51.569552120715855 ], [ 0.189935113916117, 51.569561087038785 ], [ 0.189839374303251, 51.569591238597532 ], [ 0.18981397171954, 51.569599240039281 ], [ 0.189769092350221, 51.569617542390255 ], [ 0.189760830405569, 51.569619783023839 ], [ 0.189606276637092, 51.569661734162466 ], [ 0.189577665588342, 51.569668131750262 ], [ 0.189564782957622, 51.569672113347181 ], [ 0.189551943145247, 51.56967608515037 ], [ 0.189434264157709, 51.569712446458489 ], [ 0.189414677351234, 51.569719556855389 ], [ 0.189390241196704, 51.569727252390642 ], [ 0.189383438909232, 51.569729389309295 ], [ 0.189362137554036, 51.569736104536851 ], [ 0.189347116348394, 51.569740778024901 ], [ 0.189262265496897, 51.569770667405869 ], [ 0.189125867642478, 51.569742960968128 ], [ 0.18911404919052, 51.569740555608767 ], [ 0.189055041876921, 51.569723985742769 ], [ 0.188983833069311, 51.569706348586834 ], [ 0.18897843498815, 51.569704821604809 ], [ 0.188948299564067, 51.569696301124296 ], [ 0.188917100771253, 51.569686370595001 ], [ 0.188857267237714, 51.56966731599254 ], [ 0.188765584758718, 51.569634403986299 ], [ 0.18872812774511, 51.569619455194058 ], [ 0.188683718151304, 51.569596146742143 ], [ 0.188564641748929, 51.569533655198846 ], [ 0.188477481228342, 51.569487915489397 ], [ 0.188427867583034, 51.569459299247008 ], [ 0.188292694267179, 51.569381307062692 ], [ 0.188222029467975, 51.569331689146658 ], [ 0.188186995818836, 51.569307090429682 ], [ 0.188072051515517, 51.569215806597285 ], [ 0.188045663317714, 51.569194850583244 ], [ 0.187995752346403, 51.569155214267909 ], [ 0.187984730875451, 51.569152272327997 ], [ 0.187970655368994, 51.569137408677925 ], [ 0.187938165655748, 51.569105073402454 ], [ 0.187932159106905, 51.569098080980623 ], [ 0.187925656339842, 51.569090971913354 ], [ 0.18791487178089, 51.569077629632069 ], [ 0.187874943068498, 51.569032204398852 ], [ 0.187827332278024, 51.568995088102746 ], [ 0.187759679355045, 51.56894235607831 ], [ 0.187723109739093, 51.568910996142066 ], [ 0.187649999680946, 51.568853392709002 ], [ 0.187643319579826, 51.56884769883419 ], [ 0.18764029543685, 51.56884512029086 ], [ 0.187633269950435, 51.568839145081483 ], [ 0.187630413257379, 51.568837049036951 ], [ 0.187572625550347, 51.568620280285494 ], [ 0.187569194372366, 51.568607412337947 ], [ 0.187546882501625, 51.568555911857281 ], [ 0.187507672217829, 51.568481830349342 ], [ 0.187504070245686, 51.56847502687215 ], [ 0.18748784303733, 51.568450796600835 ], [ 0.187425780433262, 51.568358157035803 ], [ 0.187404838177739, 51.568333547052191 ], [ 0.187399845455764, 51.568330087929205 ], [ 0.187235233980789, 51.568215862031643 ], [ 0.187196653870867, 51.568163324893419 ], [ 0.187168448528909, 51.568124920135368 ], [ 0.187166706496455, 51.568119287024821 ], [ 0.187165246943752, 51.568068701582845 ], [ 0.18718658254708, 51.568013824058035 ], [ 0.187250974337652, 51.567933934409183 ], [ 0.187248342937829, 51.567930817942113 ], [ 0.187236612042368, 51.567916989626774 ], [ 0.187187147088804, 51.567858630148613 ], [ 0.187246782123612, 51.567721993385362 ], [ 0.187283502170341, 51.567671082638753 ], [ 0.187326278584558, 51.567627909832645 ], [ 0.187585921189364, 51.567654893650221 ], [ 0.187656418844283, 51.567656582404915 ], [ 0.187664956810095, 51.567656791866703 ], [ 0.187708252094892, 51.567654518445849 ], [ 0.187771467375836, 51.567651189972288 ], [ 0.187771444968519, 51.567555082110083 ], [ 0.187771450133983, 51.567549776138769 ], [ 0.187921965622688, 51.567280020016113 ], [ 0.187910730132936, 51.567277720555815 ], [ 0.1878778540392, 51.56727098653873 ], [ 0.18783697701648, 51.567262603156237 ], [ 0.187773118868928, 51.567249513419441 ], [ 0.187744964566476, 51.567245254296402 ], [ 0.187665617715407, 51.567233244790188 ], [ 0.187653379360452, 51.567231395674646 ], [ 0.187649367617553, 51.567230787032635 ], [ 0.187582957194318, 51.567220739467253 ], [ 0.187559178098415, 51.567217145115215 ], [ 0.187525282294836, 51.567212012785845 ], [ 0.187518828739189, 51.567211036002675 ], [ 0.18747526746095, 51.567204447199046 ], [ 0.187400906151329, 51.567193189871432 ], [ 0.187305222479408, 51.567178714947147 ], [ 0.187294494683588, 51.567177071441172 ], [ 0.187277068266934, 51.567174455700162 ], [ 0.187258041805772, 51.567171573024858 ], [ 0.187222332801212, 51.567166240585912 ], [ 0.187208525858007, 51.567164177857187 ], [ 0.187182204963025, 51.567160235123026 ], [ 0.187174109852215, 51.567159028131186 ], [ 0.187160956830758, 51.567157061118998 ], [ 0.186675792330348, 51.56708449551688 ], [ 0.186676084146072, 51.567077340610112 ], [ 0.186676901626895, 51.567058278111958 ], [ 0.186677358290459, 51.567047639825574 ], [ 0.186681145255565, 51.56695930254088 ], [ 0.186685288751007, 51.566863053726266 ], [ 0.186687704854378, 51.566806613329817 ], [ 0.186686924733082, 51.566790494360916 ], [ 0.186684521008616, 51.566740214124685 ], [ 0.186684056142293, 51.566730519301558 ], [ 0.186682162006802, 51.566701097913125 ], [ 0.186661574311621, 51.566680847209128 ], [ 0.186628726520838, 51.566648509099579 ], [ 0.186598190784868, 51.566624365501646 ], [ 0.186591081678896, 51.566618742489503 ], [ 0.186563109844339, 51.566596610489853 ], [ 0.186481444029046, 51.566567502621353 ], [ 0.186325102524006, 51.566560578618429 ], [ 0.186115483325748, 51.566558370563598 ], [ 0.185955163804931, 51.566556655237903 ], [ 0.185939701884347, 51.56655708729425 ], [ 0.185850692176528, 51.566559591496741 ], [ 0.185837717801916, 51.566606803950812 ], [ 0.18580538395281, 51.566724558889526 ], [ 0.185794148964277, 51.566754175512486 ], [ 0.185788012626698, 51.566770351442095 ], [ 0.185781274936398, 51.566788130346545 ], [ 0.185765108847934, 51.566830770856598 ], [ 0.185763380100671, 51.566835344559301 ], [ 0.185753427370225, 51.566861609857206 ], [ 0.185744792868285, 51.566884370281109 ], [ 0.185738144434255, 51.566901904707727 ], [ 0.185712511740363, 51.566969515442636 ], [ 0.185692321112149, 51.567017303017501 ], [ 0.185689781413311, 51.567023321725088 ], [ 0.185681642494987, 51.567042574616003 ], [ 0.185666032376722, 51.567079507660537 ], [ 0.185618465000444, 51.567192092104293 ], [ 0.185614277414177, 51.567201963533421 ], [ 0.185611660253906, 51.567208172519514 ], [ 0.185607177687849, 51.567218813851653 ], [ 0.185604792893982, 51.567224451947524 ], [ 0.185579291062026, 51.567266798644532 ], [ 0.185563384990295, 51.567293192776539 ], [ 0.185487962482408, 51.567418450017563 ], [ 0.185486345099477, 51.567421133095159 ], [ 0.185465588060387, 51.567455603405108 ], [ 0.185452182712413, 51.567477877090063 ], [ 0.18544150304939, 51.567495603476935 ], [ 0.185419342858284, 51.567532411130202 ], [ 0.18539192460712, 51.567569100919798 ], [ 0.185310676583903, 51.567677901466936 ], [ 0.185302974436402, 51.567688207083819 ], [ 0.185261712291116, 51.567743446583087 ], [ 0.185225998038197, 51.567785884563278 ], [ 0.185219581248354, 51.567793504293917 ], [ 0.185138843818674, 51.567889489163285 ], [ 0.18505042129247, 51.567993584969884 ], [ 0.185035417048905, 51.568011256995497 ], [ 0.184989440385712, 51.568065388167632 ], [ 0.184947180220093, 51.568100717631211 ], [ 0.184936677784417, 51.568109501615275 ], [ 0.184812090780748, 51.568213695411053 ], [ 0.184743179341451, 51.568271329336064 ], [ 0.184637225499166, 51.568356353479047 ], [ 0.184577307255929, 51.568395995635704 ], [ 0.184469387023666, 51.568467395866605 ], [ 0.184438050645838, 51.568489796577055 ], [ 0.184236451982699, 51.568633815321888 ], [ 0.184220672221924, 51.568645098663843 ], [ 0.184200803393425, 51.568659281963249 ], [ 0.183873922224506, 51.568896399758522 ], [ 0.183841345818247, 51.568920037466725 ], [ 0.183817749797752, 51.568937149886587 ], [ 0.183730660026511, 51.569000328692027 ], [ 0.183668071873547, 51.569045721698124 ], [ 0.183340543997926, 51.569283308781415 ], [ 0.18321790903096, 51.569377176635925 ], [ 0.182990260658425, 51.569551427200111 ], [ 0.182845505204547, 51.569662226603448 ], [ 0.182704424431571, 51.569765097547609 ], [ 0.182290353741244, 51.5700670278136 ], [ 0.182204976132572, 51.570129283386663 ], [ 0.182186110346135, 51.570143043015925 ], [ 0.181893729352145, 51.570356401618582 ], [ 0.181737868531011, 51.570470149217542 ], [ 0.181662655388579, 51.570534084997668 ], [ 0.181512602414533, 51.570661651965828 ], [ 0.181428457885244, 51.570733181435237 ], [ 0.181340934358678, 51.570826689624838 ], [ 0.181231965638319, 51.570943114755529 ], [ 0.181224474713486, 51.570952741588599 ], [ 0.181083425563484, 51.571134332554287 ], [ 0.18102466039416, 51.571210012531701 ], [ 0.180864773403315, 51.571351403643135 ], [ 0.180851786250067, 51.571362886195836 ], [ 0.180627640529161, 51.571561092543163 ], [ 0.180567758414866, 51.571614049648559 ], [ 0.180487368095017, 51.571697757073849 ], [ 0.180479463386439, 51.571705979630835 ], [ 0.180472603769335, 51.571713121599032 ], [ 0.180446952445741, 51.571739830689481 ], [ 0.180384102404563, 51.571805271159931 ], [ 0.180371002292045, 51.571818923064932 ], [ 0.180363394169378, 51.571826105906979 ], [ 0.180340457017639, 51.571847710482487 ], [ 0.180325211914262, 51.571862076697293 ], [ 0.18028146601551, 51.571903321789542 ], [ 0.180278234742238, 51.571906367484523 ], [ 0.18024510781711, 51.571937603956293 ], [ 0.180206595233887, 51.571973913577501 ], [ 0.180191378026196, 51.571988261267627 ], [ 0.180177611164177, 51.572001251053635 ], [ 0.180170899798287, 51.572007571883063 ], [ 0.180125896106984, 51.572049982379035 ], [ 0.18007742112471, 51.572094948384589 ], [ 0.180060673220064, 51.572110484579909 ], [ 0.180047518601524, 51.572122698571881 ], [ 0.180041037708426, 51.572128709350061 ], [ 0.180037292250625, 51.572132169271484 ], [ 0.179950802232047, 51.57221239322611 ], [ 0.179887858680933, 51.572270774701622 ], [ 0.179872437270244, 51.57228508116966 ], [ 0.179830041364703, 51.572324394476283 ], [ 0.179808678094424, 51.57234421606671 ], [ 0.179747613547733, 51.572400854790281 ], [ 0.179729924932583, 51.572419358104511 ], [ 0.179719204188476, 51.572430564609235 ], [ 0.179706175371958, 51.572444206108834 ], [ 0.179700155117281, 51.572450496088202 ], [ 0.17965619452769, 51.572496479710836 ], [ 0.179649849139188, 51.572503364766035 ], [ 0.179589768368607, 51.572568816261793 ], [ 0.179587977966105, 51.572570759618429 ], [ 0.179582881128241, 51.572576291421967 ], [ 0.179563965948467, 51.572596912850081 ], [ 0.179517621107628, 51.572661704590118 ], [ 0.179510816934355, 51.572671219615927 ], [ 0.179495789112011, 51.572692254481332 ], [ 0.179488660357344, 51.572702225181978 ], [ 0.179457438527454, 51.57274586335096 ], [ 0.179425307676987, 51.5727955437007 ], [ 0.17937975342905, 51.572866013267443 ], [ 0.17937801968538, 51.57286868939768 ], [ 0.179354219697612, 51.572905471971801 ], [ 0.179342877910453, 51.572923012047703 ], [ 0.179336495003159, 51.572932887953336 ], [ 0.179308850273038, 51.572979661176241 ], [ 0.17930567835593, 51.572985007947047 ], [ 0.179302660657808, 51.572990109043687 ], [ 0.179247210439514, 51.573083919240553 ], [ 0.179148083678696, 51.573257912412629 ], [ 0.179015478083376, 51.573481799544048 ], [ 0.179001587562952, 51.573504778188791 ], [ 0.178947095339927, 51.57359492374961 ], [ 0.178925775968138, 51.573630176321601 ], [ 0.178897714443469, 51.57367661001944 ], [ 0.178919210857118, 51.573682138339784 ], [ 0.178943767762655, 51.573688591889535 ], [ 0.178947769520883, 51.573689644439987 ], [ 0.179147709988906, 51.57374220168996 ], [ 0.179663508645121, 51.57387778257263 ], [ 0.179921416504317, 51.573945576539593 ], [ 0.179957652753442, 51.573954580170629 ], [ 0.179979034785519, 51.573931817518627 ], [ 0.180456129256456, 51.573424070048404 ], [ 0.180632098021603, 51.573246705822442 ], [ 0.180650907732548, 51.573229314668446 ], [ 0.180411147965389, 51.573110923379964 ], [ 0.180435433119317, 51.573094860454731 ], [ 0.180453660962898, 51.573082804004443 ], [ 0.180537050079354, 51.573027647787917 ], [ 0.180678579130815, 51.57295730150198 ], [ 0.180706208258022, 51.572943568540857 ], [ 0.180733528841983, 51.572925497676863 ], [ 0.180840698199076, 51.572854602354532 ], [ 0.18086008735852, 51.572841786832491 ], [ 0.180874076334296, 51.572832533939263 ], [ 0.181420992979802, 51.572470767796908 ], [ 0.181439157374291, 51.572458752822342 ], [ 0.181480282828708, 51.572431549122093 ], [ 0.18154737315368, 51.572387180837829 ], [ 0.181574474939357, 51.572427883227725 ], [ 0.181581638447789, 51.5724361405954 ], [ 0.181999433047328, 51.57233564336557 ], [ 0.182048582290191, 51.572323820355983 ], [ 0.182599231264236, 51.572217752918036 ], [ 0.182916170171172, 51.572149721199445 ], [ 0.183219804558304, 51.572075398395206 ], [ 0.183228719529103, 51.572073217996426 ], [ 0.183249921612723, 51.572067553383199 ], [ 0.183287828806066, 51.572007520735816 ], [ 0.18329452046594, 51.571996883319883 ], [ 0.183298928331323, 51.571996414559962 ], [ 0.183348722161194, 51.57199113492851 ], [ 0.183552807272963, 51.571969484120444 ], [ 0.183716894987375, 51.571908176599301 ], [ 0.183663216560125, 51.571876338089908 ], [ 0.183612093423718, 51.571846327020779 ], [ 0.183693824279907, 51.571865785926072 ], [ 0.18377981779196, 51.571886262547089 ], [ 0.183787262258557, 51.571888030444505 ], [ 0.183896020955149, 51.571924630219826 ], [ 0.18390859031625, 51.571928847698153 ], [ 0.183945152969217, 51.571941146446491 ], [ 0.183958063166303, 51.571945489769575 ], [ 0.184063668796694, 51.571981001491821 ], [ 0.18405897180772, 51.57198871953937 ], [ 0.184038395698239, 51.572009256080939 ], [ 0.184017090332037, 51.572053430854112 ], [ 0.184004870044245, 51.572078793911551 ], [ 0.183920253226464, 51.572254267645512 ], [ 0.183907556607898, 51.572290476149227 ], [ 0.183909708600601, 51.572335401156771 ], [ 0.183929722077852, 51.572451937673179 ], [ 0.183953204783189, 51.57250382173568 ], [ 0.18402440974494, 51.572621041629212 ], [ 0.184042040895168, 51.572656208711706 ], [ 0.184071538626709, 51.57270110106758 ], [ 0.184086817851587, 51.572718802542411 ], [ 0.184092368987379, 51.572733762459684 ], [ 0.184101018393888, 51.572757064150863 ], [ 0.184110016652861, 51.57278132159675 ], [ 0.184119823051111, 51.572807747494863 ], [ 0.184124930202438, 51.572821512413391 ], [ 0.18413538541294, 51.572849672669669 ], [ 0.184136529648539, 51.572852771935295 ], [ 0.184137836499168, 51.572880050389273 ], [ 0.18413911235926, 51.572906681923207 ], [ 0.184129859360767, 51.573014770430511 ], [ 0.18410747919794, 51.573150082462519 ], [ 0.184104787918277, 51.573163671568679 ], [ 0.184102947176995, 51.573172964159333 ], [ 0.1840911305479, 51.573232664031202 ], [ 0.1840848080768, 51.573264563094234 ], [ 0.184084341102889, 51.573267467541825 ], [ 0.184127358053822, 51.573284906019133 ], [ 0.18425117562321, 51.573335099348839 ], [ 0.18446726923127, 51.573422695131427 ], [ 0.184356763839645, 51.573447011204401 ], [ 0.184405570187572, 51.573545483896375 ], [ 0.18441184820743, 51.573572597799775 ], [ 0.184423355291134, 51.573622311766016 ], [ 0.184427735586497, 51.573641233309459 ], [ 0.184428773569843, 51.573645728467284 ], [ 0.184420751570442, 51.573773381726681 ], [ 0.184420642849426, 51.573775118503967 ], [ 0.184420337103642, 51.573779881502773 ], [ 0.18456113167046, 51.573849157962883 ], [ 0.184567841799985, 51.573852459302124 ], [ 0.184623939409455, 51.573838529096534 ], [ 0.184715794236313, 51.573815718511497 ], [ 0.184729585543221, 51.573812296044423 ], [ 0.184741936564336, 51.573823990681099 ], [ 0.184772482084043, 51.573853224459278 ], [ 0.184836218548604, 51.573976976927163 ], [ 0.185182692281964, 51.573975463036746 ], [ 0.185211271225355, 51.573980070008908 ], [ 0.185282278962933, 51.573992200380268 ], [ 0.185392058636854, 51.573930450056636 ], [ 0.185399520724239, 51.573926255150496 ], [ 0.185453409704499, 51.573906716301941 ], [ 0.1854932716744, 51.57389531671631 ], [ 0.185546389015817, 51.573880153815807 ], [ 0.185550680849672, 51.573874552123087 ], [ 0.185564426159926, 51.573856624693533 ], [ 0.185573526283755, 51.573844755191985 ], [ 0.185580289827804, 51.573835923908298 ] ] ] } },
{ "type": "Feature", "properties": { "lsoa21cd": "E01002324", "lsoa21nm": "Havering 021E", "msoa21cd": "E02000484", "msoa21nm": "Havering 021", "lad22cd": "E09000016", "lad22nm": "Havering", "index_right": 126, "GSS_CODE": "E05000315", "risk_score": 7.1675775583722547, "allocation_hours": 119.57943715856565, "patrol_units": 60 }, "geometry": { "type": "Polygon", "coordinates": [ [ [ 0.198441362772506, 51.562038272180871 ], [ 0.198445436912036, 51.562037188574521 ], [ 0.198514236055644, 51.562043623597731 ], [ 0.198581976872559, 51.562049952522599 ], [ 0.198682767027809, 51.56206815298254 ], [ 0.198719142774887, 51.56207450341013 ], [ 0.198772366823302, 51.562083775366901 ], [ 0.198802602364489, 51.56208905383378 ], [ 0.198811589144214, 51.562094703788482 ], [ 0.198906226499874, 51.56211096902851 ], [ 0.198913369588799, 51.562112193015281 ], [ 0.198926070256754, 51.562114373952184 ], [ 0.19902897112568, 51.562132057897905 ], [ 0.199043300711651, 51.562130916828686 ], [ 0.199051153074924, 51.562129195781743 ], [ 0.199173385884325, 51.561678205760757 ], [ 0.199257741500753, 51.561667064002144 ], [ 0.199274416019378, 51.561670573277446 ], [ 0.199300855820983, 51.56167612965276 ], [ 0.199327470338121, 51.561681718716919 ], [ 0.19933339820274, 51.561682875542594 ], [ 0.199349550974732, 51.56168364273087 ], [ 0.19936445628517, 51.561684271441763 ], [ 0.199506275124385, 51.561695820169646 ], [ 0.199520080750364, 51.561698178162047 ], [ 0.199600673440962, 51.561711927465346 ], [ 0.199685077928287, 51.56172633363721 ], [ 0.19972970569811, 51.561735964275023 ], [ 0.199782939815026, 51.561750235702263 ], [ 0.199789868149249, 51.561752093176004 ], [ 0.199798404201192, 51.561754379130505 ], [ 0.199813168858626, 51.561755082366957 ], [ 0.199824369670625, 51.561757875892262 ], [ 0.199828154616277, 51.561760071121192 ], [ 0.199908411091672, 51.561806633033797 ], [ 0.19992272565366, 51.561812362802755 ], [ 0.200093294832863, 51.561880647896032 ], [ 0.200120084939077, 51.561891368493932 ], [ 0.200203900600394, 51.561915093104354 ], [ 0.200217562480593, 51.561918955544051 ], [ 0.200245096891041, 51.561922971344359 ], [ 0.200253045043948, 51.561924135177378 ], [ 0.200421728485581, 51.561939162574674 ], [ 0.200590518391473, 51.561931601779051 ], [ 0.200609369623284, 51.561928338740174 ], [ 0.200617911519912, 51.561926856452288 ], [ 0.200655610537933, 51.561931922420442 ], [ 0.200673170082667, 51.561935828562596 ], [ 0.200683277421899, 51.561938084960964 ], [ 0.200813858595784, 51.561967136573045 ], [ 0.200832273684974, 51.561968589526437 ], [ 0.200848557936059, 51.561969686780451 ], [ 0.200886018247329, 51.561975485588341 ], [ 0.200903826563473, 51.561980061501934 ], [ 0.201036476416957, 51.562014155084441 ], [ 0.2010559213305, 51.562019158896433 ], [ 0.201061896319708, 51.562020692455633 ], [ 0.201240409403533, 51.561984161570329 ], [ 0.201252682985604, 51.561983171242851 ], [ 0.201321448650776, 51.561985018808087 ], [ 0.201349707695188, 51.56198581023822 ], [ 0.201561746929833, 51.562029465119309 ], [ 0.201631786022272, 51.562082953435954 ], [ 0.201783070889219, 51.56216652652526 ], [ 0.201928974952292, 51.562247115858824 ], [ 0.202072269898516, 51.562184886564445 ], [ 0.202097301105601, 51.562184861615151 ], [ 0.202169618350739, 51.562186749893968 ], [ 0.202383667093143, 51.562192352080856 ], [ 0.202407878845164, 51.562192985457337 ], [ 0.202443684321974, 51.562186017795725 ], [ 0.202456948922581, 51.562183439446841 ], [ 0.202629379990225, 51.562195457037646 ], [ 0.20279750493127, 51.562160728679878 ], [ 0.202855842210366, 51.562148589283318 ], [ 0.202839981160792, 51.562069020364277 ], [ 0.202800370693297, 51.561870218664517 ], [ 0.202799324490016, 51.561864986402369 ], [ 0.202795718633637, 51.561851564631965 ], [ 0.20277356181777, 51.561768894477652 ], [ 0.202767703913391, 51.561747079572065 ], [ 0.202746534920106, 51.561668131944373 ], [ 0.202720455234754, 51.561593854005046 ], [ 0.202714868453747, 51.561577951402271 ], [ 0.202698424532007, 51.561531118962641 ], [ 0.202746329634127, 51.561563493150878 ], [ 0.202728881459511, 51.561497956137124 ], [ 0.202712965083352, 51.561438145869303 ], [ 0.202706022746962, 51.561412097637543 ], [ 0.20261625081958, 51.561346300500489 ], [ 0.202617238841899, 51.561353017704448 ], [ 0.202610055226309, 51.56135424080297 ], [ 0.202590764958626, 51.561357516903897 ], [ 0.202131034115141, 51.561435640957015 ], [ 0.202119614475479, 51.561426223913848 ], [ 0.202090614091759, 51.561402298580319 ], [ 0.202077620057671, 51.561398522739353 ], [ 0.202018514742451, 51.561381287008018 ], [ 0.20201324892706, 51.56137920059809 ], [ 0.201948954168734, 51.561353240144825 ], [ 0.201940656872397, 51.561344393958692 ], [ 0.201928653084208, 51.561338117433827 ], [ 0.201857428326994, 51.561300847958698 ], [ 0.201848733645712, 51.561301254043279 ], [ 0.201692230540443, 51.561308289146822 ], [ 0.201684784030155, 51.561306158235517 ], [ 0.2015758408941, 51.561274916187955 ], [ 0.201569740508879, 51.561271231182218 ], [ 0.201498440402682, 51.561225815230884 ], [ 0.201489905112785, 51.561212782736575 ], [ 0.201436884374687, 51.561131779928225 ], [ 0.201420454744998, 51.561130055971645 ], [ 0.201398572742623, 51.56112775990313 ], [ 0.201376546776788, 51.561121284782764 ], [ 0.201242504320441, 51.561080706760514 ], [ 0.201236373065708, 51.561080417178502 ], [ 0.201230638729475, 51.561076244156368 ], [ 0.201114797979024, 51.560990390692304 ], [ 0.201287950966116, 51.560775300705281 ], [ 0.201277201919535, 51.560762880809655 ], [ 0.201274684801865, 51.560760050300644 ], [ 0.201249852343373, 51.560753115240068 ], [ 0.201215908361705, 51.560743626341939 ], [ 0.201203768178541, 51.560739600553532 ], [ 0.20119870546441, 51.560736637970663 ], [ 0.201176980037788, 51.56073070574211 ], [ 0.201113229829816, 51.560709572832735 ], [ 0.201083100478421, 51.560683159380147 ], [ 0.201068252581433, 51.560674445088097 ], [ 0.201038424027989, 51.560692986546954 ], [ 0.201030915498522, 51.560695398228525 ], [ 0.20099650959198, 51.560710720667693 ], [ 0.200990044365052, 51.56070889054299 ], [ 0.200593535560003, 51.560596743651885 ], [ 0.200592861182621, 51.560589642834067 ], [ 0.200582017221031, 51.560474313093401 ], [ 0.200921385675726, 51.560480763043564 ], [ 0.200934701908122, 51.560466704319097 ], [ 0.20094036602785, 51.56041604827 ], [ 0.200956114493585, 51.56035790959659 ], [ 0.200964859530401, 51.560325658372506 ], [ 0.201011092092543, 51.560269897187439 ], [ 0.20100947205779, 51.560249477483687 ], [ 0.201043223445514, 51.560232557579887 ], [ 0.201065579455888, 51.560221364293795 ], [ 0.201074368734082, 51.560199301316139 ], [ 0.201077085754077, 51.560196408520802 ], [ 0.201114058235112, 51.560164319868541 ], [ 0.201128769262622, 51.560157343917233 ], [ 0.20120036368127, 51.560123391249938 ], [ 0.201210618911384, 51.560116611348533 ], [ 0.201214917522514, 51.560113756306805 ], [ 0.201259668350976, 51.560101895260431 ], [ 0.201337428077358, 51.560063712464533 ], [ 0.201349996751259, 51.560057487154289 ], [ 0.201346049941841, 51.560052534156966 ], [ 0.201167850188328, 51.559827798710778 ], [ 0.201177555396688, 51.559819936486583 ], [ 0.20124976871338, 51.559761448225373 ], [ 0.201252684245134, 51.559759082287279 ], [ 0.201352663273973, 51.559729165113431 ], [ 0.201358294932707, 51.559727476614519 ], [ 0.201366458096669, 51.559732206565769 ], [ 0.201375916013414, 51.559734169339407 ], [ 0.201615806674006, 51.55978401913066 ], [ 0.20173229112541, 51.559808226433518 ], [ 0.201742302879296, 51.559810304679928 ], [ 0.20173580885059, 51.55985809408552 ], [ 0.201612117047819, 51.560032511404152 ], [ 0.201629682637226, 51.560043431847099 ], [ 0.201701824544504, 51.560051025310898 ], [ 0.201776419790893, 51.560070290557768 ], [ 0.201979138748138, 51.560122636173887 ], [ 0.201994011019401, 51.560126475680974 ], [ 0.202023273090575, 51.560134919163076 ], [ 0.202033203248357, 51.56012424682492 ], [ 0.202072470101359, 51.560124759422976 ], [ 0.202082729445081, 51.560070995377885 ], [ 0.202136562966774, 51.560013130538209 ], [ 0.202173539329744, 51.559973370447466 ], [ 0.202270163715231, 51.559869485022418 ], [ 0.202298017112669, 51.559855625246151 ], [ 0.202309935993227, 51.559849690822411 ], [ 0.202453589780977, 51.559961203860034 ], [ 0.202456452628576, 51.559963425318031 ], [ 0.20256536279107, 51.559995382141523 ], [ 0.202576075316911, 51.559998526313699 ], [ 0.202631533080578, 51.560000011595186 ], [ 0.202644953311208, 51.56000037102168 ], [ 0.202692824845731, 51.560052701376947 ], [ 0.202696403929919, 51.560056609053134 ], [ 0.202936784257214, 51.560153876045483 ], [ 0.202940315686666, 51.560155302538334 ], [ 0.202982968043864, 51.560205005942422 ], [ 0.202985934054085, 51.560208466484184 ], [ 0.202740653333118, 51.560394850271472 ], [ 0.202736464322167, 51.560398031554314 ], [ 0.202744678841657, 51.56040815175151 ], [ 0.202988265738128, 51.560582828657772 ], [ 0.202994375079565, 51.56058520493864 ], [ 0.202997933203882, 51.560586585962731 ], [ 0.203009104019599, 51.560633571397666 ], [ 0.202999775217461, 51.560638171229783 ], [ 0.203005894389098, 51.560643290193198 ], [ 0.203012794783459, 51.560649050968138 ], [ 0.203105014884661, 51.560726124015723 ], [ 0.203153479664194, 51.560768604666215 ], [ 0.203235691307647, 51.560840676692507 ], [ 0.203245830066204, 51.560849560128489 ], [ 0.203271418154376, 51.560856300703769 ], [ 0.203278271811686, 51.560858105416635 ], [ 0.203412675172739, 51.560753203412816 ], [ 0.203420933940885, 51.560746762103172 ], [ 0.203561819533849, 51.560704981452155 ], [ 0.203681407587054, 51.560697495549398 ], [ 0.203690182107391, 51.560696952934499 ], [ 0.20371194519615, 51.560707839133819 ], [ 0.203726611876744, 51.560715180561488 ], [ 0.203725964931236, 51.560732549225932 ], [ 0.203723714265372, 51.560792278119884 ], [ 0.203723428057769, 51.560799792660603 ], [ 0.203819863886441, 51.560937515677736 ], [ 0.203826185996756, 51.56094653374781 ], [ 0.203831315723101, 51.560953865557309 ], [ 0.204019564491858, 51.560990265155255 ], [ 0.204027895504823, 51.56099188917289 ], [ 0.204027277679809, 51.561008663751387 ], [ 0.204027035553334, 51.561014999379616 ], [ 0.204026749741503, 51.561022819675166 ], [ 0.204024492358031, 51.561031639282078 ], [ 0.20405599506557, 51.56114077979263 ], [ 0.204058508469853, 51.561143529372565 ], [ 0.204133586676243, 51.561225878945187 ], [ 0.204143093625392, 51.561236311981361 ], [ 0.204288453587595, 51.561294569977548 ], [ 0.204461089139766, 51.561263410134309 ], [ 0.204468526504133, 51.561262065243206 ], [ 0.204510373658626, 51.561267137418255 ], [ 0.204548130458747, 51.561268176679498 ], [ 0.204555889462426, 51.561267814966222 ], [ 0.20456844984546, 51.561267241572949 ], [ 0.204614103149636, 51.561262107031439 ], [ 0.204629871314519, 51.561260290738431 ], [ 0.204753082295787, 51.561223557805214 ], [ 0.204758018820202, 51.561222709570039 ], [ 0.20515665404, 51.561154078797358 ], [ 0.205162334454993, 51.561153099646091 ], [ 0.205174118456078, 51.561148255622776 ], [ 0.20518037107508, 51.561145682940499 ], [ 0.205209327651895, 51.561131963602676 ], [ 0.205305305428305, 51.5610810477013 ], [ 0.205330752185158, 51.561067547227545 ], [ 0.207110495714982, 51.560361527449444 ], [ 0.207344187514208, 51.560052598380395 ], [ 0.207352242420852, 51.56004255444364 ], [ 0.207363372307368, 51.560028675558357 ], [ 0.207367059403937, 51.560024073674818 ], [ 0.207807126130014, 51.559517027619371 ], [ 0.208088646280226, 51.559226972164055 ], [ 0.208038153226172, 51.559195107537867 ], [ 0.20798791788949, 51.559163498833186 ], [ 0.207962138472045, 51.559141771552028 ], [ 0.207955054290158, 51.559135798699792 ], [ 0.207883566255434, 51.559075533747368 ], [ 0.207838970445606, 51.559029582863836 ], [ 0.207779506000347, 51.558922633598911 ], [ 0.20777124187947, 51.558907779878759 ], [ 0.207762123327454, 51.558891368470078 ], [ 0.207715505951169, 51.558807514073365 ], [ 0.207687624980696, 51.558770376270758 ], [ 0.207684386787145, 51.558766066633865 ], [ 0.207668286224238, 51.55874459768291 ], [ 0.207637876504682, 51.558710951802055 ], [ 0.207630727346175, 51.558703037653693 ], [ 0.207613974954232, 51.558684494703392 ], [ 0.207512967682092, 51.558608957488204 ], [ 0.207487700525478, 51.55859005322467 ], [ 0.207479962163535, 51.558584272510345 ], [ 0.207460233720515, 51.5585695176648 ], [ 0.207426868420997, 51.558544551667957 ], [ 0.207416592341103, 51.558539097506497 ], [ 0.207345518012601, 51.558501360838036 ], [ 0.207259681326757, 51.558455790313687 ], [ 0.207241898059572, 51.558446349657892 ], [ 0.207197669203369, 51.55842286509543 ], [ 0.207097410168046, 51.558369625094329 ], [ 0.206601374606535, 51.558085626527202 ], [ 0.206194452257245, 51.557876686596174 ], [ 0.205880365414172, 51.557702600400411 ], [ 0.205846929829347, 51.557688381915881 ], [ 0.205839682930093, 51.557685298742399 ], [ 0.205675995152563, 51.557615669325095 ], [ 0.205593871951411, 51.557602078812103 ], [ 0.20547668421048, 51.557582645810086 ], [ 0.205272485768416, 51.55751267162151 ], [ 0.205145252984424, 51.557454640302112 ], [ 0.205011598089678, 51.557375658958584 ], [ 0.204943510697848, 51.557328601809836 ], [ 0.20482544874594, 51.557225684380548 ], [ 0.204820087504394, 51.55722101888658 ], [ 0.204696889787775, 51.557113611447029 ], [ 0.204598836895068, 51.557016936429882 ], [ 0.204575039384283, 51.556993471399466 ], [ 0.204552984070867, 51.556971727248822 ], [ 0.20432593213623, 51.556732617573026 ], [ 0.204211027032873, 51.55663107902641 ], [ 0.204177603017696, 51.556601544714027 ], [ 0.20411779114329, 51.556548665897395 ], [ 0.2040949784265, 51.556531540319945 ], [ 0.204042003247202, 51.556491770686449 ], [ 0.203985851885395, 51.556464192316163 ], [ 0.203911362701985, 51.556427605834912 ], [ 0.203823240583872, 51.556384589213593 ], [ 0.203672093885637, 51.556359546940037 ], [ 0.203629877253065, 51.556352552350539 ], [ 0.203504114432589, 51.556331713694846 ], [ 0.203365045778061, 51.556322716935398 ], [ 0.203298593794105, 51.556318416878192 ], [ 0.20326917424909, 51.556316523559417 ], [ 0.203241576812279, 51.556314721899426 ], [ 0.203201260065898, 51.556312116025545 ], [ 0.203192881126459, 51.556311572001015 ], [ 0.203118816724131, 51.556306767372512 ], [ 0.203090158622528, 51.556305705046896 ], [ 0.203086068478176, 51.556305548073922 ], [ 0.202771070553813, 51.556293776549587 ], [ 0.202659618553153, 51.556283239451197 ], [ 0.202648273497938, 51.556282184543463 ], [ 0.202501332137835, 51.556268509879537 ], [ 0.202483435900013, 51.556266880147597 ], [ 0.202200484534914, 51.55624070625327 ], [ 0.202158656690237, 51.556242058351778 ], [ 0.202126263245159, 51.556243107357197 ], [ 0.202076254050274, 51.556244720986534 ], [ 0.202031357233305, 51.556247047961939 ], [ 0.20196128064257, 51.556250886453476 ], [ 0.202058773382185, 51.556387669693351 ], [ 0.201962652381266, 51.556386767833715 ], [ 0.201782071252148, 51.5563850596794 ], [ 0.201750304911023, 51.556384756845624 ], [ 0.201738295649011, 51.556385512927157 ], [ 0.201715817145389, 51.556386951205447 ], [ 0.201570585645437, 51.556396126032503 ], [ 0.201537693800969, 51.556398209439187 ], [ 0.201470946165541, 51.556402430294504 ], [ 0.201370587739287, 51.556408783941258 ], [ 0.201325801901355, 51.556411621167442 ], [ 0.201291183940091, 51.556413808853826 ], [ 0.201159299343056, 51.556422148067483 ], [ 0.201035095201283, 51.55643001022505 ], [ 0.200969339793234, 51.556434167205779 ], [ 0.200518832920407, 51.556462676803761 ], [ 0.200315359024855, 51.556478950395586 ], [ 0.200222898117723, 51.556486341950269 ], [ 0.200105691148955, 51.556495717558356 ], [ 0.199815806466689, 51.556543144664943 ], [ 0.199775214348403, 51.556549787615729 ], [ 0.199706542188527, 51.556561076124794 ], [ 0.199681351500395, 51.55656520884429 ], [ 0.199590541637479, 51.55658010149476 ], [ 0.199550432831785, 51.556586686739827 ], [ 0.199439320513397, 51.556604920610219 ], [ 0.199322883701501, 51.556615917726027 ], [ 0.199165288976139, 51.556630802721479 ], [ 0.199156681670305, 51.556629112482511 ], [ 0.199094036356864, 51.556616693481843 ], [ 0.199061071739514, 51.556610238675617 ], [ 0.199008722386485, 51.556599974621662 ], [ 0.198997872483201, 51.556597848896871 ], [ 0.198940244938383, 51.556586573155229 ], [ 0.198919666643996, 51.556582543472544 ], [ 0.198834965077094, 51.556565956888996 ], [ 0.198813221631316, 51.556561697231167 ], [ 0.198776810017506, 51.556555707170858 ], [ 0.198587829991978, 51.556524609472042 ], [ 0.198477372819042, 51.556465698688932 ], [ 0.198472027708398, 51.556462849187447 ], [ 0.198437913510944, 51.556444657363862 ], [ 0.198400154996546, 51.556433764254102 ], [ 0.198393103581159, 51.556431729132882 ], [ 0.198345590792014, 51.55641869840769 ], [ 0.198317543930309, 51.556411013366763 ], [ 0.198305988943656, 51.556411769488193 ], [ 0.198260144267332, 51.556416594530269 ], [ 0.198241140481048, 51.55641859637494 ], [ 0.198058493265964, 51.556437810684805 ], [ 0.198039689081166, 51.556439763791779 ], [ 0.197818777790829, 51.55645077360861 ], [ 0.197629549964926, 51.556429812747879 ], [ 0.19753777184373, 51.556419652289435 ], [ 0.197061367185373, 51.55633766533041 ], [ 0.19645535438247, 51.556204315897531 ], [ 0.196434999697645, 51.556199831782443 ], [ 0.196233919579829, 51.556155582757569 ], [ 0.195777387267538, 51.556111717670468 ], [ 0.195576441650571, 51.556099021572457 ], [ 0.195563490931745, 51.556098202784732 ], [ 0.19539665104992, 51.55608765587948 ], [ 0.195368720014911, 51.556080714378496 ], [ 0.195376654266974, 51.556637163286013 ], [ 0.195376841979823, 51.55665065832941 ], [ 0.195380065568085, 51.556683773332864 ], [ 0.1953845903042, 51.556730137715242 ], [ 0.195398740350684, 51.556875200454613 ], [ 0.195400387833494, 51.556892049561291 ], [ 0.195402355993769, 51.556912265056994 ], [ 0.195407294292038, 51.556935743398121 ], [ 0.195392245659318, 51.557021746710838 ], [ 0.195387844669705, 51.557046910669449 ], [ 0.195372512593026, 51.557134520045274 ], [ 0.195355144199013, 51.557233777544909 ], [ 0.195352520995473, 51.557248818038147 ], [ 0.19534962363639, 51.557265356507038 ], [ 0.195338609604118, 51.55736655448861 ], [ 0.195326655706906, 51.557476403377272 ], [ 0.195317693206852, 51.557558776498041 ], [ 0.195316871867849, 51.557566292065502 ], [ 0.195304708149709, 51.55767807838064 ], [ 0.195302437564149, 51.55769894875688 ], [ 0.195135835072136, 51.55769045652039 ], [ 0.195128892718624, 51.557695487641254 ], [ 0.195094283011748, 51.557800724364562 ], [ 0.195086013761911, 51.557825852781647 ], [ 0.195079257657545, 51.557884829670058 ], [ 0.195084630764375, 51.557932338285227 ], [ 0.195088237924942, 51.557944042676141 ], [ 0.195089827831975, 51.557949201909267 ], [ 0.195095982077255, 51.557969168206718 ], [ 0.195123040383587, 51.558021513966665 ], [ 0.195133619429371, 51.558035695871531 ], [ 0.195222047693523, 51.558154278012886 ], [ 0.195221208475449, 51.558159923361494 ], [ 0.195216241055373, 51.558193407481816 ], [ 0.195211961639199, 51.558222301268884 ], [ 0.195208464502029, 51.558245865529251 ], [ 0.195201743231929, 51.558291172346387 ], [ 0.195181393977026, 51.558428337304676 ], [ 0.195170653528096, 51.55850075241279 ], [ 0.19515202423426, 51.558626293148407 ], [ 0.195150117003189, 51.558639125935748 ], [ 0.195143885160596, 51.558681114150716 ], [ 0.195142469185035, 51.558690664278139 ], [ 0.195127730496398, 51.55879002540604 ], [ 0.195124256057543, 51.558813463335724 ], [ 0.195116652489816, 51.558864722039033 ], [ 0.195115127407514, 51.558875002631403 ], [ 0.195105757796269, 51.558938129170024 ], [ 0.195100343736015, 51.558974625272448 ], [ 0.195095628211135, 51.559006449913774 ], [ 0.195085672154628, 51.559073580329311 ], [ 0.195080584131288, 51.559107858044264 ], [ 0.195059480190068, 51.55911810932146 ], [ 0.195012760523597, 51.559140791667353 ], [ 0.194911555560391, 51.559180680969661 ], [ 0.194886694570608, 51.559187809991727 ], [ 0.194832276021178, 51.559203405928912 ], [ 0.194816867662836, 51.559205798602221 ], [ 0.194697109702304, 51.55922440662799 ], [ 0.19460467627654, 51.559225317639843 ], [ 0.194580854315375, 51.559225556483867 ], [ 0.19435679805354, 51.559205367997642 ], [ 0.194340758637972, 51.559311012402837 ], [ 0.194315339129757, 51.559514982206977 ], [ 0.194313440980077, 51.559530108019544 ], [ 0.194312619494076, 51.559536724270899 ], [ 0.194306744629626, 51.559540260514204 ], [ 0.194306166955478, 51.55954414731648 ], [ 0.194301669458022, 51.559543925686199 ], [ 0.194276189597042, 51.55954269364797 ], [ 0.194247357502667, 51.559776503195124 ], [ 0.194245310962642, 51.559793043687975 ], [ 0.194040924590617, 51.559787424107469 ], [ 0.193971380188557, 51.559785514360748 ], [ 0.19396570110434, 51.559786223114102 ], [ 0.193851901871964, 51.559800375213776 ], [ 0.193844782438069, 51.55980323325516 ], [ 0.193735388722734, 51.559847195682991 ], [ 0.193715586993741, 51.55985513814165 ], [ 0.1936594004548, 51.559884845202696 ], [ 0.193677128986091, 51.559905193132465 ], [ 0.193745427803591, 51.56000569895896 ], [ 0.193755822500712, 51.560076495543022 ], [ 0.193756483664999, 51.560080943721168 ], [ 0.19374391613449, 51.56016926549534 ], [ 0.193689282046025, 51.560243562462333 ], [ 0.193678962402515, 51.560257577743165 ], [ 0.193668795159867, 51.560266661992202 ], [ 0.193657215443356, 51.56027217544311 ], [ 0.193608005977058, 51.560295623253928 ], [ 0.19360595682809, 51.560299213821914 ], [ 0.193592766589915, 51.560322239836765 ], [ 0.193588719895743, 51.560329294104747 ], [ 0.193575423277177, 51.560390911202568 ], [ 0.193574187886332, 51.560406923913909 ], [ 0.193573253772425, 51.560419001036699 ], [ 0.193573551029575, 51.56042353246184 ], [ 0.193562925799641, 51.560472747673685 ], [ 0.193561357942605, 51.5604797465922 ], [ 0.193568213259907, 51.560509196472211 ], [ 0.193586236427275, 51.560586370358237 ], [ 0.1935027541456, 51.560582364822601 ], [ 0.19350108957169, 51.560585552503952 ], [ 0.193489302569438, 51.560650064097246 ], [ 0.193473764009863, 51.560734970091929 ], [ 0.193441432079236, 51.56091169419998 ], [ 0.193423826964478, 51.561007934077011 ], [ 0.193418662132277, 51.561036142869526 ], [ 0.193412641292318, 51.561069053037421 ], [ 0.193408541796995, 51.561091513347947 ], [ 0.193375741540513, 51.561270809206121 ], [ 0.193463226816671, 51.561319929935884 ], [ 0.193477090839698, 51.561327710448076 ], [ 0.193541328166841, 51.561354522479292 ], [ 0.193741388204569, 51.561399640200328 ], [ 0.193752643212612, 51.561399969287194 ], [ 0.193760716252823, 51.561399984672889 ], [ 0.194040635133734, 51.56137358407851 ], [ 0.194055859426201, 51.561372148202118 ], [ 0.19406475016095, 51.561371316416889 ], [ 0.194071586066694, 51.561375757009223 ], [ 0.194081684251301, 51.561382330878594 ], [ 0.194090010037729, 51.561387750820479 ], [ 0.194332710654507, 51.561421296265159 ], [ 0.194348614522285, 51.561423489813784 ], [ 0.194440208930406, 51.561425890588673 ], [ 0.194579631340192, 51.561405952593717 ], [ 0.194712070122255, 51.561363064499162 ], [ 0.194883398774923, 51.561267410409975 ], [ 0.194937368141101, 51.561300897772327 ], [ 0.194942121042315, 51.561306123712285 ], [ 0.195101979760855, 51.561481814675467 ], [ 0.19512072282693, 51.561525017140518 ], [ 0.195123529626918, 51.561531475564244 ], [ 0.195124261774486, 51.561572173288894 ], [ 0.195124397081501, 51.561579482086401 ], [ 0.195063151019716, 51.561760866452545 ], [ 0.195060195622017, 51.561769609021255 ], [ 0.195238656331712, 51.561777465553817 ], [ 0.195595404929588, 51.561793181036307 ], [ 0.195607903682971, 51.561793868866417 ], [ 0.195612614686934, 51.561797921971802 ], [ 0.195610102362589, 51.561807474624601 ], [ 0.196109986207206, 51.561846786807848 ], [ 0.196141153187359, 51.561849242918335 ], [ 0.196089434334116, 51.562013569486354 ], [ 0.19608966155127, 51.562016191194829 ], [ 0.19609474873567, 51.562076304234722 ], [ 0.196096328599935, 51.562095034100167 ], [ 0.196108353942091, 51.562131437533999 ], [ 0.196110594940931, 51.562134830910971 ], [ 0.196165706517623, 51.562218072670483 ], [ 0.196172910147515, 51.562228945254269 ], [ 0.196218537598239, 51.562279117357029 ], [ 0.196227316453009, 51.562286147401906 ], [ 0.196275409199035, 51.562324591386094 ], [ 0.196318580948985, 51.562359116605201 ], [ 0.196326256106548, 51.562364049451844 ], [ 0.196473641979611, 51.562440081972412 ], [ 0.196493246385724, 51.562450200723561 ], [ 0.196710574402444, 51.562609551992736 ], [ 0.196721791598051, 51.5626177773701 ], [ 0.196740454846114, 51.562633516355476 ], [ 0.19676294161969, 51.562655847556996 ], [ 0.196773775469033, 51.562666598154088 ], [ 0.196784914069026, 51.562677684777299 ], [ 0.196793322944649, 51.562686016701321 ], [ 0.196802451793926, 51.562692221780864 ], [ 0.19681318686386, 51.56270122058519 ], [ 0.196815803275794, 51.562703419837739 ], [ 0.19690619993127, 51.56277421051346 ], [ 0.197018482923982, 51.562744921542127 ], [ 0.197088246172788, 51.5627267169315 ], [ 0.197112705831093, 51.562716915023877 ], [ 0.197116340687002, 51.562715246180531 ], [ 0.197142159701193, 51.562709852362524 ], [ 0.197154329715882, 51.562707304198682 ], [ 0.197380150085715, 51.562660105330494 ], [ 0.197434332107345, 51.562646122358316 ], [ 0.197517358220826, 51.562624701331373 ], [ 0.197582627390046, 51.562607857635207 ], [ 0.197842034035328, 51.562521403623215 ], [ 0.197852847456926, 51.562515256621154 ], [ 0.197942950808644, 51.562464057205773 ], [ 0.197956890678562, 51.562453926157716 ], [ 0.198097032744152, 51.562318347257509 ], [ 0.19810454512899, 51.562311066022126 ], [ 0.198167499428727, 51.562282875732102 ], [ 0.198223437728175, 51.562245023499088 ], [ 0.198228065719883, 51.562238965403907 ], [ 0.198294620849318, 51.562151672907191 ], [ 0.198326801120385, 51.562068869133128 ], [ 0.198441362772506, 51.562038272180871 ] ] ] } },
{ "type": "Feature", "properties": { "lsoa21cd": "E01002361", "lsoa21nm": "Havering 020C", "msoa21cd": "E02000483", "msoa21nm": "Havering 020", "lad22cd": "E09000016", "lad22nm": "Havering", "index_right": 126, "GSS_CODE": "E05000315", "risk_score": 0.0025232493158911162, "allocation_hours": 0.042096333181990374, "patrol_units": 0 }, "geometry": { "type": "Polygon", "coordinates": [ [ [ 0.220172254050063, 51.564327547576376 ], [ 0.220182531204326, 51.564087824890379 ], [ 0.220184682346008, 51.564037756195837 ], [ 0.220186551691659, 51.563994644412482 ], [ 0.220198537533881, 51.563715329226362 ], [ 0.220221675079217, 51.563684378005142 ], [ 0.220223684340541, 51.563666668751978 ], [ 0.220227035287495, 51.563637099330727 ], [ 0.220227650463328, 51.563631655921732 ], [ 0.220389451111834, 51.563621533192922 ], [ 0.220452178379713, 51.563605354264325 ], [ 0.220692156868878, 51.563543444161375 ], [ 0.220706789376969, 51.563537852233317 ], [ 0.2208452471934, 51.563484824692715 ], [ 0.220982142299371, 51.563421934297978 ], [ 0.221005710960844, 51.563411110049067 ], [ 0.22110311247414, 51.563347285750915 ], [ 0.221254303436474, 51.563248206300827 ], [ 0.2212762825242, 51.563239705315155 ], [ 0.221292695743023, 51.563233351154018 ], [ 0.221296530439611, 51.563230913367306 ], [ 0.221523479234138, 51.563086989498302 ], [ 0.221554623810676, 51.563062712010883 ], [ 0.221648311303538, 51.563001610537917 ], [ 0.221504710352845, 51.562786349776992 ], [ 0.221468093907343, 51.56270493740827 ], [ 0.221429348605148, 51.562582476395711 ], [ 0.221498793830178, 51.562418387897353 ], [ 0.221519768675733, 51.562368834915141 ], [ 0.222045525253914, 51.562089939270003 ], [ 0.222011375467019, 51.562048508114067 ], [ 0.22193126984323, 51.561951345775917 ], [ 0.221884865169011, 51.561765251743779 ], [ 0.221894023799783, 51.56171808986435 ], [ 0.22194228087951, 51.561469778480067 ], [ 0.221942880766389, 51.561466691512457 ], [ 0.221947337909742, 51.561466076480038 ], [ 0.222051321402205, 51.561458989325452 ], [ 0.222098816663996, 51.561464879122497 ], [ 0.222140201196994, 51.561464094979669 ], [ 0.222184829029886, 51.561463249367314 ], [ 0.222201074367751, 51.56146294154491 ], [ 0.222266113375059, 51.561461709140247 ], [ 0.222560086171834, 51.561456138287483 ], [ 0.222637182092971, 51.561452141156998 ], [ 0.222675219202955, 51.561450170240583 ], [ 0.222833527012235, 51.561441962869232 ], [ 0.223113733454776, 51.561413557555909 ], [ 0.223190242160959, 51.561405803130306 ], [ 0.223356554023173, 51.561388944945129 ], [ 0.223379094357202, 51.561386656068102 ], [ 0.223499517866153, 51.561368167593145 ], [ 0.223579585390851, 51.56135587592383 ], [ 0.223625181422885, 51.561351216363988 ], [ 0.223725444955842, 51.561340933800253 ], [ 0.223794928770894, 51.56133380679556 ], [ 0.223808107397043, 51.561331560457667 ], [ 0.223861608122057, 51.561322425287628 ], [ 0.224023184253655, 51.561294855376296 ], [ 0.224135479920829, 51.561275684034442 ], [ 0.224209886029643, 51.561262986701486 ], [ 0.224242587638975, 51.561257231494984 ], [ 0.224312181448756, 51.561244967099796 ], [ 0.224324326554095, 51.561242830235827 ], [ 0.224439825330758, 51.561222482718932 ], [ 0.224495987149233, 51.56121259533095 ], [ 0.224532205704608, 51.561202924334225 ], [ 0.224602577632589, 51.561184134081813 ], [ 0.224766123391187, 51.561140464301594 ], [ 0.224802199439676, 51.561130831896428 ], [ 0.224894774788356, 51.561106107549747 ], [ 0.225009214612925, 51.561085950426587 ], [ 0.225189123965788, 51.561030809294763 ], [ 0.225321951716873, 51.560990095722694 ], [ 0.225350341974394, 51.560980555028358 ], [ 0.225473127154061, 51.560946632699746 ], [ 0.225628711042291, 51.560903634391131 ], [ 0.22561594525424, 51.560894820714012 ], [ 0.22571896537051, 51.56086743341686 ], [ 0.225610042479534, 51.560819670393961 ], [ 0.225749368232738, 51.560602849174415 ], [ 0.225931307183157, 51.560319696038334 ], [ 0.225946553305937, 51.560295961931772 ], [ 0.225950576405345, 51.560289707386175 ], [ 0.225945371911572, 51.560282099175929 ], [ 0.225602320880862, 51.559780730713612 ], [ 0.225586202538406, 51.559781854961194 ], [ 0.225345116986986, 51.559798660358688 ], [ 0.224508610074128, 51.559654527064986 ], [ 0.224414826769129, 51.559695551345158 ], [ 0.224408196754489, 51.559698941555169 ], [ 0.224363166789575, 51.559721981356304 ], [ 0.22435615407198, 51.559724920179477 ], [ 0.224289504382126, 51.559752839526205 ], [ 0.224255935764621, 51.559769789481862 ], [ 0.22391513853322, 51.559941903463567 ], [ 0.223895340848586, 51.55995190138858 ], [ 0.223739470759551, 51.560072755156384 ], [ 0.223726541534756, 51.560078926695837 ], [ 0.223531911778703, 51.560171827478065 ], [ 0.223525736281442, 51.560174777356487 ], [ 0.223475947379464, 51.560246424226264 ], [ 0.223474114035261, 51.560249066952572 ], [ 0.223313705668398, 51.560358845885617 ], [ 0.223147679846217, 51.560388603539877 ], [ 0.223085708996652, 51.56037001618121 ], [ 0.223101253065158, 51.560530736520015 ], [ 0.223106255287979, 51.560582459305948 ], [ 0.223116234849195, 51.560685689516042 ], [ 0.223116810376743, 51.560691578007564 ], [ 0.223131971158458, 51.560848425125933 ], [ 0.223137895365439, 51.560909591055903 ], [ 0.223140374226322, 51.560935290994806 ], [ 0.223140980814674, 51.560941520630827 ], [ 0.223017539766287, 51.560939813727117 ], [ 0.222945294432143, 51.560938817989047 ], [ 0.22286666738067, 51.560937727334796 ], [ 0.222699912773213, 51.560911417878295 ], [ 0.222663113160727, 51.560905613393494 ], [ 0.222648698663241, 51.560905886581857 ], [ 0.222605109221483, 51.560906712692706 ], [ 0.222306325453265, 51.560912374831837 ], [ 0.222263096358049, 51.560913193987126 ], [ 0.222140659556628, 51.560915513975807 ], [ 0.221964759329723, 51.560918846790081 ], [ 0.221495538140543, 51.560927735919485 ], [ 0.221328452505933, 51.560914758393515 ], [ 0.221363122633607, 51.560899946736839 ], [ 0.221369125841132, 51.560745909029016 ], [ 0.221382346573277, 51.560406479025424 ], [ 0.221476340370899, 51.560330587377514 ], [ 0.221519525910528, 51.560295703891192 ], [ 0.22151847990548, 51.560292000607582 ], [ 0.221452472630295, 51.560057337839687 ], [ 0.221444420656908, 51.560056420194975 ], [ 0.220685503638004, 51.559969891830093 ], [ 0.220669514275085, 51.559929213542226 ], [ 0.220667690773901, 51.559870712700032 ], [ 0.220591026743032, 51.559794024251516 ], [ 0.220573843942998, 51.559776840251224 ], [ 0.220568245748748, 51.55966183597824 ], [ 0.220567247699523, 51.559641332872403 ], [ 0.220443796559474, 51.55964675489821 ], [ 0.220353013598525, 51.559555935836293 ], [ 0.220311529990707, 51.559521747489185 ], [ 0.220189052496221, 51.559442823545076 ], [ 0.220155332416166, 51.559421114326504 ], [ 0.220132470876716, 51.559324000151996 ], [ 0.219875581973393, 51.559214382237911 ], [ 0.21987558686593, 51.55920707084411 ], [ 0.219875551412802, 51.559022229588003 ], [ 0.219875525429966, 51.558843215604185 ], [ 0.219871684872345, 51.558827145867717 ], [ 0.219857202962093, 51.558766429470609 ], [ 0.219941393675084, 51.55868720826092 ], [ 0.219883483213258, 51.558691299119559 ], [ 0.219871829004247, 51.55869224815212 ], [ 0.219679361390519, 51.55870509099428 ], [ 0.21954972176513, 51.558713740795937 ], [ 0.219542134797398, 51.558712886163377 ], [ 0.219490673078293, 51.558716144332656 ], [ 0.219457534819238, 51.558718237343292 ], [ 0.219443133726151, 51.558720848065335 ], [ 0.219420455973208, 51.558722365393514 ], [ 0.219339752947722, 51.558727750655109 ], [ 0.219239420443345, 51.558734442589369 ], [ 0.219161708462075, 51.558739627239916 ], [ 0.21899053797191, 51.558751049742419 ], [ 0.218929909835663, 51.558755092628573 ], [ 0.218879578419285, 51.558758455045499 ], [ 0.218786119869591, 51.558764692786752 ], [ 0.218732149586464, 51.558768285859614 ], [ 0.218675720639356, 51.558772051323892 ], [ 0.21864230057421, 51.558774284330411 ], [ 0.218512876300473, 51.558782919918379 ], [ 0.218432474864038, 51.558788280864192 ], [ 0.2183313370826, 51.55879503221918 ], [ 0.218295429058919, 51.558797429096948 ], [ 0.21827981184093, 51.558798470918447 ], [ 0.218225266664646, 51.558802110604134 ], [ 0.218033330065337, 51.558814913720823 ], [ 0.217971407555257, 51.558819043542762 ], [ 0.217961758546548, 51.558819693665107 ], [ 0.217772280888243, 51.558832332940867 ], [ 0.217757325373888, 51.558833335200461 ], [ 0.217734330380509, 51.558829516360078 ], [ 0.217712112441474, 51.558830107376544 ], [ 0.217663152342653, 51.558831410921314 ], [ 0.21762807195787, 51.558833621077099 ], [ 0.217622134739328, 51.558833760326138 ], [ 0.217610779639491, 51.558834037995929 ], [ 0.217583955357661, 51.558843448293693 ], [ 0.21752439708571, 51.558844574476865 ], [ 0.217433920969963, 51.558846285224043 ], [ 0.217303302097476, 51.55884875487763 ], [ 0.21728257489003, 51.558849146760316 ], [ 0.217217712276823, 51.558850373073327 ], [ 0.21711681486953, 51.558852280600121 ], [ 0.217060643836768, 51.558853342509977 ], [ 0.217048737941269, 51.558853567586731 ], [ 0.21693076002185, 51.558855797852267 ], [ 0.216885687696099, 51.558856649872332 ], [ 0.216850157383409, 51.558857321503723 ], [ 0.216806915621717, 51.558858138890507 ], [ 0.216757591183098, 51.558859071236938 ], [ 0.216655569440002, 51.558860999618886 ], [ 0.216584234931169, 51.558862347907912 ], [ 0.216555716981427, 51.558862886911719 ], [ 0.216511430196484, 51.558863723940803 ], [ 0.216442416318801, 51.55886502828352 ], [ 0.216381704858269, 51.558866175679292 ], [ 0.216265470939902, 51.558868372315274 ], [ 0.21625827838917, 51.558868508239243 ], [ 0.216241875337393, 51.558868818220525 ], [ 0.216179909851847, 51.558869989209938 ], [ 0.216061081400498, 51.558872234672513 ], [ 0.216037154272365, 51.558872686801109 ], [ 0.215992528735362, 51.558873530035115 ], [ 0.215970907834883, 51.558873938572631 ], [ 0.215957791155015, 51.55887418641678 ], [ 0.215891631195508, 51.558875436509467 ], [ 0.215827748633205, 51.558876643535271 ], [ 0.215790733644742, 51.558877342897148 ], [ 0.215722108890048, 51.558878639463586 ], [ 0.215682614700014, 51.558879385631521 ], [ 0.215552903660471, 51.558881836182323 ], [ 0.21547217117748, 51.558883361338928 ], [ 0.215356729912664, 51.558885542099368 ], [ 0.215339361110816, 51.558885870197479 ], [ 0.215260934840516, 51.558887351644138 ], [ 0.21514057839377, 51.558889625036059 ], [ 0.215141749513233, 51.558895915993645 ], [ 0.215120799485092, 51.558896473576446 ], [ 0.215077227408794, 51.558897620311534 ], [ 0.215077144795072, 51.558922361583662 ], [ 0.215065815712103, 51.558925255474819 ], [ 0.215076511885329, 51.559119679705375 ], [ 0.215076354500946, 51.559169620742189 ], [ 0.215068641894804, 51.559323645436649 ], [ 0.215068231732537, 51.559331836802826 ], [ 0.215067956243989, 51.559337453630718 ], [ 0.215056177374536, 51.559572635900722 ], [ 0.21504777598043, 51.559740109117371 ], [ 0.215047057080391, 51.559754718314345 ], [ 0.21504741571511, 51.559762103776393 ], [ 0.215039354151864, 51.559766033114407 ], [ 0.215018628283896, 51.559765264542357 ], [ 0.215007945392966, 51.56011452915056 ], [ 0.215007639950112, 51.560124580087134 ], [ 0.215034664998083, 51.560116020845072 ], [ 0.215045277212423, 51.560116189085036 ], [ 0.215043533866824, 51.56027637812263 ], [ 0.215028295645679, 51.560455770307875 ], [ 0.215026957310525, 51.560471587274471 ], [ 0.215025176654655, 51.560492556585103 ], [ 0.215000031588781, 51.560492743814358 ], [ 0.214875625801497, 51.560925691519842 ], [ 0.215045918082939, 51.56099604178219 ], [ 0.215051753215533, 51.560998845299039 ], [ 0.215072714098721, 51.561008890256325 ], [ 0.215100691515915, 51.561024971871035 ], [ 0.215261549275555, 51.561040755821445 ], [ 0.215314608277427, 51.561045967718975 ], [ 0.215311195040403, 51.561055600730938 ], [ 0.215240189515381, 51.561256298487834 ], [ 0.215207625586261, 51.561254215688919 ], [ 0.215090655800073, 51.561246730606285 ], [ 0.214796950511171, 51.561250866681021 ], [ 0.214774718251478, 51.561251178705973 ], [ 0.21467915726905, 51.56125252504836 ], [ 0.214448516201913, 51.561255775008448 ], [ 0.21436255693967, 51.561256975727026 ], [ 0.214216491303398, 51.561259050647188 ], [ 0.214066993271027, 51.561261154226351 ], [ 0.213851144769144, 51.561264195631445 ], [ 0.213793055526392, 51.561265013607887 ], [ 0.21375633325903, 51.561265527071299 ], [ 0.213583983062475, 51.56126795356618 ], [ 0.213547953117036, 51.561268462887277 ], [ 0.213366072768685, 51.56127102400923 ], [ 0.213241401948626, 51.561272774786438 ], [ 0.213216812680324, 51.561273126509597 ], [ 0.213216907154314, 51.561276411663869 ], [ 0.213216967633927, 51.561282118372432 ], [ 0.213126997752963, 51.561287191627059 ], [ 0.213098315191526, 51.561278856916893 ], [ 0.21309396734915, 51.561278156589729 ], [ 0.213078787027753, 51.561275727225159 ], [ 0.213072214044289, 51.561275851285117 ], [ 0.21291859260643, 51.561285153674149 ], [ 0.212906767908849, 51.561285871454182 ], [ 0.212842033678458, 51.561289791048544 ], [ 0.212762913756283, 51.561294575625951 ], [ 0.212729755577778, 51.5612965862883 ], [ 0.21270947217639, 51.56129781440135 ], [ 0.212686086096584, 51.561312113917843 ], [ 0.212674694463027, 51.561319082623307 ], [ 0.212662195900059, 51.561326728704501 ], [ 0.212759037451465, 51.561433266722702 ], [ 0.21276316958576, 51.561441714097072 ], [ 0.212779328684997, 51.56147472817463 ], [ 0.212781939767976, 51.561480074692689 ], [ 0.212781857387798, 51.561528638391096 ], [ 0.212781830498043, 51.561543549275207 ], [ 0.212738535483129, 51.56166792100418 ], [ 0.212736977587981, 51.56167238844418 ], [ 0.212734808708207, 51.561675860199479 ], [ 0.212704324761216, 51.561707128543475 ], [ 0.21268911394087, 51.561719241369303 ], [ 0.212667637926841, 51.561736337630201 ], [ 0.212662570894187, 51.561741334428554 ], [ 0.212659340464897, 51.561743742559528 ], [ 0.212623329570564, 51.561770528756092 ], [ 0.212614780829409, 51.561774835842748 ], [ 0.212598430318689, 51.561783085192076 ], [ 0.212593613840734, 51.561785514257473 ], [ 0.212567085802023, 51.561801374870697 ], [ 0.212562077895626, 51.561800749930605 ], [ 0.212526704812, 51.561796071081424 ], [ 0.21250229883278, 51.561789350708935 ], [ 0.212459888821434, 51.561774934815766 ], [ 0.212446949832047, 51.561770529586099 ], [ 0.212413840390178, 51.561759274582684 ], [ 0.212396108606495, 51.561754514627921 ], [ 0.212390165350902, 51.561753345267178 ], [ 0.212373657052932, 51.56174674114316 ], [ 0.212188812492487, 51.561672754094317 ], [ 0.212180293741795, 51.561666970448371 ], [ 0.212160048178928, 51.561653215431839 ], [ 0.212136282298203, 51.561644221168159 ], [ 0.212130521111655, 51.561642045640603 ], [ 0.212123819092704, 51.561639510157093 ], [ 0.212057237253671, 51.561627060965442 ], [ 0.212050400788417, 51.561623835553775 ], [ 0.211938675458305, 51.561571238896143 ], [ 0.211930995272473, 51.561563110227617 ], [ 0.211859231844849, 51.561487241171982 ], [ 0.211836629703682, 51.561398403100824 ], [ 0.21183666371164, 51.561377979375493 ], [ 0.211827212827232, 51.561376475964146 ], [ 0.21181654067088, 51.56137477975772 ], [ 0.21175083570718, 51.561364337269126 ], [ 0.211733213751037, 51.561361540108663 ], [ 0.211626589108566, 51.561365916455784 ], [ 0.211619389709817, 51.561366214123659 ], [ 0.21158587296272, 51.561370353572777 ], [ 0.211415233219294, 51.561391405080798 ], [ 0.211377972980943, 51.561396001772025 ], [ 0.211321494445528, 51.561402966333802 ], [ 0.211308012769321, 51.561404623494745 ], [ 0.211286310675451, 51.56139533833035 ], [ 0.211188697386547, 51.561410308947238 ], [ 0.211172303270665, 51.561398315694795 ], [ 0.211223561288665, 51.561368481552279 ], [ 0.211203126622649, 51.561354388198197 ], [ 0.211198201286522, 51.561351000793209 ], [ 0.211286328546159, 51.561138273295029 ], [ 0.211294775114732, 51.561117870774332 ], [ 0.21136423739774, 51.561019081218006 ], [ 0.211370766426354, 51.561014331188254 ], [ 0.211434627631383, 51.560971875914014 ], [ 0.211471400520148, 51.560947413885465 ], [ 0.211477751149792, 51.560940621308738 ], [ 0.211488399588305, 51.560932605562343 ], [ 0.211566223153238, 51.560874014246494 ], [ 0.211649319061533, 51.560781932451967 ], [ 0.211660008907584, 51.560772391597162 ], [ 0.211674446886017, 51.560759515587243 ], [ 0.211564740733715, 51.560694353216391 ], [ 0.211501605992647, 51.560661316665581 ], [ 0.211391682983358, 51.56062381167196 ], [ 0.21134311801554, 51.560601444723666 ], [ 0.211338035694747, 51.5605998768688 ], [ 0.211294343740647, 51.560586366026868 ], [ 0.211274497111423, 51.560580229383106 ], [ 0.211238143014287, 51.5605689812664 ], [ 0.211171587346984, 51.560538581042607 ], [ 0.211155360246556, 51.560524669125911 ], [ 0.211094832877683, 51.560472787823173 ], [ 0.211090073045044, 51.560470431485598 ], [ 0.211007705051341, 51.560429609690445 ], [ 0.211002427102298, 51.560427874642635 ], [ 0.210939422400129, 51.56040702982871 ], [ 0.210861172322746, 51.560360077995547 ], [ 0.210816133059908, 51.560333048924662 ], [ 0.210811851448671, 51.560284297690821 ], [ 0.210805151946157, 51.56020798355005 ], [ 0.210796041112805, 51.560104241272008 ], [ 0.210790847561411, 51.560102162889052 ], [ 0.210751873449001, 51.56008655744715 ], [ 0.21071244251185, 51.560070753765956 ], [ 0.21065716594565, 51.560082542556827 ], [ 0.210474734317291, 51.560074821553947 ], [ 0.210270054344356, 51.560078679959226 ], [ 0.210258067676758, 51.560077835741282 ], [ 0.209461393392338, 51.560022399155542 ], [ 0.209567749496705, 51.560172187831341 ], [ 0.209582100271035, 51.560189372811479 ], [ 0.209680782599709, 51.560307308895872 ], [ 0.209687728963076, 51.560316980357825 ], [ 0.209731062687427, 51.56037731609954 ], [ 0.209775022982037, 51.560447307486818 ], [ 0.209832110486663, 51.560583374804864 ], [ 0.2098546052959, 51.560668896922394 ], [ 0.209876321018056, 51.560751439049319 ], [ 0.209883296150565, 51.560769891616488 ], [ 0.209894559145296, 51.560799720446894 ], [ 0.209949011145145, 51.560943908578331 ], [ 0.209951809120733, 51.560951333519434 ], [ 0.209959874960812, 51.560972643282405 ], [ 0.209962853938211, 51.560993482361305 ], [ 0.209968508329285, 51.561035148254092 ], [ 0.209980821003098, 51.561125799400934 ], [ 0.209999293381347, 51.561261843499665 ], [ 0.210000119614136, 51.561265645453311 ], [ 0.210002912696799, 51.561277733352831 ], [ 0.21001258609822, 51.561319863070288 ], [ 0.210014614889942, 51.561328682931581 ], [ 0.210037110140884, 51.561426705252565 ], [ 0.210040091357233, 51.561439697897214 ], [ 0.21004540867781, 51.56146279060814 ], [ 0.210046853457208, 51.561469085451755 ], [ 0.210056396441758, 51.561510606098111 ], [ 0.210062415203272, 51.56153686011389 ], [ 0.210065505124104, 51.561550309351354 ], [ 0.210070074321543, 51.56157016969054 ], [ 0.210072544423803, 51.561580950698044 ], [ 0.210096497409001, 51.561685231628353 ], [ 0.210095915495127, 51.56170448760502 ], [ 0.210094485862502, 51.561752402247514 ], [ 0.210094186778678, 51.561762309171769 ], [ 0.21009275641913, 51.561809315535157 ], [ 0.210092598290944, 51.561814687333325 ], [ 0.21009227153791, 51.561825512064445 ], [ 0.210090623695248, 51.561880238515819 ], [ 0.21013484999451, 51.562049174632705 ], [ 0.210227140611231, 51.562152401204756 ], [ 0.210329662574791, 51.562266972838138 ], [ 0.210381801151503, 51.56232524479335 ], [ 0.210516008458949, 51.562431493952062 ], [ 0.210542159829712, 51.562452197410501 ], [ 0.210635291875743, 51.562569176046047 ], [ 0.210702074783974, 51.562719116099103 ], [ 0.210700369042034, 51.5627482226027 ], [ 0.210698879228126, 51.562773449055506 ], [ 0.210694753135905, 51.562841983302761 ], [ 0.210711690459699, 51.562841599211445 ], [ 0.210738578496311, 51.562839689343988 ], [ 0.210882728059641, 51.562836971369585 ], [ 0.210922837524974, 51.562838742095131 ], [ 0.211126594594966, 51.562847732833283 ], [ 0.211783889330205, 51.562876730502389 ], [ 0.211881097812077, 51.562881020991284 ], [ 0.21197301431269, 51.562885078492926 ], [ 0.212024994700143, 51.562887371311128 ], [ 0.212516411150151, 51.562905087371192 ], [ 0.212849262020997, 51.562925767046735 ], [ 0.212947910168583, 51.562932664423784 ], [ 0.213051943816181, 51.562939936698022 ], [ 0.213142506165931, 51.562946262589328 ], [ 0.213153298954332, 51.562947016626474 ], [ 0.213351166656839, 51.562967229982625 ], [ 0.213450521002951, 51.562977378058171 ], [ 0.213544394262795, 51.562986964043361 ], [ 0.213341461256339, 51.563051173867009 ], [ 0.213300422379044, 51.563064152027991 ], [ 0.213327596148405, 51.563133541562323 ], [ 0.213330938778303, 51.563142066766233 ], [ 0.213337575564897, 51.56315901017291 ], [ 0.213762076955268, 51.56332059486563 ], [ 0.21377539518413, 51.563325667257217 ], [ 0.213801299187993, 51.563329341922739 ], [ 0.213911184578304, 51.563387592085398 ], [ 0.213932836009862, 51.563399071991526 ], [ 0.21410042538458, 51.563445530740843 ], [ 0.214116132824381, 51.563448399660096 ], [ 0.214165133025025, 51.563457348648654 ], [ 0.214173971610304, 51.563458117011074 ], [ 0.214262123783181, 51.563465742060409 ], [ 0.214274280446002, 51.563466798480313 ], [ 0.214393310474651, 51.563419171951665 ], [ 0.214436667636736, 51.563431208574478 ], [ 0.21460926562448, 51.563466254325853 ], [ 0.214623182136709, 51.563469085059523 ], [ 0.214666791289933, 51.563469520384423 ], [ 0.214874098251422, 51.563471611846786 ], [ 0.215681108378805, 51.563429298434784 ], [ 0.215733184048098, 51.563405004761933 ], [ 0.215738681013351, 51.563407077208794 ], [ 0.215765753051063, 51.563417258385719 ], [ 0.21578804975956, 51.563425668232121 ], [ 0.215864124130291, 51.563454321410184 ], [ 0.215930806895247, 51.563479437889995 ], [ 0.215967727198427, 51.563493344886425 ], [ 0.216177265557512, 51.563528810683003 ], [ 0.216371405390462, 51.563588551402638 ], [ 0.216375653090787, 51.563589856046505 ], [ 0.216393287397487, 51.563592877164105 ], [ 0.216461556264044, 51.563601632109886 ], [ 0.216739305577037, 51.563560329633198 ], [ 0.217036357012268, 51.563515702914913 ], [ 0.217264137195367, 51.563578835064909 ], [ 0.217395217229938, 51.563869599970502 ], [ 0.217397125740241, 51.563873835552755 ], [ 0.217396344661604, 51.563883589721627 ], [ 0.217426508240272, 51.56396506239119 ], [ 0.217433023589208, 51.563976800946406 ], [ 0.217442668408643, 51.563994145909561 ], [ 0.217445514809037, 51.563999272048932 ], [ 0.217452376143592, 51.564007442839959 ], [ 0.21747966774078, 51.564039931061302 ], [ 0.218257908181709, 51.564206278231907 ], [ 0.218265810997053, 51.564207972314342 ], [ 0.218294259243579, 51.56419540160941 ], [ 0.218300614231483, 51.56421540770134 ], [ 0.218315194540645, 51.564218522268575 ], [ 0.218393855155726, 51.564493703489596 ], [ 0.218394643270065, 51.564496705727549 ], [ 0.218416417816652, 51.564579942072271 ], [ 0.218517928168741, 51.56496799355623 ], [ 0.218518365213395, 51.564976978270998 ], [ 0.218532502850031, 51.565096164613479 ], [ 0.21856730135543, 51.565389729717367 ], [ 0.218604000427678, 51.565550909137329 ], [ 0.218825236282894, 51.565534142514856 ], [ 0.21892027750889, 51.565526939571129 ], [ 0.219012198348478, 51.565521144538401 ], [ 0.219124632163002, 51.565514052998495 ], [ 0.219284953903881, 51.565503941810846 ], [ 0.219728057693191, 51.565476005232313 ], [ 0.22012596315495, 51.565450919055316 ], [ 0.220143009289643, 51.565449840951608 ], [ 0.220138635649214, 51.565359993923103 ], [ 0.220138695390517, 51.565350550160538 ], [ 0.220139414731657, 51.565241721453852 ], [ 0.220140368036528, 51.56509916463083 ], [ 0.22013949331853, 51.565081195224124 ], [ 0.220140531257701, 51.565058351384742 ], [ 0.220146333965909, 51.564931233637111 ], [ 0.220146474016942, 51.564928182364604 ], [ 0.220151639305267, 51.564807830411418 ], [ 0.220172254050063, 51.564327547576376 ] ] ] } },
{ "type": "Feature", "properties": { "lsoa21cd": "E01002319", "lsoa21nm": "Havering 016A", "msoa21cd": "E02000479", "msoa21nm": "Havering 016", "lad22cd": "E09000016", "lad22nm": "Havering", "index_right": 126, "GSS_CODE": "E05000315", "risk_score": 9.5209019864231923, "allocation_hours": 158.84084846050936, "patrol_units": 79 }, "geometry": { "type": "Polygon", "coordinates": [ [ [ 0.197427391525308, 51.568953342238203 ], [ 0.197431663176943, 51.56894256956226 ], [ 0.197458097218004, 51.568946723657618 ], [ 0.197468449781059, 51.568945954139295 ], [ 0.197481096837877, 51.568943629911146 ], [ 0.197624609107406, 51.568553956313544 ], [ 0.1976344537825, 51.568547440797509 ], [ 0.197637021575765, 51.568544730764003 ], [ 0.197639592573011, 51.568542087218404 ], [ 0.197697318818873, 51.568390720424979 ], [ 0.197790703827332, 51.568145883350851 ], [ 0.197782641626315, 51.568141895860741 ], [ 0.197749638115084, 51.568137352331853 ], [ 0.197564298289591, 51.568111831809667 ], [ 0.197541623090667, 51.568108713436615 ], [ 0.197536180297302, 51.568108356774275 ], [ 0.197526603864125, 51.568106962432928 ], [ 0.197516795464015, 51.568105545458124 ], [ 0.19749744124572, 51.568103668834183 ], [ 0.197482538093869, 51.568102230403973 ], [ 0.197469548349581, 51.568100971953719 ], [ 0.197436172436204, 51.568094987444198 ], [ 0.197411544577208, 51.568090574670158 ], [ 0.197392171054084, 51.568085901575976 ], [ 0.197347927722899, 51.568078681769059 ], [ 0.19732986007862, 51.568076852957049 ], [ 0.197308630961977, 51.568074696673271 ], [ 0.197298061992583, 51.568074265169848 ], [ 0.197284747861575, 51.568072563127423 ], [ 0.197233190231408, 51.568065974918682 ], [ 0.19721415671922, 51.568062068820446 ], [ 0.197095204331016, 51.568037651006165 ], [ 0.197090233707805, 51.568037510302169 ], [ 0.197084098099749, 51.568036850044194 ], [ 0.19696575104547, 51.568024095435106 ], [ 0.196947441608797, 51.568020841209723 ], [ 0.196924452600547, 51.568016748359561 ], [ 0.196908972804111, 51.568014871008124 ], [ 0.196900140421575, 51.568014393450781 ], [ 0.196820044075734, 51.568002930340988 ], [ 0.196799963859777, 51.568000059985557 ], [ 0.196787537479736, 51.568000310719555 ], [ 0.196782636347866, 51.568000114742965 ], [ 0.196741736638006, 51.567998497651601 ], [ 0.19669157025226, 51.567996523518964 ], [ 0.196684225763879, 51.567996229412948 ], [ 0.19662058612894, 51.56798805063633 ], [ 0.196611989354271, 51.567986323117417 ], [ 0.196606291377802, 51.567985161822904 ], [ 0.196592157809498, 51.567982323946836 ], [ 0.196529717530592, 51.567973879847798 ], [ 0.196521722064542, 51.567971963899296 ], [ 0.196433001494359, 51.567957840038531 ], [ 0.196420947444491, 51.567955934439574 ], [ 0.196391598201843, 51.56794936162094 ], [ 0.196373866529127, 51.567946717000339 ], [ 0.196295905897935, 51.567935101120753 ], [ 0.196271788527767, 51.567928700089276 ], [ 0.196233581296342, 51.567918570009468 ], [ 0.196251378860618, 51.567905205919381 ], [ 0.19626462408892, 51.567865631608363 ], [ 0.196271459973165, 51.567845179474993 ], [ 0.196327060641677, 51.567678964303084 ], [ 0.196371359696786, 51.567578600483799 ], [ 0.196372465238873, 51.56757608872644 ], [ 0.196405914289433, 51.567500317029456 ], [ 0.196427667677045, 51.567451050817731 ], [ 0.196483429150359, 51.567324743400505 ], [ 0.196493759780649, 51.567301357049388 ], [ 0.196500317274281, 51.567286512742392 ], [ 0.196541233870476, 51.56719382926287 ], [ 0.196587262758548, 51.567089547639902 ], [ 0.196682546538295, 51.567104948765845 ], [ 0.196710424854377, 51.567109453726374 ], [ 0.196696134138243, 51.567046428544423 ], [ 0.196688255028317, 51.567029939035741 ], [ 0.196672718563332, 51.56699736954193 ], [ 0.196669268918735, 51.566990158800984 ], [ 0.19666719660114, 51.566986978113768 ], [ 0.196648310798803, 51.566920819484544 ], [ 0.196641572017485, 51.56690748314935 ], [ 0.196624444557561, 51.566882173828382 ], [ 0.196613043802486, 51.566878547328173 ], [ 0.196478670840904, 51.566835873924518 ], [ 0.196448719071435, 51.566826362654048 ], [ 0.196369866530655, 51.566808171563501 ], [ 0.196363800669915, 51.566807457796322 ], [ 0.196348800910433, 51.566804303350956 ], [ 0.196325638406047, 51.566799440203674 ], [ 0.196249852947998, 51.566783511795549 ], [ 0.196226457380874, 51.566780100868051 ], [ 0.196189765254085, 51.566774744613994 ], [ 0.196134681015767, 51.566770398210004 ], [ 0.196073046102647, 51.566768903813042 ], [ 0.196056824667023, 51.566766298295541 ], [ 0.195968584632046, 51.56675212271599 ], [ 0.195959946891552, 51.566750737639062 ], [ 0.195876845025429, 51.56674527894571 ], [ 0.195863397702394, 51.566744397585126 ], [ 0.19584144097558, 51.566744197128443 ], [ 0.19576964397779, 51.56674771757568 ], [ 0.195718982697079, 51.566752667889766 ], [ 0.195714988918249, 51.566751834360957 ], [ 0.195705747709847, 51.566749902995426 ], [ 0.195700048614264, 51.56674871469076 ], [ 0.195684758425986, 51.566745520631407 ], [ 0.195613310916245, 51.566736669041596 ], [ 0.195604586980742, 51.566735591314462 ], [ 0.195564047205548, 51.566727339193861 ], [ 0.195527954450135, 51.566716746568012 ], [ 0.19542421282695, 51.566686286616012 ], [ 0.19541723111936, 51.566684231996675 ], [ 0.195337981608787, 51.566670670045049 ], [ 0.195324285200273, 51.566669109815024 ], [ 0.195292974019429, 51.566665523108959 ], [ 0.1952810725943, 51.566663182856665 ], [ 0.195257089686737, 51.56666045720349 ], [ 0.195246157331519, 51.566659213944135 ], [ 0.195229542483537, 51.566655927708403 ], [ 0.19521813294988, 51.566653614215284 ], [ 0.195212523403453, 51.566652487161683 ], [ 0.195117307160674, 51.566642955998702 ], [ 0.195070941325977, 51.566634471007788 ], [ 0.195066720932451, 51.566636123770948 ], [ 0.194979817232204, 51.5666700890405 ], [ 0.194972393226443, 51.566672035572118 ], [ 0.194880812079547, 51.566696061088123 ], [ 0.194863172625528, 51.566698018918466 ], [ 0.194808847070592, 51.566704035635539 ], [ 0.19472736242862, 51.566721833285868 ], [ 0.194616823196145, 51.566773044018412 ], [ 0.194606788454581, 51.566777710304223 ], [ 0.194495501517771, 51.566982814480774 ], [ 0.194492791789338, 51.56698782483091 ], [ 0.194499302501464, 51.566990886542847 ], [ 0.194503303615686, 51.566992772159132 ], [ 0.194382729819077, 51.567193665833237 ], [ 0.194380445317296, 51.56719746764211 ], [ 0.194414417305263, 51.567283929099474 ], [ 0.194492288075677, 51.567357878314098 ], [ 0.194517373054237, 51.56738169901363 ], [ 0.194523095291826, 51.567386965255338 ], [ 0.1945346239684, 51.567391151612391 ], [ 0.194540888814666, 51.567393300624737 ], [ 0.194604724155652, 51.56743525453733 ], [ 0.194621412988912, 51.567446219467968 ], [ 0.194658333899675, 51.567478209120367 ], [ 0.194693666531409, 51.5675161728417 ], [ 0.194697881770077, 51.567520707366057 ], [ 0.194620442981344, 51.567551392570792 ], [ 0.194536406567571, 51.567584710215193 ], [ 0.194532186939052, 51.567586380925597 ], [ 0.194439282095629, 51.567632715410703 ], [ 0.194434996700426, 51.567635718309816 ], [ 0.194359714569553, 51.567689038806812 ], [ 0.19432892732907, 51.567719143272932 ], [ 0.194292169974134, 51.56778156330094 ], [ 0.194263247838504, 51.567878468715193 ], [ 0.194271684924372, 51.567892173554185 ], [ 0.194266562179067, 51.567898766824477 ], [ 0.194075906358969, 51.567857467567329 ], [ 0.193763916883268, 51.567789884781376 ], [ 0.193818968845066, 51.567673564984446 ], [ 0.193845885730816, 51.567616693474577 ], [ 0.193888756594711, 51.567526123588358 ], [ 0.193908745035386, 51.567483905335827 ], [ 0.193914743536232, 51.567471220937399 ], [ 0.193926794304344, 51.567445770197125 ], [ 0.193930159607777, 51.567438638760578 ], [ 0.193998964851603, 51.567293284072164 ], [ 0.194004845659315, 51.567280853674887 ], [ 0.19402588130735, 51.567236412534257 ], [ 0.194048271939713, 51.567191343513372 ], [ 0.194098514420043, 51.567090248425465 ], [ 0.194182288975476, 51.566921635875282 ], [ 0.19418374957328, 51.566918703805321 ], [ 0.194226946150857, 51.566840321897629 ], [ 0.19428337359428, 51.56673793288693 ], [ 0.194338115605991, 51.566638606031155 ], [ 0.194383793964599, 51.566555735085785 ], [ 0.19438969866403, 51.566545003856085 ], [ 0.194444946547788, 51.56644480415904 ], [ 0.194449164748033, 51.566437108149273 ], [ 0.194475169945938, 51.56636551378211 ], [ 0.194494612774425, 51.566311974275379 ], [ 0.194509621067368, 51.566270631335598 ], [ 0.194515188583657, 51.566255292989048 ], [ 0.194535981318208, 51.566198023094188 ], [ 0.194551092332128, 51.566156417429795 ], [ 0.194591977540598, 51.566075007526216 ], [ 0.195074602851277, 51.566158923570555 ], [ 0.195080481485473, 51.56615994667245 ], [ 0.195069237204976, 51.566145174738196 ], [ 0.195124587662176, 51.565968900867674 ], [ 0.1951264868558, 51.565965789710887 ], [ 0.195137225353855, 51.565948169256608 ], [ 0.195139351457038, 51.56594467614611 ], [ 0.195188502674355, 51.565888134422487 ], [ 0.195208415971542, 51.565873768587906 ], [ 0.195510378312877, 51.565655953361862 ], [ 0.195514017631028, 51.565653322228648 ], [ 0.195442127677168, 51.565449698985653 ], [ 0.195430301807071, 51.565446224209467 ], [ 0.195387866479509, 51.565435138718726 ], [ 0.195311206355629, 51.565421069608178 ], [ 0.194986384124147, 51.565209454728134 ], [ 0.194994626405518, 51.56516965025267 ], [ 0.194926157388112, 51.565170167155578 ], [ 0.19490163739042, 51.565170356215496 ], [ 0.194866689077049, 51.565170623505686 ], [ 0.194871927754461, 51.565146657995996 ], [ 0.194874703222958, 51.56513387194051 ], [ 0.194876619609434, 51.565125121841497 ], [ 0.195004600738937, 51.565130307978976 ], [ 0.195180218020695, 51.565137426256236 ], [ 0.195418779867769, 51.565147511896519 ], [ 0.195446539678046, 51.565148682983448 ], [ 0.195607627013316, 51.565155497033821 ], [ 0.19591759125084, 51.565168597657838 ], [ 0.195928633247675, 51.565168678707018 ], [ 0.19594416420921, 51.565168792621613 ], [ 0.19595206374025, 51.565099110705184 ], [ 0.195992088643271, 51.564746374588431 ], [ 0.196008545861941, 51.564601206916578 ], [ 0.196012374903076, 51.564567456370291 ], [ 0.196018087970492, 51.5645170964154 ], [ 0.196021804283142, 51.564484301239155 ], [ 0.196028608742699, 51.564424244360865 ], [ 0.1960846824859, 51.564370387490825 ], [ 0.196108725925613, 51.564354316446575 ], [ 0.196342744709178, 51.564197925616384 ], [ 0.196350204685277, 51.564193739067854 ], [ 0.196430355737646, 51.564148801907713 ], [ 0.196444715064701, 51.56414167134124 ], [ 0.196482183270254, 51.564123037623126 ], [ 0.196631892011995, 51.564058823397083 ], [ 0.19665388170755, 51.56399957655541 ], [ 0.19665381053035, 51.563995701897483 ], [ 0.196653623827362, 51.563984634988373 ], [ 0.19665540672089, 51.563973720046327 ], [ 0.19668435364287, 51.563797031676643 ], [ 0.196687028395988, 51.563780668248 ], [ 0.196689205957277, 51.563693763899302 ], [ 0.196692877150093, 51.563679216384848 ], [ 0.196694847948344, 51.563671454472484 ], [ 0.196702672880605, 51.56364983259747 ], [ 0.196706164016689, 51.563640234615022 ], [ 0.196712185342096, 51.563600786382381 ], [ 0.196713862109488, 51.563589765510542 ], [ 0.196728009804921, 51.563545290868063 ], [ 0.196729362419126, 51.563541020830975 ], [ 0.196779733803809, 51.563303794870166 ], [ 0.196778573816659, 51.563294688680934 ], [ 0.196775678827414, 51.5632720265342 ], [ 0.196767547659815, 51.563235909973898 ], [ 0.196767816682667, 51.563227415525411 ], [ 0.196778056740044, 51.563139555295869 ], [ 0.19684642135692, 51.562889487518703 ], [ 0.19690619993127, 51.56277421051346 ], [ 0.196815803275794, 51.562703419837739 ], [ 0.19681318686386, 51.56270122058519 ], [ 0.196802451793926, 51.562692221780864 ], [ 0.196793322944649, 51.562686016701321 ], [ 0.196784914069026, 51.562677684777299 ], [ 0.196773775469033, 51.562666598154088 ], [ 0.19676294161969, 51.562655847556996 ], [ 0.196740454846114, 51.562633516355476 ], [ 0.196721791598051, 51.5626177773701 ], [ 0.196710574402444, 51.562609551992736 ], [ 0.196493246385724, 51.562450200723561 ], [ 0.196473641979611, 51.562440081972412 ], [ 0.196326256106548, 51.562364049451844 ], [ 0.196318580948985, 51.562359116605201 ], [ 0.196275409199035, 51.562324591386094 ], [ 0.196227316453009, 51.562286147401906 ], [ 0.196218537598239, 51.562279117357029 ], [ 0.196172910147515, 51.562228945254269 ], [ 0.196165706517623, 51.562218072670483 ], [ 0.196110594940931, 51.562134830910971 ], [ 0.196108353942091, 51.562131437533999 ], [ 0.196096328599935, 51.562095034100167 ], [ 0.19609474873567, 51.562076304234722 ], [ 0.19608966155127, 51.562016191194829 ], [ 0.196089434334116, 51.562013569486354 ], [ 0.196141153187359, 51.561849242918335 ], [ 0.196109986207206, 51.561846786807848 ], [ 0.195610102362589, 51.561807474624601 ], [ 0.195612614686934, 51.561797921971802 ], [ 0.195607903682971, 51.561793868866417 ], [ 0.195595404929588, 51.561793181036307 ], [ 0.195238656331712, 51.561777465553817 ], [ 0.195060195622017, 51.561769609021255 ], [ 0.195063151019716, 51.561760866452545 ], [ 0.195124397081501, 51.561579482086401 ], [ 0.195124261774486, 51.561572173288894 ], [ 0.195123529626918, 51.561531475564244 ], [ 0.19512072282693, 51.561525017140518 ], [ 0.195101979760855, 51.561481814675467 ], [ 0.194942121042315, 51.561306123712285 ], [ 0.194937368141101, 51.561300897772327 ], [ 0.194883398774923, 51.561267410409975 ], [ 0.194712070122255, 51.561363064499162 ], [ 0.194579631340192, 51.561405952593717 ], [ 0.194440208930406, 51.561425890588673 ], [ 0.194348614522285, 51.561423489813784 ], [ 0.194332710654507, 51.561421296265159 ], [ 0.194090010037729, 51.561387750820479 ], [ 0.194081684251301, 51.561382330878594 ], [ 0.194071586066694, 51.561375757009223 ], [ 0.19406475016095, 51.561371316416889 ], [ 0.194055859426201, 51.561372148202118 ], [ 0.194040635133734, 51.56137358407851 ], [ 0.193760716252823, 51.561399984672889 ], [ 0.193752643212612, 51.561399969287194 ], [ 0.193741388204569, 51.561399640200328 ], [ 0.193541328166841, 51.561354522479292 ], [ 0.193477090839698, 51.561327710448076 ], [ 0.193463226816671, 51.561319929935884 ], [ 0.193375741540513, 51.561270809206121 ], [ 0.193179567581013, 51.561160661527381 ], [ 0.192984091912051, 51.561173354253008 ], [ 0.192961149988014, 51.561178414578684 ], [ 0.192691072178363, 51.561237997272102 ], [ 0.192656536424689, 51.561248436265487 ], [ 0.192636918364518, 51.561254963211034 ], [ 0.192569020959463, 51.561281358917711 ], [ 0.192557234567451, 51.561289484106659 ], [ 0.19234238701325, 51.561437667180158 ], [ 0.192340237199224, 51.561448472020921 ], [ 0.192338689261692, 51.561456189995219 ], [ 0.192338688650099, 51.561458878923368 ], [ 0.192338962305914, 51.561621418373143 ], [ 0.192338970397959, 51.561626539753789 ], [ 0.192336586678983, 51.56163217797252 ], [ 0.192337683110979, 51.561642382557494 ], [ 0.192342654580514, 51.561688783615473 ], [ 0.192344100351801, 51.561702354058042 ], [ 0.192694202775695, 51.561989531353106 ], [ 0.193201930024514, 51.562169477214752 ], [ 0.193163981861693, 51.562364166403562 ], [ 0.193159514113365, 51.562387074248072 ], [ 0.193157027044959, 51.562399863872685 ], [ 0.193178203033814, 51.562493094357414 ], [ 0.193186954585102, 51.562591085137328 ], [ 0.193191271844898, 51.56263946334974 ], [ 0.193197525988147, 51.562709519013623 ], [ 0.193191983061284, 51.562722069006952 ], [ 0.19317916704972, 51.562751095324572 ], [ 0.193165348196371, 51.562782370662909 ], [ 0.193164450217418, 51.562949136189694 ], [ 0.1931641909621, 51.562962648566 ], [ 0.193161949856912, 51.563082576531528 ], [ 0.193159968574685, 51.563098684118764 ], [ 0.193156021444325, 51.563130620220626 ], [ 0.193150063599987, 51.563178952236477 ], [ 0.193142700575111, 51.563238569796759 ], [ 0.193139477461746, 51.563250455893517 ], [ 0.193137405902818, 51.5632580847426 ], [ 0.193097259073298, 51.56340616816744 ], [ 0.193384212512783, 51.563450632913998 ], [ 0.193399883210607, 51.563453064761255 ], [ 0.193521235203873, 51.563471866085997 ], [ 0.193558754588466, 51.563477684375314 ], [ 0.193559514060947, 51.563472175432793 ], [ 0.193587476620232, 51.563474584219883 ], [ 0.193818927022243, 51.563494491717655 ], [ 0.193812596240003, 51.563545555618475 ], [ 0.193806929600296, 51.563591229267431 ], [ 0.193780780797831, 51.563802020249845 ], [ 0.193778600576906, 51.563819687357736 ], [ 0.193765282615036, 51.563927070362631 ], [ 0.193758497223216, 51.563981883860166 ], [ 0.193750459915778, 51.564046667058072 ], [ 0.193747601524679, 51.564069733671275 ], [ 0.193742506798094, 51.564110801182665 ], [ 0.19385299694636, 51.564115524363103 ], [ 0.194285660848924, 51.564134014406669 ], [ 0.194273023967887, 51.564191950055559 ], [ 0.194273107071261, 51.564195176996549 ], [ 0.194274401818288, 51.564241583758196 ], [ 0.194274790427042, 51.564255659563884 ], [ 0.194284144291777, 51.564315427576126 ], [ 0.194278200539882, 51.564370778419246 ], [ 0.194273921884781, 51.564387261738396 ], [ 0.194272473991958, 51.564392855506803 ], [ 0.194267404278682, 51.564412240385167 ], [ 0.194261780602904, 51.564414562370899 ], [ 0.194234313773959, 51.564427419130091 ], [ 0.194225513037965, 51.564432233161284 ], [ 0.194189915081568, 51.564451676529728 ], [ 0.19417241147337, 51.564461239803165 ], [ 0.194121952086868, 51.56447948630445 ], [ 0.194103052620916, 51.564487627802372 ], [ 0.194079247288426, 51.56449786651104 ], [ 0.194072042799839, 51.564501670431959 ], [ 0.193873374837825, 51.564606665981501 ], [ 0.193868767461896, 51.56461016950847 ], [ 0.193799323294882, 51.564662989427752 ], [ 0.193791522803873, 51.56466700232599 ], [ 0.193668299666505, 51.564730261701996 ], [ 0.193663412255089, 51.564731243418549 ], [ 0.193349241128072, 51.564794255983415 ], [ 0.193296163132128, 51.564764964508981 ], [ 0.193266355499727, 51.564748507085483 ], [ 0.193256871917894, 51.56474902615507 ], [ 0.193177680985539, 51.564753402679898 ], [ 0.193142492023509, 51.564751659513945 ], [ 0.192943696436223, 51.564741832947128 ], [ 0.192933152337401, 51.564741301648226 ], [ 0.192850557032286, 51.564727989366254 ], [ 0.192815320586865, 51.56471715503902 ], [ 0.19281083894555, 51.564715772961165 ], [ 0.192775027258501, 51.564698375472986 ], [ 0.192766272626643, 51.564699951045363 ], [ 0.192580395884351, 51.564733444567459 ], [ 0.192566155951248, 51.564734070479069 ], [ 0.192342463958859, 51.564743908395556 ], [ 0.19233891334512, 51.564746285969257 ], [ 0.192314714986684, 51.564762467070707 ], [ 0.192291804504821, 51.564763416884936 ], [ 0.191993494580633, 51.564775817880879 ], [ 0.191982651572115, 51.564776272322689 ], [ 0.19197041175658, 51.564775583773411 ], [ 0.191878602222484, 51.564770042109771 ], [ 0.191617154760026, 51.564690051355655 ], [ 0.191608986026814, 51.564685203864038 ], [ 0.191527760787912, 51.564637035037293 ], [ 0.191574930382014, 51.564570419141866 ], [ 0.19158969075517, 51.564541289210148 ], [ 0.191604283635481, 51.564519783999529 ], [ 0.191606683843212, 51.564516285828176 ], [ 0.19161095528912, 51.564509991832416 ], [ 0.191627543898402, 51.564477172068855 ], [ 0.191629810258838, 51.564470888558589 ], [ 0.191637753045649, 51.564448815138377 ], [ 0.191637390877203, 51.564445782261281 ], [ 0.191633199307222, 51.564410499985918 ], [ 0.191632308435532, 51.564403070402783 ], [ 0.191659952705812, 51.564246012181442 ], [ 0.191667180588537, 51.564227378462043 ], [ 0.191677591937249, 51.564200528579008 ], [ 0.191677272019606, 51.564184562934464 ], [ 0.191677092667391, 51.564175726136661 ], [ 0.191679003437602, 51.564168648890075 ], [ 0.191678458590093, 51.56416421651366 ], [ 0.191668475129695, 51.564084369581934 ], [ 0.19165177840222, 51.564027859099532 ], [ 0.19165036663409, 51.564023101186244 ], [ 0.191647797039175, 51.564017969213751 ], [ 0.191642440609356, 51.563998680324652 ], [ 0.191639839355167, 51.56398928624683 ], [ 0.191635702209349, 51.563980658295669 ], [ 0.191603690700823, 51.56391380869433 ], [ 0.191599457577386, 51.563904984688243 ], [ 0.191577053859093, 51.563876535662821 ], [ 0.191573323750847, 51.563868871351083 ], [ 0.191545808038221, 51.563812405617675 ], [ 0.191536327259868, 51.563803670664143 ], [ 0.191478217592825, 51.56375008773977 ], [ 0.191466336418476, 51.56373914037728 ], [ 0.191290386763431, 51.563543438780449 ], [ 0.191288451879862, 51.563540705073919 ], [ 0.19129651914332, 51.563537739542213 ], [ 0.191326908688708, 51.56352940182007 ], [ 0.191373116841353, 51.56351906887425 ], [ 0.191382288717539, 51.563514769716939 ], [ 0.191569653059638, 51.563427040350064 ], [ 0.191554321973277, 51.563425968852243 ], [ 0.191375587646436, 51.563413435520665 ], [ 0.191354552732032, 51.563411966949339 ], [ 0.191345287170471, 51.563411312693702 ], [ 0.191337122358599, 51.563410745789163 ], [ 0.191313235096956, 51.563409069700924 ], [ 0.19119362490162, 51.563390161593283 ], [ 0.191176949311017, 51.563387532388859 ], [ 0.190982668680714, 51.563356826176076 ], [ 0.190952399070752, 51.563352040732347 ], [ 0.190930097712578, 51.563344030825746 ], [ 0.190766187996294, 51.563285067400244 ], [ 0.190751858379149, 51.563279912240276 ], [ 0.190651141044576, 51.563243698832302 ], [ 0.190578142308819, 51.563217435563935 ], [ 0.190509915801798, 51.563192899719567 ], [ 0.190410307508813, 51.563158140245527 ], [ 0.190355822088086, 51.56313912123089 ], [ 0.190245442916785, 51.56310059681838 ], [ 0.190190164965734, 51.563081295753534 ], [ 0.1901653363678, 51.563072631430686 ], [ 0.190120169661952, 51.563056873641713 ], [ 0.190013650258931, 51.563019697836047 ], [ 0.189989643218114, 51.563011314905999 ], [ 0.1899682813358, 51.5630033322362 ], [ 0.189952061440035, 51.562997267999684 ], [ 0.189919386702826, 51.562985053975801 ], [ 0.189758276788588, 51.56292484975117 ], [ 0.189748330452019, 51.562921132458214 ], [ 0.189617074330041, 51.562872079634552 ], [ 0.189526059170316, 51.562838067273887 ], [ 0.189475728293902, 51.562775434991202 ], [ 0.189471404898866, 51.562768627025768 ], [ 0.189457972927564, 51.562753310800716 ], [ 0.189452051175607, 51.562746568641764 ], [ 0.189449560941221, 51.562742181556885 ], [ 0.189446393921827, 51.562736620023792 ], [ 0.189410510473067, 51.562673484213605 ], [ 0.189405988171283, 51.562665537842278 ], [ 0.189367230005378, 51.562551528098155 ], [ 0.189367027211712, 51.562534678929104 ], [ 0.189366428869168, 51.562483438770414 ], [ 0.189366388065075, 51.562480184052028 ], [ 0.189370697399938, 51.562465058263406 ], [ 0.189373651904315, 51.562459580314339 ], [ 0.189433727663382, 51.562348015458291 ], [ 0.189412856609118, 51.562317486964574 ], [ 0.189413072071922, 51.562314461281808 ], [ 0.189090893279846, 51.562283755928817 ], [ 0.188881729943694, 51.562262838540541 ], [ 0.188868768718809, 51.562262585793128 ], [ 0.188852186919202, 51.562260997692995 ], [ 0.188864532296554, 51.562215496352913 ], [ 0.188888964679718, 51.562125424773576 ], [ 0.188894089433629, 51.562115562698139 ], [ 0.188918720872524, 51.562068123402241 ], [ 0.188918296903815, 51.562053877345186 ], [ 0.188924551995434, 51.562041413172317 ], [ 0.188927897767932, 51.562034767829985 ], [ 0.188963024296016, 51.561976332030291 ], [ 0.18897051948341, 51.561963853705869 ], [ 0.188991077272852, 51.561945474986004 ], [ 0.189035872569874, 51.561879871135226 ], [ 0.189064482324906, 51.561841377585417 ], [ 0.189076544465585, 51.561825153856255 ], [ 0.189069985432442, 51.561822866130079 ], [ 0.189061445026942, 51.561819877951542 ], [ 0.188758405729028, 51.561714100257312 ], [ 0.188678787208784, 51.561686313552741 ], [ 0.188672321792272, 51.561690786824073 ], [ 0.188665223074788, 51.561691683688338 ], [ 0.18864795723814, 51.561693876404334 ], [ 0.18859305662782, 51.561701483684779 ], [ 0.18856389276775, 51.561750536300671 ], [ 0.188404505899688, 51.561892110831558 ], [ 0.188383706723513, 51.561910574892245 ], [ 0.188276978829834, 51.561977531774183 ], [ 0.188271248533338, 51.561979886938111 ], [ 0.188200583185289, 51.562008957763659 ], [ 0.188186605818117, 51.562054287144377 ], [ 0.18818306003869, 51.56206578794427 ], [ 0.188177816491169, 51.562082199141365 ], [ 0.188177293732408, 51.562085437395574 ], [ 0.188174825280424, 51.56210044786669 ], [ 0.188171182294732, 51.562122854543183 ], [ 0.188161763001664, 51.562145755676994 ], [ 0.188160509144892, 51.562148791736661 ], [ 0.188154596614237, 51.5621696040171 ], [ 0.188153533918643, 51.562181737469203 ], [ 0.1881465053155, 51.562209360316132 ], [ 0.188130249311823, 51.562273208402587 ], [ 0.188118651330201, 51.562295808440204 ], [ 0.188103500444117, 51.5623249497446 ], [ 0.188094638194049, 51.562348937633082 ], [ 0.188094339221136, 51.562352630357452 ], [ 0.188093956202254, 51.562357277912099 ], [ 0.188090834918065, 51.562395673475613 ], [ 0.188089228535919, 51.562402789958711 ], [ 0.18808271590534, 51.562415906393127 ], [ 0.188076321369267, 51.562428777812102 ], [ 0.188068882691381, 51.562454771570472 ], [ 0.188055582944505, 51.562545660535164 ], [ 0.18805225690468, 51.562570525388786 ], [ 0.18805247947578, 51.56257871389802 ], [ 0.188052484225475, 51.562584226544033 ], [ 0.188049671561205, 51.562595070661878 ], [ 0.188040790907088, 51.562629203040792 ], [ 0.18803977979061, 51.562633088910111 ], [ 0.188038719790301, 51.56264708387026 ], [ 0.188037192764522, 51.562667283747984 ], [ 0.188025805571743, 51.562704205760362 ], [ 0.188024407445847, 51.562708746347802 ], [ 0.188020098668238, 51.562736525291612 ], [ 0.188019243452493, 51.562760804471068 ], [ 0.188019149205247, 51.562763351259932 ], [ 0.188016093334266, 51.562776043487226 ], [ 0.188013459490682, 51.562803548374546 ], [ 0.188012746924432, 51.562810499798225 ], [ 0.1880071398434, 51.562828208270524 ], [ 0.188003757633689, 51.562838910129678 ], [ 0.187968565573981, 51.562913462411466 ], [ 0.187965753542924, 51.562924621271918 ], [ 0.18796434644937, 51.562930178239633 ], [ 0.187961460903155, 51.562942210796329 ], [ 0.187962876129054, 51.563014722270218 ], [ 0.187963028805991, 51.563021814931957 ], [ 0.187964256188955, 51.563030407370697 ], [ 0.187953182231523, 51.563080930004674 ], [ 0.187950910594925, 51.563091323369029 ], [ 0.187950753123693, 51.563105184583144 ], [ 0.187950538760644, 51.563108385607933 ], [ 0.187949953142694, 51.563112870569768 ], [ 0.187945940447728, 51.563150131645926 ], [ 0.187942384642325, 51.563164433957951 ], [ 0.187927871463802, 51.563222817708954 ], [ 0.187927697886851, 51.563248073406527 ], [ 0.187927588250744, 51.563265638861097 ], [ 0.187916332553987, 51.563314029033855 ], [ 0.187910585698759, 51.563337999265357 ], [ 0.187910524147116, 51.563348747097663 ], [ 0.187910369337932, 51.563371988003624 ], [ 0.187907355978284, 51.56338436467842 ], [ 0.187903786399971, 51.563398982002525 ], [ 0.187900682064365, 51.563433824990696 ], [ 0.187893089210756, 51.563466836185313 ], [ 0.187892284751698, 51.563519244647729 ], [ 0.187892202946086, 51.563524156374015 ], [ 0.187892899191156, 51.563529647128014 ], [ 0.187888656594177, 51.563582870640445 ], [ 0.187875563122753, 51.563633858105177 ], [ 0.187875049544439, 51.563654583154488 ], [ 0.187870988703175, 51.563672946249334 ], [ 0.187867973405575, 51.563710548438529 ], [ 0.187866022078546, 51.563717995101911 ], [ 0.187854357542698, 51.563762377501078 ], [ 0.18785425562131, 51.563765967625457 ], [ 0.187855912088402, 51.56377944427495 ], [ 0.18785803961676, 51.563796725187039 ], [ 0.187845291367223, 51.563903035891045 ], [ 0.187844140856901, 51.563911987440463 ], [ 0.18784404684791, 51.563921908517727 ], [ 0.187846085716247, 51.563934784493533 ], [ 0.187841593153766, 51.564004906091334 ], [ 0.187839749094348, 51.56403353835659 ], [ 0.18783898963993, 51.564045378370594 ], [ 0.187835269129627, 51.564062264753609 ], [ 0.187839066399794, 51.564097509593857 ], [ 0.187834843887445, 51.564132054182068 ], [ 0.187835712214899, 51.564160532433583 ], [ 0.187828273030167, 51.564221113417609 ], [ 0.187827859326469, 51.564224520503458 ], [ 0.18779316607141, 51.564291149555366 ], [ 0.187797700878577, 51.564379367631432 ], [ 0.187803107062144, 51.564397019053921 ], [ 0.187803397617278, 51.56440097057196 ], [ 0.187805180602466, 51.564425506300161 ], [ 0.187799504435053, 51.564500883919173 ], [ 0.187791339653543, 51.564536414831245 ], [ 0.187790212837865, 51.564541800197354 ], [ 0.187780129339164, 51.56460681460625 ], [ 0.187778531055259, 51.564670650035197 ], [ 0.187790604738132, 51.564741449161453 ], [ 0.187790089100092, 51.564754582322053 ], [ 0.187780632634557, 51.564809508333063 ], [ 0.187779430646353, 51.564813928349359 ], [ 0.1877800065264, 51.564826534842283 ], [ 0.18776874824966, 51.564943159731655 ], [ 0.187768264512083, 51.564948114926167 ], [ 0.187764401671317, 51.564964743162612 ], [ 0.187560882225367, 51.565069701797405 ], [ 0.18750632366747, 51.565091295409573 ], [ 0.187368297101126, 51.565104526295428 ], [ 0.187211248093985, 51.565108624086839 ], [ 0.187010969265076, 51.565085019795639 ], [ 0.1869949200971, 51.565083124743893 ], [ 0.1869767816775, 51.565080989861016 ], [ 0.186936698874815, 51.565531443231642 ], [ 0.186933537813972, 51.565566925758176 ], [ 0.186933015921971, 51.565573012985929 ], [ 0.186945849283774, 51.565572415779307 ], [ 0.187034072169901, 51.565567686174262 ], [ 0.187031674442245, 51.565576058438261 ], [ 0.187005262167837, 51.565668279936816 ], [ 0.186976174532194, 51.565769706228842 ], [ 0.186954308104878, 51.565822228612603 ], [ 0.186934161646781, 51.565870600110429 ], [ 0.18692560416342, 51.565887729535461 ], [ 0.186847693066128, 51.56604402436264 ], [ 0.186793973164348, 51.566151746355892 ], [ 0.186791630243033, 51.566156448432999 ], [ 0.186783561683255, 51.566172642449494 ], [ 0.186771369290764, 51.566221396212391 ], [ 0.186763454448303, 51.566252983446496 ], [ 0.186722265815816, 51.566417577578498 ], [ 0.186693613892078, 51.566601237030611 ], [ 0.186686398722902, 51.566647568793293 ], [ 0.186682162006802, 51.566701097913125 ], [ 0.186684056142293, 51.566730519301558 ], [ 0.186684521008616, 51.566740214124685 ], [ 0.186686924733082, 51.566790494360916 ], [ 0.186687704854378, 51.566806613329817 ], [ 0.186685288751007, 51.566863053726266 ], [ 0.186681145255565, 51.56695930254088 ], [ 0.186677358290459, 51.567047639825574 ], [ 0.186676901626895, 51.567058278111958 ], [ 0.186676084146072, 51.567077340610112 ], [ 0.186675792330348, 51.56708449551688 ], [ 0.187160956830758, 51.567157061118998 ], [ 0.187174109852215, 51.567159028131186 ], [ 0.187182204963025, 51.567160235123026 ], [ 0.187208525858007, 51.567164177857187 ], [ 0.187222332801212, 51.567166240585912 ], [ 0.187258041805772, 51.567171573024858 ], [ 0.187277068266934, 51.567174455700162 ], [ 0.187294494683588, 51.567177071441172 ], [ 0.187305222479408, 51.567178714947147 ], [ 0.187400906151329, 51.567193189871432 ], [ 0.18747526746095, 51.567204447199046 ], [ 0.187518828739189, 51.567211036002675 ], [ 0.187525282294836, 51.567212012785845 ], [ 0.187559178098415, 51.567217145115215 ], [ 0.187582957194318, 51.567220739467253 ], [ 0.187649367617553, 51.567230787032635 ], [ 0.187653379360452, 51.567231395674646 ], [ 0.187665617715407, 51.567233244790188 ], [ 0.187744964566476, 51.567245254296402 ], [ 0.187773118868928, 51.567249513419441 ], [ 0.18783697701648, 51.567262603156237 ], [ 0.1878778540392, 51.56727098653873 ], [ 0.187910730132936, 51.567277720555815 ], [ 0.187921965622688, 51.567280020016113 ], [ 0.187929077237771, 51.567281479116552 ], [ 0.187997234504504, 51.567295450818975 ], [ 0.188092293332819, 51.567314936938502 ], [ 0.188145644305119, 51.567325866354025 ], [ 0.188251297546496, 51.567347519851261 ], [ 0.188272019304329, 51.567352951717439 ], [ 0.188436230259849, 51.567396004012842 ], [ 0.188449821006712, 51.56739957245437 ], [ 0.188500017916405, 51.567412727870369 ], [ 0.188611328549659, 51.567441910534839 ], [ 0.188696393351044, 51.567464208600889 ], [ 0.1887011570109, 51.567465450671286 ], [ 0.188766318567584, 51.56748253544098 ], [ 0.188773727444582, 51.567484474563969 ], [ 0.18880998218497, 51.567492449257941 ], [ 0.188860193706471, 51.567503499879926 ], [ 0.188894640536676, 51.567511085615742 ], [ 0.188937181367273, 51.567520453779139 ], [ 0.188972925971746, 51.567528321033215 ], [ 0.189020060279833, 51.567538691589803 ], [ 0.189081953382228, 51.567552311923713 ], [ 0.189130762679754, 51.56756480949322 ], [ 0.189164802613519, 51.567573535860845 ], [ 0.189210677101278, 51.567585314775954 ], [ 0.189270708181469, 51.567600723398698 ], [ 0.189277574620881, 51.567602483761029 ], [ 0.189288356502878, 51.567605250197616 ], [ 0.18935989985031, 51.567623609421645 ], [ 0.189440778916815, 51.567644366326867 ], [ 0.189449983104976, 51.567646730535451 ], [ 0.189476280050968, 51.567653470010107 ], [ 0.189509745852442, 51.567662557719736 ], [ 0.189571786285875, 51.567679390036538 ], [ 0.189604857789763, 51.56769183497228 ], [ 0.189638894532343, 51.567704698038774 ], [ 0.189707232321182, 51.567730518129551 ], [ 0.189728785959498, 51.56773854217073 ], [ 0.189776551387565, 51.567756337844216 ], [ 0.189782838684905, 51.567758657561896 ], [ 0.189794459796628, 51.567762973064035 ], [ 0.189881512666308, 51.567795395219228 ], [ 0.189917699892906, 51.567808865545643 ], [ 0.18993295101087, 51.56781455213595 ], [ 0.19004140933586, 51.567854911002797 ], [ 0.190160858317474, 51.567899372177713 ], [ 0.190175297151363, 51.567904669218578 ], [ 0.190192687923887, 51.567911039754925 ], [ 0.190197314445775, 51.56791272947715 ], [ 0.190314349654115, 51.567955598838417 ], [ 0.19034670762143, 51.567967449854621 ], [ 0.190364656853464, 51.567974030263628 ], [ 0.19040916241394, 51.567990339752903 ], [ 0.190415933729554, 51.567992821262877 ], [ 0.190494089355089, 51.568021443196386 ], [ 0.190515788121107, 51.56802977913182 ], [ 0.190523859205586, 51.5680328838558 ], [ 0.190550416838997, 51.568043089510198 ], [ 0.190574063407382, 51.568052171446155 ], [ 0.190592454532104, 51.568059238180517 ], [ 0.190602186670348, 51.568062977356668 ], [ 0.190607361536549, 51.56806496707884 ], [ 0.190637425390784, 51.568076519126002 ], [ 0.190677201033201, 51.56808778185227 ], [ 0.190686694830287, 51.568090464299239 ], [ 0.190708272626914, 51.568096581186936 ], [ 0.190729191742802, 51.568102503534789 ], [ 0.190734311885418, 51.568103954693512 ], [ 0.190759122438321, 51.568110982431996 ], [ 0.190764520387961, 51.56811250933724 ], [ 0.190773231452006, 51.568114217167881 ], [ 0.190808322959346, 51.568121088830488 ], [ 0.190812867638669, 51.568121975183082 ], [ 0.190865263804905, 51.568132219710868 ], [ 0.190882467536792, 51.568135594470917 ], [ 0.190890231584651, 51.568137113143877 ], [ 0.190898316257434, 51.568138697771047 ], [ 0.190987508924009, 51.568156159723664 ], [ 0.191002337253371, 51.5681590482532 ], [ 0.191015884380706, 51.568161699918058 ], [ 0.191020399802342, 51.568162577816054 ], [ 0.191038652795296, 51.568166166769316 ], [ 0.191049140869033, 51.56816821908825 ], [ 0.191088063811618, 51.568175846444966 ], [ 0.191107685384227, 51.568179688602847 ], [ 0.191120467434672, 51.568182183681493 ], [ 0.191192223441653, 51.568196225640882 ], [ 0.191265604243475, 51.568210596919045 ], [ 0.19127446080761, 51.568212328972329 ], [ 0.191298561497891, 51.568217043368655 ], [ 0.191318277980065, 51.568220907998494 ], [ 0.191344017719873, 51.568225948783862 ], [ 0.191435934306965, 51.568243935047001 ], [ 0.191444936347796, 51.568245691347947 ], [ 0.191500712913692, 51.568256609850003 ], [ 0.191514289362278, 51.568259269901262 ], [ 0.191549992638977, 51.568266255808332 ], [ 0.191632724683633, 51.568283008826548 ], [ 0.19165445887509, 51.568286700800321 ], [ 0.191770812043256, 51.568309477571297 ], [ 0.191793157758909, 51.568313853249357 ], [ 0.191803179806327, 51.568315815285544 ], [ 0.191811192023592, 51.568317392209551 ], [ 0.191890938172491, 51.56833299308289 ], [ 0.191910698347253, 51.568336863988954 ], [ 0.191917064184958, 51.568338111954532 ], [ 0.19192178363625, 51.568339030969014 ], [ 0.191938258898372, 51.568342257311393 ], [ 0.191943451866967, 51.568343270894871 ], [ 0.192019921039218, 51.568358240461549 ], [ 0.192053075156895, 51.568364725282649 ], [ 0.192068049944981, 51.568367655902435 ], [ 0.192075551972597, 51.568369125434579 ], [ 0.192092828392837, 51.568372507647936 ], [ 0.192105553445563, 51.568375165556184 ], [ 0.192114444951934, 51.568377022793548 ], [ 0.192161671945657, 51.568386886715899 ], [ 0.192166933903531, 51.568387984433251 ], [ 0.192233794769361, 51.568401941873567 ], [ 0.192240470723065, 51.568403336905561 ], [ 0.192262845197894, 51.568408008723466 ], [ 0.19239719478602, 51.568436073590888 ], [ 0.192434589456751, 51.56844386845075 ], [ 0.192510640373061, 51.568459735815431 ], [ 0.192517156460643, 51.568461106840878 ], [ 0.192523439285419, 51.568462428268596 ], [ 0.192538030060109, 51.568465473921727 ], [ 0.192554530193474, 51.568468915542581 ], [ 0.192569150238075, 51.56847196963755 ], [ 0.192623198862882, 51.568483252638181 ], [ 0.192645646362, 51.56848794100231 ], [ 0.192741193964567, 51.568507895251798 ], [ 0.19278812920744, 51.568517687930594 ], [ 0.192794061719592, 51.568518925963168 ], [ 0.192871403684783, 51.568535079209155 ], [ 0.192942565069351, 51.568549936065892 ], [ 0.192948774536638, 51.568551231863005 ], [ 0.193179007307471, 51.568599301992492 ], [ 0.193280356199113, 51.568620455791041 ], [ 0.193328166840245, 51.568630443213934 ], [ 0.193356109911795, 51.568635981923606 ], [ 0.19336619148856, 51.568637978682148 ], [ 0.193414108580094, 51.568647478457258 ], [ 0.193808866517675, 51.56872570839765 ], [ 0.193823653674657, 51.568728633305327 ], [ 0.19396471064424, 51.568755765105003 ], [ 0.194036163462058, 51.568770756123072 ], [ 0.194052589855158, 51.568774010055492 ], [ 0.194103828889992, 51.568784166837766 ], [ 0.194113837579872, 51.568786146908309 ], [ 0.194154616263076, 51.568794233124102 ], [ 0.194179164906795, 51.568799097711903 ], [ 0.194190011229247, 51.568801241964863 ], [ 0.194266498352235, 51.568816403050043 ], [ 0.194274402175721, 51.568817972837273 ], [ 0.194291039810364, 51.568821267748405 ], [ 0.194333012857665, 51.568829583358855 ], [ 0.194340777994162, 51.568831119764347 ], [ 0.194384237163056, 51.568839731298738 ], [ 0.194391579884765, 51.568841185674366 ], [ 0.194436867652827, 51.568850163163411 ], [ 0.194448472116712, 51.56885246857 ], [ 0.194472386760678, 51.568857201069939 ], [ 0.194487689912552, 51.568860201670873 ], [ 0.194558064915559, 51.56887398858634 ], [ 0.194564168793458, 51.568875187349036 ], [ 0.194622861362514, 51.568886697267807 ], [ 0.194634588173121, 51.568888995869756 ], [ 0.194638973112469, 51.568889858081235 ], [ 0.194646781087461, 51.568891384671488 ], [ 0.194726101018454, 51.568906933098781 ], [ 0.194738337625639, 51.568909330066155 ], [ 0.194759475172253, 51.568913475972543 ], [ 0.194773823879948, 51.568916283061021 ], [ 0.19481255931508, 51.568923885686424 ], [ 0.194823630456576, 51.568926052651371 ], [ 0.194845146321609, 51.568930263406088 ], [ 0.194852226104424, 51.568931650729041 ], [ 0.194870217148228, 51.568935181025083 ], [ 0.194880210187396, 51.568937134342846 ], [ 0.194890305444318, 51.568939112725758 ], [ 0.194901434693676, 51.568941287588729 ], [ 0.194965262641536, 51.568953807363584 ], [ 0.194974534690895, 51.568955621285767 ], [ 0.194981789648662, 51.568957050287239 ], [ 0.195077978648225, 51.568975897942174 ], [ 0.195092458877413, 51.568978738501244 ], [ 0.195107026475868, 51.568981595409269 ], [ 0.195165004652711, 51.568992947555344 ], [ 0.195173279198705, 51.568994573292933 ], [ 0.195183360279233, 51.568996556411918 ], [ 0.195200345996027, 51.568999885144869 ], [ 0.19524227264881, 51.569008129347843 ], [ 0.195258967653051, 51.569011414052092 ], [ 0.195294801800281, 51.569018396346401 ], [ 0.195322684200695, 51.569023863769836 ], [ 0.195336013396871, 51.569026474039909 ], [ 0.195376584166644, 51.569034428819272 ], [ 0.195382673236153, 51.569035618822767 ], [ 0.195427818142111, 51.569044468197418 ], [ 0.195478970536578, 51.569054311234332 ], [ 0.195484549388905, 51.569055393874635 ], [ 0.195504911279016, 51.569059311353399 ], [ 0.19550944085351, 51.56906017981715 ], [ 0.195516067904768, 51.56906145416901 ], [ 0.195549363484978, 51.569067858893192 ], [ 0.195581741927865, 51.569074096420756 ], [ 0.195594355196532, 51.569076522217735 ], [ 0.19560616773842, 51.569078801129713 ], [ 0.19562581585567, 51.56908257906862 ], [ 0.195703898997943, 51.5690976014032 ], [ 0.195708225009587, 51.569098437698166 ], [ 0.19572198892447, 51.569101084749867 ], [ 0.195739991485668, 51.569104551743379 ], [ 0.195779331017206, 51.56911210676148 ], [ 0.195790903747437, 51.569114349675857 ], [ 0.195805301955023, 51.569117133226456 ], [ 0.195838029504592, 51.569123427096642 ], [ 0.195883851318122, 51.569132245632929 ], [ 0.195894643872277, 51.56913431878796 ], [ 0.195933329057576, 51.569141769096014 ], [ 0.195958715987152, 51.569146653580276 ], [ 0.195986564512631, 51.569152013561258 ], [ 0.195992710848293, 51.569153193467201 ], [ 0.196038037993435, 51.569161926777902 ], [ 0.196046704241124, 51.569163594579713 ], [ 0.196052457422898, 51.569164700907194 ], [ 0.196122413424368, 51.569178157474106 ], [ 0.196139687830933, 51.569181485159106 ], [ 0.196146472559695, 51.569182437271479 ], [ 0.196201534117656, 51.569190147396128 ], [ 0.196209364671981, 51.569191241794663 ], [ 0.196215626059175, 51.56919211377317 ], [ 0.196233335997319, 51.569194596941784 ], [ 0.196287089654475, 51.569202115685862 ], [ 0.196297259547888, 51.569203543976137 ], [ 0.196328320112407, 51.569207881476181 ], [ 0.196333375793212, 51.569208587174693 ], [ 0.196354717725916, 51.569211577859704 ], [ 0.196368490771767, 51.569213514218106 ], [ 0.19641918650867, 51.569220609042354 ], [ 0.196457024844041, 51.569225903230588 ], [ 0.196464216294927, 51.569226910658145 ], [ 0.196534241443054, 51.569236705539765 ], [ 0.196544171520544, 51.56923809783131 ], [ 0.196592382932824, 51.569244843416492 ], [ 0.196661885653027, 51.569254576061553 ], [ 0.196701547461665, 51.569260128288562 ], [ 0.196705891518875, 51.569260739383729 ], [ 0.196733160712245, 51.569264554250793 ], [ 0.196746236138072, 51.569266386722113 ], [ 0.196759679918147, 51.569268077397922 ], [ 0.196774692006051, 51.569269972514256 ], [ 0.196787047142935, 51.569271530697193 ], [ 0.196813165406142, 51.569274818531696 ], [ 0.19686463307228, 51.569281309662045 ], [ 0.196868814216013, 51.569281833872957 ], [ 0.196875797783425, 51.569282719267242 ], [ 0.196942146081412, 51.569291071954908 ], [ 0.196949405741976, 51.569291997137839 ], [ 0.196955097094416, 51.569292717880693 ], [ 0.196973099911516, 51.569294988611432 ], [ 0.197006172504975, 51.569299153345064 ], [ 0.197023406022448, 51.569301330563221 ], [ 0.197038083938829, 51.569303177947518 ], [ 0.197045401271697, 51.569304102044072 ], [ 0.19706465263152, 51.569306529231248 ], [ 0.197118370610828, 51.569313301840666 ], [ 0.197135160951449, 51.569315415400666 ], [ 0.197146637812042, 51.569316864096898 ], [ 0.197287291944007, 51.569334598119596 ], [ 0.197427391525308, 51.568953342238203 ] ] ] } },
{ "type": "Feature", "properties": { "lsoa21cd": "E01002321", "lsoa21nm": "Havering 021B", "msoa21cd": "E02000484", "msoa21nm": "Havering 021", "lad22cd": "E09000016", "lad22nm": "Havering", "index_right": 126, "GSS_CODE": "E05000315", "risk_score": 0.00088407340418346966, "allocation_hours": 0.014749334655699851, "patrol_units": 0 }, "geometry": { "type": "Polygon", "coordinates": [ [ [ 0.2041151058969, 51.567905534347801 ], [ 0.204128892332451, 51.567898494471997 ], [ 0.204375671080683, 51.567992256185512 ], [ 0.204382565397506, 51.567994878415945 ], [ 0.204621157894086, 51.56796704658673 ], [ 0.20463108729999, 51.567965888640067 ], [ 0.204651792277681, 51.567943169750713 ], [ 0.20465401266147, 51.567940744860444 ], [ 0.204990097297697, 51.567782911101979 ], [ 0.205013192440896, 51.56777680219372 ], [ 0.205324749974785, 51.567694277294862 ], [ 0.20532921597932, 51.56769278589119 ], [ 0.205329212682269, 51.567688689650758 ], [ 0.205326619996504, 51.567574806351374 ], [ 0.205326449017931, 51.567567093590299 ], [ 0.205288236194675, 51.567529133531956 ], [ 0.20531174366245, 51.567519320692995 ], [ 0.205938380975778, 51.567257770415722 ], [ 0.206187710732755, 51.567153715627192 ], [ 0.206198106394202, 51.567149374243783 ], [ 0.206214287078335, 51.567142621796428 ], [ 0.206242741446221, 51.567136942375484 ], [ 0.206235911067541, 51.567126692987834 ], [ 0.206196148597266, 51.567066846396827 ], [ 0.206191418745738, 51.567059749994307 ], [ 0.206156854798863, 51.567007737390661 ], [ 0.206133947150526, 51.566973266614269 ], [ 0.206115184539496, 51.566883689701186 ], [ 0.206109764409429, 51.566838161227771 ], [ 0.206101171447725, 51.566766118151612 ], [ 0.206083731570169, 51.566619464775883 ], [ 0.206080472912483, 51.566592070473668 ], [ 0.206067837614455, 51.566485975031135 ], [ 0.206065211088576, 51.56646389268748 ], [ 0.206064506610994, 51.566457979558223 ], [ 0.20606370448477, 51.566451240910624 ], [ 0.206062785513136, 51.566443578182913 ], [ 0.206056848935311, 51.566393634866223 ], [ 0.206044205069965, 51.566287359718267 ], [ 0.206042029068235, 51.566269221318379 ], [ 0.206036094063085, 51.566219309444818 ], [ 0.206032573023916, 51.566189770749709 ], [ 0.206019839028036, 51.566082822815957 ], [ 0.206017970187999, 51.566067156206195 ], [ 0.206018735903874, 51.5660221318509 ], [ 0.206018848012965, 51.566015798671891 ], [ 0.206018949034086, 51.566010131183276 ], [ 0.206021022248461, 51.565888326999179 ], [ 0.206021512937718, 51.565859989826684 ], [ 0.206021722665368, 51.565847620509906 ], [ 0.206022961462669, 51.565774789898505 ], [ 0.206023239307571, 51.565759055919052 ], [ 0.206023470702055, 51.565745643006785 ], [ 0.206023531940284, 51.565741837816823 ], [ 0.20602524062797, 51.565641731595974 ], [ 0.20602543477277, 51.565630531661633 ], [ 0.206025507024529, 51.565626357551523 ], [ 0.206033561663066, 51.565514261173213 ], [ 0.206037552602153, 51.565458654324701 ], [ 0.206045627407827, 51.565346080935122 ], [ 0.206048664407349, 51.565303864621029 ], [ 0.206049224643564, 51.565296057151201 ], [ 0.206051370898154, 51.565266151024055 ], [ 0.206052095409377, 51.565226837992569 ], [ 0.206052788395832, 51.565189557971472 ], [ 0.206053021299259, 51.565177071308504 ], [ 0.206054628366501, 51.565090078782688 ], [ 0.206054943737921, 51.56507273434908 ], [ 0.206055876368447, 51.565022212125307 ], [ 0.206057321402384, 51.564943801966386 ], [ 0.206057932937052, 51.564910804143437 ], [ 0.206058431136548, 51.564883815775488 ], [ 0.206059342099418, 51.56483433714584 ], [ 0.206057386468601, 51.564793905449406 ], [ 0.206056734592683, 51.564780428217176 ], [ 0.206039993472732, 51.564752010572406 ], [ 0.206030262763278, 51.564735484663998 ], [ 0.206025295452893, 51.564727052760738 ], [ 0.205964657244698, 51.564662733606262 ], [ 0.205932520594123, 51.564628643241541 ], [ 0.205918087133229, 51.564613329925258 ], [ 0.205749342583335, 51.564434297389198 ], [ 0.205688202516507, 51.564369429956521 ], [ 0.205677190853177, 51.564357739367708 ], [ 0.205746354231378, 51.564332525875493 ], [ 0.205759373473065, 51.564324268189552 ], [ 0.205919790404748, 51.564263704038737 ], [ 0.205924126664597, 51.564267741250617 ], [ 0.205989769437621, 51.564328746783836 ], [ 0.206002429753041, 51.564340514239973 ], [ 0.206083385411989, 51.564542997241631 ], [ 0.206085864630952, 51.564549209721349 ], [ 0.20634577868697, 51.564479780820129 ], [ 0.20638554484506, 51.564479648533705 ], [ 0.206421610596145, 51.564479527414186 ], [ 0.206497402934557, 51.564485763151772 ], [ 0.206549758701229, 51.564494292458733 ], [ 0.20663975310668, 51.564508966052259 ], [ 0.206644843315238, 51.564509796533045 ], [ 0.206662405643297, 51.564489870266137 ], [ 0.206666208414677, 51.564485562995294 ], [ 0.206794450955444, 51.564397904748319 ], [ 0.206800149456637, 51.564394011443014 ], [ 0.206804146077223, 51.564391921789685 ], [ 0.206811562628277, 51.564388050105713 ], [ 0.206850408188357, 51.564349062758716 ], [ 0.206863858300747, 51.564339277025724 ], [ 0.206892391644334, 51.564318568677812 ], [ 0.206911905525556, 51.564304388139526 ], [ 0.207004922048868, 51.564262249767907 ], [ 0.207015116096293, 51.564257633329497 ], [ 0.207103709059678, 51.564230978653619 ], [ 0.207211919204471, 51.56420942686163 ], [ 0.207328454753996, 51.564195780459748 ], [ 0.207333475801303, 51.564195182326451 ], [ 0.20734085219322, 51.564186904797346 ], [ 0.207146127841547, 51.563946059905888 ], [ 0.207125378731127, 51.563920397776755 ], [ 0.207111889656588, 51.56390641578006 ], [ 0.20704983310099, 51.563834560771504 ], [ 0.207044330993648, 51.563828198374367 ], [ 0.207049441811862, 51.563826474439082 ], [ 0.207191588641627, 51.563773060179308 ], [ 0.207266494737188, 51.563744904906336 ], [ 0.207276173406043, 51.563741269392061 ], [ 0.207318677948815, 51.563728715376804 ], [ 0.207400358143653, 51.563704587257249 ], [ 0.207503773845024, 51.563674033549553 ], [ 0.20753260435317, 51.56367349074786 ], [ 0.207637503356868, 51.563642882017788 ], [ 0.207668647356741, 51.563633797241771 ], [ 0.207731418912907, 51.563615483665316 ], [ 0.20795131793942, 51.563551323692586 ], [ 0.208158610638753, 51.56349083604978 ], [ 0.208165745591636, 51.563489199848405 ], [ 0.208178117850105, 51.563486367867426 ], [ 0.208192470160627, 51.563498804673635 ], [ 0.208250885388695, 51.563482308513507 ], [ 0.208244231778558, 51.563471237544711 ], [ 0.208493982398921, 51.563405902829707 ], [ 0.208638212868683, 51.563368167350447 ], [ 0.2086542275396, 51.56336398070993 ], [ 0.208860820462733, 51.563309935013848 ], [ 0.208867709489546, 51.563307988648333 ], [ 0.208887038514589, 51.563302525483692 ], [ 0.208979641893356, 51.563276364918153 ], [ 0.209089253632419, 51.563245387335904 ], [ 0.20913602460496, 51.563232167743116 ], [ 0.209338993508906, 51.563174817121983 ], [ 0.20937103274564, 51.56316575999567 ], [ 0.209369103502282, 51.563162271094789 ], [ 0.209554043749, 51.563108047647212 ], [ 0.210079428543702, 51.562954015119978 ], [ 0.210087082376335, 51.562951775485089 ], [ 0.210123088712851, 51.562941222486728 ], [ 0.210294327066903, 51.562902022652018 ], [ 0.210408340662528, 51.562872894366549 ], [ 0.210566034437509, 51.562851935462561 ], [ 0.210579823550965, 51.562850956054092 ], [ 0.210694753135905, 51.562841983302761 ], [ 0.210698879228126, 51.562773449055506 ], [ 0.210700369042034, 51.5627482226027 ], [ 0.210702074783974, 51.562719116099103 ], [ 0.210635291875743, 51.562569176046047 ], [ 0.210542159829712, 51.562452197410501 ], [ 0.210516008458949, 51.562431493952062 ], [ 0.210381801151503, 51.56232524479335 ], [ 0.210329662574791, 51.562266972838138 ], [ 0.210227140611231, 51.562152401204756 ], [ 0.21013484999451, 51.562049174632705 ], [ 0.210090623695248, 51.561880238515819 ], [ 0.21009227153791, 51.561825512064445 ], [ 0.210092598290944, 51.561814687333325 ], [ 0.21009275641913, 51.561809315535157 ], [ 0.210094186778678, 51.561762309171769 ], [ 0.210094485862502, 51.561752402247514 ], [ 0.210095915495127, 51.56170448760502 ], [ 0.210096497409001, 51.561685231628353 ], [ 0.210072544423803, 51.561580950698044 ], [ 0.210070074321543, 51.56157016969054 ], [ 0.210065505124104, 51.561550309351354 ], [ 0.210062415203272, 51.56153686011389 ], [ 0.210056396441758, 51.561510606098111 ], [ 0.210046853457208, 51.561469085451755 ], [ 0.21004540867781, 51.56146279060814 ], [ 0.210040091357233, 51.561439697897214 ], [ 0.210037110140884, 51.561426705252565 ], [ 0.210014614889942, 51.561328682931581 ], [ 0.21001258609822, 51.561319863070288 ], [ 0.210002912696799, 51.561277733352831 ], [ 0.210000119614136, 51.561265645453311 ], [ 0.209999293381347, 51.561261843499665 ], [ 0.209980821003098, 51.561125799400934 ], [ 0.209968508329285, 51.561035148254092 ], [ 0.209962853938211, 51.560993482361305 ], [ 0.209959874960812, 51.560972643282405 ], [ 0.209951809120733, 51.560951333519434 ], [ 0.209949011145145, 51.560943908578331 ], [ 0.209894559145296, 51.560799720446894 ], [ 0.209883296150565, 51.560769891616488 ], [ 0.209876321018056, 51.560751439049319 ], [ 0.2098546052959, 51.560668896922394 ], [ 0.209832110486663, 51.560583374804864 ], [ 0.209775022982037, 51.560447307486818 ], [ 0.209731062687427, 51.56037731609954 ], [ 0.209687728963076, 51.560316980357825 ], [ 0.209680782599709, 51.560307308895872 ], [ 0.209582100271035, 51.560189372811479 ], [ 0.209567749496705, 51.560172187831341 ], [ 0.209461393392338, 51.560022399155542 ], [ 0.209347198698879, 51.559883819457085 ], [ 0.209278682396714, 51.559800675167537 ], [ 0.209234661070038, 51.559747267813513 ], [ 0.209084922020027, 51.559565543638357 ], [ 0.2090306939529, 51.559507517239474 ], [ 0.20899500526985, 51.559479591847399 ], [ 0.208921978118466, 51.55942244114442 ], [ 0.208759992463886, 51.559354528821025 ], [ 0.208499053214466, 51.559320899846298 ], [ 0.208458606940105, 51.559315681290542 ], [ 0.208286355168069, 51.559293466242821 ], [ 0.208240626069706, 51.559286107845153 ], [ 0.208210745953284, 51.55928130173897 ], [ 0.20818093791223, 51.559276494267785 ], [ 0.208140094816394, 51.559255923027848 ], [ 0.208112695366463, 51.559242009732088 ], [ 0.208088646280226, 51.559226972164055 ], [ 0.207807126130014, 51.559517027619371 ], [ 0.207367059403937, 51.560024073674818 ], [ 0.207363372307368, 51.560028675558357 ], [ 0.207352242420852, 51.56004255444364 ], [ 0.207344187514208, 51.560052598380395 ], [ 0.207110495714982, 51.560361527449444 ], [ 0.205330752185158, 51.561067547227545 ], [ 0.205305305428305, 51.5610810477013 ], [ 0.205209327651895, 51.561131963602676 ], [ 0.20518037107508, 51.561145682940499 ], [ 0.205174118456078, 51.561148255622776 ], [ 0.205162334454993, 51.561153099646091 ], [ 0.20515665404, 51.561154078797358 ], [ 0.204758018820202, 51.561222709570039 ], [ 0.204753082295787, 51.561223557805214 ], [ 0.204629871314519, 51.561260290738431 ], [ 0.204614103149636, 51.561262107031439 ], [ 0.20456844984546, 51.561267241572949 ], [ 0.204555889462426, 51.561267814966222 ], [ 0.204548130458747, 51.561268176679498 ], [ 0.204510373658626, 51.561267137418255 ], [ 0.204468526504133, 51.561262065243206 ], [ 0.204461089139766, 51.561263410134309 ], [ 0.204288453587595, 51.561294569977548 ], [ 0.204143093625392, 51.561236311981361 ], [ 0.204133586676243, 51.561225878945187 ], [ 0.204058508469853, 51.561143529372565 ], [ 0.20405599506557, 51.56114077979263 ], [ 0.204024492358031, 51.561031639282078 ], [ 0.204026749741503, 51.561022819675166 ], [ 0.204027035553334, 51.561014999379616 ], [ 0.204027277679809, 51.561008663751387 ], [ 0.204027895504823, 51.56099188917289 ], [ 0.204019564491858, 51.560990265155255 ], [ 0.203831315723101, 51.560953865557309 ], [ 0.203826185996756, 51.56094653374781 ], [ 0.203819863886441, 51.560937515677736 ], [ 0.203723428057769, 51.560799792660603 ], [ 0.203723714265372, 51.560792278119884 ], [ 0.203725964931236, 51.560732549225932 ], [ 0.203726611876744, 51.560715180561488 ], [ 0.20371194519615, 51.560707839133819 ], [ 0.203690182107391, 51.560696952934499 ], [ 0.203681407587054, 51.560697495549398 ], [ 0.203561819533849, 51.560704981452155 ], [ 0.203420933940885, 51.560746762103172 ], [ 0.203412675172739, 51.560753203412816 ], [ 0.203278271811686, 51.560858105416635 ], [ 0.203271418154376, 51.560856300703769 ], [ 0.203245830066204, 51.560849560128489 ], [ 0.203235691307647, 51.560840676692507 ], [ 0.203153479664194, 51.560768604666215 ], [ 0.203105014884661, 51.560726124015723 ], [ 0.203012794783459, 51.560649050968138 ], [ 0.203005894389098, 51.560643290193198 ], [ 0.202999775217461, 51.560638171229783 ], [ 0.203009104019599, 51.560633571397666 ], [ 0.202997933203882, 51.560586585962731 ], [ 0.202994375079565, 51.56058520493864 ], [ 0.202988265738128, 51.560582828657772 ], [ 0.202744678841657, 51.56040815175151 ], [ 0.202736464322167, 51.560398031554314 ], [ 0.202740653333118, 51.560394850271472 ], [ 0.202985934054085, 51.560208466484184 ], [ 0.202982968043864, 51.560205005942422 ], [ 0.202940315686666, 51.560155302538334 ], [ 0.202936784257214, 51.560153876045483 ], [ 0.202696403929919, 51.560056609053134 ], [ 0.202692824845731, 51.560052701376947 ], [ 0.202644953311208, 51.56000037102168 ], [ 0.202631533080578, 51.560000011595186 ], [ 0.202576075316911, 51.559998526313699 ], [ 0.20256536279107, 51.559995382141523 ], [ 0.202456452628576, 51.559963425318031 ], [ 0.202453589780977, 51.559961203860034 ], [ 0.202309935993227, 51.559849690822411 ], [ 0.202298017112669, 51.559855625246151 ], [ 0.202270163715231, 51.559869485022418 ], [ 0.202173539329744, 51.559973370447466 ], [ 0.202136562966774, 51.560013130538209 ], [ 0.202082729445081, 51.560070995377885 ], [ 0.202072470101359, 51.560124759422976 ], [ 0.202033203248357, 51.56012424682492 ], [ 0.202023273090575, 51.560134919163076 ], [ 0.201994011019401, 51.560126475680974 ], [ 0.201979138748138, 51.560122636173887 ], [ 0.201776419790893, 51.560070290557768 ], [ 0.201701824544504, 51.560051025310898 ], [ 0.201629682637226, 51.560043431847099 ], [ 0.201612117047819, 51.560032511404152 ], [ 0.20173580885059, 51.55985809408552 ], [ 0.201742302879296, 51.559810304679928 ], [ 0.20173229112541, 51.559808226433518 ], [ 0.201615806674006, 51.55978401913066 ], [ 0.201375916013414, 51.559734169339407 ], [ 0.201366458096669, 51.559732206565769 ], [ 0.201358294932707, 51.559727476614519 ], [ 0.201352663273973, 51.559729165113431 ], [ 0.201252684245134, 51.559759082287279 ], [ 0.20124976871338, 51.559761448225373 ], [ 0.201177555396688, 51.559819936486583 ], [ 0.201167850188328, 51.559827798710778 ], [ 0.201346049941841, 51.560052534156966 ], [ 0.201349996751259, 51.560057487154289 ], [ 0.201337428077358, 51.560063712464533 ], [ 0.201259668350976, 51.560101895260431 ], [ 0.201214917522514, 51.560113756306805 ], [ 0.201210618911384, 51.560116611348533 ], [ 0.20120036368127, 51.560123391249938 ], [ 0.201128769262622, 51.560157343917233 ], [ 0.201114058235112, 51.560164319868541 ], [ 0.201077085754077, 51.560196408520802 ], [ 0.201074368734082, 51.560199301316139 ], [ 0.201065579455888, 51.560221364293795 ], [ 0.201043223445514, 51.560232557579887 ], [ 0.20100947205779, 51.560249477483687 ], [ 0.201011092092543, 51.560269897187439 ], [ 0.200964859530401, 51.560325658372506 ], [ 0.200956114493585, 51.56035790959659 ], [ 0.20094036602785, 51.56041604827 ], [ 0.200934701908122, 51.560466704319097 ], [ 0.200921385675726, 51.560480763043564 ], [ 0.200582017221031, 51.560474313093401 ], [ 0.200592861182621, 51.560589642834067 ], [ 0.200593535560003, 51.560596743651885 ], [ 0.200990044365052, 51.56070889054299 ], [ 0.20099650959198, 51.560710720667693 ], [ 0.201030915498522, 51.560695398228525 ], [ 0.201038424027989, 51.560692986546954 ], [ 0.201068252581433, 51.560674445088097 ], [ 0.201083100478421, 51.560683159380147 ], [ 0.201113229829816, 51.560709572832735 ], [ 0.201176980037788, 51.56073070574211 ], [ 0.20119870546441, 51.560736637970663 ], [ 0.201203768178541, 51.560739600553532 ], [ 0.201215908361705, 51.560743626341939 ], [ 0.201249852343373, 51.560753115240068 ], [ 0.201274684801865, 51.560760050300644 ], [ 0.201277201919535, 51.560762880809655 ], [ 0.201287950966116, 51.560775300705281 ], [ 0.201114797979024, 51.560990390692304 ], [ 0.201230638729475, 51.561076244156368 ], [ 0.201236373065708, 51.561080417178502 ], [ 0.201242504320441, 51.561080706760514 ], [ 0.201376546776788, 51.561121284782764 ], [ 0.201398572742623, 51.56112775990313 ], [ 0.201420454744998, 51.561130055971645 ], [ 0.201436884374687, 51.561131779928225 ], [ 0.201489905112785, 51.561212782736575 ], [ 0.201498440402682, 51.561225815230884 ], [ 0.201569740508879, 51.561271231182218 ], [ 0.2015758408941, 51.561274916187955 ], [ 0.201684784030155, 51.561306158235517 ], [ 0.201692230540443, 51.561308289146822 ], [ 0.201848733645712, 51.561301254043279 ], [ 0.201857428326994, 51.561300847958698 ], [ 0.201928653084208, 51.561338117433827 ], [ 0.201940656872397, 51.561344393958692 ], [ 0.201948954168734, 51.561353240144825 ], [ 0.20201324892706, 51.56137920059809 ], [ 0.202018514742451, 51.561381287008018 ], [ 0.202077620057671, 51.561398522739353 ], [ 0.202090614091759, 51.561402298580319 ], [ 0.202119614475479, 51.561426223913848 ], [ 0.202131034115141, 51.561435640957015 ], [ 0.202590764958626, 51.561357516903897 ], [ 0.202610055226309, 51.56135424080297 ], [ 0.202617238841899, 51.561353017704448 ], [ 0.20261625081958, 51.561346300500489 ], [ 0.202706022746962, 51.561412097637543 ], [ 0.202712965083352, 51.561438145869303 ], [ 0.202728881459511, 51.561497956137124 ], [ 0.202746329634127, 51.561563493150878 ], [ 0.202698424532007, 51.561531118962641 ], [ 0.202714868453747, 51.561577951402271 ], [ 0.202720455234754, 51.561593854005046 ], [ 0.202746534920106, 51.561668131944373 ], [ 0.202767703913391, 51.561747079572065 ], [ 0.20277356181777, 51.561768894477652 ], [ 0.202795718633637, 51.561851564631965 ], [ 0.202799324490016, 51.561864986402369 ], [ 0.202800370693297, 51.561870218664517 ], [ 0.202839981160792, 51.562069020364277 ], [ 0.202855842210366, 51.562148589283318 ], [ 0.20279750493127, 51.562160728679878 ], [ 0.202629379990225, 51.562195457037646 ], [ 0.202456948922581, 51.562183439446841 ], [ 0.202443684321974, 51.562186017795725 ], [ 0.202407878845164, 51.562192985457337 ], [ 0.202383667093143, 51.562192352080856 ], [ 0.202169618350739, 51.562186749893968 ], [ 0.202097301105601, 51.562184861615151 ], [ 0.202072269898516, 51.562184886564445 ], [ 0.201928974952292, 51.562247115858824 ], [ 0.201783070889219, 51.56216652652526 ], [ 0.201631786022272, 51.562082953435954 ], [ 0.201561746929833, 51.562029465119309 ], [ 0.201349707695188, 51.56198581023822 ], [ 0.201321448650776, 51.561985018808087 ], [ 0.201252682985604, 51.561983171242851 ], [ 0.201240409403533, 51.561984161570329 ], [ 0.201061896319708, 51.562020692455633 ], [ 0.2010559213305, 51.562019158896433 ], [ 0.201036476416957, 51.562014155084441 ], [ 0.200903826563473, 51.561980061501934 ], [ 0.200886018247329, 51.561975485588341 ], [ 0.200848557936059, 51.561969686780451 ], [ 0.200832273684974, 51.561968589526437 ], [ 0.200813858595784, 51.561967136573045 ], [ 0.200683277421899, 51.561938084960964 ], [ 0.200673170082667, 51.561935828562596 ], [ 0.200655610537933, 51.561931922420442 ], [ 0.200617911519912, 51.561926856452288 ], [ 0.200609369623284, 51.561928338740174 ], [ 0.200590518391473, 51.561931601779051 ], [ 0.200421728485581, 51.561939162574674 ], [ 0.200253045043948, 51.561924135177378 ], [ 0.200245096891041, 51.561922971344359 ], [ 0.200217562480593, 51.561918955544051 ], [ 0.200203900600394, 51.561915093104354 ], [ 0.200120084939077, 51.561891368493932 ], [ 0.200093294832863, 51.561880647896032 ], [ 0.19992272565366, 51.561812362802755 ], [ 0.199908411091672, 51.561806633033797 ], [ 0.199828154616277, 51.561760071121192 ], [ 0.199824369670625, 51.561757875892262 ], [ 0.199813168858626, 51.561755082366957 ], [ 0.199798404201192, 51.561754379130505 ], [ 0.199789868149249, 51.561752093176004 ], [ 0.199782939815026, 51.561750235702263 ], [ 0.19972970569811, 51.561735964275023 ], [ 0.199685077928287, 51.56172633363721 ], [ 0.199600673440962, 51.561711927465346 ], [ 0.199520080750364, 51.561698178162047 ], [ 0.199506275124385, 51.561695820169646 ], [ 0.19936445628517, 51.561684271441763 ], [ 0.199349550974732, 51.56168364273087 ], [ 0.19933339820274, 51.561682875542594 ], [ 0.199327470338121, 51.561681718716919 ], [ 0.199300855820983, 51.56167612965276 ], [ 0.199274416019378, 51.561670573277446 ], [ 0.199257741500753, 51.561667064002144 ], [ 0.199173385884325, 51.561678205760757 ], [ 0.199051153074924, 51.562129195781743 ], [ 0.199043300711651, 51.562130916828686 ], [ 0.19902897112568, 51.562132057897905 ], [ 0.198926070256754, 51.562114373952184 ], [ 0.198913369588799, 51.562112193015281 ], [ 0.198906226499874, 51.56211096902851 ], [ 0.198811589144214, 51.562094703788482 ], [ 0.198802602364489, 51.56208905383378 ], [ 0.198772366823302, 51.562083775366901 ], [ 0.198719142774887, 51.56207450341013 ], [ 0.198682767027809, 51.56206815298254 ], [ 0.198581976872559, 51.562049952522599 ], [ 0.198514236055644, 51.562043623597731 ], [ 0.198445436912036, 51.562037188574521 ], [ 0.198441362772506, 51.562038272180871 ], [ 0.198326801120385, 51.562068869133128 ], [ 0.198294620849318, 51.562151672907191 ], [ 0.198228065719883, 51.562238965403907 ], [ 0.198223437728175, 51.562245023499088 ], [ 0.198167499428727, 51.562282875732102 ], [ 0.19810454512899, 51.562311066022126 ], [ 0.198097032744152, 51.562318347257509 ], [ 0.197956890678562, 51.562453926157716 ], [ 0.197942950808644, 51.562464057205773 ], [ 0.197852847456926, 51.562515256621154 ], [ 0.197842034035328, 51.562521403623215 ], [ 0.197582627390046, 51.562607857635207 ], [ 0.197517358220826, 51.562624701331373 ], [ 0.197434332107345, 51.562646122358316 ], [ 0.197380150085715, 51.562660105330494 ], [ 0.197154329715882, 51.562707304198682 ], [ 0.197142159701193, 51.562709852362524 ], [ 0.197116340687002, 51.562715246180531 ], [ 0.197112705831093, 51.562716915023877 ], [ 0.197088246172788, 51.5627267169315 ], [ 0.197018482923982, 51.562744921542127 ], [ 0.19690619993127, 51.56277421051346 ], [ 0.19684642135692, 51.562889487518703 ], [ 0.196778056740044, 51.563139555295869 ], [ 0.196767816682667, 51.563227415525411 ], [ 0.196767547659815, 51.563235909973898 ], [ 0.196775678827414, 51.5632720265342 ], [ 0.196778573816659, 51.563294688680934 ], [ 0.196779733803809, 51.563303794870166 ], [ 0.196729362419126, 51.563541020830975 ], [ 0.196728009804921, 51.563545290868063 ], [ 0.196713862109488, 51.563589765510542 ], [ 0.196712185342096, 51.563600786382381 ], [ 0.196706164016689, 51.563640234615022 ], [ 0.196702672880605, 51.56364983259747 ], [ 0.196694847948344, 51.563671454472484 ], [ 0.196692877150093, 51.563679216384848 ], [ 0.196689205957277, 51.563693763899302 ], [ 0.196687028395988, 51.563780668248 ], [ 0.19668435364287, 51.563797031676643 ], [ 0.19665540672089, 51.563973720046327 ], [ 0.196653623827362, 51.563984634988373 ], [ 0.19665381053035, 51.563995701897483 ], [ 0.19665388170755, 51.56399957655541 ], [ 0.196631892011995, 51.564058823397083 ], [ 0.196865076523855, 51.564330988758584 ], [ 0.196877462911087, 51.564345505312808 ], [ 0.196907518586393, 51.564405883552674 ], [ 0.196915107743131, 51.564426097101155 ], [ 0.196950695798239, 51.564520900394029 ], [ 0.196963127173305, 51.564554022647158 ], [ 0.196968451540277, 51.564580686136516 ], [ 0.196969991490508, 51.564598877144313 ], [ 0.196969941660803, 51.564612520484161 ], [ 0.196970122922871, 51.564915680671831 ], [ 0.197254641305674, 51.565014301342934 ], [ 0.1973304619671, 51.565040597425543 ], [ 0.197328696076636, 51.56506174610751 ], [ 0.197304529443187, 51.565178586443878 ], [ 0.19730356723493, 51.56518317292133 ], [ 0.19728894290943, 51.56518360876241 ], [ 0.197290496877684, 51.565246413848314 ], [ 0.197294347021292, 51.565403602575557 ], [ 0.197296224370404, 51.565480008032559 ], [ 0.197297220809196, 51.565520457932259 ], [ 0.197297301399421, 51.565523927726211 ], [ 0.197305170433702, 51.565535417270624 ], [ 0.197338593176036, 51.565567570668989 ], [ 0.197345598499953, 51.565574310093488 ], [ 0.197605432737508, 51.565549234726092 ], [ 0.197609678679309, 51.565549164165475 ], [ 0.197619122321719, 51.565549310973644 ], [ 0.197842260303546, 51.565576272744309 ], [ 0.197945232137578, 51.565619371188205 ], [ 0.198081672505554, 51.565536129002815 ], [ 0.198089816525109, 51.565531165118252 ], [ 0.198412497014362, 51.56540224574168 ], [ 0.198559842895948, 51.565472092484001 ], [ 0.198591841786699, 51.56546586283276 ], [ 0.198843985900047, 51.56541674495395 ], [ 0.198853059993977, 51.565416709675631 ], [ 0.199045397704983, 51.565456214947126 ], [ 0.199115410798226, 51.56548233048121 ], [ 0.19911987128895, 51.56548476486288 ], [ 0.19924040368116, 51.565550450773529 ], [ 0.199250572656578, 51.565544095323531 ], [ 0.199258010736825, 51.565537660698297 ], [ 0.19929656014273, 51.565504346940166 ], [ 0.199403497857369, 51.565423058617512 ], [ 0.199636349478461, 51.565385011615966 ], [ 0.19985676989718, 51.56538659576907 ], [ 0.199885435790721, 51.565386804345422 ], [ 0.19989178657552, 51.565386847062129 ], [ 0.199904942153762, 51.565373011790612 ], [ 0.199920954942946, 51.565356191187099 ], [ 0.199953418824004, 51.565322065120284 ], [ 0.200059853694387, 51.565305166599813 ], [ 0.200362906498008, 51.565327654797379 ], [ 0.200510710573464, 51.565338604244786 ], [ 0.200586641774931, 51.565377611712812 ], [ 0.200594439216705, 51.565381620135291 ], [ 0.200598462311048, 51.565404593706575 ], [ 0.200601725618717, 51.565423183956966 ], [ 0.200600196877673, 51.565445029686664 ], [ 0.200599246983256, 51.565458537026799 ], [ 0.200598580333209, 51.565468046155281 ], [ 0.200601298502902, 51.56549597238611 ], [ 0.200602780976993, 51.565502325100979 ], [ 0.200605188975609, 51.565512608375307 ], [ 0.200599949828596, 51.565552950417377 ], [ 0.20059847609358, 51.565564273295237 ], [ 0.200601904709869, 51.565624866781356 ], [ 0.20060224529464, 51.565631177976883 ], [ 0.200605499262577, 51.56564673326158 ], [ 0.200606564174743, 51.565651758351741 ], [ 0.200608277139793, 51.565659747964176 ], [ 0.200608644014457, 51.565687088814428 ], [ 0.200609971102773, 51.565696650452566 ], [ 0.200611485917119, 51.565707710399522 ], [ 0.200612686456367, 51.565762945401282 ], [ 0.200608169029098, 51.56577832279747 ], [ 0.200605676755243, 51.565786778036539 ], [ 0.200606000334217, 51.565791241488036 ], [ 0.200605729822795, 51.565795653138863 ], [ 0.20059890147939, 51.565888885904123 ], [ 0.200598369784258, 51.565896108275261 ], [ 0.200606644230917, 51.565935270401347 ], [ 0.200608214238545, 51.56594358644476 ], [ 0.200612182074965, 51.565964366756532 ], [ 0.200613021890478, 51.56598072546155 ], [ 0.200612757864539, 51.565984374383561 ], [ 0.200608438774252, 51.566033916987493 ], [ 0.200607279246809, 51.566047266387088 ], [ 0.200609424275478, 51.566078863526094 ], [ 0.200609611997153, 51.566081557904887 ], [ 0.200607070404817, 51.566109924586947 ], [ 0.200601079866504, 51.566132452092695 ], [ 0.200599315162408, 51.566139090577828 ], [ 0.200600246538704, 51.566168561166791 ], [ 0.200602170015381, 51.566177922757547 ], [ 0.200603093601017, 51.566182410919332 ], [ 0.200609986953374, 51.566215825454229 ], [ 0.200610916456755, 51.566230304735441 ], [ 0.200611696174445, 51.566242277779068 ], [ 0.200615610972608, 51.566253584952342 ], [ 0.200616913473034, 51.56627654213451 ], [ 0.200618424233873, 51.566303366897145 ], [ 0.200613178922263, 51.566351955638787 ], [ 0.200607051073021, 51.566375974064101 ], [ 0.200607752972236, 51.566386932358292 ], [ 0.200609574809497, 51.566416017519707 ], [ 0.200613588502471, 51.566434009136856 ], [ 0.200618944181243, 51.566457982894306 ], [ 0.200619332191902, 51.566492041120377 ], [ 0.200621468119641, 51.56650580529584 ], [ 0.200623911334365, 51.566521452235072 ], [ 0.200625307630977, 51.56652586857296 ], [ 0.200624520509728, 51.566532731520937 ], [ 0.200613864892172, 51.566626490259317 ], [ 0.200617564412873, 51.566648885352407 ], [ 0.200613383878567, 51.566682759534835 ], [ 0.200615492363815, 51.566716439237297 ], [ 0.200617076588182, 51.56674194514386 ], [ 0.200620190222279, 51.566759225219442 ], [ 0.200619235573235, 51.566766653374472 ], [ 0.200618644595114, 51.566771151976681 ], [ 0.200618065865515, 51.566775605383988 ], [ 0.200619091185869, 51.566795658529195 ], [ 0.200612731174272, 51.566869740879419 ], [ 0.200616681767655, 51.566889563755922 ], [ 0.200617048393824, 51.566907030285236 ], [ 0.200617809406723, 51.566911737329761 ], [ 0.200619294796621, 51.566920990232347 ], [ 0.200619296735896, 51.56692402083894 ], [ 0.200619241646468, 51.566958465085527 ], [ 0.200619229689384, 51.566967188525652 ], [ 0.200623211442106, 51.566991394907021 ], [ 0.200624638956154, 51.567000046364278 ], [ 0.20062561936612, 51.567003319402836 ], [ 0.200628041830427, 51.567011358647164 ], [ 0.200624170267318, 51.567056720090612 ], [ 0.200622806975906, 51.567062258391104 ], [ 0.200612346465339, 51.567104739839529 ], [ 0.200611115739316, 51.56710973607138 ], [ 0.200613115565249, 51.567149087901122 ], [ 0.200612648694499, 51.567153467264646 ], [ 0.200610593901947, 51.567171887534911 ], [ 0.200612450022368, 51.567180449999171 ], [ 0.200619680019174, 51.567213957011305 ], [ 0.200626985957677, 51.567247093885648 ], [ 0.200630694185045, 51.567258602738015 ], [ 0.200621469372646, 51.567353301021221 ], [ 0.200626082974962, 51.567378039529835 ], [ 0.200627368319919, 51.567384939994163 ], [ 0.200625631890744, 51.567400836189982 ], [ 0.200634627529519, 51.567445065656486 ], [ 0.200634385376041, 51.567447822051278 ], [ 0.20063062581579, 51.567491913217893 ], [ 0.200630248927247, 51.567496362820407 ], [ 0.200619125538705, 51.567540655150104 ], [ 0.200618289487094, 51.567543962270108 ], [ 0.200616127544404, 51.567570626543784 ], [ 0.200620270191953, 51.567589492487173 ], [ 0.200623047495691, 51.567602192394993 ], [ 0.200627190366169, 51.567621062830405 ], [ 0.200627771151034, 51.567633696049207 ], [ 0.200638851887536, 51.567682409843975 ], [ 0.200638663931181, 51.567685093277639 ], [ 0.200636188304464, 51.567722001938101 ], [ 0.200705567070396, 51.567767768950958 ], [ 0.200755783778302, 51.567814740940783 ], [ 0.200759289307742, 51.567818011533994 ], [ 0.200873904752908, 51.567881104134173 ], [ 0.200882665664782, 51.56788593078069 ], [ 0.201071767942109, 51.567913451654448 ], [ 0.201089787284744, 51.567916072065735 ], [ 0.201286583121119, 51.567908366573754 ], [ 0.201294288660722, 51.567908069023431 ], [ 0.201311275033453, 51.567898856055564 ], [ 0.201318938236486, 51.567894692319861 ], [ 0.201310117866616, 51.56783991085409 ], [ 0.201307657330981, 51.567715404366055 ], [ 0.201307321798628, 51.567697991275594 ], [ 0.201306450926597, 51.567653645286704 ], [ 0.2013059988975, 51.567630829606067 ], [ 0.201304927025261, 51.567576640084162 ], [ 0.201304651819148, 51.567562868015173 ], [ 0.201304407962786, 51.567550642149051 ], [ 0.201303591125234, 51.56750920886833 ], [ 0.20130295327797, 51.567476864123527 ], [ 0.201302720040285, 51.567464260352999 ], [ 0.201301932614593, 51.567424930875468 ], [ 0.20130173301739, 51.56741481752708 ], [ 0.201300954372947, 51.567375370975739 ], [ 0.201299787815917, 51.567315931332651 ], [ 0.201298547828082, 51.567252877892038 ], [ 0.2012984523767, 51.567248509098626 ], [ 0.201297566893265, 51.567203560851979 ], [ 0.201297455915212, 51.56719737576924 ], [ 0.201296420204008, 51.567145127940464 ], [ 0.201296318696769, 51.567140633344103 ], [ 0.20129590645151, 51.567119237733642 ], [ 0.201295273609329, 51.567086694939398 ], [ 0.201295010393274, 51.56707376794094 ], [ 0.201294272367262, 51.567037252213282 ], [ 0.201293401467897, 51.56699230354188 ], [ 0.201293154615056, 51.566978818669725 ], [ 0.201291804150243, 51.566910780469328 ], [ 0.201291611212261, 51.56690110312222 ], [ 0.201291209172668, 51.566880516689771 ], [ 0.201290310095469, 51.566834984001005 ], [ 0.201290135918135, 51.566825994266409 ], [ 0.201289163528708, 51.566776550996572 ], [ 0.201288067942547, 51.566720967816998 ], [ 0.20128757887991, 51.566696336165613 ], [ 0.20128716443465, 51.566675642049368 ], [ 0.201286667403512, 51.566650695792219 ], [ 0.201285956288852, 51.56661473712321 ], [ 0.20128575652189, 51.566604619246625 ], [ 0.201285491679798, 51.566590761501686 ], [ 0.20128526339017, 51.566579155818197 ], [ 0.201284998331782, 51.566565293580759 ], [ 0.201284574619548, 51.566544257903871 ], [ 0.20128437864511, 51.566533919627354 ], [ 0.201283089497754, 51.566468645620077 ], [ 0.201282142569947, 51.566420775645341 ], [ 0.201281718475228, 51.566398984562717 ], [ 0.201281007374534, 51.566363025892002 ], [ 0.201280695249931, 51.566346394692083 ], [ 0.201280209190663, 51.566322572353336 ], [ 0.201278612830499, 51.566241665275101 ], [ 0.20127792961024, 51.566207180932992 ], [ 0.201277816388841, 51.566201247674989 ], [ 0.201277764982066, 51.56619838886435 ], [ 0.201277191082247, 51.566169756916196 ], [ 0.201277058991014, 51.566162834781821 ], [ 0.201276218309197, 51.566120304655449 ], [ 0.201275144474089, 51.566066366781833 ], [ 0.201275029624766, 51.566060100813033 ], [ 0.201274447807941, 51.566030407838248 ], [ 0.201274052523527, 51.566010558702622 ], [ 0.201273856885719, 51.566000526181121 ], [ 0.201272430487743, 51.565927026144713 ], [ 0.201272328989296, 51.565922531547322 ], [ 0.201270906842815, 51.565850614199292 ], [ 0.201270527937179, 51.565831403259054 ], [ 0.201270473390934, 51.565828778325361 ], [ 0.201270174787423, 51.565813473338586 ], [ 0.201269223460242, 51.565765212245743 ], [ 0.201268962216437, 51.565751727641164 ], [ 0.201268325000611, 51.565719391761185 ], [ 0.20126825115168, 51.565715768966122 ], [ 0.201267783411685, 51.565689635078471 ], [ 0.201267699249435, 51.565684303805838 ], [ 0.201267220013243, 51.565657333784287 ], [ 0.201267064499005, 51.565648730396916 ], [ 0.201266900956688, 51.565639362754723 ], [ 0.201266647076063, 51.565624834822906 ], [ 0.201265367439679, 51.565552730439315 ], [ 0.20126484195571, 51.565523157810105 ], [ 0.201264591441092, 51.565508998528109 ], [ 0.201263357635843, 51.565439487765175 ], [ 0.201263240835415, 51.565432583328949 ], [ 0.201263133152709, 51.565427063644556 ], [ 0.201262529204283, 51.565392128159402 ], [ 0.201262452638565, 51.565387552156452 ], [ 0.201261730930644, 51.565347187105885 ], [ 0.201261672366885, 51.565343582009675 ], [ 0.201261093807169, 51.56531096624316 ], [ 0.20126085913031, 51.565297732943037 ], [ 0.201260500282917, 51.56527744246376 ], [ 0.201258450883141, 51.565161435178481 ], [ 0.201500998830158, 51.565131520988665 ], [ 0.201610958831245, 51.565132073256528 ], [ 0.201908144145976, 51.565285578821864 ], [ 0.20197630327372, 51.565320783407806 ], [ 0.202004665725056, 51.565333236645195 ], [ 0.202056628075965, 51.565356029258716 ], [ 0.202065371214257, 51.565359300380479 ], [ 0.202076889470213, 51.565362969031547 ], [ 0.202083073165457, 51.565364930277759 ], [ 0.202115191928555, 51.56533116083699 ], [ 0.202140224771866, 51.565304835787529 ], [ 0.202145941041249, 51.565297713881478 ], [ 0.202157125803084, 51.565283717533404 ], [ 0.202158976598126, 51.565281407541583 ], [ 0.20235834287888, 51.565183146399434 ], [ 0.202477503579944, 51.565152220380718 ], [ 0.202721364678734, 51.565153098032084 ], [ 0.202748633826627, 51.56515605703003 ], [ 0.20293097542145, 51.565175860169774 ], [ 0.202930436536303, 51.565183523340814 ], [ 0.202926920443606, 51.565236792012961 ], [ 0.202918511326254, 51.56536381430945 ], [ 0.202917446378591, 51.56538000373849 ], [ 0.202915616391595, 51.565407538725808 ], [ 0.202912728666553, 51.565412278336503 ], [ 0.202906204177948, 51.565496467517313 ], [ 0.202902190037251, 51.565548387600835 ], [ 0.202900249835105, 51.565569458688792 ], [ 0.202894316645342, 51.565633627325774 ], [ 0.20289290512015, 51.565648914972421 ], [ 0.202899247871787, 51.565655063925874 ], [ 0.202897253664851, 51.56568517399635 ], [ 0.20293069614076, 51.565685539389285 ], [ 0.202938590096239, 51.565693183509474 ], [ 0.202931275597791, 51.565705452500367 ], [ 0.203004842654549, 51.565708602725053 ], [ 0.203216260628179, 51.565717643017983 ], [ 0.203266404438762, 51.565719794343558 ], [ 0.203339884606001, 51.565722936997268 ], [ 0.20342334767325, 51.565758293784512 ], [ 0.203426971698552, 51.565759835426043 ], [ 0.203442749978681, 51.565770141654852 ], [ 0.203452940832836, 51.565776793811899 ], [ 0.203427222415582, 51.565856415555452 ], [ 0.20342719065952, 51.56586023817804 ], [ 0.203426445054114, 51.56593231311399 ], [ 0.203427306154116, 51.565934904901923 ], [ 0.203442389048832, 51.565980692597115 ], [ 0.203449439299616, 51.566002080354082 ], [ 0.203470473318225, 51.566039635523886 ], [ 0.203477792476135, 51.566047474764765 ], [ 0.203578643423515, 51.566155401922657 ], [ 0.203582917748387, 51.566159053685297 ], [ 0.203599319355909, 51.566172999334199 ], [ 0.203607730888193, 51.566180152553734 ], [ 0.203594336024446, 51.56622395740748 ], [ 0.203591499778007, 51.566247680291902 ], [ 0.203587936487016, 51.566277559060268 ], [ 0.203586284135198, 51.566282482307727 ], [ 0.203585438939681, 51.566284998246921 ], [ 0.203573606034159, 51.566370986888707 ], [ 0.203574038303262, 51.566374557978889 ], [ 0.203577471714126, 51.566402614564225 ], [ 0.203596204953535, 51.566483927924793 ], [ 0.203597081432697, 51.566487733477146 ], [ 0.203596297780495, 51.566500482294536 ], [ 0.203586950209326, 51.566521440801722 ], [ 0.203584599185255, 51.566534003244811 ], [ 0.203572342139679, 51.56659956775799 ], [ 0.203572130766042, 51.566606541306115 ], [ 0.203571573174792, 51.566625760835002 ], [ 0.203571062502753, 51.566642965049901 ], [ 0.20358114260537, 51.566694206571036 ], [ 0.203583898540503, 51.566701969692296 ], [ 0.203586637889742, 51.566709688160188 ], [ 0.203591743209383, 51.566736211489726 ], [ 0.203596350420235, 51.566760190168509 ], [ 0.203599778260656, 51.566777976849487 ], [ 0.203592435058731, 51.566811451913971 ], [ 0.203591501079724, 51.56681571416383 ], [ 0.203591459338024, 51.566820822972524 ], [ 0.203588179491296, 51.566833573739061 ], [ 0.203585034779329, 51.566845836343717 ], [ 0.20357660834337, 51.566878693262851 ], [ 0.20356797191231, 51.566941249014839 ], [ 0.203569059383666, 51.566949421199716 ], [ 0.203571419028256, 51.566967497747079 ], [ 0.203574152851892, 51.566989137482899 ], [ 0.203574170003037, 51.566993076094619 ], [ 0.203578460922337, 51.567050226901806 ], [ 0.203575472784227, 51.567061848060249 ], [ 0.203562459177858, 51.567112354520042 ], [ 0.203560454690324, 51.567120144159013 ], [ 0.203561637203286, 51.567156264801369 ], [ 0.203561931163122, 51.567165036444514 ], [ 0.203558523264201, 51.567179318421729 ], [ 0.203557015560857, 51.567197089903388 ], [ 0.203554425389809, 51.567227696722632 ], [ 0.203558527146591, 51.567256442127345 ], [ 0.203558941157354, 51.567259784230579 ], [ 0.203495176253632, 51.567345323268398 ], [ 0.20348941643991, 51.567354829178058 ], [ 0.203451729339214, 51.5674170044513 ], [ 0.203450875172486, 51.567420230996902 ], [ 0.203440362266901, 51.56746007860616 ], [ 0.203435629122088, 51.567477991638228 ], [ 0.203430473367751, 51.567541061854783 ], [ 0.203422430066127, 51.567561991287093 ], [ 0.203416209249828, 51.567577486186018 ], [ 0.203415482639462, 51.567582158203386 ], [ 0.203415807508893, 51.567599931214041 ], [ 0.203417844610907, 51.567699876850511 ], [ 0.203418357144651, 51.567703167641049 ], [ 0.203418700668717, 51.567706992193436 ], [ 0.203423318378041, 51.567757167161453 ], [ 0.203424965149336, 51.567775122167625 ], [ 0.203426385974051, 51.56779049144258 ], [ 0.20339169440024, 51.568174783780982 ], [ 0.20338226476068, 51.568279162605201 ], [ 0.203590254855923, 51.568173120517685 ], [ 0.203716732823366, 51.568108637878382 ], [ 0.2041151058969, 51.567905534347801 ] ] ] } },
{ "type": "Feature", "properties": { "lsoa21cd": "E01002260", "lsoa21nm": "Havering 026A", "msoa21cd": "E02000489", "msoa21nm": "Havering 026", "lad22cd": "E09000016", "lad22nm": "Havering", "index_right": 126, "GSS_CODE": "E05000315", "risk_score": 0.0016915295361904514, "allocation_hours": 0.028220434062617872, "patrol_units": 0 }, "geometry": { "type": "Polygon", "coordinates": [ [ [ 0.198305988943656, 51.556411769488193 ], [ 0.198317543930309, 51.556411013366763 ], [ 0.198345590792014, 51.55641869840769 ], [ 0.198393103581159, 51.556431729132882 ], [ 0.198447106545148, 51.556298626974986 ], [ 0.198442523209957, 51.556259791049428 ], [ 0.198416686376394, 51.556228655933964 ], [ 0.198336768773133, 51.556160745634372 ], [ 0.198245703383004, 51.556085723587508 ], [ 0.198199697157189, 51.556047663841007 ], [ 0.198181458531645, 51.556024821563504 ], [ 0.198163689184066, 51.555974289924038 ], [ 0.198163984673057, 51.555939400399694 ], [ 0.198164219950078, 51.555911944747891 ], [ 0.198164372175761, 51.555894742713605 ], [ 0.198160475602729, 51.55586716214291 ], [ 0.198154779042153, 51.55582677324491 ], [ 0.198112067845366, 51.555744810661494 ], [ 0.198085013158685, 51.555688688457465 ], [ 0.198068665855636, 51.555648804886879 ], [ 0.198079689805643, 51.555596753466524 ], [ 0.198091566210414, 51.555543831733402 ], [ 0.198092176211016, 51.555539125938104 ], [ 0.198100439555079, 51.555474688873083 ], [ 0.198105419954801, 51.555436132331891 ], [ 0.198125679585263, 51.555278743273803 ], [ 0.198142132458305, 51.555058807022661 ], [ 0.198140043286731, 51.554996875148639 ], [ 0.198130198545048, 51.554960808685102 ], [ 0.198125281575272, 51.554950972505452 ], [ 0.198115797617231, 51.554931977058388 ], [ 0.198112204594505, 51.554924769016296 ], [ 0.198105243703348, 51.554910834336866 ], [ 0.198090232221623, 51.554892086349071 ], [ 0.198077644251394, 51.554876332595455 ], [ 0.198062063166155, 51.554856839861401 ], [ 0.198039401321746, 51.554834997720015 ], [ 0.197976348155988, 51.554774235092474 ], [ 0.197955229193344, 51.554753874855578 ], [ 0.197838543641026, 51.554647029464711 ], [ 0.197834408925197, 51.554643248916499 ], [ 0.197775084536685, 51.554588909286345 ], [ 0.197709682341671, 51.554527282215979 ], [ 0.197686591480855, 51.55450551098965 ], [ 0.19767241688843, 51.554492152081671 ], [ 0.197419646571271, 51.554253895244273 ], [ 0.197414085325057, 51.554248648556744 ], [ 0.197396344692168, 51.554231930062215 ], [ 0.197364244460774, 51.5542019010473 ], [ 0.197324591807983, 51.554183389682898 ], [ 0.197429236694261, 51.554034869966621 ], [ 0.197552466834269, 51.553878987439774 ], [ 0.197615973623997, 51.553794953879731 ], [ 0.197468607248743, 51.553747686151809 ], [ 0.197414087663693, 51.553730181734323 ], [ 0.197374952865598, 51.553717623066788 ], [ 0.197298060154955, 51.553692938546973 ], [ 0.197292311152996, 51.55369068105869 ], [ 0.197247642770304, 51.553676742142279 ], [ 0.197220668854212, 51.553668083453246 ], [ 0.197155849316469, 51.553647273535724 ], [ 0.197153894577553, 51.553632741418937 ], [ 0.197166583204581, 51.553634122517174 ], [ 0.197178175605948, 51.553634606855489 ], [ 0.197278040812797, 51.553512661300402 ], [ 0.197283177427183, 51.553506395863486 ], [ 0.197304157723244, 51.553460686957308 ], [ 0.197304067064641, 51.553442927398216 ], [ 0.197303845573532, 51.553399684009513 ], [ 0.197303796657323, 51.553389082129605 ], [ 0.197290796361962, 51.553334495054884 ], [ 0.197281566335219, 51.55332045893001 ], [ 0.197250299736231, 51.553272976748246 ], [ 0.197245055181049, 51.553265017212894 ], [ 0.197284695056402, 51.553248231167082 ], [ 0.197344892891103, 51.553215313227227 ], [ 0.197419000615535, 51.553151927079455 ], [ 0.197424619663705, 51.55314489718463 ], [ 0.197450866896017, 51.553112111520761 ], [ 0.197539021625689, 51.553001941171878 ], [ 0.197517848102185, 51.552971140938645 ], [ 0.197458189760257, 51.552884351469629 ], [ 0.197512271109225, 51.552820288207734 ], [ 0.197534967748453, 51.552777280996672 ], [ 0.197546282835147, 51.552755836466872 ], [ 0.197556720653778, 51.552608343906648 ], [ 0.197550945149482, 51.552607031194988 ], [ 0.197297585745922, 51.552549378714453 ], [ 0.197285901232449, 51.552546526442853 ], [ 0.197206048759984, 51.552527436983802 ], [ 0.197201378533402, 51.552526310393439 ], [ 0.197163117804567, 51.552520498036799 ], [ 0.197151694467639, 51.552515729838348 ], [ 0.197060984215744, 51.552477850325182 ], [ 0.197032235895568, 51.552473667376617 ], [ 0.197022648319311, 51.552472273148773 ], [ 0.19696965318291, 51.55246063039376 ], [ 0.196957398698872, 51.552459870652513 ], [ 0.196944766260836, 51.552459050540158 ], [ 0.196856853410857, 51.552446312490645 ], [ 0.19681343438448, 51.552436423842103 ], [ 0.196799564281457, 51.55243326621639 ], [ 0.196790142585582, 51.552431122440403 ], [ 0.196775901061048, 51.552426541872997 ], [ 0.196766260575226, 51.552423448929353 ], [ 0.196704274217872, 51.552417702987853 ], [ 0.19667073152262, 51.552411910039261 ], [ 0.196650119966834, 51.552408348038178 ], [ 0.196633460336813, 51.552406573595995 ], [ 0.196624224587658, 51.552405595420531 ], [ 0.196596546963438, 51.552398631451055 ], [ 0.196506007514261, 51.552384813689251 ], [ 0.19646593333613, 51.552375186032847 ], [ 0.196460343947825, 51.552373842802815 ], [ 0.196428257932007, 51.552368643030661 ], [ 0.19640409279275, 51.552364675383643 ], [ 0.196394825550789, 51.552362443249748 ], [ 0.196386082543903, 51.552360313713258 ], [ 0.196352867962219, 51.552356241194246 ], [ 0.196344205244678, 51.552355180323808 ], [ 0.196333597484709, 51.552352968785648 ], [ 0.196301658661376, 51.55234962778318 ], [ 0.196259963121716, 51.552345273355506 ], [ 0.196249908067741, 51.552343456149387 ], [ 0.196239568818116, 51.55234232773433 ], [ 0.196234275178849, 51.552341734372455 ], [ 0.19621614831007, 51.552339744526442 ], [ 0.19616806424386, 51.552330329670212 ], [ 0.196161875191299, 51.552329114561374 ], [ 0.196090958682619, 51.552320792589761 ], [ 0.196069185921373, 51.552321424996379 ], [ 0.196064415870935, 51.552320920748905 ], [ 0.195994605362483, 51.552313549263701 ], [ 0.195954942686271, 51.55231216934407 ], [ 0.195944712694194, 51.552311812259653 ], [ 0.195935161790508, 51.552311478435008 ], [ 0.195896720375868, 51.552307000013478 ], [ 0.19588905843782, 51.552305452737954 ], [ 0.195866422260948, 51.552302980681119 ], [ 0.19582535530214, 51.552298497422399 ], [ 0.195809919164367, 51.55229816582802 ], [ 0.195801572665302, 51.552297980316979 ], [ 0.19579609254635, 51.552297408411675 ], [ 0.195720634239735, 51.55228957591175 ], [ 0.195710819894182, 51.552288563527902 ], [ 0.195596578212979, 51.552285332836952 ], [ 0.195589018672743, 51.552286063362708 ], [ 0.195576726283155, 51.552284364412138 ], [ 0.195472912851605, 51.552270020870672 ], [ 0.195462007527946, 51.552270018118314 ], [ 0.195437427205886, 51.552270010484612 ], [ 0.195412117227997, 51.552268029036981 ], [ 0.195397637913672, 51.552266897086945 ], [ 0.195391730633725, 51.552266441073044 ], [ 0.19538246380391, 51.552265715186003 ], [ 0.195367376010136, 51.552265727743205 ], [ 0.195325629520356, 51.552269305802866 ], [ 0.195304325861574, 51.552271143350268 ], [ 0.195263806778905, 51.552266352870646 ], [ 0.195246115199993, 51.552265613754933 ], [ 0.195219939210141, 51.552264520796705 ], [ 0.195187012990559, 51.552263140463602 ], [ 0.195127932761817, 51.552265621900908 ], [ 0.195052859076391, 51.552268780270687 ], [ 0.195031466788652, 51.552269675156815 ], [ 0.195024399645499, 51.552269096937536 ], [ 0.194999473387726, 51.552271793599374 ], [ 0.194979656148639, 51.552273945012104 ], [ 0.194973887205473, 51.552274565554661 ], [ 0.194933598768979, 51.552275769008773 ], [ 0.194927304231954, 51.552275958723463 ], [ 0.194871558790657, 51.552282694301979 ], [ 0.194864672218649, 51.5522825713402 ], [ 0.194799704624618, 51.552281412659681 ], [ 0.194791258975844, 51.552281264903748 ], [ 0.194752838790445, 51.552283373116886 ], [ 0.194741617901998, 51.552283857329378 ], [ 0.194714691714077, 51.55228516145138 ], [ 0.194697831053199, 51.552287302469971 ], [ 0.194611835330811, 51.552298210055298 ], [ 0.194603910235913, 51.55229808851999 ], [ 0.194553948991273, 51.552297323455257 ], [ 0.194538503683509, 51.552300400230813 ], [ 0.19446763993164, 51.552314464484247 ], [ 0.194440656878946, 51.552317586203479 ], [ 0.194389969296488, 51.552327064250619 ], [ 0.194371040884666, 51.552330601851132 ], [ 0.194330989268423, 51.552341980802339 ], [ 0.19431930543967, 51.552344987191489 ], [ 0.194231336853232, 51.552363017925956 ], [ 0.194210485794416, 51.552368569933215 ], [ 0.194169190142298, 51.552379877671171 ], [ 0.194041522056107, 51.552396065274074 ], [ 0.194028704317586, 51.552397689925471 ], [ 0.194016353617238, 51.55240062781936 ], [ 0.194011468091995, 51.5524013217236 ], [ 0.193936250383124, 51.552411991273374 ], [ 0.193925553709345, 51.552415428815088 ], [ 0.193891730908226, 51.552426304429474 ], [ 0.193877184748105, 51.552430983053178 ], [ 0.193871739154785, 51.552432029161409 ], [ 0.193864305458033, 51.552432527900372 ], [ 0.193795029823547, 51.552437177803377 ], [ 0.193787926735871, 51.55243765236893 ], [ 0.193746754576815, 51.552447181522943 ], [ 0.193728123058587, 51.552451495864503 ], [ 0.193611495417137, 51.55248805714939 ], [ 0.193519730411604, 51.552498091576652 ], [ 0.193464768186697, 51.552434405239026 ], [ 0.193423630635161, 51.552386737818033 ], [ 0.193412128022872, 51.552373409345556 ], [ 0.193406711897461, 51.55236756620284 ], [ 0.193397355347051, 51.552357471075148 ], [ 0.193305630215933, 51.552258490796476 ], [ 0.193297388706844, 51.552246684119169 ], [ 0.19327398249693, 51.552213181935876 ], [ 0.193264662483111, 51.552200244308608 ], [ 0.193236410078421, 51.552161050186434 ], [ 0.193231448753214, 51.552154164330972 ], [ 0.193131296967708, 51.552015196449524 ], [ 0.193095224731661, 51.551965158964748 ], [ 0.19308918164537, 51.551956773499036 ], [ 0.193050972727938, 51.551896191117493 ], [ 0.19303165690811, 51.55186555314333 ], [ 0.193010686948953, 51.551832311122133 ], [ 0.19297845823491, 51.551781203518864 ], [ 0.192897138443138, 51.551652270358105 ], [ 0.192882319252949, 51.551628751739869 ], [ 0.192879266448026, 51.551623907588663 ], [ 0.192870577088739, 51.551610130776567 ], [ 0.192883117329968, 51.551606937656359 ], [ 0.192884100693807, 51.551601586393353 ], [ 0.192871135595951, 51.551594737716002 ], [ 0.192861193561219, 51.551586861279837 ], [ 0.192847621528902, 51.551575486948259 ], [ 0.192809454855123, 51.55151787139512 ], [ 0.192767726801384, 51.551454881595923 ], [ 0.19274201805047, 51.551416071461546 ], [ 0.192706852841855, 51.551362977235257 ], [ 0.192643772081872, 51.551267768667188 ], [ 0.1926042218432, 51.551208065528812 ], [ 0.192596496667016, 51.551206096542259 ], [ 0.19250952291623, 51.551065119125845 ], [ 0.192435161939764, 51.550952773638208 ], [ 0.1924394288394, 51.550951515806645 ], [ 0.192475898590166, 51.550940806984109 ], [ 0.192501046573634, 51.550933430332414 ], [ 0.192521429295676, 51.550927446726803 ], [ 0.192579803453566, 51.55091030315068 ], [ 0.192633725919866, 51.550894474796785 ], [ 0.192692142795813, 51.55087732137423 ], [ 0.192747345378216, 51.550861118313826 ], [ 0.192774441307953, 51.550853156619155 ], [ 0.192791410540415, 51.550848181040301 ], [ 0.192874391198154, 51.550823805618847 ], [ 0.192908358006734, 51.550813844907474 ], [ 0.192959748253975, 51.550798756204472 ], [ 0.193030269256446, 51.550778048926091 ], [ 0.193044507275928, 51.550773870790266 ], [ 0.193061105638128, 51.550768983043412 ], [ 0.193097817499712, 51.550758215546544 ], [ 0.193190243081374, 51.550731082335794 ], [ 0.193226627305633, 51.550720401861852 ], [ 0.193283649985096, 51.550703660915552 ], [ 0.193333844971682, 51.550688918147344 ], [ 0.19337340111111, 51.550677308698418 ], [ 0.193192513622651, 51.550434070871525 ], [ 0.193181895124848, 51.550426220561555 ], [ 0.19308614809851, 51.550355409228914 ], [ 0.193040921455043, 51.550334860108151 ], [ 0.193006616535962, 51.550319466693352 ], [ 0.192953366781917, 51.550331568557532 ], [ 0.192913706330771, 51.55035781432526 ], [ 0.192876381721051, 51.550382541550185 ], [ 0.192869503764375, 51.550387094714999 ], [ 0.192795075041396, 51.55040961968006 ], [ 0.192706002448242, 51.550436582102463 ], [ 0.192627805929426, 51.550460247560054 ], [ 0.192621578802652, 51.550462135583551 ], [ 0.192608242699544, 51.550466170924551 ], [ 0.19257268469414, 51.550476934731812 ], [ 0.192556149627376, 51.550481938155919 ], [ 0.192499578238042, 51.550499066077393 ], [ 0.192377079610775, 51.55053614055344 ], [ 0.192362449737427, 51.550540568743507 ], [ 0.192341749082722, 51.550546837045992 ], [ 0.192270405294994, 51.550568431612035 ], [ 0.192236823577195, 51.550578600775729 ], [ 0.192172844222729, 51.550597962285288 ], [ 0.19216568550568, 51.55058916594561 ], [ 0.192046491458288, 51.550442800563971 ], [ 0.192035653987324, 51.550429486443079 ], [ 0.191991630795918, 51.55037542415873 ], [ 0.191966124801841, 51.550344110140649 ], [ 0.191918927892022, 51.550286132181348 ], [ 0.1918747221145, 51.550231866424426 ], [ 0.191851682783564, 51.550203554954429 ], [ 0.191842516800045, 51.550192304977699 ], [ 0.191840770566815, 51.550147686899393 ], [ 0.191938134696344, 51.550105210011658 ], [ 0.192040552247866, 51.550092720513931 ], [ 0.192054796328414, 51.550092274501445 ], [ 0.19211826555575, 51.550090382600132 ], [ 0.192141285315895, 51.550091108072237 ], [ 0.192145619475805, 51.550091251912235 ], [ 0.192184493984976, 51.550089779076416 ], [ 0.192201095462581, 51.550089163092075 ], [ 0.19221333587323, 51.550089644817703 ], [ 0.192233886049669, 51.550090456888171 ], [ 0.192247281758881, 51.550089765905732 ], [ 0.192257288585904, 51.550089241669703 ], [ 0.192283204766867, 51.550085704221488 ], [ 0.192335601290965, 51.550082566733018 ], [ 0.192342073395571, 51.550082175992834 ], [ 0.192359349798904, 51.550082698489305 ], [ 0.192364448352736, 51.550082540257499 ], [ 0.192385360508624, 51.550081879662635 ], [ 0.192407725635302, 51.550082639798866 ], [ 0.192473919139917, 51.550084312016757 ], [ 0.192542453204427, 51.550031721092779 ], [ 0.19255172198099, 51.55002108889817 ], [ 0.192604192648543, 51.549960951674692 ], [ 0.192604993846905, 51.549956912290995 ], [ 0.192609872177047, 51.549932355404145 ], [ 0.192611347129378, 51.549924926521278 ], [ 0.192602556073049, 51.549856032856205 ], [ 0.192595782531659, 51.549842642831791 ], [ 0.192582775513127, 51.549816895887055 ], [ 0.192579602939008, 51.549810606056866 ], [ 0.192514002546109, 51.5497262448079 ], [ 0.192524117831966, 51.549720623933652 ], [ 0.192567896230189, 51.549696333769624 ], [ 0.192571099515298, 51.549694556220786 ], [ 0.192571640863627, 51.549691713278598 ], [ 0.19259596372075, 51.54956569711112 ], [ 0.19259542768963, 51.549562946249473 ], [ 0.19258041114312, 51.549484861079996 ], [ 0.192575882529306, 51.549476465230107 ], [ 0.192566618538627, 51.549459272704865 ], [ 0.192561243694405, 51.549453077992027 ], [ 0.192534916780827, 51.549422687739622 ], [ 0.192522653567363, 51.549421127303773 ], [ 0.192381526439134, 51.549403197561425 ], [ 0.192372879682728, 51.549402455345465 ], [ 0.192332034093567, 51.549402368809098 ], [ 0.192322303130367, 51.549403378021196 ], [ 0.192317402088728, 51.549403442629838 ], [ 0.192310194420632, 51.549403532356905 ], [ 0.19228150828964, 51.549403897552679 ], [ 0.192274344286, 51.549403995454654 ], [ 0.192237947689394, 51.549400889501641 ], [ 0.192191079276863, 51.549396882060357 ], [ 0.192167761665815, 51.549399107404625 ], [ 0.192136938913605, 51.5494000340897 ], [ 0.192121829952602, 51.549400487281773 ], [ 0.19211412343283, 51.549401602537777 ], [ 0.192102661030565, 51.549402900387882 ], [ 0.192071543332942, 51.549400689480699 ], [ 0.192064581422317, 51.549400190049475 ], [ 0.192059255293755, 51.549399812935526 ], [ 0.191929382602657, 51.549408534728734 ], [ 0.191923561389562, 51.549405657785734 ], [ 0.191916312020777, 51.549403077318935 ], [ 0.191878508276949, 51.549389592536507 ], [ 0.191862840054987, 51.549384107212958 ], [ 0.191781978411916, 51.549367267560378 ], [ 0.191776981064533, 51.549366227795247 ], [ 0.191726483739237, 51.549363843772106 ], [ 0.191719515285446, 51.549365610702218 ], [ 0.191645434538303, 51.549384396314586 ], [ 0.191585442968881, 51.549411830833158 ], [ 0.1915672889505, 51.549424265680088 ], [ 0.191553561701643, 51.549433668093698 ], [ 0.191543003928551, 51.549440888927414 ], [ 0.191510145150876, 51.549477214322678 ], [ 0.191505597981789, 51.549482245467082 ], [ 0.191499820867832, 51.549486894898017 ], [ 0.191448315341517, 51.54954462143256 ], [ 0.191437433833936, 51.549553512025781 ], [ 0.191407384497144, 51.549578057917692 ], [ 0.191383691649014, 51.549597403969045 ], [ 0.191316211616534, 51.549640869019356 ], [ 0.191312250968969, 51.549642795576567 ], [ 0.19121863710488, 51.549686766701036 ], [ 0.19101920517249, 51.549613501661078 ], [ 0.191012143807588, 51.549607626155741 ], [ 0.191005502778126, 51.549602093530304 ], [ 0.190998862181606, 51.549596569889516 ], [ 0.19094551636903, 51.549534254804932 ], [ 0.190931131899946, 51.549514046173897 ], [ 0.190918541196212, 51.549496349086766 ], [ 0.190832511318753, 51.549474906409188 ], [ 0.190804347292501, 51.549469622824311 ], [ 0.190667925570101, 51.549451297386462 ], [ 0.190588027632847, 51.549447015755455 ], [ 0.190674885502196, 51.549420204207067 ], [ 0.190755915833101, 51.549395192118766 ], [ 0.190858664190581, 51.549363479227722 ], [ 0.190881376759244, 51.549355860595249 ], [ 0.190934580921906, 51.549338013931745 ], [ 0.191118240011678, 51.549276407523941 ], [ 0.191144500698102, 51.549269388059521 ], [ 0.191148516713812, 51.549268314817333 ], [ 0.191158841305268, 51.549265549955166 ], [ 0.191177661528762, 51.549256475138137 ], [ 0.191273210186857, 51.54922442871117 ], [ 0.191312914135466, 51.549211105755809 ], [ 0.191322387676994, 51.549208941326732 ], [ 0.191355715624047, 51.549201313171146 ], [ 0.191407440254609, 51.549188107382925 ], [ 0.191455046684013, 51.549175949754158 ], [ 0.191463453800666, 51.549173805234496 ], [ 0.191543305879953, 51.549153410074595 ], [ 0.191556899895495, 51.549149945591637 ], [ 0.19158735420045, 51.549141049067138 ], [ 0.191624721602773, 51.549130134837782 ], [ 0.191631122389543, 51.54912826160772 ], [ 0.191711674401935, 51.549104723659326 ], [ 0.191769276278922, 51.549102775179257 ], [ 0.191850321669662, 51.549100024446233 ], [ 0.191940151242904, 51.549096974635113 ], [ 0.192086085422065, 51.549092035571384 ], [ 0.192223479497961, 51.549087372822363 ], [ 0.192286769322759, 51.549085227867678 ], [ 0.192304054876028, 51.549084747468349 ], [ 0.192375984533644, 51.549086204619471 ], [ 0.192441128328366, 51.549087523248211 ], [ 0.192473223803029, 51.549088173466608 ], [ 0.192500366836304, 51.549088718384581 ], [ 0.192506936322966, 51.549088856406769 ], [ 0.192561266055484, 51.549089954397878 ], [ 0.192567791877983, 51.549090084239602 ], [ 0.192691914798589, 51.549092602649353 ], [ 0.192719187965428, 51.549093154077532 ], [ 0.192764104085635, 51.549094059206361 ], [ 0.192793069680472, 51.549096512499169 ], [ 0.192887252303249, 51.549104509551796 ], [ 0.192922764026318, 51.54910751493216 ], [ 0.192937898560624, 51.549108796825358 ], [ 0.192954200634537, 51.549136478606385 ], [ 0.192956839262102, 51.549140961802856 ], [ 0.19298501693085, 51.549188853902315 ], [ 0.193077171294904, 51.549187715761057 ], [ 0.193085115366307, 51.549186982703539 ], [ 0.193092378483006, 51.549186846926496 ], [ 0.193450764225411, 51.54918014668776 ], [ 0.193575865589833, 51.549177807583661 ], [ 0.193584532780565, 51.548939193567769 ], [ 0.193588277184655, 51.548835837837281 ], [ 0.193649486337158, 51.548845628915707 ], [ 0.193660757217664, 51.548850553220532 ], [ 0.193669578978399, 51.548851337033938 ], [ 0.193704518220604, 51.548854438315665 ], [ 0.193737179657802, 51.548859664083118 ], [ 0.193854873985817, 51.548878489043929 ], [ 0.19387247646615, 51.548881302952459 ], [ 0.193959704234031, 51.548895252233059 ], [ 0.194076308418788, 51.548913899512044 ], [ 0.194140541575906, 51.548924182357936 ], [ 0.194178537247359, 51.548930252511703 ], [ 0.1941857472345, 51.54893141266632 ], [ 0.194260590648291, 51.5489433765553 ], [ 0.194351459664968, 51.548957904942817 ], [ 0.194442577177108, 51.5489725005568 ], [ 0.194566493048061, 51.548992314580268 ], [ 0.194610477087578, 51.548999333757706 ], [ 0.194679986985982, 51.54901046187257 ], [ 0.194825285310322, 51.549033702169787 ], [ 0.194841594532885, 51.549036315301599 ], [ 0.194979392392768, 51.549058351266893 ], [ 0.194963891543535, 51.549043155174012 ], [ 0.195006629947772, 51.548603343906905 ], [ 0.195014132384426, 51.548603837545691 ], [ 0.195066588433797, 51.548613072211644 ], [ 0.195131190701691, 51.548624435772034 ], [ 0.195191924302708, 51.548635134253807 ], [ 0.195262280105267, 51.548647514219041 ], [ 0.195274274139057, 51.548649627983686 ], [ 0.195315608815521, 51.548652699039174 ], [ 0.195319252009339, 51.548647626203476 ], [ 0.19550664994831, 51.548386260078786 ], [ 0.195522099603816, 51.548364711250692 ], [ 0.195544306633391, 51.548311227358589 ], [ 0.19552788748398, 51.548306624411559 ], [ 0.19550223356818, 51.54830164571031 ], [ 0.195488023554046, 51.548298889965281 ], [ 0.195482345485991, 51.548297791152919 ], [ 0.195408550306076, 51.548292611712704 ], [ 0.19528986768479, 51.548272714149725 ], [ 0.195284385173771, 51.54827178253727 ], [ 0.195204981167176, 51.548246549893001 ], [ 0.195187612347372, 51.548245292116242 ], [ 0.195159489755743, 51.54824326430596 ], [ 0.19515002589438, 51.548241723710191 ], [ 0.19510331702872, 51.548234117214861 ], [ 0.195090092559259, 51.548233258511274 ], [ 0.19507997847558, 51.548232593413971 ], [ 0.195060760670892, 51.548229778436507 ], [ 0.194997210751304, 51.548220490543478 ], [ 0.194963841547207, 51.548213138013928 ], [ 0.194880687046876, 51.548194940480158 ], [ 0.194874463766024, 51.548194350956265 ], [ 0.194864320591927, 51.548193380619296 ], [ 0.194776051055479, 51.548174842545571 ], [ 0.194749518912836, 51.548171543834499 ], [ 0.194731123028365, 51.548167373454689 ], [ 0.194725532447341, 51.548166893493047 ], [ 0.194681402958653, 51.548163132587177 ], [ 0.194671960145236, 51.548162328993421 ], [ 0.194604634981343, 51.548147715655425 ], [ 0.194590927092623, 51.548146101525766 ], [ 0.194534847162074, 51.548139479488839 ], [ 0.194521232992491, 51.548136514632994 ], [ 0.194460566133078, 51.54812328750004 ], [ 0.194453940742824, 51.548122584068913 ], [ 0.194398428609651, 51.548116670793831 ], [ 0.194385552320519, 51.54811645300137 ], [ 0.194368749934398, 51.548114375129565 ], [ 0.194361901043891, 51.548113522991166 ], [ 0.194276540877567, 51.548102900707249 ], [ 0.194260013153263, 51.548101525439449 ], [ 0.194245258774738, 51.548100344525849 ], [ 0.194228002373793, 51.548098783235986 ], [ 0.194187907529995, 51.548092927730508 ], [ 0.194074853650536, 51.548068431614084 ], [ 0.194059387552809, 51.548063846610788 ], [ 0.193993820733549, 51.548044397724311 ], [ 0.19398837573295, 51.548043645212076 ], [ 0.193945730079456, 51.548037742901819 ], [ 0.193927608639405, 51.548036278683426 ], [ 0.193875412130897, 51.548028374135434 ], [ 0.193862668671604, 51.548026418133716 ], [ 0.193851532763366, 51.548023397861911 ], [ 0.193830109289137, 51.548017602250496 ], [ 0.193812046463321, 51.548012706051253 ], [ 0.193804359703576, 51.548011676197348 ], [ 0.193746098731286, 51.548000332725834 ], [ 0.193732060992118, 51.547999956718854 ], [ 0.193711351317088, 51.547999408700477 ], [ 0.193667386075217, 51.547995158715985 ], [ 0.193656083211248, 51.547994066070686 ], [ 0.193622623941061, 51.54799083368502 ], [ 0.193551137718601, 51.54797876166176 ], [ 0.193543481709387, 51.547978221339697 ], [ 0.193509528129971, 51.547975807543381 ], [ 0.193498041601988, 51.54797359417978 ], [ 0.193426442845569, 51.547959779524078 ], [ 0.193420230487817, 51.547959266160404 ], [ 0.193405111371941, 51.547956796955027 ], [ 0.193373506893694, 51.547951641269101 ], [ 0.193356701476763, 51.547948897820419 ], [ 0.193351235609396, 51.54794801077243 ], [ 0.193329352766522, 51.547945560098015 ], [ 0.193313372156508, 51.547943772476827 ], [ 0.193281302566284, 51.547935540829549 ], [ 0.193273515738565, 51.547934679184209 ], [ 0.193248501659419, 51.547931900332607 ], [ 0.193180457255843, 51.547920312316563 ], [ 0.193157320234953, 51.547916374216754 ], [ 0.193137559278405, 51.547913056473377 ], [ 0.193128297351378, 51.547910612630517 ], [ 0.193030577410333, 51.547883580576787 ], [ 0.193003754150146, 51.547876168076286 ], [ 0.19299739770212, 51.547875657383884 ], [ 0.192988188562653, 51.54787491223864 ], [ 0.192917263963296, 51.547864915731132 ], [ 0.192848457812312, 51.547864187437789 ], [ 0.192839955123351, 51.547862835531383 ], [ 0.192755437377025, 51.54784940584107 ], [ 0.192742198375416, 51.547848241380095 ], [ 0.192715057088293, 51.547843514701178 ], [ 0.192702810323431, 51.547841387414593 ], [ 0.192697021405289, 51.547840380471044 ], [ 0.192678224523889, 51.547839715580956 ], [ 0.192661551602832, 51.547839127899984 ], [ 0.192605387817494, 51.54783284824962 ], [ 0.192580225437511, 51.547831483944066 ], [ 0.192573369712085, 51.547830487939905 ], [ 0.192538291088925, 51.547825518368221 ], [ 0.192490982235189, 51.547824770294554 ], [ 0.192472694311128, 51.547824491555815 ], [ 0.192464226168579, 51.547823858424366 ], [ 0.192455986075475, 51.547822267762101 ], [ 0.192377558091804, 51.547807096239204 ], [ 0.19228693502931, 51.54779927958846 ], [ 0.192251612137307, 51.547821203853438 ], [ 0.192232520101801, 51.547836615070203 ], [ 0.192163204831906, 51.547892552392923 ], [ 0.192153695075348, 51.547900563081839 ], [ 0.192090501207484, 51.54807224402343 ], [ 0.192089200490777, 51.548075793621685 ], [ 0.192051254419385, 51.548077042250505 ], [ 0.191973348804867, 51.548063443479379 ], [ 0.191902642936585, 51.548051095072772 ], [ 0.191808126023965, 51.548034587030784 ], [ 0.19173375511438, 51.548021605536604 ], [ 0.191702977085435, 51.548016236112971 ], [ 0.191659034938911, 51.548008558575773 ], [ 0.191652485365761, 51.548007480356866 ], [ 0.191639305883427, 51.548005302936048 ], [ 0.191587678252246, 51.547996770717781 ], [ 0.191541662742559, 51.547989167842644 ], [ 0.191459634691839, 51.547975618764347 ], [ 0.191376864844905, 51.547961939595957 ], [ 0.19124886513241, 51.547940795587678 ], [ 0.1912185417753, 51.547932126072496 ], [ 0.191200672440457, 51.547923592648999 ], [ 0.191191852650358, 51.547923896778983 ], [ 0.191167321642588, 51.547922614804705 ], [ 0.191125299578971, 51.547920378 ], [ 0.191121097826662, 51.547919683072081 ], [ 0.191043575423017, 51.547906544170374 ], [ 0.191019493694326, 51.547902452425355 ], [ 0.190985160646231, 51.547896636603696 ], [ 0.190909921047023, 51.547883877655167 ], [ 0.190869989064529, 51.547877105178671 ], [ 0.190833983742518, 51.547871005784998 ], [ 0.190786635546114, 51.547862977848517 ], [ 0.190762257455401, 51.547858720716647 ], [ 0.190739028585005, 51.547854666946272 ], [ 0.190615400630475, 51.547833089880577 ], [ 0.190567146421558, 51.547824665091831 ], [ 0.190481634627924, 51.547809741489409 ], [ 0.190407890113079, 51.547796873366522 ], [ 0.190398304735602, 51.547795199761403 ], [ 0.190367032298419, 51.547789740296416 ], [ 0.190321185542817, 51.54778173809818 ], [ 0.190284800013212, 51.547774926188126 ], [ 0.190277522736054, 51.547773560210771 ], [ 0.190218844839956, 51.547747793361069 ], [ 0.19021612972662, 51.547745766647168 ], [ 0.19017814167687, 51.547716079215249 ], [ 0.190173631211207, 51.547712557192817 ], [ 0.190139801857105, 51.547673349360586 ], [ 0.190120161434626, 51.54765059478671 ], [ 0.190112539437599, 51.547641743988358 ], [ 0.190099743212077, 51.547617341804504 ], [ 0.190073721622608, 51.547567709086451 ], [ 0.190055273195867, 51.547532521780681 ], [ 0.190031060914589, 51.547486326610233 ], [ 0.19001772567202, 51.547460909267443 ], [ 0.190009042973897, 51.547444380176167 ], [ 0.189983654908548, 51.547395922700026 ], [ 0.189981780733868, 51.547392333470306 ], [ 0.189953776167789, 51.547338942658598 ], [ 0.189945482404206, 51.547320598690483 ], [ 0.189939480230046, 51.547307329013577 ], [ 0.189937641285919, 51.547303271484651 ], [ 0.189937425726546, 51.547298778962023 ], [ 0.189936347930504, 51.547276316348828 ], [ 0.189946395167716, 51.547247638672559 ], [ 0.189949033834113, 51.547240107161471 ], [ 0.189951891627964, 51.547236240741761 ], [ 0.189976129650619, 51.547203619978454 ], [ 0.190018067771059, 51.547175866790269 ], [ 0.190065535555627, 51.547159953183858 ], [ 0.19007486173959, 51.547156829342036 ], [ 0.190115567271063, 51.547147876708301 ], [ 0.190138225312229, 51.547142898700642 ], [ 0.190197635125206, 51.547129833232596 ], [ 0.190277833701671, 51.547112211302057 ], [ 0.190289180394656, 51.547109715208173 ], [ 0.190373046564116, 51.547091278309168 ], [ 0.190395326771853, 51.547086392740319 ], [ 0.190479720862432, 51.547067837990056 ], [ 0.190528462482135, 51.547057134389441 ], [ 0.190545589694812, 51.547053370223999 ], [ 0.19058501061948, 51.547044702212453 ], [ 0.190724326230112, 51.547014087192096 ], [ 0.190745663908282, 51.547009399018904 ], [ 0.19080238464492, 51.546998762131821 ], [ 0.190855374891434, 51.546988833395126 ], [ 0.19086375160731, 51.546987265040663 ], [ 0.190903904903835, 51.54697973435961 ], [ 0.190914032643205, 51.546977836527645 ], [ 0.190973105245431, 51.546966768931 ], [ 0.191019590931185, 51.546958049765394 ], [ 0.191033399545613, 51.546955462652519 ], [ 0.191133933066062, 51.54693661498434 ], [ 0.191139250551764, 51.546935616355981 ], [ 0.191201302996833, 51.546923980379972 ], [ 0.191131464944594, 51.546754811696914 ], [ 0.191105942099608, 51.546693047188278 ], [ 0.191090829800501, 51.546656457755475 ], [ 0.191089099164331, 51.546652254331192 ], [ 0.191029301408702, 51.546608396712074 ], [ 0.19097212122587, 51.546611254273834 ], [ 0.19093609207121, 51.546613051301264 ], [ 0.190914725313908, 51.546614124829652 ], [ 0.190892221445769, 51.54661524656985 ], [ 0.190781602073639, 51.546620774758843 ], [ 0.190769832232352, 51.546621363274632 ], [ 0.190741529680736, 51.546622773136278 ], [ 0.190662172090097, 51.546642870776544 ], [ 0.190594627656585, 51.546659977900369 ], [ 0.19052523054586, 51.546677551247711 ], [ 0.190452513320064, 51.546695968945876 ], [ 0.190408038841276, 51.546707222360766 ], [ 0.190314146390141, 51.546731008526834 ], [ 0.190275756880346, 51.546740727370647 ], [ 0.190235657530339, 51.546750882813939 ], [ 0.190190257059147, 51.546762378260986 ], [ 0.189987783134571, 51.546760834307861 ], [ 0.189647606448878, 51.546698153247512 ], [ 0.189612536884563, 51.5466916942826 ], [ 0.189357678024765, 51.546631987507162 ], [ 0.189261594849955, 51.546609477699526 ], [ 0.189145635507263, 51.546582310683291 ], [ 0.189014537985412, 51.546545493157772 ], [ 0.189014219862552, 51.546528003931279 ], [ 0.189009283731724, 51.546256134116973 ], [ 0.189007894633604, 51.546179625217398 ], [ 0.188869251814815, 51.545987250909207 ], [ 0.188859378530573, 51.545973549794461 ], [ 0.189392273079547, 51.545805722803465 ], [ 0.189645619168254, 51.545725937940887 ], [ 0.189859978826076, 51.545657860862306 ], [ 0.19005724871008, 51.545595202417239 ], [ 0.190277273703224, 51.545525318204689 ], [ 0.190507180106261, 51.545452300224852 ], [ 0.190668470117142, 51.545401076407579 ], [ 0.190825252855511, 51.545362176145424 ], [ 0.190948964350093, 51.545313635802792 ], [ 0.191065906123487, 51.545267750627637 ], [ 0.191087268843254, 51.545283431282705 ], [ 0.191170283924598, 51.545234720922217 ], [ 0.191169118847854, 51.545231181417229 ], [ 0.191193437257945, 51.545220403110477 ], [ 0.191200468397371, 51.545215748250449 ], [ 0.191311740095634, 51.545142012789675 ], [ 0.19135160651581, 51.545112768966341 ], [ 0.191441497904998, 51.545046879043987 ], [ 0.191447168095687, 51.545042717233223 ], [ 0.191500098162822, 51.544998840360144 ], [ 0.191583158027163, 51.544893497518984 ], [ 0.191609454318273, 51.544860147265162 ], [ 0.191622451791306, 51.54484368359067 ], [ 0.191662660191264, 51.544779969013859 ], [ 0.191719229103616, 51.54467101293762 ], [ 0.191728788944407, 51.544652492903055 ], [ 0.191732461569672, 51.544642023766976 ], [ 0.191754035924636, 51.544580413650259 ], [ 0.191731443776768, 51.544409966854673 ], [ 0.191699159522384, 51.54433863422183 ], [ 0.191689036950062, 51.544311340428827 ], [ 0.191678201599825, 51.54428211744213 ], [ 0.191632893253015, 51.544160001269177 ], [ 0.191628663285022, 51.544155107111251 ], [ 0.191581135829263, 51.544100012984991 ], [ 0.191564870983614, 51.544081161542096 ], [ 0.191541260254856, 51.544053795968964 ], [ 0.19147024452319, 51.543988600685275 ], [ 0.191435649692344, 51.543956844812399 ], [ 0.191422928296328, 51.543946911262346 ], [ 0.191418418111574, 51.543943389282816 ], [ 0.191299483876424, 51.543850414541069 ], [ 0.191255850361729, 51.543816304891493 ], [ 0.191152238667721, 51.543750395401048 ], [ 0.191142491526652, 51.543744193260864 ], [ 0.191077318012791, 51.543702738321322 ], [ 0.190748351673184, 51.543488857073235 ], [ 0.190660491064481, 51.543431736932355 ], [ 0.190596499021869, 51.543400457841905 ], [ 0.190571880003812, 51.543388426154785 ], [ 0.19034719715747, 51.543256457060515 ], [ 0.190331263328676, 51.543247102277661 ], [ 0.190171192303821, 51.543153094075969 ], [ 0.190059539191119, 51.543097227080132 ], [ 0.189887375102639, 51.54301106771517 ], [ 0.189668783350529, 51.542901673223191 ], [ 0.189609423247161, 51.542866808827561 ], [ 0.189429517187086, 51.542753004634172 ], [ 0.189416086983593, 51.542744514002372 ], [ 0.189401232422167, 51.54273579364957 ], [ 0.189362114715435, 51.542707111796403 ], [ 0.189342017441827, 51.542692369479425 ], [ 0.189176048846336, 51.542551145629332 ], [ 0.188959242724077, 51.542299809922795 ], [ 0.188920264857891, 51.542254631973982 ], [ 0.188799383574707, 51.542114508758004 ], [ 0.18872527656757, 51.542028613412079 ], [ 0.188626309502095, 51.541913895798828 ], [ 0.188610609027324, 51.541887222905231 ], [ 0.188605960819796, 51.541881715916908 ], [ 0.188509124755457, 51.541793987213055 ], [ 0.188510098572089, 51.541768275749753 ], [ 0.188500726716563, 51.541757191227134 ], [ 0.188365541933475, 51.541597216783522 ], [ 0.188352138742662, 51.541586270404373 ], [ 0.188345714262555, 51.541581012375723 ], [ 0.188319318849362, 51.541546332744545 ], [ 0.188318298712296, 51.541541297650511 ], [ 0.188289911586001, 51.541507728044031 ], [ 0.188272423952219, 51.541484741439042 ], [ 0.188255802222128, 51.541462910480178 ], [ 0.188244551097143, 51.541448119860725 ], [ 0.188211963711447, 51.541396181031566 ], [ 0.188180890751296, 51.541346651074726 ], [ 0.188126556497841, 51.541262230088051 ], [ 0.188100129840591, 51.541221174876419 ], [ 0.187951184838144, 51.540989781550024 ], [ 0.18792818674311, 51.540954058212201 ], [ 0.187921662428005, 51.540943916067512 ], [ 0.187915736876179, 51.540934712426761 ], [ 0.187897476432485, 51.540906364997234 ], [ 0.187812384699268, 51.540774143592984 ], [ 0.187777559482548, 51.540720025072808 ], [ 0.187747471465261, 51.540673273479086 ], [ 0.18772974029941, 51.54064573452326 ], [ 0.187661135311138, 51.540565923115167 ], [ 0.187623144794916, 51.540521881894627 ], [ 0.187530520311762, 51.5404145048077 ], [ 0.187520266019095, 51.540404255030445 ], [ 0.187468935268688, 51.540352971263246 ], [ 0.187443716722455, 51.540327775190775 ], [ 0.187377375665441, 51.540261482997344 ], [ 0.187333310480224, 51.540211340712816 ], [ 0.187037996075984, 51.539952218316913 ], [ 0.187032231981879, 51.539947161038199 ], [ 0.186791190451455, 51.539732033957726 ], [ 0.186745995817156, 51.539691705992013 ], [ 0.186564921546329, 51.539524203210462 ], [ 0.186309657586986, 51.539313126302858 ], [ 0.185935260636945, 51.539023330825664 ], [ 0.185771181363492, 51.538909477741065 ], [ 0.18565077089959, 51.538803803922804 ], [ 0.185437863625504, 51.538573949664659 ], [ 0.185177421895514, 51.538191244135142 ], [ 0.184972518180916, 51.537890148461969 ], [ 0.184790167829992, 51.537695696265097 ], [ 0.184729528048092, 51.53763387382871 ], [ 0.18450395753225, 51.53744022607534 ], [ 0.183773375012631, 51.536891048409665 ], [ 0.183546644057426, 51.536720613603421 ], [ 0.183401208270003, 51.536618191063923 ], [ 0.18305739036936, 51.536391668082082 ], [ 0.183050840726154, 51.53638738333926 ], [ 0.183025846302565, 51.536370999860793 ], [ 0.183022808226746, 51.536368983483115 ], [ 0.183020649384164, 51.536367562275622 ], [ 0.182759023800627, 51.536195234699214 ], [ 0.182730228851152, 51.536176264405746 ], [ 0.182620879229441, 51.536103188456103 ], [ 0.182611867030572, 51.536097159875183 ], [ 0.182216551085625, 51.535832958078224 ], [ 0.182212753202689, 51.53583042971573 ], [ 0.182149045041204, 51.535787854290312 ], [ 0.182085887658614, 51.535745637302341 ], [ 0.182062397991351, 51.535729949570104 ], [ 0.182026097569977, 51.535705686864013 ], [ 0.182022568049778, 51.535703342359 ], [ 0.182015672209923, 51.535698749237397 ], [ 0.181998752885172, 51.535687480805763 ], [ 0.18198338482777, 51.535677352623267 ], [ 0.181960655351469, 51.53568716420186 ], [ 0.181828176142029, 51.53574437830207 ], [ 0.181634279752914, 51.535817258079305 ], [ 0.181260437831571, 51.535944590565855 ], [ 0.181209583744377, 51.535961912438381 ], [ 0.180891206251725, 51.536070370268142 ], [ 0.180874916842272, 51.536075916035088 ], [ 0.180856442603582, 51.536082212866027 ], [ 0.180665979597718, 51.536147085957801 ], [ 0.180657579610423, 51.536149949004844 ], [ 0.18059897751078, 51.536169905702621 ], [ 0.180360114188719, 51.536251271866973 ], [ 0.180263654686016, 51.53628412655857 ], [ 0.179913175975373, 51.536403511286558 ], [ 0.179904415392684, 51.53640649519091 ], [ 0.179473953222107, 51.536553105571798 ], [ 0.179437702404103, 51.536517500729161 ], [ 0.179349670451148, 51.53643103938164 ], [ 0.179323140728798, 51.536404984487142 ], [ 0.179260246862616, 51.536343209884947 ], [ 0.179188209039623, 51.536365079145995 ], [ 0.178685136706271, 51.536517807829419 ], [ 0.178622451559823, 51.536536841109132 ], [ 0.177923215820827, 51.536749118885659 ], [ 0.17777945386741, 51.536790115968998 ], [ 0.177747984138549, 51.536799090644593 ], [ 0.177621778009421, 51.536835085265402 ], [ 0.177607305563432, 51.536838528435119 ], [ 0.177601416931095, 51.536839932732747 ], [ 0.177480146907785, 51.536868767004243 ], [ 0.177462408947816, 51.536872981214174 ], [ 0.177066586459423, 51.536967082833783 ], [ 0.176607956648652, 51.537064110902868 ], [ 0.176430824863428, 51.537092127772418 ], [ 0.175998087521827, 51.537146108770109 ], [ 0.175986984622354, 51.537121017073879 ], [ 0.175515276079449, 51.537208453923242 ], [ 0.175427258085798, 51.53723397156979 ], [ 0.175394759685068, 51.537175984034086 ], [ 0.175258429741411, 51.537208998213138 ], [ 0.175065098946869, 51.537256009989555 ], [ 0.174925213662511, 51.537290078926205 ], [ 0.1748353437097, 51.537181992927707 ], [ 0.174747574354718, 51.537212433673538 ], [ 0.174594957588841, 51.537262889807096 ], [ 0.174522718329677, 51.537260019874402 ], [ 0.174369784113323, 51.537285049098685 ], [ 0.173927088795552, 51.537362571033277 ], [ 0.173919294723076, 51.537363938503503 ], [ 0.173829947577059, 51.537436972139886 ], [ 0.17385297674393, 51.53747057537143 ], [ 0.173888140517914, 51.537521886019263 ], [ 0.173920668467125, 51.537569324500609 ], [ 0.173941108079594, 51.537599117653365 ], [ 0.173947197430067, 51.5376079799452 ], [ 0.174036350599182, 51.537691654623941 ], [ 0.17405579295765, 51.537709892112645 ], [ 0.174136567526514, 51.537785682130597 ], [ 0.17437832136363, 51.538012558804802 ], [ 0.174457557185133, 51.538086902253319 ], [ 0.174524078509888, 51.538141660489842 ], [ 0.174611207548016, 51.53821337545557 ], [ 0.174619522643705, 51.538220217979493 ], [ 0.174695829254617, 51.538283005464521 ], [ 0.174833886790607, 51.538380917511034 ], [ 0.17489365275519, 51.538419784040812 ], [ 0.174966842664286, 51.538467385815508 ], [ 0.174976411073536, 51.538473593551366 ], [ 0.174979908301942, 51.538475866930689 ], [ 0.175106063975668, 51.538550958955604 ], [ 0.17555834446958, 51.53879296874377 ], [ 0.175679533164053, 51.538852765058486 ], [ 0.175816111217122, 51.538920162824368 ], [ 0.176003020344142, 51.539012392273925 ], [ 0.176077069534865, 51.539048933900631 ], [ 0.176207731082791, 51.539123788310597 ], [ 0.176339576831935, 51.539186569853484 ], [ 0.176357136623969, 51.539194931486513 ], [ 0.176597404031899, 51.539279402967388 ], [ 0.176602720691442, 51.539281269334005 ], [ 0.176624442563272, 51.539288906215262 ], [ 0.176640722951276, 51.539294629581406 ], [ 0.17710241327599, 51.539456941914501 ], [ 0.17717060457346, 51.539477062225529 ], [ 0.177285251070295, 51.539510880306658 ], [ 0.177416327068972, 51.539537819429327 ], [ 0.177436564306578, 51.539540024897988 ], [ 0.177554944416862, 51.539552945399485 ], [ 0.17768687055122, 51.539559912743556 ], [ 0.1777292700508, 51.539559935192798 ], [ 0.17775267686925, 51.539559959406525 ], [ 0.177948579380575, 51.539528921244958 ], [ 0.178046130487477, 51.539545366470222 ], [ 0.178091242547558, 51.539552973582651 ], [ 0.178143416151304, 51.539569847386041 ], [ 0.178163516407804, 51.539579456598723 ], [ 0.178205583437076, 51.5395997105432 ], [ 0.178256052562768, 51.539630123584573 ], [ 0.178303596666535, 51.539658774300143 ], [ 0.178393324109596, 51.539725824803902 ], [ 0.178565068047838, 51.539886895216043 ], [ 0.178626201655951, 51.539934970400601 ], [ 0.178657757214045, 51.539959781015405 ], [ 0.178735491335128, 51.540020875689279 ], [ 0.178787741533105, 51.540055653063185 ], [ 0.178815996360099, 51.540074454580783 ], [ 0.178852785707529, 51.540098934135649 ], [ 0.178874407756689, 51.540110808211701 ], [ 0.178909832674325, 51.540130267953415 ], [ 0.178972132097031, 51.540164624810785 ], [ 0.178981589115803, 51.540169839656095 ], [ 0.179065673813284, 51.540215830068 ], [ 0.179222382456366, 51.540312905029666 ], [ 0.179262580561249, 51.540337788789941 ], [ 0.1792729667609, 51.540348720359304 ], [ 0.179283458545279, 51.540359748890879 ], [ 0.179285073002268, 51.540364566189723 ], [ 0.179292903246017, 51.540387811827152 ], [ 0.179297144396623, 51.540438885845639 ], [ 0.179292139227678, 51.540488404921831 ], [ 0.17928776471586, 51.54053180146817 ], [ 0.179287362066062, 51.540535752423864 ], [ 0.179291937444868, 51.540545496909708 ], [ 0.17930538672205, 51.540573764252855 ], [ 0.179353919119238, 51.540635463847657 ], [ 0.179414779560251, 51.540712816265092 ], [ 0.179419788609973, 51.540721977132101 ], [ 0.179421242496509, 51.540724639065999 ], [ 0.179505627811853, 51.540878769288192 ], [ 0.179530109812453, 51.54095686931614 ], [ 0.179562178844827, 51.541059154758678 ], [ 0.179579001850275, 51.541112764927142 ], [ 0.179610519416802, 51.541153664664144 ], [ 0.179645282424614, 51.541198802809859 ], [ 0.17967611077204, 51.54125878971076 ], [ 0.179707019941501, 51.54135882140357 ], [ 0.179696539963285, 51.541554616139109 ], [ 0.179667262469285, 51.541639758154453 ], [ 0.179662855082786, 51.54167974243655 ], [ 0.179682260220448, 51.541744833783042 ], [ 0.179728090318867, 51.541801853051346 ], [ 0.179741598772361, 51.54181866202854 ], [ 0.179750209498907, 51.541866696120124 ], [ 0.179722041131772, 51.541937617427102 ], [ 0.179644326270387, 51.542027724108394 ], [ 0.179624455403583, 51.542059339771185 ], [ 0.179603364275657, 51.542132751069602 ], [ 0.179601747412471, 51.542205805056881 ], [ 0.179599945779056, 51.542287675596569 ], [ 0.179604590656441, 51.542346287180528 ], [ 0.179604971592225, 51.542351244287254 ], [ 0.179606763858026, 51.542373675720803 ], [ 0.179627523883276, 51.542487673134488 ], [ 0.179653819744185, 51.542581989764628 ], [ 0.179671043549807, 51.542643677132652 ], [ 0.17969620016315, 51.542715945885554 ], [ 0.179714901439117, 51.542769610948461 ], [ 0.179735452965568, 51.542812189136107 ], [ 0.179784448712731, 51.542913728166575 ], [ 0.17985196086954, 51.543053575462821 ], [ 0.179855902911653, 51.543079645124678 ], [ 0.17984668550253, 51.543169603313316 ], [ 0.179852998198908, 51.543207562756344 ], [ 0.179859260994407, 51.543222734651195 ], [ 0.179870334208662, 51.543249544160552 ], [ 0.179909618068683, 51.54329659460354 ], [ 0.179936296784989, 51.543328546008162 ], [ 0.180002168752248, 51.543386622596103 ], [ 0.180051893857754, 51.543481061411462 ], [ 0.180129060822931, 51.54362764484641 ], [ 0.180139981728404, 51.543653615407187 ], [ 0.180187049412799, 51.543765537530938 ], [ 0.180266620379453, 51.543865510020211 ], [ 0.180360319640417, 51.543975013394643 ], [ 0.180481424121469, 51.544116553399107 ], [ 0.180519860594075, 51.544151271881695 ], [ 0.180569993901586, 51.544196555689915 ], [ 0.18081723970487, 51.544394215156814 ], [ 0.180857712547754, 51.544426566473632 ], [ 0.180907818767347, 51.544457083999255 ], [ 0.181041544210711, 51.544538521894282 ], [ 0.181129364547757, 51.544607934851228 ], [ 0.181319785900764, 51.544758455592365 ], [ 0.181400896705725, 51.544833523823627 ], [ 0.18153414069318, 51.544988128844793 ], [ 0.181551685733211, 51.545008486741935 ], [ 0.181627886263996, 51.545084005831839 ], [ 0.18174944625415, 51.545204474128916 ], [ 0.181752902058454, 51.545207071810616 ], [ 0.182350673841326, 51.545656434800534 ], [ 0.182532480288119, 51.545743450991019 ], [ 0.182777110097651, 51.545860557950306 ], [ 0.182977094443419, 51.54599438597085 ], [ 0.183329430581363, 51.546142411196335 ], [ 0.183441078991952, 51.546196387119849 ], [ 0.183606379622114, 51.54629102925017 ], [ 0.183652394715775, 51.546317376815203 ], [ 0.183875340409341, 51.546417348629348 ], [ 0.184316264475634, 51.546627356825319 ], [ 0.184396167392147, 51.54666982723807 ], [ 0.185093248846047, 51.547040346474759 ], [ 0.185194305818909, 51.547069733086893 ], [ 0.185364767975078, 51.547119311203431 ], [ 0.18560356668979, 51.547156968135319 ], [ 0.185613852118742, 51.547160104853432 ], [ 0.185811317193205, 51.547220320778024 ], [ 0.185921723562641, 51.547327448673194 ], [ 0.185925701569645, 51.547331304529109 ], [ 0.185926967807456, 51.547333951881818 ], [ 0.185979782142572, 51.547445291422974 ], [ 0.186020258380915, 51.547530601035945 ], [ 0.186023193897884, 51.547536751565367 ], [ 0.186124323898461, 51.547657388877909 ], [ 0.186287353973594, 51.547805272705425 ], [ 0.186530371511491, 51.548173457514409 ], [ 0.186536191241972, 51.548182274683313 ], [ 0.186566016327072, 51.548240317743961 ], [ 0.18657811184182, 51.548263977938888 ], [ 0.18664161737568, 51.548388274803848 ], [ 0.186664664421045, 51.548444227380578 ], [ 0.186693130051911, 51.54851332576925 ], [ 0.186716160016102, 51.548569220199191 ], [ 0.186727520680735, 51.548596806068886 ], [ 0.18685584462326, 51.54890827277692 ], [ 0.186857838874841, 51.548911752798318 ], [ 0.186894548141642, 51.54897579084107 ], [ 0.18689851424271, 51.548982704536094 ], [ 0.186901598845298, 51.54898807885931 ], [ 0.186940608916654, 51.549056121786094 ], [ 0.186954654708975, 51.549080619714296 ], [ 0.187115544933124, 51.549361233498274 ], [ 0.187144614367746, 51.549386924384535 ], [ 0.187199906481272, 51.549435787187448 ], [ 0.187238058630716, 51.549469510409502 ], [ 0.187242409151368, 51.549484141986952 ], [ 0.187243793319108, 51.549489548004381 ], [ 0.187259616623783, 51.549551548099295 ], [ 0.187264095008377, 51.54956911803108 ], [ 0.187265247762538, 51.549573638047278 ], [ 0.187269065321422, 51.549588585325253 ], [ 0.187271572716843, 51.549598466943543 ], [ 0.187279935216076, 51.549631198745594 ], [ 0.187297662858906, 51.54968116655305 ], [ 0.187380451236654, 51.549828206739932 ], [ 0.187390966614203, 51.549846869179113 ], [ 0.187422436005065, 51.549902758998101 ], [ 0.187439556923356, 51.549933142162921 ], [ 0.187466494714741, 51.55000613138327 ], [ 0.187488726762557, 51.550075134473317 ], [ 0.187494954194511, 51.550114174250993 ], [ 0.187497075119161, 51.550127426484515 ], [ 0.18749828802796, 51.55013497604655 ], [ 0.187509335288342, 51.550204151712549 ], [ 0.187677433147428, 51.550308826310932 ], [ 0.187705697473046, 51.55032642930491 ], [ 0.187808227380023, 51.550390265743609 ], [ 0.187883979887202, 51.550437424685661 ], [ 0.187996338635181, 51.550507390806743 ], [ 0.188080849178394, 51.550560006869119 ], [ 0.188400486995677, 51.550759023846304 ], [ 0.188432210982448, 51.550780779840913 ], [ 0.188446544317253, 51.550790611679247 ], [ 0.188458669996356, 51.550798924400901 ], [ 0.188632490167095, 51.550918153853544 ], [ 0.18865022404569, 51.550930314381297 ], [ 0.188874383825898, 51.551084068467425 ], [ 0.18892008471272, 51.551115428935042 ], [ 0.188929689882516, 51.551122012503427 ], [ 0.188935581149142, 51.551126048384724 ], [ 0.189005613526284, 51.551177198216543 ], [ 0.18901222094329, 51.551182030106951 ], [ 0.18907664784363, 51.551229084725662 ], [ 0.18916244046844, 51.551317090726918 ], [ 0.189186957317824, 51.551342245476818 ], [ 0.189253012771701, 51.551410007609114 ], [ 0.18930215485276, 51.551420178993439 ], [ 0.189359557179283, 51.551432048774146 ], [ 0.189483505767669, 51.551448845817688 ], [ 0.189504775806002, 51.55145172232298 ], [ 0.189543758729426, 51.55145699313492 ], [ 0.189591219031165, 51.551485622572088 ], [ 0.189598141823619, 51.551489810034141 ], [ 0.189603067412997, 51.551492777541888 ], [ 0.189644963519258, 51.551518055672851 ], [ 0.18968923884674, 51.551633014969909 ], [ 0.189701797863056, 51.551782011441787 ], [ 0.189739472317878, 51.551946978435325 ], [ 0.189763807228679, 51.551986363474704 ], [ 0.189800435748777, 51.552045663494596 ], [ 0.189835263843542, 51.552102011412252 ], [ 0.189880979123565, 51.552145358962008 ], [ 0.189980722440939, 51.552239947614233 ], [ 0.190031511398214, 51.552301843003058 ], [ 0.190078393436037, 51.552358973037343 ], [ 0.190075273477845, 51.552367601669793 ], [ 0.190043496676965, 51.552456439305359 ], [ 0.190051459407388, 51.552492959861105 ], [ 0.190059446347547, 51.552516309626093 ], [ 0.190064199371193, 51.55252998477426 ], [ 0.190078942539603, 51.552545631754917 ], [ 0.190207021975529, 51.552681630329495 ], [ 0.19023885048628, 51.552752850177697 ], [ 0.190261076059701, 51.552802967228168 ], [ 0.19027236001288, 51.552821974722818 ], [ 0.190286577542148, 51.552845900607146 ], [ 0.190306143174345, 51.552877865356251 ], [ 0.190727295455167, 51.553504290816981 ], [ 0.190793535465802, 51.553602822787802 ], [ 0.190812423520842, 51.553621562313054 ], [ 0.190992642098901, 51.553800386904129 ], [ 0.19112513404388, 51.553931863885801 ], [ 0.191146603879128, 51.553953053401536 ], [ 0.191181208506428, 51.553987499751273 ], [ 0.191184525776578, 51.553990792199812 ], [ 0.191219107139052, 51.55401970644381 ], [ 0.191362665627741, 51.554139789064919 ], [ 0.191382067892871, 51.554156009823132 ], [ 0.191710547317955, 51.554430753379101 ], [ 0.191864443889207, 51.554537764144449 ], [ 0.192020861689515, 51.554640788628397 ], [ 0.192286690204513, 51.554806689115523 ], [ 0.192406057039658, 51.554862418538484 ], [ 0.192410262667265, 51.554864381361753 ], [ 0.192421802814827, 51.554869777350085 ], [ 0.192444262241039, 51.554880257177068 ], [ 0.192492117904872, 51.554902591824288 ], [ 0.192641057924, 51.554972130180893 ], [ 0.192676901996511, 51.554988861762645 ], [ 0.192769057866029, 51.555031879627315 ], [ 0.192868799122705, 51.555078442773464 ], [ 0.192903713762203, 51.55509474200494 ], [ 0.193089156415271, 51.555174272158936 ], [ 0.193094120203387, 51.555176400644008 ], [ 0.193123520002873, 51.555189007840973 ], [ 0.193197807932835, 51.555220870781611 ], [ 0.193254287322964, 51.555245080803751 ], [ 0.19339580784941, 51.555305772830835 ], [ 0.193421231251598, 51.555316682669449 ], [ 0.193426547889472, 51.555318948431236 ], [ 0.193449570178065, 51.555328823993527 ], [ 0.193569365707195, 51.555380209526788 ], [ 0.193574918580991, 51.555382587773828 ], [ 0.193621772848997, 51.555402674421579 ], [ 0.193665538206712, 51.555422423118593 ], [ 0.193716661517531, 51.555445487532339 ], [ 0.193814882414525, 51.555489794044021 ], [ 0.193831736102257, 51.555497383745809 ], [ 0.193848324746943, 51.555504861492189 ], [ 0.193919827431269, 51.555537131274598 ], [ 0.193999940488796, 51.555573259865376 ], [ 0.194200542197584, 51.555663754987762 ], [ 0.194447641662994, 51.555758793755381 ], [ 0.194501303631963, 51.555779436161757 ], [ 0.194703532260309, 51.555857228760679 ], [ 0.194787236404793, 51.555889413608611 ], [ 0.194807666402875, 51.555897268996539 ], [ 0.194812604696051, 51.555899164064442 ], [ 0.194823863337032, 51.555903494903163 ], [ 0.194828699011517, 51.555905355918163 ], [ 0.195131094966398, 51.556021661341504 ], [ 0.195269420992998, 51.556056034218535 ], [ 0.195295191197395, 51.556062440626818 ], [ 0.195368720014911, 51.556080714378496 ], [ 0.19539665104992, 51.55608765587948 ], [ 0.195563490931745, 51.556098202784732 ], [ 0.195576441650571, 51.556099021572457 ], [ 0.195777387267538, 51.556111717670468 ], [ 0.196233919579829, 51.556155582757569 ], [ 0.196434999697645, 51.556199831782443 ], [ 0.19645535438247, 51.556204315897531 ], [ 0.197061367185373, 51.55633766533041 ], [ 0.19753777184373, 51.556419652289435 ], [ 0.197629549964926, 51.556429812747879 ], [ 0.197818777790829, 51.55645077360861 ], [ 0.198039689081166, 51.556439763791779 ], [ 0.198058493265964, 51.556437810684805 ], [ 0.198241140481048, 51.55641859637494 ], [ 0.198260144267332, 51.556416594530269 ], [ 0.198305988943656, 51.556411769488193 ] ] ] } }
]
}
