{
"type": "FeatureCollection",
"name": "lsoas_E05000335",
"crs": { "type": "name", "properties": { "name": "urn:ogc:def:crs:OGC:1.3:CRS84" } },
"features": [
{ "type": "Feature", "properties": { "lsoa21cd": "E01002484", "lsoa21nm": "Hillingdon 002E", "msoa21cd": "E02000495", "msoa21nm": "Hillingdon 002", "lad22cd": "E09000017", "lad22nm": "Hillingdon", "index_right": 137, "GSS_CODE": "E05000335", "risk_score": 0.0012867536867208285, "allocation_hours": 0.028948290395165423, "patrol_units": 0 }, "geometry": { "type": "Polygon", "coordinates": [ [ [ -0.410627829939093, 51.608295552738845 ], [ -0.410818326387045, 51.60820769332296 ], [ -0.410829746516882, 51.608202416401326 ], [ -0.411060285453481, 51.60808448795833 ], [ -0.41107443126414, 51.608077251555578 ], [ -0.411242904119778, 51.607960802910036 ], [ -0.411247371798353, 51.60795651997072 ], [ -0.411301603959649, 51.6079043237458 ], [ -0.411318312963117, 51.607883237534217 ], [ -0.41134401127076, 51.607850798480563 ], [ -0.411357627382102, 51.607830605639514 ], [ -0.411365243173292, 51.607819297163118 ], [ -0.411423455981097, 51.607801982778248 ], [ -0.411451300093583, 51.607793699672442 ], [ -0.411551517645177, 51.607755056681853 ], [ -0.411604187931362, 51.60773475364806 ], [ -0.411701091481907, 51.607690094657734 ], [ -0.411295738827709, 51.607588022277454 ], [ -0.411080887597605, 51.607533920739975 ], [ -0.410984270532699, 51.607509592451983 ], [ -0.410904359932673, 51.607489473866096 ], [ -0.410833468302789, 51.607471626500754 ], [ -0.41031085977665, 51.607340033056886 ], [ -0.410303810887319, 51.607338254227976 ], [ -0.410221976243291, 51.60745313363536 ], [ -0.410031474879305, 51.607180463958962 ], [ -0.409906920441221, 51.607032019448418 ], [ -0.409660012203248, 51.606787918982548 ], [ -0.40947809180433, 51.606650828017194 ], [ -0.409485017391603, 51.606553523851915 ], [ -0.409475269863967, 51.60648081320263 ], [ -0.409469976565874, 51.606441381249773 ], [ -0.409467738669751, 51.606333143955467 ], [ -0.409455902262548, 51.606317291686246 ], [ -0.409391881817166, 51.606241354965192 ], [ -0.40880100662223, 51.605973699851887 ], [ -0.408784328061037, 51.605963761930973 ], [ -0.408774142513359, 51.605957697842079 ], [ -0.408628717063707, 51.605871080587427 ], [ -0.408623652707299, 51.605868062410558 ], [ -0.408596302329629, 51.605847800312048 ], [ -0.408547907538529, 51.605811956734648 ], [ -0.408511280543328, 51.605784833501161 ], [ -0.408473723191999, 51.605753552097809 ], [ -0.408501840452993, 51.605622057918097 ], [ -0.408514940248363, 51.605578455389605 ], [ -0.408571201172148, 51.605439163908052 ], [ -0.408572545350817, 51.605435827915699 ], [ -0.408645357913259, 51.60530162115203 ], [ -0.408661570017436, 51.605277408178239 ], [ -0.408678345089618, 51.605252375519015 ], [ -0.408688934197098, 51.605236575279179 ], [ -0.408695150861382, 51.605213665653409 ], [ -0.408701067667494, 51.605203044735646 ], [ -0.408760913426567, 51.605095621738066 ], [ -0.408774548808063, 51.605063325525826 ], [ -0.408784925657777, 51.605038727716241 ], [ -0.408836449585615, 51.60487979067009 ], [ -0.408837222548582, 51.604868011951318 ], [ -0.408841277014445, 51.604806998692077 ], [ -0.408846907458705, 51.604788046811947 ], [ -0.408853027184697, 51.60476749189997 ], [ -0.408868406915533, 51.604736927885533 ], [ -0.408871244497807, 51.604725986466896 ], [ -0.408883386054994, 51.604679003197312 ], [ -0.408886060430213, 51.604668599117922 ], [ -0.408888683561816, 51.604619193787762 ], [ -0.408886304256034, 51.604607534222765 ], [ -0.40888261342288, 51.60458960708673 ], [ -0.408883210941163, 51.604583257471376 ], [ -0.408895610781801, 51.604453321704973 ], [ -0.4089285047747, 51.604391642556578 ], [ -0.408936848768783, 51.604249876122239 ], [ -0.408935165559504, 51.604246391197009 ], [ -0.408878258172071, 51.604128618494848 ], [ -0.408875346454155, 51.604126402854206 ], [ -0.408767419532228, 51.604043765029026 ], [ -0.408809429165462, 51.603970622560851 ], [ -0.408817129127665, 51.603962934872534 ], [ -0.408823501183161, 51.603959275825375 ], [ -0.408945621160509, 51.603894961278471 ], [ -0.409164703376296, 51.603779587680577 ], [ -0.408985908104776, 51.603783936884732 ], [ -0.408983359930818, 51.603778758640317 ], [ -0.408888516135381, 51.603586297172143 ], [ -0.408838658340538, 51.603534953298166 ], [ -0.408824659193865, 51.60352729083754 ], [ -0.408676350798139, 51.603446111141473 ], [ -0.408699345857774, 51.603433140778847 ], [ -0.408794847245312, 51.603379256695092 ], [ -0.40886356703575, 51.603340494796001 ], [ -0.408914963717854, 51.603311488847936 ], [ -0.408941747040077, 51.603294658012494 ], [ -0.409028224439924, 51.603240309752785 ], [ -0.409219486500471, 51.603120116778754 ], [ -0.409246580241243, 51.603103074253113 ], [ -0.409315432795653, 51.603102622019122 ], [ -0.409348740167594, 51.603102389724455 ], [ -0.409365928204669, 51.603102271818507 ], [ -0.409457053133312, 51.603101662545903 ], [ -0.409660030356981, 51.603100283843652 ], [ -0.409669591886414, 51.603100224481196 ], [ -0.409780962239495, 51.603152081728922 ], [ -0.409827184514375, 51.603173597244833 ], [ -0.409871090617359, 51.603194038249207 ], [ -0.409885107281121, 51.603197069673499 ], [ -0.409896171385005, 51.603199467612164 ], [ -0.41000163938333, 51.6032223067944 ], [ -0.410068526130284, 51.603236791069747 ], [ -0.410068317575514, 51.603242759283418 ], [ -0.41006701881791, 51.603279925794538 ], [ -0.410066734252993, 51.603288069170304 ], [ -0.410065981066176, 51.603309623050087 ], [ -0.410136748607065, 51.603326695721663 ], [ -0.410253597061644, 51.603354877439827 ], [ -0.410336264477841, 51.603374817831366 ], [ -0.410385338142642, 51.603386650811622 ], [ -0.410530124744733, 51.603421568139481 ], [ -0.410556924313658, 51.603424511713079 ], [ -0.410666431810166, 51.603458645645269 ], [ -0.410819008045154, 51.603506212622406 ], [ -0.410831664332117, 51.603510160750652 ], [ -0.41085327754547, 51.603516891870413 ], [ -0.410900703199474, 51.603531678866716 ], [ -0.411019096308121, 51.60356858551058 ], [ -0.411114105065363, 51.603598206447387 ], [ -0.411287395687725, 51.603652221965987 ], [ -0.411117472688398, 51.603859458006049 ], [ -0.411117696994304, 51.603862959134617 ], [ -0.411119590270888, 51.603891859760871 ], [ -0.411121283710911, 51.603917799141193 ], [ -0.411262662120122, 51.60392177116254 ], [ -0.411372620579792, 51.603924841376617 ], [ -0.411564596329754, 51.603956591981103 ], [ -0.411577176250003, 51.6039590102692 ], [ -0.411600810788079, 51.603983960486936 ], [ -0.411619058712897, 51.604029601596871 ], [ -0.411649544336314, 51.604036587468578 ], [ -0.411834677625433, 51.604079045127015 ], [ -0.41199028568758, 51.604114727544754 ], [ -0.41201852580214, 51.604133094481128 ], [ -0.41204613852353, 51.604169437991821 ], [ -0.41203076360198, 51.604196207687394 ], [ -0.411930810645731, 51.604342522427906 ], [ -0.412072021212633, 51.604331069038572 ], [ -0.412121273195367, 51.604327076874277 ], [ -0.412325232495448, 51.604310536541725 ], [ -0.412715828867771, 51.604559550281607 ], [ -0.412908199304061, 51.60449895075557 ], [ -0.412920356264822, 51.60449362960739 ], [ -0.413107107274102, 51.604411956227757 ], [ -0.413115318725873, 51.604406725622979 ], [ -0.413169534342162, 51.604372207483863 ], [ -0.413171003179472, 51.604363630466921 ], [ -0.413215094043273, 51.604105573907262 ], [ -0.413255362212208, 51.604109903862422 ], [ -0.413250468163024, 51.604117319526189 ], [ -0.413641480466474, 51.604237292956228 ], [ -0.413705461403915, 51.60425691565645 ], [ -0.41372152081578, 51.60426184467444 ], [ -0.413801932458491, 51.604286518257759 ], [ -0.413909091115026, 51.60431939453494 ], [ -0.41392963705317, 51.604325697031797 ], [ -0.414027366049698, 51.604355676144458 ], [ -0.414150155911417, 51.604393349504569 ], [ -0.414165958430559, 51.604398194061524 ], [ -0.414172830634264, 51.604400310185326 ], [ -0.414204570107492, 51.604406556963738 ], [ -0.414221622967105, 51.604409916643391 ], [ -0.414247124145611, 51.604412432696044 ], [ -0.414256455451519, 51.604409042616318 ], [ -0.414314822501353, 51.604383415160051 ], [ -0.414332426380511, 51.604379044182672 ], [ -0.414355232508801, 51.60437104751135 ], [ -0.414427775846913, 51.604361083076711 ], [ -0.414574299212982, 51.604340948653515 ], [ -0.4146886175136, 51.60434616091333 ], [ -0.414893393081167, 51.604355489672002 ], [ -0.414959267833992, 51.604358492066964 ], [ -0.415041523735274, 51.604237393601508 ], [ -0.41507817690437, 51.604183420448081 ], [ -0.415090762810909, 51.604186917550244 ], [ -0.415236185560695, 51.604227377178432 ], [ -0.415280664647258, 51.604239757641871 ], [ -0.415346239259875, 51.604258007122503 ], [ -0.41537066717279, 51.604264802388087 ], [ -0.415423184276858, 51.604279413502006 ], [ -0.415471053298865, 51.604292729898432 ], [ -0.415595481259618, 51.604327348418217 ], [ -0.41561374490597, 51.604332432816406 ], [ -0.415621653903324, 51.604334634784927 ], [ -0.415632366237298, 51.604337198305885 ], [ -0.415819630362474, 51.604382052550484 ], [ -0.415954421517168, 51.604414346539784 ], [ -0.4159796841918, 51.604420397567822 ], [ -0.416107564488459, 51.604442148827232 ], [ -0.41616705442216, 51.604452267463067 ], [ -0.416171303704176, 51.604452990221638 ], [ -0.41620937498029, 51.604459465741186 ], [ -0.416284390844426, 51.604476160434345 ], [ -0.416349547246681, 51.604490680812965 ], [ -0.416381330481651, 51.604497754914021 ], [ -0.41640579086279, 51.604503210517478 ], [ -0.416467308342745, 51.604516899409454 ], [ -0.416630055031195, 51.604562959507454 ], [ -0.416767605876662, 51.604601881331384 ], [ -0.416771869975487, 51.604603008933161 ], [ -0.416803492533045, 51.604611384676005 ], [ -0.416929353415977, 51.604644717214448 ], [ -0.417098999402429, 51.604689655691303 ], [ -0.417125327786487, 51.604696629090853 ], [ -0.417181812953723, 51.604733360643046 ], [ -0.417256212458084, 51.604765720439282 ], [ -0.417021260553952, 51.605132632964114 ], [ -0.416880559798592, 51.605097445811538 ], [ -0.416837854073126, 51.605086771445961 ], [ -0.416809192814125, 51.605079604661555 ], [ -0.416785142048383, 51.605115070756511 ], [ -0.416755748672001, 51.605158405235755 ], [ -0.416753731521253, 51.605161386047499 ], [ -0.416747467354591, 51.60517063136129 ], [ -0.416745458201791, 51.605173589799293 ], [ -0.416723969687036, 51.605208874603399 ], [ -0.416682341277021, 51.605277205251035 ], [ -0.416678098397724, 51.605284180217154 ], [ -0.416666811335778, 51.60530268757082 ], [ -0.416621843712758, 51.605376503586498 ], [ -0.416594412925161, 51.605421528101232 ], [ -0.416592942777931, 51.605423936266 ], [ -0.416585774634828, 51.605435709775122 ], [ -0.416564531519177, 51.605470575202915 ], [ -0.416532393074371, 51.605520572048356 ], [ -0.416509216442523, 51.605556634378281 ], [ -0.416460986599057, 51.605631638308651 ], [ -0.416427596420349, 51.605683569622656 ], [ -0.416382323391888, 51.605739585158972 ], [ -0.416288452308683, 51.605869547427638 ], [ -0.416209744324667, 51.605993275455837 ], [ -0.416206903073853, 51.605997733407769 ], [ -0.41616576198536, 51.606062392456032 ], [ -0.416161377579818, 51.606069280061618 ], [ -0.416140340292821, 51.606102363152964 ], [ -0.416131112772064, 51.60611686956323 ], [ -0.416127186892242, 51.60612303045945 ], [ -0.416122099531544, 51.606131028153584 ], [ -0.41607099741618, 51.606211343715017 ], [ -0.416063282417209, 51.606223469511178 ], [ -0.416058806209857, 51.606230504250838 ], [ -0.416054879997202, 51.606236674132191 ], [ -0.41603193324998, 51.60627274844267 ], [ -0.416028159511344, 51.606278686573496 ], [ -0.41602440114503, 51.606284597933922 ], [ -0.41600238711586, 51.60631918306396 ], [ -0.415960862667089, 51.606384466332585 ], [ -0.415955255993913, 51.606393275334227 ], [ -0.415901327342301, 51.606478021972087 ], [ -0.415890358044709, 51.606495265573642 ], [ -0.415873750973494, 51.606521380699185 ], [ -0.41585667074677, 51.606548226827307 ], [ -0.415843929352949, 51.606568252190627 ], [ -0.41583274634653, 51.606585825626745 ], [ -0.415823503566096, 51.606600349787115 ], [ -0.415819974653701, 51.606605891044616 ], [ -0.415797562004285, 51.606641131702595 ], [ -0.415756328431773, 51.606705924218467 ], [ -0.415748506586066, 51.606718210413945 ], [ -0.415683973534671, 51.606819647901332 ], [ -0.41565488413548, 51.606865387161278 ], [ -0.415614735115781, 51.606928467682373 ], [ -0.415611282551151, 51.606933888563177 ], [ -0.415603246644791, 51.606946513575316 ], [ -0.415527574559482, 51.607065479998241 ], [ -0.415523678948322, 51.607071596315862 ], [ -0.415512280456023, 51.607089544494258 ], [ -0.415507117258531, 51.607097640050952 ], [ -0.415480290006573, 51.607139785789514 ], [ -0.415454897526344, 51.607179711739136 ], [ -0.415447717152576, 51.607190990409542 ], [ -0.415424800802108, 51.60722699304695 ], [ -0.415422050386749, 51.607231326306206 ], [ -0.415418124311819, 51.60723748717124 ], [ -0.415416184021897, 51.607240536436763 ], [ -0.415391372510342, 51.60727953498553 ], [ -0.415172609561532, 51.607224452860166 ], [ -0.415127016166082, 51.607263458622164 ], [ -0.41510129742553, 51.607296986387951 ], [ -0.415065432733086, 51.607343798566276 ], [ -0.41505164205228, 51.607361799834486 ], [ -0.415045515052644, 51.6073697834412 ], [ -0.415040628074087, 51.607376165128152 ], [ -0.414981715314114, 51.607453002505338 ], [ -0.414978205461669, 51.607457577292884 ], [ -0.414960595004436, 51.607480549320542 ], [ -0.415205368026722, 51.607548077872082 ], [ -0.415217626624191, 51.607551462649091 ], [ -0.415214326766624, 51.607556642778242 ], [ -0.415190582962247, 51.607594001058892 ], [ -0.415185510954813, 51.60760196294126 ], [ -0.415180972661721, 51.607609113705649 ], [ -0.415178757481197, 51.607612590898214 ], [ -0.415159536857716, 51.607642816188111 ], [ -0.415116037622616, 51.60771123781705 ], [ -0.415111408313766, 51.607718513245274 ], [ -0.415109131624975, 51.607722097516529 ], [ -0.415099033047207, 51.607737958937975 ], [ -0.415085174908924, 51.607759758644065 ], [ -0.415072355953853, 51.607779917747727 ], [ -0.41503848191697, 51.607833208922003 ], [ -0.415007970143032, 51.607881185916774 ], [ -0.415003600286338, 51.607888060177849 ], [ -0.414987924389881, 51.607912703952984 ], [ -0.414972507964005, 51.607936946563896 ], [ -0.414913225496743, 51.608030172289226 ], [ -0.414910046999543, 51.608035183188164 ], [ -0.414902744294337, 51.60804664901034 ], [ -0.414851406562862, 51.608127383400991 ], [ -0.414984612057657, 51.608164450304834 ], [ -0.415021044183365, 51.608194014959508 ], [ -0.414985733401889, 51.608246252572314 ], [ -0.414962466447092, 51.60828068566169 ], [ -0.41485319894585, 51.608442326247967 ], [ -0.414843849350678, 51.608456165438653 ], [ -0.414841642245115, 51.608459408926137 ], [ -0.414806711037809, 51.608449764961762 ], [ -0.414558717219543, 51.608381292763092 ], [ -0.414480630045812, 51.60835973539259 ], [ -0.414374520807809, 51.608330443672749 ], [ -0.414245265993544, 51.608533853836647 ], [ -0.414147105377087, 51.608688332767436 ], [ -0.414144889436831, 51.608691827912132 ], [ -0.414128600912637, 51.608717452459402 ], [ -0.414141292819639, 51.608721256861756 ], [ -0.414262624845576, 51.608757588717353 ], [ -0.414279147513644, 51.608762532936495 ], [ -0.414341935632571, 51.608781347952963 ], [ -0.414368420384459, 51.608789277324917 ], [ -0.414502458554231, 51.608829431494009 ], [ -0.414458459836118, 51.608895957272665 ], [ -0.41445146119852, 51.608906563821996 ], [ -0.414401256912723, 51.608982483849886 ], [ -0.414399625543678, 51.608984952737814 ], [ -0.41439401506334, 51.608993437817965 ], [ -0.414316641679318, 51.609110464243251 ], [ -0.414302076922086, 51.609132209208056 ], [ -0.41429752872806, 51.609139013546098 ], [ -0.414295008227046, 51.609142751853632 ], [ -0.414205771758485, 51.609276092216909 ], [ -0.414194040103121, 51.609293621985628 ], [ -0.414162868815776, 51.60934015973254 ], [ -0.4141603242888, 51.609343965156015 ], [ -0.414131361394584, 51.609387223486877 ], [ -0.414119629367662, 51.609404762234874 ], [ -0.414085730445543, 51.609455381675495 ], [ -0.414013892209856, 51.609439294999177 ], [ -0.414009807827873, 51.60943809688596 ], [ -0.413953200804531, 51.609418314066367 ], [ -0.413917708013419, 51.609409435655259 ], [ -0.413896174471989, 51.609404055032442 ], [ -0.413867395042846, 51.609393172043632 ], [ -0.413838858522864, 51.609382364269102 ], [ -0.413825944240437, 51.609377477752645 ], [ -0.413768881776304, 51.609367570530281 ], [ -0.413746846547198, 51.609363738802109 ], [ -0.413733940859925, 51.609361505173709 ], [ -0.413722555547995, 51.609357916234124 ], [ -0.413668110560747, 51.609345634339462 ], [ -0.413598460346706, 51.609319617798654 ], [ -0.413515398882893, 51.609305658778688 ], [ -0.413509726641673, 51.60930390054429 ], [ -0.413476420945724, 51.609293603762389 ], [ -0.413452131530829, 51.609286081581388 ], [ -0.413387181722912, 51.609271265615845 ], [ -0.413373504146026, 51.609270460314818 ], [ -0.413350769501673, 51.609266394249801 ], [ -0.413330503330101, 51.609262775191127 ], [ -0.413294334905722, 51.609256297448042 ], [ -0.413177393346174, 51.609221606804439 ], [ -0.413171003748761, 51.609219712964467 ], [ -0.413163257520836, 51.60921717131643 ], [ -0.413123454054309, 51.609202910862102 ], [ -0.413078159472921, 51.609186876602379 ], [ -0.413027090096924, 51.609181546259684 ], [ -0.412966465431168, 51.609175232459087 ], [ -0.412961965943532, 51.609173391132238 ], [ -0.41290091535379, 51.609148241287322 ], [ -0.41289391102519, 51.609146581920257 ], [ -0.412730592007866, 51.609107873789185 ], [ -0.412723788218684, 51.609106262085334 ], [ -0.412706743049054, 51.609097668657903 ], [ -0.412647513828846, 51.609077030552037 ], [ -0.412641242286753, 51.609076307301905 ], [ -0.412538263501762, 51.60906448382196 ], [ -0.412521090723459, 51.609060375890081 ], [ -0.412425787400275, 51.609037604325536 ], [ -0.412389407756605, 51.609028911299717 ], [ -0.412381331800241, 51.609027336330058 ], [ -0.412300167998086, 51.609002480747904 ], [ -0.412271995512623, 51.608993673849078 ], [ -0.412268138134597, 51.608992470652133 ], [ -0.412173382232026, 51.608972642331139 ], [ -0.412166773524454, 51.608972269699265 ], [ -0.412039324720425, 51.60895087959932 ], [ -0.412031054542111, 51.608949490821161 ], [ -0.411976093980228, 51.608935249806976 ], [ -0.411970869968693, 51.608933893230052 ], [ -0.411919455508997, 51.608924394223152 ], [ -0.411910688263002, 51.608922764909252 ], [ -0.411903310100814, 51.60892043948018 ], [ -0.411868049543552, 51.608915893473927 ], [ -0.411834852455358, 51.608911604675299 ], [ -0.411683057986308, 51.608879570522092 ], [ -0.411675154361729, 51.608878438466775 ], [ -0.411666654505417, 51.60887576962422 ], [ -0.411588720635924, 51.608851285471459 ], [ -0.411451543981874, 51.608794377556023 ], [ -0.411439705405773, 51.608787027868594 ], [ -0.411434635520698, 51.608783739954028 ], [ -0.411405950574136, 51.608773073412991 ], [ -0.41139475890157, 51.608768911330401 ], [ -0.4112469362683, 51.608697192242516 ], [ -0.411172183852783, 51.608646344204523 ], [ -0.411165474069053, 51.608640803943331 ], [ -0.41116023791577, 51.608636488620128 ], [ -0.411156293385326, 51.608633233906886 ], [ -0.410821647551, 51.608407794899641 ], [ -0.410734402437936, 51.608359466283254 ], [ -0.410623044649506, 51.608297763073637 ], [ -0.410627829939093, 51.608295552738845 ] ] ] } },
{ "type": "Feature", "properties": { "lsoa21cd": "E01002482", "lsoa21nm": "Hillingdon 001E", "msoa21cd": "E02000494", "msoa21nm": "Hillingdon 001", "lad22cd": "E09000017", "lad22nm": "Hillingdon", "index_right": 137, "GSS_CODE": "E05000335", "risk_score": 0.0017286440016980073, "allocation_hours": 0.038889562988966668, "patrol_units": 0 }, "geometry": { "type": "Polygon", "coordinates": [ [ [ -0.408305340985425, 51.613604184236912 ], [ -0.408115022155115, 51.613587135133095 ], [ -0.407994475912238, 51.613589196586425 ], [ -0.407729074984812, 51.613593726847633 ], [ -0.40761957035123, 51.613595595941824 ], [ -0.407180759644363, 51.613546506933396 ], [ -0.406695049048288, 51.613513568787553 ], [ -0.406686792554174, 51.613513007121114 ], [ -0.406405075120556, 51.613493914575422 ], [ -0.406396905254296, 51.613493354064438 ], [ -0.405972219021061, 51.613464559409572 ], [ -0.405965705920737, 51.613464120278685 ], [ -0.405914423384468, 51.613460636367257 ], [ -0.405375097645414, 51.613424060264414 ], [ -0.405301007469588, 51.613409493350566 ], [ -0.405113336866572, 51.613372584032653 ], [ -0.405100685054494, 51.613370092117769 ], [ -0.405025892075111, 51.613355389590147 ], [ -0.404903443630223, 51.613333866275376 ], [ -0.404779258243888, 51.613312040468195 ], [ -0.404050268681729, 51.613183927834562 ], [ -0.404007356378163, 51.612955520517332 ], [ -0.404005993398162, 51.61294826305857 ], [ -0.403966046098458, 51.612735390036491 ], [ -0.403965219292088, 51.612730963498564 ], [ -0.403947891743914, 51.612638645146106 ], [ -0.403929408557123, 51.612540160236804 ], [ -0.403884804365205, 51.612302377700857 ], [ -0.403863460538056, 51.612230264752796 ], [ -0.403812421434878, 51.612057742931782 ], [ -0.403810974601493, 51.612052876325279 ], [ -0.40376476530633, 51.611896660528728 ], [ -0.403761704493691, 51.611886340531989 ], [ -0.403677826800869, 51.611603007705519 ], [ -0.403676768281743, 51.611599423306373 ], [ -0.403675334019724, 51.611594610823744 ], [ -0.403630597505587, 51.611443369840764 ], [ -0.403616529940351, 51.611377947247831 ], [ -0.403615562930907, 51.611373401898689 ], [ -0.403537640802636, 51.611010971292671 ], [ -0.4034861286921, 51.610771350111136 ], [ -0.403484737774273, 51.610764892594354 ], [ -0.403484179024875, 51.610762295167319 ], [ -0.403473117881571, 51.610710806789136 ], [ -0.403471529121595, 51.610703402373304 ], [ -0.403467040801412, 51.610637885197896 ], [ -0.403451839016895, 51.610415519662844 ], [ -0.403460229593596, 51.610279343959583 ], [ -0.403460758075196, 51.610270871251338 ], [ -0.403466522448709, 51.610177419005225 ], [ -0.403466067188174, 51.610171873456594 ], [ -0.403449877450513, 51.609973131167258 ], [ -0.403438068405272, 51.609828160432052 ], [ -0.403426775892888, 51.609689459968656 ], [ -0.403400322686895, 51.609574518272794 ], [ -0.403399257840415, 51.609569881666005 ], [ -0.403323108878833, 51.609238939599976 ], [ -0.403322118985499, 51.60923463673285 ], [ -0.403297946759247, 51.609129608747253 ], [ -0.40315120416252, 51.608934895636658 ], [ -0.403142372343998, 51.608923184237185 ], [ -0.403119368729383, 51.6088926656967 ], [ -0.403112937582807, 51.608884152292234 ], [ -0.403073540729491, 51.608831873836628 ], [ -0.403062901847462, 51.608817745822016 ], [ -0.403043956047195, 51.608792587940755 ], [ -0.402899601079428, 51.608674711328554 ], [ -0.402841585291783, 51.608616361262492 ], [ -0.40282593313162, 51.608600645302694 ], [ -0.402813687894361, 51.608587025971573 ], [ -0.402804083403559, 51.608576347134715 ], [ -0.402782929260518, 51.608552804801597 ], [ -0.402775722372868, 51.608544793376304 ], [ -0.402771285794685, 51.608538294403175 ], [ -0.402748171872095, 51.608504141244723 ], [ -0.402740895566906, 51.608493377171179 ], [ -0.40273092758784, 51.608478655756215 ], [ -0.402694853369245, 51.608416908183877 ], [ -0.402688791131122, 51.60840652931509 ], [ -0.402677715672454, 51.608387566360122 ], [ -0.402625822869668, 51.608271666622812 ], [ -0.402572734865397, 51.608125652741236 ], [ -0.402569831742507, 51.608115379792295 ], [ -0.402567866539067, 51.608108419846978 ], [ -0.402559157496161, 51.608077592011561 ], [ -0.402549547856783, 51.608043622536783 ], [ -0.402545218586011, 51.608028312375701 ], [ -0.402537183959443, 51.607937154104725 ], [ -0.40253655593353, 51.607929951568501 ], [ -0.402534284301715, 51.607903752517174 ], [ -0.402530070396661, 51.607855135740962 ], [ -0.402528724835682, 51.607839578411792 ], [ -0.40252256646252, 51.607768606827619 ], [ -0.402522318187023, 51.607765806785387 ], [ -0.402517239918525, 51.607707259531793 ], [ -0.402509776090889, 51.607621234741679 ], [ -0.402504859368294, 51.607564668032559 ], [ -0.402410741163583, 51.607443814398955 ], [ -0.402409497351926, 51.60742659484206 ], [ -0.402409041451351, 51.607420248933536 ], [ -0.402408654082246, 51.607414830183927 ], [ -0.402403914255754, 51.60734870686089 ], [ -0.402402558152189, 51.60732975022529 ], [ -0.40239806063194, 51.607316766825292 ], [ -0.402393235074034, 51.607302843742985 ], [ -0.402369318238467, 51.607233802222204 ], [ -0.402365725380782, 51.607226312052759 ], [ -0.402328368782736, 51.60715136394564 ], [ -0.402326452901134, 51.607147525062082 ], [ -0.402323848517136, 51.607142318944575 ], [ -0.402314566791613, 51.607123695103319 ], [ -0.402256344768088, 51.607047033270085 ], [ -0.402238648654257, 51.607023744731748 ], [ -0.402146694291245, 51.606917811918038 ], [ -0.402038739642531, 51.606830779335667 ], [ -0.401872736903159, 51.606712741890689 ], [ -0.401869810095464, 51.606706438788699 ], [ -0.401845887635329, 51.60665526517618 ], [ -0.401828299193546, 51.606617617041444 ], [ -0.40182318187442, 51.606606661985836 ], [ -0.401831353035858, 51.606597488450674 ], [ -0.401853708706609, 51.606575689170896 ], [ -0.401862606339296, 51.606567006618633 ], [ -0.401928506894743, 51.606502743909303 ], [ -0.401947093962223, 51.606484625205361 ], [ -0.402000015291139, 51.606433000114329 ], [ -0.402010961421201, 51.606422322116231 ], [ -0.40215898631596, 51.606277965633886 ], [ -0.402165237081013, 51.606271863854666 ], [ -0.402175599988394, 51.60626175342292 ], [ -0.402286842328011, 51.60617269466448 ], [ -0.402351637254894, 51.606120142857307 ], [ -0.402353498084329, 51.606098613171021 ], [ -0.402388628759897, 51.606102040669477 ], [ -0.402489272322503, 51.606111835856098 ], [ -0.402514006076899, 51.606098791507996 ], [ -0.402578613976181, 51.606064716596634 ], [ -0.402774644207658, 51.605961325647719 ], [ -0.402828819331267, 51.605932764964919 ], [ -0.402846976443612, 51.605923174134425 ], [ -0.402899474416107, 51.605895489855421 ], [ -0.402914158749607, 51.605887740205681 ], [ -0.40295662189854, 51.605865350887122 ], [ -0.403026997159901, 51.605828224763115 ], [ -0.403065061066556, 51.605808149594019 ], [ -0.403100005568121, 51.605789722580589 ], [ -0.403148633522586, 51.605764080807027 ], [ -0.403167981756567, 51.605753876646695 ], [ -0.403343866894939, 51.605661100662971 ], [ -0.403351097929378, 51.605657098402965 ], [ -0.403401930798393, 51.605693714575651 ], [ -0.403396594164223, 51.605699082477656 ], [ -0.403738248172301, 51.605945229742687 ], [ -0.403766478192806, 51.605961764010686 ], [ -0.403789878911203, 51.60597435236437 ], [ -0.403809000537362, 51.605986657735819 ], [ -0.403830679024773, 51.605999353062828 ], [ -0.403857818208884, 51.605977006905867 ], [ -0.403870004474148, 51.605977478292182 ], [ -0.403874937550163, 51.605973939352722 ], [ -0.403986816970777, 51.605893978975558 ], [ -0.4040242399077, 51.605874874959007 ], [ -0.404096380281619, 51.60583804194161 ], [ -0.404122010562786, 51.605824946478734 ], [ -0.404144464386832, 51.605813480446827 ], [ -0.404166984414847, 51.605801979340086 ], [ -0.404278481325045, 51.605745043258828 ], [ -0.404359782149157, 51.605703532554813 ], [ -0.404393866735377, 51.60568613658937 ], [ -0.404476373334703, 51.605644003716336 ], [ -0.404504517351808, 51.605629638406953 ], [ -0.404533558543094, 51.605614808677437 ], [ -0.404611917853271, 51.60557480453388 ], [ -0.404666456514112, 51.605546949323504 ], [ -0.40469071856081, 51.605534563534 ], [ -0.404761461084621, 51.605498439487228 ], [ -0.404825630414927, 51.605465679225958 ], [ -0.404920414038033, 51.605417283154949 ], [ -0.404934441976224, 51.605410117831305 ], [ -0.404969423306931, 51.605392257267162 ], [ -0.405038577829989, 51.605356929792208 ], [ -0.405120597459716, 51.605315059601729 ], [ -0.405154093388519, 51.605297961153298 ], [ -0.405162680757245, 51.605293572535096 ], [ -0.405236990764738, 51.605256174737761 ], [ -0.405244972457353, 51.605252173558057 ], [ -0.405309212575635, 51.605219845619018 ], [ -0.405428151887841, 51.605159996961227 ], [ -0.405453935769606, 51.605147029171889 ], [ -0.405515911482945, 51.605115848384251 ], [ -0.405611535804107, 51.605067732913888 ], [ -0.405642626649165, 51.605052085427431 ], [ -0.405667352260841, 51.605039642770926 ], [ -0.405794816680527, 51.604975503135293 ], [ -0.405841650917268, 51.604951940091624 ], [ -0.405874490742633, 51.604935417032323 ], [ -0.405943536482877, 51.604900681023018 ], [ -0.405954208596436, 51.604895313481705 ], [ -0.406033765017204, 51.604855279622754 ], [ -0.406050860949125, 51.60484668103026 ], [ -0.406167622731661, 51.604787926088505 ], [ -0.406195221688296, 51.604774043044877 ], [ -0.406254705284335, 51.604744100462156 ], [ -0.406280900402331, 51.604730922241949 ], [ -0.40633905290133, 51.604701667461264 ], [ -0.4064137281238, 51.604664093983558 ], [ -0.406471366451177, 51.604635083946512 ], [ -0.406543307329302, 51.60459888510163 ], [ -0.406633314069169, 51.604553597107909 ], [ -0.406681059021931, 51.604529569464432 ], [ -0.406687173994294, 51.604526496059933 ], [ -0.406718807597011, 51.60451058586122 ], [ -0.406847886052166, 51.604445630613228 ], [ -0.406894484167846, 51.604422180825402 ], [ -0.406915592911966, 51.604411559267355 ], [ -0.40699010558001, 51.604374064129914 ], [ -0.407007759706773, 51.604365185201885 ], [ -0.407050888340023, 51.604343486787421 ], [ -0.407152977350985, 51.604292112467498 ], [ -0.407189388143628, 51.60427379399021 ], [ -0.407260578543819, 51.60423796218771 ], [ -0.407320464119904, 51.604207840140205 ], [ -0.40735515519364, 51.604190379551689 ], [ -0.407373632571045, 51.604181080089774 ], [ -0.407500964251344, 51.604109248097828 ], [ -0.407505332258297, 51.604106780434265 ], [ -0.407599687676871, 51.604053538297769 ], [ -0.407697746874171, 51.60399823305891 ], [ -0.407767610735159, 51.603958812915657 ], [ -0.407849664625229, 51.603912516856518 ], [ -0.407899161654696, 51.603884600698521 ], [ -0.407936270189192, 51.603863656628079 ], [ -0.40799918758793, 51.603828161820751 ], [ -0.408069014213915, 51.603788758967028 ], [ -0.40815436729125, 51.603740600990548 ], [ -0.408232457252802, 51.603696553000489 ], [ -0.408257087713153, 51.603682660682267 ], [ -0.408366894124145, 51.603620706734681 ], [ -0.408397844794374, 51.603603231095676 ], [ -0.408442524219013, 51.603578028090148 ], [ -0.408559518634434, 51.603512025814489 ], [ -0.408614877865476, 51.603480798596706 ], [ -0.408676350798139, 51.603446111141473 ], [ -0.408824659193865, 51.60352729083754 ], [ -0.408838658340538, 51.603534953298166 ], [ -0.408888516135381, 51.603586297172143 ], [ -0.408983359930818, 51.603778758640317 ], [ -0.408985908104776, 51.603783936884732 ], [ -0.409164703376296, 51.603779587680577 ], [ -0.408945621160509, 51.603894961278471 ], [ -0.408823501183161, 51.603959275825375 ], [ -0.408817129127665, 51.603962934872534 ], [ -0.408809429165462, 51.603970622560851 ], [ -0.408767419532228, 51.604043765029026 ], [ -0.408875346454155, 51.604126402854206 ], [ -0.408878258172071, 51.604128618494848 ], [ -0.408935165559504, 51.604246391197009 ], [ -0.408936848768783, 51.604249876122239 ], [ -0.4089285047747, 51.604391642556578 ], [ -0.408895610781801, 51.604453321704973 ], [ -0.408883210941163, 51.604583257471376 ], [ -0.40888261342288, 51.60458960708673 ], [ -0.408886304256034, 51.604607534222765 ], [ -0.408888683561816, 51.604619193787762 ], [ -0.408886060430213, 51.604668599117922 ], [ -0.408883386054994, 51.604679003197312 ], [ -0.408871244497807, 51.604725986466896 ], [ -0.408868406915533, 51.604736927885533 ], [ -0.408853027184697, 51.60476749189997 ], [ -0.408846907458705, 51.604788046811947 ], [ -0.408841277014445, 51.604806998692077 ], [ -0.408837222548582, 51.604868011951318 ], [ -0.408836449585615, 51.60487979067009 ], [ -0.408784925657777, 51.605038727716241 ], [ -0.408774548808063, 51.605063325525826 ], [ -0.408760913426567, 51.605095621738066 ], [ -0.408701067667494, 51.605203044735646 ], [ -0.408695150861382, 51.605213665653409 ], [ -0.408688934197098, 51.605236575279179 ], [ -0.408678345089618, 51.605252375519015 ], [ -0.408661570017436, 51.605277408178239 ], [ -0.408645357913259, 51.60530162115203 ], [ -0.408572545350817, 51.605435827915699 ], [ -0.408571201172148, 51.605439163908052 ], [ -0.408514940248363, 51.605578455389605 ], [ -0.408501840452993, 51.605622057918097 ], [ -0.408473723191999, 51.605753552097809 ], [ -0.408511280543328, 51.605784833501161 ], [ -0.408547907538529, 51.605811956734648 ], [ -0.408596302329629, 51.605847800312048 ], [ -0.408623652707299, 51.605868062410558 ], [ -0.408628717063707, 51.605871080587427 ], [ -0.408774142513359, 51.605957697842079 ], [ -0.408784328061037, 51.605963761930973 ], [ -0.40880100662223, 51.605973699851887 ], [ -0.409391881817166, 51.606241354965192 ], [ -0.409455902262548, 51.606317291686246 ], [ -0.409467738669751, 51.606333143955467 ], [ -0.409469976565874, 51.606441381249773 ], [ -0.409475269863967, 51.60648081320263 ], [ -0.409485017391603, 51.606553523851915 ], [ -0.40947809180433, 51.606650828017194 ], [ -0.409660012203248, 51.606787918982548 ], [ -0.409906920441221, 51.607032019448418 ], [ -0.410031474879305, 51.607180463958962 ], [ -0.410221976243291, 51.60745313363536 ], [ -0.410303810887319, 51.607338254227976 ], [ -0.41031085977665, 51.607340033056886 ], [ -0.410833468302789, 51.607471626500754 ], [ -0.410904359932673, 51.607489473866096 ], [ -0.410984270532699, 51.607509592451983 ], [ -0.411080887597605, 51.607533920739975 ], [ -0.411295738827709, 51.607588022277454 ], [ -0.411701091481907, 51.607690094657734 ], [ -0.411604187931362, 51.60773475364806 ], [ -0.411551517645177, 51.607755056681853 ], [ -0.411451300093583, 51.607793699672442 ], [ -0.411423455981097, 51.607801982778248 ], [ -0.411365243173292, 51.607819297163118 ], [ -0.411357627382102, 51.607830605639514 ], [ -0.41134401127076, 51.607850798480563 ], [ -0.411318312963117, 51.607883237534217 ], [ -0.411301603959649, 51.6079043237458 ], [ -0.411247371798353, 51.60795651997072 ], [ -0.411242904119778, 51.607960802910036 ], [ -0.41107443126414, 51.608077251555578 ], [ -0.411060285453481, 51.60808448795833 ], [ -0.410829746516882, 51.608202416401326 ], [ -0.410818326387045, 51.60820769332296 ], [ -0.410627829939093, 51.608295552738845 ], [ -0.410623044649506, 51.608297763073637 ], [ -0.410734402437936, 51.608359466283254 ], [ -0.410821647551, 51.608407794899641 ], [ -0.411156293385326, 51.608633233906886 ], [ -0.41116023791577, 51.608636488620128 ], [ -0.411165474069053, 51.608640803943331 ], [ -0.411172183852783, 51.608646344204523 ], [ -0.4112469362683, 51.608697192242516 ], [ -0.41139475890157, 51.608768911330401 ], [ -0.411405950574136, 51.608773073412991 ], [ -0.411434635520698, 51.608783739954028 ], [ -0.411439705405773, 51.608787027868594 ], [ -0.411451543981874, 51.608794377556023 ], [ -0.411588720635924, 51.608851285471459 ], [ -0.411666654505417, 51.60887576962422 ], [ -0.411675154361729, 51.608878438466775 ], [ -0.411683057986308, 51.608879570522092 ], [ -0.411834852455358, 51.608911604675299 ], [ -0.411868049543552, 51.608915893473927 ], [ -0.411903310100814, 51.60892043948018 ], [ -0.411910688263002, 51.608922764909252 ], [ -0.411919455508997, 51.608924394223152 ], [ -0.411970869968693, 51.608933893230052 ], [ -0.411976093980228, 51.608935249806976 ], [ -0.412031054542111, 51.608949490821161 ], [ -0.412039324720425, 51.60895087959932 ], [ -0.412166773524454, 51.608972269699265 ], [ -0.412173382232026, 51.608972642331139 ], [ -0.412268138134597, 51.608992470652133 ], [ -0.412271995512623, 51.608993673849078 ], [ -0.412300167998086, 51.609002480747904 ], [ -0.412381331800241, 51.609027336330058 ], [ -0.412389407756605, 51.609028911299717 ], [ -0.412425787400275, 51.609037604325536 ], [ -0.412521090723459, 51.609060375890081 ], [ -0.412538263501762, 51.60906448382196 ], [ -0.412641242286753, 51.609076307301905 ], [ -0.412647513828846, 51.609077030552037 ], [ -0.412706743049054, 51.609097668657903 ], [ -0.412723788218684, 51.609106262085334 ], [ -0.412730592007866, 51.609107873789185 ], [ -0.41289391102519, 51.609146581920257 ], [ -0.41290091535379, 51.609148241287322 ], [ -0.412961965943532, 51.609173391132238 ], [ -0.412966465431168, 51.609175232459087 ], [ -0.413027090096924, 51.609181546259684 ], [ -0.413078159472921, 51.609186876602379 ], [ -0.413123454054309, 51.609202910862102 ], [ -0.413163257520836, 51.60921717131643 ], [ -0.413171003748761, 51.609219712964467 ], [ -0.413177393346174, 51.609221606804439 ], [ -0.413294334905722, 51.609256297448042 ], [ -0.413330503330101, 51.609262775191127 ], [ -0.413350769501673, 51.609266394249801 ], [ -0.413373504146026, 51.609270460314818 ], [ -0.413387181722912, 51.609271265615845 ], [ -0.413452131530829, 51.609286081581388 ], [ -0.413476420945724, 51.609293603762389 ], [ -0.413509726641673, 51.60930390054429 ], [ -0.413515398882893, 51.609305658778688 ], [ -0.413598460346706, 51.609319617798654 ], [ -0.413668110560747, 51.609345634339462 ], [ -0.413722555547995, 51.609357916234124 ], [ -0.413733940859925, 51.609361505173709 ], [ -0.413746846547198, 51.609363738802109 ], [ -0.413768881776304, 51.609367570530281 ], [ -0.413825944240437, 51.609377477752645 ], [ -0.413838858522864, 51.609382364269102 ], [ -0.413867395042846, 51.609393172043632 ], [ -0.413896174471989, 51.609404055032442 ], [ -0.413917708013419, 51.609409435655259 ], [ -0.413953200804531, 51.609418314066367 ], [ -0.414009807827873, 51.60943809688596 ], [ -0.413995860984163, 51.609458142483831 ], [ -0.413991755305596, 51.609464058034426 ], [ -0.413966497388673, 51.609500460141 ], [ -0.413962103011165, 51.609506785444943 ], [ -0.413927310382959, 51.609556934148607 ], [ -0.413913777018362, 51.609576426888019 ], [ -0.413776569040157, 51.609774143513476 ], [ -0.413773488954329, 51.609778602640155 ], [ -0.413787799668877, 51.609783413606593 ], [ -0.414034495454496, 51.609850358827813 ], [ -0.414080572979178, 51.609864469915756 ], [ -0.414221549164008, 51.609907649449475 ], [ -0.414433567690504, 51.609972587784775 ], [ -0.414447443083508, 51.609976839755483 ], [ -0.414483732759601, 51.609988353675568 ], [ -0.414588314226467, 51.610020193687149 ], [ -0.414695243908099, 51.610052746041845 ], [ -0.414703446342203, 51.610055257779649 ], [ -0.414794245149824, 51.610085952024804 ], [ -0.414831158591435, 51.610098428362164 ], [ -0.414835883240077, 51.610100029861044 ], [ -0.414983823116748, 51.610150019884244 ], [ -0.41519231475263, 51.610220493584109 ], [ -0.415206874783234, 51.610225411157941 ], [ -0.415240619420717, 51.61023681945484 ], [ -0.415315945662153, 51.610262277670074 ], [ -0.415351874599293, 51.610274416828879 ], [ -0.415385605187613, 51.610285815902451 ], [ -0.415467797540357, 51.610313596819651 ], [ -0.415550461052197, 51.61034153691007 ], [ -0.415610242724445, 51.610361740391632 ], [ -0.415618836004871, 51.610364644016883 ], [ -0.415675006184975, 51.610383629710547 ], [ -0.415846129335386, 51.610441467174212 ], [ -0.415869083224586, 51.6104492136445 ], [ -0.415881787408429, 51.610453512593253 ], [ -0.415901186235269, 51.610460078041328 ], [ -0.415975657091059, 51.610485236537933 ], [ -0.416049133961426, 51.610508250360354 ], [ -0.416220996477834, 51.61056196970754 ], [ -0.416239680247195, 51.610567712534618 ], [ -0.416186559801233, 51.61072006965324 ], [ -0.416122895002814, 51.610910067318834 ], [ -0.41612033238599, 51.610917712330455 ], [ -0.416119299874439, 51.610920818793808 ], [ -0.416094559029789, 51.610994655044003 ], [ -0.416047702799988, 51.611134530490318 ], [ -0.416045463309274, 51.611141190685885 ], [ -0.416027857510746, 51.611193736350728 ], [ -0.41598411745367, 51.611328018214202 ], [ -0.415980899087385, 51.611337902495812 ], [ -0.415956478297727, 51.611412903056554 ], [ -0.415952208878256, 51.611426010450764 ], [ -0.41593205836396, 51.611487876644809 ], [ -0.415930068598529, 51.611494000657736 ], [ -0.415906487847627, 51.611566440688478 ], [ -0.415904790482995, 51.611571633427708 ], [ -0.415886693306139, 51.611627205599831 ], [ -0.415873831735197, 51.611653955564059 ], [ -0.415866793791425, 51.611668590293732 ], [ -0.415839608080399, 51.611725100948554 ], [ -0.415818914000214, 51.611768147514184 ], [ -0.415804448953634, 51.611798221038015 ], [ -0.415786280382999, 51.611835933160975 ], [ -0.415785004566884, 51.611838559736313 ], [ -0.41575667209438, 51.611897303016285 ], [ -0.415753636613249, 51.611903592765501 ], [ -0.415748500076726, 51.611914224510954 ], [ -0.415733421036472, 51.611936214492523 ], [ -0.415711679185439, 51.611967871410947 ], [ -0.415677018684943, 51.61201837310395 ], [ -0.415674553825035, 51.61202196381393 ], [ -0.41562901425227, 51.612088316316466 ], [ -0.415610725897283, 51.612114948056679 ], [ -0.415586496091994, 51.612150231316413 ], [ -0.41553644510086, 51.612223150358858 ], [ -0.415509620818147, 51.612247706531001 ], [ -0.415498520674517, 51.612257880101247 ], [ -0.415469786804123, 51.612284182012296 ], [ -0.41536310051783, 51.612381857308392 ], [ -0.415257384084403, 51.612478628359916 ], [ -0.415252579894319, 51.612483032779068 ], [ -0.415208075892671, 51.612523779510099 ], [ -0.415203913445102, 51.612527590093016 ], [ -0.415169524584712, 51.612559076197975 ], [ -0.415014434888816, 51.612680035785182 ], [ -0.415009505396013, 51.612683889961247 ], [ -0.415004175779666, 51.612688035487437 ], [ -0.414907567500573, 51.612763374191701 ], [ -0.414902326364322, 51.612767466952718 ], [ -0.414734125891301, 51.612898635467168 ], [ -0.414729582667228, 51.612902180109486 ], [ -0.414724148497253, 51.612906423128067 ], [ -0.414713859785786, 51.612914440389147 ], [ -0.414687461858211, 51.61293502744568 ], [ -0.414535585774477, 51.613021732455813 ], [ -0.414524916522451, 51.613027820171013 ], [ -0.414351759911757, 51.613126674169379 ], [ -0.414338953737237, 51.613133982962367 ], [ -0.41431767381178, 51.613146132168715 ], [ -0.414295453506878, 51.613156254356056 ], [ -0.414096614715772, 51.613246843240347 ], [ -0.41395537362291, 51.613311196448429 ], [ -0.413795991628694, 51.613383815783465 ], [ -0.413787376515344, 51.613387737016716 ], [ -0.413777044089364, 51.613392444371371 ], [ -0.413756188418575, 51.613401946424702 ], [ -0.413746120236274, 51.613406531451851 ], [ -0.413719011988731, 51.61341888956435 ], [ -0.413711556174514, 51.61342228690598 ], [ -0.413660833258799, 51.613445395694242 ], [ -0.413643734795947, 51.613453185965184 ], [ -0.413602478398527, 51.61347198034715 ], [ -0.413590223367006, 51.61347756095541 ], [ -0.413561354092667, 51.613490713551776 ], [ -0.413540718645892, 51.613500110631868 ], [ -0.413430034109412, 51.613545339916257 ], [ -0.41342188716918, 51.613548673945118 ], [ -0.413343027900667, 51.613580889445224 ], [ -0.41333836864313, 51.6135827868411 ], [ -0.413051971075267, 51.613699802037097 ], [ -0.412955952951002, 51.613739033283437 ], [ -0.412933285437556, 51.613748294877468 ], [ -0.412886104365601, 51.613767566450896 ], [ -0.412691415096602, 51.613847116779283 ], [ -0.412630152618341, 51.613872141901986 ], [ -0.412593667703561, 51.61388704374302 ], [ -0.412585374390235, 51.613890429688539 ], [ -0.412543980617056, 51.613907342406506 ], [ -0.412423623621466, 51.613956513536856 ], [ -0.412413615750814, 51.613960604676862 ], [ -0.412357261343665, 51.613983632246864 ], [ -0.412049744262528, 51.614109266411951 ], [ -0.412042110260128, 51.614112382468747 ], [ -0.411907890493419, 51.614167219667074 ], [ -0.411837062087933, 51.614137741999564 ], [ -0.411589769823807, 51.614034782623584 ], [ -0.411517027225644, 51.614004501020126 ], [ -0.411290799840982, 51.613910301416929 ], [ -0.411270458103696, 51.613901762086499 ], [ -0.411215456892555, 51.613875290373151 ], [ -0.411205157844107, 51.613870349028332 ], [ -0.411200967422668, 51.613868331965172 ], [ -0.411185100504416, 51.613860698465331 ], [ -0.411175292906054, 51.613857814051656 ], [ -0.41116059626174, 51.61385347863677 ], [ -0.411143554271141, 51.613848473016461 ], [ -0.411125006415408, 51.613845641178358 ], [ -0.411091918495017, 51.613840607248527 ], [ -0.410967802412675, 51.613837344862141 ], [ -0.410950045720507, 51.613836879731373 ], [ -0.410872316494757, 51.613834829548537 ], [ -0.410777490645578, 51.613830785379236 ], [ -0.410769529672733, 51.613830443818657 ], [ -0.410591977664848, 51.613822887724503 ], [ -0.410587809815109, 51.613822705409177 ], [ -0.410459928711827, 51.613817242318078 ], [ -0.410439218144194, 51.613816368428502 ], [ -0.410279722952953, 51.613809577885227 ], [ -0.410179359131144, 51.613805296385777 ], [ -0.410161965905093, 51.613804557290898 ], [ -0.410157062409003, 51.61380434701411 ], [ -0.410138472183445, 51.613803555737533 ], [ -0.410036276484521, 51.613799204348105 ], [ -0.409971261326509, 51.613794574044753 ], [ -0.409814871836621, 51.613783441100566 ], [ -0.409637050719247, 51.613770785685446 ], [ -0.409574477658767, 51.613766332121145 ], [ -0.409479674524288, 51.613759580479424 ], [ -0.409100115801575, 51.613732568457813 ], [ -0.40906102736104, 51.613729790693057 ], [ -0.408978197470943, 51.613723884313416 ], [ -0.408868415644917, 51.613704357734029 ], [ -0.408859587646261, 51.613702790311223 ], [ -0.408612636497672, 51.613658860397734 ], [ -0.408604253855523, 51.613657361939438 ], [ -0.408350485385734, 51.613612206024371 ], [ -0.408342604587568, 51.613610813267741 ], [ -0.408305340985425, 51.613604184236912 ] ] ] } },
{ "type": "Feature", "properties": { "lsoa21cd": "E01002478", "lsoa21nm": "Hillingdon 002C", "msoa21cd": "E02000495", "msoa21nm": "Hillingdon 002", "lad22cd": "E09000017", "lad22nm": "Hillingdon", "index_right": 137, "GSS_CODE": "E05000335", "risk_score": 0.00091943855021801336, "allocation_hours": 0.020684746759925571, "patrol_units": 0 }, "geometry": { "type": "Polygon", "coordinates": [ [ [ -0.420750415827849, 51.612586858745615 ], [ -0.420721855043312, 51.612577482779116 ], [ -0.420511104504582, 51.612581936850006 ], [ -0.420201518927786, 51.612588480274397 ], [ -0.419956099485914, 51.612585183783061 ], [ -0.419812047411991, 51.612574256135382 ], [ -0.419597617734405, 51.612593559692982 ], [ -0.41955125466444, 51.612597729738809 ], [ -0.419485536758736, 51.612588627561657 ], [ -0.419479384826857, 51.612587771543112 ], [ -0.419249026694, 51.612566690977552 ], [ -0.419134472544989, 51.612538173950171 ], [ -0.419063227760637, 51.612510238929602 ], [ -0.419037253778687, 51.612493352634196 ], [ -0.419006746339472, 51.612473509817811 ], [ -0.418977678944188, 51.612454621568958 ], [ -0.418983163128042, 51.612514158106151 ], [ -0.418999247707496, 51.612689228721536 ], [ -0.41877737402258, 51.612839118496701 ], [ -0.4187124403868, 51.613045072718847 ], [ -0.418704921585139, 51.61315622666109 ], [ -0.418687957982247, 51.613407338547098 ], [ -0.418682690670786, 51.613485304511272 ], [ -0.418436314552708, 51.613430464930751 ], [ -0.41816722167893, 51.61337056998304 ], [ -0.418277042918683, 51.613355403132111 ], [ -0.41830345865615, 51.613112484725463 ], [ -0.418328813729559, 51.612879290893169 ], [ -0.418329091740163, 51.61287669580387 ], [ -0.418115400563153, 51.612917873676352 ], [ -0.418031046177854, 51.612925909483074 ], [ -0.417983973600551, 51.612924295056693 ], [ -0.417937050574619, 51.612916720610691 ], [ -0.417882629041916, 51.61289966594591 ], [ -0.417869123673929, 51.612897613526052 ], [ -0.417857888346134, 51.612895906430467 ], [ -0.417832148285606, 51.612887659683174 ], [ -0.417828216106072, 51.612885686800929 ], [ -0.417800037679763, 51.612877366722763 ], [ -0.417776920411369, 51.61287053565303 ], [ -0.417726369646019, 51.612862826808275 ], [ -0.4175922533183, 51.612858748755443 ], [ -0.417577167972224, 51.612840254736128 ], [ -0.417564422031802, 51.612824678831117 ], [ -0.41743766585908, 51.612784455600867 ], [ -0.417425892571281, 51.612782021814745 ], [ -0.41739696825839, 51.612776047617288 ], [ -0.417357746374381, 51.612771926443941 ], [ -0.417147635118877, 51.612811264345751 ], [ -0.417002701174356, 51.612571684067611 ], [ -0.416993655210769, 51.612569322979063 ], [ -0.416984337144772, 51.612566895273858 ], [ -0.416885234054396, 51.612596996794899 ], [ -0.416867337488931, 51.61260242974457 ], [ -0.416528390405941, 51.612806727428264 ], [ -0.416354685978755, 51.612726509778156 ], [ -0.41646034738196, 51.61250308688733 ], [ -0.416473162380524, 51.612476012504167 ], [ -0.416468606199564, 51.612375397133697 ], [ -0.416467024396346, 51.612371464070947 ], [ -0.41645508758292, 51.612341789757906 ], [ -0.416767948374094, 51.612237451630911 ], [ -0.416774496903449, 51.612238115451454 ], [ -0.416897438844265, 51.612249682873255 ], [ -0.417006565017635, 51.61218139500572 ], [ -0.417125770821552, 51.612087830163766 ], [ -0.417130469590567, 51.612085618410489 ], [ -0.417199087316378, 51.612053289233785 ], [ -0.417199621466299, 51.612047900944852 ], [ -0.417202156486927, 51.612022369490177 ], [ -0.417208142419891, 51.612010562121327 ], [ -0.417264029701652, 51.611900375233056 ], [ -0.41727367048497, 51.61189394067744 ], [ -0.417336261764746, 51.611852160013399 ], [ -0.417336788848761, 51.611848219418079 ], [ -0.417355902325527, 51.611707358014321 ], [ -0.417353737487131, 51.611704406277077 ], [ -0.417350318378348, 51.611699729061421 ], [ -0.417341053474694, 51.611637461621612 ], [ -0.417264996771087, 51.611582054366565 ], [ -0.41726188363236, 51.611579791258372 ], [ -0.417207095042458, 51.611550510557905 ], [ -0.417190105821617, 51.61154440944393 ], [ -0.417173815844654, 51.611538551558375 ], [ -0.417085209268956, 51.611518607722232 ], [ -0.417080967135418, 51.61151766027637 ], [ -0.417030910799126, 51.611512183447743 ], [ -0.417013918636528, 51.611510317728367 ], [ -0.416972009279968, 51.611510202322251 ], [ -0.416963893346763, 51.611510173832244 ], [ -0.416790668157607, 51.611417967331924 ], [ -0.41678363486717, 51.611414221547456 ], [ -0.416701361746348, 51.611301137754445 ], [ -0.416704564106944, 51.611298761959212 ], [ -0.416785488149941, 51.611238578381702 ], [ -0.41680594926681, 51.611233310410171 ], [ -0.416828640371006, 51.611227461014337 ], [ -0.417240556416169, 51.611205281563095 ], [ -0.417257023121147, 51.611204397458245 ], [ -0.417341291270039, 51.611193771185008 ], [ -0.417363964913131, 51.611190911450528 ], [ -0.417374590539839, 51.61118895942392 ], [ -0.417404086567946, 51.611181794314916 ], [ -0.417421659887885, 51.611171105309801 ], [ -0.41750337362978, 51.61112139912283 ], [ -0.417642113923675, 51.611012967136176 ], [ -0.416568276699124, 51.610670372831969 ], [ -0.416416504338606, 51.610622922931626 ], [ -0.416239680247195, 51.610567712534618 ], [ -0.416220996477834, 51.61056196970754 ], [ -0.416049133961426, 51.610508250360354 ], [ -0.415975657091059, 51.610485236537933 ], [ -0.415901186235269, 51.610460078041328 ], [ -0.415881787408429, 51.610453512593253 ], [ -0.415869083224586, 51.6104492136445 ], [ -0.415846129335386, 51.610441467174212 ], [ -0.415675006184975, 51.610383629710547 ], [ -0.415618836004871, 51.610364644016883 ], [ -0.415610242724445, 51.610361740391632 ], [ -0.415550461052197, 51.61034153691007 ], [ -0.415467797540357, 51.610313596819651 ], [ -0.415385605187613, 51.610285815902451 ], [ -0.415351874599293, 51.610274416828879 ], [ -0.415315945662153, 51.610262277670074 ], [ -0.415240619420717, 51.61023681945484 ], [ -0.415206874783234, 51.610225411157941 ], [ -0.41519231475263, 51.610220493584109 ], [ -0.414983823116748, 51.610150019884244 ], [ -0.414835883240077, 51.610100029861044 ], [ -0.414831158591435, 51.610098428362164 ], [ -0.414794245149824, 51.610085952024804 ], [ -0.414703446342203, 51.610055257779649 ], [ -0.414695243908099, 51.610052746041845 ], [ -0.414588314226467, 51.610020193687149 ], [ -0.414483732759601, 51.609988353675568 ], [ -0.414447443083508, 51.609976839755483 ], [ -0.414570102879335, 51.609786650439489 ], [ -0.414578087851558, 51.609774267699429 ], [ -0.414581192007341, 51.609772223357432 ], [ -0.41467511079501, 51.609710481132986 ], [ -0.414687982554018, 51.609704576004397 ], [ -0.414789518328872, 51.609657989941866 ], [ -0.414802064337077, 51.609662259892701 ], [ -0.414986041353903, 51.609724957205941 ], [ -0.415160100217715, 51.609758960238402 ], [ -0.415467836237855, 51.609628010441483 ], [ -0.415471289798463, 51.609624226248904 ], [ -0.41551655600174, 51.609574775945163 ], [ -0.41552646131188, 51.609567373910302 ], [ -0.41555217848884, 51.609551750293789 ], [ -0.415712721695836, 51.609454234894052 ], [ -0.415679227522253, 51.609362257457214 ], [ -0.415678926332305, 51.609355562985037 ], [ -0.415678475816957, 51.609345692151116 ], [ -0.415679542837659, 51.609331228648976 ], [ -0.415681575618757, 51.609303550233527 ], [ -0.415671928692999, 51.609224340160466 ], [ -0.41567623084424, 51.609210289001737 ], [ -0.415685307612204, 51.609180646351305 ], [ -0.415693683815134, 51.609153287330848 ], [ -0.415704088750918, 51.609132780978619 ], [ -0.415717513558814, 51.609116793628814 ], [ -0.415786759866583, 51.60903438557817 ], [ -0.415812358191293, 51.609009722849521 ], [ -0.415807052470343, 51.609001171352233 ], [ -0.415756665315658, 51.60891985591195 ], [ -0.415756862084964, 51.608916279557832 ], [ -0.415757098333299, 51.608911984337595 ], [ -0.415758036521747, 51.608908890092394 ], [ -0.415949756428369, 51.60895593102785 ], [ -0.416000462544055, 51.608968377246981 ], [ -0.416129712772287, 51.60900009274603 ], [ -0.416166514614894, 51.60900912303422 ], [ -0.416204388366495, 51.609020550778055 ], [ -0.416285009254436, 51.60904488378111 ], [ -0.41631156353835, 51.609052903535371 ], [ -0.416424405697608, 51.609086964760699 ], [ -0.4165109946163, 51.609113073182115 ], [ -0.416564409854912, 51.609128190492982 ], [ -0.416577896024257, 51.60913200532368 ], [ -0.416658012214841, 51.609154667657052 ], [ -0.416722253476633, 51.609172853439482 ], [ -0.416747309358884, 51.609179944650386 ], [ -0.416762275702585, 51.60918417958424 ], [ -0.416824987252627, 51.609204201633013 ], [ -0.416984002928829, 51.609255039886925 ], [ -0.417012291485212, 51.609259297028728 ], [ -0.417014583485713, 51.609255685971753 ], [ -0.417010068182572, 51.60925429420999 ], [ -0.417027881605543, 51.609227556904635 ], [ -0.417125220014192, 51.609081527242061 ], [ -0.417244412347624, 51.608893887085713 ], [ -0.41724981813661, 51.608894589427713 ], [ -0.417276583544324, 51.608898619145918 ], [ -0.417319811039939, 51.608914740834621 ], [ -0.417393683534634, 51.60894168885622 ], [ -0.417421792224874, 51.608951941463069 ], [ -0.417728229439613, 51.609029036307625 ], [ -0.417829294643871, 51.60901868095938 ], [ -0.417986232899686, 51.609002612733867 ], [ -0.418088316445033, 51.608997855217176 ], [ -0.418208037454067, 51.608982360781852 ], [ -0.41818131368671, 51.608912384522817 ], [ -0.418168960863024, 51.608894457944523 ], [ -0.418144545101804, 51.608858990870182 ], [ -0.418090796340682, 51.608801546440596 ], [ -0.418066780472822, 51.608769946800074 ], [ -0.418063847548935, 51.608764997354051 ], [ -0.41803667297944, 51.608717914945458 ], [ -0.418032368683201, 51.608710456086364 ], [ -0.417935679261322, 51.608603940538472 ], [ -0.41792837947932, 51.608585650257339 ], [ -0.417929826451611, 51.608581002620824 ], [ -0.417959766726728, 51.608484601237905 ], [ -0.417972275067108, 51.608475003859844 ], [ -0.418127166067353, 51.608356194822747 ], [ -0.418122589348024, 51.608352832899449 ], [ -0.418101170135506, 51.608337104129852 ], [ -0.418096214840195, 51.608335076995239 ], [ -0.418033930056009, 51.60830965223343 ], [ -0.417937572026663, 51.608285198171885 ], [ -0.417898920387743, 51.608275379094515 ], [ -0.417787559544021, 51.608247125745962 ], [ -0.417718723911737, 51.60823877482882 ], [ -0.417718100892234, 51.608229490619863 ], [ -0.417681495437412, 51.608220220613568 ], [ -0.41771396780272, 51.608169778359503 ], [ -0.417720608472122, 51.60815947245927 ], [ -0.417722349112702, 51.608156762180307 ], [ -0.417813214200933, 51.608015670506262 ], [ -0.417823609979875, 51.607999543062782 ], [ -0.417834373136941, 51.607982818067583 ], [ -0.417872023419172, 51.607964117288354 ], [ -0.418061051285556, 51.60803702630232 ], [ -0.418147317695011, 51.608054937111788 ], [ -0.418153974094423, 51.608055804640109 ], [ -0.418346712797274, 51.608044203183546 ], [ -0.418355407157232, 51.608042944221005 ], [ -0.418419299258867, 51.608033749574062 ], [ -0.418437282616428, 51.608031158699404 ], [ -0.418488701518677, 51.608016850416902 ], [ -0.418514396911052, 51.608027132631143 ], [ -0.418535787641043, 51.608033705994309 ], [ -0.418669604824878, 51.608074829322312 ], [ -0.418682822210472, 51.608078891776849 ], [ -0.4187328309135, 51.608086456789522 ], [ -0.418760861631955, 51.608088969303409 ], [ -0.418910920840761, 51.60810282044951 ], [ -0.418935983750726, 51.608105126670317 ], [ -0.418967341686543, 51.608106231556434 ], [ -0.41898854574026, 51.608104466234771 ], [ -0.419131859779313, 51.608092579700767 ], [ -0.419213076191389, 51.608085834098304 ], [ -0.419314596045016, 51.608062509229399 ], [ -0.419387505099672, 51.608045674653589 ], [ -0.419386496595862, 51.608034798108854 ], [ -0.419377209837954, 51.607935062908233 ], [ -0.419374583028638, 51.607925873202205 ], [ -0.419370939530426, 51.607913108787471 ], [ -0.419359997614266, 51.607847711857502 ], [ -0.419349667299408, 51.607785911168648 ], [ -0.419348746940788, 51.607780395364173 ], [ -0.419319586080417, 51.60772229836595 ], [ -0.419293221237732, 51.60766976934493 ], [ -0.419291297955074, 51.607666933330478 ], [ -0.419270858412458, 51.607644208783569 ], [ -0.419200670593435, 51.607566954859657 ], [ -0.419189111581317, 51.607554236939087 ], [ -0.419180621822664, 51.60754711765685 ], [ -0.41917530282111, 51.607542675800197 ], [ -0.419171907356336, 51.607539815503266 ], [ -0.419147969649825, 51.607525501411601 ], [ -0.419058627996367, 51.607472072027932 ], [ -0.419058081069841, 51.607462460637123 ], [ -0.419056852226037, 51.607454602620891 ], [ -0.419054051521141, 51.607436705781929 ], [ -0.41905546397188, 51.607413515000133 ], [ -0.419056678613947, 51.607393522906669 ], [ -0.419050573581137, 51.607340222962293 ], [ -0.419052551823659, 51.607221377064 ], [ -0.41899527241746, 51.607110556431543 ], [ -0.418987426675895, 51.607099453096438 ], [ -0.418981536326275, 51.607091091791411 ], [ -0.418972863885851, 51.607084869290176 ], [ -0.418765889398387, 51.606936336041471 ], [ -0.418766084646451, 51.60692864104378 ], [ -0.418763943327723, 51.606910474287403 ], [ -0.418763409794633, 51.606905880915257 ], [ -0.418762435413251, 51.606901506430845 ], [ -0.418730388851505, 51.606857084093207 ], [ -0.419235234531174, 51.606659091170563 ], [ -0.419252304705657, 51.60665034600337 ], [ -0.419297354618154, 51.606634333161274 ], [ -0.419325567876651, 51.606623669437397 ], [ -0.419345419116271, 51.606648350955282 ], [ -0.419370448734029, 51.60667944179805 ], [ -0.419374511328964, 51.606682634786956 ], [ -0.419384143474943, 51.606693447361401 ], [ -0.419423114649647, 51.606737261134775 ], [ -0.41943538696032, 51.606751058734822 ], [ -0.419445661157915, 51.606760018473302 ], [ -0.419457109009293, 51.606773022641292 ], [ -0.419461374296145, 51.60677786398621 ], [ -0.419471724917656, 51.606789612438263 ], [ -0.419525686399246, 51.606850884281712 ], [ -0.419533967172486, 51.606860275847829 ], [ -0.419573930724127, 51.606908788012355 ], [ -0.419617690832937, 51.606961919380538 ], [ -0.419629652166688, 51.606976441175014 ], [ -0.419665691325128, 51.607020197477631 ], [ -0.41968725305873, 51.607046367691787 ], [ -0.419749325964773, 51.607121718304008 ], [ -0.419785846412749, 51.607166052055113 ], [ -0.419794299099267, 51.607176318185772 ], [ -0.419811107811637, 51.60719672325088 ], [ -0.419817397029082, 51.607206079047884 ], [ -0.41983107405342, 51.607226424055924 ], [ -0.419834425040285, 51.607231396983785 ], [ -0.419859031217024, 51.607253700796377 ], [ -0.419874250674187, 51.607263109103336 ], [ -0.420084869184261, 51.607200611753399 ], [ -0.420116007942511, 51.607191376476109 ], [ -0.42014491429975, 51.607182799138364 ], [ -0.420307960407141, 51.607130745786186 ], [ -0.42032403901253, 51.607125602150276 ], [ -0.42044972984191, 51.607085465663026 ], [ -0.420468801851329, 51.607079373023453 ], [ -0.420580503001429, 51.607043688702902 ], [ -0.420646670638124, 51.607022554369522 ], [ -0.420684055207395, 51.607010610620712 ], [ -0.420713548556329, 51.606993021511585 ], [ -0.420869161173578, 51.606813506278762 ], [ -0.420864277934375, 51.606808989417125 ], [ -0.420846872590334, 51.60679286594155 ], [ -0.420754417987685, 51.606707202773578 ], [ -0.420687497371368, 51.606645208996426 ], [ -0.420497775610088, 51.606469456288593 ], [ -0.420383281067204, 51.60637766967367 ], [ -0.420362276421489, 51.606360823341795 ], [ -0.420354014917336, 51.606354201797224 ], [ -0.420349069126642, 51.606350241608965 ], [ -0.42027308657305, 51.606289321879196 ], [ -0.42023082419673, 51.606255436924897 ], [ -0.420199432525877, 51.606231634712948 ], [ -0.420197672249599, 51.60618501171173 ], [ -0.420196395332238, 51.606176037988853 ], [ -0.420248521927084, 51.606158613592314 ], [ -0.420320642898008, 51.606142042204063 ], [ -0.420330658322388, 51.606139739726189 ], [ -0.420403460898102, 51.606127534328834 ], [ -0.420544911740047, 51.606092168658506 ], [ -0.420557061081967, 51.606089130449099 ], [ -0.420562394375955, 51.606088167919282 ], [ -0.420711174025253, 51.606052172065404 ], [ -0.42073751736571, 51.606047930564145 ], [ -0.420828324742695, 51.606033313840072 ], [ -0.4208474069017, 51.606030242779958 ], [ -0.420862532905583, 51.606029231852922 ], [ -0.420927067408846, 51.606016825214603 ], [ -0.420949047915332, 51.60601013308289 ], [ -0.420996663897122, 51.606010439553962 ], [ -0.421445711405383, 51.606013274246727 ], [ -0.421714415634863, 51.605773676781041 ], [ -0.422009413811839, 51.605836445804641 ], [ -0.422014731834612, 51.605837587258605 ], [ -0.422177294904207, 51.605872545743523 ], [ -0.422290548616933, 51.605896905882275 ], [ -0.422299994748078, 51.605898938997889 ], [ -0.422398774237516, 51.605920303715649 ], [ -0.422454416296231, 51.605932151246769 ], [ -0.422533139850391, 51.605949069837557 ], [ -0.422626752040361, 51.605973489965585 ], [ -0.422694617570145, 51.605991198062739 ], [ -0.422998381314627, 51.606070466457901 ], [ -0.423271076870509, 51.60611908471612 ], [ -0.423291124080628, 51.606125666188042 ], [ -0.423299619717282, 51.606128459837699 ], [ -0.423290311642974, 51.606135358236152 ], [ -0.423298250664398, 51.606135878307803 ], [ -0.423321989813771, 51.606130935877189 ], [ -0.423465619395826, 51.606146817381628 ], [ -0.423532470864939, 51.606154214944489 ], [ -0.423775161794496, 51.606181072628388 ], [ -0.423947002321851, 51.60620008327006 ], [ -0.424072625063942, 51.606201766356875 ], [ -0.42394858910786, 51.60624057089332 ], [ -0.423951833314888, 51.606333264345089 ], [ -0.423957085751715, 51.606483878575858 ], [ -0.424048605424087, 51.606509978064729 ], [ -0.424361688479667, 51.606599286385993 ], [ -0.424367765886427, 51.606601022415198 ], [ -0.424364175176671, 51.606725970380033 ], [ -0.424363949413138, 51.606733323239247 ], [ -0.424327819970329, 51.606783700999905 ], [ -0.424323616440232, 51.606789570766153 ], [ -0.424252188796816, 51.606833378752931 ], [ -0.424245859055128, 51.606837259664999 ], [ -0.424087119257803, 51.606875221814498 ], [ -0.424082791693912, 51.606878625959922 ], [ -0.424061226971849, 51.606895620686608 ], [ -0.424042475748683, 51.606910395979511 ], [ -0.423958205375368, 51.606976827787982 ], [ -0.423947278183262, 51.60698544010372 ], [ -0.423916255299876, 51.607059307198497 ], [ -0.423914760541694, 51.607062852707081 ], [ -0.423911473634751, 51.607065605343074 ], [ -0.423867588788049, 51.607089917651514 ], [ -0.423816692270431, 51.607134872756042 ], [ -0.423790770879002, 51.607157771106124 ], [ -0.423756101490666, 51.607202242201261 ], [ -0.423754166959686, 51.607204725193732 ], [ -0.423687969501537, 51.60721550146171 ], [ -0.423602129909711, 51.607260087151488 ], [ -0.423581453118523, 51.607270825906717 ], [ -0.423568786472523, 51.607282121629986 ], [ -0.423478197258558, 51.60736291044072 ], [ -0.423445502262325, 51.607392066665433 ], [ -0.423389724119678, 51.607441803148738 ], [ -0.423357714814677, 51.607470339064569 ], [ -0.423339206130874, 51.607486853063506 ], [ -0.423317367359081, 51.607505696453188 ], [ -0.423286864889312, 51.607532004416321 ], [ -0.423250631139533, 51.607563253382018 ], [ -0.423167370160169, 51.60763507573467 ], [ -0.423103804455427, 51.607689896395875 ], [ -0.423099879197816, 51.607698980185795 ], [ -0.423097823728019, 51.607703700686741 ], [ -0.423091920156183, 51.607717362131211 ], [ -0.423083180891378, 51.60778866812803 ], [ -0.423286541547791, 51.607871773691912 ], [ -0.423296087259314, 51.607873030196671 ], [ -0.423308688311872, 51.607877385110221 ], [ -0.423466509024075, 51.607937746660106 ], [ -0.423644572379222, 51.60801450823265 ], [ -0.423648909635991, 51.608015204821321 ], [ -0.423672378075821, 51.608018936455984 ], [ -0.42367657535862, 51.608020755233476 ], [ -0.423722898048411, 51.608040943670282 ], [ -0.423727880775702, 51.608045102033898 ], [ -0.423796360345253, 51.608102294805313 ], [ -0.423806635758864, 51.60810666796074 ], [ -0.423977606285819, 51.608179352072263 ], [ -0.424066991486659, 51.608161692226403 ], [ -0.424072887983222, 51.608158650812989 ], [ -0.424220779296494, 51.608082540869454 ], [ -0.424229312529535, 51.608072169893298 ], [ -0.424287477810715, 51.608001458465388 ], [ -0.424291261945477, 51.607996860019007 ], [ -0.424307356572076, 51.607898265779326 ], [ -0.42431891296546, 51.607894841547356 ], [ -0.424427534147638, 51.607863617592038 ], [ -0.424871137947939, 51.608046117248954 ], [ -0.42473529251277, 51.608161425809151 ], [ -0.424720844709658, 51.608173695972901 ], [ -0.424613507107705, 51.608264800599557 ], [ -0.424592929272552, 51.608282267266134 ], [ -0.424523651709984, 51.608341076797366 ], [ -0.424500113125325, 51.608361048680578 ], [ -0.424363819027223, 51.608476746513539 ], [ -0.424355337897453, 51.608483943838301 ], [ -0.424317097646419, 51.608516416214989 ], [ -0.424254857659088, 51.608569240920581 ], [ -0.424203482858297, 51.60860857847473 ], [ -0.424151009249825, 51.608648782556401 ], [ -0.424139609195857, 51.60865894426869 ], [ -0.424121204769234, 51.608675360871707 ], [ -0.424116301654965, 51.608683910026102 ], [ -0.424114542819244, 51.608755529877683 ], [ -0.424114456175312, 51.608758864942175 ], [ -0.42417111112643, 51.608841437806454 ], [ -0.424172091125203, 51.60885984063399 ], [ -0.424174712617443, 51.608864210143125 ], [ -0.424237458358475, 51.608968572488727 ], [ -0.42425424162428, 51.608996458280977 ], [ -0.424271856583174, 51.609025767036712 ], [ -0.424310037099673, 51.609089262037259 ], [ -0.424326382495943, 51.609116449532095 ], [ -0.424346278425129, 51.609149538710113 ], [ -0.424362897005207, 51.60917717948562 ], [ -0.424430504598922, 51.60928963718267 ], [ -0.424445116462533, 51.609313923840091 ], [ -0.424453146227834, 51.609327268371317 ], [ -0.424488404614742, 51.609385913189591 ], [ -0.424520017088083, 51.609438493175688 ], [ -0.424543914394238, 51.609478236423392 ], [ -0.424560806980386, 51.609506312486047 ], [ -0.424617695660039, 51.609600947249689 ], [ -0.42463690914519, 51.609632903182543 ], [ -0.424639926632511, 51.609637934439959 ], [ -0.42468018439932, 51.60970486532279 ], [ -0.424717628550305, 51.609767136361739 ], [ -0.424739314010447, 51.609803198994307 ], [ -0.4247695895651, 51.609853530876961 ], [ -0.424799481843442, 51.609903255122013 ], [ -0.424803701535393, 51.609910271835822 ], [ -0.424894062599707, 51.610060550779295 ], [ -0.424933255194737, 51.610125731771014 ], [ -0.424986158624163, 51.61021371251568 ], [ -0.4249951579325, 51.610228679658363 ], [ -0.425051011044679, 51.610321573817821 ], [ -0.425070198130907, 51.610353475382922 ], [ -0.42515870317043, 51.610500680842904 ], [ -0.425169245771534, 51.610518213518958 ], [ -0.4251867265688, 51.610547259580976 ], [ -0.425250883536843, 51.610653960437993 ], [ -0.425407931504666, 51.610915146276177 ], [ -0.425381339997684, 51.610917308231734 ], [ -0.4249910258243, 51.610949069076341 ], [ -0.424777670160557, 51.610966427375203 ], [ -0.424739303257204, 51.610969555561681 ], [ -0.424599309423494, 51.610971259775148 ], [ -0.424581104247515, 51.610971474576118 ], [ -0.424191237521221, 51.610944014018756 ], [ -0.424181154314802, 51.611020369279196 ], [ -0.424178180631584, 51.611042837709014 ], [ -0.424155877495924, 51.61109880509526 ], [ -0.424135139432651, 51.611138777772965 ], [ -0.424106039159321, 51.611194920265007 ], [ -0.424087578146499, 51.611230529694502 ], [ -0.424047079117691, 51.611246416438725 ], [ -0.423873675696918, 51.611314468543753 ], [ -0.423617775601223, 51.611259970970636 ], [ -0.423639879429156, 51.611312711518366 ], [ -0.423637387395117, 51.611384618220555 ], [ -0.42362170528529, 51.611420378110445 ], [ -0.423652275984919, 51.611427181468287 ], [ -0.423707698838424, 51.611439515525234 ], [ -0.423980116059396, 51.611497120827543 ], [ -0.424053292889159, 51.611513937063002 ], [ -0.424154955173981, 51.611537303735801 ], [ -0.424197646987071, 51.611546926626829 ], [ -0.424202225926333, 51.611543575308737 ], [ -0.424268181681354, 51.611557884683464 ], [ -0.424309137395303, 51.611566760381017 ], [ -0.424313789622266, 51.611573800891613 ], [ -0.424395649937918, 51.611592612674322 ], [ -0.424486812385688, 51.61161098246609 ], [ -0.42468273474343, 51.611650453323797 ], [ -0.424695642702871, 51.611650567739559 ], [ -0.424707927960877, 51.611653232185766 ], [ -0.424703946339718, 51.611655184194632 ], [ -0.424657696550305, 51.611677810456918 ], [ -0.424576347544505, 51.611717618921212 ], [ -0.424620922779669, 51.61195267780441 ], [ -0.424628909640972, 51.611994797808833 ], [ -0.424639424398174, 51.61205025160038 ], [ -0.424366642333131, 51.612085193805285 ], [ -0.424423889570769, 51.612274209943465 ], [ -0.424417444525941, 51.612274726111082 ], [ -0.424088940021072, 51.612300899895402 ], [ -0.424083718635117, 51.612301531356422 ], [ -0.42407859861507, 51.612302155182761 ], [ -0.423920865703792, 51.612248388803856 ], [ -0.423898507214268, 51.612247990299018 ], [ -0.423819104035874, 51.612246602590453 ], [ -0.423771268809201, 51.612245763751986 ], [ -0.423765609949846, 51.6122440153135 ], [ -0.423628022928216, 51.612201579305754 ], [ -0.423633239723915, 51.612337768857167 ], [ -0.423615694243771, 51.612490208562839 ], [ -0.423612572922102, 51.612517342097881 ], [ -0.423545051989082, 51.612642332307715 ], [ -0.423535406110371, 51.612660188047421 ], [ -0.423466006008475, 51.612781043435383 ], [ -0.423458550356946, 51.61279404559064 ], [ -0.423403787012326, 51.612879306925947 ], [ -0.423279096231591, 51.613073519319862 ], [ -0.423209613812393, 51.613181711960976 ], [ -0.423183735498975, 51.613222002180912 ], [ -0.423147980650198, 51.613315953163429 ], [ -0.423136062748735, 51.613347258169142 ], [ -0.423129784445185, 51.613367955682534 ], [ -0.423096665900736, 51.613477094358792 ], [ -0.423038517067934, 51.613668700426281 ], [ -0.423037359291739, 51.613672515710959 ], [ -0.423005609742511, 51.613777149469541 ], [ -0.422841881553563, 51.613774954119428 ], [ -0.422832367677433, 51.613774826545558 ], [ -0.422332077142681, 51.613808403354078 ], [ -0.42217882057711, 51.613818694242383 ], [ -0.422050595424868, 51.613827297439371 ], [ -0.421602741554438, 51.613830271698781 ], [ -0.421484179536275, 51.613820964999093 ], [ -0.4210419375919, 51.613786270930071 ], [ -0.42091133347056, 51.613776028642476 ], [ -0.420910349636764, 51.613773164812905 ], [ -0.420849436302321, 51.613595680440049 ], [ -0.420770017096754, 51.613364244392287 ], [ -0.420740821049447, 51.613279143082245 ], [ -0.420782504398453, 51.612911019428061 ], [ -0.420764080607037, 51.612724915161536 ], [ -0.420750415827849, 51.612586858745615 ] ] ] } },
{ "type": "Feature", "properties": { "lsoa21cd": "E01002472", "lsoa21nm": "Hillingdon 002A", "msoa21cd": "E02000495", "msoa21nm": "Hillingdon 002", "lad22cd": "E09000017", "lad22nm": "Hillingdon", "index_right": 137, "GSS_CODE": "E05000335", "risk_score": 0.0025836615934701794, "allocation_hours": 0.058125021799014617, "patrol_units": 0 }, "geometry": { "type": "Polygon", "coordinates": [ [ [ -0.431768129213975, 51.613416148153057 ], [ -0.431362432120044, 51.613080145244616 ], [ -0.431357617969161, 51.613070225208574 ], [ -0.43117192237753, 51.612687004093715 ], [ -0.43114057187079, 51.612685165124596 ], [ -0.431129444218222, 51.612684513121593 ], [ -0.430561964818657, 51.612651215028876 ], [ -0.430555752287803, 51.612650853367079 ], [ -0.430416444500735, 51.61261369877964 ], [ -0.430262610763512, 51.612572672229113 ], [ -0.430248729299236, 51.612554304052075 ], [ -0.430165882708474, 51.612236274186515 ], [ -0.430014500521138, 51.612139328461488 ], [ -0.430012233731925, 51.612076539247411 ], [ -0.429964213444597, 51.611940470602889 ], [ -0.429959451843272, 51.611927785113615 ], [ -0.429429698948953, 51.611942426398493 ], [ -0.42942411846917, 51.611942585693384 ], [ -0.429280461694494, 51.611946557595331 ], [ -0.429203277356611, 51.611948683281454 ], [ -0.429044209415294, 51.611953087561439 ], [ -0.428994839611023, 51.611954451520184 ], [ -0.429029402697489, 51.611813073821907 ], [ -0.428944241351943, 51.611558166991848 ], [ -0.428883017202506, 51.611493174016317 ], [ -0.428712069523574, 51.611386006169354 ], [ -0.428707693525573, 51.611384329058438 ], [ -0.428697074308074, 51.611380257468362 ], [ -0.42866332266267, 51.611411999892681 ], [ -0.428639696311341, 51.611439534169975 ], [ -0.428634308957732, 51.611445810933958 ], [ -0.428614113741528, 51.6114693443985 ], [ -0.428573292750465, 51.611543922725815 ], [ -0.428537820077191, 51.611608752635817 ], [ -0.428536072336203, 51.611612519641007 ], [ -0.428525529058238, 51.611618372313032 ], [ -0.428427371169206, 51.611665314869299 ], [ -0.42840595921603, 51.611675568045605 ], [ -0.428431967488716, 51.611968280848913 ], [ -0.428414498316674, 51.611968919725058 ], [ -0.42834051519334, 51.611971609179193 ], [ -0.428266459880695, 51.611974297621849 ], [ -0.428209743189939, 51.611976363415216 ], [ -0.428063469424281, 51.611986260901816 ], [ -0.42804531566965, 51.611987484081318 ], [ -0.427876776357556, 51.611998891275718 ], [ -0.427862816888339, 51.61199994567135 ], [ -0.427862889864748, 51.612005773807788 ], [ -0.427776023440013, 51.612013479402641 ], [ -0.427613605658405, 51.612027872623877 ], [ -0.427600746110093, 51.612024265575045 ], [ -0.427566873908453, 51.612027706542577 ], [ -0.427513319505746, 51.612033132514014 ], [ -0.427511034877283, 51.612036968760279 ], [ -0.427496685037343, 51.612061011793955 ], [ -0.427428247504682, 51.612113422563709 ], [ -0.426995481724098, 51.612444891787831 ], [ -0.426987633159229, 51.612450910739241 ], [ -0.426983533451067, 51.612524351839767 ], [ -0.426544786597214, 51.61264272428221 ], [ -0.426535688980647, 51.612645183437358 ], [ -0.426507332911771, 51.612618581909075 ], [ -0.42649255462529, 51.612600713902687 ], [ -0.426448413550264, 51.612547355264496 ], [ -0.426426398620714, 51.612520739631556 ], [ -0.426361546386328, 51.612442329484679 ], [ -0.425919474789397, 51.612442232565833 ], [ -0.425835888338609, 51.612418147060616 ], [ -0.425692725773782, 51.612376906741233 ], [ -0.425671380796724, 51.612377268516511 ], [ -0.425464118196335, 51.61238072607933 ], [ -0.425465537765306, 51.612376851320654 ], [ -0.425632317609056, 51.611923540595718 ], [ -0.425635952856257, 51.611913652515071 ], [ -0.42561897823615, 51.611910017153598 ], [ -0.425641468680959, 51.611871965070783 ], [ -0.425508003623646, 51.611840611249498 ], [ -0.425437818792993, 51.611824114714345 ], [ -0.425427489303345, 51.611821692343007 ], [ -0.425411784838925, 51.611865644388438 ], [ -0.425303780015959, 51.611854396712012 ], [ -0.425289935607568, 51.611852961413518 ], [ -0.425176342832422, 51.612300536048316 ], [ -0.425174084890732, 51.612309435388823 ], [ -0.424975488290632, 51.612274106488741 ], [ -0.424960611816114, 51.612272441508502 ], [ -0.424935477071211, 51.612269632001151 ], [ -0.424746513554752, 51.612248505002334 ], [ -0.424423889570769, 51.612274209943465 ], [ -0.424366642333131, 51.612085193805285 ], [ -0.424639424398174, 51.61205025160038 ], [ -0.424628909640972, 51.611994797808833 ], [ -0.424620922779669, 51.61195267780441 ], [ -0.424576347544505, 51.611717618921212 ], [ -0.424657696550305, 51.611677810456918 ], [ -0.424703946339718, 51.611655184194632 ], [ -0.424707927960877, 51.611653232185766 ], [ -0.424695642702871, 51.611650567739559 ], [ -0.42468273474343, 51.611650453323797 ], [ -0.424486812385688, 51.61161098246609 ], [ -0.424395649937918, 51.611592612674322 ], [ -0.424313789622266, 51.611573800891613 ], [ -0.424309137395303, 51.611566760381017 ], [ -0.424268181681354, 51.611557884683464 ], [ -0.424202225926333, 51.611543575308737 ], [ -0.424197646987071, 51.611546926626829 ], [ -0.424154955173981, 51.611537303735801 ], [ -0.424053292889159, 51.611513937063002 ], [ -0.423980116059396, 51.611497120827543 ], [ -0.423707698838424, 51.611439515525234 ], [ -0.423652275984919, 51.611427181468287 ], [ -0.42362170528529, 51.611420378110445 ], [ -0.423637387395117, 51.611384618220555 ], [ -0.423639879429156, 51.611312711518366 ], [ -0.423617775601223, 51.611259970970636 ], [ -0.423873675696918, 51.611314468543753 ], [ -0.424047079117691, 51.611246416438725 ], [ -0.424087578146499, 51.611230529694502 ], [ -0.424106039159321, 51.611194920265007 ], [ -0.424135139432651, 51.611138777772965 ], [ -0.424155877495924, 51.61109880509526 ], [ -0.424178180631584, 51.611042837709014 ], [ -0.424181154314802, 51.611020369279196 ], [ -0.424191237521221, 51.610944014018756 ], [ -0.424581104247515, 51.610971474576118 ], [ -0.424599309423494, 51.610971259775148 ], [ -0.424739303257204, 51.610969555561681 ], [ -0.424777670160557, 51.610966427375203 ], [ -0.4249910258243, 51.610949069076341 ], [ -0.425381339997684, 51.610917308231734 ], [ -0.425407931504666, 51.610915146276177 ], [ -0.425250883536843, 51.610653960437993 ], [ -0.4251867265688, 51.610547259580976 ], [ -0.425169245771534, 51.610518213518958 ], [ -0.42515870317043, 51.610500680842904 ], [ -0.425070198130907, 51.610353475382922 ], [ -0.425051011044679, 51.610321573817821 ], [ -0.4249951579325, 51.610228679658363 ], [ -0.424986158624163, 51.61021371251568 ], [ -0.424933255194737, 51.610125731771014 ], [ -0.424894062599707, 51.610060550779295 ], [ -0.424803701535393, 51.609910271835822 ], [ -0.424799481843442, 51.609903255122013 ], [ -0.4247695895651, 51.609853530876961 ], [ -0.424739314010447, 51.609803198994307 ], [ -0.424717628550305, 51.609767136361739 ], [ -0.42468018439932, 51.60970486532279 ], [ -0.424639926632511, 51.609637934439959 ], [ -0.42463690914519, 51.609632903182543 ], [ -0.424617695660039, 51.609600947249689 ], [ -0.424560806980386, 51.609506312486047 ], [ -0.424543914394238, 51.609478236423392 ], [ -0.424520017088083, 51.609438493175688 ], [ -0.424488404614742, 51.609385913189591 ], [ -0.424453146227834, 51.609327268371317 ], [ -0.424445116462533, 51.609313923840091 ], [ -0.424430504598922, 51.60928963718267 ], [ -0.424362897005207, 51.60917717948562 ], [ -0.424346278425129, 51.609149538710113 ], [ -0.424326382495943, 51.609116449532095 ], [ -0.424310037099673, 51.609089262037259 ], [ -0.424271856583174, 51.609025767036712 ], [ -0.42425424162428, 51.608996458280977 ], [ -0.424237458358475, 51.608968572488727 ], [ -0.424174712617443, 51.608864210143125 ], [ -0.424172091125203, 51.60885984063399 ], [ -0.42417111112643, 51.608841437806454 ], [ -0.424114456175312, 51.608758864942175 ], [ -0.424114542819244, 51.608755529877683 ], [ -0.424116301654965, 51.608683910026102 ], [ -0.424121204769234, 51.608675360871707 ], [ -0.424139609195857, 51.60865894426869 ], [ -0.424151009249825, 51.608648782556401 ], [ -0.424203482858297, 51.60860857847473 ], [ -0.424254857659088, 51.608569240920581 ], [ -0.424317097646419, 51.608516416214989 ], [ -0.424355337897453, 51.608483943838301 ], [ -0.424363819027223, 51.608476746513539 ], [ -0.424500113125325, 51.608361048680578 ], [ -0.424523651709984, 51.608341076797366 ], [ -0.424592929272552, 51.608282267266134 ], [ -0.424613507107705, 51.608264800599557 ], [ -0.424720844709658, 51.608173695972901 ], [ -0.42473529251277, 51.608161425809151 ], [ -0.424871137947939, 51.608046117248954 ], [ -0.424427534147638, 51.607863617592038 ], [ -0.42431891296546, 51.607894841547356 ], [ -0.424307356572076, 51.607898265779326 ], [ -0.424291261945477, 51.607996860019007 ], [ -0.424287477810715, 51.608001458465388 ], [ -0.424229312529535, 51.608072169893298 ], [ -0.424220779296494, 51.608082540869454 ], [ -0.424072887983222, 51.608158650812989 ], [ -0.424066991486659, 51.608161692226403 ], [ -0.423977606285819, 51.608179352072263 ], [ -0.423806635758864, 51.60810666796074 ], [ -0.423796360345253, 51.608102294805313 ], [ -0.423727880775702, 51.608045102033898 ], [ -0.423722898048411, 51.608040943670282 ], [ -0.42367657535862, 51.608020755233476 ], [ -0.423672378075821, 51.608018936455984 ], [ -0.423648909635991, 51.608015204821321 ], [ -0.423644572379222, 51.60801450823265 ], [ -0.423466509024075, 51.607937746660106 ], [ -0.423308688311872, 51.607877385110221 ], [ -0.423296087259314, 51.607873030196671 ], [ -0.423286541547791, 51.607871773691912 ], [ -0.423083180891378, 51.60778866812803 ], [ -0.423091920156183, 51.607717362131211 ], [ -0.423097823728019, 51.607703700686741 ], [ -0.423099879197816, 51.607698980185795 ], [ -0.423103804455427, 51.607689896395875 ], [ -0.423167370160169, 51.60763507573467 ], [ -0.423250631139533, 51.607563253382018 ], [ -0.423286864889312, 51.607532004416321 ], [ -0.423317367359081, 51.607505696453188 ], [ -0.423339206130874, 51.607486853063506 ], [ -0.423357714814677, 51.607470339064569 ], [ -0.423389724119678, 51.607441803148738 ], [ -0.423445502262325, 51.607392066665433 ], [ -0.423478197258558, 51.60736291044072 ], [ -0.423568786472523, 51.607282121629986 ], [ -0.423581453118523, 51.607270825906717 ], [ -0.423602129909711, 51.607260087151488 ], [ -0.423687969501537, 51.60721550146171 ], [ -0.423754166959686, 51.607204725193732 ], [ -0.423756101490666, 51.607202242201261 ], [ -0.423790770879002, 51.607157771106124 ], [ -0.423816692270431, 51.607134872756042 ], [ -0.423867588788049, 51.607089917651514 ], [ -0.423911473634751, 51.607065605343074 ], [ -0.423914760541694, 51.607062852707081 ], [ -0.423916255299876, 51.607059307198497 ], [ -0.423947278183262, 51.60698544010372 ], [ -0.423958205375368, 51.606976827787982 ], [ -0.424042475748683, 51.606910395979511 ], [ -0.424061226971849, 51.606895620686608 ], [ -0.424082791693912, 51.606878625959922 ], [ -0.424087119257803, 51.606875221814498 ], [ -0.424245859055128, 51.606837259664999 ], [ -0.424252188796816, 51.606833378752931 ], [ -0.424323616440232, 51.606789570766153 ], [ -0.424327819970329, 51.606783700999905 ], [ -0.424363949413138, 51.606733323239247 ], [ -0.424364175176671, 51.606725970380033 ], [ -0.424367765886427, 51.606601022415198 ], [ -0.424361688479667, 51.606599286385993 ], [ -0.424048605424087, 51.606509978064729 ], [ -0.423957085751715, 51.606483878575858 ], [ -0.423951833314888, 51.606333264345089 ], [ -0.42394858910786, 51.60624057089332 ], [ -0.424072625063942, 51.606201766356875 ], [ -0.4242212562847, 51.606203757536043 ], [ -0.424563924640272, 51.606200146288344 ], [ -0.42459687694566, 51.606199796279263 ], [ -0.424723065759325, 51.606189301383999 ], [ -0.424873325113722, 51.606176799612847 ], [ -0.425023237029354, 51.60616431997687 ], [ -0.425036923288769, 51.606163181325378 ], [ -0.425227922428468, 51.606147294839985 ], [ -0.425248589396112, 51.606145575179767 ], [ -0.425452735261351, 51.606148307985976 ], [ -0.425478154260219, 51.606148648233443 ], [ -0.425529297122192, 51.606148865181517 ], [ -0.42553553114066, 51.606149204910515 ], [ -0.425677662471749, 51.606182324767964 ], [ -0.425714312244692, 51.606178202111856 ], [ -0.425791571057004, 51.606190755486459 ], [ -0.425838845379942, 51.606198438269878 ], [ -0.425933427246758, 51.606214514631617 ], [ -0.425953698900561, 51.60621796025346 ], [ -0.425972760632286, 51.606222567701025 ], [ -0.426111233992495, 51.606256038238172 ], [ -0.426191202048262, 51.606277530181956 ], [ -0.426236229948614, 51.606289625047509 ], [ -0.426569095559942, 51.606379066183422 ], [ -0.426613292003811, 51.606395583085828 ], [ -0.42666889403806, 51.606416362100482 ], [ -0.426768692061313, 51.606453675907318 ], [ -0.426825822987947, 51.606472424999282 ], [ -0.426899395710629, 51.606505988785869 ], [ -0.426946050218295, 51.606484832834035 ], [ -0.426776371565266, 51.606339753575476 ], [ -0.426704104272711, 51.605997413302973 ], [ -0.426707087013802, 51.605995097159223 ], [ -0.426757139494629, 51.605956262499035 ], [ -0.428299348699421, 51.604759563437547 ], [ -0.428839846659748, 51.604340135068377 ], [ -0.42957419924628, 51.60399468434376 ], [ -0.429885761807887, 51.60429358645608 ], [ -0.430260524386947, 51.604750600848455 ], [ -0.430266261605899, 51.604757592643502 ], [ -0.430282953052788, 51.604787787385405 ], [ -0.430462215899824, 51.605111913034499 ], [ -0.430671304771358, 51.60548995957884 ], [ -0.43072519188799, 51.605621195543634 ], [ -0.430750381878106, 51.60580612049462 ], [ -0.43075197081667, 51.605817831932256 ], [ -0.430792715483412, 51.606117025136484 ], [ -0.430825094317792, 51.606134974443407 ], [ -0.431376020349419, 51.606440459382803 ], [ -0.432208710385136, 51.607124431924071 ], [ -0.432249521486179, 51.60715796924773 ], [ -0.432264782412545, 51.607173163100441 ], [ -0.432268147531981, 51.607176508188601 ], [ -0.432683449025678, 51.607820993875073 ], [ -0.432705061160392, 51.607861442228696 ], [ -0.432743195964336, 51.607932873974846 ], [ -0.432752229321481, 51.607944819432078 ], [ -0.43285740779001, 51.608084104994305 ], [ -0.432860071186151, 51.608093067308353 ], [ -0.434190803557367, 51.608373349186749 ], [ -0.434523514395009, 51.608443422098148 ], [ -0.434552440042689, 51.608553847865068 ], [ -0.434590993456027, 51.608711432346126 ], [ -0.434661185914836, 51.6089983917024 ], [ -0.434661856660465, 51.60900114336139 ], [ -0.434737445495361, 51.609310090717877 ], [ -0.434743153974476, 51.609333484407685 ], [ -0.434801870604747, 51.609570834104339 ], [ -0.434677817290635, 51.609639900180362 ], [ -0.43449717672443, 51.60974012861017 ], [ -0.434328641719672, 51.609838989119339 ], [ -0.434260484546515, 51.609878971187982 ], [ -0.434288433916916, 51.609893974092813 ], [ -0.434589199004666, 51.610055427654046 ], [ -0.43474600593239, 51.610139607363429 ], [ -0.434805536140151, 51.610144679908984 ], [ -0.434826472286065, 51.610152808982548 ], [ -0.43512694503174, 51.610269512722418 ], [ -0.435205661580114, 51.610365072481443 ], [ -0.435218165992677, 51.610380265513001 ], [ -0.435236174786558, 51.610402123363997 ], [ -0.435243086996607, 51.610405227884648 ], [ -0.436122443437747, 51.610800039665811 ], [ -0.436280030776381, 51.610980557104781 ], [ -0.43631585862774, 51.611011770188618 ], [ -0.436444232485317, 51.611123303585011 ], [ -0.436538006486739, 51.611180088674089 ], [ -0.436548886609274, 51.611186672028516 ], [ -0.436656750533327, 51.611251207105589 ], [ -0.436660444208603, 51.611253414433172 ], [ -0.436831241743938, 51.611307671401164 ], [ -0.436843927267898, 51.611308370630034 ], [ -0.436952114677652, 51.61131433229987 ], [ -0.437089365603818, 51.611442272785318 ], [ -0.437325121500303, 51.611516263276762 ], [ -0.437029264512391, 51.611796989142505 ], [ -0.437025158971134, 51.611800882287113 ], [ -0.437052366560935, 51.611854767533607 ], [ -0.437101297643795, 51.611869518274389 ], [ -0.437171042301764, 51.611890534680732 ], [ -0.437183254687176, 51.611909635281947 ], [ -0.437228587704178, 51.611940416780016 ], [ -0.437233442931003, 51.611943709632712 ], [ -0.437405488667391, 51.612060534107833 ], [ -0.437566498985411, 51.612104246267293 ], [ -0.437816093607402, 51.612079667950198 ], [ -0.437818797262193, 51.612082950172237 ], [ -0.437857947767734, 51.612130600135195 ], [ -0.43786774868604, 51.612142546521348 ], [ -0.437901064035445, 51.612217123472313 ], [ -0.437901356450019, 51.612220805297653 ], [ -0.437901682296779, 51.612224775327789 ], [ -0.437884308547849, 51.612265118757087 ], [ -0.437858428425249, 51.612325002325768 ], [ -0.437764375209488, 51.612437512621192 ], [ -0.43776173233712, 51.612440660859832 ], [ -0.437759244555209, 51.612444676239569 ], [ -0.437731614180384, 51.612435953279622 ], [ -0.43769742866713, 51.612435499067132 ], [ -0.437296992282476, 51.612367481934029 ], [ -0.437262787837678, 51.612366739577837 ], [ -0.437257992165759, 51.612366756772786 ], [ -0.43723129164567, 51.612357373400528 ], [ -0.437220074546672, 51.612357224313925 ], [ -0.437209059557663, 51.612357077912534 ], [ -0.437008185349978, 51.61231842876272 ], [ -0.436884229638245, 51.612298004546773 ], [ -0.436848716311975, 51.612299627686866 ], [ -0.436814417803054, 51.612301204019182 ], [ -0.436798809422031, 51.612301913749306 ], [ -0.436760118097367, 51.612309016030366 ], [ -0.436754760251758, 51.61232539214857 ], [ -0.436755448759712, 51.6123293130562 ], [ -0.436771979455391, 51.612424907682048 ], [ -0.436771130599061, 51.612429014978744 ], [ -0.436761076709443, 51.612478232358967 ], [ -0.436758523337935, 51.612490751994542 ], [ -0.436727434018592, 51.612545615794723 ], [ -0.436724389638584, 51.612550988827572 ], [ -0.436723868371161, 51.612566156804817 ], [ -0.436762660161837, 51.61261035378152 ], [ -0.436767330124631, 51.612615676500482 ], [ -0.436769314020441, 51.612623931046627 ], [ -0.436771461498099, 51.612632889185285 ], [ -0.436575100721838, 51.612806640212803 ], [ -0.436570706314151, 51.612810529510639 ], [ -0.436449930811746, 51.612808060356414 ], [ -0.436443794331323, 51.612808846540723 ], [ -0.436429154719445, 51.612804897492104 ], [ -0.436404287753201, 51.612797633582474 ], [ -0.436400886317466, 51.612795744881453 ], [ -0.436296762304823, 51.612737860112745 ], [ -0.436280860831377, 51.612729024799215 ], [ -0.436231339492084, 51.61267974803603 ], [ -0.436172956089172, 51.612670630997329 ], [ -0.436159885337986, 51.612666842159022 ], [ -0.436026132025803, 51.61262806787488 ], [ -0.43602224238271, 51.612626937033653 ], [ -0.435960586743867, 51.61260041623936 ], [ -0.435936192144566, 51.612589921180295 ], [ -0.435882258162806, 51.612556839566849 ], [ -0.435872626009729, 51.612550708910199 ], [ -0.435862735701007, 51.612539485034304 ], [ -0.435847626884862, 51.612521883463081 ], [ -0.435841508382501, 51.612502616462109 ], [ -0.435547381611461, 51.612434195339951 ], [ -0.435538956361598, 51.612432239765688 ], [ -0.435028675533728, 51.612532811444439 ], [ -0.435016249740562, 51.612535258403078 ], [ -0.435010721409283, 51.612531592293429 ], [ -0.434738910359428, 51.612436916254403 ], [ -0.434621594459524, 51.61239604855092 ], [ -0.434569885557361, 51.612387312045044 ], [ -0.434507967717392, 51.612376829976547 ], [ -0.434503688540715, 51.612376107574754 ], [ -0.43449485672037, 51.612376313763079 ], [ -0.43448181223513, 51.612385195664025 ], [ -0.434474180805171, 51.612390390715632 ], [ -0.434459228530587, 51.612400569129406 ], [ -0.434195337022344, 51.612580199118668 ], [ -0.434176672557815, 51.61259289994986 ], [ -0.434021680885171, 51.612658829361237 ], [ -0.434014940210852, 51.612662480525913 ], [ -0.434013088000921, 51.612672230782024 ], [ -0.433994344866696, 51.612713643785902 ], [ -0.433988699772717, 51.612721131373895 ], [ -0.433712375758705, 51.613087630914407 ], [ -0.433609407803938, 51.613065028288723 ], [ -0.433576078999612, 51.613057714124999 ], [ -0.433569793780319, 51.613057783295602 ], [ -0.433354094380204, 51.613124548906214 ], [ -0.433190307988031, 51.613212994264536 ], [ -0.432895655776755, 51.61337210394251 ], [ -0.432887105115617, 51.613376720103012 ], [ -0.432861495988085, 51.613380101816702 ], [ -0.432856430654531, 51.613379557722375 ], [ -0.432715218741009, 51.613364430139121 ], [ -0.432522461686094, 51.613343759502719 ], [ -0.432502603067282, 51.61334163339604 ], [ -0.432475244936386, 51.613335414647011 ], [ -0.432462260945694, 51.613332462910577 ], [ -0.432265220049342, 51.613259667886169 ], [ -0.431816846617668, 51.613440034441574 ], [ -0.431810475192926, 51.613442602296182 ], [ -0.431783983015016, 51.613429281825148 ], [ -0.431768129213975, 51.613416148153057 ] ] ] } },
{ "type": "Feature", "properties": { "lsoa21cd": "E01002477", "lsoa21nm": "Hillingdon 001D", "msoa21cd": "E02000494", "msoa21nm": "Hillingdon 001", "lad22cd": "E09000017", "lad22nm": "Hillingdon", "index_right": 137, "GSS_CODE": "E05000335", "risk_score": 0.0, "allocation_hours": 0.0, "patrol_units": 0 }, "geometry": { "type": "Polygon", "coordinates": [ [ [ -0.418221997497672, 51.616595849383216 ], [ -0.418081498078933, 51.616586222881864 ], [ -0.418025959257396, 51.616586625589427 ], [ -0.417992497611815, 51.616586858143116 ], [ -0.417950135418977, 51.616587168588346 ], [ -0.417929243703317, 51.616587309719712 ], [ -0.417893650766058, 51.616587562984535 ], [ -0.417760402722812, 51.61658851904221 ], [ -0.417743267016413, 51.616588647810858 ], [ -0.417724282180649, 51.616588783130339 ], [ -0.417708020897562, 51.616588896700826 ], [ -0.417679486263949, 51.616586389913365 ], [ -0.417588560401217, 51.616578015434982 ], [ -0.417582952060459, 51.616577503710751 ], [ -0.417419494478039, 51.616562445770406 ], [ -0.417386824350257, 51.616559442536648 ], [ -0.417105249466544, 51.61651608876047 ], [ -0.417101269609222, 51.616515477570204 ], [ -0.416959893090476, 51.616493716046641 ], [ -0.416952666266626, 51.616492602455246 ], [ -0.416815657304495, 51.616464883681815 ], [ -0.416807797063356, 51.616463293931474 ], [ -0.416693551347358, 51.616440180370645 ], [ -0.416689133634654, 51.616439284495037 ], [ -0.416617832250585, 51.616424861196016 ], [ -0.416517534398936, 51.616397763059332 ], [ -0.41642230285289, 51.61637201909538 ], [ -0.416411928173627, 51.616369217390037 ], [ -0.416299882408824, 51.616338939141514 ], [ -0.416293801760714, 51.616336851798188 ], [ -0.416273318146397, 51.616329840130156 ], [ -0.416267351437027, 51.616327799284775 ], [ -0.416151330274275, 51.616288079126903 ], [ -0.416138626322949, 51.616283726247104 ], [ -0.416042360743153, 51.616250774048424 ], [ -0.416038007351062, 51.616249276520428 ], [ -0.416011306104601, 51.616233745982811 ], [ -0.416002445341524, 51.616228536698138 ], [ -0.415991986313562, 51.61622235264754 ], [ -0.415821744261671, 51.616122010752093 ], [ -0.415769877057178, 51.616093326318641 ], [ -0.41576318807356, 51.616089630079159 ], [ -0.415690219808275, 51.616049276410557 ], [ -0.415538416263256, 51.615975288073081 ], [ -0.415415091588123, 51.6159188775178 ], [ -0.415328576554142, 51.615879311982013 ], [ -0.415319377670964, 51.615875105240093 ], [ -0.415232665609739, 51.615838711318688 ], [ -0.41521844393948, 51.615832737194097 ], [ -0.415142380620724, 51.615800812323492 ], [ -0.415137995892702, 51.615798972625512 ], [ -0.415132757131601, 51.615796770692519 ], [ -0.414988332657351, 51.615736149656939 ], [ -0.414768607375468, 51.615643923871318 ], [ -0.414693007486002, 51.615612189316046 ], [ -0.414689708759968, 51.615610687994291 ], [ -0.414468905534893, 51.615510263948799 ], [ -0.414464995416599, 51.61550848459018 ], [ -0.414434503065073, 51.615494624561265 ], [ -0.414294128760569, 51.615430784118203 ], [ -0.414139344661821, 51.615360377707844 ], [ -0.414133443429998, 51.615357708166592 ], [ -0.41372771638668, 51.61517316911204 ], [ -0.413695128063932, 51.615158331869857 ], [ -0.413333779234907, 51.614994003636554 ], [ -0.413281323621875, 51.614966119490212 ], [ -0.4132631296378, 51.614956440504429 ], [ -0.413242822463033, 51.614945644867554 ], [ -0.413184878553481, 51.614914853876996 ], [ -0.413165028943162, 51.614901294729385 ], [ -0.413150497344041, 51.614891386458204 ], [ -0.41313667130221, 51.614881955329857 ], [ -0.413129871271938, 51.614877313232043 ], [ -0.413110387965884, 51.614864019807889 ], [ -0.412985679791899, 51.614778924529517 ], [ -0.412951235232294, 51.614755415730961 ], [ -0.412947933786643, 51.61475316794899 ], [ -0.41286304603605, 51.614695242003506 ], [ -0.412827836961037, 51.614674811748991 ], [ -0.412663515076692, 51.614579437277392 ], [ -0.4126125589884, 51.614551654042096 ], [ -0.412606733896889, 51.614548463891232 ], [ -0.412529159513358, 51.614506148599894 ], [ -0.412522001507496, 51.61450224800253 ], [ -0.412447928443202, 51.614461836944351 ], [ -0.411963564407651, 51.61419761188413 ], [ -0.411907890493419, 51.614167219667074 ], [ -0.412042110260128, 51.614112382468747 ], [ -0.412049744262528, 51.614109266411951 ], [ -0.412357261343665, 51.613983632246864 ], [ -0.412413615750814, 51.613960604676862 ], [ -0.412423623621466, 51.613956513536856 ], [ -0.412543980617056, 51.613907342406506 ], [ -0.412585374390235, 51.613890429688539 ], [ -0.412593667703561, 51.61388704374302 ], [ -0.412630152618341, 51.613872141901986 ], [ -0.412691415096602, 51.613847116779283 ], [ -0.412886104365601, 51.613767566450896 ], [ -0.412933285437556, 51.613748294877468 ], [ -0.412955952951002, 51.613739033283437 ], [ -0.413051971075267, 51.613699802037097 ], [ -0.41333836864313, 51.6135827868411 ], [ -0.413343027900667, 51.613580889445224 ], [ -0.41342188716918, 51.613548673945118 ], [ -0.413430034109412, 51.613545339916257 ], [ -0.413540718645892, 51.613500110631868 ], [ -0.413561354092667, 51.613490713551776 ], [ -0.413590223367006, 51.61347756095541 ], [ -0.413602478398527, 51.61347198034715 ], [ -0.413643734795947, 51.613453185965184 ], [ -0.413660833258799, 51.613445395694242 ], [ -0.413711556174514, 51.61342228690598 ], [ -0.413719011988731, 51.61341888956435 ], [ -0.413746120236274, 51.613406531451851 ], [ -0.413756188418575, 51.613401946424702 ], [ -0.413777044089364, 51.613392444371371 ], [ -0.413787376515344, 51.613387737016716 ], [ -0.413795991628694, 51.613383815783465 ], [ -0.41395537362291, 51.613311196448429 ], [ -0.414096614715772, 51.613246843240347 ], [ -0.414295453506878, 51.613156254356056 ], [ -0.41431767381178, 51.613146132168715 ], [ -0.414338953737237, 51.613133982962367 ], [ -0.414351759911757, 51.613126674169379 ], [ -0.414524916522451, 51.613027820171013 ], [ -0.414535585774477, 51.613021732455813 ], [ -0.414687461858211, 51.61293502744568 ], [ -0.414713859785786, 51.612914440389147 ], [ -0.414724148497253, 51.612906423128067 ], [ -0.414729582667228, 51.612902180109486 ], [ -0.414734125891301, 51.612898635467168 ], [ -0.414902326364322, 51.612767466952718 ], [ -0.414907567500573, 51.612763374191701 ], [ -0.415004175779666, 51.612688035487437 ], [ -0.415009505396013, 51.612683889961247 ], [ -0.415014434888816, 51.612680035785182 ], [ -0.415169524584712, 51.612559076197975 ], [ -0.415203913445102, 51.612527590093016 ], [ -0.415208075892671, 51.612523779510099 ], [ -0.415252579894319, 51.612483032779068 ], [ -0.415257384084403, 51.612478628359916 ], [ -0.41536310051783, 51.612381857308392 ], [ -0.415469786804123, 51.612284182012296 ], [ -0.415498520674517, 51.612257880101247 ], [ -0.415509620818147, 51.612247706531001 ], [ -0.41553644510086, 51.612223150358858 ], [ -0.415586496091994, 51.612150231316413 ], [ -0.415610725897283, 51.612114948056679 ], [ -0.41562901425227, 51.612088316316466 ], [ -0.415674553825035, 51.61202196381393 ], [ -0.415677018684943, 51.61201837310395 ], [ -0.415711679185439, 51.611967871410947 ], [ -0.415733421036472, 51.611936214492523 ], [ -0.415748500076726, 51.611914224510954 ], [ -0.415753636613249, 51.611903592765501 ], [ -0.41575667209438, 51.611897303016285 ], [ -0.415785004566884, 51.611838559736313 ], [ -0.415786280382999, 51.611835933160975 ], [ -0.415804448953634, 51.611798221038015 ], [ -0.415818914000214, 51.611768147514184 ], [ -0.415839608080399, 51.611725100948554 ], [ -0.415866793791425, 51.611668590293732 ], [ -0.415873831735197, 51.611653955564059 ], [ -0.415886693306139, 51.611627205599831 ], [ -0.415904790482995, 51.611571633427708 ], [ -0.415906487847627, 51.611566440688478 ], [ -0.415930068598529, 51.611494000657736 ], [ -0.41593205836396, 51.611487876644809 ], [ -0.415952208878256, 51.611426010450764 ], [ -0.415956478297727, 51.611412903056554 ], [ -0.415980899087385, 51.611337902495812 ], [ -0.41598411745367, 51.611328018214202 ], [ -0.416027857510746, 51.611193736350728 ], [ -0.416045463309274, 51.611141190685885 ], [ -0.416047702799988, 51.611134530490318 ], [ -0.416094559029789, 51.610994655044003 ], [ -0.416119299874439, 51.610920818793808 ], [ -0.41612033238599, 51.610917712330455 ], [ -0.416122895002814, 51.610910067318834 ], [ -0.416186559801233, 51.61072006965324 ], [ -0.416239680247195, 51.610567712534618 ], [ -0.416416504338606, 51.610622922931626 ], [ -0.416568276699124, 51.610670372831969 ], [ -0.417642113923675, 51.611012967136176 ], [ -0.41750337362978, 51.61112139912283 ], [ -0.417421659887885, 51.611171105309801 ], [ -0.417404086567946, 51.611181794314916 ], [ -0.417374590539839, 51.61118895942392 ], [ -0.417363964913131, 51.611190911450528 ], [ -0.417341291270039, 51.611193771185008 ], [ -0.417257023121147, 51.611204397458245 ], [ -0.417240556416169, 51.611205281563095 ], [ -0.416828640371006, 51.611227461014337 ], [ -0.41680594926681, 51.611233310410171 ], [ -0.416785488149941, 51.611238578381702 ], [ -0.416704564106944, 51.611298761959212 ], [ -0.416701361746348, 51.611301137754445 ], [ -0.41678363486717, 51.611414221547456 ], [ -0.416790668157607, 51.611417967331924 ], [ -0.416963893346763, 51.611510173832244 ], [ -0.416972009279968, 51.611510202322251 ], [ -0.417013918636528, 51.611510317728367 ], [ -0.417030910799126, 51.611512183447743 ], [ -0.417080967135418, 51.61151766027637 ], [ -0.417085209268956, 51.611518607722232 ], [ -0.417173815844654, 51.611538551558375 ], [ -0.417190105821617, 51.61154440944393 ], [ -0.417207095042458, 51.611550510557905 ], [ -0.41726188363236, 51.611579791258372 ], [ -0.417264996771087, 51.611582054366565 ], [ -0.417341053474694, 51.611637461621612 ], [ -0.417350318378348, 51.611699729061421 ], [ -0.417353737487131, 51.611704406277077 ], [ -0.417355902325527, 51.611707358014321 ], [ -0.417336788848761, 51.611848219418079 ], [ -0.417336261764746, 51.611852160013399 ], [ -0.41727367048497, 51.61189394067744 ], [ -0.417264029701652, 51.611900375233056 ], [ -0.417208142419891, 51.612010562121327 ], [ -0.417202156486927, 51.612022369490177 ], [ -0.417199621466299, 51.612047900944852 ], [ -0.417199087316378, 51.612053289233785 ], [ -0.417130469590567, 51.612085618410489 ], [ -0.417125770821552, 51.612087830163766 ], [ -0.417006565017635, 51.61218139500572 ], [ -0.416897438844265, 51.612249682873255 ], [ -0.416774496903449, 51.612238115451454 ], [ -0.416767948374094, 51.612237451630911 ], [ -0.41645508758292, 51.612341789757906 ], [ -0.416467024396346, 51.612371464070947 ], [ -0.416468606199564, 51.612375397133697 ], [ -0.416473162380524, 51.612476012504167 ], [ -0.41646034738196, 51.61250308688733 ], [ -0.416354685978755, 51.612726509778156 ], [ -0.416528390405941, 51.612806727428264 ], [ -0.416867337488931, 51.61260242974457 ], [ -0.416885234054396, 51.612596996794899 ], [ -0.416984337144772, 51.612566895273858 ], [ -0.416993655210769, 51.612569322979063 ], [ -0.417002701174356, 51.612571684067611 ], [ -0.417147635118877, 51.612811264345751 ], [ -0.417357746374381, 51.612771926443941 ], [ -0.41739696825839, 51.612776047617288 ], [ -0.417425892571281, 51.612782021814745 ], [ -0.41743766585908, 51.612784455600867 ], [ -0.417564422031802, 51.612824678831117 ], [ -0.417577167972224, 51.612840254736128 ], [ -0.4175922533183, 51.612858748755443 ], [ -0.417726369646019, 51.612862826808275 ], [ -0.417776920411369, 51.61287053565303 ], [ -0.417800037679763, 51.612877366722763 ], [ -0.417828216106072, 51.612885686800929 ], [ -0.417832148285606, 51.612887659683174 ], [ -0.417857888346134, 51.612895906430467 ], [ -0.417869123673929, 51.612897613526052 ], [ -0.417882629041916, 51.61289966594591 ], [ -0.417937050574619, 51.612916720610691 ], [ -0.417983973600551, 51.612924295056693 ], [ -0.418031046177854, 51.612925909483074 ], [ -0.418115400563153, 51.612917873676352 ], [ -0.418329091740163, 51.61287669580387 ], [ -0.418328813729559, 51.612879290893169 ], [ -0.41830345865615, 51.613112484725463 ], [ -0.418277042918683, 51.613355403132111 ], [ -0.41816722167893, 51.61337056998304 ], [ -0.418436314552708, 51.613430464930751 ], [ -0.418682690670786, 51.613485304511272 ], [ -0.418687957982247, 51.613407338547098 ], [ -0.418704921585139, 51.61315622666109 ], [ -0.4187124403868, 51.613045072718847 ], [ -0.41877737402258, 51.612839118496701 ], [ -0.418999247707496, 51.612689228721536 ], [ -0.418983163128042, 51.612514158106151 ], [ -0.418977678944188, 51.612454621568958 ], [ -0.419006746339472, 51.612473509817811 ], [ -0.419037253778687, 51.612493352634196 ], [ -0.419063227760637, 51.612510238929602 ], [ -0.419134472544989, 51.612538173950171 ], [ -0.419249026694, 51.612566690977552 ], [ -0.419479384826857, 51.612587771543112 ], [ -0.419485536758736, 51.612588627561657 ], [ -0.41955125466444, 51.612597729738809 ], [ -0.419597617734405, 51.612593559692982 ], [ -0.419812047411991, 51.612574256135382 ], [ -0.419956099485914, 51.612585183783061 ], [ -0.420201518927786, 51.612588480274397 ], [ -0.420511104504582, 51.612581936850006 ], [ -0.420721855043312, 51.612577482779116 ], [ -0.420750415827849, 51.612586858745615 ], [ -0.420764080607037, 51.612724915161536 ], [ -0.420782504398453, 51.612911019428061 ], [ -0.420740821049447, 51.613279143082245 ], [ -0.420770017096754, 51.613364244392287 ], [ -0.420849436302321, 51.613595680440049 ], [ -0.420910349636764, 51.613773164812905 ], [ -0.42091133347056, 51.613776028642476 ], [ -0.4210419375919, 51.613786270930071 ], [ -0.421484179536275, 51.613820964999093 ], [ -0.421602741554438, 51.613830271698781 ], [ -0.422050595424868, 51.613827297439371 ], [ -0.42217882057711, 51.613818694242383 ], [ -0.422332077142681, 51.613808403354078 ], [ -0.422832367677433, 51.613774826545558 ], [ -0.422841881553563, 51.613774954119428 ], [ -0.423005609742511, 51.613777149469541 ], [ -0.423037359291739, 51.613672515710959 ], [ -0.423038517067934, 51.613668700426281 ], [ -0.423096665900736, 51.613477094358792 ], [ -0.423129784445185, 51.613367955682534 ], [ -0.423136062748735, 51.613347258169142 ], [ -0.423147980650198, 51.613315953163429 ], [ -0.423183735498975, 51.613222002180912 ], [ -0.423209613812393, 51.613181711960976 ], [ -0.423279096231591, 51.613073519319862 ], [ -0.423403787012326, 51.612879306925947 ], [ -0.423458550356946, 51.61279404559064 ], [ -0.423466006008475, 51.612781043435383 ], [ -0.423535406110371, 51.612660188047421 ], [ -0.423545051989082, 51.612642332307715 ], [ -0.423612572922102, 51.612517342097881 ], [ -0.423615694243771, 51.612490208562839 ], [ -0.423633239723915, 51.612337768857167 ], [ -0.423628022928216, 51.612201579305754 ], [ -0.423765609949846, 51.6122440153135 ], [ -0.423771268809201, 51.612245763751986 ], [ -0.423819104035874, 51.612246602590453 ], [ -0.423898507214268, 51.612247990299018 ], [ -0.423920865703792, 51.612248388803856 ], [ -0.42407859861507, 51.612302155182761 ], [ -0.424083718635117, 51.612301531356422 ], [ -0.424088940021072, 51.612300899895402 ], [ -0.424417444525941, 51.612274726111082 ], [ -0.424423889570769, 51.612274209943465 ], [ -0.424746513554752, 51.612248505002334 ], [ -0.424935477071211, 51.612269632001151 ], [ -0.424960611816114, 51.612272441508502 ], [ -0.424975488290632, 51.612274106488741 ], [ -0.425174084890732, 51.612309435388823 ], [ -0.425176342832422, 51.612300536048316 ], [ -0.425289935607568, 51.611852961413518 ], [ -0.425303780015959, 51.611854396712012 ], [ -0.425411784838925, 51.611865644388438 ], [ -0.425427489303345, 51.611821692343007 ], [ -0.425437818792993, 51.611824114714345 ], [ -0.425508003623646, 51.611840611249498 ], [ -0.425641468680959, 51.611871965070783 ], [ -0.42561897823615, 51.611910017153598 ], [ -0.425635952856257, 51.611913652515071 ], [ -0.425632317609056, 51.611923540595718 ], [ -0.425465537765306, 51.612376851320654 ], [ -0.425464118196335, 51.61238072607933 ], [ -0.425671380796724, 51.612377268516511 ], [ -0.425692725773782, 51.612376906741233 ], [ -0.425835888338609, 51.612418147060616 ], [ -0.425919474789397, 51.612442232565833 ], [ -0.426361546386328, 51.612442329484679 ], [ -0.426426398620714, 51.612520739631556 ], [ -0.426448413550264, 51.612547355264496 ], [ -0.42649255462529, 51.612600713902687 ], [ -0.426507332911771, 51.612618581909075 ], [ -0.426535688980647, 51.612645183437358 ], [ -0.426544786597214, 51.61264272428221 ], [ -0.426983533451067, 51.612524351839767 ], [ -0.427240824049231, 51.612647977510512 ], [ -0.42724935857245, 51.612654701134744 ], [ -0.42726245728945, 51.612663509104983 ], [ -0.427434637885835, 51.612665082800106 ], [ -0.427528084249184, 51.612694775463609 ], [ -0.427543191379455, 51.612694788582083 ], [ -0.427592224200408, 51.612694841570807 ], [ -0.427673970045083, 51.612694918176921 ], [ -0.427835655930442, 51.612695083051939 ], [ -0.427933230737674, 51.612695182204298 ], [ -0.427984747888487, 51.612695232262503 ], [ -0.428002812230414, 51.612700365625059 ], [ -0.428001630393681, 51.612703218447997 ], [ -0.427967699207854, 51.612785244467666 ], [ -0.427937204608948, 51.612858935364912 ], [ -0.427924453617506, 51.61288978917738 ], [ -0.427779273284892, 51.613240679621292 ], [ -0.427577073598888, 51.613254666807308 ], [ -0.427571356781124, 51.613255840342973 ], [ -0.4275372325271, 51.613262784994696 ], [ -0.427519035787355, 51.613266489442573 ], [ -0.427415534496463, 51.613352962681809 ], [ -0.427410239631814, 51.613357388153439 ], [ -0.427409069770605, 51.61373878159727 ], [ -0.427409062309382, 51.61374359249988 ], [ -0.427620089602674, 51.613966901617232 ], [ -0.427625579814005, 51.613972703254312 ], [ -0.427568996142189, 51.614006149878804 ], [ -0.427297319716139, 51.614105540385573 ], [ -0.42723673368222, 51.614107481960332 ], [ -0.427124916622636, 51.61411107646353 ], [ -0.426764969802609, 51.614122251082136 ], [ -0.426755397911176, 51.614122545696873 ], [ -0.426720059529592, 51.614123646694651 ], [ -0.426693672981957, 51.614051353545896 ], [ -0.42669082996429, 51.61403333046858 ], [ -0.426690320175948, 51.614030113318378 ], [ -0.426687867764316, 51.614014577402521 ], [ -0.426654689530816, 51.613804176141741 ], [ -0.426652343443227, 51.613789325079296 ], [ -0.426638104009674, 51.613699083466528 ], [ -0.426637061792107, 51.613692469012378 ], [ -0.426627312660733, 51.613630667870012 ], [ -0.426622583739876, 51.613600776409541 ], [ -0.426618727263011, 51.613579484479978 ], [ -0.42659480793046, 51.613447783734401 ], [ -0.426587387785766, 51.613406966325279 ], [ -0.426567890640364, 51.613299622531258 ], [ -0.426561836898881, 51.613266278201998 ], [ -0.426534172195662, 51.613114051365635 ], [ -0.426531723345047, 51.6131005028424 ], [ -0.42652552222297, 51.613066410160485 ], [ -0.426521178853096, 51.613042494890273 ], [ -0.42651982128163, 51.613034976964109 ], [ -0.426513580287123, 51.613000784830497 ], [ -0.426507154336482, 51.61296525932876 ], [ -0.426505831994508, 51.612957975679386 ], [ -0.426501354095955, 51.612933357191984 ], [ -0.426498964386876, 51.612920187145363 ], [ -0.426496562108237, 51.612906962975394 ], [ -0.426462019810826, 51.612901779802193 ], [ -0.426341262842802, 51.612874553559756 ], [ -0.426323436812789, 51.612868380000172 ], [ -0.426056187586936, 51.612775886095385 ], [ -0.426030697239926, 51.612767065050853 ], [ -0.425959868226827, 51.612758284745532 ], [ -0.42595597100207, 51.61276030087253 ], [ -0.425762829104772, 51.612860451120561 ], [ -0.425643712577514, 51.612909358819344 ], [ -0.42563201338343, 51.612914161601488 ], [ -0.42561187539969, 51.612895502350291 ], [ -0.425591975075931, 51.612877071090175 ], [ -0.424671372453018, 51.612845069334917 ], [ -0.424651506772541, 51.612850252734312 ], [ -0.424646128316227, 51.612851664464053 ], [ -0.424629684777456, 51.612953617185035 ], [ -0.424644317801894, 51.613001932119566 ], [ -0.424661297083898, 51.613057985062198 ], [ -0.424662502397879, 51.613061966904425 ], [ -0.42467164265882, 51.613122501037907 ], [ -0.424675954030538, 51.613151065053465 ], [ -0.424686797874542, 51.613222880630957 ], [ -0.424688347058802, 51.613233197808981 ], [ -0.424698229097569, 51.613298588840763 ], [ -0.424706709799511, 51.613354815716029 ], [ -0.424716272452563, 51.613418170160465 ], [ -0.424721629037205, 51.613453672409364 ], [ -0.424723394825467, 51.613465242447468 ], [ -0.424732101008633, 51.613522884165675 ], [ -0.424734389442195, 51.613538130149372 ], [ -0.424747747324978, 51.61362660655152 ], [ -0.42476450016932, 51.613737582729073 ], [ -0.424765216758093, 51.613742331381367 ], [ -0.424766251541321, 51.613749152573519 ], [ -0.424778070084716, 51.613827446814923 ], [ -0.424791732197876, 51.613917986572623 ], [ -0.424800911689015, 51.614026190540415 ], [ -0.424802184484334, 51.614041153145287 ], [ -0.42480281018096, 51.614048526394214 ], [ -0.424812971598711, 51.614168415794218 ], [ -0.424816516071809, 51.614210161552066 ], [ -0.424826808208007, 51.614331491502568 ], [ -0.424828337658563, 51.614349470036309 ], [ -0.424831086103817, 51.614381879895383 ], [ -0.424837323625617, 51.614455342345416 ], [ -0.424839230671506, 51.614477849170321 ], [ -0.424840237079892, 51.614489660826898 ], [ -0.424849312249635, 51.614596712348117 ], [ -0.424861476951562, 51.614740090036968 ], [ -0.424863529171303, 51.614764244435307 ], [ -0.424864179451921, 51.614823873508868 ], [ -0.42486436031513, 51.614840754878841 ], [ -0.424865279068372, 51.61492516192159 ], [ -0.424865467755077, 51.614943068542622 ], [ -0.42486588782313, 51.614982236563812 ], [ -0.424866283486799, 51.615018355795968 ], [ -0.424866438001372, 51.615033078609443 ], [ -0.424866987439593, 51.615083524974175 ], [ -0.424868185760333, 51.615195308967607 ], [ -0.424868389272106, 51.615212370490269 ], [ -0.424868610456984, 51.615233092202367 ], [ -0.424869307443719, 51.615298045464925 ], [ -0.42487034653946, 51.61539399150751 ], [ -0.424870454465376, 51.615403803784297 ], [ -0.424870492490534, 51.615407293388472 ], [ -0.424871643171325, 51.615513780148689 ], [ -0.424872342531102, 51.615578247844667 ], [ -0.424872999430868, 51.615640188075439 ], [ -0.42487326965396, 51.615664498455388 ], [ -0.424873843067833, 51.615717588935176 ], [ -0.424874181447381, 51.615726585979353 ], [ -0.424876557813032, 51.615790176882264 ], [ -0.42487929420288, 51.615863808249955 ], [ -0.424881053280453, 51.615911024512563 ], [ -0.424883907870851, 51.615987499095944 ], [ -0.424886693857579, 51.616062201234932 ], [ -0.424888274550278, 51.616104559150855 ], [ -0.42489002854286, 51.616151505568524 ], [ -0.424226071172677, 51.616261851919482 ], [ -0.424203538235025, 51.616265596631749 ], [ -0.423950692963855, 51.616371791176377 ], [ -0.423916393879682, 51.616386196135721 ], [ -0.423849074981729, 51.616403099104325 ], [ -0.423840958736509, 51.616405139538415 ], [ -0.423773821987298, 51.61636510885323 ], [ -0.423745901265689, 51.616368435052834 ], [ -0.423738792900042, 51.6163768197124 ], [ -0.423680419084205, 51.616394022323817 ], [ -0.423636794474105, 51.616402430097693 ], [ -0.423566165718821, 51.616396888206388 ], [ -0.423491863474531, 51.616391063224398 ], [ -0.423333924622844, 51.616378676490079 ], [ -0.423305474408614, 51.616376442614332 ], [ -0.423077756677079, 51.616358587792 ], [ -0.42301991972691, 51.616354053397778 ], [ -0.422926977686739, 51.616346755136746 ], [ -0.422754475422837, 51.616333228122762 ], [ -0.422667641009696, 51.616326416232383 ], [ -0.422500613056747, 51.616313312978342 ], [ -0.422334147026975, 51.616300252997121 ], [ -0.422254839264156, 51.616294036360948 ], [ -0.422254111260242, 51.616287749830533 ], [ -0.422254433698596, 51.616278455912969 ], [ -0.42225458743365, 51.616274024673736 ], [ -0.422256390465334, 51.616222054236829 ], [ -0.422271763578594, 51.616195282978993 ], [ -0.422197386149573, 51.616184977916873 ], [ -0.4221334734866, 51.616176135107324 ], [ -0.422096954699413, 51.616170825166115 ], [ -0.422094994487574, 51.616164459155314 ], [ -0.422064411128022, 51.616065518021557 ], [ -0.422102427639553, 51.616013921057402 ], [ -0.421792191008153, 51.615753440657187 ], [ -0.421791762965127, 51.615747877550199 ], [ -0.421785920137557, 51.61567317041294 ], [ -0.421895496715044, 51.615561524171468 ], [ -0.42189407395563, 51.61555840266886 ], [ -0.421886115168914, 51.6155409223703 ], [ -0.421888063803724, 51.615534716716887 ], [ -0.421936054647766, 51.615381732828631 ], [ -0.421957816240025, 51.615312377921221 ], [ -0.421912430975301, 51.615287462229809 ], [ -0.421915643791378, 51.615279789775848 ], [ -0.421955089660152, 51.615185735953688 ], [ -0.421998410649435, 51.615082399892074 ], [ -0.421993447313547, 51.615073502664586 ], [ -0.421872365023929, 51.614857301727199 ], [ -0.421865631678892, 51.614847092120129 ], [ -0.421785102975597, 51.614711933402859 ], [ -0.421780299911313, 51.614707993185071 ], [ -0.421736716433238, 51.614672382561132 ], [ -0.421729500011962, 51.614673472732683 ], [ -0.421503706880944, 51.614811004275396 ], [ -0.421497804420875, 51.614814602988446 ], [ -0.42129684097095, 51.61488675018159 ], [ -0.421281907469984, 51.614892116083304 ], [ -0.420925469794337, 51.614810108002615 ], [ -0.420953681184992, 51.614678787197434 ], [ -0.420842926786132, 51.614593067493416 ], [ -0.420704040614057, 51.614485594793379 ], [ -0.420626034225742, 51.614453855935537 ], [ -0.420621077870505, 51.614451838008364 ], [ -0.420571604865783, 51.614424061285362 ], [ -0.42053083156701, 51.614430258107205 ], [ -0.420336684480534, 51.614428837706868 ], [ -0.419635371833539, 51.614423723757724 ], [ -0.419614380816645, 51.614429664503852 ], [ -0.419591332933934, 51.614436189096629 ], [ -0.419699371117591, 51.614572564073427 ], [ -0.419712732402472, 51.614582518434752 ], [ -0.419925175649199, 51.614740807864585 ], [ -0.420138859633325, 51.614900012858868 ], [ -0.420146420058292, 51.614905653790302 ], [ -0.420139203358031, 51.614931904844397 ], [ -0.420186101930912, 51.615059787539792 ], [ -0.420190208174116, 51.615070894466797 ], [ -0.420166986175199, 51.615178888078503 ], [ -0.42016640782606, 51.615185640863224 ], [ -0.420132284298392, 51.615294272169365 ], [ -0.420131590053844, 51.615298664666895 ], [ -0.420133245326807, 51.615304860246134 ], [ -0.420090415070733, 51.615423876002716 ], [ -0.420462110563637, 51.615509792025939 ], [ -0.420478712306948, 51.615506723741809 ], [ -0.420567095867967, 51.615491126240734 ], [ -0.420676683621875, 51.615542483747774 ], [ -0.420688049359701, 51.615542951110619 ], [ -0.420972030021426, 51.615554749542497 ], [ -0.420976234803662, 51.615553457122353 ], [ -0.421025584319732, 51.615538238939344 ], [ -0.421032883167846, 51.615538939427928 ], [ -0.421206333091165, 51.615555440137456 ], [ -0.421220702585165, 51.615513278386672 ], [ -0.421255346840751, 51.615516189403557 ], [ -0.421370221604984, 51.615535725371743 ], [ -0.421374632818257, 51.615558445669379 ], [ -0.421382474985573, 51.615598837309449 ], [ -0.421347272314037, 51.615721238238322 ], [ -0.42132759214353, 51.615789685719442 ], [ -0.421281649314156, 51.615949342231069 ], [ -0.421255781060054, 51.616000063352693 ], [ -0.421253998738314, 51.616003555491936 ], [ -0.421259579112425, 51.616005703172327 ], [ -0.421265090563387, 51.616006923700397 ], [ -0.421261623000237, 51.616019017018751 ], [ -0.421252047020289, 51.616052286592733 ], [ -0.421007465283153, 51.61601974150161 ], [ -0.420998862765462, 51.616020892146231 ], [ -0.420937959957443, 51.616161995747788 ], [ -0.420930716858882, 51.616178822365995 ], [ -0.420824958907093, 51.61626545230439 ], [ -0.420586694787552, 51.616326926697219 ], [ -0.42058028244533, 51.616328562642245 ], [ -0.420577616318884, 51.616330882868787 ], [ -0.420346496233727, 51.616409349585801 ], [ -0.420330880441306, 51.616411468889304 ], [ -0.420305686456284, 51.616414880347428 ], [ -0.420284018930048, 51.61641781760477 ], [ -0.420173973996614, 51.6163947484171 ], [ -0.419897913608748, 51.616433798942666 ], [ -0.419885633443019, 51.6164355313634 ], [ -0.419738998042293, 51.616516049169185 ], [ -0.419732106581877, 51.616519832328592 ], [ -0.419724509009182, 51.616598387506656 ], [ -0.419726362570235, 51.616610723125746 ], [ -0.419760547713937, 51.616839070036768 ], [ -0.4197348373239, 51.616836134724124 ], [ -0.41972178815697, 51.616834637481773 ], [ -0.419485072930625, 51.616800504260866 ], [ -0.419465756645301, 51.616797708778314 ], [ -0.419274890224085, 51.616770180317417 ], [ -0.419091192751825, 51.616747100283867 ], [ -0.419079025899565, 51.616745569869529 ], [ -0.418981662080451, 51.616733330616732 ], [ -0.418754000144391, 51.616704726633898 ], [ -0.41870321051176, 51.616693383138902 ], [ -0.418667886394197, 51.616685493863642 ], [ -0.41860134491408, 51.616670624790927 ], [ -0.418516348843239, 51.616651654235127 ], [ -0.418435875436178, 51.616633679659529 ], [ -0.418420653548949, 51.61663028261998 ], [ -0.418392904690948, 51.616624082311901 ], [ -0.418385824038304, 51.616622503327385 ], [ -0.418375074214966, 51.616620101643377 ], [ -0.418231435556404, 51.616597343206948 ], [ -0.418221997497672, 51.616595849383216 ] ] ] } },
{ "type": "Feature", "properties": { "lsoa21cd": "E01002479", "lsoa21nm": "Hillingdon 004C", "msoa21cd": "E02000497", "msoa21nm": "Hillingdon 004", "lad22cd": "E09000017", "lad22nm": "Hillingdon", "index_right": 137, "GSS_CODE": "E05000335", "risk_score": 0.0027919084533233876, "allocation_hours": 0.06280998259230737, "patrol_units": 0 }, "geometry": { "type": "Polygon", "coordinates": [ [ [ -0.410910342886386, 51.599064299458782 ], [ -0.410830431870092, 51.599054126823368 ], [ -0.410752216978755, 51.599044174920181 ], [ -0.410594640567001, 51.599024651115734 ], [ -0.410585882642471, 51.599023017359144 ], [ -0.410577764910173, 51.599014009384632 ], [ -0.410660228007996, 51.598851056242637 ], [ -0.41065874827246, 51.598841746918907 ], [ -0.410653138019542, 51.598806420220818 ], [ -0.4106566445947, 51.598795730568561 ], [ -0.410666955974833, 51.598764252299759 ], [ -0.410669072905717, 51.598757797318029 ], [ -0.410674511128442, 51.598683529516784 ], [ -0.410677139728153, 51.598678960900514 ], [ -0.41067958321439, 51.59867473149621 ], [ -0.410688259749178, 51.59860448221626 ], [ -0.410687493094747, 51.598589431807255 ], [ -0.410687310096124, 51.598585782853156 ], [ -0.41070820629631, 51.598538971625864 ], [ -0.410707828016078, 51.598534092546686 ], [ -0.410704762883041, 51.598494519834034 ], [ -0.410714939156591, 51.598468147495929 ], [ -0.410719710701425, 51.598456377865254 ], [ -0.410726367664647, 51.598417494235889 ], [ -0.410732547982386, 51.598382336063757 ], [ -0.410730678845796, 51.598375908079369 ], [ -0.410710725107987, 51.598307258760322 ], [ -0.410696495108212, 51.598280196485938 ], [ -0.410650151255357, 51.598192008974429 ], [ -0.410640917078236, 51.598174456468335 ], [ -0.410627802249065, 51.598159702089333 ], [ -0.410633070258711, 51.598156455121803 ], [ -0.410696019322224, 51.598117694706715 ], [ -0.410733096517424, 51.59808879074599 ], [ -0.410768010431758, 51.598061467169266 ], [ -0.410801164257089, 51.598013841570143 ], [ -0.41080302036441, 51.598010719290599 ], [ -0.410835841039942, 51.597955679311667 ], [ -0.410852880086931, 51.597927106702961 ], [ -0.410855889963735, 51.597922781541527 ], [ -0.410860714163898, 51.597832179431201 ], [ -0.410858549644635, 51.597793689013827 ], [ -0.410854287733758, 51.597718093939321 ], [ -0.410850212770383, 51.597645828636686 ], [ -0.410848209796491, 51.597610155072005 ], [ -0.410710261351314, 51.597608585432766 ], [ -0.410215768326987, 51.597602967497544 ], [ -0.410255789227957, 51.597324376901781 ], [ -0.410270623728593, 51.597218384680993 ], [ -0.410275893840347, 51.59718076823971 ], [ -0.410284068064481, 51.597122427308925 ], [ -0.410300076929954, 51.597008024953858 ], [ -0.410307323844278, 51.596956388901852 ], [ -0.410331267252209, 51.596785539781429 ], [ -0.4103431577729, 51.596700577233548 ], [ -0.410345669404392, 51.596628670836076 ], [ -0.410346083822578, 51.596616806280359 ], [ -0.410346214427037, 51.596613067147658 ], [ -0.410347239168734, 51.596583729337034 ], [ -0.41033469153983, 51.596529604241539 ], [ -0.410278908485004, 51.596398403419627 ], [ -0.410203141979032, 51.596220125912431 ], [ -0.41018095512662, 51.596167920650032 ], [ -0.41012123947214, 51.596027395227587 ], [ -0.410110406188552, 51.596001907604808 ], [ -0.410032825935549, 51.595819378964457 ], [ -0.409940664558182, 51.595602535192107 ], [ -0.409931072444263, 51.595579959956638 ], [ -0.409881083056933, 51.595462344212571 ], [ -0.40984340312351, 51.595382510904471 ], [ -0.409789968152911, 51.595269308792211 ], [ -0.409754843231212, 51.595194869606097 ], [ -0.409704702430956, 51.59508863631735 ], [ -0.409635473988963, 51.594941947919551 ], [ -0.409579432687811, 51.594823207006733 ], [ -0.409575547694269, 51.594814980185049 ], [ -0.409656497689887, 51.594716690450056 ], [ -0.409670015804276, 51.594718213341764 ], [ -0.410931787606651, 51.594860895783398 ], [ -0.410966508133208, 51.594861779094117 ], [ -0.411198430411765, 51.594867676682483 ], [ -0.411348711041997, 51.594870176677823 ], [ -0.411503161572287, 51.594872750851465 ], [ -0.411968456785365, 51.59485621851946 ], [ -0.412008309729836, 51.594684342903435 ], [ -0.412091667900432, 51.59432485002452 ], [ -0.412016944376481, 51.594245676656918 ], [ -0.411948007524923, 51.594171554356059 ], [ -0.411945041992616, 51.59416758451993 ], [ -0.411861045766015, 51.594054608581651 ], [ -0.411855531665885, 51.594048374136023 ], [ -0.411838583384957, 51.59402392805648 ], [ -0.411835221808349, 51.594019103067119 ], [ -0.411771443931091, 51.593930999544099 ], [ -0.411766761179563, 51.593924524542359 ], [ -0.411760692155975, 51.593917644119038 ], [ -0.411728277480797, 51.593873870749974 ], [ -0.411640726494421, 51.593764326738039 ], [ -0.41163058307764, 51.593752157552963 ], [ -0.411569124465144, 51.593682218787372 ], [ -0.411483333102978, 51.593591650281887 ], [ -0.411439563230864, 51.593523411923449 ], [ -0.411386824929145, 51.593447691870182 ], [ -0.411372094684778, 51.593430029136698 ], [ -0.411261733645642, 51.593301489897975 ], [ -0.411255368657368, 51.593291512009635 ], [ -0.411247519863151, 51.593280614799397 ], [ -0.411242756004566, 51.593273985809311 ], [ -0.411195231024692, 51.593213956255909 ], [ -0.411187916484126, 51.593204711905329 ], [ -0.41116879839231, 51.593176684338722 ], [ -0.411101483950721, 51.593090497548168 ], [ -0.411038140481799, 51.593016702219529 ], [ -0.411016421938172, 51.592994106935386 ], [ -0.411004442465302, 51.59298119346596 ], [ -0.410987426593901, 51.592962843320329 ], [ -0.410795908318921, 51.592774610496761 ], [ -0.410731348506041, 51.59273071680272 ], [ -0.411110803641888, 51.592420687031684 ], [ -0.411171152477535, 51.592371387641663 ], [ -0.411317883079841, 51.592251501984236 ], [ -0.411310780370838, 51.592246615604147 ], [ -0.411071816397166, 51.592071024114752 ], [ -0.410983519922911, 51.592006135951316 ], [ -0.411197211385858, 51.591896961128604 ], [ -0.411260636339711, 51.591864564471365 ], [ -0.411292194445484, 51.591848444974822 ], [ -0.411328965153438, 51.591826505853902 ], [ -0.411409656433333, 51.591778380864277 ], [ -0.411413386539453, 51.591776156192196 ], [ -0.4115207190781, 51.591712141858338 ], [ -0.411528090493447, 51.591707754253882 ], [ -0.411592243256636, 51.591662759740657 ], [ -0.411659459064743, 51.591615621418107 ], [ -0.411779669214767, 51.591531304963993 ], [ -0.411839269736813, 51.591478155505769 ], [ -0.411872988825769, 51.591448081690686 ], [ -0.411899600063186, 51.591424359426433 ], [ -0.411928670252414, 51.591398431255165 ], [ -0.411990421854105, 51.591313818985519 ], [ -0.412001444016436, 51.591298716647117 ], [ -0.41200491678926, 51.591293934601651 ], [ -0.412014892499512, 51.591280274906346 ], [ -0.412019638189907, 51.591273765516021 ], [ -0.412041599805204, 51.591233515068808 ], [ -0.412077472688391, 51.591167761001728 ], [ -0.412083056466609, 51.591157504061947 ], [ -0.412093650300591, 51.591138124477659 ], [ -0.412109026445845, 51.591109942900069 ], [ -0.412204707601103, 51.590934550943139 ], [ -0.412208550120641, 51.590927858480796 ], [ -0.412214866906712, 51.59091686506062 ], [ -0.412220077672227, 51.590907781092795 ], [ -0.412244097783034, 51.590859411196931 ], [ -0.412251131255014, 51.590845253099694 ], [ -0.412302654609931, 51.590784404547506 ], [ -0.412326413724662, 51.590756345212171 ], [ -0.412415069111438, 51.590664389658151 ], [ -0.412446238136904, 51.59063206904905 ], [ -0.412476350859229, 51.590596505843152 ], [ -0.412601501652657, 51.590503271728238 ], [ -0.412654191052732, 51.590464020820157 ], [ -0.412800818272045, 51.590389115636768 ], [ -0.412805036911065, 51.59038695147332 ], [ -0.412840870391769, 51.590368650162091 ], [ -0.412962863416218, 51.590306325255561 ], [ -0.4129916859337, 51.590294916385865 ], [ -0.413132505956212, 51.5902391403677 ], [ -0.413138522262705, 51.590236757673459 ], [ -0.413172649221995, 51.590222264025087 ], [ -0.413241094101876, 51.590193180359201 ], [ -0.413316168220045, 51.590171047473852 ], [ -0.413357781789661, 51.590158786102386 ], [ -0.413489525084461, 51.590106609978093 ], [ -0.413500263684095, 51.590120747350142 ], [ -0.413511333245394, 51.590135329823873 ], [ -0.413560444267959, 51.590122090514313 ], [ -0.413574297646415, 51.590146683280338 ], [ -0.413582877657957, 51.590144883723177 ], [ -0.413889761391595, 51.590080629824975 ], [ -0.414310029067412, 51.589992636417243 ], [ -0.414394596329723, 51.589968571666176 ], [ -0.41480210812137, 51.589852581454842 ], [ -0.415304994589284, 51.589756544710539 ], [ -0.416581908056987, 51.589512662157254 ], [ -0.416846179876258, 51.589461359936998 ], [ -0.417091905501636, 51.589413665053534 ], [ -0.417356001772581, 51.589362395280162 ], [ -0.419008010510515, 51.589041663263181 ], [ -0.419188910022906, 51.58900653604762 ], [ -0.419794105390537, 51.588894296001051 ], [ -0.420968266295122, 51.588676532167312 ], [ -0.421315339910233, 51.588671494315975 ], [ -0.42155237429643, 51.588665552352232 ], [ -0.421717005803785, 51.588638628845295 ], [ -0.422219290350832, 51.588556485962215 ], [ -0.422675292421844, 51.588443109215667 ], [ -0.422700701198889, 51.588436786992531 ], [ -0.422886439020742, 51.588390595754881 ], [ -0.422935042745391, 51.588378515000024 ], [ -0.423027407867294, 51.588335781936273 ], [ -0.42309983620184, 51.588302259218189 ], [ -0.423161936718618, 51.588273507701778 ], [ -0.423207209569427, 51.588252560529696 ], [ -0.423293613806258, 51.58840696988603 ], [ -0.423486409991338, 51.588752269139938 ], [ -0.423541227967105, 51.588850483043643 ], [ -0.423798910727657, 51.589332716984572 ], [ -0.423846796107587, 51.589422312776051 ], [ -0.424128427085302, 51.589949388342816 ], [ -0.424397402341459, 51.590407267017916 ], [ -0.424427926466097, 51.590459230009287 ], [ -0.424575710657514, 51.590723673965776 ], [ -0.424867054702228, 51.591245040556224 ], [ -0.424911292541947, 51.591324182440928 ], [ -0.424978939723179, 51.591445246045197 ], [ -0.425146972010051, 51.591736766575508 ], [ -0.425154218048831, 51.591749318196307 ], [ -0.425842656620162, 51.592943643293104 ], [ -0.425862827992059, 51.592978624568346 ], [ -0.425968954370822, 51.59316272883715 ], [ -0.426248084752908, 51.593646954523201 ], [ -0.426224179968679, 51.593656472236042 ], [ -0.426109056806039, 51.593702042397211 ], [ -0.426011857595493, 51.593746971230217 ], [ -0.425920240335268, 51.593799978083773 ], [ -0.425835220724962, 51.593857992144983 ], [ -0.425759069171127, 51.59392633143441 ], [ -0.425728138244046, 51.593954072697279 ], [ -0.425551103994718, 51.594155013070051 ], [ -0.425532190428395, 51.594209299305859 ], [ -0.425527074114629, 51.594224068416835 ], [ -0.42553320920432, 51.594250804408453 ], [ -0.425535456238459, 51.594260137263255 ], [ -0.425607583780022, 51.594362021889069 ], [ -0.425626027029796, 51.594401898929377 ], [ -0.425628969885047, 51.594434527210268 ], [ -0.425636138787101, 51.594514027111522 ], [ -0.425633454250138, 51.594534458110559 ], [ -0.425626977536491, 51.59458380229686 ], [ -0.425447286304758, 51.594690925039657 ], [ -0.425373693698338, 51.594741574210126 ], [ -0.425315112249142, 51.594781894208857 ], [ -0.425135000536189, 51.594921823712092 ], [ -0.425099538120855, 51.594949270343463 ], [ -0.425031451151278, 51.594987025896472 ], [ -0.424902143621005, 51.595033906806151 ], [ -0.424593734991697, 51.595128017050094 ], [ -0.424495402159541, 51.595158011073281 ], [ -0.42416036118394, 51.595244002756587 ], [ -0.424114876438063, 51.595252943042418 ], [ -0.424013178463375, 51.595272945842275 ], [ -0.423817403275031, 51.59529799988259 ], [ -0.423478597893122, 51.595310029632849 ], [ -0.423285228957484, 51.595331041462757 ], [ -0.422924322586147, 51.595407978085177 ], [ -0.422838601075782, 51.595422295151586 ], [ -0.422762318804388, 51.595435030228842 ], [ -0.422596522526624, 51.595454027904182 ], [ -0.422503466203897, 51.595460854438073 ], [ -0.422392534041432, 51.595468987709964 ], [ -0.422100714927723, 51.595479126241209 ], [ -0.420933795761519, 51.595548876819969 ], [ -0.420670440468071, 51.595564609881457 ], [ -0.420441170788783, 51.595578309446857 ], [ -0.420328872430169, 51.595585019603973 ], [ -0.420195363403526, 51.595680794754763 ], [ -0.420137781123569, 51.595722106093596 ], [ -0.42037912438453, 51.595849356933172 ], [ -0.420205135150938, 51.595947924411377 ], [ -0.419822412602994, 51.596164726054511 ], [ -0.419566034922646, 51.596309953781478 ], [ -0.41930133397971, 51.596459907124675 ], [ -0.419271009741294, 51.596477079867022 ], [ -0.418737329085403, 51.59680938159525 ], [ -0.418598211228837, 51.596896006327725 ], [ -0.418404091289328, 51.59701689012936 ], [ -0.418395028901696, 51.597010104706364 ], [ -0.418238069900007, 51.596892582144271 ], [ -0.417788288081628, 51.596555786514664 ], [ -0.417780989818083, 51.596564294116007 ], [ -0.417508052189702, 51.596882749833696 ], [ -0.417505012326888, 51.596886296921809 ], [ -0.417426528743684, 51.596920679339391 ], [ -0.417420048436263, 51.596923514621913 ], [ -0.417418959837409, 51.596964371247026 ], [ -0.417418617354002, 51.596977127108588 ], [ -0.41740752912002, 51.597002444714882 ], [ -0.417378718748526, 51.597033341749921 ], [ -0.417369872822334, 51.597042754705377 ], [ -0.417304137768426, 51.597112847480204 ], [ -0.417288783759503, 51.597129213931915 ], [ -0.417234909285134, 51.59718665203971 ], [ -0.417215431802167, 51.597207414246874 ], [ -0.417167255600426, 51.597258760189206 ], [ -0.417154120211995, 51.597272773482317 ], [ -0.417122152501752, 51.597306847242706 ], [ -0.417088205362431, 51.597343034553006 ], [ -0.417070706812857, 51.597361692158195 ], [ -0.416999918201894, 51.597437157145301 ], [ -0.416987517998537, 51.59745037099227 ], [ -0.416917569173018, 51.597524929996005 ], [ -0.416882557030212, 51.597562253934115 ], [ -0.416864131054576, 51.597555683810512 ], [ -0.4168581981235, 51.597553571524557 ], [ -0.416847179231286, 51.597580202915346 ], [ -0.41647663346345, 51.597441083835911 ], [ -0.41645933107887, 51.597434591746527 ], [ -0.416400594146174, 51.597546252070998 ], [ -0.416394795374221, 51.597557297711589 ], [ -0.416345154674322, 51.597606294459062 ], [ -0.416334673343171, 51.597616638491594 ], [ -0.4161587505593, 51.597678158763394 ], [ -0.416151690874262, 51.597680626455499 ], [ -0.41602335085606, 51.597700424083378 ], [ -0.415996272849252, 51.597706812356464 ], [ -0.415896927573053, 51.597664736253684 ], [ -0.415869816843541, 51.597657131610319 ], [ -0.415824060155735, 51.597644302596308 ], [ -0.415793474453486, 51.597635733827389 ], [ -0.415699916373, 51.597617799744889 ], [ -0.415690407276094, 51.597615971891855 ], [ -0.415670534574877, 51.597606585381058 ], [ -0.415664341221331, 51.597603660191758 ], [ -0.415653671426245, 51.597596187329223 ], [ -0.415645713887638, 51.597592509944988 ], [ -0.415601422393394, 51.59757202095237 ], [ -0.415591745424918, 51.597566306035624 ], [ -0.415518323304367, 51.597522830237487 ], [ -0.415499853253787, 51.597506749664532 ], [ -0.415484396058682, 51.597493295095589 ], [ -0.415471973091992, 51.597484755429932 ], [ -0.415454243386192, 51.597469390754384 ], [ -0.415427081146211, 51.597446268634279 ], [ -0.415337054413178, 51.597394106723776 ], [ -0.415332151611225, 51.597388950785472 ], [ -0.415307749002662, 51.5973632894977 ], [ -0.415281536832991, 51.597341497576139 ], [ -0.415266536319917, 51.597329029332727 ], [ -0.415257443771917, 51.597321460812722 ], [ -0.415199095126185, 51.597290035904635 ], [ -0.415185900609332, 51.597282924613019 ], [ -0.415161003694134, 51.597262962415357 ], [ -0.415096788261154, 51.597235203710127 ], [ -0.415032049558789, 51.59719282947934 ], [ -0.415012033201878, 51.597179700016575 ], [ -0.414972392187007, 51.597159192619827 ], [ -0.414967576763104, 51.597155260836487 ], [ -0.414904469001434, 51.597103790081526 ], [ -0.414874861469996, 51.597087464704757 ], [ -0.414862044351855, 51.597078640891105 ], [ -0.414845942014744, 51.597067551578249 ], [ -0.414804170585008, 51.597024893656766 ], [ -0.414795044646856, 51.597017873200237 ], [ -0.414764756228199, 51.596994569367439 ], [ -0.414762154960719, 51.596992564889533 ], [ -0.414741718557475, 51.596981965620479 ], [ -0.414730912096426, 51.596976352298391 ], [ -0.414683356466991, 51.596944317434563 ], [ -0.414681074861492, 51.596941840662993 ], [ -0.414661244038585, 51.596920696773395 ], [ -0.414600210304162, 51.5968704273916 ], [ -0.414594854773438, 51.59686749547248 ], [ -0.414555934487897, 51.596846206327022 ], [ -0.414550933174245, 51.596843468030869 ], [ -0.414523272888523, 51.596821818275728 ], [ -0.414510257861529, 51.596811633877728 ], [ -0.414460019701319, 51.596781595044163 ], [ -0.414445288134692, 51.59676887854328 ], [ -0.414392515722955, 51.596723311280094 ], [ -0.414377926268456, 51.596714805211931 ], [ -0.414367763041515, 51.596708966734809 ], [ -0.414345475355285, 51.596690177160035 ], [ -0.414327002799878, 51.59667460446564 ], [ -0.414319549667922, 51.596665574235971 ], [ -0.414307762289293, 51.596654552095536 ], [ -0.414285221650804, 51.596633492968692 ], [ -0.414281010972533, 51.596630855260592 ], [ -0.41423959569631, 51.596604937135453 ], [ -0.414219830650919, 51.596589167126297 ], [ -0.414191538780854, 51.596566591531825 ], [ -0.414188417720606, 51.596564589017682 ], [ -0.414158137680494, 51.596545205914715 ], [ -0.414153415220398, 51.596540681846584 ], [ -0.414136090024932, 51.596524090469394 ], [ -0.414089597695936, 51.596494299896882 ], [ -0.414084597944074, 51.596490275666341 ], [ -0.414055542547713, 51.596466826447276 ], [ -0.414051118826449, 51.596463259620826 ], [ -0.414012176965911, 51.596438049258303 ], [ -0.414008180912566, 51.596435468394354 ], [ -0.41397149639537, 51.596391264721582 ], [ -0.413840473330573, 51.596359491906533 ], [ -0.413835070986651, 51.596359149182248 ], [ -0.413728967654016, 51.596352455778089 ], [ -0.413696553289336, 51.596350408386485 ], [ -0.413556127558332, 51.596361614146581 ], [ -0.413500922368109, 51.596379663030838 ], [ -0.413486887186069, 51.596384257518189 ], [ -0.413296180622938, 51.596478495637257 ], [ -0.413274136521659, 51.596472613490917 ], [ -0.413295014432997, 51.59651567312693 ], [ -0.413302766155734, 51.596528556266492 ], [ -0.413322295922735, 51.596561004448752 ], [ -0.413336086150452, 51.596579175845065 ], [ -0.413339325774917, 51.596581503714724 ], [ -0.413390187233454, 51.596618071032331 ], [ -0.413410934237547, 51.596633000143683 ], [ -0.413492514968816, 51.596691672396425 ], [ -0.413559996884994, 51.596740199418015 ], [ -0.413565771841027, 51.596744351043071 ], [ -0.413648649025206, 51.596803948954552 ], [ -0.413651367563312, 51.596805901083989 ], [ -0.413745294851135, 51.596873444714795 ], [ -0.413761260394117, 51.596884927996157 ], [ -0.413781359772092, 51.596899389681262 ], [ -0.413797121402417, 51.596910717330964 ], [ -0.413880379450368, 51.596970590012496 ], [ -0.413911564293129, 51.596993015901894 ], [ -0.413918128057483, 51.596997735701144 ], [ -0.414015528006603, 51.597067780994088 ], [ -0.414018457724701, 51.597069888840693 ], [ -0.414092194594909, 51.597122915384666 ], [ -0.414145690830384, 51.597161388428695 ], [ -0.414169692475555, 51.597178645469079 ], [ -0.414252317435589, 51.597238068726099 ], [ -0.414279559196885, 51.597257644606451 ], [ -0.414316589496091, 51.5972842858896 ], [ -0.414319674545157, 51.597286494744409 ], [ -0.414429668231385, 51.597365594385266 ], [ -0.41444907748353, 51.597379570043927 ], [ -0.414513631691065, 51.597425988753571 ], [ -0.414528787844515, 51.597436885489969 ], [ -0.414545803268682, 51.597449120235026 ], [ -0.414605357169319, 51.597491946320055 ], [ -0.414684123546398, 51.597548601463586 ], [ -0.4146953359658, 51.597556657257876 ], [ -0.41465139416252, 51.597545623827372 ], [ -0.414484077144829, 51.597690375989721 ], [ -0.414480638197232, 51.597693351072998 ], [ -0.414423248921886, 51.597723492855394 ], [ -0.414397833916085, 51.597736845463587 ], [ -0.414270356431808, 51.597772470717771 ], [ -0.414265824907779, 51.597773236858217 ], [ -0.414179709611636, 51.597787847227458 ], [ -0.414173275307704, 51.597788938385285 ], [ -0.414118633819114, 51.597755962318786 ], [ -0.414112119147309, 51.597750658674094 ], [ -0.414025912524916, 51.597680467806605 ], [ -0.414020507285005, 51.597676060408261 ], [ -0.414015873436853, 51.597670233607261 ], [ -0.413939030385583, 51.597610195819897 ], [ -0.413919534852316, 51.59759496894727 ], [ -0.413907669515167, 51.597583693920114 ], [ -0.413880422237089, 51.597567175351045 ], [ -0.413872032936034, 51.597559319470015 ], [ -0.413868451822722, 51.59755601580477 ], [ -0.413785855517902, 51.597493697059662 ], [ -0.413781642304643, 51.597491544896968 ], [ -0.413775245419258, 51.597487420851792 ], [ -0.413739180485228, 51.597464155658109 ], [ -0.413729945501063, 51.5974581947711 ], [ -0.413724390299673, 51.597452706227514 ], [ -0.413718724032425, 51.597447090287901 ], [ -0.413642487786326, 51.59738830598836 ], [ -0.413630959669556, 51.597376887112866 ], [ -0.413619623907005, 51.597369477021324 ], [ -0.413534458661218, 51.5973137734209 ], [ -0.413526707047079, 51.597304195061724 ], [ -0.413520506115581, 51.597296107929935 ], [ -0.413492378663397, 51.597268813291933 ], [ -0.41347817006847, 51.597260150390319 ], [ -0.413420162676255, 51.597224772511623 ], [ -0.413411425385772, 51.597219447803326 ], [ -0.41334382513462, 51.597190450933624 ], [ -0.41333916205143, 51.597187537304251 ], [ -0.413322389325835, 51.597177050229796 ], [ -0.413247027003168, 51.597126357317052 ], [ -0.413240012933097, 51.597117575753174 ], [ -0.413229711134639, 51.597104532265043 ], [ -0.413198671705436, 51.597079185583034 ], [ -0.413188044409834, 51.597069680764072 ], [ -0.41316814320904, 51.597057820508155 ], [ -0.413102838555599, 51.597018899754225 ], [ -0.413091466599537, 51.59701211860601 ], [ -0.413067887445429, 51.596986485997569 ], [ -0.413062642965814, 51.596980785802032 ], [ -0.413033494551961, 51.596964565099746 ], [ -0.413001882051849, 51.596945721242406 ], [ -0.412930439818613, 51.596903120454236 ], [ -0.412922833553298, 51.596895176173135 ], [ -0.412889690925096, 51.596860592617908 ], [ -0.412877696391218, 51.596846824811657 ], [ -0.412875003574914, 51.59684372196481 ], [ -0.412825784197007, 51.596813066743834 ], [ -0.412817912955484, 51.596808167354389 ], [ -0.4127903403001, 51.596792723262666 ], [ -0.412783953274471, 51.59678666590051 ], [ -0.412765056373956, 51.596768785143688 ], [ -0.412720501532857, 51.596722788654837 ], [ -0.412717281982278, 51.596719471858322 ], [ -0.412684472861729, 51.596639318463417 ], [ -0.412645014024643, 51.596628120078243 ], [ -0.412621911096768, 51.596621549059627 ], [ -0.412575745460504, 51.596610152109314 ], [ -0.412555532629555, 51.596605166854459 ], [ -0.41254466730944, 51.59660249311127 ], [ -0.412535448745002, 51.596600210316495 ], [ -0.412446764764085, 51.596597860748915 ], [ -0.41240253822866, 51.596596687500458 ], [ -0.41226531378904, 51.596598456797658 ], [ -0.412259577662484, 51.596600231732545 ], [ -0.412217366734506, 51.59661329389958 ], [ -0.412014889676576, 51.596682695164716 ], [ -0.412010900351725, 51.596684062058479 ], [ -0.41199356471561, 51.596705445808972 ], [ -0.41199948270263, 51.596720390508928 ], [ -0.412039535688662, 51.596811801754257 ], [ -0.412053586182475, 51.596830363487896 ], [ -0.412065014511433, 51.596845454616329 ], [ -0.412069052240659, 51.596850149358637 ], [ -0.412086661886038, 51.596884226399943 ], [ -0.41209728640652, 51.596894630530194 ], [ -0.412106570669609, 51.59690372161387 ], [ -0.412125752867103, 51.596922523568637 ], [ -0.412164734900087, 51.596950702626366 ], [ -0.412189126578427, 51.596968343010388 ], [ -0.412221912171279, 51.596992040931077 ], [ -0.412319212190628, 51.597062391962332 ], [ -0.41232900034374, 51.597069457522807 ], [ -0.412379262915521, 51.597105801353102 ], [ -0.412374896462354, 51.597107217116708 ], [ -0.412352406934092, 51.597114511862451 ], [ -0.412158090019872, 51.597177575947121 ], [ -0.411903984596911, 51.597260046643036 ], [ -0.411893718122759, 51.597263378967511 ], [ -0.412012536886097, 51.597269850305118 ], [ -0.412139986679554, 51.597406767316485 ], [ -0.412150633308888, 51.597418196894743 ], [ -0.412194962254493, 51.597478533671691 ], [ -0.412195205768043, 51.597482313837112 ], [ -0.412202370905541, 51.597592704396313 ], [ -0.412202026342, 51.597607546449176 ], [ -0.412201052539661, 51.597649942181235 ], [ -0.412200851256091, 51.597658608284604 ], [ -0.412222087012405, 51.597686016888268 ], [ -0.412224643361559, 51.597689306748805 ], [ -0.412259141641111, 51.597785809076385 ], [ -0.412262928717512, 51.597795001200325 ], [ -0.41226666944845, 51.597799934722239 ], [ -0.412294328588725, 51.597838985575279 ], [ -0.412297149441613, 51.59784297143662 ], [ -0.412276750908262, 51.597888818532468 ], [ -0.412264980081049, 51.597918298890391 ], [ -0.412262307485677, 51.597924962218791 ], [ -0.412247842399652, 51.59794227519734 ], [ -0.412239946786479, 51.597951727556605 ], [ -0.412227674835333, 51.597978188629341 ], [ -0.412223365515697, 51.5979874826361 ], [ -0.412163479685135, 51.598070708542387 ], [ -0.412138736819429, 51.598143604937071 ], [ -0.412074722609294, 51.598225340665181 ], [ -0.412070400951714, 51.598230848632227 ], [ -0.412063202097812, 51.598243502753377 ], [ -0.412051127552998, 51.598264714818683 ], [ -0.412043713739361, 51.598274011809366 ], [ -0.412041783365601, 51.598278437026664 ], [ -0.412027682493473, 51.598310547648119 ], [ -0.41201800299543, 51.59833263738863 ], [ -0.41201632516854, 51.598336445533391 ], [ -0.412012120193997, 51.59834109179004 ], [ -0.412007870681512, 51.598347014387095 ], [ -0.411965902568374, 51.598405617993635 ], [ -0.411963155201407, 51.598409456640034 ], [ -0.411941566537139, 51.598474082005382 ], [ -0.411938244764214, 51.598484036814014 ], [ -0.411933320069178, 51.598490687668416 ], [ -0.411926815437387, 51.598503306201984 ], [ -0.411921316318083, 51.598514004931019 ], [ -0.41190566784323, 51.598536670412258 ], [ -0.411876241024814, 51.598579301909162 ], [ -0.411866534158247, 51.598609619449071 ], [ -0.411863251579512, 51.59862010534529 ], [ -0.411860146885575, 51.598630045100776 ], [ -0.411857676837778, 51.598633383910659 ], [ -0.411846405902079, 51.59865638733968 ], [ -0.411843342276384, 51.598662667680728 ], [ -0.41180637429241, 51.598711204215213 ], [ -0.411804358866844, 51.598718065259028 ], [ -0.41179185562192, 51.598760655783323 ], [ -0.411789561909222, 51.598768457281814 ], [ -0.411787658145028, 51.598770877514035 ], [ -0.411772188641146, 51.598790478932223 ], [ -0.411765103951815, 51.598799649959247 ], [ -0.411749031904745, 51.598822655899887 ], [ -0.411744413354683, 51.598829220958542 ], [ -0.41172304804782, 51.598939144771542 ], [ -0.411721730046173, 51.598945880355657 ], [ -0.411721060848932, 51.598949333439052 ], [ -0.411709836428109, 51.598951142034117 ], [ -0.411248891030528, 51.599094148365985 ], [ -0.411239300834126, 51.599097121073626 ], [ -0.411191638474104, 51.59907187274213 ], [ -0.411183543006304, 51.599067599684659 ], [ -0.411149192221127, 51.599072989165663 ], [ -0.411139374468409, 51.5991213531737 ], [ -0.411024071425504, 51.599092626876626 ], [ -0.410989845329179, 51.599084106524842 ], [ -0.410910342886386, 51.599064299458782 ] ] ] } },
{ "type": "Feature", "properties": { "lsoa21cd": "E01002485", "lsoa21nm": "Hillingdon 002F", "msoa21cd": "E02000495", "msoa21nm": "Hillingdon 002", "lad22cd": "E09000017", "lad22nm": "Hillingdon", "index_right": 137, "GSS_CODE": "E05000335", "risk_score": 10.0, "allocation_hours": 224.97149760602153, "patrol_units": 112 }, "geometry": { "type": "Polygon", "coordinates": [ [ [ -0.417398620987259, 51.604780436118197 ], [ -0.417268444182196, 51.604746614258545 ], [ -0.417256212458084, 51.604765720439282 ], [ -0.417181812953723, 51.604733360643046 ], [ -0.417125327786487, 51.604696629090853 ], [ -0.417098999402429, 51.604689655691303 ], [ -0.416929353415977, 51.604644717214448 ], [ -0.416803492533045, 51.604611384676005 ], [ -0.416771869975487, 51.604603008933161 ], [ -0.416767605876662, 51.604601881331384 ], [ -0.416630055031195, 51.604562959507454 ], [ -0.416467308342745, 51.604516899409454 ], [ -0.41640579086279, 51.604503210517478 ], [ -0.416381330481651, 51.604497754914021 ], [ -0.416349547246681, 51.604490680812965 ], [ -0.416284390844426, 51.604476160434345 ], [ -0.41620937498029, 51.604459465741186 ], [ -0.416171303704176, 51.604452990221638 ], [ -0.41616705442216, 51.604452267463067 ], [ -0.416107564488459, 51.604442148827232 ], [ -0.4159796841918, 51.604420397567822 ], [ -0.415954421517168, 51.604414346539784 ], [ -0.415819630362474, 51.604382052550484 ], [ -0.415632366237298, 51.604337198305885 ], [ -0.415621653903324, 51.604334634784927 ], [ -0.41561374490597, 51.604332432816406 ], [ -0.415595481259618, 51.604327348418217 ], [ -0.415471053298865, 51.604292729898432 ], [ -0.415423184276858, 51.604279413502006 ], [ -0.41537066717279, 51.604264802388087 ], [ -0.415346239259875, 51.604258007122503 ], [ -0.415280664647258, 51.604239757641871 ], [ -0.415236185560695, 51.604227377178432 ], [ -0.415090762810909, 51.604186917550244 ], [ -0.41507817690437, 51.604183420448081 ], [ -0.415041523735274, 51.604237393601508 ], [ -0.414959267833992, 51.604358492066964 ], [ -0.414893393081167, 51.604355489672002 ], [ -0.4146886175136, 51.60434616091333 ], [ -0.414574299212982, 51.604340948653515 ], [ -0.414427775846913, 51.604361083076711 ], [ -0.414355232508801, 51.60437104751135 ], [ -0.414332426380511, 51.604379044182672 ], [ -0.414314822501353, 51.604383415160051 ], [ -0.414256455451519, 51.604409042616318 ], [ -0.414247124145611, 51.604412432696044 ], [ -0.414221622967105, 51.604409916643391 ], [ -0.414204570107492, 51.604406556963738 ], [ -0.414172830634264, 51.604400310185326 ], [ -0.414165958430559, 51.604398194061524 ], [ -0.414150155911417, 51.604393349504569 ], [ -0.414027366049698, 51.604355676144458 ], [ -0.41392963705317, 51.604325697031797 ], [ -0.413909091115026, 51.60431939453494 ], [ -0.413801932458491, 51.604286518257759 ], [ -0.41372152081578, 51.60426184467444 ], [ -0.413705461403915, 51.60425691565645 ], [ -0.413641480466474, 51.604237292956228 ], [ -0.413250468163024, 51.604117319526189 ], [ -0.413255362212208, 51.604109903862422 ], [ -0.413215094043273, 51.604105573907262 ], [ -0.413171003179472, 51.604363630466921 ], [ -0.413169534342162, 51.604372207483863 ], [ -0.413115318725873, 51.604406725622979 ], [ -0.413107107274102, 51.604411956227757 ], [ -0.412920356264822, 51.60449362960739 ], [ -0.412908199304061, 51.60449895075557 ], [ -0.412715828867771, 51.604559550281607 ], [ -0.412325232495448, 51.604310536541725 ], [ -0.412121273195367, 51.604327076874277 ], [ -0.412072021212633, 51.604331069038572 ], [ -0.411930810645731, 51.604342522427906 ], [ -0.41203076360198, 51.604196207687394 ], [ -0.41204613852353, 51.604169437991821 ], [ -0.41201852580214, 51.604133094481128 ], [ -0.41199028568758, 51.604114727544754 ], [ -0.411834677625433, 51.604079045127015 ], [ -0.411649544336314, 51.604036587468578 ], [ -0.411619058712897, 51.604029601596871 ], [ -0.411600810788079, 51.603983960486936 ], [ -0.411577176250003, 51.6039590102692 ], [ -0.411564596329754, 51.603956591981103 ], [ -0.411372620579792, 51.603924841376617 ], [ -0.411262662120122, 51.60392177116254 ], [ -0.411121283710911, 51.603917799141193 ], [ -0.411119590270888, 51.603891859760871 ], [ -0.411117696994304, 51.603862959134617 ], [ -0.411117472688398, 51.603859458006049 ], [ -0.411287395687725, 51.603652221965987 ], [ -0.411114105065363, 51.603598206447387 ], [ -0.411019096308121, 51.60356858551058 ], [ -0.410900703199474, 51.603531678866716 ], [ -0.41085327754547, 51.603516891870413 ], [ -0.410831664332117, 51.603510160750652 ], [ -0.410819008045154, 51.603506212622406 ], [ -0.410666431810166, 51.603458645645269 ], [ -0.410556924313658, 51.603424511713079 ], [ -0.410530124744733, 51.603421568139481 ], [ -0.410385338142642, 51.603386650811622 ], [ -0.410336264477841, 51.603374817831366 ], [ -0.410253597061644, 51.603354877439827 ], [ -0.410136748607065, 51.603326695721663 ], [ -0.410065981066176, 51.603309623050087 ], [ -0.410066734252993, 51.603288069170304 ], [ -0.41006701881791, 51.603279925794538 ], [ -0.410068317575514, 51.603242759283418 ], [ -0.410068526130284, 51.603236791069747 ], [ -0.41000163938333, 51.6032223067944 ], [ -0.409896171385005, 51.603199467612164 ], [ -0.409885107281121, 51.603197069673499 ], [ -0.409871090617359, 51.603194038249207 ], [ -0.409827184514375, 51.603173597244833 ], [ -0.409780962239495, 51.603152081728922 ], [ -0.409669591886414, 51.603100224481196 ], [ -0.409660030356981, 51.603100283843652 ], [ -0.409457053133312, 51.603101662545903 ], [ -0.409365928204669, 51.603102271818507 ], [ -0.409348740167594, 51.603102389724455 ], [ -0.409315432795653, 51.603102622019122 ], [ -0.409246580241243, 51.603103074253113 ], [ -0.409219486500471, 51.603120116778754 ], [ -0.409015412878965, 51.603116093342877 ], [ -0.408791280069701, 51.602757843133027 ], [ -0.408921000670854, 51.602688334923435 ], [ -0.408977476664272, 51.602725070135612 ], [ -0.409016749458571, 51.602740475810357 ], [ -0.409048714786995, 51.602753012781989 ], [ -0.409134357458054, 51.602781150514623 ], [ -0.409191776510521, 51.602790920834245 ], [ -0.409220643171736, 51.602791311850552 ], [ -0.409237259524665, 51.602788956071656 ], [ -0.409278690735629, 51.60278310559481 ], [ -0.409293124064285, 51.602783301093083 ], [ -0.409382627971773, 51.602753039543131 ], [ -0.409395414234634, 51.602748716458656 ], [ -0.409425190427531, 51.602731143687151 ], [ -0.409641417103739, 51.602742506988157 ], [ -0.409655528158336, 51.602743246621458 ], [ -0.409763157933344, 51.602762455313204 ], [ -0.409789118289448, 51.60276708727762 ], [ -0.409819283428081, 51.602772468595262 ], [ -0.40992819068681, 51.602791901263906 ], [ -0.410028665515313, 51.602819996375828 ], [ -0.410050853336652, 51.602820188855638 ], [ -0.410121314434032, 51.602820801050399 ], [ -0.410163822387672, 51.602815954014034 ], [ -0.41037888218138, 51.602419304682066 ], [ -0.410265077827542, 51.602309228918308 ], [ -0.410250069003142, 51.602284799882092 ], [ -0.410248405964932, 51.602206137713345 ], [ -0.41024716024395, 51.602147561507969 ], [ -0.410258691769519, 51.602124588821013 ], [ -0.410254950125392, 51.60211471833199 ], [ -0.410253745996814, 51.602111572632644 ], [ -0.410244225612578, 51.602086489495001 ], [ -0.410191164380336, 51.602019793043752 ], [ -0.410187414788387, 51.602013870165074 ], [ -0.410114045527454, 51.601935352366461 ], [ -0.410110649171615, 51.601931718369592 ], [ -0.410059075578541, 51.601891057385998 ], [ -0.409989669362674, 51.601813191170635 ], [ -0.409986890360288, 51.601748915426043 ], [ -0.409985226624459, 51.601710575741073 ], [ -0.40998485889155, 51.601702090808885 ], [ -0.409999147186313, 51.60164278968616 ], [ -0.410053672106722, 51.601572118185636 ], [ -0.410050479099807, 51.601568450970277 ], [ -0.410024017351565, 51.601538102649918 ], [ -0.410014859978902, 51.601519993619959 ], [ -0.410010334786885, 51.601511061228102 ], [ -0.409997941457922, 51.60144960486884 ], [ -0.409998210552021, 51.601443970196762 ], [ -0.410000006310171, 51.6014058032411 ], [ -0.410002479912043, 51.601399065355587 ], [ -0.410011420396789, 51.601374618806297 ], [ -0.410020359301263, 51.601350217197329 ], [ -0.410049051230052, 51.601323762929169 ], [ -0.410059137623021, 51.601314457321301 ], [ -0.410057397927272, 51.601311762988836 ], [ -0.41003128933889, 51.601271311850653 ], [ -0.410028850637775, 51.601258455490012 ], [ -0.410020629831335, 51.601215198045118 ], [ -0.410019543804531, 51.601209500064428 ], [ -0.410033094995051, 51.601155584467385 ], [ -0.410040893160002, 51.601145231726711 ], [ -0.410080593050464, 51.60109259634536 ], [ -0.410094251263994, 51.601081072968917 ], [ -0.41027586970189, 51.600927825799559 ], [ -0.410227918683412, 51.600909974029875 ], [ -0.409973909846508, 51.600815414171812 ], [ -0.409777317569788, 51.600742224098674 ], [ -0.409626666248882, 51.600686148104387 ], [ -0.409642167164947, 51.600608680547253 ], [ -0.409615031450309, 51.600604662134216 ], [ -0.409610015930614, 51.600601500788422 ], [ -0.409585299454132, 51.60058610361034 ], [ -0.409591633432886, 51.600552368484244 ], [ -0.40955287508808, 51.600534685894075 ], [ -0.40937845410462, 51.60045515888244 ], [ -0.40889885640538, 51.60023648375455 ], [ -0.408878390067472, 51.600227151009207 ], [ -0.408773201576447, 51.600179189572621 ], [ -0.408680676827265, 51.600137001976968 ], [ -0.408623087233636, 51.60011073684241 ], [ -0.408446480569093, 51.600030216660677 ], [ -0.40841445972214, 51.600015610512997 ], [ -0.408356458187315, 51.599989159821895 ], [ -0.408266932930457, 51.599948343460966 ], [ -0.408312781616982, 51.599948641077638 ], [ -0.408371161104501, 51.599949009569755 ], [ -0.408404436841648, 51.599946313112625 ], [ -0.408502960082995, 51.599938349895311 ], [ -0.408528749725416, 51.599936253381003 ], [ -0.408544518496938, 51.59993498328015 ], [ -0.408557134741138, 51.599933436655 ], [ -0.408574130635588, 51.599931346871713 ], [ -0.408607251759893, 51.599927290388663 ], [ -0.408643895685177, 51.599922625171899 ], [ -0.408647237062932, 51.599913578991405 ], [ -0.408644797048978, 51.599908618022091 ], [ -0.408616690499315, 51.59985144934079 ], [ -0.408599044534056, 51.599815563839599 ], [ -0.408590330626282, 51.599804205101819 ], [ -0.408430760003661, 51.599634610891634 ], [ -0.408423133481051, 51.599629732510294 ], [ -0.408322576103301, 51.599565422092653 ], [ -0.408274034651086, 51.599534378493686 ], [ -0.408270292721748, 51.59953279005952 ], [ -0.408195910049652, 51.599501198389483 ], [ -0.408176062201123, 51.599492773168102 ], [ -0.408031274205087, 51.599462430354109 ], [ -0.408019204939643, 51.599459901729659 ], [ -0.407882531658198, 51.599455153561109 ], [ -0.407877222406039, 51.59945585495003 ], [ -0.407729514097789, 51.599475349260601 ], [ -0.407527145854098, 51.599526835104228 ], [ -0.407413095123061, 51.599569217210181 ], [ -0.407400762605119, 51.599573798043608 ], [ -0.407361584895897, 51.599588360767136 ], [ -0.407332550598293, 51.599579203843206 ], [ -0.407315966232834, 51.599573250715508 ], [ -0.407241571157654, 51.599546568208169 ], [ -0.407175303778246, 51.599522819532893 ], [ -0.407130755359399, 51.599506838162263 ], [ -0.40702809683962, 51.599470024319388 ], [ -0.406951092472541, 51.599442406994378 ], [ -0.406927477756096, 51.599433939469606 ], [ -0.406674533238023, 51.599343226935716 ], [ -0.406633920629061, 51.599328665640208 ], [ -0.406537929888568, 51.59928990053848 ], [ -0.40642392906206, 51.599243849861828 ], [ -0.406402628216052, 51.599239819967231 ], [ -0.406369080387239, 51.599235866699296 ], [ -0.406362106277407, 51.599235043679109 ], [ -0.406343941985349, 51.599211542552645 ], [ -0.406218693779736, 51.599160950725981 ], [ -0.406156304607851, 51.599135752374465 ], [ -0.405716036960898, 51.598957939078261 ], [ -0.405703173703082, 51.598952940889205 ], [ -0.405740999521605, 51.598906489970325 ], [ -0.405860487843662, 51.5989314563462 ], [ -0.406083711376114, 51.598978108517016 ], [ -0.406385205117775, 51.598624935472046 ], [ -0.406390490449587, 51.598618730398321 ], [ -0.406398123171407, 51.598609814452203 ], [ -0.406402986462864, 51.598604116225779 ], [ -0.406344649968341, 51.598514132366851 ], [ -0.40634109859163, 51.598506076337863 ], [ -0.406322506306104, 51.598463882937637 ], [ -0.407950314036742, 51.597045551636874 ], [ -0.407979604805487, 51.597075812835449 ], [ -0.408131751161573, 51.597265827812912 ], [ -0.408247715275915, 51.597403024743606 ], [ -0.408281777324037, 51.597438476277951 ], [ -0.408303682371039, 51.597455760009751 ], [ -0.408406280406002, 51.59753672519858 ], [ -0.408423314904116, 51.597548781198469 ], [ -0.408466078598774, 51.597579009021665 ], [ -0.408477867696104, 51.597579213718127 ], [ -0.409105119885648, 51.597590354634029 ], [ -0.409745963808391, 51.597597638563158 ], [ -0.410192023563361, 51.597602696481346 ], [ -0.410215768326987, 51.597602967497544 ], [ -0.410710261351314, 51.597608585432766 ], [ -0.410848209796491, 51.597610155072005 ], [ -0.410850212770383, 51.597645828636686 ], [ -0.410854287733758, 51.597718093939321 ], [ -0.410858549644635, 51.597793689013827 ], [ -0.410860714163898, 51.597832179431201 ], [ -0.410855889963735, 51.597922781541527 ], [ -0.410852880086931, 51.597927106702961 ], [ -0.410835841039942, 51.597955679311667 ], [ -0.41080302036441, 51.598010719290599 ], [ -0.410801164257089, 51.598013841570143 ], [ -0.410768010431758, 51.598061467169266 ], [ -0.410733096517424, 51.59808879074599 ], [ -0.410696019322224, 51.598117694706715 ], [ -0.410633070258711, 51.598156455121803 ], [ -0.410627802249065, 51.598159702089333 ], [ -0.410640917078236, 51.598174456468335 ], [ -0.410650151255357, 51.598192008974429 ], [ -0.410696495108212, 51.598280196485938 ], [ -0.410710725107987, 51.598307258760322 ], [ -0.410730678845796, 51.598375908079369 ], [ -0.410732547982386, 51.598382336063757 ], [ -0.410726367664647, 51.598417494235889 ], [ -0.410719710701425, 51.598456377865254 ], [ -0.410714939156591, 51.598468147495929 ], [ -0.410704762883041, 51.598494519834034 ], [ -0.410707828016078, 51.598534092546686 ], [ -0.41070820629631, 51.598538971625864 ], [ -0.410687310096124, 51.598585782853156 ], [ -0.410687493094747, 51.598589431807255 ], [ -0.410688259749178, 51.59860448221626 ], [ -0.41067958321439, 51.59867473149621 ], [ -0.410677139728153, 51.598678960900514 ], [ -0.410674511128442, 51.598683529516784 ], [ -0.410669072905717, 51.598757797318029 ], [ -0.410666955974833, 51.598764252299759 ], [ -0.4106566445947, 51.598795730568561 ], [ -0.410653138019542, 51.598806420220818 ], [ -0.41065874827246, 51.598841746918907 ], [ -0.410660228007996, 51.598851056242637 ], [ -0.410577764910173, 51.599014009384632 ], [ -0.410585882642471, 51.599023017359144 ], [ -0.410594640567001, 51.599024651115734 ], [ -0.410752216978755, 51.599044174920181 ], [ -0.410830431870092, 51.599054126823368 ], [ -0.410910342886386, 51.599064299458782 ], [ -0.410989845329179, 51.599084106524842 ], [ -0.411024071425504, 51.599092626876626 ], [ -0.411139374468409, 51.5991213531737 ], [ -0.411149192221127, 51.599072989165663 ], [ -0.411183543006304, 51.599067599684659 ], [ -0.411191638474104, 51.59907187274213 ], [ -0.411239300834126, 51.599097121073626 ], [ -0.411248891030528, 51.599094148365985 ], [ -0.411709836428109, 51.598951142034117 ], [ -0.411721060848932, 51.598949333439052 ], [ -0.411721730046173, 51.598945880355657 ], [ -0.41172304804782, 51.598939144771542 ], [ -0.411744413354683, 51.598829220958542 ], [ -0.411749031904745, 51.598822655899887 ], [ -0.411765103951815, 51.598799649959247 ], [ -0.411772188641146, 51.598790478932223 ], [ -0.411787658145028, 51.598770877514035 ], [ -0.411789561909222, 51.598768457281814 ], [ -0.41179185562192, 51.598760655783323 ], [ -0.411804358866844, 51.598718065259028 ], [ -0.41180637429241, 51.598711204215213 ], [ -0.411843342276384, 51.598662667680728 ], [ -0.411846405902079, 51.59865638733968 ], [ -0.411857676837778, 51.598633383910659 ], [ -0.411860146885575, 51.598630045100776 ], [ -0.411863251579512, 51.59862010534529 ], [ -0.411866534158247, 51.598609619449071 ], [ -0.411876241024814, 51.598579301909162 ], [ -0.41190566784323, 51.598536670412258 ], [ -0.411921316318083, 51.598514004931019 ], [ -0.411926815437387, 51.598503306201984 ], [ -0.411933320069178, 51.598490687668416 ], [ -0.411938244764214, 51.598484036814014 ], [ -0.411941566537139, 51.598474082005382 ], [ -0.411963155201407, 51.598409456640034 ], [ -0.411965902568374, 51.598405617993635 ], [ -0.412007870681512, 51.598347014387095 ], [ -0.412012120193997, 51.59834109179004 ], [ -0.41201632516854, 51.598336445533391 ], [ -0.41201800299543, 51.59833263738863 ], [ -0.412027682493473, 51.598310547648119 ], [ -0.412041783365601, 51.598278437026664 ], [ -0.412043713739361, 51.598274011809366 ], [ -0.412051127552998, 51.598264714818683 ], [ -0.412063202097812, 51.598243502753377 ], [ -0.412070400951714, 51.598230848632227 ], [ -0.412074722609294, 51.598225340665181 ], [ -0.412138736819429, 51.598143604937071 ], [ -0.412163479685135, 51.598070708542387 ], [ -0.412223365515697, 51.5979874826361 ], [ -0.412227674835333, 51.597978188629341 ], [ -0.412239946786479, 51.597951727556605 ], [ -0.412247842399652, 51.59794227519734 ], [ -0.412262307485677, 51.597924962218791 ], [ -0.412264980081049, 51.597918298890391 ], [ -0.412276750908262, 51.597888818532468 ], [ -0.412297149441613, 51.59784297143662 ], [ -0.412294328588725, 51.597838985575279 ], [ -0.41226666944845, 51.597799934722239 ], [ -0.412262928717512, 51.597795001200325 ], [ -0.412259141641111, 51.597785809076385 ], [ -0.412224643361559, 51.597689306748805 ], [ -0.412222087012405, 51.597686016888268 ], [ -0.412200851256091, 51.597658608284604 ], [ -0.412201052539661, 51.597649942181235 ], [ -0.412202026342, 51.597607546449176 ], [ -0.412202370905541, 51.597592704396313 ], [ -0.412195205768043, 51.597482313837112 ], [ -0.412194962254493, 51.597478533671691 ], [ -0.412150633308888, 51.597418196894743 ], [ -0.412139986679554, 51.597406767316485 ], [ -0.412012536886097, 51.597269850305118 ], [ -0.411893718122759, 51.597263378967511 ], [ -0.411903984596911, 51.597260046643036 ], [ -0.412158090019872, 51.597177575947121 ], [ -0.412352406934092, 51.597114511862451 ], [ -0.412374896462354, 51.597107217116708 ], [ -0.412379262915521, 51.597105801353102 ], [ -0.41232900034374, 51.597069457522807 ], [ -0.412319212190628, 51.597062391962332 ], [ -0.412221912171279, 51.596992040931077 ], [ -0.412189126578427, 51.596968343010388 ], [ -0.412164734900087, 51.596950702626366 ], [ -0.412125752867103, 51.596922523568637 ], [ -0.412106570669609, 51.59690372161387 ], [ -0.41209728640652, 51.596894630530194 ], [ -0.412086661886038, 51.596884226399943 ], [ -0.412069052240659, 51.596850149358637 ], [ -0.412065014511433, 51.596845454616329 ], [ -0.412053586182475, 51.596830363487896 ], [ -0.412039535688662, 51.596811801754257 ], [ -0.41199948270263, 51.596720390508928 ], [ -0.41199356471561, 51.596705445808972 ], [ -0.412010900351725, 51.596684062058479 ], [ -0.412014889676576, 51.596682695164716 ], [ -0.412217366734506, 51.59661329389958 ], [ -0.412259577662484, 51.596600231732545 ], [ -0.41226531378904, 51.596598456797658 ], [ -0.41240253822866, 51.596596687500458 ], [ -0.412446764764085, 51.596597860748915 ], [ -0.412535448745002, 51.596600210316495 ], [ -0.41254466730944, 51.59660249311127 ], [ -0.412555532629555, 51.596605166854459 ], [ -0.412575745460504, 51.596610152109314 ], [ -0.412621911096768, 51.596621549059627 ], [ -0.412645014024643, 51.596628120078243 ], [ -0.412684472861729, 51.596639318463417 ], [ -0.412717281982278, 51.596719471858322 ], [ -0.412720501532857, 51.596722788654837 ], [ -0.412765056373956, 51.596768785143688 ], [ -0.412783953274471, 51.59678666590051 ], [ -0.4127903403001, 51.596792723262666 ], [ -0.412817912955484, 51.596808167354389 ], [ -0.412825784197007, 51.596813066743834 ], [ -0.412875003574914, 51.59684372196481 ], [ -0.412877696391218, 51.596846824811657 ], [ -0.412889690925096, 51.596860592617908 ], [ -0.412922833553298, 51.596895176173135 ], [ -0.412930439818613, 51.596903120454236 ], [ -0.413001882051849, 51.596945721242406 ], [ -0.413033494551961, 51.596964565099746 ], [ -0.413062642965814, 51.596980785802032 ], [ -0.413067887445429, 51.596986485997569 ], [ -0.413091466599537, 51.59701211860601 ], [ -0.413102838555599, 51.597018899754225 ], [ -0.41316814320904, 51.597057820508155 ], [ -0.413188044409834, 51.597069680764072 ], [ -0.413198671705436, 51.597079185583034 ], [ -0.413229711134639, 51.597104532265043 ], [ -0.413240012933097, 51.597117575753174 ], [ -0.413247027003168, 51.597126357317052 ], [ -0.413322389325835, 51.597177050229796 ], [ -0.41333916205143, 51.597187537304251 ], [ -0.41334382513462, 51.597190450933624 ], [ -0.413411425385772, 51.597219447803326 ], [ -0.413420162676255, 51.597224772511623 ], [ -0.41347817006847, 51.597260150390319 ], [ -0.413492378663397, 51.597268813291933 ], [ -0.413520506115581, 51.597296107929935 ], [ -0.413526707047079, 51.597304195061724 ], [ -0.413534458661218, 51.5973137734209 ], [ -0.413619623907005, 51.597369477021324 ], [ -0.413630959669556, 51.597376887112866 ], [ -0.413642487786326, 51.59738830598836 ], [ -0.413718724032425, 51.597447090287901 ], [ -0.413724390299673, 51.597452706227514 ], [ -0.413729945501063, 51.5974581947711 ], [ -0.413739180485228, 51.597464155658109 ], [ -0.413775245419258, 51.597487420851792 ], [ -0.413781642304643, 51.597491544896968 ], [ -0.413785855517902, 51.597493697059662 ], [ -0.413868451822722, 51.59755601580477 ], [ -0.413872032936034, 51.597559319470015 ], [ -0.413880422237089, 51.597567175351045 ], [ -0.413907669515167, 51.597583693920114 ], [ -0.413919534852316, 51.59759496894727 ], [ -0.413939030385583, 51.597610195819897 ], [ -0.414015873436853, 51.597670233607261 ], [ -0.414020507285005, 51.597676060408261 ], [ -0.414025912524916, 51.597680467806605 ], [ -0.414112119147309, 51.597750658674094 ], [ -0.414118633819114, 51.597755962318786 ], [ -0.414173275307704, 51.597788938385285 ], [ -0.414179709611636, 51.597787847227458 ], [ -0.414265824907779, 51.597773236858217 ], [ -0.414270356431808, 51.597772470717771 ], [ -0.414397833916085, 51.597736845463587 ], [ -0.414423248921886, 51.597723492855394 ], [ -0.414480638197232, 51.597693351072998 ], [ -0.414484077144829, 51.597690375989721 ], [ -0.41465139416252, 51.597545623827372 ], [ -0.4146953359658, 51.597556657257876 ], [ -0.414684123546398, 51.597548601463586 ], [ -0.414605357169319, 51.597491946320055 ], [ -0.414545803268682, 51.597449120235026 ], [ -0.414528787844515, 51.597436885489969 ], [ -0.414513631691065, 51.597425988753571 ], [ -0.41444907748353, 51.597379570043927 ], [ -0.414429668231385, 51.597365594385266 ], [ -0.414319674545157, 51.597286494744409 ], [ -0.414316589496091, 51.5972842858896 ], [ -0.414279559196885, 51.597257644606451 ], [ -0.414252317435589, 51.597238068726099 ], [ -0.414169692475555, 51.597178645469079 ], [ -0.414145690830384, 51.597161388428695 ], [ -0.414092194594909, 51.597122915384666 ], [ -0.414018457724701, 51.597069888840693 ], [ -0.414015528006603, 51.597067780994088 ], [ -0.413918128057483, 51.596997735701144 ], [ -0.413911564293129, 51.596993015901894 ], [ -0.413880379450368, 51.596970590012496 ], [ -0.413797121402417, 51.596910717330964 ], [ -0.413781359772092, 51.596899389681262 ], [ -0.413761260394117, 51.596884927996157 ], [ -0.413745294851135, 51.596873444714795 ], [ -0.413651367563312, 51.596805901083989 ], [ -0.413648649025206, 51.596803948954552 ], [ -0.413565771841027, 51.596744351043071 ], [ -0.413559996884994, 51.596740199418015 ], [ -0.413492514968816, 51.596691672396425 ], [ -0.413410934237547, 51.596633000143683 ], [ -0.413390187233454, 51.596618071032331 ], [ -0.413339325774917, 51.596581503714724 ], [ -0.413336086150452, 51.596579175845065 ], [ -0.413322295922735, 51.596561004448752 ], [ -0.413302766155734, 51.596528556266492 ], [ -0.413295014432997, 51.59651567312693 ], [ -0.413274136521659, 51.596472613490917 ], [ -0.413296180622938, 51.596478495637257 ], [ -0.413486887186069, 51.596384257518189 ], [ -0.413500922368109, 51.596379663030838 ], [ -0.413556127558332, 51.596361614146581 ], [ -0.413696553289336, 51.596350408386485 ], [ -0.413728967654016, 51.596352455778089 ], [ -0.413835070986651, 51.596359149182248 ], [ -0.413840473330573, 51.596359491906533 ], [ -0.41397149639537, 51.596391264721582 ], [ -0.414008180912566, 51.596435468394354 ], [ -0.414012176965911, 51.596438049258303 ], [ -0.414051118826449, 51.596463259620826 ], [ -0.414055542547713, 51.596466826447276 ], [ -0.414084597944074, 51.596490275666341 ], [ -0.414089597695936, 51.596494299896882 ], [ -0.414136090024932, 51.596524090469394 ], [ -0.414153415220398, 51.596540681846584 ], [ -0.414158137680494, 51.596545205914715 ], [ -0.414188417720606, 51.596564589017682 ], [ -0.414191538780854, 51.596566591531825 ], [ -0.414219830650919, 51.596589167126297 ], [ -0.41423959569631, 51.596604937135453 ], [ -0.414281010972533, 51.596630855260592 ], [ -0.414285221650804, 51.596633492968692 ], [ -0.414307762289293, 51.596654552095536 ], [ -0.414319549667922, 51.596665574235971 ], [ -0.414327002799878, 51.59667460446564 ], [ -0.414345475355285, 51.596690177160035 ], [ -0.414367763041515, 51.596708966734809 ], [ -0.414377926268456, 51.596714805211931 ], [ -0.414392515722955, 51.596723311280094 ], [ -0.414445288134692, 51.59676887854328 ], [ -0.414460019701319, 51.596781595044163 ], [ -0.414510257861529, 51.596811633877728 ], [ -0.414523272888523, 51.596821818275728 ], [ -0.414550933174245, 51.596843468030869 ], [ -0.414555934487897, 51.596846206327022 ], [ -0.414594854773438, 51.59686749547248 ], [ -0.414600210304162, 51.5968704273916 ], [ -0.414661244038585, 51.596920696773395 ], [ -0.414681074861492, 51.596941840662993 ], [ -0.414683356466991, 51.596944317434563 ], [ -0.414730912096426, 51.596976352298391 ], [ -0.414741718557475, 51.596981965620479 ], [ -0.414762154960719, 51.596992564889533 ], [ -0.414764756228199, 51.596994569367439 ], [ -0.414795044646856, 51.597017873200237 ], [ -0.414804170585008, 51.597024893656766 ], [ -0.414845942014744, 51.597067551578249 ], [ -0.414862044351855, 51.597078640891105 ], [ -0.414874861469996, 51.597087464704757 ], [ -0.414904469001434, 51.597103790081526 ], [ -0.414967576763104, 51.597155260836487 ], [ -0.414972392187007, 51.597159192619827 ], [ -0.415012033201878, 51.597179700016575 ], [ -0.415032049558789, 51.59719282947934 ], [ -0.415096788261154, 51.597235203710127 ], [ -0.415161003694134, 51.597262962415357 ], [ -0.415185900609332, 51.597282924613019 ], [ -0.415199095126185, 51.597290035904635 ], [ -0.415257443771917, 51.597321460812722 ], [ -0.415266536319917, 51.597329029332727 ], [ -0.415281536832991, 51.597341497576139 ], [ -0.415307749002662, 51.5973632894977 ], [ -0.415332151611225, 51.597388950785472 ], [ -0.415337054413178, 51.597394106723776 ], [ -0.415427081146211, 51.597446268634279 ], [ -0.415454243386192, 51.597469390754384 ], [ -0.415471973091992, 51.597484755429932 ], [ -0.415484396058682, 51.597493295095589 ], [ -0.415499853253787, 51.597506749664532 ], [ -0.415518323304367, 51.597522830237487 ], [ -0.415591745424918, 51.597566306035624 ], [ -0.415601422393394, 51.59757202095237 ], [ -0.415645713887638, 51.597592509944988 ], [ -0.415653671426245, 51.597596187329223 ], [ -0.415664341221331, 51.597603660191758 ], [ -0.415670534574877, 51.597606585381058 ], [ -0.415690407276094, 51.597615971891855 ], [ -0.415699916373, 51.597617799744889 ], [ -0.415793474453486, 51.597635733827389 ], [ -0.415824060155735, 51.597644302596308 ], [ -0.415869816843541, 51.597657131610319 ], [ -0.415896927573053, 51.597664736253684 ], [ -0.415996272849252, 51.597706812356464 ], [ -0.41602335085606, 51.597700424083378 ], [ -0.416151690874262, 51.597680626455499 ], [ -0.4161587505593, 51.597678158763394 ], [ -0.416334673343171, 51.597616638491594 ], [ -0.416345154674322, 51.597606294459062 ], [ -0.416394795374221, 51.597557297711589 ], [ -0.416400594146174, 51.597546252070998 ], [ -0.41645933107887, 51.597434591746527 ], [ -0.41647663346345, 51.597441083835911 ], [ -0.416847179231286, 51.597580202915346 ], [ -0.4168581981235, 51.597553571524557 ], [ -0.416864131054576, 51.597555683810512 ], [ -0.416882557030212, 51.597562253934115 ], [ -0.416917569173018, 51.597524929996005 ], [ -0.416987517998537, 51.59745037099227 ], [ -0.416999918201894, 51.597437157145301 ], [ -0.417070706812857, 51.597361692158195 ], [ -0.417088205362431, 51.597343034553006 ], [ -0.417122152501752, 51.597306847242706 ], [ -0.417154120211995, 51.597272773482317 ], [ -0.417167255600426, 51.597258760189206 ], [ -0.417215431802167, 51.597207414246874 ], [ -0.417234909285134, 51.59718665203971 ], [ -0.417288783759503, 51.597129213931915 ], [ -0.417304137768426, 51.597112847480204 ], [ -0.417369872822334, 51.597042754705377 ], [ -0.417378718748526, 51.597033341749921 ], [ -0.41740752912002, 51.597002444714882 ], [ -0.417418617354002, 51.596977127108588 ], [ -0.417418959837409, 51.596964371247026 ], [ -0.417420048436263, 51.596923514621913 ], [ -0.417426528743684, 51.596920679339391 ], [ -0.417505012326888, 51.596886296921809 ], [ -0.417508052189702, 51.596882749833696 ], [ -0.417780989818083, 51.596564294116007 ], [ -0.417788288081628, 51.596555786514664 ], [ -0.418238069900007, 51.596892582144271 ], [ -0.418395028901696, 51.597010104706364 ], [ -0.418404091289328, 51.59701689012936 ], [ -0.418398956082438, 51.597020076360955 ], [ -0.418384499444156, 51.597035564942679 ], [ -0.418123731590678, 51.597315106022151 ], [ -0.418013832383028, 51.597432903623414 ], [ -0.418007683566092, 51.597439493309984 ], [ -0.417995835749099, 51.597452193140484 ], [ -0.417907517383642, 51.597546846598647 ], [ -0.417885741068689, 51.597570194799225 ], [ -0.417813108746971, 51.597648054472543 ], [ -0.41780629987554, 51.59765535466282 ], [ -0.41777300488442, 51.597691065361275 ], [ -0.417766525998204, 51.597698010290429 ], [ -0.417677696293135, 51.597793223192625 ], [ -0.417670527889067, 51.597800896218978 ], [ -0.417577138610053, 51.597900993531219 ], [ -0.417557326590579, 51.597922236881658 ], [ -0.417528786118751, 51.597952831825197 ], [ -0.417521767295184, 51.597960353982295 ], [ -0.417490152914837, 51.597994225764836 ], [ -0.417476805046532, 51.598008532982114 ], [ -0.417417151256884, 51.59807249383627 ], [ -0.417325238339003, 51.598171001135064 ], [ -0.417282916176664, 51.598212588089417 ], [ -0.417278640478047, 51.598216792959398 ], [ -0.417263496404111, 51.598231678448236 ], [ -0.417256903727906, 51.598238154197247 ], [ -0.417139489094113, 51.59835353848608 ], [ -0.416794058360174, 51.598693001975775 ], [ -0.416747546036952, 51.598684839246189 ], [ -0.416739380153067, 51.598683407265732 ], [ -0.416079080445392, 51.598567574214698 ], [ -0.41606005087188, 51.598564233145687 ], [ -0.416035065482346, 51.598559849551755 ], [ -0.416014528686377, 51.598556254343059 ], [ -0.415641915216902, 51.598490888683635 ], [ -0.415631610927038, 51.598489086065655 ], [ -0.415568021334981, 51.598477922813451 ], [ -0.415562165936605, 51.598476899607803 ], [ -0.415382102597073, 51.598445307617538 ], [ -0.415362685656287, 51.59844189826395 ], [ -0.41518042640456, 51.59840993462813 ], [ -0.415172562128938, 51.598408551573378 ], [ -0.415066930851953, 51.598390647394282 ], [ -0.415027981839502, 51.598433155767559 ], [ -0.415015734212299, 51.598446524315165 ], [ -0.415004041848528, 51.598459288859395 ], [ -0.414999403926953, 51.598464352038974 ], [ -0.414893383966502, 51.598580103499316 ], [ -0.414819785299908, 51.598660430044141 ], [ -0.414816888455242, 51.598663592302998 ], [ -0.414749840222395, 51.598736795160647 ], [ -0.414746972858194, 51.598739939830217 ], [ -0.414656075914168, 51.59883912400884 ], [ -0.414644578477437, 51.598851675320724 ], [ -0.414582842507512, 51.598919095607883 ], [ -0.414577709441889, 51.59892469163858 ], [ -0.414539044826509, 51.598966884425472 ], [ -0.414535367408392, 51.598970899426106 ], [ -0.414466547614788, 51.599046020576189 ], [ -0.414373246632895, 51.599147860824473 ], [ -0.414320877602897, 51.599205011998123 ], [ -0.414304891858848, 51.599222466573032 ], [ -0.414252732222462, 51.599279404716633 ], [ -0.414247914053207, 51.599284663264491 ], [ -0.414199251359643, 51.599337790782641 ], [ -0.414189659231298, 51.599348281492233 ], [ -0.414121124392296, 51.599423064536218 ], [ -0.414115645485962, 51.599429051546551 ], [ -0.414074398343526, 51.599474059927758 ], [ -0.414062870775848, 51.599486637744079 ], [ -0.414006101554397, 51.599548630286264 ], [ -0.413998401738777, 51.599557024285218 ], [ -0.413929850261138, 51.599631851937175 ], [ -0.413926578071008, 51.599635422759661 ], [ -0.413877525274228, 51.599688949519738 ], [ -0.413862859986164, 51.59970496506147 ], [ -0.413821506921771, 51.599750097804552 ], [ -0.413816673592077, 51.599755374112178 ], [ -0.413746695283307, 51.599831765061019 ], [ -0.413742402495124, 51.59983644616382 ], [ -0.413680214225223, 51.599904336394907 ], [ -0.413563538040761, 51.600031695806358 ], [ -0.413553931495221, 51.600042177268108 ], [ -0.413481795665011, 51.600120787030406 ], [ -0.413415925850864, 51.600192781930204 ], [ -0.413401965199219, 51.600208042556012 ], [ -0.413335934175968, 51.600280098173698 ], [ -0.413327227324855, 51.600289620571829 ], [ -0.413237576371671, 51.600387466923095 ], [ -0.413156465672136, 51.600476004382422 ], [ -0.413139491061131, 51.600494875228385 ], [ -0.413041057896308, 51.600604373823259 ], [ -0.413038917388009, 51.600606750405426 ], [ -0.413022288086672, 51.600625239186442 ], [ -0.412938005152961, 51.600719003087335 ], [ -0.412875476018907, 51.600788520249552 ], [ -0.41286526079162, 51.600799883664472 ], [ -0.412828381578331, 51.600840885860023 ], [ -0.412824340218935, 51.600845390463093 ], [ -0.412812351987464, 51.600858735248885 ], [ -0.412804044932254, 51.600867966235334 ], [ -0.412702448028653, 51.600980978296775 ], [ -0.412698377465017, 51.600985491492736 ], [ -0.412676414481083, 51.601009924141536 ], [ -0.412652724601306, 51.601036257849174 ], [ -0.412515028393757, 51.601189401118503 ], [ -0.412507186509343, 51.601198125794042 ], [ -0.412323940189297, 51.601401937551927 ], [ -0.412314265595473, 51.601412696728424 ], [ -0.412128554542229, 51.601619226536748 ], [ -0.41212341677725, 51.601624939273655 ], [ -0.412063370876278, 51.601691706328779 ], [ -0.412022733264072, 51.601736919882278 ], [ -0.4120500513075, 51.601749393203711 ], [ -0.412077335732072, 51.601762002751016 ], [ -0.412450925700194, 51.601932442299315 ], [ -0.412456326852829, 51.601934907324598 ], [ -0.41272012935289, 51.602055357999056 ], [ -0.412743681321889, 51.602066107653826 ], [ -0.41290003038388, 51.602137499147965 ], [ -0.412906682264674, 51.602140538592927 ], [ -0.412963707117778, 51.602166578235042 ], [ -0.4129794416612, 51.602173760077449 ], [ -0.412994707125677, 51.602180728750739 ], [ -0.413020675557779, 51.602192581118132 ], [ -0.413039082174549, 51.602200986075282 ], [ -0.413095865891116, 51.602226905494433 ], [ -0.413180781598895, 51.602264751416861 ], [ -0.413191701723279, 51.602269620046961 ], [ -0.413639673584435, 51.602469254359974 ], [ -0.413646057912514, 51.602472101307384 ], [ -0.413885181649223, 51.602578664357928 ], [ -0.413907192896369, 51.602588475741165 ], [ -0.414058300756835, 51.602655811274971 ], [ -0.414290631539719, 51.602763639673597 ], [ -0.414716509176924, 51.602961290115637 ], [ -0.414720161570455, 51.602962976061313 ], [ -0.414842541721379, 51.603019779247191 ], [ -0.415124605206937, 51.603155352084634 ], [ -0.415150676958287, 51.603167710775764 ], [ -0.415582663665787, 51.603375089653284 ], [ -0.415590688420047, 51.603378938818764 ], [ -0.416218134690056, 51.603680145758297 ], [ -0.416223332933454, 51.603682643851229 ], [ -0.416345244907898, 51.603744708857334 ], [ -0.416569190738371, 51.603858723643093 ], [ -0.416744445107475, 51.603960885852821 ], [ -0.416806118846368, 51.603996833225736 ], [ -0.416951928016483, 51.604081827069265 ], [ -0.417036736003474, 51.604131260266236 ], [ -0.417052956301651, 51.60414070526398 ], [ -0.417088877903308, 51.604161647512719 ], [ -0.417140644724873, 51.60419181835676 ], [ -0.417350507265409, 51.604314153350863 ], [ -0.417459830394637, 51.60437787308436 ], [ -0.417472568598438, 51.604385301733402 ], [ -0.417484726896801, 51.60439238084949 ], [ -0.417542558968961, 51.604426090895736 ], [ -0.417812810992618, 51.604583621883258 ], [ -0.417830857336782, 51.60459413451769 ], [ -0.417862080721567, 51.604612333462335 ], [ -0.417873601802579, 51.604619053245585 ], [ -0.417890204352273, 51.60462872809736 ], [ -0.418003123972017, 51.604694546106757 ], [ -0.418104033703979, 51.604758988237919 ], [ -0.418128092314214, 51.604774347872024 ], [ -0.418176859173756, 51.604805489534392 ], [ -0.418181563518205, 51.604808493467509 ], [ -0.41818526460947, 51.604810863400331 ], [ -0.418191028695109, 51.604814538064261 ], [ -0.418499465720941, 51.605011504645461 ], [ -0.418547460095053, 51.605042688659552 ], [ -0.418552637615418, 51.60504678693593 ], [ -0.418566650599943, 51.605055770058364 ], [ -0.418482025650128, 51.60503630542069 ], [ -0.418412414808721, 51.605020288917878 ], [ -0.418305727883434, 51.604995743455504 ], [ -0.418074373705063, 51.604942522402617 ], [ -0.418017633139656, 51.604928889693149 ], [ -0.417967738334364, 51.604916895901589 ], [ -0.417908334039763, 51.604902624753883 ], [ -0.41774035754172, 51.604871090831203 ], [ -0.417700314684243, 51.604863573074141 ], [ -0.417551172890996, 51.604821555557891 ], [ -0.417484017204314, 51.604802629515518 ], [ -0.417402556575656, 51.604781460352328 ], [ -0.417398620987259, 51.604780436118197 ] ] ] } },
{ "type": "Feature", "properties": { "lsoa21cd": "E01002476", "lsoa21nm": "Hillingdon 001C", "msoa21cd": "E02000494", "msoa21nm": "Hillingdon 001", "lad22cd": "E09000017", "lad22nm": "Hillingdon", "index_right": 137, "GSS_CODE": "E05000335", "risk_score": 8.6064352181528498, "allocation_hours": 193.62026200770532, "patrol_units": 97 }, "geometry": { "type": "Polygon", "coordinates": [ [ [ -0.431484719440256, 51.618179902124119 ], [ -0.43146674670616, 51.618177063558647 ], [ -0.431329084945674, 51.618227357108552 ], [ -0.431321875704549, 51.618226973180953 ], [ -0.431236404690658, 51.618222370894848 ], [ -0.431196205529377, 51.618220242948851 ], [ -0.430914749264677, 51.618192707097002 ], [ -0.430823699493704, 51.618183799085308 ], [ -0.430555032341087, 51.618141680768126 ], [ -0.43038713725112, 51.618115357928382 ], [ -0.43038251108081, 51.618114630733736 ], [ -0.430328030710667, 51.618106089039387 ], [ -0.430084472278429, 51.618061804877939 ], [ -0.42982309889026, 51.618006365415042 ], [ -0.429813777961356, 51.618004388498861 ], [ -0.429435578845425, 51.617924160542273 ], [ -0.42942582107981, 51.617922285672265 ], [ -0.429419966296673, 51.617921164345248 ], [ -0.429415532205292, 51.617920313782918 ], [ -0.429138710081025, 51.61786722038083 ], [ -0.429018966602578, 51.617846060252184 ], [ -0.428973602368182, 51.617838037189983 ], [ -0.428721469196973, 51.617804543643089 ], [ -0.428710282572626, 51.617803054287222 ], [ -0.428691690571008, 51.617800589211193 ], [ -0.428649992089265, 51.617795045687672 ], [ -0.428645189307099, 51.617794414983656 ], [ -0.428552575406764, 51.617782107637282 ], [ -0.428479032680719, 51.617768013770089 ], [ -0.428471312474025, 51.61776653474449 ], [ -0.428396449565931, 51.617752189378493 ], [ -0.428386937031752, 51.61774949038788 ], [ -0.428351274780283, 51.617739400770624 ], [ -0.42834748408256, 51.617738324961387 ], [ -0.428267776852548, 51.617715776531526 ], [ -0.428236699006695, 51.617705114177951 ], [ -0.428008935809813, 51.61762689675021 ], [ -0.427950149866613, 51.617606714037315 ], [ -0.427798467967169, 51.61753476936407 ], [ -0.427777107793589, 51.617524636976178 ], [ -0.42765730352522, 51.617467803105654 ], [ -0.427651149737166, 51.617464888181019 ], [ -0.427610020178742, 51.61744540898507 ], [ -0.427484815972856, 51.617386011814723 ], [ -0.427257601766684, 51.617278219398386 ], [ -0.427253068161956, 51.617276072501262 ], [ -0.427192427691304, 51.617247303734118 ], [ -0.42716583761426, 51.617234700289373 ], [ -0.427145660950682, 51.617226274215511 ], [ -0.427084739090856, 51.617200842355913 ], [ -0.427014547207627, 51.617171554575343 ], [ -0.426907798248758, 51.61713030331687 ], [ -0.426832280340582, 51.617101115070014 ], [ -0.426820705988224, 51.617096643828937 ], [ -0.4268123250017, 51.617093393325298 ], [ -0.426681613059626, 51.617048795333474 ], [ -0.42659074787132, 51.61702650121007 ], [ -0.426482185633053, 51.617006784891672 ], [ -0.426359807408029, 51.616993951722904 ], [ -0.426349013200364, 51.616992818107811 ], [ -0.426337772973715, 51.616991633560879 ], [ -0.42632322986648, 51.616990724050332 ], [ -0.426309674044821, 51.616989877208162 ], [ -0.426186852291851, 51.616982141179726 ], [ -0.426173347008293, 51.61698129499829 ], [ -0.426166244500187, 51.616981172970391 ], [ -0.426113379174097, 51.616980285628813 ], [ -0.426095038326003, 51.616979968229401 ], [ -0.425912286150604, 51.616986002206303 ], [ -0.425814729480235, 51.616989282568326 ], [ -0.425758672508967, 51.616987543018134 ], [ -0.425753261723596, 51.616987371670774 ], [ -0.42569479487524, 51.616985563861029 ], [ -0.425342134380566, 51.616951661671052 ], [ -0.425251651615903, 51.616942959338623 ], [ -0.425153615464865, 51.616938813909279 ], [ -0.425145495038073, 51.616938471360839 ], [ -0.425000770231652, 51.616932351694736 ], [ -0.424696638264566, 51.61691947452546 ], [ -0.424684839616444, 51.616918983757287 ], [ -0.424474128088709, 51.616910064113299 ], [ -0.424290972997959, 51.61690667501319 ], [ -0.424226043377436, 51.616905463313934 ], [ -0.424217526602676, 51.616905304233512 ], [ -0.42420538623892, 51.616905087606376 ], [ -0.424122181732465, 51.61690353205956 ], [ -0.423914526898672, 51.616906864197745 ], [ -0.423893902904969, 51.616907199287539 ], [ -0.423817073106856, 51.616908426709678 ], [ -0.423556381745324, 51.616932062853259 ], [ -0.423551339299982, 51.616932516825024 ], [ -0.423402641442403, 51.616946008539493 ], [ -0.423290078800706, 51.616949229506112 ], [ -0.423285119291799, 51.61694937433694 ], [ -0.423258616209692, 51.616950129576153 ], [ -0.42320879073524, 51.616951556787733 ], [ -0.423186305068143, 51.616951426158856 ], [ -0.423139868292039, 51.616951145238964 ], [ -0.423102559047987, 51.616950905757299 ], [ -0.423098327509011, 51.616950884987595 ], [ -0.422811778625557, 51.616949146612036 ], [ -0.42278818093593, 51.616949009985845 ], [ -0.422750269916538, 51.616949670564047 ], [ -0.422739502180162, 51.616949858871934 ], [ -0.422621072448689, 51.616951903421779 ], [ -0.422573535214012, 51.61695274057238 ], [ -0.422428120687328, 51.616955268264967 ], [ -0.422401353406363, 51.616955727509804 ], [ -0.422395774158326, 51.616955832515607 ], [ -0.422299934468699, 51.616957496348661 ], [ -0.422144298684922, 51.616954868750916 ], [ -0.422126939039006, 51.616954581881892 ], [ -0.421729852053725, 51.616947877621406 ], [ -0.421516796314132, 51.616946996476642 ], [ -0.42150957520758, 51.616946962500393 ], [ -0.421448367652836, 51.616946716457342 ], [ -0.421440915540959, 51.616946679376156 ], [ -0.421414629927707, 51.616946578334051 ], [ -0.421386857216752, 51.616946457324239 ], [ -0.421160124498762, 51.616945517835362 ], [ -0.421155863931014, 51.616945501102151 ], [ -0.421123677208044, 51.616943958408001 ], [ -0.42108324343337, 51.616941976755001 ], [ -0.420915510035919, 51.616933744651163 ], [ -0.42090282034525, 51.616933124636923 ], [ -0.420834933928086, 51.616927213250058 ], [ -0.420617549878201, 51.616908305361008 ], [ -0.420572951124013, 51.616904388168059 ], [ -0.420310373465021, 51.61688476483539 ], [ -0.420298307708808, 51.616883856385201 ], [ -0.420289966010473, 51.616883231762507 ], [ -0.420283713424396, 51.616882761096527 ], [ -0.420158039969112, 51.616873366332747 ], [ -0.420150245662685, 51.616872785023695 ], [ -0.419876452610955, 51.616852317641495 ], [ -0.419760547713937, 51.616839070036768 ], [ -0.419726362570235, 51.616610723125746 ], [ -0.419724509009182, 51.616598387506656 ], [ -0.419732106581877, 51.616519832328592 ], [ -0.419738998042293, 51.616516049169185 ], [ -0.419885633443019, 51.6164355313634 ], [ -0.419897913608748, 51.616433798942666 ], [ -0.420173973996614, 51.6163947484171 ], [ -0.420284018930048, 51.61641781760477 ], [ -0.420305686456284, 51.616414880347428 ], [ -0.420330880441306, 51.616411468889304 ], [ -0.420346496233727, 51.616409349585801 ], [ -0.420577616318884, 51.616330882868787 ], [ -0.42058028244533, 51.616328562642245 ], [ -0.420586694787552, 51.616326926697219 ], [ -0.420824958907093, 51.61626545230439 ], [ -0.420930716858882, 51.616178822365995 ], [ -0.420937959957443, 51.616161995747788 ], [ -0.420998862765462, 51.616020892146231 ], [ -0.421007465283153, 51.61601974150161 ], [ -0.421252047020289, 51.616052286592733 ], [ -0.421261623000237, 51.616019017018751 ], [ -0.421265090563387, 51.616006923700397 ], [ -0.421259579112425, 51.616005703172327 ], [ -0.421253998738314, 51.616003555491936 ], [ -0.421255781060054, 51.616000063352693 ], [ -0.421281649314156, 51.615949342231069 ], [ -0.42132759214353, 51.615789685719442 ], [ -0.421347272314037, 51.615721238238322 ], [ -0.421382474985573, 51.615598837309449 ], [ -0.421374632818257, 51.615558445669379 ], [ -0.421370221604984, 51.615535725371743 ], [ -0.421255346840751, 51.615516189403557 ], [ -0.421220702585165, 51.615513278386672 ], [ -0.421206333091165, 51.615555440137456 ], [ -0.421032883167846, 51.615538939427928 ], [ -0.421025584319732, 51.615538238939344 ], [ -0.420976234803662, 51.615553457122353 ], [ -0.420972030021426, 51.615554749542497 ], [ -0.420688049359701, 51.615542951110619 ], [ -0.420676683621875, 51.615542483747774 ], [ -0.420567095867967, 51.615491126240734 ], [ -0.420478712306948, 51.615506723741809 ], [ -0.420462110563637, 51.615509792025939 ], [ -0.420090415070733, 51.615423876002716 ], [ -0.420133245326807, 51.615304860246134 ], [ -0.420131590053844, 51.615298664666895 ], [ -0.420132284298392, 51.615294272169365 ], [ -0.42016640782606, 51.615185640863224 ], [ -0.420166986175199, 51.615178888078503 ], [ -0.420190208174116, 51.615070894466797 ], [ -0.420186101930912, 51.615059787539792 ], [ -0.420139203358031, 51.614931904844397 ], [ -0.420146420058292, 51.614905653790302 ], [ -0.420138859633325, 51.614900012858868 ], [ -0.419925175649199, 51.614740807864585 ], [ -0.419712732402472, 51.614582518434752 ], [ -0.419699371117591, 51.614572564073427 ], [ -0.419591332933934, 51.614436189096629 ], [ -0.419614380816645, 51.614429664503852 ], [ -0.419635371833539, 51.614423723757724 ], [ -0.420336684480534, 51.614428837706868 ], [ -0.42053083156701, 51.614430258107205 ], [ -0.420571604865783, 51.614424061285362 ], [ -0.420621077870505, 51.614451838008364 ], [ -0.420626034225742, 51.614453855935537 ], [ -0.420704040614057, 51.614485594793379 ], [ -0.420842926786132, 51.614593067493416 ], [ -0.420953681184992, 51.614678787197434 ], [ -0.420925469794337, 51.614810108002615 ], [ -0.421281907469984, 51.614892116083304 ], [ -0.42129684097095, 51.61488675018159 ], [ -0.421497804420875, 51.614814602988446 ], [ -0.421503706880944, 51.614811004275396 ], [ -0.421729500011962, 51.614673472732683 ], [ -0.421736716433238, 51.614672382561132 ], [ -0.421780299911313, 51.614707993185071 ], [ -0.421785102975597, 51.614711933402859 ], [ -0.421865631678892, 51.614847092120129 ], [ -0.421872365023929, 51.614857301727199 ], [ -0.421993447313547, 51.615073502664586 ], [ -0.421998410649435, 51.615082399892074 ], [ -0.421955089660152, 51.615185735953688 ], [ -0.421915643791378, 51.615279789775848 ], [ -0.421912430975301, 51.615287462229809 ], [ -0.421957816240025, 51.615312377921221 ], [ -0.421936054647766, 51.615381732828631 ], [ -0.421888063803724, 51.615534716716887 ], [ -0.421886115168914, 51.6155409223703 ], [ -0.42189407395563, 51.61555840266886 ], [ -0.421895496715044, 51.615561524171468 ], [ -0.421785920137557, 51.61567317041294 ], [ -0.421791762965127, 51.615747877550199 ], [ -0.421792191008153, 51.615753440657187 ], [ -0.422102427639553, 51.616013921057402 ], [ -0.422064411128022, 51.616065518021557 ], [ -0.422094994487574, 51.616164459155314 ], [ -0.422096954699413, 51.616170825166115 ], [ -0.4221334734866, 51.616176135107324 ], [ -0.422197386149573, 51.616184977916873 ], [ -0.422271763578594, 51.616195282978993 ], [ -0.422256390465334, 51.616222054236829 ], [ -0.42225458743365, 51.616274024673736 ], [ -0.422254433698596, 51.616278455912969 ], [ -0.422254111260242, 51.616287749830533 ], [ -0.422254839264156, 51.616294036360948 ], [ -0.422334147026975, 51.616300252997121 ], [ -0.422500613056747, 51.616313312978342 ], [ -0.422667641009696, 51.616326416232383 ], [ -0.422754475422837, 51.616333228122762 ], [ -0.422926977686739, 51.616346755136746 ], [ -0.42301991972691, 51.616354053397778 ], [ -0.423077756677079, 51.616358587792 ], [ -0.423305474408614, 51.616376442614332 ], [ -0.423333924622844, 51.616378676490079 ], [ -0.423491863474531, 51.616391063224398 ], [ -0.423566165718821, 51.616396888206388 ], [ -0.423636794474105, 51.616402430097693 ], [ -0.423680419084205, 51.616394022323817 ], [ -0.423738792900042, 51.6163768197124 ], [ -0.423745901265689, 51.616368435052834 ], [ -0.423773821987298, 51.61636510885323 ], [ -0.423840958736509, 51.616405139538415 ], [ -0.423849074981729, 51.616403099104325 ], [ -0.423916393879682, 51.616386196135721 ], [ -0.423950692963855, 51.616371791176377 ], [ -0.424203538235025, 51.616265596631749 ], [ -0.424226071172677, 51.616261851919482 ], [ -0.42489002854286, 51.616151505568524 ], [ -0.424888274550278, 51.616104559150855 ], [ -0.424886693857579, 51.616062201234932 ], [ -0.424883907870851, 51.615987499095944 ], [ -0.424881053280453, 51.615911024512563 ], [ -0.42487929420288, 51.615863808249955 ], [ -0.424876557813032, 51.615790176882264 ], [ -0.424874181447381, 51.615726585979353 ], [ -0.424873843067833, 51.615717588935176 ], [ -0.42487326965396, 51.615664498455388 ], [ -0.424872999430868, 51.615640188075439 ], [ -0.424872342531102, 51.615578247844667 ], [ -0.424871643171325, 51.615513780148689 ], [ -0.424870492490534, 51.615407293388472 ], [ -0.424870454465376, 51.615403803784297 ], [ -0.42487034653946, 51.61539399150751 ], [ -0.424869307443719, 51.615298045464925 ], [ -0.424868610456984, 51.615233092202367 ], [ -0.424868389272106, 51.615212370490269 ], [ -0.424868185760333, 51.615195308967607 ], [ -0.424866987439593, 51.615083524974175 ], [ -0.424866438001372, 51.615033078609443 ], [ -0.424866283486799, 51.615018355795968 ], [ -0.42486588782313, 51.614982236563812 ], [ -0.424865467755077, 51.614943068542622 ], [ -0.424865279068372, 51.61492516192159 ], [ -0.42486436031513, 51.614840754878841 ], [ -0.424864179451921, 51.614823873508868 ], [ -0.424863529171303, 51.614764244435307 ], [ -0.424861476951562, 51.614740090036968 ], [ -0.424849312249635, 51.614596712348117 ], [ -0.424840237079892, 51.614489660826898 ], [ -0.424839230671506, 51.614477849170321 ], [ -0.424837323625617, 51.614455342345416 ], [ -0.424831086103817, 51.614381879895383 ], [ -0.424828337658563, 51.614349470036309 ], [ -0.424826808208007, 51.614331491502568 ], [ -0.424816516071809, 51.614210161552066 ], [ -0.424812971598711, 51.614168415794218 ], [ -0.42480281018096, 51.614048526394214 ], [ -0.424802184484334, 51.614041153145287 ], [ -0.424800911689015, 51.614026190540415 ], [ -0.424791732197876, 51.613917986572623 ], [ -0.424778070084716, 51.613827446814923 ], [ -0.424766251541321, 51.613749152573519 ], [ -0.424765216758093, 51.613742331381367 ], [ -0.42476450016932, 51.613737582729073 ], [ -0.424747747324978, 51.61362660655152 ], [ -0.424734389442195, 51.613538130149372 ], [ -0.424732101008633, 51.613522884165675 ], [ -0.424723394825467, 51.613465242447468 ], [ -0.424721629037205, 51.613453672409364 ], [ -0.424716272452563, 51.613418170160465 ], [ -0.424706709799511, 51.613354815716029 ], [ -0.424698229097569, 51.613298588840763 ], [ -0.424688347058802, 51.613233197808981 ], [ -0.424686797874542, 51.613222880630957 ], [ -0.424675954030538, 51.613151065053465 ], [ -0.42467164265882, 51.613122501037907 ], [ -0.424662502397879, 51.613061966904425 ], [ -0.424661297083898, 51.613057985062198 ], [ -0.424644317801894, 51.613001932119566 ], [ -0.424629684777456, 51.612953617185035 ], [ -0.424646128316227, 51.612851664464053 ], [ -0.424651506772541, 51.612850252734312 ], [ -0.424671372453018, 51.612845069334917 ], [ -0.425591975075931, 51.612877071090175 ], [ -0.42561187539969, 51.612895502350291 ], [ -0.42563201338343, 51.612914161601488 ], [ -0.425643712577514, 51.612909358819344 ], [ -0.425762829104772, 51.612860451120561 ], [ -0.42595597100207, 51.61276030087253 ], [ -0.425959868226827, 51.612758284745532 ], [ -0.426030697239926, 51.612767065050853 ], [ -0.426056187586936, 51.612775886095385 ], [ -0.426323436812789, 51.612868380000172 ], [ -0.426341262842802, 51.612874553559756 ], [ -0.426462019810826, 51.612901779802193 ], [ -0.426496562108237, 51.612906962975394 ], [ -0.426498964386876, 51.612920187145363 ], [ -0.426501354095955, 51.612933357191984 ], [ -0.426505831994508, 51.612957975679386 ], [ -0.426507154336482, 51.61296525932876 ], [ -0.426513580287123, 51.613000784830497 ], [ -0.42651982128163, 51.613034976964109 ], [ -0.426521178853096, 51.613042494890273 ], [ -0.42652552222297, 51.613066410160485 ], [ -0.426531723345047, 51.6131005028424 ], [ -0.426534172195662, 51.613114051365635 ], [ -0.426561836898881, 51.613266278201998 ], [ -0.426567890640364, 51.613299622531258 ], [ -0.426587387785766, 51.613406966325279 ], [ -0.42659480793046, 51.613447783734401 ], [ -0.426618727263011, 51.613579484479978 ], [ -0.426622583739876, 51.613600776409541 ], [ -0.426627312660733, 51.613630667870012 ], [ -0.426637061792107, 51.613692469012378 ], [ -0.426638104009674, 51.613699083466528 ], [ -0.426652343443227, 51.613789325079296 ], [ -0.426654689530816, 51.613804176141741 ], [ -0.426687867764316, 51.614014577402521 ], [ -0.426690320175948, 51.614030113318378 ], [ -0.42669082996429, 51.61403333046858 ], [ -0.426693672981957, 51.614051353545896 ], [ -0.426720059529592, 51.614123646694651 ], [ -0.426755397911176, 51.614122545696873 ], [ -0.426764969802609, 51.614122251082136 ], [ -0.427124916622636, 51.61411107646353 ], [ -0.42723673368222, 51.614107481960332 ], [ -0.427297319716139, 51.614105540385573 ], [ -0.427568996142189, 51.614006149878804 ], [ -0.427625579814005, 51.613972703254312 ], [ -0.427620089602674, 51.613966901617232 ], [ -0.427409062309382, 51.61374359249988 ], [ -0.427409069770605, 51.61373878159727 ], [ -0.427410239631814, 51.613357388153439 ], [ -0.427415534496463, 51.613352962681809 ], [ -0.427519035787355, 51.613266489442573 ], [ -0.4275372325271, 51.613262784994696 ], [ -0.427571356781124, 51.613255840342973 ], [ -0.427577073598888, 51.613254666807308 ], [ -0.427779273284892, 51.613240679621292 ], [ -0.427924453617506, 51.61288978917738 ], [ -0.427937204608948, 51.612858935364912 ], [ -0.427967699207854, 51.612785244467666 ], [ -0.428001630393681, 51.612703218447997 ], [ -0.428002812230414, 51.612700365625059 ], [ -0.427984747888487, 51.612695232262503 ], [ -0.427933230737674, 51.612695182204298 ], [ -0.427835655930442, 51.612695083051939 ], [ -0.427673970045083, 51.612694918176921 ], [ -0.427592224200408, 51.612694841570807 ], [ -0.427543191379455, 51.612694788582083 ], [ -0.427528084249184, 51.612694775463609 ], [ -0.427434637885835, 51.612665082800106 ], [ -0.42726245728945, 51.612663509104983 ], [ -0.42724935857245, 51.612654701134744 ], [ -0.427240824049231, 51.612647977510512 ], [ -0.426983533451067, 51.612524351839767 ], [ -0.426987633159229, 51.612450910739241 ], [ -0.426995481724098, 51.612444891787831 ], [ -0.427428247504682, 51.612113422563709 ], [ -0.427496685037343, 51.612061011793955 ], [ -0.427511034877283, 51.612036968760279 ], [ -0.427513319505746, 51.612033132514014 ], [ -0.427566873908453, 51.612027706542577 ], [ -0.427600746110093, 51.612024265575045 ], [ -0.427613605658405, 51.612027872623877 ], [ -0.427776023440013, 51.612013479402641 ], [ -0.427862889864748, 51.612005773807788 ], [ -0.427862816888339, 51.61199994567135 ], [ -0.427876776357556, 51.611998891275718 ], [ -0.42804531566965, 51.611987484081318 ], [ -0.428063469424281, 51.611986260901816 ], [ -0.428209743189939, 51.611976363415216 ], [ -0.428266459880695, 51.611974297621849 ], [ -0.42834051519334, 51.611971609179193 ], [ -0.428414498316674, 51.611968919725058 ], [ -0.428431967488716, 51.611968280848913 ], [ -0.42840595921603, 51.611675568045605 ], [ -0.428427371169206, 51.611665314869299 ], [ -0.428525529058238, 51.611618372313032 ], [ -0.428536072336203, 51.611612519641007 ], [ -0.428537820077191, 51.611608752635817 ], [ -0.428573292750465, 51.611543922725815 ], [ -0.428614113741528, 51.6114693443985 ], [ -0.428634308957732, 51.611445810933958 ], [ -0.428639696311341, 51.611439534169975 ], [ -0.42866332266267, 51.611411999892681 ], [ -0.428697074308074, 51.611380257468362 ], [ -0.428707693525573, 51.611384329058438 ], [ -0.428712069523574, 51.611386006169354 ], [ -0.428883017202506, 51.611493174016317 ], [ -0.428944241351943, 51.611558166991848 ], [ -0.429029402697489, 51.611813073821907 ], [ -0.428994839611023, 51.611954451520184 ], [ -0.429044209415294, 51.611953087561439 ], [ -0.429203277356611, 51.611948683281454 ], [ -0.429280461694494, 51.611946557595331 ], [ -0.42942411846917, 51.611942585693384 ], [ -0.429429698948953, 51.611942426398493 ], [ -0.429959451843272, 51.611927785113615 ], [ -0.429964213444597, 51.611940470602889 ], [ -0.430012233731925, 51.612076539247411 ], [ -0.430014500521138, 51.612139328461488 ], [ -0.430165882708474, 51.612236274186515 ], [ -0.430248729299236, 51.612554304052075 ], [ -0.430262610763512, 51.612572672229113 ], [ -0.430416444500735, 51.61261369877964 ], [ -0.430555752287803, 51.612650853367079 ], [ -0.430561964818657, 51.612651215028876 ], [ -0.431129444218222, 51.612684513121593 ], [ -0.43114057187079, 51.612685165124596 ], [ -0.43117192237753, 51.612687004093715 ], [ -0.431357617969161, 51.613070225208574 ], [ -0.431362432120044, 51.613080145244616 ], [ -0.431768129213975, 51.613416148153057 ], [ -0.431783983015016, 51.613429281825148 ], [ -0.431810475192926, 51.613442602296182 ], [ -0.431816846617668, 51.613440034441574 ], [ -0.432265220049342, 51.613259667886169 ], [ -0.432462260945694, 51.613332462910577 ], [ -0.432475244936386, 51.613335414647011 ], [ -0.432502603067282, 51.61334163339604 ], [ -0.432522461686094, 51.613343759502719 ], [ -0.432715218741009, 51.613364430139121 ], [ -0.432856430654531, 51.613379557722375 ], [ -0.432861495988085, 51.613380101816702 ], [ -0.432887105115617, 51.613376720103012 ], [ -0.432895655776755, 51.61337210394251 ], [ -0.433190307988031, 51.613212994264536 ], [ -0.433354094380204, 51.613124548906214 ], [ -0.433569793780319, 51.613057783295602 ], [ -0.433576078999612, 51.613057714124999 ], [ -0.433609407803938, 51.613065028288723 ], [ -0.433712375758705, 51.613087630914407 ], [ -0.433853449049227, 51.613217720834491 ], [ -0.434133782939344, 51.613179669238342 ], [ -0.434175408849063, 51.613168335216933 ], [ -0.434258864576886, 51.613145615887134 ], [ -0.434264802411692, 51.613143051115678 ], [ -0.434318757770635, 51.613119696242002 ], [ -0.434326132672159, 51.613116503131614 ], [ -0.434531950200595, 51.612974651151085 ], [ -0.434556962144977, 51.612983994587395 ], [ -0.434615869680354, 51.613006010018871 ], [ -0.434627809745061, 51.61300865986324 ], [ -0.434658884814567, 51.61301557504347 ], [ -0.434678122931873, 51.613017683534032 ], [ -0.434844691084593, 51.613035915862589 ], [ -0.435002884956912, 51.613095195910724 ], [ -0.435117016799349, 51.613011195530767 ], [ -0.435192045529393, 51.613004841661343 ], [ -0.43517946868846, 51.613025488480886 ], [ -0.435116439683968, 51.613117812665884 ], [ -0.435051601220169, 51.613212765562089 ], [ -0.435046232005146, 51.613220634541662 ], [ -0.435041965267514, 51.613226895035297 ], [ -0.435009548452639, 51.61327135899969 ], [ -0.434941229954352, 51.613365015588741 ], [ -0.434934484274657, 51.613374269087132 ], [ -0.434925010702554, 51.613387245172525 ], [ -0.4348895701654, 51.613435836933164 ], [ -0.434865999140961, 51.613468139316304 ], [ -0.434841305314786, 51.613502009448425 ], [ -0.434814171441186, 51.613539210323644 ], [ -0.434807239950222, 51.613546725795459 ], [ -0.434770944815894, 51.613586142814832 ], [ -0.434760089756349, 51.613597918005297 ], [ -0.434661310581341, 51.613705157189287 ], [ -0.434634138360859, 51.613734650877134 ], [ -0.434557216944692, 51.613802078517807 ], [ -0.434544275587878, 51.613813407763487 ], [ -0.434450838316345, 51.613895714019293 ], [ -0.434446139789867, 51.613908429911746 ], [ -0.434426270730243, 51.613927369061614 ], [ -0.43439604705132, 51.613943328728958 ], [ -0.434351159679828, 51.613982676190822 ], [ -0.434233497866838, 51.614044057831165 ], [ -0.434204005006945, 51.614061650331337 ], [ -0.434139769323682, 51.614099971262036 ], [ -0.434086033337094, 51.61413202024854 ], [ -0.433861685489928, 51.614243445481556 ], [ -0.433785404047423, 51.614281322540087 ], [ -0.433737880380514, 51.614304924637452 ], [ -0.433733354211235, 51.614307175451266 ], [ -0.433614826718864, 51.61436009189292 ], [ -0.433557323182086, 51.614385764178813 ], [ -0.433548279082025, 51.614389186794234 ], [ -0.433396347858352, 51.614446568050703 ], [ -0.433367942373717, 51.614455218221813 ], [ -0.433361902521076, 51.61445822221809 ], [ -0.433095385714611, 51.614548383331758 ], [ -0.433089452388905, 51.614550390558776 ], [ -0.433175456064855, 51.61456952141085 ], [ -0.433337963596168, 51.61461815070453 ], [ -0.433525309884593, 51.614739896361925 ], [ -0.433534682005607, 51.614740371896303 ], [ -0.433630721120098, 51.614745346912464 ], [ -0.4336364517329, 51.614742095985527 ], [ -0.433660273109228, 51.614728573685412 ], [ -0.433875137985004, 51.614606555308569 ], [ -0.433882822116316, 51.614610749242324 ], [ -0.434119425021313, 51.614739997698528 ], [ -0.434185106752096, 51.614749905173937 ], [ -0.434189406958192, 51.614753379596081 ], [ -0.434212778022921, 51.614772233395065 ], [ -0.434218346862353, 51.614774519702344 ], [ -0.434244332381016, 51.614785189101084 ], [ -0.434627887479264, 51.614803279874749 ], [ -0.434715532090542, 51.614775391368788 ], [ -0.434727258634507, 51.614775025863928 ], [ -0.434808385807165, 51.614772832227345 ], [ -0.434824807540614, 51.614787339947625 ], [ -0.434830330644127, 51.614792215476349 ], [ -0.434909495450764, 51.614951358202404 ], [ -0.434911009118518, 51.614954381859697 ], [ -0.435110707469468, 51.615069481882934 ], [ -0.43518274400769, 51.615000909790297 ], [ -0.435254686465983, 51.615027432716595 ], [ -0.435319668648536, 51.615051390049857 ], [ -0.435483294051888, 51.615111712419925 ], [ -0.435944291702829, 51.615281660466387 ], [ -0.435959210827096, 51.615287164443892 ], [ -0.435967198082508, 51.615290112291802 ], [ -0.435912222537025, 51.615349388557391 ], [ -0.435889077076508, 51.615374349848757 ], [ -0.435883646732279, 51.615380212721995 ], [ -0.435862930832339, 51.615404666763801 ], [ -0.43583202131473, 51.615441188142199 ], [ -0.435802097640552, 51.615471301946108 ], [ -0.435782572400183, 51.615490951807161 ], [ -0.43565368858897, 51.615620708955298 ], [ -0.435640955571393, 51.615633533858215 ], [ -0.435637843444389, 51.615636666841176 ], [ -0.435550419811181, 51.615724665335115 ], [ -0.435539183662727, 51.615735963419866 ], [ -0.435433655119506, 51.615842191777709 ], [ -0.435338270655609, 51.615938204572295 ], [ -0.435359673890735, 51.615946690460213 ], [ -0.435845937644461, 51.616139464628894 ], [ -0.435832090949279, 51.616115369338864 ], [ -0.435994659024664, 51.615918840502857 ], [ -0.436004567713376, 51.615915060483765 ], [ -0.436262278109806, 51.615816825825497 ], [ -0.436280077425314, 51.615814184819556 ], [ -0.436504512284345, 51.615780937078 ], [ -0.43651008719471, 51.615780111920927 ], [ -0.436548346599006, 51.615779361467588 ], [ -0.436614394391903, 51.615682652282644 ], [ -0.436628460839331, 51.615643002300182 ], [ -0.436633600824121, 51.615637180501629 ], [ -0.436661970911543, 51.615606447871187 ], [ -0.436897961438902, 51.615666034573671 ], [ -0.436873716407613, 51.615708292038484 ], [ -0.436838425352438, 51.615769772631793 ], [ -0.436817069311056, 51.615806978709628 ], [ -0.436806616026279, 51.615825346432324 ], [ -0.437155663943081, 51.615956769840032 ], [ -0.437232951217635, 51.615985880248431 ], [ -0.437249563801186, 51.615992134921321 ], [ -0.437371741260189, 51.616038136005677 ], [ -0.437471431507138, 51.616075664061285 ], [ -0.437525860963943, 51.616096161549372 ], [ -0.437713134930219, 51.616166677128057 ], [ -0.437725726551898, 51.616171412543721 ], [ -0.43776290215171, 51.616185403995438 ], [ -0.43793554623978, 51.616250410305206 ], [ -0.437948708317392, 51.616255360095479 ], [ -0.438009769025733, 51.616278355365829 ], [ -0.438164517649556, 51.616336622092803 ], [ -0.438206955310808, 51.616352598644582 ], [ -0.438301442018618, 51.61638816837597 ], [ -0.438421853308265, 51.616433506279449 ], [ -0.438461973950823, 51.616450081444455 ], [ -0.438498120796347, 51.616465021169105 ], [ -0.438635388606101, 51.616521733254281 ], [ -0.43874459902935, 51.616566859169993 ], [ -0.438773369095749, 51.616578733375739 ], [ -0.438838385467769, 51.616605602449532 ], [ -0.438776683481831, 51.616664385951893 ], [ -0.438980695842396, 51.616650933526344 ], [ -0.439241961745622, 51.616722625849135 ], [ -0.439290271546078, 51.616735874191129 ], [ -0.43939235654069, 51.616763900088642 ], [ -0.439401715332727, 51.616766461194196 ], [ -0.439435075314774, 51.616786021726831 ], [ -0.439563560332606, 51.616861338411006 ], [ -0.439581868064201, 51.616872093442112 ], [ -0.439601201240529, 51.616873168170088 ], [ -0.439639377687099, 51.616874861494686 ], [ -0.439696294837973, 51.616879321240752 ], [ -0.439716749028173, 51.616882245282667 ], [ -0.439780426253683, 51.616891335840222 ], [ -0.439925110905163, 51.616887292418859 ], [ -0.439949464741734, 51.616888964217978 ], [ -0.439973530438456, 51.616890614206355 ], [ -0.440016205383266, 51.616895073789941 ], [ -0.440047650099723, 51.616899312518264 ], [ -0.44005370349492, 51.61690012116987 ], [ -0.440079170085516, 51.616898408538134 ], [ -0.440111736074051, 51.616897329575806 ], [ -0.440128014085538, 51.616897356551341 ], [ -0.440165756097071, 51.616897398318372 ], [ -0.440186078884783, 51.616897415963386 ], [ -0.440243567772073, 51.616899526988632 ], [ -0.440266203824083, 51.61690116695511 ], [ -0.440277903685187, 51.616902014479763 ], [ -0.440402586499456, 51.616914921396486 ], [ -0.440471676158255, 51.616908764634069 ], [ -0.44047600753671, 51.616908822047272 ], [ -0.440557495206129, 51.616909902151008 ], [ -0.440561638891797, 51.616909957073261 ], [ -0.440649770110402, 51.616917383927266 ], [ -0.440706588560212, 51.616924305799031 ], [ -0.440790967820294, 51.616934578391778 ], [ -0.440800653761954, 51.616933919912746 ], [ -0.440807376010188, 51.616935443296505 ], [ -0.441184094293013, 51.617029685235067 ], [ -0.441340954983063, 51.617027357056074 ], [ -0.441385672388372, 51.617027018724656 ], [ -0.441444459071219, 51.617041425534836 ], [ -0.44146064059058, 51.617045956263475 ], [ -0.441467340704271, 51.617048126769888 ], [ -0.441501102178594, 51.617050943496359 ], [ -0.441521459314442, 51.617052490076844 ], [ -0.441561488908816, 51.617056806124097 ], [ -0.441601969947912, 51.617062701815982 ], [ -0.441673866724905, 51.617075798392825 ], [ -0.441784734429627, 51.617101137202056 ], [ -0.4417930227823, 51.617102906076795 ], [ -0.441844709714532, 51.617104044703105 ], [ -0.442108581855614, 51.61710997584715 ], [ -0.442113720246216, 51.617110088845955 ], [ -0.442184330199122, 51.617126391844721 ], [ -0.442331168105894, 51.617160295050567 ], [ -0.442425634181714, 51.617135026928615 ], [ -0.44250467913743, 51.617142493908247 ], [ -0.442545065752544, 51.617146301763015 ], [ -0.442554301890096, 51.617147179386755 ], [ -0.442700832815001, 51.617189423300211 ], [ -0.442729880703432, 51.61719786507571 ], [ -0.442856763377869, 51.617636167607721 ], [ -0.442884350092222, 51.617637090232343 ], [ -0.442963200573657, 51.617639716403787 ], [ -0.443127538207583, 51.617645200284251 ], [ -0.443098241171817, 51.617657950704874 ], [ -0.44304561167257, 51.617681583570253 ], [ -0.443180150100177, 51.617972109338353 ], [ -0.443184547733435, 51.617981627663198 ], [ -0.442928043000677, 51.618223189919924 ], [ -0.442919400681837, 51.618231330691856 ], [ -0.442911876293566, 51.618233820965266 ], [ -0.4429063244726, 51.618235653910382 ], [ -0.442884163503452, 51.61823403873651 ], [ -0.442877916410586, 51.618232130580338 ], [ -0.442652802381891, 51.618163505775001 ], [ -0.442636533757125, 51.618158551382649 ], [ -0.442225999255847, 51.618149169119974 ], [ -0.442140728093463, 51.618166546770652 ], [ -0.442028560530322, 51.618189404376821 ], [ -0.441875998484609, 51.618243227799937 ], [ -0.441865675662183, 51.618246867963386 ], [ -0.44224556224685, 51.61868525248785 ], [ -0.442490695390231, 51.619605775846345 ], [ -0.442385084303033, 51.619619728109363 ], [ -0.442026482266288, 51.619676120763756 ], [ -0.441804871479251, 51.619728948980452 ], [ -0.441321805574553, 51.619877240543104 ], [ -0.441295024462269, 51.619883962906606 ], [ -0.441184007164381, 51.619911897818739 ], [ -0.441171825646369, 51.619914964760575 ], [ -0.440984324199497, 51.619962146395054 ], [ -0.440962709078529, 51.61996860440653 ], [ -0.440954448529557, 51.619971066822252 ], [ -0.440863009453765, 51.619998433526327 ], [ -0.440858762430093, 51.619999699154015 ], [ -0.440788326434643, 51.620020761564568 ], [ -0.440764478065534, 51.620027891365325 ], [ -0.440686058211408, 51.620051347844544 ], [ -0.44063644426881, 51.620061274570332 ], [ -0.440626059052708, 51.620063349105649 ], [ -0.440504228082075, 51.620087713927667 ], [ -0.440268594166198, 51.620087261532746 ], [ -0.440253255595223, 51.620085502504885 ], [ -0.440143596625694, 51.62007296107361 ], [ -0.440069136089506, 51.620062468858599 ], [ -0.439824621383177, 51.620028031944749 ], [ -0.439808146548314, 51.620025709247344 ], [ -0.43947790155016, 51.619979181934539 ], [ -0.439463180585711, 51.619977107261555 ], [ -0.439381668633021, 51.619965630824872 ], [ -0.439336219797589, 51.619961520939093 ], [ -0.439149901530119, 51.619944706483189 ], [ -0.43889881278621, 51.619941276612167 ], [ -0.438683185356043, 51.619938334727976 ], [ -0.438441510850117, 51.619935028793691 ], [ -0.438291471374644, 51.61992309177036 ], [ -0.438282554395625, 51.619922370920918 ], [ -0.438269475114788, 51.619919184825498 ], [ -0.438173350013074, 51.619895778319936 ], [ -0.438153588248268, 51.619887377763128 ], [ -0.438098602405629, 51.61986401366611 ], [ -0.437927383780253, 51.619780655026098 ], [ -0.437909027380006, 51.619771715545305 ], [ -0.437857299671052, 51.61975065171206 ], [ -0.437817595334371, 51.619734495546247 ], [ -0.437799502593851, 51.619727133243167 ], [ -0.437038780646194, 51.61955182891068 ], [ -0.436766777071528, 51.619489152478195 ], [ -0.436751929476632, 51.619485726894965 ], [ -0.43673504958945, 51.619481330091737 ], [ -0.436657466175636, 51.619461091227897 ], [ -0.436304082020588, 51.619368915956052 ], [ -0.436278722691564, 51.619361582737021 ], [ -0.436180717048363, 51.619333275601342 ], [ -0.436154772009166, 51.619288786343063 ], [ -0.436101421221429, 51.619197342416932 ], [ -0.435779455544426, 51.619148090885624 ], [ -0.435523338211137, 51.619101170805315 ], [ -0.435509859223976, 51.619098698483484 ], [ -0.435503215900878, 51.619097396156548 ], [ -0.435161046445021, 51.619029565420313 ], [ -0.434982992828563, 51.618990597583895 ], [ -0.434975981867414, 51.618989065522719 ], [ -0.434906030796966, 51.618973755988577 ], [ -0.434761582419298, 51.618936717624848 ], [ -0.434716100239578, 51.618922281682813 ], [ -0.434706026232537, 51.618919090121295 ], [ -0.434701896488249, 51.618917785185836 ], [ -0.434354785452847, 51.61880765469818 ], [ -0.434228097670883, 51.61877587885639 ], [ -0.433828830866, 51.618695434637743 ], [ -0.433778456189629, 51.618682564431936 ], [ -0.433740796551095, 51.618672953397109 ], [ -0.43373223415561, 51.618670753082888 ], [ -0.433723083807493, 51.618668428033942 ], [ -0.433695064057062, 51.618658252952258 ], [ -0.433682865893777, 51.618653828011105 ], [ -0.433670924529756, 51.618649496414648 ], [ -0.433647940906851, 51.618641150940832 ], [ -0.433576407377065, 51.618615189828915 ], [ -0.433564933242906, 51.618609875265044 ], [ -0.43329471671646, 51.618484696283936 ], [ -0.433194949300677, 51.618445571388413 ], [ -0.433104636635187, 51.618419224906383 ], [ -0.433100088889946, 51.618417896361564 ], [ -0.433077850246954, 51.618411413171664 ], [ -0.432926418927664, 51.618380511266729 ], [ -0.432918715999371, 51.618378942833814 ], [ -0.432838171310436, 51.618365927379401 ], [ -0.432730175255227, 51.618348472394295 ], [ -0.432593649947689, 51.618331869040546 ], [ -0.432281746348333, 51.61829394439296 ], [ -0.432228969102464, 51.618287521538342 ], [ -0.432187181248011, 51.618282450172394 ], [ -0.43195790378855, 51.618254573799554 ], [ -0.431687118372559, 51.618211845286254 ], [ -0.431484719440256, 51.618179902124119 ] ] ] } },
{ "type": "Feature", "properties": { "lsoa21cd": "E01002538", "lsoa21nm": "Hillingdon 005C", "msoa21cd": "E02000498", "msoa21nm": "Hillingdon 005", "lad22cd": "E09000017", "lad22nm": "Hillingdon", "index_right": 137, "GSS_CODE": "E05000335", "risk_score": 0.0011736843146450239, "allocation_hours": 0.026404551798238803, "patrol_units": 0 }, "geometry": { "type": "Polygon", "coordinates": [ [ [ -0.43459430964717, 51.594698822011054 ], [ -0.433677297673884, 51.59419881192747 ], [ -0.432420932212968, 51.594255639026436 ], [ -0.432315997696317, 51.594260381343183 ], [ -0.431996855855714, 51.59427481064445 ], [ -0.431906077026979, 51.594278923126012 ], [ -0.430361494118127, 51.594348761805115 ], [ -0.429796033194931, 51.594380856998178 ], [ -0.429786008567264, 51.594381424492184 ], [ -0.427442547103076, 51.59451479851959 ], [ -0.427434006384121, 51.594514911764406 ], [ -0.426200710489585, 51.594562081027178 ], [ -0.425626977536491, 51.59458380229686 ], [ -0.425633454250138, 51.594534458110559 ], [ -0.425636138787101, 51.594514027111522 ], [ -0.425628969885047, 51.594434527210268 ], [ -0.425626027029796, 51.594401898929377 ], [ -0.425607583780022, 51.594362021889069 ], [ -0.425535456238459, 51.594260137263255 ], [ -0.42553320920432, 51.594250804408453 ], [ -0.425527074114629, 51.594224068416835 ], [ -0.425532190428395, 51.594209299305859 ], [ -0.425551103994718, 51.594155013070051 ], [ -0.425728138244046, 51.593954072697279 ], [ -0.425759069171127, 51.59392633143441 ], [ -0.425835220724962, 51.593857992144983 ], [ -0.425920240335268, 51.593799978083773 ], [ -0.426011857595493, 51.593746971230217 ], [ -0.426109056806039, 51.593702042397211 ], [ -0.426224179968679, 51.593656472236042 ], [ -0.426248084752908, 51.593646954523201 ], [ -0.426616104700019, 51.593534044007086 ], [ -0.427271137435484, 51.592817080738442 ], [ -0.427590726538949, 51.592407001034843 ], [ -0.427758897175702, 51.592162101429103 ], [ -0.427801825718174, 51.591977063890695 ], [ -0.427988885080729, 51.591250203002325 ], [ -0.428224306913937, 51.590338264972203 ], [ -0.428346656872503, 51.5898642631333 ], [ -0.428566911538837, 51.588937945878051 ], [ -0.428568751664166, 51.588930219061965 ], [ -0.428637413406567, 51.588641394085258 ], [ -0.429033219428641, 51.588435097581097 ], [ -0.42916785384415, 51.588364923161315 ], [ -0.429247452396546, 51.588323435705284 ], [ -0.429755347404712, 51.588207426647486 ], [ -0.43007303625798, 51.58816816811968 ], [ -0.430127602879831, 51.588161433764064 ], [ -0.430548596536526, 51.58810941866021 ], [ -0.430679353084671, 51.588112298741258 ], [ -0.430783266010831, 51.588114586257369 ], [ -0.4311332440483, 51.588122282725543 ], [ -0.431662258251112, 51.588191313538637 ], [ -0.432081359328913, 51.58826926988003 ], [ -0.432920087263327, 51.58823929558757 ], [ -0.433313194737617, 51.588168239662636 ], [ -0.433678005352926, 51.588135867756172 ], [ -0.433706066719758, 51.588133373400659 ], [ -0.433843042243438, 51.588121225792484 ], [ -0.434013005958672, 51.588544295568809 ], [ -0.434308093072311, 51.588422579733532 ], [ -0.434313452489349, 51.588420367125686 ], [ -0.435264666935522, 51.588028027107846 ], [ -0.435341848192104, 51.587996198779457 ], [ -0.435676018875188, 51.587946279201958 ], [ -0.436032139476857, 51.587791423623294 ], [ -0.436045416013255, 51.587785647738947 ], [ -0.436048771681011, 51.5877841907663 ], [ -0.435848757131448, 51.587489202736812 ], [ -0.435682240918735, 51.587243606046165 ], [ -0.435666567726598, 51.587219056712172 ], [ -0.43560269216932, 51.587126301895118 ], [ -0.435371288811192, 51.586762373056615 ], [ -0.435335642215972, 51.586706280275934 ], [ -0.435302743448326, 51.586650457935448 ], [ -0.435290835710676, 51.586630264276955 ], [ -0.43528187430388, 51.586615064670177 ], [ -0.435272326154328, 51.586598877076284 ], [ -0.435264115072246, 51.586584946397146 ], [ -0.435249957050822, 51.586560927970119 ], [ -0.435248334294899, 51.586558163675022 ], [ -0.435237749852752, 51.586540208757633 ], [ -0.435209638257003, 51.586492525320303 ], [ -0.435205109706431, 51.586484848440492 ], [ -0.435144536169161, 51.586382085794277 ], [ -0.435102908573582, 51.586311453536425 ], [ -0.435048899558837, 51.586238623817437 ], [ -0.434895976828084, 51.586032458503659 ], [ -0.434882090399002, 51.586021338668722 ], [ -0.434756018223341, 51.585920338433446 ], [ -0.434753307455064, 51.585918153142835 ], [ -0.434719943688573, 51.58589143294116 ], [ -0.43464742310117, 51.585836035887482 ], [ -0.434641360978902, 51.585831404976076 ], [ -0.434557377495759, 51.585767249418069 ], [ -0.434517502868285, 51.585736782478406 ], [ -0.434495786634974, 51.585720180937308 ], [ -0.43448053979173, 51.58570853946604 ], [ -0.434473802776069, 51.585703386984711 ], [ -0.434324954014548, 51.585598211298404 ], [ -0.434304118829292, 51.585583487360978 ], [ -0.434285827165945, 51.585570564320882 ], [ -0.434197568724863, 51.58550818585654 ], [ -0.434193721397067, 51.585505472832139 ], [ -0.434177398947807, 51.585490273999866 ], [ -0.434143691561551, 51.585458873004136 ], [ -0.434042276283464, 51.585364387266473 ], [ -0.434031884340858, 51.585354707841155 ], [ -0.43397605121007, 51.585302680098529 ], [ -0.433973156144792, 51.585299979764741 ], [ -0.433965127421492, 51.585292516979671 ], [ -0.433959812270968, 51.585286735977007 ], [ -0.433949001830718, 51.585274955752737 ], [ -0.433922051398725, 51.585245614102725 ], [ -0.433913216158857, 51.585236000386821 ], [ -0.433833826238007, 51.585149559528404 ], [ -0.433720555929499, 51.584966260097708 ], [ -0.433715865964609, 51.584958670971716 ], [ -0.433710670615961, 51.5849502478112 ], [ -0.433696464187266, 51.58492725380119 ], [ -0.433657796952739, 51.584864655062688 ], [ -0.433536682641589, 51.584760059324893 ], [ -0.43348675140557, 51.584716931448142 ], [ -0.433468486194078, 51.584701158024842 ], [ -0.433458953691903, 51.584692937756742 ], [ -0.433386720729527, 51.584630538479679 ], [ -0.433371315328894, 51.584617231119729 ], [ -0.433363605572838, 51.584610572848412 ], [ -0.433320080681873, 51.584572979700923 ], [ -0.433270976660285, 51.584530573131588 ], [ -0.433170678610964, 51.584457431024745 ], [ -0.43312239542978, 51.58442222019022 ], [ -0.433137678181886, 51.584412235850351 ], [ -0.433151617417703, 51.584403123818717 ], [ -0.433160090271191, 51.584408996472732 ], [ -0.433330218862534, 51.584320206087696 ], [ -0.433469334551537, 51.584247174379954 ], [ -0.433512447993452, 51.584224540472704 ], [ -0.433576751439192, 51.584207755516722 ], [ -0.433587631326936, 51.584204915229435 ], [ -0.433580917924363, 51.584198665924298 ], [ -0.433879957504903, 51.58408250913098 ], [ -0.433889906997174, 51.584080699515788 ], [ -0.434171978812994, 51.584029384058709 ], [ -0.434178169712794, 51.584025222261118 ], [ -0.434197688619791, 51.584012084056191 ], [ -0.434211805015776, 51.584005366238664 ], [ -0.434289035900391, 51.583968565627977 ], [ -0.434294604217194, 51.583963199546353 ], [ -0.434301117972094, 51.58395720312361 ], [ -0.434366456374028, 51.583917847420935 ], [ -0.43437752918006, 51.583906871609017 ], [ -0.434466248040142, 51.583818869161462 ], [ -0.434476779341411, 51.583811887740488 ], [ -0.434485390611897, 51.583806175598198 ], [ -0.434544855557994, 51.583773913062615 ], [ -0.434579728519018, 51.583760871722923 ], [ -0.434668116832908, 51.583727825807969 ], [ -0.434678352114458, 51.583723996701323 ], [ -0.434774481940698, 51.58367609984019 ], [ -0.434778094352444, 51.583674304593963 ], [ -0.434791769116783, 51.583669091569746 ], [ -0.434804720443738, 51.58366056874705 ], [ -0.434847459240406, 51.583632417338684 ], [ -0.434853608228868, 51.583626951105828 ], [ -0.434858227095767, 51.583624009276811 ], [ -0.434861237571839, 51.583622089104324 ], [ -0.43495439516058, 51.583562796101432 ], [ -0.434960784775234, 51.583558726945057 ], [ -0.434991826947992, 51.583544582707596 ], [ -0.435030319225071, 51.583511465327895 ], [ -0.435034081993341, 51.583508233365826 ], [ -0.435227961767233, 51.583392509175582 ], [ -0.435248424213249, 51.58338381689979 ], [ -0.435298535483623, 51.583362458922593 ], [ -0.435321489608983, 51.583349299258657 ], [ -0.435332236516569, 51.583340234571139 ], [ -0.435346862802668, 51.583327903497292 ], [ -0.435367603965891, 51.583317398486905 ], [ -0.435460984988373, 51.583270050072059 ], [ -0.435468035918012, 51.583266475290571 ], [ -0.435621372032522, 51.583212040275448 ], [ -0.435634370791268, 51.583210532098242 ], [ -0.435828109038881, 51.583187119357561 ], [ -0.435871406769333, 51.583099357015129 ], [ -0.435886205539661, 51.583069385404272 ], [ -0.435888873946506, 51.583055986584782 ], [ -0.435863965154091, 51.582993670917837 ], [ -0.43586126702571, 51.582986917734885 ], [ -0.435731573688104, 51.582838353866137 ], [ -0.435729559875403, 51.582836051972137 ], [ -0.435596103049969, 51.582758854112797 ], [ -0.435607973245398, 51.582754480346971 ], [ -0.436048762097573, 51.58259206891821 ], [ -0.436098767166386, 51.582619172857868 ], [ -0.436101997856168, 51.582620924459832 ], [ -0.436121948582298, 51.582631747360537 ], [ -0.436129492034749, 51.582628116161317 ], [ -0.436141614727081, 51.582622270981503 ], [ -0.43615906476695, 51.582613862104793 ], [ -0.436335634167698, 51.582528775664684 ], [ -0.436511439458278, 51.582444065442722 ], [ -0.436532030062981, 51.582434142718078 ], [ -0.436627843947828, 51.582440302657503 ], [ -0.436718105441053, 51.582539071508393 ], [ -0.436843043065589, 51.582613672690329 ], [ -0.436846126431135, 51.582615512230568 ], [ -0.436864362670954, 51.582620781928462 ], [ -0.436898809684942, 51.582626834173006 ], [ -0.436997316072828, 51.582644135102505 ], [ -0.437006555770998, 51.58264575094114 ], [ -0.437030766463867, 51.582709522791397 ], [ -0.437034221942831, 51.582718606035989 ], [ -0.437220471487743, 51.582838508403356 ], [ -0.437224792691241, 51.582841290626682 ], [ -0.437383787373031, 51.582872988920549 ], [ -0.437464789220209, 51.582941127649278 ], [ -0.437469929148194, 51.582943606042086 ], [ -0.43752031731068, 51.582967571682744 ], [ -0.43758259190515, 51.582973432408892 ], [ -0.437737963129725, 51.583049148399709 ], [ -0.437742406643221, 51.583051311768394 ], [ -0.437763614071718, 51.583129880641039 ], [ -0.437877862601707, 51.583219337367005 ], [ -0.437887875044016, 51.583223256446679 ], [ -0.438014688508594, 51.583272936869939 ], [ -0.43802693705113, 51.58327773098614 ], [ -0.438159759025154, 51.583286046056323 ], [ -0.438220657399542, 51.583150408790644 ], [ -0.438225640331978, 51.583145259644283 ], [ -0.438274694807752, 51.583095106687423 ], [ -0.43831670178787, 51.583074745567906 ], [ -0.438245786550847, 51.582893178809869 ], [ -0.438252264584388, 51.582890729256071 ], [ -0.438415979652546, 51.582828965258621 ], [ -0.438417617310424, 51.582826244430436 ], [ -0.438442431417854, 51.582785318424108 ], [ -0.438455763238854, 51.582782087860771 ], [ -0.438641926905925, 51.582737015262524 ], [ -0.438651660963541, 51.582733053374135 ], [ -0.438652805633154, 51.582727871100076 ], [ -0.438655149342936, 51.582717183555275 ], [ -0.438665235568331, 51.582705052412386 ], [ -0.438674914702579, 51.582693428406969 ], [ -0.438683058520279, 51.582683645355928 ], [ -0.438892760116323, 51.582525349733181 ], [ -0.438908226649028, 51.582525105976828 ], [ -0.438947419867462, 51.582524494597259 ], [ -0.438973962556377, 51.582524083519687 ], [ -0.438976287729564, 51.58252151570985 ], [ -0.439066147162401, 51.582422196424432 ], [ -0.439081103389824, 51.582414940903419 ], [ -0.439242126726117, 51.582336872993402 ], [ -0.439250919382285, 51.58233974161935 ], [ -0.439391674781609, 51.58238562252896 ], [ -0.439403222088913, 51.582389606863565 ], [ -0.439409239718465, 51.582392798243795 ], [ -0.439428517103017, 51.582397595813973 ], [ -0.43943561551804, 51.582399362815494 ], [ -0.439525540884721, 51.582440282448331 ], [ -0.439600533793078, 51.582452376577479 ], [ -0.439642250245665, 51.5824667975807 ], [ -0.439745224394972, 51.58247272200942 ], [ -0.439757716053815, 51.582477159490452 ], [ -0.439846043269847, 51.582508494374501 ], [ -0.439851157671873, 51.582509191860808 ], [ -0.439886872853059, 51.582514046142975 ], [ -0.439958607577413, 51.582544580238803 ], [ -0.440056273891822, 51.582568948802731 ], [ -0.440260529719174, 51.582566170945888 ], [ -0.440266341428414, 51.582564629628671 ], [ -0.440559927521987, 51.582487171672284 ], [ -0.440575664420117, 51.582487461832564 ], [ -0.440670793036262, 51.58248920316008 ], [ -0.440710885729585, 51.582482974012414 ], [ -0.44071570742852, 51.582478308199242 ], [ -0.440729514664326, 51.582464976430245 ], [ -0.440733866768883, 51.582459692901693 ], [ -0.440894500680384, 51.582264727537989 ], [ -0.440896525171953, 51.582250699589864 ], [ -0.440897859903428, 51.58224122153473 ], [ -0.440901538516308, 51.582215552648876 ], [ -0.440905521262933, 51.582210938621678 ], [ -0.440935351617124, 51.582176454273792 ], [ -0.441034897318026, 51.582050375487562 ], [ -0.441123053877223, 51.582034821644072 ], [ -0.441279395419042, 51.582016666929718 ], [ -0.4413213978423, 51.581972326899148 ], [ -0.441327421437631, 51.581967753467417 ], [ -0.441511808114666, 51.58202907130503 ], [ -0.441571555028113, 51.582047409023303 ], [ -0.441587403124426, 51.58204908533007 ], [ -0.441660867071114, 51.582068531458134 ], [ -0.44168845880941, 51.582075840048645 ], [ -0.441728223145628, 51.582086367713238 ], [ -0.441736186342852, 51.582079099879699 ], [ -0.441726056194404, 51.582094863559234 ], [ -0.441797946934962, 51.582118110397545 ], [ -0.441809795363861, 51.58212194562693 ], [ -0.441889751824001, 51.582147799401184 ], [ -0.441898245649258, 51.582150546959085 ], [ -0.442040856551743, 51.582196674131396 ], [ -0.442070763652179, 51.58220634237361 ], [ -0.442096331142354, 51.582214604132567 ], [ -0.442201455195997, 51.582248606226507 ], [ -0.442229320853204, 51.582257617857934 ], [ -0.4422358303001, 51.582259727564065 ], [ -0.442258885479721, 51.582267173596229 ], [ -0.442287379175725, 51.582276391383779 ], [ -0.442343282153876, 51.582294461839432 ], [ -0.442365594552398, 51.582301682172364 ], [ -0.442390476732972, 51.582309727944022 ], [ -0.442492418010205, 51.582342693864916 ], [ -0.44255772101686, 51.582363820507801 ], [ -0.442579869572693, 51.582370980174339 ], [ -0.442653959561154, 51.582394939092858 ], [ -0.442712213802649, 51.582412635939434 ], [ -0.442734169656849, 51.58241931193362 ], [ -0.4428108087737, 51.582442594210548 ], [ -0.442839664605382, 51.582451358066322 ], [ -0.44287991998116, 51.582464005028768 ], [ -0.442964886197818, 51.582490697900582 ], [ -0.442989519350288, 51.582498434501815 ], [ -0.443079883442434, 51.582526826538661 ], [ -0.443150884186937, 51.58254912553106 ], [ -0.443154853998284, 51.582550374190632 ], [ -0.443204191653752, 51.582565875230749 ], [ -0.443266138953597, 51.582585329340191 ], [ -0.44331803298787, 51.58260162860072 ], [ -0.443375653575087, 51.582619721354014 ], [ -0.443393974683063, 51.582625485730411 ], [ -0.443433245047251, 51.582637822684489 ], [ -0.443445183382243, 51.582641569017362 ], [ -0.443513056934591, 51.58266289109504 ], [ -0.443537190553067, 51.582670468082867 ], [ -0.443547772169478, 51.582673791751006 ], [ -0.443669581962772, 51.582712060434311 ], [ -0.443679977891149, 51.582715327673085 ], [ -0.443687318090425, 51.582717628165383 ], [ -0.443779082460858, 51.582746460871427 ], [ -0.443865535089388, 51.582773613423392 ], [ -0.444095033207208, 51.582845700351811 ], [ -0.444124878860731, 51.58285507949698 ], [ -0.444110451894763, 51.582854888120536 ], [ -0.444105455818693, 51.582862977796253 ], [ -0.444026838294215, 51.582990110091288 ], [ -0.443941867109531, 51.583127454142414 ], [ -0.443812305058165, 51.583083273919968 ], [ -0.443738825116118, 51.583059152989613 ], [ -0.443726191670541, 51.583057159941319 ], [ -0.443618735754085, 51.58304020453658 ], [ -0.443574661206416, 51.58303961968479 ], [ -0.443546643933348, 51.58303924789805 ], [ -0.443534929193189, 51.583039092442505 ], [ -0.443460918583523, 51.583038110288655 ], [ -0.443455455998824, 51.583036194389187 ], [ -0.443438298095736, 51.583030175693935 ], [ -0.44342059872785, 51.583023951981339 ], [ -0.443323955984007, 51.582990036589791 ], [ -0.443313587347863, 51.582986392008529 ], [ -0.443279814010883, 51.58297453262557 ], [ -0.443257321893306, 51.582966644660381 ], [ -0.443221694272481, 51.582954140185691 ], [ -0.443203937562986, 51.582947906686613 ], [ -0.443196265838479, 51.582945592771665 ], [ -0.443177692612117, 51.582940022848 ], [ -0.443119459309695, 51.582922533339136 ], [ -0.44306024042177, 51.582904742966861 ], [ -0.44297043330033, 51.582877770095308 ], [ -0.442949303203589, 51.582871419837637 ], [ -0.442892755866663, 51.582854438176668 ], [ -0.442834636970271, 51.582836986012396 ], [ -0.442776489879191, 51.582819515460173 ], [ -0.44267991140846, 51.582790501148857 ], [ -0.442597840247814, 51.582781705083079 ], [ -0.442576610928575, 51.582771927400657 ], [ -0.442569412812302, 51.582779614595864 ], [ -0.442555637469905, 51.582796881101558 ], [ -0.442494722216543, 51.582873881982088 ], [ -0.442463012829551, 51.582913952916655 ], [ -0.442417121885791, 51.58300237107467 ], [ -0.44239609108875, 51.583039126286856 ], [ -0.442391823744147, 51.583046578128517 ], [ -0.442370611329431, 51.583083578210633 ], [ -0.442341652796856, 51.583127192613617 ], [ -0.442280722553263, 51.583218958425682 ], [ -0.442271530331747, 51.583232828253792 ], [ -0.442264089430845, 51.583244023671625 ], [ -0.44226213810391, 51.583247059610173 ], [ -0.442262169721644, 51.583250355682054 ], [ -0.442429794205946, 51.583268309183183 ], [ -0.442438250285536, 51.583269212791691 ], [ -0.442608399896034, 51.58333637357056 ], [ -0.442620490690879, 51.583345584789292 ], [ -0.442631745648018, 51.583354546614636 ], [ -0.442636298033193, 51.583358176974826 ], [ -0.442650027008315, 51.583377521702573 ], [ -0.442652946350793, 51.583381633943915 ], [ -0.442603240578993, 51.583437247325399 ], [ -0.442575685428769, 51.583458390854773 ], [ -0.442564004910258, 51.583467362869165 ], [ -0.442544262617492, 51.583493025316976 ], [ -0.442534965817407, 51.583505099826745 ], [ -0.44252922794757, 51.583508912774562 ], [ -0.442494058296832, 51.58355097001234 ], [ -0.442491620903941, 51.583553869112784 ], [ -0.442487243789078, 51.583564952360135 ], [ -0.442485600451797, 51.583569111924447 ], [ -0.442470343040019, 51.583588557339247 ], [ -0.442409953524183, 51.583618068205674 ], [ -0.442394496442915, 51.58362562323336 ], [ -0.442353981196713, 51.583673310514278 ], [ -0.442348416602069, 51.583679863888051 ], [ -0.442300108064017, 51.583785344116379 ], [ -0.442268520005801, 51.583822687468157 ], [ -0.442265617818247, 51.583826092948136 ], [ -0.442211904037613, 51.583835540805651 ], [ -0.442123323635943, 51.583910241057112 ], [ -0.44211968201415, 51.583912476724677 ], [ -0.442105262870401, 51.583921331428215 ], [ -0.442092322597327, 51.583931680504783 ], [ -0.442059883172894, 51.583957614957512 ], [ -0.442050563976486, 51.583965062663268 ], [ -0.441987151682108, 51.583993463216125 ], [ -0.44196860875728, 51.584001768551914 ], [ -0.441958971037181, 51.584009666129262 ], [ -0.441955599675193, 51.584012017785312 ], [ -0.441931355006895, 51.584029194682962 ], [ -0.441914269317212, 51.584041314105029 ], [ -0.441910807850852, 51.584043767974038 ], [ -0.441810570381047, 51.584087478665246 ], [ -0.441801998787916, 51.584091213484982 ], [ -0.441768194722006, 51.584120744624556 ], [ -0.441750905569221, 51.584135855746496 ], [ -0.441746167407345, 51.584138499471941 ], [ -0.441732335409467, 51.584146219914253 ], [ -0.441717231755276, 51.584157358507092 ], [ -0.441701678585585, 51.584165181971208 ], [ -0.441670233943078, 51.584181013236552 ], [ -0.441665784036996, 51.584183247144281 ], [ -0.441634588708591, 51.58420782219801 ], [ -0.441627455420652, 51.584213181235043 ], [ -0.441621664928732, 51.584216417952412 ], [ -0.441561847245881, 51.584263767793658 ], [ -0.441552219085848, 51.584271382210183 ], [ -0.441544950207738, 51.584275008429181 ], [ -0.441531087487088, 51.584281937121141 ], [ -0.441499478688814, 51.584308889598709 ], [ -0.441482901599487, 51.584323012003132 ], [ -0.441444136963118, 51.584346488291068 ], [ -0.441425933735549, 51.584357513724257 ], [ -0.441405203813912, 51.58437383349959 ], [ -0.44139399148053, 51.584379444058001 ], [ -0.441390117436217, 51.584381298940357 ], [ -0.44132657924324, 51.584431908385483 ], [ -0.441314476388777, 51.584441818896096 ], [ -0.441294612635988, 51.584458343497225 ], [ -0.441287217377378, 51.584464395934447 ], [ -0.441270353016558, 51.584467085318508 ], [ -0.441246772314035, 51.584468219704796 ], [ -0.441179919798763, 51.584471422744087 ], [ -0.441175206604529, 51.58447164785882 ], [ -0.441025942694004, 51.584513870058849 ], [ -0.440804159639079, 51.584340689398729 ], [ -0.440796071986821, 51.584344619418026 ], [ -0.440773620625393, 51.58436167604939 ], [ -0.440755437266615, 51.584375489249972 ], [ -0.440685800288595, 51.584428409230824 ], [ -0.440621854994086, 51.584476971651874 ], [ -0.440604857126433, 51.584489883379518 ], [ -0.440630094072699, 51.584503824204113 ], [ -0.440828849278673, 51.584613708225504 ], [ -0.440856557812146, 51.584629030693534 ], [ -0.440865610199132, 51.584646254322074 ], [ -0.440869648694529, 51.584653933449388 ], [ -0.440689056340556, 51.584769259611349 ], [ -0.440682283011914, 51.584773584772101 ], [ -0.440649618039985, 51.584859399890711 ], [ -0.440641512852473, 51.584932772483512 ], [ -0.44064117492544, 51.584935897301406 ], [ -0.440689921189138, 51.584955231277796 ], [ -0.440693410104692, 51.584956617507316 ], [ -0.440724980270341, 51.584974671035127 ], [ -0.440731596834742, 51.584980828775521 ], [ -0.440788754714776, 51.585034000039663 ], [ -0.44079178997409, 51.585036832487312 ], [ -0.440800960721392, 51.585039004631106 ], [ -0.440856008643315, 51.585058732535146 ], [ -0.440980625241091, 51.585145846960081 ], [ -0.440987447947691, 51.585150622615132 ], [ -0.441035194254167, 51.58516881911595 ], [ -0.441041805326378, 51.585171343887474 ], [ -0.441078012232592, 51.585194368719115 ], [ -0.441082726637548, 51.585199592938238 ], [ -0.44110800806823, 51.58522764310996 ], [ -0.441168138610895, 51.58529435557201 ], [ -0.441196438095148, 51.585305922537287 ], [ -0.44119918918011, 51.585308202668585 ], [ -0.441224816561011, 51.585329522200468 ], [ -0.441676339090765, 51.585426667298975 ], [ -0.441743976719711, 51.585368279849348 ], [ -0.441789061256609, 51.585316202078403 ], [ -0.441900385890315, 51.585207543623753 ], [ -0.441908523861264, 51.585199612637695 ], [ -0.441974176278644, 51.585138267215946 ], [ -0.442012899639606, 51.585102084128181 ], [ -0.442043599606644, 51.585048538301514 ], [ -0.442128935798476, 51.585085640792492 ], [ -0.44220048457194, 51.58507049489355 ], [ -0.442264385334304, 51.58505697389834 ], [ -0.44244880320972, 51.585017950571782 ], [ -0.442467074260325, 51.585015072872928 ], [ -0.442735596741845, 51.584972759662108 ], [ -0.442881198741261, 51.584949829036411 ], [ -0.443166365707926, 51.584904903248429 ], [ -0.44352937601374, 51.584847710206169 ], [ -0.443731473650878, 51.584815870518703 ], [ -0.443907855192039, 51.584788086543561 ], [ -0.444529528849523, 51.584690133761413 ], [ -0.445133567349916, 51.584594965358313 ], [ -0.445151845124134, 51.584591880514672 ], [ -0.445279325647394, 51.584570343327542 ], [ -0.445259251904273, 51.584625833726584 ], [ -0.44517722632808, 51.584918141241332 ], [ -0.445175827307932, 51.584926989059525 ], [ -0.44510488837656, 51.585372505145813 ], [ -0.445091272926053, 51.585458029833219 ], [ -0.445086944938606, 51.585501935591424 ], [ -0.4450769442772, 51.585603343554105 ], [ -0.44506931307075, 51.585680584769833 ], [ -0.445059243295641, 51.585893100100769 ], [ -0.445059672598802, 51.585946906445173 ], [ -0.445061883354675, 51.586222089712862 ], [ -0.445063884854935, 51.586243373931346 ], [ -0.445071932614412, 51.586263443414296 ], [ -0.445088798396046, 51.586305543907294 ], [ -0.445253486887942, 51.58671644270872 ], [ -0.445266310151536, 51.586748427256893 ], [ -0.445654695431945, 51.587322271164602 ], [ -0.445738618172839, 51.587446262239631 ], [ -0.443774913322132, 51.588479191107943 ], [ -0.443765549596803, 51.588484120534602 ], [ -0.443699646349561, 51.588523162851594 ], [ -0.443567560452187, 51.588601387549119 ], [ -0.443439806179869, 51.588677034850356 ], [ -0.442713077230992, 51.589142954276561 ], [ -0.442638394156682, 51.58919511608012 ], [ -0.442619095298971, 51.589208582062163 ], [ -0.44254475248126, 51.589260496543467 ], [ -0.442380490725588, 51.589382462767531 ], [ -0.442021943561356, 51.590500537982713 ], [ -0.442012018717641, 51.590531555361004 ], [ -0.44002541142827, 51.590991421527576 ], [ -0.440018280917736, 51.590993080204271 ], [ -0.43891844996039, 51.591563739249686 ], [ -0.438413624592168, 51.591825664889477 ], [ -0.438404041294983, 51.591830644940259 ], [ -0.438708674163263, 51.592218521461426 ], [ -0.439632034726244, 51.593394169390166 ], [ -0.439930642072795, 51.593774353004648 ], [ -0.438982719104948, 51.594034700435458 ], [ -0.438847448310215, 51.59407708932499 ], [ -0.438574541701879, 51.594162608556701 ], [ -0.437981943635043, 51.594379666001188 ], [ -0.437906042601562, 51.594413465136277 ], [ -0.4378339535564, 51.594445561462031 ], [ -0.437529023316326, 51.594601683016087 ], [ -0.437432351531686, 51.594640798592621 ], [ -0.437390859873378, 51.594657592410073 ], [ -0.437244841569161, 51.594705528724475 ], [ -0.437186963286845, 51.594721906424773 ], [ -0.437092666458596, 51.594748598929968 ], [ -0.437002667807105, 51.594769521547107 ], [ -0.436968059626877, 51.594777567396143 ], [ -0.436804089868363, 51.594809671312113 ], [ -0.436605043836882, 51.594838636984719 ], [ -0.436370080138766, 51.594861638406826 ], [ -0.43582309061998, 51.594937321811052 ], [ -0.435222469089482, 51.595020425801572 ], [ -0.435191889568029, 51.595024658139629 ], [ -0.434616120251907, 51.594710703696187 ], [ -0.43459430964717, 51.594698822011054 ] ] ] } },
{ "type": "Feature", "properties": { "lsoa21cd": "E01002440", "lsoa21nm": "Hillingdon 003C", "msoa21cd": "E02000496", "msoa21nm": "Hillingdon 003", "lad22cd": "E09000017", "lad22nm": "Hillingdon", "index_right": 137, "GSS_CODE": "E05000335", "risk_score": 0.00073877791275094886, "allocation_hours": 0.016620397342983165, "patrol_units": 0 }, "geometry": { "type": "Polygon", "coordinates": [ [ [ -0.455927176856465, 51.611970780979803 ], [ -0.45508254240603, 51.611789793560398 ], [ -0.454338442324804, 51.611638791168112 ], [ -0.454090139933092, 51.611583442200832 ], [ -0.454064247415792, 51.611577611374102 ], [ -0.454041572769401, 51.611572501843348 ], [ -0.454031411648875, 51.611569760242446 ], [ -0.453874994240325, 51.611526515191692 ], [ -0.453832670511341, 51.611514816209549 ], [ -0.45377065994336, 51.61149508852408 ], [ -0.453190234700495, 51.61131044532226 ], [ -0.453162587492394, 51.61130164618514 ], [ -0.452952610739375, 51.611234853520415 ], [ -0.452839883803389, 51.611178874293017 ], [ -0.452797716059812, 51.611157932891807 ], [ -0.452767084765454, 51.611140057060986 ], [ -0.452580846241038, 51.611031411738523 ], [ -0.452468445529732, 51.610965868612119 ], [ -0.452123097581452, 51.610810064022822 ], [ -0.451845713745805, 51.610684937367829 ], [ -0.45128630780431, 51.610419982544101 ], [ -0.451583979964886, 51.610258252721131 ], [ -0.452002895489182, 51.610030986315031 ], [ -0.452520668792641, 51.609736015263557 ], [ -0.452604988630997, 51.609684414239837 ], [ -0.452811488358653, 51.609558034461934 ], [ -0.453061502968046, 51.609386124482263 ], [ -0.453115290058945, 51.609350279807607 ], [ -0.453142774280598, 51.609331974083233 ], [ -0.453186382487399, 51.609310068149554 ], [ -0.45326739933834, 51.609276992255573 ], [ -0.453358012960051, 51.609247945445382 ], [ -0.453566718835112, 51.609181041600095 ], [ -0.453938492882406, 51.609044248657312 ], [ -0.454129314650967, 51.608974041889972 ], [ -0.454227565920442, 51.608948422209181 ], [ -0.454271103818077, 51.608937062930892 ], [ -0.454331824381731, 51.608935147050758 ], [ -0.454467443338214, 51.608931007347387 ], [ -0.454545643703022, 51.608914052671466 ], [ -0.454574908587324, 51.608893468069255 ], [ -0.454588180310426, 51.608884120020448 ], [ -0.454649529988439, 51.608804986670201 ], [ -0.454683019128548, 51.608783333754964 ], [ -0.454702141025132, 51.608770969454547 ], [ -0.454710980669524, 51.608768379194743 ], [ -0.454790567820435, 51.608745022266163 ], [ -0.454982963095908, 51.608723249477457 ], [ -0.455037487549871, 51.608717088271639 ], [ -0.455066624126004, 51.608710907534892 ], [ -0.4551174920412, 51.608700148084026 ], [ -0.455233170667474, 51.608669074072665 ], [ -0.455611333796675, 51.608550129619381 ], [ -0.456490216667932, 51.608225042085721 ], [ -0.456874385083445, 51.608056553646001 ], [ -0.456930003510718, 51.608032151762053 ], [ -0.45744881228901, 51.607851125322732 ], [ -0.457804772348795, 51.607708133807421 ], [ -0.457995541305682, 51.607617400518762 ], [ -0.458078148411096, 51.607578110963843 ], [ -0.458086721893496, 51.607573134025749 ], [ -0.458178039498854, 51.607520128831815 ], [ -0.458256271227988, 51.607470161862146 ], [ -0.458276744572399, 51.607457077412917 ], [ -0.45829808130068, 51.607441099817976 ], [ -0.458352683510128, 51.607400183230403 ], [ -0.458494725713364, 51.607275753622737 ], [ -0.458501051396225, 51.607270198602798 ], [ -0.458801708352482, 51.607174109500889 ], [ -0.458770193153055, 51.60713117138549 ], [ -0.458281922884837, 51.60646610418884 ], [ -0.458246020041129, 51.606417155402347 ], [ -0.458243813980399, 51.606414923322362 ], [ -0.458178885692487, 51.606349326204857 ], [ -0.458113758165446, 51.606300272110687 ], [ -0.458069859689089, 51.606277196713883 ], [ -0.458049030694898, 51.606266267216711 ], [ -0.458000868993554, 51.606246696686959 ], [ -0.457834916460768, 51.606179286106133 ], [ -0.457763024413312, 51.606143217581462 ], [ -0.457635727142694, 51.60605119949237 ], [ -0.457587215161315, 51.606005330918343 ], [ -0.457529034337011, 51.605950325009012 ], [ -0.457313127140363, 51.605703293681394 ], [ -0.456991827650316, 51.605290336179863 ], [ -0.456908131567487, 51.605203395673918 ], [ -0.456845882174215, 51.605162390711484 ], [ -0.456800918651741, 51.605144372396779 ], [ -0.456629889986981, 51.605091406633527 ], [ -0.456576276440344, 51.605061899274872 ], [ -0.456545933147261, 51.605025387325405 ], [ -0.456533994043191, 51.604994207076075 ], [ -0.456531015060983, 51.604986241237313 ], [ -0.45653322942371, 51.604921368949825 ], [ -0.456586015829443, 51.604761489100639 ], [ -0.456641807689304, 51.604513390034846 ], [ -0.4566508005877, 51.604494327904128 ], [ -0.456669425696008, 51.604454809262826 ], [ -0.456671860760807, 51.604449643785216 ], [ -0.456684925090697, 51.604429538156353 ], [ -0.456709053160829, 51.604392537782246 ], [ -0.456771550224359, 51.60432356215744 ], [ -0.45698285850022, 51.604090466233608 ], [ -0.457018762660381, 51.60400339908508 ], [ -0.457022990094149, 51.603945571707726 ], [ -0.457015359753375, 51.603904853461735 ], [ -0.457013806990541, 51.603896560190336 ], [ -0.457004326588171, 51.603870376029818 ], [ -0.456996060445196, 51.60384756193902 ], [ -0.456963974998821, 51.603795578516063 ], [ -0.456939814970556, 51.603769219265402 ], [ -0.45693178016794, 51.60376045407294 ], [ -0.45691746135936, 51.603748782670102 ], [ -0.456898843168082, 51.603733592709013 ], [ -0.456597263353426, 51.603558080970238 ], [ -0.456593072071871, 51.603555633899177 ], [ -0.456572207233493, 51.603518554210666 ], [ -0.456573131477211, 51.603464469104885 ], [ -0.456644059213508, 51.603289487155457 ], [ -0.456694808614107, 51.603207075530811 ], [ -0.456756758327095, 51.60310649404498 ], [ -0.456759229472983, 51.603100474779374 ], [ -0.456773962724424, 51.603064564774698 ], [ -0.456785946653074, 51.602930864060163 ], [ -0.459208397004849, 51.602592854083497 ], [ -0.46240249358352, 51.601832916824932 ], [ -0.462506284412674, 51.601805565043165 ], [ -0.462618481635822, 51.60177599435869 ], [ -0.46336714404196, 51.601578676899024 ], [ -0.463638740435275, 51.601506214121869 ], [ -0.463687996119972, 51.601493078645468 ], [ -0.463768298217383, 51.601474756571299 ], [ -0.464190344403305, 51.601378535988161 ], [ -0.464242885021046, 51.60136624809364 ], [ -0.464654608141537, 51.601269935710626 ], [ -0.464671303694724, 51.601265972850676 ], [ -0.464729409744654, 51.601250493419045 ], [ -0.464983596106753, 51.601183361454751 ], [ -0.465357037408134, 51.601235676688994 ], [ -0.465418119151825, 51.601239856803041 ], [ -0.466160348195471, 51.601290694102154 ], [ -0.46642066588688, 51.601308529931522 ], [ -0.466532827850014, 51.601315040764547 ], [ -0.466622522623967, 51.601314252912559 ], [ -0.469582420844683, 51.601288336127858 ], [ -0.470439180891355, 51.601210970289046 ], [ -0.471063432778153, 51.601139722933745 ], [ -0.471635640207787, 51.601069862599886 ], [ -0.472165944328107, 51.601005127949819 ], [ -0.473075517860647, 51.600767048082339 ], [ -0.47356452821558, 51.600632314270108 ], [ -0.473989588282001, 51.601185816605181 ], [ -0.473996671273536, 51.601195062744416 ], [ -0.47416946224864, 51.601420072678479 ], [ -0.474187938759105, 51.601438773850788 ], [ -0.474354542236285, 51.601607403085318 ], [ -0.474620176590156, 51.601805231141277 ], [ -0.474630350882947, 51.601809706616713 ], [ -0.474839255831576, 51.601901687280836 ], [ -0.47485229582692, 51.601905102939575 ], [ -0.474922535392924, 51.601923469644511 ], [ -0.474944106992502, 51.601926519591501 ], [ -0.475009102505248, 51.601935695537222 ], [ -0.475182255010517, 51.602014999576774 ], [ -0.475264493690058, 51.60201699889474 ], [ -0.475268175016739, 51.60201874624866 ], [ -0.475352858536955, 51.602058980486269 ], [ -0.475358756799481, 51.602063085613011 ], [ -0.475420834157704, 51.602106155348373 ], [ -0.475423910485747, 51.602108290492119 ], [ -0.475594699142688, 51.602191173557422 ], [ -0.47563265494525, 51.602197390150096 ], [ -0.47568511580651, 51.602214590249922 ], [ -0.47577001331961, 51.602242417775166 ], [ -0.475778127350142, 51.602240293115742 ], [ -0.475807932513937, 51.602232479411697 ], [ -0.475891699371497, 51.602220762606926 ], [ -0.475922349271571, 51.602231708508768 ], [ -0.476144546231248, 51.602311090591506 ], [ -0.476152098741387, 51.602314524763777 ], [ -0.476282737162969, 51.602374409493613 ], [ -0.476296626081976, 51.602439180556559 ], [ -0.47629773706444, 51.60244438346129 ], [ -0.476298799339043, 51.602449315968627 ], [ -0.476318826691783, 51.602542730343757 ], [ -0.476641244461266, 51.602624721142391 ], [ -0.476647028936603, 51.602630074636771 ], [ -0.476753484632665, 51.602728724831117 ], [ -0.476815431522471, 51.602786116637745 ], [ -0.476856407700869, 51.60296274205156 ], [ -0.476978260465194, 51.602978872985005 ], [ -0.477053261768496, 51.602988784627193 ], [ -0.477087327225701, 51.602999091144966 ], [ -0.477179853161915, 51.603037222745584 ], [ -0.477362440948793, 51.603112482598235 ], [ -0.477371172747567, 51.603118224994446 ], [ -0.477438466129474, 51.603162593250801 ], [ -0.477460365441968, 51.603177022068799 ], [ -0.47751022515541, 51.603217216519596 ], [ -0.477513993279585, 51.603220259799492 ], [ -0.477551953938183, 51.603238669200522 ], [ -0.477559758616318, 51.603374673496802 ], [ -0.477559997722565, 51.603379613295751 ], [ -0.477519854561979, 51.603427101614351 ], [ -0.477508553681995, 51.603445928451031 ], [ -0.477458516307341, 51.603529328957748 ], [ -0.477455533448085, 51.603546842954167 ], [ -0.47744933378387, 51.603583252704048 ], [ -0.477445506272243, 51.603605728405853 ], [ -0.47746676423443, 51.603679919795503 ], [ -0.477523202250633, 51.603734569062112 ], [ -0.477535678629643, 51.603746654541737 ], [ -0.477603660805746, 51.60379096868639 ], [ -0.477605615143352, 51.603795786863351 ], [ -0.477608535988919, 51.603804304365546 ], [ -0.47765260048874, 51.603852435578332 ], [ -0.477660778299892, 51.603861362981661 ], [ -0.477754012289663, 51.603926317924973 ], [ -0.477748626510194, 51.603939691338091 ], [ -0.477640213604681, 51.604052692156984 ], [ -0.477604903503397, 51.604071369375262 ], [ -0.477491336934154, 51.604100118586757 ], [ -0.477357949295943, 51.604117909823714 ], [ -0.47730638420636, 51.604124785133742 ], [ -0.477293271836056, 51.604126530313167 ], [ -0.477292370923768, 51.604129288208078 ], [ -0.477294419957756, 51.604131922523827 ], [ -0.477303486044518, 51.604142354177029 ], [ -0.47752727015425, 51.604399996770368 ], [ -0.477521807795116, 51.604404430971712 ], [ -0.477539078047095, 51.60442516615965 ], [ -0.477511193580896, 51.604435100398526 ], [ -0.477392933226734, 51.604477222904357 ], [ -0.477375131800631, 51.604483160541896 ], [ -0.477368151419898, 51.604485488857534 ], [ -0.477259897841735, 51.604521572452924 ], [ -0.477255595577555, 51.604523270095044 ], [ -0.477248044737778, 51.604526247428623 ], [ -0.477244531988191, 51.604527654078325 ], [ -0.477230592405084, 51.604535561634492 ], [ -0.477160670533343, 51.604556756973565 ], [ -0.477176964566569, 51.604575591192187 ], [ -0.477340009382542, 51.604764285298145 ], [ -0.477382109290263, 51.604800800216402 ], [ -0.477385905200604, 51.604803879828374 ], [ -0.477353692236386, 51.604796861597244 ], [ -0.477345277089049, 51.604795025908636 ], [ -0.477160925888667, 51.604881044554233 ], [ -0.477144110009807, 51.604892048540734 ], [ -0.477051217468671, 51.60495280795309 ], [ -0.477042418274641, 51.604958565633581 ], [ -0.477037380309951, 51.605055188445512 ], [ -0.477169717903714, 51.605213032284389 ], [ -0.477176383861518, 51.605220968945886 ], [ -0.47717989652173, 51.605233810373392 ], [ -0.477185400825976, 51.605254024240935 ], [ -0.477078933830897, 51.60533635055566 ], [ -0.477070646983935, 51.605342762322948 ], [ -0.47697730830721, 51.605342162383856 ], [ -0.476962942797521, 51.605342074846718 ], [ -0.476880456145407, 51.605329179523459 ], [ -0.476855991719225, 51.605325355034651 ], [ -0.476685817464515, 51.605322507599304 ], [ -0.476680304138678, 51.605322418043663 ], [ -0.476350852830984, 51.605262101656585 ], [ -0.476340274895485, 51.605260165876508 ], [ -0.476325716470808, 51.605261959613841 ], [ -0.476278794007579, 51.605254772571698 ], [ -0.476266022959963, 51.605252781330918 ], [ -0.476048116476178, 51.605316758849476 ], [ -0.476034309098201, 51.605323076368862 ], [ -0.47599013820218, 51.605355333087303 ], [ -0.475984473116903, 51.605362794942415 ], [ -0.475958020589847, 51.605397646702244 ], [ -0.475952709512383, 51.60540229860748 ], [ -0.475922566471377, 51.605428766695574 ], [ -0.475914859819384, 51.605435527619449 ], [ -0.475903372195981, 51.60545515217666 ], [ -0.475889020697427, 51.605479658247461 ], [ -0.475845660848266, 51.605585148603105 ], [ -0.475843664241631, 51.605590005412651 ], [ -0.475842136477654, 51.605624848172319 ], [ -0.475842933167731, 51.605632106200972 ], [ -0.475843774653694, 51.605639751474293 ], [ -0.47584482297498, 51.605649413677909 ], [ -0.475838301451764, 51.605664768510202 ], [ -0.475836545436333, 51.605668909071767 ], [ -0.475829121188353, 51.605672841127721 ], [ -0.475816432781417, 51.605679591291079 ], [ -0.475734902572849, 51.605700652990166 ], [ -0.475730008039354, 51.605701920251846 ], [ -0.475614706261682, 51.605746102641902 ], [ -0.47559798329404, 51.605754742676879 ], [ -0.475590782753772, 51.605758461812115 ], [ -0.4755609963102, 51.605773838114935 ], [ -0.475499321830221, 51.605823788632414 ], [ -0.475474474858613, 51.605849057515236 ], [ -0.475470872102783, 51.605852715478775 ], [ -0.475461094737133, 51.60586265967158 ], [ -0.475424397336191, 51.605886039096987 ], [ -0.475416576928814, 51.605891018062678 ], [ -0.475402176607199, 51.60590791607234 ], [ -0.475393292935064, 51.605918339463024 ], [ -0.475323554740029, 51.606015438919179 ], [ -0.47531331522263, 51.606029693331472 ], [ -0.475311112333594, 51.606044801211119 ], [ -0.475316124953095, 51.606049278793371 ], [ -0.475329527319296, 51.606060450342 ], [ -0.475333559548001, 51.606063802855168 ], [ -0.475396230387281, 51.60609772175259 ], [ -0.475453164427407, 51.606164090724064 ], [ -0.475494382236294, 51.606195891953035 ], [ -0.475526210325296, 51.606220458385025 ], [ -0.475580449303025, 51.606249380402332 ], [ -0.475603901278512, 51.606261887420459 ], [ -0.475610727878002, 51.606264592820374 ], [ -0.475621252582652, 51.606272435822085 ], [ -0.47562717311249, 51.606275030537006 ], [ -0.475630588664154, 51.606276531636219 ], [ -0.475657259325884, 51.606288226200398 ], [ -0.475698382387874, 51.606300872827035 ], [ -0.475768349895389, 51.606322400691944 ], [ -0.475780685416934, 51.606326193752324 ], [ -0.475828256201967, 51.606363643527352 ], [ -0.475841650986299, 51.606374185466528 ], [ -0.475881196200745, 51.606389751970212 ], [ -0.475892003585171, 51.606394977404513 ], [ -0.475989247724268, 51.606443107517187 ], [ -0.476091487831523, 51.606417076657223 ], [ -0.476095242920803, 51.60641878897178 ], [ -0.476390849055197, 51.606553841038831 ], [ -0.476399525177357, 51.606557811324201 ], [ -0.47639346339159, 51.606562885125378 ], [ -0.47636801121348, 51.606584234747487 ], [ -0.476334776441522, 51.606612020611053 ], [ -0.476323268218036, 51.60661715857227 ], [ -0.476284700760154, 51.606654119117806 ], [ -0.476273183078411, 51.606665146814763 ], [ -0.47625841328777, 51.606679279537197 ], [ -0.476571779325439, 51.606801963733147 ], [ -0.47653225752978, 51.606871319704688 ], [ -0.476524115464038, 51.606885043936764 ], [ -0.476543790010665, 51.60700092951533 ], [ -0.476543224956597, 51.607020830815571 ], [ -0.476542992976544, 51.607029055627677 ], [ -0.476545811243794, 51.607039343275162 ], [ -0.476572904503595, 51.607138096186198 ], [ -0.476577165905875, 51.607153591042469 ], [ -0.476574628620904, 51.607307917467566 ], [ -0.476563824860724, 51.607376135585106 ], [ -0.476545657008781, 51.607490918397254 ], [ -0.476529751288491, 51.607497132299905 ], [ -0.476478673416091, 51.607517160115499 ], [ -0.476247811326824, 51.607630907758868 ], [ -0.476231336492528, 51.607639020568463 ], [ -0.476187366561947, 51.6076527021714 ], [ -0.476151452056848, 51.607663880639322 ], [ -0.475502883312734, 51.607844714557871 ], [ -0.475360547952612, 51.607884391121829 ], [ -0.474550413834406, 51.608126892912303 ], [ -0.474460581320474, 51.608153789626449 ], [ -0.474274689429637, 51.608218849991381 ], [ -0.474180026348575, 51.608251978195518 ], [ -0.474272817026418, 51.608293226754711 ], [ -0.474338913515891, 51.608322600239852 ], [ -0.475048447920672, 51.608637960881339 ], [ -0.476026071762162, 51.60907245630127 ], [ -0.47622088080809, 51.609153883268007 ], [ -0.476780913868907, 51.609387981135299 ], [ -0.476824980655538, 51.609406402553219 ], [ -0.47781196491147, 51.609818946473979 ], [ -0.477883122681523, 51.609848689311235 ], [ -0.478325655321267, 51.610037481658402 ], [ -0.478303619585875, 51.610064172374997 ], [ -0.478102091693396, 51.610319471864848 ], [ -0.478048372471517, 51.610387529172776 ], [ -0.477685290259576, 51.610847462215204 ], [ -0.477563886482672, 51.61102557296018 ], [ -0.477152750583815, 51.611640885866933 ], [ -0.476849491452754, 51.611654903085409 ], [ -0.476486475745484, 51.611713136010444 ], [ -0.476296996970746, 51.611764628948393 ], [ -0.476063004513686, 51.611851512170141 ], [ -0.475858486168867, 51.611920793421596 ], [ -0.475637122048973, 51.612061792750239 ], [ -0.474912208932572, 51.612709116570485 ], [ -0.474353738642597, 51.612828979910034 ], [ -0.474322506498859, 51.612839076728456 ], [ -0.473997657105425, 51.612944071909801 ], [ -0.473708199873415, 51.613037629878363 ], [ -0.473548066469345, 51.613089383221805 ], [ -0.472864542070617, 51.613310294433823 ], [ -0.472779035339472, 51.613337929679851 ], [ -0.47273454857353, 51.613428351415472 ], [ -0.472522538003281, 51.613374957344583 ], [ -0.471783147886388, 51.613188725456872 ], [ -0.471388491974854, 51.613089320813415 ], [ -0.470632085643806, 51.612910305418637 ], [ -0.470580658597881, 51.612898134245974 ], [ -0.470507183784333, 51.612875019992153 ], [ -0.470497006913584, 51.612876146262387 ], [ -0.470439956929993, 51.61288130158659 ], [ -0.463040597566503, 51.611995847070069 ], [ -0.463031757232154, 51.612004867399605 ], [ -0.462896985944895, 51.612142293048791 ], [ -0.461809708482891, 51.613250872326937 ], [ -0.4618271292031, 51.613305494549422 ], [ -0.462026802035358, 51.613930777030234 ], [ -0.46194693078295, 51.613898284786373 ], [ -0.46068216178572, 51.613480086858061 ], [ -0.460678419778227, 51.613478841821482 ], [ -0.460334460813991, 51.613358277124995 ], [ -0.460264960623298, 51.613331800597209 ], [ -0.460163818316181, 51.613293290986554 ], [ -0.459926270855131, 51.61320284203714 ], [ -0.459805522339508, 51.613156872077575 ], [ -0.45958557441851, 51.613084152201431 ], [ -0.459575890710949, 51.613080940784087 ], [ -0.459344345742386, 51.613004381417369 ], [ -0.459340132271581, 51.613002986271191 ], [ -0.459102710290934, 51.612924492360314 ], [ -0.458884671708931, 51.612852394128282 ], [ -0.458880058303656, 51.61285086782221 ], [ -0.458778477152403, 51.612817278915379 ], [ -0.458271608095496, 51.612658446744241 ], [ -0.458053709940977, 51.612590165918526 ], [ -0.457820964028373, 51.61251722942761 ], [ -0.457752305885014, 51.612493262210116 ], [ -0.457742142869457, 51.612489711620057 ], [ -0.45737846995682, 51.612362763876988 ], [ -0.457242601060399, 51.61232499113423 ], [ -0.457130770111034, 51.612293891724015 ], [ -0.457068408544922, 51.61227251568436 ], [ -0.456615162683566, 51.612117105408316 ], [ -0.456604626328254, 51.61211349585006 ], [ -0.456561453396715, 51.612098693397208 ], [ -0.456453983162483, 51.612077020582092 ], [ -0.456219519884884, 51.612029740033151 ], [ -0.455927176856465, 51.611970780979803 ] ] ] } },
{ "type": "Feature", "properties": { "lsoa21cd": "E01002474", "lsoa21nm": "Hillingdon 002B", "msoa21cd": "E02000495", "msoa21nm": "Hillingdon 002", "lad22cd": "E09000017", "lad22nm": "Hillingdon", "index_right": 137, "GSS_CODE": "E05000335", "risk_score": 0.0026664644414264175, "allocation_hours": 0.059987849870090475, "patrol_units": 0 }, "geometry": { "type": "Polygon", "coordinates": [ [ [ -0.413776569040157, 51.609774143513476 ], [ -0.413913777018362, 51.609576426888019 ], [ -0.413927310382959, 51.609556934148607 ], [ -0.413962103011165, 51.609506785444943 ], [ -0.413966497388673, 51.609500460141 ], [ -0.413991755305596, 51.609464058034426 ], [ -0.413995860984163, 51.609458142483831 ], [ -0.414009807827873, 51.60943809688596 ], [ -0.414013892209856, 51.609439294999177 ], [ -0.414085730445543, 51.609455381675495 ], [ -0.414119629367662, 51.609404762234874 ], [ -0.414131361394584, 51.609387223486877 ], [ -0.4141603242888, 51.609343965156015 ], [ -0.414162868815776, 51.60934015973254 ], [ -0.414194040103121, 51.609293621985628 ], [ -0.414205771758485, 51.609276092216909 ], [ -0.414295008227046, 51.609142751853632 ], [ -0.41429752872806, 51.609139013546098 ], [ -0.414302076922086, 51.609132209208056 ], [ -0.414316641679318, 51.609110464243251 ], [ -0.41439401506334, 51.608993437817965 ], [ -0.414399625543678, 51.608984952737814 ], [ -0.414401256912723, 51.608982483849886 ], [ -0.41445146119852, 51.608906563821996 ], [ -0.414458459836118, 51.608895957272665 ], [ -0.414502458554231, 51.608829431494009 ], [ -0.414368420384459, 51.608789277324917 ], [ -0.414341935632571, 51.608781347952963 ], [ -0.414279147513644, 51.608762532936495 ], [ -0.414262624845576, 51.608757588717353 ], [ -0.414141292819639, 51.608721256861756 ], [ -0.414128600912637, 51.608717452459402 ], [ -0.414144889436831, 51.608691827912132 ], [ -0.414147105377087, 51.608688332767436 ], [ -0.414245265993544, 51.608533853836647 ], [ -0.414374520807809, 51.608330443672749 ], [ -0.414480630045812, 51.60835973539259 ], [ -0.414558717219543, 51.608381292763092 ], [ -0.414806711037809, 51.608449764961762 ], [ -0.414841642245115, 51.608459408926137 ], [ -0.414843849350678, 51.608456165438653 ], [ -0.41485319894585, 51.608442326247967 ], [ -0.414962466447092, 51.60828068566169 ], [ -0.414985733401889, 51.608246252572314 ], [ -0.415021044183365, 51.608194014959508 ], [ -0.414984612057657, 51.608164450304834 ], [ -0.414851406562862, 51.608127383400991 ], [ -0.414902744294337, 51.60804664901034 ], [ -0.414910046999543, 51.608035183188164 ], [ -0.414913225496743, 51.608030172289226 ], [ -0.414972507964005, 51.607936946563896 ], [ -0.414987924389881, 51.607912703952984 ], [ -0.415003600286338, 51.607888060177849 ], [ -0.415007970143032, 51.607881185916774 ], [ -0.41503848191697, 51.607833208922003 ], [ -0.415072355953853, 51.607779917747727 ], [ -0.415085174908924, 51.607759758644065 ], [ -0.415099033047207, 51.607737958937975 ], [ -0.415109131624975, 51.607722097516529 ], [ -0.415111408313766, 51.607718513245274 ], [ -0.415116037622616, 51.60771123781705 ], [ -0.415159536857716, 51.607642816188111 ], [ -0.415178757481197, 51.607612590898214 ], [ -0.415180972661721, 51.607609113705649 ], [ -0.415185510954813, 51.60760196294126 ], [ -0.415190582962247, 51.607594001058892 ], [ -0.415214326766624, 51.607556642778242 ], [ -0.415217626624191, 51.607551462649091 ], [ -0.415205368026722, 51.607548077872082 ], [ -0.414960595004436, 51.607480549320542 ], [ -0.414978205461669, 51.607457577292884 ], [ -0.414981715314114, 51.607453002505338 ], [ -0.415040628074087, 51.607376165128152 ], [ -0.415045515052644, 51.6073697834412 ], [ -0.41505164205228, 51.607361799834486 ], [ -0.415065432733086, 51.607343798566276 ], [ -0.41510129742553, 51.607296986387951 ], [ -0.415127016166082, 51.607263458622164 ], [ -0.415172609561532, 51.607224452860166 ], [ -0.415391372510342, 51.60727953498553 ], [ -0.415416184021897, 51.607240536436763 ], [ -0.415418124311819, 51.60723748717124 ], [ -0.415422050386749, 51.607231326306206 ], [ -0.415424800802108, 51.60722699304695 ], [ -0.415447717152576, 51.607190990409542 ], [ -0.415454897526344, 51.607179711739136 ], [ -0.415480290006573, 51.607139785789514 ], [ -0.415507117258531, 51.607097640050952 ], [ -0.415512280456023, 51.607089544494258 ], [ -0.415523678948322, 51.607071596315862 ], [ -0.415527574559482, 51.607065479998241 ], [ -0.415603246644791, 51.606946513575316 ], [ -0.415611282551151, 51.606933888563177 ], [ -0.415614735115781, 51.606928467682373 ], [ -0.41565488413548, 51.606865387161278 ], [ -0.415683973534671, 51.606819647901332 ], [ -0.415748506586066, 51.606718210413945 ], [ -0.415756328431773, 51.606705924218467 ], [ -0.415797562004285, 51.606641131702595 ], [ -0.415819974653701, 51.606605891044616 ], [ -0.415823503566096, 51.606600349787115 ], [ -0.41583274634653, 51.606585825626745 ], [ -0.415843929352949, 51.606568252190627 ], [ -0.41585667074677, 51.606548226827307 ], [ -0.415873750973494, 51.606521380699185 ], [ -0.415890358044709, 51.606495265573642 ], [ -0.415901327342301, 51.606478021972087 ], [ -0.415955255993913, 51.606393275334227 ], [ -0.415960862667089, 51.606384466332585 ], [ -0.41600238711586, 51.60631918306396 ], [ -0.41602440114503, 51.606284597933922 ], [ -0.416028159511344, 51.606278686573496 ], [ -0.41603193324998, 51.60627274844267 ], [ -0.416054879997202, 51.606236674132191 ], [ -0.416058806209857, 51.606230504250838 ], [ -0.416063282417209, 51.606223469511178 ], [ -0.41607099741618, 51.606211343715017 ], [ -0.416122099531544, 51.606131028153584 ], [ -0.416127186892242, 51.60612303045945 ], [ -0.416131112772064, 51.60611686956323 ], [ -0.416140340292821, 51.606102363152964 ], [ -0.416161377579818, 51.606069280061618 ], [ -0.41616576198536, 51.606062392456032 ], [ -0.416206903073853, 51.605997733407769 ], [ -0.416209744324667, 51.605993275455837 ], [ -0.416288452308683, 51.605869547427638 ], [ -0.416382323391888, 51.605739585158972 ], [ -0.416427596420349, 51.605683569622656 ], [ -0.416460986599057, 51.605631638308651 ], [ -0.416509216442523, 51.605556634378281 ], [ -0.416532393074371, 51.605520572048356 ], [ -0.416564531519177, 51.605470575202915 ], [ -0.416585774634828, 51.605435709775122 ], [ -0.416592942777931, 51.605423936266 ], [ -0.416594412925161, 51.605421528101232 ], [ -0.416621843712758, 51.605376503586498 ], [ -0.416666811335778, 51.60530268757082 ], [ -0.416678098397724, 51.605284180217154 ], [ -0.416682341277021, 51.605277205251035 ], [ -0.416723969687036, 51.605208874603399 ], [ -0.416745458201791, 51.605173589799293 ], [ -0.416747467354591, 51.60517063136129 ], [ -0.416753731521253, 51.605161386047499 ], [ -0.416755748672001, 51.605158405235755 ], [ -0.416785142048383, 51.605115070756511 ], [ -0.416809192814125, 51.605079604661555 ], [ -0.416837854073126, 51.605086771445961 ], [ -0.416880559798592, 51.605097445811538 ], [ -0.417021260553952, 51.605132632964114 ], [ -0.417256212458084, 51.604765720439282 ], [ -0.417268444182196, 51.604746614258545 ], [ -0.417398620987259, 51.604780436118197 ], [ -0.417402556575656, 51.604781460352328 ], [ -0.417484017204314, 51.604802629515518 ], [ -0.417551172890996, 51.604821555557891 ], [ -0.417700314684243, 51.604863573074141 ], [ -0.41774035754172, 51.604871090831203 ], [ -0.417908334039763, 51.604902624753883 ], [ -0.417967738334364, 51.604916895901589 ], [ -0.418017633139656, 51.604928889693149 ], [ -0.418074373705063, 51.604942522402617 ], [ -0.418305727883434, 51.604995743455504 ], [ -0.418412414808721, 51.605020288917878 ], [ -0.418482025650128, 51.60503630542069 ], [ -0.418566650599943, 51.605055770058364 ], [ -0.418552637615418, 51.60504678693593 ], [ -0.418547460095053, 51.605042688659552 ], [ -0.418499465720941, 51.605011504645461 ], [ -0.418191028695109, 51.604814538064261 ], [ -0.41818526460947, 51.604810863400331 ], [ -0.418181563518205, 51.604808493467509 ], [ -0.418176859173756, 51.604805489534392 ], [ -0.418128092314214, 51.604774347872024 ], [ -0.418104033703979, 51.604758988237919 ], [ -0.418003123972017, 51.604694546106757 ], [ -0.417890204352273, 51.60462872809736 ], [ -0.417873601802579, 51.604619053245585 ], [ -0.417862080721567, 51.604612333462335 ], [ -0.417830857336782, 51.60459413451769 ], [ -0.417812810992618, 51.604583621883258 ], [ -0.417542558968961, 51.604426090895736 ], [ -0.417484726896801, 51.60439238084949 ], [ -0.417472568598438, 51.604385301733402 ], [ -0.417459830394637, 51.60437787308436 ], [ -0.417350507265409, 51.604314153350863 ], [ -0.417140644724873, 51.60419181835676 ], [ -0.417088877903308, 51.604161647512719 ], [ -0.417052956301651, 51.60414070526398 ], [ -0.417036736003474, 51.604131260266236 ], [ -0.416951928016483, 51.604081827069265 ], [ -0.416806118846368, 51.603996833225736 ], [ -0.416744445107475, 51.603960885852821 ], [ -0.416569190738371, 51.603858723643093 ], [ -0.416345244907898, 51.603744708857334 ], [ -0.416223332933454, 51.603682643851229 ], [ -0.416218134690056, 51.603680145758297 ], [ -0.415590688420047, 51.603378938818764 ], [ -0.415582663665787, 51.603375089653284 ], [ -0.415150676958287, 51.603167710775764 ], [ -0.415124605206937, 51.603155352084634 ], [ -0.414842541721379, 51.603019779247191 ], [ -0.414720161570455, 51.602962976061313 ], [ -0.414716509176924, 51.602961290115637 ], [ -0.414290631539719, 51.602763639673597 ], [ -0.414058300756835, 51.602655811274971 ], [ -0.413907192896369, 51.602588475741165 ], [ -0.413885181649223, 51.602578664357928 ], [ -0.413646057912514, 51.602472101307384 ], [ -0.413639673584435, 51.602469254359974 ], [ -0.413191701723279, 51.602269620046961 ], [ -0.413180781598895, 51.602264751416861 ], [ -0.413095865891116, 51.602226905494433 ], [ -0.413039082174549, 51.602200986075282 ], [ -0.413020675557779, 51.602192581118132 ], [ -0.412994707125677, 51.602180728750739 ], [ -0.4129794416612, 51.602173760077449 ], [ -0.412963707117778, 51.602166578235042 ], [ -0.412906682264674, 51.602140538592927 ], [ -0.41290003038388, 51.602137499147965 ], [ -0.412743681321889, 51.602066107653826 ], [ -0.41272012935289, 51.602055357999056 ], [ -0.412456326852829, 51.601934907324598 ], [ -0.412450925700194, 51.601932442299315 ], [ -0.412077335732072, 51.601762002751016 ], [ -0.4120500513075, 51.601749393203711 ], [ -0.412022733264072, 51.601736919882278 ], [ -0.412063370876278, 51.601691706328779 ], [ -0.41212341677725, 51.601624939273655 ], [ -0.412128554542229, 51.601619226536748 ], [ -0.412314265595473, 51.601412696728424 ], [ -0.412323940189297, 51.601401937551927 ], [ -0.412507186509343, 51.601198125794042 ], [ -0.412515028393757, 51.601189401118503 ], [ -0.412652724601306, 51.601036257849174 ], [ -0.412676414481083, 51.601009924141536 ], [ -0.412698377465017, 51.600985491492736 ], [ -0.412702448028653, 51.600980978296775 ], [ -0.412804044932254, 51.600867966235334 ], [ -0.412812351987464, 51.600858735248885 ], [ -0.412824340218935, 51.600845390463093 ], [ -0.412828381578331, 51.600840885860023 ], [ -0.41286526079162, 51.600799883664472 ], [ -0.412875476018907, 51.600788520249552 ], [ -0.412938005152961, 51.600719003087335 ], [ -0.413022288086672, 51.600625239186442 ], [ -0.413038917388009, 51.600606750405426 ], [ -0.413041057896308, 51.600604373823259 ], [ -0.413139491061131, 51.600494875228385 ], [ -0.413156465672136, 51.600476004382422 ], [ -0.413237576371671, 51.600387466923095 ], [ -0.413327227324855, 51.600289620571829 ], [ -0.413335934175968, 51.600280098173698 ], [ -0.413401965199219, 51.600208042556012 ], [ -0.413415925850864, 51.600192781930204 ], [ -0.413481795665011, 51.600120787030406 ], [ -0.413553931495221, 51.600042177268108 ], [ -0.413563538040761, 51.600031695806358 ], [ -0.413680214225223, 51.599904336394907 ], [ -0.413742402495124, 51.59983644616382 ], [ -0.413746695283307, 51.599831765061019 ], [ -0.413816673592077, 51.599755374112178 ], [ -0.413821506921771, 51.599750097804552 ], [ -0.413862859986164, 51.59970496506147 ], [ -0.413877525274228, 51.599688949519738 ], [ -0.413926578071008, 51.599635422759661 ], [ -0.413929850261138, 51.599631851937175 ], [ -0.413998401738777, 51.599557024285218 ], [ -0.414006101554397, 51.599548630286264 ], [ -0.414062870775848, 51.599486637744079 ], [ -0.414074398343526, 51.599474059927758 ], [ -0.414115645485962, 51.599429051546551 ], [ -0.414121124392296, 51.599423064536218 ], [ -0.414189659231298, 51.599348281492233 ], [ -0.414199251359643, 51.599337790782641 ], [ -0.414247914053207, 51.599284663264491 ], [ -0.414252732222462, 51.599279404716633 ], [ -0.414304891858848, 51.599222466573032 ], [ -0.414320877602897, 51.599205011998123 ], [ -0.414373246632895, 51.599147860824473 ], [ -0.414466547614788, 51.599046020576189 ], [ -0.414535367408392, 51.598970899426106 ], [ -0.414539044826509, 51.598966884425472 ], [ -0.414577709441889, 51.59892469163858 ], [ -0.414582842507512, 51.598919095607883 ], [ -0.414644578477437, 51.598851675320724 ], [ -0.414656075914168, 51.59883912400884 ], [ -0.414746972858194, 51.598739939830217 ], [ -0.414749840222395, 51.598736795160647 ], [ -0.414816888455242, 51.598663592302998 ], [ -0.414819785299908, 51.598660430044141 ], [ -0.414893383966502, 51.598580103499316 ], [ -0.414999403926953, 51.598464352038974 ], [ -0.415004041848528, 51.598459288859395 ], [ -0.415015734212299, 51.598446524315165 ], [ -0.415027981839502, 51.598433155767559 ], [ -0.415066930851953, 51.598390647394282 ], [ -0.415172562128938, 51.598408551573378 ], [ -0.41518042640456, 51.59840993462813 ], [ -0.415362685656287, 51.59844189826395 ], [ -0.415382102597073, 51.598445307617538 ], [ -0.415562165936605, 51.598476899607803 ], [ -0.415568021334981, 51.598477922813451 ], [ -0.415631610927038, 51.598489086065655 ], [ -0.415641915216902, 51.598490888683635 ], [ -0.416014528686377, 51.598556254343059 ], [ -0.416035065482346, 51.598559849551755 ], [ -0.41606005087188, 51.598564233145687 ], [ -0.416079080445392, 51.598567574214698 ], [ -0.416739380153067, 51.598683407265732 ], [ -0.416747546036952, 51.598684839246189 ], [ -0.416794058360174, 51.598693001975775 ], [ -0.417139489094113, 51.59835353848608 ], [ -0.417256903727906, 51.598238154197247 ], [ -0.417263496404111, 51.598231678448236 ], [ -0.417278640478047, 51.598216792959398 ], [ -0.417282916176664, 51.598212588089417 ], [ -0.417325238339003, 51.598171001135064 ], [ -0.417417151256884, 51.59807249383627 ], [ -0.417476805046532, 51.598008532982114 ], [ -0.417490152914837, 51.597994225764836 ], [ -0.417521767295184, 51.597960353982295 ], [ -0.417528786118751, 51.597952831825197 ], [ -0.417557326590579, 51.597922236881658 ], [ -0.417577138610053, 51.597900993531219 ], [ -0.417670527889067, 51.597800896218978 ], [ -0.417677696293135, 51.597793223192625 ], [ -0.417766525998204, 51.597698010290429 ], [ -0.41777300488442, 51.597691065361275 ], [ -0.41780629987554, 51.59765535466282 ], [ -0.417813108746971, 51.597648054472543 ], [ -0.417885741068689, 51.597570194799225 ], [ -0.417907517383642, 51.597546846598647 ], [ -0.417995835749099, 51.597452193140484 ], [ -0.418007683566092, 51.597439493309984 ], [ -0.418013832383028, 51.597432903623414 ], [ -0.418123731590678, 51.597315106022151 ], [ -0.418384499444156, 51.597035564942679 ], [ -0.418398956082438, 51.597020076360955 ], [ -0.418404091289328, 51.59701689012936 ], [ -0.418598211228837, 51.596896006327725 ], [ -0.418737329085403, 51.59680938159525 ], [ -0.419271009741294, 51.596477079867022 ], [ -0.41930133397971, 51.596459907124675 ], [ -0.419566034922646, 51.596309953781478 ], [ -0.419822412602994, 51.596164726054511 ], [ -0.420205135150938, 51.595947924411377 ], [ -0.42037912438453, 51.595849356933172 ], [ -0.420137781123569, 51.595722106093596 ], [ -0.420195363403526, 51.595680794754763 ], [ -0.420328872430169, 51.595585019603973 ], [ -0.420441170788783, 51.595578309446857 ], [ -0.420670440468071, 51.595564609881457 ], [ -0.420933795761519, 51.595548876819969 ], [ -0.422100714927723, 51.595479126241209 ], [ -0.422392534041432, 51.595468987709964 ], [ -0.422503466203897, 51.595460854438073 ], [ -0.422596522526624, 51.595454027904182 ], [ -0.422762318804388, 51.595435030228842 ], [ -0.422838601075782, 51.595422295151586 ], [ -0.422924322586147, 51.595407978085177 ], [ -0.423285228957484, 51.595331041462757 ], [ -0.423478597893122, 51.595310029632849 ], [ -0.423817403275031, 51.59529799988259 ], [ -0.424013178463375, 51.595272945842275 ], [ -0.424114876438063, 51.595252943042418 ], [ -0.42416036118394, 51.595244002756587 ], [ -0.424495402159541, 51.595158011073281 ], [ -0.424593734991697, 51.595128017050094 ], [ -0.424902143621005, 51.595033906806151 ], [ -0.425031451151278, 51.594987025896472 ], [ -0.425099538120855, 51.594949270343463 ], [ -0.425135000536189, 51.594921823712092 ], [ -0.425315112249142, 51.594781894208857 ], [ -0.425373693698338, 51.594741574210126 ], [ -0.425447286304758, 51.594690925039657 ], [ -0.425626977536491, 51.59458380229686 ], [ -0.426200710489585, 51.594562081027178 ], [ -0.427434006384121, 51.594514911764406 ], [ -0.427442547103076, 51.59451479851959 ], [ -0.425689900386866, 51.597044672772384 ], [ -0.425243556815071, 51.597707009503992 ], [ -0.424877654539577, 51.598249941095617 ], [ -0.42322409423906, 51.601597207710796 ], [ -0.423069888700138, 51.601786510304613 ], [ -0.423067596453886, 51.601789321210568 ], [ -0.423081321451562, 51.601817445047892 ], [ -0.423125143596675, 51.601976687917073 ], [ -0.423106001327123, 51.602272807227784 ], [ -0.423105817543879, 51.602275610434504 ], [ -0.423369561761072, 51.602388126879504 ], [ -0.423584468411094, 51.602601806052562 ], [ -0.423842076478301, 51.602689999741429 ], [ -0.425232419727726, 51.603164311018155 ], [ -0.425427071121175, 51.603230710029372 ], [ -0.4260310437306, 51.603093412082302 ], [ -0.42746028594601, 51.602901538728787 ], [ -0.428598034607977, 51.602654757547676 ], [ -0.428953802336456, 51.603068525440662 ], [ -0.429198322658561, 51.603396303839098 ], [ -0.429285025012506, 51.603512502825097 ], [ -0.42943085339957, 51.603707986813802 ], [ -0.42951226534743, 51.603870813012904 ], [ -0.42957419924628, 51.60399468434376 ], [ -0.428839846659748, 51.604340135068377 ], [ -0.428299348699421, 51.604759563437547 ], [ -0.426757139494629, 51.605956262499035 ], [ -0.426707087013802, 51.605995097159223 ], [ -0.426704104272711, 51.605997413302973 ], [ -0.426776371565266, 51.606339753575476 ], [ -0.426946050218295, 51.606484832834035 ], [ -0.426899395710629, 51.606505988785869 ], [ -0.426825822987947, 51.606472424999282 ], [ -0.426768692061313, 51.606453675907318 ], [ -0.42666889403806, 51.606416362100482 ], [ -0.426613292003811, 51.606395583085828 ], [ -0.426569095559942, 51.606379066183422 ], [ -0.426236229948614, 51.606289625047509 ], [ -0.426191202048262, 51.606277530181956 ], [ -0.426111233992495, 51.606256038238172 ], [ -0.425972760632286, 51.606222567701025 ], [ -0.425953698900561, 51.60621796025346 ], [ -0.425933427246758, 51.606214514631617 ], [ -0.425838845379942, 51.606198438269878 ], [ -0.425791571057004, 51.606190755486459 ], [ -0.425714312244692, 51.606178202111856 ], [ -0.425677662471749, 51.606182324767964 ], [ -0.42553553114066, 51.606149204910515 ], [ -0.425529297122192, 51.606148865181517 ], [ -0.425478154260219, 51.606148648233443 ], [ -0.425452735261351, 51.606148307985976 ], [ -0.425248589396112, 51.606145575179767 ], [ -0.425227922428468, 51.606147294839985 ], [ -0.425036923288769, 51.606163181325378 ], [ -0.425023237029354, 51.60616431997687 ], [ -0.424873325113722, 51.606176799612847 ], [ -0.424723065759325, 51.606189301383999 ], [ -0.42459687694566, 51.606199796279263 ], [ -0.424563924640272, 51.606200146288344 ], [ -0.4242212562847, 51.606203757536043 ], [ -0.424072625063942, 51.606201766356875 ], [ -0.423947002321851, 51.60620008327006 ], [ -0.423775161794496, 51.606181072628388 ], [ -0.423532470864939, 51.606154214944489 ], [ -0.423465619395826, 51.606146817381628 ], [ -0.423321989813771, 51.606130935877189 ], [ -0.423298250664398, 51.606135878307803 ], [ -0.423290311642974, 51.606135358236152 ], [ -0.423299619717282, 51.606128459837699 ], [ -0.423291124080628, 51.606125666188042 ], [ -0.423271076870509, 51.60611908471612 ], [ -0.422998381314627, 51.606070466457901 ], [ -0.422694617570145, 51.605991198062739 ], [ -0.422626752040361, 51.605973489965585 ], [ -0.422533139850391, 51.605949069837557 ], [ -0.422454416296231, 51.605932151246769 ], [ -0.422398774237516, 51.605920303715649 ], [ -0.422299994748078, 51.605898938997889 ], [ -0.422290548616933, 51.605896905882275 ], [ -0.422177294904207, 51.605872545743523 ], [ -0.422014731834612, 51.605837587258605 ], [ -0.422009413811839, 51.605836445804641 ], [ -0.421714415634863, 51.605773676781041 ], [ -0.421445711405383, 51.606013274246727 ], [ -0.420996663897122, 51.606010439553962 ], [ -0.420949047915332, 51.60601013308289 ], [ -0.420927067408846, 51.606016825214603 ], [ -0.420862532905583, 51.606029231852922 ], [ -0.4208474069017, 51.606030242779958 ], [ -0.420828324742695, 51.606033313840072 ], [ -0.42073751736571, 51.606047930564145 ], [ -0.420711174025253, 51.606052172065404 ], [ -0.420562394375955, 51.606088167919282 ], [ -0.420557061081967, 51.606089130449099 ], [ -0.420544911740047, 51.606092168658506 ], [ -0.420403460898102, 51.606127534328834 ], [ -0.420330658322388, 51.606139739726189 ], [ -0.420320642898008, 51.606142042204063 ], [ -0.420248521927084, 51.606158613592314 ], [ -0.420196395332238, 51.606176037988853 ], [ -0.420197672249599, 51.60618501171173 ], [ -0.420199432525877, 51.606231634712948 ], [ -0.42023082419673, 51.606255436924897 ], [ -0.42027308657305, 51.606289321879196 ], [ -0.420349069126642, 51.606350241608965 ], [ -0.420354014917336, 51.606354201797224 ], [ -0.420362276421489, 51.606360823341795 ], [ -0.420383281067204, 51.60637766967367 ], [ -0.420497775610088, 51.606469456288593 ], [ -0.420687497371368, 51.606645208996426 ], [ -0.420754417987685, 51.606707202773578 ], [ -0.420846872590334, 51.60679286594155 ], [ -0.420864277934375, 51.606808989417125 ], [ -0.420869161173578, 51.606813506278762 ], [ -0.420713548556329, 51.606993021511585 ], [ -0.420684055207395, 51.607010610620712 ], [ -0.420646670638124, 51.607022554369522 ], [ -0.420580503001429, 51.607043688702902 ], [ -0.420468801851329, 51.607079373023453 ], [ -0.42044972984191, 51.607085465663026 ], [ -0.42032403901253, 51.607125602150276 ], [ -0.420307960407141, 51.607130745786186 ], [ -0.42014491429975, 51.607182799138364 ], [ -0.420116007942511, 51.607191376476109 ], [ -0.420084869184261, 51.607200611753399 ], [ -0.419874250674187, 51.607263109103336 ], [ -0.419859031217024, 51.607253700796377 ], [ -0.419834425040285, 51.607231396983785 ], [ -0.41983107405342, 51.607226424055924 ], [ -0.419817397029082, 51.607206079047884 ], [ -0.419811107811637, 51.60719672325088 ], [ -0.419794299099267, 51.607176318185772 ], [ -0.419785846412749, 51.607166052055113 ], [ -0.419749325964773, 51.607121718304008 ], [ -0.41968725305873, 51.607046367691787 ], [ -0.419665691325128, 51.607020197477631 ], [ -0.419629652166688, 51.606976441175014 ], [ -0.419617690832937, 51.606961919380538 ], [ -0.419573930724127, 51.606908788012355 ], [ -0.419533967172486, 51.606860275847829 ], [ -0.419525686399246, 51.606850884281712 ], [ -0.419471724917656, 51.606789612438263 ], [ -0.419461374296145, 51.60677786398621 ], [ -0.419457109009293, 51.606773022641292 ], [ -0.419445661157915, 51.606760018473302 ], [ -0.41943538696032, 51.606751058734822 ], [ -0.419423114649647, 51.606737261134775 ], [ -0.419384143474943, 51.606693447361401 ], [ -0.419374511328964, 51.606682634786956 ], [ -0.419370448734029, 51.60667944179805 ], [ -0.419345419116271, 51.606648350955282 ], [ -0.419325567876651, 51.606623669437397 ], [ -0.419297354618154, 51.606634333161274 ], [ -0.419252304705657, 51.60665034600337 ], [ -0.419235234531174, 51.606659091170563 ], [ -0.418730388851505, 51.606857084093207 ], [ -0.418762435413251, 51.606901506430845 ], [ -0.418763409794633, 51.606905880915257 ], [ -0.418763943327723, 51.606910474287403 ], [ -0.418766084646451, 51.60692864104378 ], [ -0.418765889398387, 51.606936336041471 ], [ -0.418972863885851, 51.607084869290176 ], [ -0.418981536326275, 51.607091091791411 ], [ -0.418987426675895, 51.607099453096438 ], [ -0.41899527241746, 51.607110556431543 ], [ -0.419052551823659, 51.607221377064 ], [ -0.419050573581137, 51.607340222962293 ], [ -0.419056678613947, 51.607393522906669 ], [ -0.41905546397188, 51.607413515000133 ], [ -0.419054051521141, 51.607436705781929 ], [ -0.419056852226037, 51.607454602620891 ], [ -0.419058081069841, 51.607462460637123 ], [ -0.419058627996367, 51.607472072027932 ], [ -0.419147969649825, 51.607525501411601 ], [ -0.419171907356336, 51.607539815503266 ], [ -0.41917530282111, 51.607542675800197 ], [ -0.419180621822664, 51.60754711765685 ], [ -0.419189111581317, 51.607554236939087 ], [ -0.419200670593435, 51.607566954859657 ], [ -0.419270858412458, 51.607644208783569 ], [ -0.419291297955074, 51.607666933330478 ], [ -0.419293221237732, 51.60766976934493 ], [ -0.419319586080417, 51.60772229836595 ], [ -0.419348746940788, 51.607780395364173 ], [ -0.419349667299408, 51.607785911168648 ], [ -0.419359997614266, 51.607847711857502 ], [ -0.419370939530426, 51.607913108787471 ], [ -0.419374583028638, 51.607925873202205 ], [ -0.419377209837954, 51.607935062908233 ], [ -0.419386496595862, 51.608034798108854 ], [ -0.419387505099672, 51.608045674653589 ], [ -0.419314596045016, 51.608062509229399 ], [ -0.419213076191389, 51.608085834098304 ], [ -0.419131859779313, 51.608092579700767 ], [ -0.41898854574026, 51.608104466234771 ], [ -0.418967341686543, 51.608106231556434 ], [ -0.418935983750726, 51.608105126670317 ], [ -0.418910920840761, 51.60810282044951 ], [ -0.418760861631955, 51.608088969303409 ], [ -0.4187328309135, 51.608086456789522 ], [ -0.418682822210472, 51.608078891776849 ], [ -0.418669604824878, 51.608074829322312 ], [ -0.418535787641043, 51.608033705994309 ], [ -0.418514396911052, 51.608027132631143 ], [ -0.418488701518677, 51.608016850416902 ], [ -0.418437282616428, 51.608031158699404 ], [ -0.418419299258867, 51.608033749574062 ], [ -0.418355407157232, 51.608042944221005 ], [ -0.418346712797274, 51.608044203183546 ], [ -0.418153974094423, 51.608055804640109 ], [ -0.418147317695011, 51.608054937111788 ], [ -0.418061051285556, 51.60803702630232 ], [ -0.417872023419172, 51.607964117288354 ], [ -0.417834373136941, 51.607982818067583 ], [ -0.417823609979875, 51.607999543062782 ], [ -0.417813214200933, 51.608015670506262 ], [ -0.417722349112702, 51.608156762180307 ], [ -0.417720608472122, 51.60815947245927 ], [ -0.41771396780272, 51.608169778359503 ], [ -0.417681495437412, 51.608220220613568 ], [ -0.417718100892234, 51.608229490619863 ], [ -0.417718723911737, 51.60823877482882 ], [ -0.417787559544021, 51.608247125745962 ], [ -0.417898920387743, 51.608275379094515 ], [ -0.417937572026663, 51.608285198171885 ], [ -0.418033930056009, 51.60830965223343 ], [ -0.418096214840195, 51.608335076995239 ], [ -0.418101170135506, 51.608337104129852 ], [ -0.418122589348024, 51.608352832899449 ], [ -0.418127166067353, 51.608356194822747 ], [ -0.417972275067108, 51.608475003859844 ], [ -0.417959766726728, 51.608484601237905 ], [ -0.417929826451611, 51.608581002620824 ], [ -0.41792837947932, 51.608585650257339 ], [ -0.417935679261322, 51.608603940538472 ], [ -0.418032368683201, 51.608710456086364 ], [ -0.41803667297944, 51.608717914945458 ], [ -0.418063847548935, 51.608764997354051 ], [ -0.418066780472822, 51.608769946800074 ], [ -0.418090796340682, 51.608801546440596 ], [ -0.418144545101804, 51.608858990870182 ], [ -0.418168960863024, 51.608894457944523 ], [ -0.41818131368671, 51.608912384522817 ], [ -0.418208037454067, 51.608982360781852 ], [ -0.418088316445033, 51.608997855217176 ], [ -0.417986232899686, 51.609002612733867 ], [ -0.417829294643871, 51.60901868095938 ], [ -0.417728229439613, 51.609029036307625 ], [ -0.417421792224874, 51.608951941463069 ], [ -0.417393683534634, 51.60894168885622 ], [ -0.417319811039939, 51.608914740834621 ], [ -0.417276583544324, 51.608898619145918 ], [ -0.41724981813661, 51.608894589427713 ], [ -0.417244412347624, 51.608893887085713 ], [ -0.417125220014192, 51.609081527242061 ], [ -0.417027881605543, 51.609227556904635 ], [ -0.417010068182572, 51.60925429420999 ], [ -0.417014583485713, 51.609255685971753 ], [ -0.417012291485212, 51.609259297028728 ], [ -0.416984002928829, 51.609255039886925 ], [ -0.416824987252627, 51.609204201633013 ], [ -0.416762275702585, 51.60918417958424 ], [ -0.416747309358884, 51.609179944650386 ], [ -0.416722253476633, 51.609172853439482 ], [ -0.416658012214841, 51.609154667657052 ], [ -0.416577896024257, 51.60913200532368 ], [ -0.416564409854912, 51.609128190492982 ], [ -0.4165109946163, 51.609113073182115 ], [ -0.416424405697608, 51.609086964760699 ], [ -0.41631156353835, 51.609052903535371 ], [ -0.416285009254436, 51.60904488378111 ], [ -0.416204388366495, 51.609020550778055 ], [ -0.416166514614894, 51.60900912303422 ], [ -0.416129712772287, 51.60900009274603 ], [ -0.416000462544055, 51.608968377246981 ], [ -0.415949756428369, 51.60895593102785 ], [ -0.415758036521747, 51.608908890092394 ], [ -0.415757098333299, 51.608911984337595 ], [ -0.415756862084964, 51.608916279557832 ], [ -0.415756665315658, 51.60891985591195 ], [ -0.415807052470343, 51.609001171352233 ], [ -0.415812358191293, 51.609009722849521 ], [ -0.415786759866583, 51.60903438557817 ], [ -0.415717513558814, 51.609116793628814 ], [ -0.415704088750918, 51.609132780978619 ], [ -0.415693683815134, 51.609153287330848 ], [ -0.415685307612204, 51.609180646351305 ], [ -0.41567623084424, 51.609210289001737 ], [ -0.415671928692999, 51.609224340160466 ], [ -0.415681575618757, 51.609303550233527 ], [ -0.415679542837659, 51.609331228648976 ], [ -0.415678475816957, 51.609345692151116 ], [ -0.415678926332305, 51.609355562985037 ], [ -0.415679227522253, 51.609362257457214 ], [ -0.415712721695836, 51.609454234894052 ], [ -0.41555217848884, 51.609551750293789 ], [ -0.41552646131188, 51.609567373910302 ], [ -0.41551655600174, 51.609574775945163 ], [ -0.415471289798463, 51.609624226248904 ], [ -0.415467836237855, 51.609628010441483 ], [ -0.415160100217715, 51.609758960238402 ], [ -0.414986041353903, 51.609724957205941 ], [ -0.414802064337077, 51.609662259892701 ], [ -0.414789518328872, 51.609657989941866 ], [ -0.414687982554018, 51.609704576004397 ], [ -0.41467511079501, 51.609710481132986 ], [ -0.414581192007341, 51.609772223357432 ], [ -0.414578087851558, 51.609774267699429 ], [ -0.414570102879335, 51.609786650439489 ], [ -0.414447443083508, 51.609976839755483 ], [ -0.414433567690504, 51.609972587784775 ], [ -0.414221549164008, 51.609907649449475 ], [ -0.414080572979178, 51.609864469915756 ], [ -0.414034495454496, 51.609850358827813 ], [ -0.413787799668877, 51.609783413606593 ], [ -0.413773488954329, 51.609778602640155 ], [ -0.413776569040157, 51.609774143513476 ] ] ] } },
{ "type": "Feature", "properties": { "lsoa21cd": "E01002475", "lsoa21nm": "Hillingdon 001B", "msoa21cd": "E02000494", "msoa21nm": "Hillingdon 001", "lad22cd": "E09000017", "lad22nm": "Hillingdon", "index_right": 137, "GSS_CODE": "E05000335", "risk_score": 0.001014559138483098, "allocation_hours": 0.022824688879441751, "patrol_units": 0 }, "geometry": { "type": "Polygon", "coordinates": [ [ [ -0.443279418901276, 51.619484014126485 ], [ -0.4432406935649, 51.619482674473979 ], [ -0.443133481294561, 51.619489403204874 ], [ -0.442830759881038, 51.619560862727631 ], [ -0.442490695390231, 51.619605775846345 ], [ -0.44224556224685, 51.61868525248785 ], [ -0.441865675662183, 51.618246867963386 ], [ -0.441875998484609, 51.618243227799937 ], [ -0.442028560530322, 51.618189404376821 ], [ -0.442140728093463, 51.618166546770652 ], [ -0.442225999255847, 51.618149169119974 ], [ -0.442636533757125, 51.618158551382649 ], [ -0.442652802381891, 51.618163505775001 ], [ -0.442877916410586, 51.618232130580338 ], [ -0.442884163503452, 51.61823403873651 ], [ -0.4429063244726, 51.618235653910382 ], [ -0.442911876293566, 51.618233820965266 ], [ -0.442919400681837, 51.618231330691856 ], [ -0.442928043000677, 51.618223189919924 ], [ -0.443184547733435, 51.617981627663198 ], [ -0.443180150100177, 51.617972109338353 ], [ -0.44304561167257, 51.617681583570253 ], [ -0.443098241171817, 51.617657950704874 ], [ -0.443127538207583, 51.617645200284251 ], [ -0.442963200573657, 51.617639716403787 ], [ -0.442884350092222, 51.617637090232343 ], [ -0.442856763377869, 51.617636167607721 ], [ -0.442729880703432, 51.61719786507571 ], [ -0.442700832815001, 51.617189423300211 ], [ -0.442554301890096, 51.617147179386755 ], [ -0.442545065752544, 51.617146301763015 ], [ -0.44250467913743, 51.617142493908247 ], [ -0.442425634181714, 51.617135026928615 ], [ -0.442331168105894, 51.617160295050567 ], [ -0.442184330199122, 51.617126391844721 ], [ -0.442113720246216, 51.617110088845955 ], [ -0.442108581855614, 51.61710997584715 ], [ -0.441844709714532, 51.617104044703105 ], [ -0.4417930227823, 51.617102906076795 ], [ -0.441784734429627, 51.617101137202056 ], [ -0.441673866724905, 51.617075798392825 ], [ -0.441601969947912, 51.617062701815982 ], [ -0.441561488908816, 51.617056806124097 ], [ -0.441521459314442, 51.617052490076844 ], [ -0.441501102178594, 51.617050943496359 ], [ -0.441467340704271, 51.617048126769888 ], [ -0.44146064059058, 51.617045956263475 ], [ -0.441444459071219, 51.617041425534836 ], [ -0.441385672388372, 51.617027018724656 ], [ -0.441340954983063, 51.617027357056074 ], [ -0.441184094293013, 51.617029685235067 ], [ -0.440807376010188, 51.616935443296505 ], [ -0.440800653761954, 51.616933919912746 ], [ -0.440790967820294, 51.616934578391778 ], [ -0.440706588560212, 51.616924305799031 ], [ -0.440649770110402, 51.616917383927266 ], [ -0.440561638891797, 51.616909957073261 ], [ -0.440557495206129, 51.616909902151008 ], [ -0.44047600753671, 51.616908822047272 ], [ -0.440471676158255, 51.616908764634069 ], [ -0.440402586499456, 51.616914921396486 ], [ -0.440277903685187, 51.616902014479763 ], [ -0.440266203824083, 51.61690116695511 ], [ -0.440243567772073, 51.616899526988632 ], [ -0.440186078884783, 51.616897415963386 ], [ -0.440165756097071, 51.616897398318372 ], [ -0.440128014085538, 51.616897356551341 ], [ -0.440111736074051, 51.616897329575806 ], [ -0.440079170085516, 51.616898408538134 ], [ -0.44005370349492, 51.61690012116987 ], [ -0.440047650099723, 51.616899312518264 ], [ -0.440016205383266, 51.616895073789941 ], [ -0.439973530438456, 51.616890614206355 ], [ -0.439949464741734, 51.616888964217978 ], [ -0.439925110905163, 51.616887292418859 ], [ -0.439780426253683, 51.616891335840222 ], [ -0.439716749028173, 51.616882245282667 ], [ -0.439696294837973, 51.616879321240752 ], [ -0.439639377687099, 51.616874861494686 ], [ -0.439601201240529, 51.616873168170088 ], [ -0.439581868064201, 51.616872093442112 ], [ -0.439563560332606, 51.616861338411006 ], [ -0.439435075314774, 51.616786021726831 ], [ -0.439401715332727, 51.616766461194196 ], [ -0.43939235654069, 51.616763900088642 ], [ -0.439290271546078, 51.616735874191129 ], [ -0.439241961745622, 51.616722625849135 ], [ -0.438980695842396, 51.616650933526344 ], [ -0.438776683481831, 51.616664385951893 ], [ -0.438838385467769, 51.616605602449532 ], [ -0.438773369095749, 51.616578733375739 ], [ -0.43874459902935, 51.616566859169993 ], [ -0.438635388606101, 51.616521733254281 ], [ -0.438498120796347, 51.616465021169105 ], [ -0.438461973950823, 51.616450081444455 ], [ -0.438421853308265, 51.616433506279449 ], [ -0.438301442018618, 51.61638816837597 ], [ -0.438206955310808, 51.616352598644582 ], [ -0.438164517649556, 51.616336622092803 ], [ -0.438009769025733, 51.616278355365829 ], [ -0.437948708317392, 51.616255360095479 ], [ -0.43793554623978, 51.616250410305206 ], [ -0.43776290215171, 51.616185403995438 ], [ -0.437725726551898, 51.616171412543721 ], [ -0.437713134930219, 51.616166677128057 ], [ -0.437525860963943, 51.616096161549372 ], [ -0.437471431507138, 51.616075664061285 ], [ -0.437371741260189, 51.616038136005677 ], [ -0.437249563801186, 51.615992134921321 ], [ -0.437232951217635, 51.615985880248431 ], [ -0.437155663943081, 51.615956769840032 ], [ -0.436806616026279, 51.615825346432324 ], [ -0.436817069311056, 51.615806978709628 ], [ -0.436838425352438, 51.615769772631793 ], [ -0.436873716407613, 51.615708292038484 ], [ -0.436897961438902, 51.615666034573671 ], [ -0.436661970911543, 51.615606447871187 ], [ -0.436633600824121, 51.615637180501629 ], [ -0.436628460839331, 51.615643002300182 ], [ -0.436614394391903, 51.615682652282644 ], [ -0.436548346599006, 51.615779361467588 ], [ -0.43651008719471, 51.615780111920927 ], [ -0.436504512284345, 51.615780937078 ], [ -0.436280077425314, 51.615814184819556 ], [ -0.436262278109806, 51.615816825825497 ], [ -0.436004567713376, 51.615915060483765 ], [ -0.435994659024664, 51.615918840502857 ], [ -0.435832090949279, 51.616115369338864 ], [ -0.435845937644461, 51.616139464628894 ], [ -0.435359673890735, 51.615946690460213 ], [ -0.435338270655609, 51.615938204572295 ], [ -0.435433655119506, 51.615842191777709 ], [ -0.435539183662727, 51.615735963419866 ], [ -0.435550419811181, 51.615724665335115 ], [ -0.435637843444389, 51.615636666841176 ], [ -0.435640955571393, 51.615633533858215 ], [ -0.43565368858897, 51.615620708955298 ], [ -0.435782572400183, 51.615490951807161 ], [ -0.435802097640552, 51.615471301946108 ], [ -0.43583202131473, 51.615441188142199 ], [ -0.435862930832339, 51.615404666763801 ], [ -0.435883646732279, 51.615380212721995 ], [ -0.435889077076508, 51.615374349848757 ], [ -0.435912222537025, 51.615349388557391 ], [ -0.435967198082508, 51.615290112291802 ], [ -0.435959210827096, 51.615287164443892 ], [ -0.435944291702829, 51.615281660466387 ], [ -0.435483294051888, 51.615111712419925 ], [ -0.435319668648536, 51.615051390049857 ], [ -0.435254686465983, 51.615027432716595 ], [ -0.43518274400769, 51.615000909790297 ], [ -0.435110707469468, 51.615069481882934 ], [ -0.434911009118518, 51.614954381859697 ], [ -0.434909495450764, 51.614951358202404 ], [ -0.434830330644127, 51.614792215476349 ], [ -0.434824807540614, 51.614787339947625 ], [ -0.434808385807165, 51.614772832227345 ], [ -0.434727258634507, 51.614775025863928 ], [ -0.434715532090542, 51.614775391368788 ], [ -0.434627887479264, 51.614803279874749 ], [ -0.434244332381016, 51.614785189101084 ], [ -0.434218346862353, 51.614774519702344 ], [ -0.434212778022921, 51.614772233395065 ], [ -0.434189406958192, 51.614753379596081 ], [ -0.434185106752096, 51.614749905173937 ], [ -0.434119425021313, 51.614739997698528 ], [ -0.433882822116316, 51.614610749242324 ], [ -0.433875137985004, 51.614606555308569 ], [ -0.433660273109228, 51.614728573685412 ], [ -0.4336364517329, 51.614742095985527 ], [ -0.433630721120098, 51.614745346912464 ], [ -0.433534682005607, 51.614740371896303 ], [ -0.433525309884593, 51.614739896361925 ], [ -0.433337963596168, 51.61461815070453 ], [ -0.433175456064855, 51.61456952141085 ], [ -0.433089452388905, 51.614550390558776 ], [ -0.433095385714611, 51.614548383331758 ], [ -0.433361902521076, 51.61445822221809 ], [ -0.433367942373717, 51.614455218221813 ], [ -0.433396347858352, 51.614446568050703 ], [ -0.433548279082025, 51.614389186794234 ], [ -0.433557323182086, 51.614385764178813 ], [ -0.433614826718864, 51.61436009189292 ], [ -0.433733354211235, 51.614307175451266 ], [ -0.433737880380514, 51.614304924637452 ], [ -0.433785404047423, 51.614281322540087 ], [ -0.433861685489928, 51.614243445481556 ], [ -0.434086033337094, 51.61413202024854 ], [ -0.434139769323682, 51.614099971262036 ], [ -0.434204005006945, 51.614061650331337 ], [ -0.434233497866838, 51.614044057831165 ], [ -0.434351159679828, 51.613982676190822 ], [ -0.43439604705132, 51.613943328728958 ], [ -0.434426270730243, 51.613927369061614 ], [ -0.434446139789867, 51.613908429911746 ], [ -0.434450838316345, 51.613895714019293 ], [ -0.434544275587878, 51.613813407763487 ], [ -0.434557216944692, 51.613802078517807 ], [ -0.434634138360859, 51.613734650877134 ], [ -0.434661310581341, 51.613705157189287 ], [ -0.434760089756349, 51.613597918005297 ], [ -0.434770944815894, 51.613586142814832 ], [ -0.434807239950222, 51.613546725795459 ], [ -0.434814171441186, 51.613539210323644 ], [ -0.434841305314786, 51.613502009448425 ], [ -0.434865999140961, 51.613468139316304 ], [ -0.4348895701654, 51.613435836933164 ], [ -0.434925010702554, 51.613387245172525 ], [ -0.434934484274657, 51.613374269087132 ], [ -0.434941229954352, 51.613365015588741 ], [ -0.435009548452639, 51.61327135899969 ], [ -0.435041965267514, 51.613226895035297 ], [ -0.435046232005146, 51.613220634541662 ], [ -0.435051601220169, 51.613212765562089 ], [ -0.435116439683968, 51.613117812665884 ], [ -0.43517946868846, 51.613025488480886 ], [ -0.435192045529393, 51.613004841661343 ], [ -0.435117016799349, 51.613011195530767 ], [ -0.435002884956912, 51.613095195910724 ], [ -0.434844691084593, 51.613035915862589 ], [ -0.434678122931873, 51.613017683534032 ], [ -0.434658884814567, 51.61301557504347 ], [ -0.434627809745061, 51.61300865986324 ], [ -0.434615869680354, 51.613006010018871 ], [ -0.434556962144977, 51.612983994587395 ], [ -0.434531950200595, 51.612974651151085 ], [ -0.434326132672159, 51.613116503131614 ], [ -0.434318757770635, 51.613119696242002 ], [ -0.434264802411692, 51.613143051115678 ], [ -0.434258864576886, 51.613145615887134 ], [ -0.434175408849063, 51.613168335216933 ], [ -0.434133782939344, 51.613179669238342 ], [ -0.433853449049227, 51.613217720834491 ], [ -0.433712375758705, 51.613087630914407 ], [ -0.433988699772717, 51.612721131373895 ], [ -0.433994344866696, 51.612713643785902 ], [ -0.434013088000921, 51.612672230782024 ], [ -0.434014940210852, 51.612662480525913 ], [ -0.434021680885171, 51.612658829361237 ], [ -0.434176672557815, 51.61259289994986 ], [ -0.434195337022344, 51.612580199118668 ], [ -0.434459228530587, 51.612400569129406 ], [ -0.434474180805171, 51.612390390715632 ], [ -0.43448181223513, 51.612385195664025 ], [ -0.43449485672037, 51.612376313763079 ], [ -0.434503688540715, 51.612376107574754 ], [ -0.434507967717392, 51.612376829976547 ], [ -0.434569885557361, 51.612387312045044 ], [ -0.434621594459524, 51.61239604855092 ], [ -0.434738910359428, 51.612436916254403 ], [ -0.435010721409283, 51.612531592293429 ], [ -0.435016249740562, 51.612535258403078 ], [ -0.435028675533728, 51.612532811444439 ], [ -0.435538956361598, 51.612432239765688 ], [ -0.435547381611461, 51.612434195339951 ], [ -0.435841508382501, 51.612502616462109 ], [ -0.435847626884862, 51.612521883463081 ], [ -0.435862735701007, 51.612539485034304 ], [ -0.435872626009729, 51.612550708910199 ], [ -0.435882258162806, 51.612556839566849 ], [ -0.435936192144566, 51.612589921180295 ], [ -0.435960586743867, 51.61260041623936 ], [ -0.43602224238271, 51.612626937033653 ], [ -0.436026132025803, 51.61262806787488 ], [ -0.436159885337986, 51.612666842159022 ], [ -0.436172956089172, 51.612670630997329 ], [ -0.436231339492084, 51.61267974803603 ], [ -0.436280860831377, 51.612729024799215 ], [ -0.436296762304823, 51.612737860112745 ], [ -0.436400886317466, 51.612795744881453 ], [ -0.436404287753201, 51.612797633582474 ], [ -0.436429154719445, 51.612804897492104 ], [ -0.436443794331323, 51.612808846540723 ], [ -0.436449930811746, 51.612808060356414 ], [ -0.436570706314151, 51.612810529510639 ], [ -0.436575100721838, 51.612806640212803 ], [ -0.436771461498099, 51.612632889185285 ], [ -0.436769314020441, 51.612623931046627 ], [ -0.436767330124631, 51.612615676500482 ], [ -0.436762660161837, 51.61261035378152 ], [ -0.436723868371161, 51.612566156804817 ], [ -0.436724389638584, 51.612550988827572 ], [ -0.436727434018592, 51.612545615794723 ], [ -0.436758523337935, 51.612490751994542 ], [ -0.436761076709443, 51.612478232358967 ], [ -0.436771130599061, 51.612429014978744 ], [ -0.436771979455391, 51.612424907682048 ], [ -0.436755448759712, 51.6123293130562 ], [ -0.436754760251758, 51.61232539214857 ], [ -0.436760118097367, 51.612309016030366 ], [ -0.436798809422031, 51.612301913749306 ], [ -0.436814417803054, 51.612301204019182 ], [ -0.436848716311975, 51.612299627686866 ], [ -0.436884229638245, 51.612298004546773 ], [ -0.437008185349978, 51.61231842876272 ], [ -0.437209059557663, 51.612357077912534 ], [ -0.437220074546672, 51.612357224313925 ], [ -0.43723129164567, 51.612357373400528 ], [ -0.437257992165759, 51.612366756772786 ], [ -0.437262787837678, 51.612366739577837 ], [ -0.437296992282476, 51.612367481934029 ], [ -0.43769742866713, 51.612435499067132 ], [ -0.437731614180384, 51.612435953279622 ], [ -0.437759244555209, 51.612444676239569 ], [ -0.43776173233712, 51.612440660859832 ], [ -0.437764375209488, 51.612437512621192 ], [ -0.437858428425249, 51.612325002325768 ], [ -0.437884308547849, 51.612265118757087 ], [ -0.437901682296779, 51.612224775327789 ], [ -0.437901356450019, 51.612220805297653 ], [ -0.437901064035445, 51.612217123472313 ], [ -0.43786774868604, 51.612142546521348 ], [ -0.437857947767734, 51.612130600135195 ], [ -0.437818797262193, 51.612082950172237 ], [ -0.437816093607402, 51.612079667950198 ], [ -0.437566498985411, 51.612104246267293 ], [ -0.437405488667391, 51.612060534107833 ], [ -0.437233442931003, 51.611943709632712 ], [ -0.437228587704178, 51.611940416780016 ], [ -0.437183254687176, 51.611909635281947 ], [ -0.437171042301764, 51.611890534680732 ], [ -0.437101297643795, 51.611869518274389 ], [ -0.437052366560935, 51.611854767533607 ], [ -0.437025158971134, 51.611800882287113 ], [ -0.437029264512391, 51.611796989142505 ], [ -0.437325121500303, 51.611516263276762 ], [ -0.437089365603818, 51.611442272785318 ], [ -0.436952114677652, 51.61131433229987 ], [ -0.436969757601104, 51.611308622798688 ], [ -0.436989868945187, 51.611300428202746 ], [ -0.437015223749156, 51.611290109135744 ], [ -0.437049264510241, 51.611276254570377 ], [ -0.437076842217408, 51.611262188180191 ], [ -0.437121456789573, 51.611233987196307 ], [ -0.437131787762829, 51.61122586938928 ], [ -0.437223537591325, 51.611153683022366 ], [ -0.437611348044287, 51.611213898840248 ], [ -0.43781710850811, 51.611095827617461 ], [ -0.437913490574055, 51.611040536372109 ], [ -0.437917025344763, 51.610960307105522 ], [ -0.437898854666719, 51.610892226078562 ], [ -0.437923067950732, 51.610867188909353 ], [ -0.437982845175846, 51.61080536827766 ], [ -0.438133095276085, 51.610650004526953 ], [ -0.438378272505175, 51.610507313257841 ], [ -0.438443763088454, 51.610469191707558 ], [ -0.438441145101625, 51.610286487507217 ], [ -0.438341109323943, 51.610164924133443 ], [ -0.438602799729431, 51.609698370905896 ], [ -0.438598719290174, 51.609694809621779 ], [ -0.438553862755598, 51.609655653844563 ], [ -0.438543037497808, 51.609646211778106 ], [ -0.438343352580243, 51.609552833385294 ], [ -0.438293605701315, 51.609505744050573 ], [ -0.438285841233578, 51.609501801079432 ], [ -0.438077864156554, 51.609396118101252 ], [ -0.438069915152301, 51.609392082735226 ], [ -0.437747007259847, 51.609367216248359 ], [ -0.437716596394966, 51.609322308013773 ], [ -0.437712914320522, 51.609316611764143 ], [ -0.437412642129888, 51.60926050387188 ], [ -0.437290595442058, 51.609283129575154 ], [ -0.437241284527112, 51.609223599809802 ], [ -0.437239288805087, 51.609219895327271 ], [ -0.437234739474173, 51.6092114897653 ], [ -0.437227968529495, 51.609188297914002 ], [ -0.437225952501202, 51.609181400811224 ], [ -0.43722489309697, 51.609151279718894 ], [ -0.437229344865632, 51.609133515709154 ], [ -0.4372742880673, 51.608953992840924 ], [ -0.437275008510896, 51.60895109783187 ], [ -0.437275727410661, 51.608948247764964 ], [ -0.437213799306962, 51.608942397486359 ], [ -0.437105101530164, 51.60893212139181 ], [ -0.437057481557852, 51.608926803014043 ], [ -0.436992022043597, 51.608919493822484 ], [ -0.43682843109708, 51.608901221445628 ], [ -0.43646495205811, 51.608860623053424 ], [ -0.436347571323924, 51.608847514961582 ], [ -0.436342680909349, 51.608850930012288 ], [ -0.436156367280111, 51.608828424605143 ], [ -0.436099954325765, 51.608821370237116 ], [ -0.436079836637807, 51.608818854421187 ], [ -0.436059963270202, 51.60881637332642 ], [ -0.436058647725724, 51.608813051093975 ], [ -0.436114716320871, 51.608780965749553 ], [ -0.436563095970555, 51.608490243551124 ], [ -0.436584918984257, 51.608487467442444 ], [ -0.436674079148522, 51.608473901408054 ], [ -0.436853929266706, 51.608574792421017 ], [ -0.436864582046416, 51.608575365746866 ], [ -0.437141222721895, 51.608590258471082 ], [ -0.437328025969439, 51.608542780489586 ], [ -0.437340326000616, 51.608535759081619 ], [ -0.437441156066675, 51.608478217266615 ], [ -0.437453711405029, 51.608477637827001 ], [ -0.437720687734056, 51.608465261558763 ], [ -0.437740620118055, 51.608464339525746 ], [ -0.437808676713044, 51.60846118861334 ], [ -0.43781940950976, 51.6084606928179 ], [ -0.437878301856196, 51.608465351371741 ], [ -0.438051767645987, 51.608479059361109 ], [ -0.438227096437652, 51.608385062592724 ], [ -0.438250450154935, 51.608376605328708 ], [ -0.438379400703656, 51.608329885693394 ], [ -0.43851436092758, 51.608280997678172 ], [ -0.438519932574018, 51.608278976473812 ], [ -0.438695112791723, 51.608242285831345 ], [ -0.438789502855365, 51.608222524524052 ], [ -0.438883174640591, 51.608210226303015 ], [ -0.438948601274642, 51.608201635381391 ], [ -0.439008966732704, 51.608230700380055 ], [ -0.439033308608838, 51.608237633129654 ], [ -0.439122637974138, 51.60826309014066 ], [ -0.439498673545019, 51.608254154700298 ], [ -0.439536975266181, 51.608253242484409 ], [ -0.440031251617719, 51.608294650102188 ], [ -0.440048066602121, 51.608298299406904 ], [ -0.440250732368474, 51.608342372391789 ], [ -0.440243741030319, 51.608566963678321 ], [ -0.440238947483889, 51.608721542337719 ], [ -0.440350441015438, 51.608921795316675 ], [ -0.440261570639082, 51.609017487498747 ], [ -0.440259487089626, 51.609019707969587 ], [ -0.44026065341899, 51.609037712917072 ], [ -0.44030916933602, 51.609108538613611 ], [ -0.440315142129003, 51.6091120889743 ], [ -0.440716749235976, 51.609350862506119 ], [ -0.440726288980232, 51.609356528431597 ], [ -0.440662212848199, 51.609393096061027 ], [ -0.440543575999634, 51.609460800134556 ], [ -0.440387266949094, 51.609539658508112 ], [ -0.440383563566976, 51.609541524766961 ], [ -0.440373026572391, 51.609546834396227 ], [ -0.440222418984769, 51.609622818713575 ], [ -0.440216599274315, 51.609625753967329 ], [ -0.4401614733972, 51.609653564572078 ], [ -0.440146744409682, 51.609662352601845 ], [ -0.44014059755328, 51.609665562278245 ], [ -0.439842433725599, 51.609821140805863 ], [ -0.439747848706839, 51.609870504072639 ], [ -0.439739246037271, 51.60987499403835 ], [ -0.439766032987178, 51.609890672811623 ], [ -0.43978010581688, 51.609898916882521 ], [ -0.439807657791327, 51.609905343531373 ], [ -0.439992813708286, 51.609948527997545 ], [ -0.440887420435798, 51.610157206767255 ], [ -0.440919170987888, 51.610164606050141 ], [ -0.440998560926983, 51.610183131373383 ], [ -0.441078724919976, 51.610201828767558 ], [ -0.441119168910186, 51.610222742064252 ], [ -0.441117504250873, 51.610225381759776 ], [ -0.441030329225638, 51.610362817637643 ], [ -0.440730549550368, 51.610835604697023 ], [ -0.440695839935788, 51.610868596326242 ], [ -0.440634004503471, 51.610927369275849 ], [ -0.440539436838261, 51.610961014664738 ], [ -0.440539851034238, 51.610989800588911 ], [ -0.440544971677374, 51.611344540874192 ], [ -0.440503989982467, 51.611604091237034 ], [ -0.440503012876591, 51.611610265101874 ], [ -0.440468819180226, 51.611826620216711 ], [ -0.44046144669841, 51.611873157423503 ], [ -0.440447040375756, 51.611964356901915 ], [ -0.440486793607278, 51.611959956310677 ], [ -0.44048801142281, 51.611988892274894 ], [ -0.440496985370055, 51.61220151255835 ], [ -0.440502739378773, 51.612337851894459 ], [ -0.440366868985897, 51.612484182883449 ], [ -0.440364139853212, 51.612487114202729 ], [ -0.440569969171472, 51.612538475445774 ], [ -0.440587340149947, 51.61254280638942 ], [ -0.44065553691825, 51.612555967535336 ], [ -0.440608665081614, 51.612618023499003 ], [ -0.440586037695862, 51.612688242418372 ], [ -0.44056098808385, 51.612765919947996 ], [ -0.440513228405884, 51.612914112054348 ], [ -0.440461524614117, 51.613074544572441 ], [ -0.440447043675056, 51.613119458792262 ], [ -0.440443672295406, 51.613130169083881 ], [ -0.440331199928717, 51.61348747732751 ], [ -0.440460215954725, 51.613578249817628 ], [ -0.441075441367078, 51.613748271227713 ], [ -0.442069740686121, 51.613815410764587 ], [ -0.442273535407612, 51.613828145831825 ], [ -0.44371278466117, 51.613918087469315 ], [ -0.444206758977973, 51.613891719834356 ], [ -0.444523085389781, 51.613874843740845 ], [ -0.444708170663883, 51.613879728465591 ], [ -0.445798641071828, 51.613908451038554 ], [ -0.445343810633937, 51.613479167357291 ], [ -0.445462211899612, 51.61291968783474 ], [ -0.44561801563496, 51.61269844822494 ], [ -0.445653810903505, 51.612648833743279 ], [ -0.445855444927282, 51.612405053354706 ], [ -0.446027171825491, 51.612197449582254 ], [ -0.446456848220679, 51.61192424663566 ], [ -0.446478771725737, 51.611910310355853 ], [ -0.446592450609818, 51.611842229258947 ], [ -0.446613437857764, 51.611829485569672 ], [ -0.446644566271208, 51.61181117468827 ], [ -0.446747353495368, 51.611750745976266 ], [ -0.446770749923478, 51.61173638848723 ], [ -0.446836868484858, 51.611695789082923 ], [ -0.446845100047807, 51.611690736197019 ], [ -0.446871791256312, 51.611676323300522 ], [ -0.447327337782544, 51.611430229983455 ], [ -0.447391976096622, 51.611395311953729 ], [ -0.447489573617871, 51.611342583614203 ], [ -0.448094980311838, 51.611034351207493 ], [ -0.448136272875364, 51.611023727772036 ], [ -0.448261519699071, 51.610991515764802 ], [ -0.449130082604401, 51.610768141763209 ], [ -0.44902387431766, 51.610640982668023 ], [ -0.449446409021243, 51.610540761638426 ], [ -0.450086794159937, 51.610396336846691 ], [ -0.450364780368975, 51.610334852257843 ], [ -0.450442429607021, 51.610317675366701 ], [ -0.45050880102148, 51.610302993517429 ], [ -0.450596028507104, 51.610286149608605 ], [ -0.450629942726391, 51.610282648978647 ], [ -0.450673465849602, 51.610278159935156 ], [ -0.450687350162156, 51.610276733301212 ], [ -0.450827919978732, 51.610262228853102 ], [ -0.450943100658515, 51.610272739015819 ], [ -0.451000538032386, 51.610282488194372 ], [ -0.45111449500161, 51.610328951303941 ], [ -0.451128090556917, 51.610336432193847 ], [ -0.451583979964886, 51.610258252721131 ], [ -0.45128630780431, 51.610419982544101 ], [ -0.451845713745805, 51.610684937367829 ], [ -0.452123097581452, 51.610810064022822 ], [ -0.452468445529732, 51.610965868612119 ], [ -0.452580846241038, 51.611031411738523 ], [ -0.452767084765454, 51.611140057060986 ], [ -0.452797716059812, 51.611157932891807 ], [ -0.452839883803389, 51.611178874293017 ], [ -0.452952610739375, 51.611234853520415 ], [ -0.453162587492394, 51.61130164618514 ], [ -0.453190234700495, 51.61131044532226 ], [ -0.45377065994336, 51.61149508852408 ], [ -0.453832670511341, 51.611514816209549 ], [ -0.453874994240325, 51.611526515191692 ], [ -0.454031411648875, 51.611569760242446 ], [ -0.454041572769401, 51.611572501843348 ], [ -0.454064247415792, 51.611577611374102 ], [ -0.454090139933092, 51.611583442200832 ], [ -0.454338442324804, 51.611638791168112 ], [ -0.45508254240603, 51.611789793560398 ], [ -0.455927176856465, 51.611970780979803 ], [ -0.456219519884884, 51.612029740033151 ], [ -0.456453983162483, 51.612077020582092 ], [ -0.456561453396715, 51.612098693397208 ], [ -0.456604626328254, 51.61211349585006 ], [ -0.456615162683566, 51.612117105408316 ], [ -0.457068408544922, 51.61227251568436 ], [ -0.457130770111034, 51.612293891724015 ], [ -0.456826480578372, 51.612362674923979 ], [ -0.456489151206125, 51.612434673761044 ], [ -0.456065624449951, 51.612545859226529 ], [ -0.455987551875931, 51.612562708901919 ], [ -0.455965596699084, 51.612567446776112 ], [ -0.455791059968928, 51.612594924136907 ], [ -0.455640249581775, 51.612618666895685 ], [ -0.455556629441901, 51.612635551212797 ], [ -0.455347682384958, 51.61270108906831 ], [ -0.454886245246108, 51.612892000676005 ], [ -0.454560507242305, 51.613047748020541 ], [ -0.454301881610744, 51.613149579345674 ], [ -0.45378464128952, 51.61335324056094 ], [ -0.452467575886537, 51.613898181511132 ], [ -0.451772846147151, 51.614165677848376 ], [ -0.451317369586648, 51.614346014256469 ], [ -0.450851945913436, 51.61453029723949 ], [ -0.450705241829487, 51.614588388636477 ], [ -0.450700029629191, 51.614590451160055 ], [ -0.450606999654469, 51.614627290206549 ], [ -0.450588522403112, 51.614634609347377 ], [ -0.450570470254526, 51.614641745247006 ], [ -0.450488918082616, 51.614671514581801 ], [ -0.450182379088799, 51.614783431943273 ], [ -0.450162049441144, 51.614790852512719 ], [ -0.450114238419583, 51.614808297104474 ], [ -0.449862257053493, 51.614889540424237 ], [ -0.449760246577038, 51.614922420828428 ], [ -0.449738734422717, 51.614929358149261 ], [ -0.449657761379302, 51.614958631052566 ], [ -0.44962174240456, 51.614971653797433 ], [ -0.449503012909554, 51.615018728348495 ], [ -0.449390213328413, 51.615063444046456 ], [ -0.449170585975789, 51.615163681758631 ], [ -0.448878911136497, 51.615325348985962 ], [ -0.448836918821183, 51.615353840522523 ], [ -0.448741208024936, 51.615418798005912 ], [ -0.448616283108494, 51.615512793107229 ], [ -0.448611064697305, 51.615516725879559 ], [ -0.44850118603098, 51.615599400133178 ], [ -0.448243669779546, 51.615793142780284 ], [ -0.448197202570866, 51.615832536800674 ], [ -0.448179517137299, 51.615847527559076 ], [ -0.448124621642578, 51.615907034178804 ], [ -0.448110627902475, 51.615922199522885 ], [ -0.448037771010707, 51.616020019391705 ], [ -0.448025276628171, 51.616041193417118 ], [ -0.447976445896741, 51.616124025241291 ], [ -0.447923452105443, 51.616235307899061 ], [ -0.447806367864475, 51.616570976525615 ], [ -0.447794095102423, 51.616599617124535 ], [ -0.447787409071516, 51.616615229567699 ], [ -0.447771119987153, 51.616653205197665 ], [ -0.44776595617718, 51.616665267758385 ], [ -0.447704360338597, 51.616808908312734 ], [ -0.447599491664132, 51.616971922970997 ], [ -0.447446423223881, 51.617164066341175 ], [ -0.447436327529968, 51.617176729469065 ], [ -0.447372538326984, 51.617273258647231 ], [ -0.447187102927349, 51.617601430223196 ], [ -0.446946128822232, 51.617956124785756 ], [ -0.446928464169928, 51.617983579570279 ], [ -0.446844686025916, 51.618113800375539 ], [ -0.446768846985553, 51.618231693779975 ], [ -0.446606009899473, 51.618484792101228 ], [ -0.446477517504831, 51.61868450999583 ], [ -0.44636447837918, 51.618836079062895 ], [ -0.446267471236654, 51.618966124823629 ], [ -0.446111676234269, 51.619146768410822 ], [ -0.446097327411964, 51.619163394921991 ], [ -0.446083988336545, 51.619176680558638 ], [ -0.446076870432322, 51.619183762584683 ], [ -0.44594031222573, 51.619319679450761 ], [ -0.445703401592993, 51.619528719663009 ], [ -0.445607636462237, 51.619593801417182 ], [ -0.445549357768286, 51.619624622246064 ], [ -0.445513013032286, 51.619639843039785 ], [ -0.445461866590868, 51.619661261953247 ], [ -0.445362727745883, 51.619695922227464 ], [ -0.44535793895589, 51.619696983021989 ], [ -0.445240370528382, 51.619723108600134 ], [ -0.445211433818095, 51.619724452815589 ], [ -0.445203664480754, 51.619724808774606 ], [ -0.445128863174745, 51.61972828065732 ], [ -0.44512009540397, 51.619728686365079 ], [ -0.445012751813025, 51.61972234895552 ], [ -0.445000981670765, 51.619721505484215 ], [ -0.444910751952938, 51.619710551671268 ], [ -0.444801766538849, 51.619697313092679 ], [ -0.444789610595584, 51.619695839520844 ], [ -0.444656529044975, 51.619679683487448 ], [ -0.444538581594939, 51.619665355007847 ], [ -0.444407494093731, 51.61964644186331 ], [ -0.444307311486339, 51.619631992797999 ], [ -0.444159010737178, 51.619610599166002 ], [ -0.443899735366437, 51.619579239867605 ], [ -0.443603072078236, 51.619543347816922 ], [ -0.443526467033459, 51.619534106366373 ], [ -0.443484922001491, 51.619521875521308 ], [ -0.443443361937985, 51.619509662447292 ], [ -0.44328667636936, 51.619484263015025 ], [ -0.443279418901276, 51.619484014126485 ] ] ] } },
{ "type": "Feature", "properties": { "lsoa21cd": "E01002533", "lsoa21nm": "Hillingdon 005A", "msoa21cd": "E02000498", "msoa21nm": "Hillingdon 005", "lad22cd": "E09000017", "lad22nm": "Hillingdon", "index_right": 137, "GSS_CODE": "E05000335", "risk_score": 7.7388763044587074, "allocation_hours": 174.1026592001829, "patrol_units": 87 }, "geometry": { "type": "Polygon", "coordinates": [ [ [ -0.443032276149804, 51.596463451721903 ], [ -0.442221213934279, 51.595931414354055 ], [ -0.442100595633302, 51.595843406142741 ], [ -0.441827529364334, 51.595622562574661 ], [ -0.441268377668747, 51.59508655036727 ], [ -0.440800449423841, 51.59468598436213 ], [ -0.440665687190116, 51.594570620488717 ], [ -0.440330671209956, 51.594261696528669 ], [ -0.44008414299261, 51.593917420754202 ], [ -0.439973314730738, 51.59376264578318 ], [ -0.439930642072795, 51.593774353004648 ], [ -0.439632034726244, 51.593394169390166 ], [ -0.438708674163263, 51.592218521461426 ], [ -0.438404041294983, 51.591830644940259 ], [ -0.438413624592168, 51.591825664889477 ], [ -0.43891844996039, 51.591563739249686 ], [ -0.440018280917736, 51.590993080204271 ], [ -0.44002541142827, 51.590991421527576 ], [ -0.442012018717641, 51.590531555361004 ], [ -0.442021943561356, 51.590500537982713 ], [ -0.442380490725588, 51.589382462767531 ], [ -0.44254475248126, 51.589260496543467 ], [ -0.442619095298971, 51.589208582062163 ], [ -0.442638394156682, 51.58919511608012 ], [ -0.442713077230992, 51.589142954276561 ], [ -0.443439806179869, 51.588677034850356 ], [ -0.443567560452187, 51.588601387549119 ], [ -0.443699646349561, 51.588523162851594 ], [ -0.443765549596803, 51.588484120534602 ], [ -0.443774913322132, 51.588479191107943 ], [ -0.445738618172839, 51.587446262239631 ], [ -0.445654695431945, 51.587322271164602 ], [ -0.445266310151536, 51.586748427256893 ], [ -0.445253486887942, 51.58671644270872 ], [ -0.445088798396046, 51.586305543907294 ], [ -0.445071932614412, 51.586263443414296 ], [ -0.445063884854935, 51.586243373931346 ], [ -0.445061883354675, 51.586222089712862 ], [ -0.445059672598802, 51.585946906445173 ], [ -0.445059243295641, 51.585893100100769 ], [ -0.44506931307075, 51.585680584769833 ], [ -0.4450769442772, 51.585603343554105 ], [ -0.445086944938606, 51.585501935591424 ], [ -0.445091272926053, 51.585458029833219 ], [ -0.44510488837656, 51.585372505145813 ], [ -0.445175827307932, 51.584926989059525 ], [ -0.44517722632808, 51.584918141241332 ], [ -0.445259251904273, 51.584625833726584 ], [ -0.445279325647394, 51.584570343327542 ], [ -0.445151845124134, 51.584591880514672 ], [ -0.445133567349916, 51.584594965358313 ], [ -0.444529528849523, 51.584690133761413 ], [ -0.443907855192039, 51.584788086543561 ], [ -0.443731473650878, 51.584815870518703 ], [ -0.44352937601374, 51.584847710206169 ], [ -0.443166365707926, 51.584904903248429 ], [ -0.442881198741261, 51.584949829036411 ], [ -0.442735596741845, 51.584972759662108 ], [ -0.442467074260325, 51.585015072872928 ], [ -0.44244880320972, 51.585017950571782 ], [ -0.442264385334304, 51.58505697389834 ], [ -0.44220048457194, 51.58507049489355 ], [ -0.442128935798476, 51.585085640792492 ], [ -0.442043599606644, 51.585048538301514 ], [ -0.442012899639606, 51.585102084128181 ], [ -0.441974176278644, 51.585138267215946 ], [ -0.441908523861264, 51.585199612637695 ], [ -0.441900385890315, 51.585207543623753 ], [ -0.441789061256609, 51.585316202078403 ], [ -0.441743976719711, 51.585368279849348 ], [ -0.441676339090765, 51.585426667298975 ], [ -0.441224816561011, 51.585329522200468 ], [ -0.44119918918011, 51.585308202668585 ], [ -0.441196438095148, 51.585305922537287 ], [ -0.441168138610895, 51.58529435557201 ], [ -0.44110800806823, 51.58522764310996 ], [ -0.441082726637548, 51.585199592938238 ], [ -0.441078012232592, 51.585194368719115 ], [ -0.441041805326378, 51.585171343887474 ], [ -0.441035194254167, 51.58516881911595 ], [ -0.440987447947691, 51.585150622615132 ], [ -0.440980625241091, 51.585145846960081 ], [ -0.440856008643315, 51.585058732535146 ], [ -0.440800960721392, 51.585039004631106 ], [ -0.44079178997409, 51.585036832487312 ], [ -0.440788754714776, 51.585034000039663 ], [ -0.440731596834742, 51.584980828775521 ], [ -0.440724980270341, 51.584974671035127 ], [ -0.440693410104692, 51.584956617507316 ], [ -0.440689921189138, 51.584955231277796 ], [ -0.44064117492544, 51.584935897301406 ], [ -0.440641512852473, 51.584932772483512 ], [ -0.440649618039985, 51.584859399890711 ], [ -0.440682283011914, 51.584773584772101 ], [ -0.440689056340556, 51.584769259611349 ], [ -0.440869648694529, 51.584653933449388 ], [ -0.440865610199132, 51.584646254322074 ], [ -0.440856557812146, 51.584629030693534 ], [ -0.440828849278673, 51.584613708225504 ], [ -0.440630094072699, 51.584503824204113 ], [ -0.440604857126433, 51.584489883379518 ], [ -0.440621854994086, 51.584476971651874 ], [ -0.440685800288595, 51.584428409230824 ], [ -0.440755437266615, 51.584375489249972 ], [ -0.440773620625393, 51.58436167604939 ], [ -0.440796071986821, 51.584344619418026 ], [ -0.440804159639079, 51.584340689398729 ], [ -0.441025942694004, 51.584513870058849 ], [ -0.441175206604529, 51.58447164785882 ], [ -0.441179919798763, 51.584471422744087 ], [ -0.441246772314035, 51.584468219704796 ], [ -0.441270353016558, 51.584467085318508 ], [ -0.441287217377378, 51.584464395934447 ], [ -0.441294612635988, 51.584458343497225 ], [ -0.441314476388777, 51.584441818896096 ], [ -0.44132657924324, 51.584431908385483 ], [ -0.441390117436217, 51.584381298940357 ], [ -0.44139399148053, 51.584379444058001 ], [ -0.441405203813912, 51.58437383349959 ], [ -0.441425933735549, 51.584357513724257 ], [ -0.441444136963118, 51.584346488291068 ], [ -0.441482901599487, 51.584323012003132 ], [ -0.441499478688814, 51.584308889598709 ], [ -0.441531087487088, 51.584281937121141 ], [ -0.441544950207738, 51.584275008429181 ], [ -0.441552219085848, 51.584271382210183 ], [ -0.441561847245881, 51.584263767793658 ], [ -0.441621664928732, 51.584216417952412 ], [ -0.441627455420652, 51.584213181235043 ], [ -0.441634588708591, 51.58420782219801 ], [ -0.441665784036996, 51.584183247144281 ], [ -0.441670233943078, 51.584181013236552 ], [ -0.441701678585585, 51.584165181971208 ], [ -0.441717231755276, 51.584157358507092 ], [ -0.441732335409467, 51.584146219914253 ], [ -0.441746167407345, 51.584138499471941 ], [ -0.441750905569221, 51.584135855746496 ], [ -0.441768194722006, 51.584120744624556 ], [ -0.441801998787916, 51.584091213484982 ], [ -0.441810570381047, 51.584087478665246 ], [ -0.441910807850852, 51.584043767974038 ], [ -0.441914269317212, 51.584041314105029 ], [ -0.441931355006895, 51.584029194682962 ], [ -0.441955599675193, 51.584012017785312 ], [ -0.441958971037181, 51.584009666129262 ], [ -0.44196860875728, 51.584001768551914 ], [ -0.441987151682108, 51.583993463216125 ], [ -0.442050563976486, 51.583965062663268 ], [ -0.442059883172894, 51.583957614957512 ], [ -0.442092322597327, 51.583931680504783 ], [ -0.442105262870401, 51.583921331428215 ], [ -0.44211968201415, 51.583912476724677 ], [ -0.442123323635943, 51.583910241057112 ], [ -0.442211904037613, 51.583835540805651 ], [ -0.442265617818247, 51.583826092948136 ], [ -0.442268520005801, 51.583822687468157 ], [ -0.442300108064017, 51.583785344116379 ], [ -0.442348416602069, 51.583679863888051 ], [ -0.442353981196713, 51.583673310514278 ], [ -0.442394496442915, 51.58362562323336 ], [ -0.442409953524183, 51.583618068205674 ], [ -0.442470343040019, 51.583588557339247 ], [ -0.442485600451797, 51.583569111924447 ], [ -0.442487243789078, 51.583564952360135 ], [ -0.442491620903941, 51.583553869112784 ], [ -0.442494058296832, 51.58355097001234 ], [ -0.44252922794757, 51.583508912774562 ], [ -0.442534965817407, 51.583505099826745 ], [ -0.442544262617492, 51.583493025316976 ], [ -0.442564004910258, 51.583467362869165 ], [ -0.442575685428769, 51.583458390854773 ], [ -0.442603240578993, 51.583437247325399 ], [ -0.442652946350793, 51.583381633943915 ], [ -0.442650027008315, 51.583377521702573 ], [ -0.442636298033193, 51.583358176974826 ], [ -0.442631745648018, 51.583354546614636 ], [ -0.442620490690879, 51.583345584789292 ], [ -0.442608399896034, 51.58333637357056 ], [ -0.442438250285536, 51.583269212791691 ], [ -0.442429794205946, 51.583268309183183 ], [ -0.442262169721644, 51.583250355682054 ], [ -0.44226213810391, 51.583247059610173 ], [ -0.442264089430845, 51.583244023671625 ], [ -0.442271530331747, 51.583232828253792 ], [ -0.442280722553263, 51.583218958425682 ], [ -0.442341652796856, 51.583127192613617 ], [ -0.442370611329431, 51.583083578210633 ], [ -0.442391823744147, 51.583046578128517 ], [ -0.44239609108875, 51.583039126286856 ], [ -0.442417121885791, 51.58300237107467 ], [ -0.442463012829551, 51.582913952916655 ], [ -0.442494722216543, 51.582873881982088 ], [ -0.442555637469905, 51.582796881101558 ], [ -0.442569412812302, 51.582779614595864 ], [ -0.442576610928575, 51.582771927400657 ], [ -0.442597840247814, 51.582781705083079 ], [ -0.44267991140846, 51.582790501148857 ], [ -0.442776489879191, 51.582819515460173 ], [ -0.442834636970271, 51.582836986012396 ], [ -0.442892755866663, 51.582854438176668 ], [ -0.442949303203589, 51.582871419837637 ], [ -0.44297043330033, 51.582877770095308 ], [ -0.44306024042177, 51.582904742966861 ], [ -0.443119459309695, 51.582922533339136 ], [ -0.443177692612117, 51.582940022848 ], [ -0.443196265838479, 51.582945592771665 ], [ -0.443203937562986, 51.582947906686613 ], [ -0.443221694272481, 51.582954140185691 ], [ -0.443257321893306, 51.582966644660381 ], [ -0.443279814010883, 51.58297453262557 ], [ -0.443313587347863, 51.582986392008529 ], [ -0.443323955984007, 51.582990036589791 ], [ -0.44342059872785, 51.583023951981339 ], [ -0.443438298095736, 51.583030175693935 ], [ -0.443455455998824, 51.583036194389187 ], [ -0.443460918583523, 51.583038110288655 ], [ -0.443534929193189, 51.583039092442505 ], [ -0.443546643933348, 51.58303924789805 ], [ -0.443574661206416, 51.58303961968479 ], [ -0.443618735754085, 51.58304020453658 ], [ -0.443726191670541, 51.583057159941319 ], [ -0.443738825116118, 51.583059152989613 ], [ -0.443812305058165, 51.583083273919968 ], [ -0.443941867109531, 51.583127454142414 ], [ -0.444026838294215, 51.582990110091288 ], [ -0.444105455818693, 51.582862977796253 ], [ -0.444110451894763, 51.582854888120536 ], [ -0.444124878860731, 51.58285507949698 ], [ -0.444095033207208, 51.582845700351811 ], [ -0.443865535089388, 51.582773613423392 ], [ -0.443779082460858, 51.582746460871427 ], [ -0.443687318090425, 51.582717628165383 ], [ -0.443679977891149, 51.582715327673085 ], [ -0.443669581962772, 51.582712060434311 ], [ -0.443547772169478, 51.582673791751006 ], [ -0.443537190553067, 51.582670468082867 ], [ -0.443513056934591, 51.58266289109504 ], [ -0.443445183382243, 51.582641569017362 ], [ -0.443433245047251, 51.582637822684489 ], [ -0.443393974683063, 51.582625485730411 ], [ -0.443375653575087, 51.582619721354014 ], [ -0.44331803298787, 51.58260162860072 ], [ -0.443266138953597, 51.582585329340191 ], [ -0.443204191653752, 51.582565875230749 ], [ -0.443154853998284, 51.582550374190632 ], [ -0.443150884186937, 51.58254912553106 ], [ -0.443079883442434, 51.582526826538661 ], [ -0.442989519350288, 51.582498434501815 ], [ -0.442964886197818, 51.582490697900582 ], [ -0.44287991998116, 51.582464005028768 ], [ -0.442839664605382, 51.582451358066322 ], [ -0.4428108087737, 51.582442594210548 ], [ -0.442734169656849, 51.58241931193362 ], [ -0.442712213802649, 51.582412635939434 ], [ -0.442653959561154, 51.582394939092858 ], [ -0.442579869572693, 51.582370980174339 ], [ -0.44255772101686, 51.582363820507801 ], [ -0.442492418010205, 51.582342693864916 ], [ -0.442390476732972, 51.582309727944022 ], [ -0.442365594552398, 51.582301682172364 ], [ -0.442343282153876, 51.582294461839432 ], [ -0.442287379175725, 51.582276391383779 ], [ -0.442258885479721, 51.582267173596229 ], [ -0.4422358303001, 51.582259727564065 ], [ -0.442229320853204, 51.582257617857934 ], [ -0.442201455195997, 51.582248606226507 ], [ -0.442096331142354, 51.582214604132567 ], [ -0.442070763652179, 51.58220634237361 ], [ -0.442040856551743, 51.582196674131396 ], [ -0.441898245649258, 51.582150546959085 ], [ -0.441889751824001, 51.582147799401184 ], [ -0.441809795363861, 51.58212194562693 ], [ -0.441797946934962, 51.582118110397545 ], [ -0.441726056194404, 51.582094863559234 ], [ -0.441736186342852, 51.582079099879699 ], [ -0.441728223145628, 51.582086367713238 ], [ -0.44168845880941, 51.582075840048645 ], [ -0.441660867071114, 51.582068531458134 ], [ -0.441587403124426, 51.58204908533007 ], [ -0.441571555028113, 51.582047409023303 ], [ -0.441511808114666, 51.58202907130503 ], [ -0.441327421437631, 51.581967753467417 ], [ -0.4413213978423, 51.581972326899148 ], [ -0.441205640207074, 51.581937831987474 ], [ -0.440973468298842, 51.581868644252204 ], [ -0.44091173221772, 51.581850243815197 ], [ -0.440893249076862, 51.581844171156277 ], [ -0.440637095230433, 51.581760078554247 ], [ -0.440569185472879, 51.581737783148213 ], [ -0.440500100423703, 51.581716092539516 ], [ -0.440439121432361, 51.581696963654622 ], [ -0.439611485455647, 51.581436997754857 ], [ -0.439327991030822, 51.581347269068253 ], [ -0.439251474438481, 51.5813230419324 ], [ -0.43922694446822, 51.581315278932315 ], [ -0.439145249267988, 51.581293078004784 ], [ -0.439135554063241, 51.581290440148337 ], [ -0.439083946076789, 51.581276408863779 ], [ -0.438972893817542, 51.581246218677336 ], [ -0.438941205142121, 51.581237613983539 ], [ -0.43871351002405, 51.58117571106164 ], [ -0.43853134553657, 51.581126193685982 ], [ -0.438426914577065, 51.58109780864401 ], [ -0.438368872163543, 51.581082027809401 ], [ -0.438143323454805, 51.581020709865506 ], [ -0.438066047917616, 51.580999709046189 ], [ -0.437939968080254, 51.580965433099784 ], [ -0.437934213384143, 51.580964052583134 ], [ -0.437879242222722, 51.580950893179505 ], [ -0.437744591587646, 51.580918661006109 ], [ -0.437641779256526, 51.580894028596433 ], [ -0.437582480142291, 51.580879471557331 ], [ -0.437605236520957, 51.580864110217881 ], [ -0.437873811115276, 51.580682906089834 ], [ -0.437474115923503, 51.58054382240099 ], [ -0.437466884771312, 51.580541307153524 ], [ -0.437335405375922, 51.580345979531486 ], [ -0.437514841430421, 51.580272934195264 ], [ -0.437520239449472, 51.580271666263236 ], [ -0.437537349385374, 51.580263882112277 ], [ -0.437540692176167, 51.580262361994158 ], [ -0.437662806413093, 51.580206834021332 ], [ -0.437679065717045, 51.580199443169775 ], [ -0.43779229597683, 51.580121828683083 ], [ -0.437799087298288, 51.580115282867389 ], [ -0.437836881126734, 51.580078819158921 ], [ -0.437840105334028, 51.580075705826552 ], [ -0.437851925536174, 51.580068975205421 ], [ -0.437865750000946, 51.580062509572159 ], [ -0.437869091930698, 51.58006038245717 ], [ -0.437891250641785, 51.580049725036993 ], [ -0.43793524603762, 51.580028540778983 ], [ -0.437944913902382, 51.580022285048429 ], [ -0.437952027490874, 51.580015599640248 ], [ -0.438006967789982, 51.579963960530478 ], [ -0.438033620848687, 51.579944712403844 ], [ -0.438095481450192, 51.579900017500897 ], [ -0.438098248754232, 51.579898022106896 ], [ -0.43811289468993, 51.579890115137729 ], [ -0.438132348206666, 51.57987963746173 ], [ -0.438185874872112, 51.57985659275068 ], [ -0.438190938843173, 51.579853279101535 ], [ -0.438231878490505, 51.579826496838926 ], [ -0.438255758989189, 51.57981528677459 ], [ -0.438302214781133, 51.579793469716876 ], [ -0.438309815825877, 51.579788139613861 ], [ -0.438314966897242, 51.579785231770003 ], [ -0.438367992717661, 51.579755319229442 ], [ -0.438375954596069, 51.579750830204851 ], [ -0.438379502783462, 51.579748368612812 ], [ -0.438400785964921, 51.579727245962161 ], [ -0.438413009241653, 51.579718645770114 ], [ -0.438474108732639, 51.579676640906342 ], [ -0.438510760708881, 51.579656327130664 ], [ -0.438539844633111, 51.579636886448071 ], [ -0.438547552246774, 51.579633077437094 ], [ -0.438566285025677, 51.579623831023831 ], [ -0.438591330620949, 51.579606413773519 ], [ -0.43861328601957, 51.579591149485687 ], [ -0.438627007842892, 51.579583670770582 ], [ -0.438652805279676, 51.579569581652514 ], [ -0.43865206443061, 51.579566352568435 ], [ -0.438629041995603, 51.579466205251229 ], [ -0.43862758422694, 51.579459891277061 ], [ -0.43857792265462, 51.579349129164299 ], [ -0.438569774852035, 51.579343886123731 ], [ -0.438517780322186, 51.579310462154346 ], [ -0.438505833935609, 51.579302776600983 ], [ -0.438277616799451, 51.579198296528041 ], [ -0.438279644775884, 51.579193027102114 ], [ -0.438280833623216, 51.579189922624877 ], [ -0.438282600489553, 51.579182797320598 ], [ -0.43815262358278, 51.579038373170214 ], [ -0.438013184554043, 51.57897568821415 ], [ -0.437999666321862, 51.578969654230839 ], [ -0.437924189762266, 51.578949113369248 ], [ -0.43780654032764, 51.578942515225059 ], [ -0.437759130710472, 51.578939977382817 ], [ -0.437666437380204, 51.578940667009547 ], [ -0.437662106590241, 51.578940699242281 ], [ -0.437536299217369, 51.578932737738036 ], [ -0.437530567657321, 51.578932373630821 ], [ -0.43742769441801, 51.578739859521434 ], [ -0.437417878881252, 51.578733384723108 ], [ -0.437244956493948, 51.578610818508395 ], [ -0.437139880456674, 51.578566507399088 ], [ -0.436944780296591, 51.57848423618541 ], [ -0.436967047584209, 51.578485962706687 ], [ -0.437347653056879, 51.57851538534856 ], [ -0.437457939688797, 51.578523913620401 ], [ -0.437480813940595, 51.57852477588272 ], [ -0.437567481476468, 51.578528070628195 ], [ -0.437911364612564, 51.578516465200096 ], [ -0.437970786759754, 51.578509163598014 ], [ -0.437978275147652, 51.578507114184426 ], [ -0.437984367703544, 51.578504524630425 ], [ -0.437936849527629, 51.578468965899276 ], [ -0.437722293299493, 51.578308429154447 ], [ -0.437638851913452, 51.578245999548926 ], [ -0.437526902998778, 51.57816223817931 ], [ -0.43751661923155, 51.578154312096672 ], [ -0.437697023975631, 51.578037142798273 ], [ -0.437841952947629, 51.57794298665317 ], [ -0.437856093584713, 51.577933805081123 ], [ -0.437920952346287, 51.577891668035051 ], [ -0.437955639916609, 51.577869136862212 ], [ -0.438017871003579, 51.577828709261716 ], [ -0.438103342647587, 51.577773182923828 ], [ -0.43813052452446, 51.577755519958593 ], [ -0.438207309259929, 51.577705637393322 ], [ -0.43821833514704, 51.577698482516794 ], [ -0.438284182228777, 51.577655702 ], [ -0.438294573940339, 51.577648943322821 ], [ -0.438363948313086, 51.577603880739204 ], [ -0.438407521245322, 51.577575577824781 ], [ -0.43843313070829, 51.577558941450491 ], [ -0.438471124198441, 51.577534260036934 ], [ -0.438476408580964, 51.577530823419387 ], [ -0.438520527738411, 51.577502159054191 ], [ -0.438534536067691, 51.577493461221174 ], [ -0.43856843621491, 51.577472412098636 ], [ -0.438621712153541, 51.577439328520533 ], [ -0.438672775874677, 51.577407627250594 ], [ -0.438678910134621, 51.57740381527158 ], [ -0.438733866731759, 51.577369692932301 ], [ -0.438780727643464, 51.577340606364366 ], [ -0.438794116772464, 51.577332286924715 ], [ -0.438814436033691, 51.577319671518374 ], [ -0.438818210806394, 51.577317329828873 ], [ -0.438824109311448, 51.577313658580067 ], [ -0.438889166214881, 51.577273268139209 ], [ -0.438955035319634, 51.577231072040362 ], [ -0.438961881957463, 51.577226685032826 ], [ -0.438976622819921, 51.577217241549505 ], [ -0.439028046206234, 51.577184294992641 ], [ -0.43904919105415, 51.577170746348912 ], [ -0.439088396882587, 51.57714562226942 ], [ -0.439103064027672, 51.577136222750561 ], [ -0.439113732349883, 51.577129386753086 ], [ -0.439132988237665, 51.577117053884216 ], [ -0.439163104260072, 51.577097761671638 ], [ -0.439166704663615, 51.577095453619492 ], [ -0.439228058644625, 51.577056133248 ], [ -0.43927481865488, 51.577026181887618 ], [ -0.439313758273016, 51.577001238532333 ], [ -0.439340539566894, 51.576984078022022 ], [ -0.439350042374873, 51.576977981842418 ], [ -0.43939842531278, 51.576946990944812 ], [ -0.439426578553344, 51.576928958438771 ], [ -0.439453743742423, 51.576911542236125 ], [ -0.439480997000507, 51.576894082237899 ], [ -0.439487496544811, 51.576889924380147 ], [ -0.439526311549693, 51.576874722391402 ], [ -0.439535860048259, 51.576868554866948 ], [ -0.439630603736771, 51.576807029779765 ], [ -0.439661564319757, 51.576783712959362 ], [ -0.439715291859129, 51.576744138005395 ], [ -0.439892720658878, 51.576662173579088 ], [ -0.44114803955933, 51.576365108075592 ], [ -0.441198152890928, 51.576305840864542 ], [ -0.441289035116552, 51.576222521693801 ], [ -0.441414552943312, 51.576138763516738 ], [ -0.441590251874005, 51.576038020246166 ], [ -0.441675113026396, 51.575989357798434 ], [ -0.441748942095081, 51.575940881426376 ], [ -0.441820287231653, 51.575879791863443 ], [ -0.441900855317488, 51.575802620769906 ], [ -0.441954230497745, 51.575738653169026 ], [ -0.442006318030976, 51.575630462585742 ], [ -0.442034836871882, 51.57555956354328 ], [ -0.442412422444137, 51.575726012890094 ], [ -0.442881606905153, 51.575933066775868 ], [ -0.442913779609543, 51.575947270031214 ], [ -0.443335653946312, 51.576133452413487 ], [ -0.443812985292523, 51.576936067536089 ], [ -0.443922475290754, 51.577120170565451 ], [ -0.443926364820987, 51.577126714564685 ], [ -0.444110941211935, 51.577437048459622 ], [ -0.444162790644292, 51.577524223600165 ], [ -0.444168809346675, 51.57753434776793 ], [ -0.444367365377773, 51.577868165541034 ], [ -0.445364289586164, 51.57766318780326 ], [ -0.445519523873354, 51.57763469877154 ], [ -0.445529181736616, 51.577632920423461 ], [ -0.445637042407386, 51.577613128285265 ], [ -0.445755073083354, 51.577582041694718 ], [ -0.445777208382943, 51.5775762113201 ], [ -0.445812122119581, 51.577563428428071 ], [ -0.445949380771473, 51.57751315523636 ], [ -0.446043298198754, 51.577470139874329 ], [ -0.446054965846285, 51.577463595252361 ], [ -0.446220854563813, 51.577370430456028 ], [ -0.446238627954254, 51.577358562373853 ], [ -0.446243457509373, 51.577355326206259 ], [ -0.446433097722446, 51.577228161411739 ], [ -0.446525204495127, 51.577172190855009 ], [ -0.446542111345829, 51.57716435775415 ], [ -0.446596233976356, 51.577139275903498 ], [ -0.446639424255103, 51.577122879606144 ], [ -0.446661808915144, 51.577114381676267 ], [ -0.44667527469538, 51.577109272588999 ], [ -0.446710234373348, 51.577100203833069 ], [ -0.446743825507736, 51.577091485623797 ], [ -0.446748979822188, 51.577090151097579 ], [ -0.446755166313782, 51.577089019077754 ], [ -0.446841110542866, 51.577073251860035 ], [ -0.446872545856291, 51.577070197147535 ], [ -0.44698557428604, 51.577059203671759 ], [ -0.446996318200778, 51.577058158963531 ], [ -0.44739143124712, 51.576978890203641 ], [ -0.447514027451226, 51.576954345697132 ], [ -0.447581191317361, 51.57701197571096 ], [ -0.447610265018437, 51.577036931813154 ], [ -0.447680745284268, 51.577097406744123 ], [ -0.448153728813801, 51.5775033167019 ], [ -0.448254953147047, 51.577590190100075 ], [ -0.448227758369337, 51.577668728107817 ], [ -0.44814404362374, 51.577910518540257 ], [ -0.44813940222083, 51.577923909501067 ], [ -0.448128950310513, 51.577954084007494 ], [ -0.448100891302423, 51.57803510139636 ], [ -0.448022166113221, 51.578307045754336 ], [ -0.448019412616996, 51.578325173619596 ], [ -0.448015620108588, 51.578350076868205 ], [ -0.448015212418155, 51.578352724180725 ], [ -0.448004159099576, 51.57842511822065 ], [ -0.447979249715458, 51.578714023612427 ], [ -0.447978820720652, 51.57871899063754 ], [ -0.447967722952703, 51.578774892337023 ], [ -0.447961937819238, 51.578804058506819 ], [ -0.447944299361008, 51.578864279841888 ], [ -0.44788691472985, 51.579060045580732 ], [ -0.447871203328835, 51.579164093544982 ], [ -0.447864273298128, 51.579300989423771 ], [ -0.447870051980679, 51.579435949302557 ], [ -0.447897417000882, 51.57961255908446 ], [ -0.447914050888402, 51.579719930578321 ], [ -0.447960219734077, 51.579910666872436 ], [ -0.447997894923096, 51.5800662966018 ], [ -0.448081295571859, 51.580410885202468 ], [ -0.448121136582726, 51.580519993480692 ], [ -0.448164213683041, 51.580637911978194 ], [ -0.448180620124104, 51.580668100136158 ], [ -0.448202840364205, 51.580708958052853 ], [ -0.448212935302811, 51.580722328170005 ], [ -0.448253329847891, 51.580775799832615 ], [ -0.448310895020304, 51.58084126946607 ], [ -0.448517172919626, 51.581075934717823 ], [ -0.44859809494832, 51.581167997431919 ], [ -0.44867885122103, 51.581259851073099 ], [ -0.448688094856332, 51.581288478681529 ], [ -0.4486901842387, 51.581294935756205 ], [ -0.448692599083397, 51.581302431241177 ], [ -0.448696229483413, 51.581313647599401 ], [ -0.448715982112521, 51.581374858141388 ], [ -0.448718503776222, 51.581466099610644 ], [ -0.44871899348022, 51.581483506038801 ], [ -0.448719216499171, 51.581491790825723 ], [ -0.448737871296432, 51.581617452085844 ], [ -0.448773024972178, 51.581854106736344 ], [ -0.448807790134263, 51.582088193443504 ], [ -0.448835465871618, 51.582274473644098 ], [ -0.448886893717904, 51.582620706846654 ], [ -0.448933994380227, 51.582995275715277 ], [ -0.448939073165273, 51.583035596552001 ], [ -0.448949983264445, 51.583219604753502 ], [ -0.448955968590205, 51.583320621572177 ], [ -0.448939873396239, 51.583408411090247 ], [ -0.448932482851173, 51.58344869292052 ], [ -0.448924953460152, 51.58348966081887 ], [ -0.448911983974907, 51.583629345300302 ], [ -0.448907863369848, 51.58367363144297 ], [ -0.44890305970841, 51.583854536391151 ], [ -0.448929166325109, 51.584223437662097 ], [ -0.44893209354489, 51.58429049554897 ], [ -0.448939338598976, 51.58457748882001 ], [ -0.448947080586336, 51.584628622165887 ], [ -0.448952960808979, 51.584667456482407 ], [ -0.448962960860336, 51.584706111478162 ], [ -0.448995427388352, 51.584831883635715 ], [ -0.449035062252349, 51.584985374725591 ], [ -0.449060320339009, 51.58510327324985 ], [ -0.449087997429861, 51.585232372110269 ], [ -0.449131736655042, 51.585451443861601 ], [ -0.449235979758851, 51.585973382770966 ], [ -0.449305302038501, 51.58624237582027 ], [ -0.449340254768836, 51.586355384727199 ], [ -0.449647990517901, 51.587028249961641 ], [ -0.449728237477556, 51.587268171256305 ], [ -0.449844422914513, 51.587684896103077 ], [ -0.449876165022176, 51.587798788551837 ], [ -0.449971055181327, 51.588139130524269 ], [ -0.450027993996649, 51.588298424908601 ], [ -0.450104623662305, 51.588512841017156 ], [ -0.450427019799967, 51.589414884298485 ], [ -0.450520073389134, 51.589610003832895 ], [ -0.450526369974156, 51.58965574953357 ], [ -0.450526948010178, 51.589659974523322 ], [ -0.450565229367759, 51.589727921847889 ], [ -0.450613946427519, 51.589767906272662 ], [ -0.450750778046167, 51.58983211042392 ], [ -0.450810199561006, 51.589859997703435 ], [ -0.450878251699292, 51.589881578468685 ], [ -0.45097713841352, 51.589912927246822 ], [ -0.451305210047647, 51.589994708702633 ], [ -0.451330060007275, 51.590000899680881 ], [ -0.451673049283148, 51.590102938972393 ], [ -0.452543106081615, 51.590372812557995 ], [ -0.452804039877216, 51.590491211376047 ], [ -0.452813394604006, 51.590495453210757 ], [ -0.452880838777655, 51.59052606212974 ], [ -0.452986057004229, 51.590573813832975 ], [ -0.453116090562074, 51.590617324665352 ], [ -0.453356717262135, 51.590697848947222 ], [ -0.453578409698858, 51.590760372452841 ], [ -0.453583013893737, 51.590761674082195 ], [ -0.453665075908367, 51.590784999135543 ], [ -0.453665809515353, 51.590790646029802 ], [ -0.453675098499121, 51.590860813388353 ], [ -0.453701969040434, 51.59091976093616 ], [ -0.453741525364423, 51.590983066086849 ], [ -0.453750739967444, 51.590997817902704 ], [ -0.453763980004727, 51.591013486036893 ], [ -0.453798884122666, 51.591054797814436 ], [ -0.453852208648216, 51.591105893143165 ], [ -0.45387097086592, 51.591123891104353 ], [ -0.453544975205692, 51.591663757610092 ], [ -0.453052600999466, 51.592377999968058 ], [ -0.452788110532723, 51.592761643925904 ], [ -0.453142128039929, 51.592911600209547 ], [ -0.453931684263724, 51.59340591645762 ], [ -0.453612886983592, 51.593694437230944 ], [ -0.453553129548461, 51.593748510839426 ], [ -0.453450056052122, 51.593831210994736 ], [ -0.453177906862518, 51.594049585991982 ], [ -0.453087199597217, 51.594475375603665 ], [ -0.452923282645188, 51.594550501761418 ], [ -0.453001328821297, 51.594637653940822 ], [ -0.452661178812988, 51.594731375698295 ], [ -0.452391762992688, 51.594815962977648 ], [ -0.452307298555042, 51.594842481585943 ], [ -0.452194654337092, 51.594885506660127 ], [ -0.451705298562553, 51.595072407752276 ], [ -0.451516199064399, 51.595140293796199 ], [ -0.451501443401558, 51.595144981870504 ], [ -0.451339073795677, 51.595196531837033 ], [ -0.45101814337979, 51.595298404540209 ], [ -0.450844177897788, 51.595359332588075 ], [ -0.450595438629088, 51.595456366167333 ], [ -0.450129398050928, 51.595654363057889 ], [ -0.449727359272895, 51.595801363558031 ], [ -0.448993585519903, 51.59603136602545 ], [ -0.448366630314494, 51.59607578283233 ], [ -0.448301532744322, 51.596080380514373 ], [ -0.447999570175865, 51.596000259633662 ], [ -0.447849562042964, 51.595960463528939 ], [ -0.447845617976237, 51.595950798655075 ], [ -0.44777459193608, 51.595777378975413 ], [ -0.447043837907675, 51.595872849604604 ], [ -0.447015340903305, 51.595876573010479 ], [ -0.446771673227778, 51.595908409416495 ], [ -0.44620448222009, 51.59600168726152 ], [ -0.445950875415889, 51.596043389867319 ], [ -0.445836896631888, 51.596066870182483 ], [ -0.445761855693915, 51.59608233235641 ], [ -0.445602187234729, 51.596107329590367 ], [ -0.445428716446306, 51.596127243013797 ], [ -0.445409632611177, 51.596129400176743 ], [ -0.445121877346951, 51.596141432844412 ], [ -0.444980268405096, 51.596139421887237 ], [ -0.444575069391312, 51.596123468828957 ], [ -0.44452294693981, 51.596121420236159 ], [ -0.444500591760702, 51.596122850485102 ], [ -0.444383215303658, 51.596130386044571 ], [ -0.444335430105559, 51.596139149636841 ], [ -0.444296042337408, 51.596146378926804 ], [ -0.444227824561335, 51.596162838820781 ], [ -0.444192317817579, 51.596171414412659 ], [ -0.444103262908958, 51.596202336402648 ], [ -0.444083201549368, 51.596209309260423 ], [ -0.443168972743595, 51.596548133537276 ], [ -0.443032276149804, 51.596463451721903 ] ] ] } },
{ "type": "Feature", "properties": { "lsoa21cd": "E01002473", "lsoa21nm": "Hillingdon 001A", "msoa21cd": "E02000494", "msoa21nm": "Hillingdon 001", "lad22cd": "E09000017", "lad22nm": "Hillingdon", "index_right": 137, "GSS_CODE": "E05000335", "risk_score": 9.1983320603877079, "allocation_hours": 206.93625391029039, "patrol_units": 103 }, "geometry": { "type": "Polygon", "coordinates": [ [ [ -0.44371278466117, 51.613918087469315 ], [ -0.442273535407612, 51.613828145831825 ], [ -0.442069740686121, 51.613815410764587 ], [ -0.441075441367078, 51.613748271227713 ], [ -0.440460215954725, 51.613578249817628 ], [ -0.440331199928717, 51.61348747732751 ], [ -0.440443672295406, 51.613130169083881 ], [ -0.440447043675056, 51.613119458792262 ], [ -0.440461524614117, 51.613074544572441 ], [ -0.440513228405884, 51.612914112054348 ], [ -0.44056098808385, 51.612765919947996 ], [ -0.440586037695862, 51.612688242418372 ], [ -0.440608665081614, 51.612618023499003 ], [ -0.44065553691825, 51.612555967535336 ], [ -0.440587340149947, 51.61254280638942 ], [ -0.440569969171472, 51.612538475445774 ], [ -0.440364139853212, 51.612487114202729 ], [ -0.440366868985897, 51.612484182883449 ], [ -0.440502739378773, 51.612337851894459 ], [ -0.440496985370055, 51.61220151255835 ], [ -0.44048801142281, 51.611988892274894 ], [ -0.440486793607278, 51.611959956310677 ], [ -0.440447040375756, 51.611964356901915 ], [ -0.44046144669841, 51.611873157423503 ], [ -0.440468819180226, 51.611826620216711 ], [ -0.440503012876591, 51.611610265101874 ], [ -0.440503989982467, 51.611604091237034 ], [ -0.440544971677374, 51.611344540874192 ], [ -0.440539851034238, 51.610989800588911 ], [ -0.440539436838261, 51.610961014664738 ], [ -0.440634004503471, 51.610927369275849 ], [ -0.440695839935788, 51.610868596326242 ], [ -0.440730549550368, 51.610835604697023 ], [ -0.441030329225638, 51.610362817637643 ], [ -0.441117504250873, 51.610225381759776 ], [ -0.441119168910186, 51.610222742064252 ], [ -0.441078724919976, 51.610201828767558 ], [ -0.440998560926983, 51.610183131373383 ], [ -0.440919170987888, 51.610164606050141 ], [ -0.440887420435798, 51.610157206767255 ], [ -0.439992813708286, 51.609948527997545 ], [ -0.439807657791327, 51.609905343531373 ], [ -0.43978010581688, 51.609898916882521 ], [ -0.439766032987178, 51.609890672811623 ], [ -0.439739246037271, 51.60987499403835 ], [ -0.439747848706839, 51.609870504072639 ], [ -0.439842433725599, 51.609821140805863 ], [ -0.44014059755328, 51.609665562278245 ], [ -0.440146744409682, 51.609662352601845 ], [ -0.4401614733972, 51.609653564572078 ], [ -0.440216599274315, 51.609625753967329 ], [ -0.440222418984769, 51.609622818713575 ], [ -0.440373026572391, 51.609546834396227 ], [ -0.440383563566976, 51.609541524766961 ], [ -0.440387266949094, 51.609539658508112 ], [ -0.440543575999634, 51.609460800134556 ], [ -0.440662212848199, 51.609393096061027 ], [ -0.440726288980232, 51.609356528431597 ], [ -0.440716749235976, 51.609350862506119 ], [ -0.440315142129003, 51.6091120889743 ], [ -0.44030916933602, 51.609108538613611 ], [ -0.44026065341899, 51.609037712917072 ], [ -0.440259487089626, 51.609019707969587 ], [ -0.440261570639082, 51.609017487498747 ], [ -0.440350441015438, 51.608921795316675 ], [ -0.440238947483889, 51.608721542337719 ], [ -0.440243741030319, 51.608566963678321 ], [ -0.440250732368474, 51.608342372391789 ], [ -0.440048066602121, 51.608298299406904 ], [ -0.440031251617719, 51.608294650102188 ], [ -0.439536975266181, 51.608253242484409 ], [ -0.439498673545019, 51.608254154700298 ], [ -0.439122637974138, 51.60826309014066 ], [ -0.439033308608838, 51.608237633129654 ], [ -0.439008966732704, 51.608230700380055 ], [ -0.438948601274642, 51.608201635381391 ], [ -0.438883174640591, 51.608210226303015 ], [ -0.438789502855365, 51.608222524524052 ], [ -0.438695112791723, 51.608242285831345 ], [ -0.438519932574018, 51.608278976473812 ], [ -0.43851436092758, 51.608280997678172 ], [ -0.438379400703656, 51.608329885693394 ], [ -0.438250450154935, 51.608376605328708 ], [ -0.438227096437652, 51.608385062592724 ], [ -0.438051767645987, 51.608479059361109 ], [ -0.437878301856196, 51.608465351371741 ], [ -0.43781940950976, 51.6084606928179 ], [ -0.437808676713044, 51.60846118861334 ], [ -0.437740620118055, 51.608464339525746 ], [ -0.437720687734056, 51.608465261558763 ], [ -0.437453711405029, 51.608477637827001 ], [ -0.437441156066675, 51.608478217266615 ], [ -0.437340326000616, 51.608535759081619 ], [ -0.437328025969439, 51.608542780489586 ], [ -0.437141222721895, 51.608590258471082 ], [ -0.436864582046416, 51.608575365746866 ], [ -0.436853929266706, 51.608574792421017 ], [ -0.436674079148522, 51.608473901408054 ], [ -0.436584918984257, 51.608487467442444 ], [ -0.436563095970555, 51.608490243551124 ], [ -0.436114716320871, 51.608780965749553 ], [ -0.436058647725724, 51.608813051093975 ], [ -0.436059963270202, 51.60881637332642 ], [ -0.436079836637807, 51.608818854421187 ], [ -0.436099954325765, 51.608821370237116 ], [ -0.436156367280111, 51.608828424605143 ], [ -0.436342680909349, 51.608850930012288 ], [ -0.436347571323924, 51.608847514961582 ], [ -0.43646495205811, 51.608860623053424 ], [ -0.43682843109708, 51.608901221445628 ], [ -0.436992022043597, 51.608919493822484 ], [ -0.437057481557852, 51.608926803014043 ], [ -0.437105101530164, 51.60893212139181 ], [ -0.437213799306962, 51.608942397486359 ], [ -0.437275727410661, 51.608948247764964 ], [ -0.437275008510896, 51.60895109783187 ], [ -0.4372742880673, 51.608953992840924 ], [ -0.437229344865632, 51.609133515709154 ], [ -0.43722489309697, 51.609151279718894 ], [ -0.437225952501202, 51.609181400811224 ], [ -0.437227968529495, 51.609188297914002 ], [ -0.437234739474173, 51.6092114897653 ], [ -0.437239288805087, 51.609219895327271 ], [ -0.437241284527112, 51.609223599809802 ], [ -0.437290595442058, 51.609283129575154 ], [ -0.437412642129888, 51.60926050387188 ], [ -0.437712914320522, 51.609316611764143 ], [ -0.437716596394966, 51.609322308013773 ], [ -0.437747007259847, 51.609367216248359 ], [ -0.438069915152301, 51.609392082735226 ], [ -0.438077864156554, 51.609396118101252 ], [ -0.438285841233578, 51.609501801079432 ], [ -0.438293605701315, 51.609505744050573 ], [ -0.438343352580243, 51.609552833385294 ], [ -0.438543037497808, 51.609646211778106 ], [ -0.438553862755598, 51.609655653844563 ], [ -0.438598719290174, 51.609694809621779 ], [ -0.438602799729431, 51.609698370905896 ], [ -0.438341109323943, 51.610164924133443 ], [ -0.438441145101625, 51.610286487507217 ], [ -0.438443763088454, 51.610469191707558 ], [ -0.438378272505175, 51.610507313257841 ], [ -0.438133095276085, 51.610650004526953 ], [ -0.437982845175846, 51.61080536827766 ], [ -0.437923067950732, 51.610867188909353 ], [ -0.437898854666719, 51.610892226078562 ], [ -0.437917025344763, 51.610960307105522 ], [ -0.437913490574055, 51.611040536372109 ], [ -0.43781710850811, 51.611095827617461 ], [ -0.437611348044287, 51.611213898840248 ], [ -0.437223537591325, 51.611153683022366 ], [ -0.437131787762829, 51.61122586938928 ], [ -0.437121456789573, 51.611233987196307 ], [ -0.437076842217408, 51.611262188180191 ], [ -0.437049264510241, 51.611276254570377 ], [ -0.437015223749156, 51.611290109135744 ], [ -0.436989868945187, 51.611300428202746 ], [ -0.436969757601104, 51.611308622798688 ], [ -0.436952114677652, 51.61131433229987 ], [ -0.436843927267898, 51.611308370630034 ], [ -0.436831241743938, 51.611307671401164 ], [ -0.436660444208603, 51.611253414433172 ], [ -0.436656750533327, 51.611251207105589 ], [ -0.436548886609274, 51.611186672028516 ], [ -0.436538006486739, 51.611180088674089 ], [ -0.436444232485317, 51.611123303585011 ], [ -0.43631585862774, 51.611011770188618 ], [ -0.436280030776381, 51.610980557104781 ], [ -0.436122443437747, 51.610800039665811 ], [ -0.435243086996607, 51.610405227884648 ], [ -0.435236174786558, 51.610402123363997 ], [ -0.435218165992677, 51.610380265513001 ], [ -0.435205661580114, 51.610365072481443 ], [ -0.43512694503174, 51.610269512722418 ], [ -0.434826472286065, 51.610152808982548 ], [ -0.434805536140151, 51.610144679908984 ], [ -0.43474600593239, 51.610139607363429 ], [ -0.434589199004666, 51.610055427654046 ], [ -0.434288433916916, 51.609893974092813 ], [ -0.434260484546515, 51.609878971187982 ], [ -0.434328641719672, 51.609838989119339 ], [ -0.43449717672443, 51.60974012861017 ], [ -0.434677817290635, 51.609639900180362 ], [ -0.434801870604747, 51.609570834104339 ], [ -0.434743153974476, 51.609333484407685 ], [ -0.434737445495361, 51.609310090717877 ], [ -0.434661856660465, 51.60900114336139 ], [ -0.434661185914836, 51.6089983917024 ], [ -0.434590993456027, 51.608711432346126 ], [ -0.434552440042689, 51.608553847865068 ], [ -0.434523514395009, 51.608443422098148 ], [ -0.434190803557367, 51.608373349186749 ], [ -0.432860071186151, 51.608093067308353 ], [ -0.43285740779001, 51.608084104994305 ], [ -0.432752229321481, 51.607944819432078 ], [ -0.432743195964336, 51.607932873974846 ], [ -0.432705061160392, 51.607861442228696 ], [ -0.432683449025678, 51.607820993875073 ], [ -0.432268147531981, 51.607176508188601 ], [ -0.432264782412545, 51.607173163100441 ], [ -0.432249521486179, 51.60715796924773 ], [ -0.432208710385136, 51.607124431924071 ], [ -0.431376020349419, 51.606440459382803 ], [ -0.430825094317792, 51.606134974443407 ], [ -0.430792715483412, 51.606117025136484 ], [ -0.43075197081667, 51.605817831932256 ], [ -0.430750381878106, 51.60580612049462 ], [ -0.43072519188799, 51.605621195543634 ], [ -0.430671304771358, 51.60548995957884 ], [ -0.430462215899824, 51.605111913034499 ], [ -0.430282953052788, 51.604787787385405 ], [ -0.430266261605899, 51.604757592643502 ], [ -0.430260524386947, 51.604750600848455 ], [ -0.429885761807887, 51.60429358645608 ], [ -0.42957419924628, 51.60399468434376 ], [ -0.42951226534743, 51.603870813012904 ], [ -0.42943085339957, 51.603707986813802 ], [ -0.429285025012506, 51.603512502825097 ], [ -0.429198322658561, 51.603396303839098 ], [ -0.428953802336456, 51.603068525440662 ], [ -0.428598034607977, 51.602654757547676 ], [ -0.42746028594601, 51.602901538728787 ], [ -0.4260310437306, 51.603093412082302 ], [ -0.425427071121175, 51.603230710029372 ], [ -0.425232419727726, 51.603164311018155 ], [ -0.423842076478301, 51.602689999741429 ], [ -0.423584468411094, 51.602601806052562 ], [ -0.423369561761072, 51.602388126879504 ], [ -0.423105817543879, 51.602275610434504 ], [ -0.423106001327123, 51.602272807227784 ], [ -0.423125143596675, 51.601976687917073 ], [ -0.423081321451562, 51.601817445047892 ], [ -0.423067596453886, 51.601789321210568 ], [ -0.423069888700138, 51.601786510304613 ], [ -0.42322409423906, 51.601597207710796 ], [ -0.424877654539577, 51.598249941095617 ], [ -0.425243556815071, 51.597707009503992 ], [ -0.425689900386866, 51.597044672772384 ], [ -0.427442547103076, 51.59451479851959 ], [ -0.429786008567264, 51.594381424492184 ], [ -0.429796033194931, 51.594380856998178 ], [ -0.430361494118127, 51.594348761805115 ], [ -0.431906077026979, 51.594278923126012 ], [ -0.431996855855714, 51.59427481064445 ], [ -0.432315997696317, 51.594260381343183 ], [ -0.432420932212968, 51.594255639026436 ], [ -0.433677297673884, 51.59419881192747 ], [ -0.43459430964717, 51.594698822011054 ], [ -0.434616120251907, 51.594710703696187 ], [ -0.435191889568029, 51.595024658139629 ], [ -0.435222469089482, 51.595020425801572 ], [ -0.43582309061998, 51.594937321811052 ], [ -0.436370080138766, 51.594861638406826 ], [ -0.436605043836882, 51.594838636984719 ], [ -0.436804089868363, 51.594809671312113 ], [ -0.436968059626877, 51.594777567396143 ], [ -0.437002667807105, 51.594769521547107 ], [ -0.437092666458596, 51.594748598929968 ], [ -0.437186963286845, 51.594721906424773 ], [ -0.437244841569161, 51.594705528724475 ], [ -0.437390859873378, 51.594657592410073 ], [ -0.437432351531686, 51.594640798592621 ], [ -0.437529023316326, 51.594601683016087 ], [ -0.4378339535564, 51.594445561462031 ], [ -0.437906042601562, 51.594413465136277 ], [ -0.437981943635043, 51.594379666001188 ], [ -0.438574541701879, 51.594162608556701 ], [ -0.438847448310215, 51.59407708932499 ], [ -0.438982719104948, 51.594034700435458 ], [ -0.439930642072795, 51.593774353004648 ], [ -0.439973314730738, 51.59376264578318 ], [ -0.44008414299261, 51.593917420754202 ], [ -0.440330671209956, 51.594261696528669 ], [ -0.440665687190116, 51.594570620488717 ], [ -0.440800449423841, 51.59468598436213 ], [ -0.441268377668747, 51.59508655036727 ], [ -0.441827529364334, 51.595622562574661 ], [ -0.442100595633302, 51.595843406142741 ], [ -0.442221213934279, 51.595931414354055 ], [ -0.443032276149804, 51.596463451721903 ], [ -0.443168972743595, 51.596548133537276 ], [ -0.444083201549368, 51.596209309260423 ], [ -0.444103262908958, 51.596202336402648 ], [ -0.444192317817579, 51.596171414412659 ], [ -0.444227824561335, 51.596162838820781 ], [ -0.444296042337408, 51.596146378926804 ], [ -0.444335430105559, 51.596139149636841 ], [ -0.444383215303658, 51.596130386044571 ], [ -0.444500591760702, 51.596122850485102 ], [ -0.44452294693981, 51.596121420236159 ], [ -0.444575069391312, 51.596123468828957 ], [ -0.444980268405096, 51.596139421887237 ], [ -0.445121877346951, 51.596141432844412 ], [ -0.445409632611177, 51.596129400176743 ], [ -0.445428716446306, 51.596127243013797 ], [ -0.445602187234729, 51.596107329590367 ], [ -0.445761855693915, 51.59608233235641 ], [ -0.445836896631888, 51.596066870182483 ], [ -0.445950875415889, 51.596043389867319 ], [ -0.44620448222009, 51.59600168726152 ], [ -0.446771673227778, 51.595908409416495 ], [ -0.447015340903305, 51.595876573010479 ], [ -0.447043837907675, 51.595872849604604 ], [ -0.44777459193608, 51.595777378975413 ], [ -0.447845617976237, 51.595950798655075 ], [ -0.447849562042964, 51.595960463528939 ], [ -0.447999570175865, 51.596000259633662 ], [ -0.448301532744322, 51.596080380514373 ], [ -0.448366630314494, 51.59607578283233 ], [ -0.448993585519903, 51.59603136602545 ], [ -0.449727359272895, 51.595801363558031 ], [ -0.450129398050928, 51.595654363057889 ], [ -0.450595438629088, 51.595456366167333 ], [ -0.450844177897788, 51.595359332588075 ], [ -0.45101814337979, 51.595298404540209 ], [ -0.451339073795677, 51.595196531837033 ], [ -0.451501443401558, 51.595144981870504 ], [ -0.451516199064399, 51.595140293796199 ], [ -0.451705298562553, 51.595072407752276 ], [ -0.452194654337092, 51.594885506660127 ], [ -0.452307298555042, 51.594842481585943 ], [ -0.452391762992688, 51.594815962977648 ], [ -0.452661178812988, 51.594731375698295 ], [ -0.453001328821297, 51.594637653940822 ], [ -0.452923282645188, 51.594550501761418 ], [ -0.453087199597217, 51.594475375603665 ], [ -0.453177906862518, 51.594049585991982 ], [ -0.453450056052122, 51.593831210994736 ], [ -0.453553129548461, 51.593748510839426 ], [ -0.453612886983592, 51.593694437230944 ], [ -0.453931684263724, 51.59340591645762 ], [ -0.453142128039929, 51.592911600209547 ], [ -0.452788110532723, 51.592761643925904 ], [ -0.453052600999466, 51.592377999968058 ], [ -0.453544975205692, 51.591663757610092 ], [ -0.45387097086592, 51.591123891104353 ], [ -0.453852208648216, 51.591105893143165 ], [ -0.453798884122666, 51.591054797814436 ], [ -0.453763980004727, 51.591013486036893 ], [ -0.453750739967444, 51.590997817902704 ], [ -0.453741525364423, 51.590983066086849 ], [ -0.453701969040434, 51.59091976093616 ], [ -0.453675098499121, 51.590860813388353 ], [ -0.453665809515353, 51.590790646029802 ], [ -0.453665075908367, 51.590784999135543 ], [ -0.454341835661387, 51.591007721874909 ], [ -0.455520666490214, 51.591618696896731 ], [ -0.456933345975884, 51.592398678423578 ], [ -0.45731198911992, 51.592585476831232 ], [ -0.457322503364282, 51.592590673228841 ], [ -0.457853296248758, 51.592769619889125 ], [ -0.458336209582566, 51.592950614500005 ], [ -0.459276225601197, 51.593262522793019 ], [ -0.459536404435111, 51.593354728987222 ], [ -0.459930761269001, 51.593494502637249 ], [ -0.459936900297945, 51.593497604618562 ], [ -0.460000678849994, 51.593533565508295 ], [ -0.460064372743571, 51.59356947129784 ], [ -0.46020197462406, 51.593676513393731 ], [ -0.460295909125518, 51.593780455321465 ], [ -0.460430505245936, 51.593971732531102 ], [ -0.460492204639721, 51.59405939794874 ], [ -0.46058736521999, 51.594180494840998 ], [ -0.460647210365115, 51.594238470587236 ], [ -0.460661797134406, 51.594251125196315 ], [ -0.461148193515503, 51.594673297349992 ], [ -0.461191830820869, 51.594699974161003 ], [ -0.461226867967234, 51.594721394600654 ], [ -0.461300169672194, 51.594759305102031 ], [ -0.461539926943529, 51.594883287028118 ], [ -0.462207023287702, 51.595262261087449 ], [ -0.462348889527867, 51.595323271498565 ], [ -0.462819385438549, 51.595488510024438 ], [ -0.463100657119529, 51.595587297076548 ], [ -0.463071928505337, 51.595609904694953 ], [ -0.463055317490481, 51.595622968509126 ], [ -0.462848980656385, 51.595785343354201 ], [ -0.462790634120785, 51.595897080013138 ], [ -0.462772759870753, 51.595931303837723 ], [ -0.46276678511712, 51.595953040587588 ], [ -0.462746023107807, 51.5960283208655 ], [ -0.462731790104705, 51.596129161574886 ], [ -0.462726582731118, 51.596283390290033 ], [ -0.462725877141938, 51.596304287880614 ], [ -0.462732030499989, 51.596670233674189 ], [ -0.462704875440226, 51.596890797859132 ], [ -0.462699060209074, 51.596938164427939 ], [ -0.462664781454805, 51.597098171770085 ], [ -0.462662584013183, 51.597105525556408 ], [ -0.462603239594967, 51.597304041624469 ], [ -0.462478148907547, 51.597548140562253 ], [ -0.462469064268149, 51.597646989493292 ], [ -0.462468161762, 51.597657039920627 ], [ -0.462462740001824, 51.597672651228613 ], [ -0.462458951989182, 51.597683279798865 ], [ -0.462445765666137, 51.597698155382574 ], [ -0.462426891494563, 51.597719205979615 ], [ -0.462310273339817, 51.597776086065664 ], [ -0.462305823435635, 51.597780020263734 ], [ -0.46227864760369, 51.597804050828387 ], [ -0.462263025103021, 51.5978391133877 ], [ -0.462257876792977, 51.597938103825115 ], [ -0.462200129718961, 51.598058039921227 ], [ -0.462221136958464, 51.59811704328623 ], [ -0.462336083465131, 51.598240924778139 ], [ -0.462345321973049, 51.598254237417294 ], [ -0.462379539179661, 51.598303450568871 ], [ -0.462364840979422, 51.598391084581266 ], [ -0.462226175522352, 51.598635985444467 ], [ -0.462207610209818, 51.598695324285337 ], [ -0.462185276160665, 51.598767493223363 ], [ -0.462192306405443, 51.598823954699945 ], [ -0.462170956694038, 51.598855012577594 ], [ -0.462132213614173, 51.598879934557885 ], [ -0.462021940041309, 51.598924996390217 ], [ -0.461957741545416, 51.59894564598649 ], [ -0.461938006029985, 51.59895199647719 ], [ -0.461769165723516, 51.598995022248587 ], [ -0.461762285416342, 51.598998663782652 ], [ -0.461705300206997, 51.599028885595196 ], [ -0.461681619397602, 51.599075505266292 ], [ -0.4617304172381, 51.599151706522662 ], [ -0.461749200784895, 51.599181225100494 ], [ -0.461743988753026, 51.599225656381236 ], [ -0.461742442569271, 51.599228684456378 ], [ -0.461686112945436, 51.59926299730968 ], [ -0.461529998990832, 51.599302817565473 ], [ -0.461519873189191, 51.599308071082426 ], [ -0.461493258482247, 51.599321866728303 ], [ -0.461465904918075, 51.599346416323712 ], [ -0.461462078561319, 51.599349837121849 ], [ -0.461441208007521, 51.599379938989841 ], [ -0.461420281534102, 51.599451853783414 ], [ -0.461418811961686, 51.599484655985322 ], [ -0.461418557107291, 51.599493478472645 ], [ -0.461427291611153, 51.599537937997269 ], [ -0.461479576783722, 51.599643823334056 ], [ -0.461486312736624, 51.599657274066772 ], [ -0.461528897896483, 51.599711597758251 ], [ -0.461553062001721, 51.599741911700875 ], [ -0.461562102907944, 51.599767909779366 ], [ -0.461556152494525, 51.599797865637861 ], [ -0.4614964321511, 51.599841908438755 ], [ -0.461333087952525, 51.599908897920777 ], [ -0.461185622437457, 51.600000770031635 ], [ -0.461126137550731, 51.600037828807778 ], [ -0.460986728509791, 51.600134815008175 ], [ -0.460933452027742, 51.600171874210638 ], [ -0.460785141707301, 51.600283985142653 ], [ -0.460539388153241, 51.600469767002267 ], [ -0.460425432034168, 51.600543716038196 ], [ -0.460024587263992, 51.600761857126002 ], [ -0.459853315777704, 51.600889716991311 ], [ -0.459799996660114, 51.600919446611435 ], [ -0.459790298110179, 51.600924858479608 ], [ -0.459728551051951, 51.600949756499041 ], [ -0.459683468017771, 51.600961816595138 ], [ -0.459641721845725, 51.60096871399594 ], [ -0.459407799103197, 51.600987700069417 ], [ -0.459347364729326, 51.600999828198475 ], [ -0.459168302479145, 51.6010497751301 ], [ -0.458697700904561, 51.601223689150125 ], [ -0.458540654792558, 51.601290757871112 ], [ -0.458532485214871, 51.601294930820693 ], [ -0.45845065519753, 51.6013367844143 ], [ -0.458289497413672, 51.601458723299011 ], [ -0.458205942348861, 51.601500760885493 ], [ -0.458105859207919, 51.601524740602521 ], [ -0.457867572526245, 51.601552667560554 ], [ -0.457748510673965, 51.60157764741146 ], [ -0.457589871769585, 51.601624740232637 ], [ -0.45742865762816, 51.601681771367822 ], [ -0.457322994928485, 51.601723796414348 ], [ -0.457174951792116, 51.601793949230988 ], [ -0.457044635237158, 51.601855720464854 ], [ -0.456969693436193, 51.601886837036886 ], [ -0.456835012011012, 51.601942750650608 ], [ -0.456759766224437, 51.601992620894514 ], [ -0.456757592087297, 51.601996270117219 ], [ -0.456738240004358, 51.602028729284449 ], [ -0.456735012152502, 51.602070698533055 ], [ -0.456760079470683, 51.602116690847353 ], [ -0.456897108446015, 51.602240724754104 ], [ -0.456994803344334, 51.602380553045634 ], [ -0.457024551040665, 51.602449078432301 ], [ -0.457040007220523, 51.602484693118939 ], [ -0.457043160486526, 51.602510092680738 ], [ -0.45705488756304, 51.602604602387473 ], [ -0.457045699642106, 51.602662661277165 ], [ -0.45702370258462, 51.602712656521284 ], [ -0.456994802154751, 51.602743515423079 ], [ -0.456990936970652, 51.602747636981512 ], [ -0.456969936645725, 51.60275970710719 ], [ -0.456858851367371, 51.60282359253911 ], [ -0.456827799308111, 51.602847633968359 ], [ -0.456812501392882, 51.60286357379745 ], [ -0.456805811060409, 51.602870526710554 ], [ -0.456798125717078, 51.602890217518755 ], [ -0.456787040678271, 51.602918613047741 ], [ -0.456785946653074, 51.602930864060163 ], [ -0.456773962724424, 51.603064564774698 ], [ -0.456759229472983, 51.603100474779374 ], [ -0.456756758327095, 51.60310649404498 ], [ -0.456694808614107, 51.603207075530811 ], [ -0.456644059213508, 51.603289487155457 ], [ -0.456573131477211, 51.603464469104885 ], [ -0.456572207233493, 51.603518554210666 ], [ -0.456593072071871, 51.603555633899177 ], [ -0.456597263353426, 51.603558080970238 ], [ -0.456898843168082, 51.603733592709013 ], [ -0.45691746135936, 51.603748782670102 ], [ -0.45693178016794, 51.60376045407294 ], [ -0.456939814970556, 51.603769219265402 ], [ -0.456963974998821, 51.603795578516063 ], [ -0.456996060445196, 51.60384756193902 ], [ -0.457004326588171, 51.603870376029818 ], [ -0.457013806990541, 51.603896560190336 ], [ -0.457015359753375, 51.603904853461735 ], [ -0.457022990094149, 51.603945571707726 ], [ -0.457018762660381, 51.60400339908508 ], [ -0.45698285850022, 51.604090466233608 ], [ -0.456771550224359, 51.60432356215744 ], [ -0.456709053160829, 51.604392537782246 ], [ -0.456684925090697, 51.604429538156353 ], [ -0.456671860760807, 51.604449643785216 ], [ -0.456669425696008, 51.604454809262826 ], [ -0.4566508005877, 51.604494327904128 ], [ -0.456641807689304, 51.604513390034846 ], [ -0.456586015829443, 51.604761489100639 ], [ -0.45653322942371, 51.604921368949825 ], [ -0.456531015060983, 51.604986241237313 ], [ -0.456533994043191, 51.604994207076075 ], [ -0.456545933147261, 51.605025387325405 ], [ -0.456576276440344, 51.605061899274872 ], [ -0.456629889986981, 51.605091406633527 ], [ -0.456800918651741, 51.605144372396779 ], [ -0.456845882174215, 51.605162390711484 ], [ -0.456908131567487, 51.605203395673918 ], [ -0.456991827650316, 51.605290336179863 ], [ -0.457313127140363, 51.605703293681394 ], [ -0.457529034337011, 51.605950325009012 ], [ -0.457587215161315, 51.606005330918343 ], [ -0.457635727142694, 51.60605119949237 ], [ -0.457763024413312, 51.606143217581462 ], [ -0.457834916460768, 51.606179286106133 ], [ -0.458000868993554, 51.606246696686959 ], [ -0.458049030694898, 51.606266267216711 ], [ -0.458069859689089, 51.606277196713883 ], [ -0.458113758165446, 51.606300272110687 ], [ -0.458178885692487, 51.606349326204857 ], [ -0.458243813980399, 51.606414923322362 ], [ -0.458246020041129, 51.606417155402347 ], [ -0.458281922884837, 51.60646610418884 ], [ -0.458770193153055, 51.60713117138549 ], [ -0.458801708352482, 51.607174109500889 ], [ -0.458501051396225, 51.607270198602798 ], [ -0.458494725713364, 51.607275753622737 ], [ -0.458352683510128, 51.607400183230403 ], [ -0.45829808130068, 51.607441099817976 ], [ -0.458276744572399, 51.607457077412917 ], [ -0.458256271227988, 51.607470161862146 ], [ -0.458178039498854, 51.607520128831815 ], [ -0.458086721893496, 51.607573134025749 ], [ -0.458078148411096, 51.607578110963843 ], [ -0.457995541305682, 51.607617400518762 ], [ -0.457804772348795, 51.607708133807421 ], [ -0.45744881228901, 51.607851125322732 ], [ -0.456930003510718, 51.608032151762053 ], [ -0.456874385083445, 51.608056553646001 ], [ -0.456490216667932, 51.608225042085721 ], [ -0.455611333796675, 51.608550129619381 ], [ -0.455233170667474, 51.608669074072665 ], [ -0.4551174920412, 51.608700148084026 ], [ -0.455066624126004, 51.608710907534892 ], [ -0.455037487549871, 51.608717088271639 ], [ -0.454982963095908, 51.608723249477457 ], [ -0.454790567820435, 51.608745022266163 ], [ -0.454710980669524, 51.608768379194743 ], [ -0.454702141025132, 51.608770969454547 ], [ -0.454683019128548, 51.608783333754964 ], [ -0.454649529988439, 51.608804986670201 ], [ -0.454588180310426, 51.608884120020448 ], [ -0.454574908587324, 51.608893468069255 ], [ -0.454545643703022, 51.608914052671466 ], [ -0.454467443338214, 51.608931007347387 ], [ -0.454331824381731, 51.608935147050758 ], [ -0.454271103818077, 51.608937062930892 ], [ -0.454227565920442, 51.608948422209181 ], [ -0.454129314650967, 51.608974041889972 ], [ -0.453938492882406, 51.609044248657312 ], [ -0.453566718835112, 51.609181041600095 ], [ -0.453358012960051, 51.609247945445382 ], [ -0.45326739933834, 51.609276992255573 ], [ -0.453186382487399, 51.609310068149554 ], [ -0.453142774280598, 51.609331974083233 ], [ -0.453115290058945, 51.609350279807607 ], [ -0.453061502968046, 51.609386124482263 ], [ -0.452811488358653, 51.609558034461934 ], [ -0.452604988630997, 51.609684414239837 ], [ -0.452520668792641, 51.609736015263557 ], [ -0.452002895489182, 51.610030986315031 ], [ -0.451583979964886, 51.610258252721131 ], [ -0.451128090556917, 51.610336432193847 ], [ -0.45111449500161, 51.610328951303941 ], [ -0.451000538032386, 51.610282488194372 ], [ -0.450943100658515, 51.610272739015819 ], [ -0.450827919978732, 51.610262228853102 ], [ -0.450687350162156, 51.610276733301212 ], [ -0.450673465849602, 51.610278159935156 ], [ -0.450629942726391, 51.610282648978647 ], [ -0.450596028507104, 51.610286149608605 ], [ -0.45050880102148, 51.610302993517429 ], [ -0.450442429607021, 51.610317675366701 ], [ -0.450364780368975, 51.610334852257843 ], [ -0.450086794159937, 51.610396336846691 ], [ -0.449446409021243, 51.610540761638426 ], [ -0.44902387431766, 51.610640982668023 ], [ -0.449130082604401, 51.610768141763209 ], [ -0.448261519699071, 51.610991515764802 ], [ -0.448136272875364, 51.611023727772036 ], [ -0.448094980311838, 51.611034351207493 ], [ -0.447489573617871, 51.611342583614203 ], [ -0.447391976096622, 51.611395311953729 ], [ -0.447327337782544, 51.611430229983455 ], [ -0.446871791256312, 51.611676323300522 ], [ -0.446845100047807, 51.611690736197019 ], [ -0.446836868484858, 51.611695789082923 ], [ -0.446770749923478, 51.61173638848723 ], [ -0.446747353495368, 51.611750745976266 ], [ -0.446644566271208, 51.61181117468827 ], [ -0.446613437857764, 51.611829485569672 ], [ -0.446592450609818, 51.611842229258947 ], [ -0.446478771725737, 51.611910310355853 ], [ -0.446456848220679, 51.61192424663566 ], [ -0.446027171825491, 51.612197449582254 ], [ -0.445855444927282, 51.612405053354706 ], [ -0.445653810903505, 51.612648833743279 ], [ -0.44561801563496, 51.61269844822494 ], [ -0.445462211899612, 51.61291968783474 ], [ -0.445343810633937, 51.613479167357291 ], [ -0.445798641071828, 51.613908451038554 ], [ -0.444708170663883, 51.613879728465591 ], [ -0.444523085389781, 51.613874843740845 ], [ -0.444206758977973, 51.613891719834356 ], [ -0.44371278466117, 51.613918087469315 ] ] ] } },
{ "type": "Feature", "properties": { "lsoa21cd": "E01002441", "lsoa21nm": "Hillingdon 003D", "msoa21cd": "E02000496", "msoa21nm": "Hillingdon 003", "lad22cd": "E09000017", "lad22nm": "Hillingdon", "index_right": 137, "GSS_CODE": "E05000335", "risk_score": 0.0015127331122379286, "allocation_hours": 0.034032183373838461, "patrol_units": 0 }, "geometry": { "type": "Polygon", "coordinates": [ [ [ -0.495312979810555, 51.606666542295898 ], [ -0.495284998603555, 51.606650204794761 ], [ -0.495270577984997, 51.606650020041684 ], [ -0.495209786036574, 51.606623649563915 ], [ -0.495142431137973, 51.606594425386902 ], [ -0.495040913503133, 51.606567236258329 ], [ -0.494899645220321, 51.606529394517842 ], [ -0.494729304334406, 51.606483779475404 ], [ -0.49463822231298, 51.60645938541181 ], [ -0.49462999175722, 51.606457175759417 ], [ -0.494543690695085, 51.606434065830392 ], [ -0.49445319565504, 51.606409832011316 ], [ -0.494386891836966, 51.606392076844394 ], [ -0.494254527968352, 51.606356623474589 ], [ -0.494254987508382, 51.60635189950343 ], [ -0.494247948847781, 51.606349893939345 ], [ -0.494236575053694, 51.606346663818123 ], [ -0.494212182914019, 51.606339714896741 ], [ -0.494107799950358, 51.60631186775565 ], [ -0.494058356828101, 51.606298680776355 ], [ -0.494042410137949, 51.606294429842933 ], [ -0.494039957663484, 51.606299155235796 ], [ -0.493754046034443, 51.606222580591805 ], [ -0.49369668932621, 51.606207214784142 ], [ -0.493367770717659, 51.606120690818059 ], [ -0.493114028220033, 51.606053942024097 ], [ -0.492951208831109, 51.606011118506956 ], [ -0.492852054310296, 51.605985036836479 ], [ -0.492805612276249, 51.605972823015662 ], [ -0.492571642186457, 51.605911272444388 ], [ -0.492265060968632, 51.605830625150446 ], [ -0.492050318922407, 51.605774131159237 ], [ -0.492034857434958, 51.605770066021563 ], [ -0.491955009165013, 51.605749064739392 ], [ -0.491935789992709, 51.605744002668104 ], [ -0.491891658769628, 51.605731359553012 ], [ -0.490713053329394, 51.605393797151173 ], [ -0.490390864343064, 51.605301515299494 ], [ -0.489679717114649, 51.605103006710955 ], [ -0.48960233851296, 51.605081410609294 ], [ -0.489560759268151, 51.605069797551508 ], [ -0.489546651215477, 51.60506586638526 ], [ -0.489347748614332, 51.605017906802331 ], [ -0.489218370412755, 51.60498671237999 ], [ -0.489073907162154, 51.604951879753287 ], [ -0.489050290452979, 51.604947718291697 ], [ -0.488856533518112, 51.604913564065114 ], [ -0.488794713857968, 51.604902670444233 ], [ -0.488871487063271, 51.604856791220385 ], [ -0.489069805305876, 51.604738299477361 ], [ -0.489152494183481, 51.604713870510892 ], [ -0.489365005653609, 51.604651087367152 ], [ -0.489429698159783, 51.604631974881116 ], [ -0.489630848193539, 51.604572552067431 ], [ -0.489809766128864, 51.60453338109734 ], [ -0.48983098925463, 51.604528726303599 ], [ -0.489838800436048, 51.604527019323122 ], [ -0.48986938225377, 51.604455295551759 ], [ -0.489849876005824, 51.604456951067696 ], [ -0.489845053572329, 51.604457365642205 ], [ -0.489560594444784, 51.604481619197344 ], [ -0.48946169977097, 51.604487028442641 ], [ -0.489455204142162, 51.604487385512329 ], [ -0.489194784002214, 51.604406037864329 ], [ -0.489027125921397, 51.604353529452681 ], [ -0.487530486539269, 51.603475285204063 ], [ -0.487533222335146, 51.603471175055169 ], [ -0.487643931310252, 51.603304825206514 ], [ -0.487670541668779, 51.603269702834893 ], [ -0.487699537656632, 51.603231445940096 ], [ -0.487702784282839, 51.603227171514504 ], [ -0.487757792808331, 51.603163523022886 ], [ -0.487763049212843, 51.603157431083744 ], [ -0.488600036216928, 51.602382498488481 ], [ -0.488765932901433, 51.60185365587963 ], [ -0.488819557725328, 51.601736332934422 ], [ -0.488897722759906, 51.601565273910005 ], [ -0.488709180555716, 51.601584123179499 ], [ -0.488446925640749, 51.601655113077527 ], [ -0.488170070295327, 51.601730050830625 ], [ -0.488056095386277, 51.601683622771127 ], [ -0.487708995925238, 51.601503249071698 ], [ -0.487417342753178, 51.601351679958498 ], [ -0.487214267421358, 51.601251688155344 ], [ -0.48694852630084, 51.601120836843492 ], [ -0.486417203300076, 51.600920928516928 ], [ -0.486311044575981, 51.600880992882253 ], [ -0.486107099211466, 51.600804259601858 ], [ -0.48597320806095, 51.600757662646451 ], [ -0.485928658530165, 51.600742161309633 ], [ -0.485895485466301, 51.600730619307626 ], [ -0.48543623230655, 51.600570805459782 ], [ -0.485424839085773, 51.600640266825977 ], [ -0.485416733824584, 51.600689888931996 ], [ -0.485403484693006, 51.600770863299587 ], [ -0.485393520460059, 51.600831656665846 ], [ -0.485384063498109, 51.600889354278529 ], [ -0.48536262412999, 51.601020327316483 ], [ -0.485339828798641, 51.601159501693203 ], [ -0.485327503880799, 51.60123482290907 ], [ -0.485307389788793, 51.601250443633582 ], [ -0.485292507901917, 51.601262004439064 ], [ -0.485173422171362, 51.601354535382484 ], [ -0.485168101237511, 51.60135865709357 ], [ -0.485046925159901, 51.601452806513564 ], [ -0.484859209460917, 51.601598638305887 ], [ -0.484854555368972, 51.601602247012366 ], [ -0.484788386625714, 51.601653655038774 ], [ -0.484694336338284, 51.601726715786938 ], [ -0.484672191092519, 51.601743919560448 ], [ -0.484609727801122, 51.6017924438938 ], [ -0.484585796648657, 51.601827725802849 ], [ -0.484580749160189, 51.60184748832711 ], [ -0.484568130568648, 51.601896890142179 ], [ -0.484554733043898, 51.601949303261172 ], [ -0.484534444381069, 51.602028711761655 ], [ -0.484514461819551, 51.602040368297871 ], [ -0.484507968331933, 51.602044142070071 ], [ -0.484465681271896, 51.60209382611837 ], [ -0.484459475503588, 51.602101101553529 ], [ -0.484454357973683, 51.602110387302687 ], [ -0.484452082684042, 51.602114539269714 ], [ -0.4844507985107, 51.602118847912053 ], [ -0.484425209603328, 51.602129748619845 ], [ -0.483897801787166, 51.602291543019383 ], [ -0.483825687197718, 51.602212249091238 ], [ -0.483836113451147, 51.602167135264629 ], [ -0.483845392665509, 51.602126979280072 ], [ -0.483861387165241, 51.602057748489102 ], [ -0.483877869930551, 51.601986428830926 ], [ -0.48390440643947, 51.601871636087708 ], [ -0.483905604825744, 51.601866436118854 ], [ -0.483917989252992, 51.601812814024093 ], [ -0.483944661371126, 51.601697411554596 ], [ -0.483945554749317, 51.601693565460614 ], [ -0.483951764194461, 51.601666669207887 ], [ -0.483965208664884, 51.60160852875407 ], [ -0.48397209120032, 51.601578763705106 ], [ -0.483990902424876, 51.601497348938224 ], [ -0.484014320120961, 51.601395977132739 ], [ -0.484023395876759, 51.601356717717771 ], [ -0.484040418690445, 51.601283040069745 ], [ -0.484025953673038, 51.601280212195995 ], [ -0.484021283219419, 51.601281839685512 ], [ -0.484011419207068, 51.601280597221155 ], [ -0.48375989253206, 51.601249183936865 ], [ -0.483748238067674, 51.601242738830699 ], [ -0.483509104189227, 51.601210701025202 ], [ -0.483506387083467, 51.601217798491767 ], [ -0.483492611454791, 51.601252923680391 ], [ -0.483477351535274, 51.601291860344674 ], [ -0.483444447996828, 51.601375835512677 ], [ -0.483442964919654, 51.601379611036656 ], [ -0.483437473567319, 51.601393612795697 ], [ -0.483423916662267, 51.601428237241556 ], [ -0.483414243574848, 51.601452903607843 ], [ -0.483413764472645, 51.601467284871802 ], [ -0.483413045818592, 51.601488856767666 ], [ -0.483389622599921, 51.601577783236117 ], [ -0.483379987187013, 51.601614319737166 ], [ -0.483366420264467, 51.601686081666038 ], [ -0.48336238971781, 51.601707376959034 ], [ -0.483345984153932, 51.60179412809434 ], [ -0.483344459845525, 51.601802174359804 ], [ -0.483339872818662, 51.601798131545571 ], [ -0.483262257371339, 51.601729750082413 ], [ -0.48313034933757, 51.601739384114097 ], [ -0.483114036319729, 51.601740576013903 ], [ -0.483072327530057, 51.601747302502432 ], [ -0.483060713521916, 51.601749175599487 ], [ -0.483014131681118, 51.601760443057074 ], [ -0.483007241991462, 51.601762237845541 ], [ -0.482973632086943, 51.601772913148778 ], [ -0.482957972737429, 51.601780920542737 ], [ -0.482879117556991, 51.601821247002704 ], [ -0.482867071671067, 51.601827412749401 ], [ -0.482865059869065, 51.601837952526502 ], [ -0.482863500316802, 51.601846187165705 ], [ -0.482835883945495, 51.601900151744957 ], [ -0.482832917817559, 51.601908997648742 ], [ -0.482828429844072, 51.60192234693227 ], [ -0.482825256689518, 51.601939570852053 ], [ -0.482821838505847, 51.601958297790382 ], [ -0.482812000061179, 51.601995060919549 ], [ -0.482809611555677, 51.602003905298886 ], [ -0.482899485187691, 51.602116938748843 ], [ -0.482855510934945, 51.60230926101783 ], [ -0.482559630028638, 51.602467950452251 ], [ -0.482556484136338, 51.602470490520325 ], [ -0.482471043683895, 51.602539380567833 ], [ -0.482454083226278, 51.602553054113052 ], [ -0.4824081891087, 51.60265541180631 ], [ -0.482462016542077, 51.602731767966368 ], [ -0.482435427717434, 51.602751413673559 ], [ -0.482105925640978, 51.602994786928164 ], [ -0.481628277984486, 51.603055544985544 ], [ -0.481615328147848, 51.603057193835923 ], [ -0.481610901236156, 51.603459175973832 ], [ -0.481610774280741, 51.603470774215559 ], [ -0.48161727642089, 51.603501386728965 ], [ -0.481564096328522, 51.603548060286158 ], [ -0.48151845866541, 51.603588096295276 ], [ -0.481514680329175, 51.60359141046915 ], [ -0.481498522717702, 51.603608700121178 ], [ -0.481486838741652, 51.603617199379222 ], [ -0.481480111664792, 51.603623415828935 ], [ -0.481332674753165, 51.603632613105709 ], [ -0.481140195140923, 51.603614232728418 ], [ -0.481105513697656, 51.603601140843267 ], [ -0.480876249503559, 51.603514572931203 ], [ -0.480871286827267, 51.603512701260719 ], [ -0.48074091199058, 51.603535283197751 ], [ -0.480598309802778, 51.6035227181764 ], [ -0.480578181726566, 51.603520946867739 ], [ -0.480370804093644, 51.603766319166397 ], [ -0.480365030726484, 51.60377315937022 ], [ -0.480332692197876, 51.60381143383367 ], [ -0.480266587635708, 51.603889645779716 ], [ -0.48025606405662, 51.603902089517774 ], [ -0.480239827203046, 51.603921302293521 ], [ -0.480242807064354, 51.603932392249838 ], [ -0.479772183961682, 51.603924263903401 ], [ -0.479620289330761, 51.603972634072591 ], [ -0.479563671316352, 51.603995918540051 ], [ -0.479544432779065, 51.604003825151857 ], [ -0.479540027276725, 51.604006888347918 ], [ -0.479506584413476, 51.604030212299762 ], [ -0.479442094238106, 51.604075173714385 ], [ -0.480357006860198, 51.604412739633787 ], [ -0.480479888825337, 51.604450533352271 ], [ -0.480602871435775, 51.60448834622855 ], [ -0.480611014469872, 51.604501364404243 ], [ -0.480624449162784, 51.604522840778927 ], [ -0.480626847327053, 51.604526702489494 ], [ -0.480637324004912, 51.604541189624364 ], [ -0.480631692588812, 51.604541179654468 ], [ -0.480389151082152, 51.604540772611813 ], [ -0.479871261444924, 51.604539900715118 ], [ -0.479144229310144, 51.604308310923486 ], [ -0.479130712535227, 51.604304008335909 ], [ -0.479026178164828, 51.604355464398033 ], [ -0.479004317009157, 51.604366223411432 ], [ -0.478990824431068, 51.604372864579105 ], [ -0.478984886136486, 51.604383335409935 ], [ -0.478977399591782, 51.604396492811908 ], [ -0.478858437017666, 51.604550847817237 ], [ -0.478839960722414, 51.604574824191126 ], [ -0.478807413265747, 51.604575220554189 ], [ -0.478619355628878, 51.604562702313906 ], [ -0.478533611306739, 51.604557004600039 ], [ -0.478510747365048, 51.604552612219905 ], [ -0.478402277282667, 51.604551781244993 ], [ -0.47831012802524, 51.604546319536809 ], [ -0.478291436106466, 51.604545204904475 ], [ -0.478120272064835, 51.604588026873813 ], [ -0.47810348164262, 51.604592233254671 ], [ -0.478018230728928, 51.604645629043652 ], [ -0.477967214687134, 51.60466111726334 ], [ -0.477942472862593, 51.604668619522641 ], [ -0.477930087212566, 51.604672379451316 ], [ -0.477902051215961, 51.60467000155105 ], [ -0.477879377874027, 51.604671353014105 ], [ -0.477829473603022, 51.604674320524865 ], [ -0.477805800937285, 51.604671873311496 ], [ -0.477747145229718, 51.604665789056583 ], [ -0.477731286877005, 51.60466414458751 ], [ -0.477597100056332, 51.60470017082519 ], [ -0.477584510483535, 51.604703550401162 ], [ -0.477415585845092, 51.604805874544397 ], [ -0.477410161609644, 51.604809167230854 ], [ -0.477385905200604, 51.604803879828374 ], [ -0.477382109290263, 51.604800800216402 ], [ -0.477340009382542, 51.604764285298145 ], [ -0.477176964566569, 51.604575591192187 ], [ -0.477160670533343, 51.604556756973565 ], [ -0.477230592405084, 51.604535561634492 ], [ -0.477244531988191, 51.604527654078325 ], [ -0.477248044737778, 51.604526247428623 ], [ -0.477255595577555, 51.604523270095044 ], [ -0.477259897841735, 51.604521572452924 ], [ -0.477368151419898, 51.604485488857534 ], [ -0.477375131800631, 51.604483160541896 ], [ -0.477392933226734, 51.604477222904357 ], [ -0.477511193580896, 51.604435100398526 ], [ -0.477539078047095, 51.60442516615965 ], [ -0.477521807795116, 51.604404430971712 ], [ -0.47752727015425, 51.604399996770368 ], [ -0.477303486044518, 51.604142354177029 ], [ -0.477294419957756, 51.604131922523827 ], [ -0.477292370923768, 51.604129288208078 ], [ -0.477293271836056, 51.604126530313167 ], [ -0.47730638420636, 51.604124785133742 ], [ -0.477357949295943, 51.604117909823714 ], [ -0.477491336934154, 51.604100118586757 ], [ -0.477604903503397, 51.604071369375262 ], [ -0.477640213604681, 51.604052692156984 ], [ -0.477748626510194, 51.603939691338091 ], [ -0.477754012289663, 51.603926317924973 ], [ -0.477660778299892, 51.603861362981661 ], [ -0.47765260048874, 51.603852435578332 ], [ -0.477608535988919, 51.603804304365546 ], [ -0.477605615143352, 51.603795786863351 ], [ -0.477603660805746, 51.60379096868639 ], [ -0.477535678629643, 51.603746654541737 ], [ -0.477523202250633, 51.603734569062112 ], [ -0.47746676423443, 51.603679919795503 ], [ -0.477445506272243, 51.603605728405853 ], [ -0.47744933378387, 51.603583252704048 ], [ -0.477455533448085, 51.603546842954167 ], [ -0.477458516307341, 51.603529328957748 ], [ -0.477508553681995, 51.603445928451031 ], [ -0.477519854561979, 51.603427101614351 ], [ -0.477559997722565, 51.603379613295751 ], [ -0.477559758616318, 51.603374673496802 ], [ -0.477551953938183, 51.603238669200522 ], [ -0.477513993279585, 51.603220259799492 ], [ -0.47751022515541, 51.603217216519596 ], [ -0.477460365441968, 51.603177022068799 ], [ -0.477438466129474, 51.603162593250801 ], [ -0.477371172747567, 51.603118224994446 ], [ -0.477362440948793, 51.603112482598235 ], [ -0.477179853161915, 51.603037222745584 ], [ -0.477087327225701, 51.602999091144966 ], [ -0.477053261768496, 51.602988784627193 ], [ -0.476978260465194, 51.602978872985005 ], [ -0.476856407700869, 51.60296274205156 ], [ -0.476815431522471, 51.602786116637745 ], [ -0.476753484632665, 51.602728724831117 ], [ -0.476647028936603, 51.602630074636771 ], [ -0.476641244461266, 51.602624721142391 ], [ -0.476318826691783, 51.602542730343757 ], [ -0.476298799339043, 51.602449315968627 ], [ -0.47629773706444, 51.60244438346129 ], [ -0.476296626081976, 51.602439180556559 ], [ -0.476282737162969, 51.602374409493613 ], [ -0.476152098741387, 51.602314524763777 ], [ -0.476144546231248, 51.602311090591506 ], [ -0.475922349271571, 51.602231708508768 ], [ -0.475891699371497, 51.602220762606926 ], [ -0.475807932513937, 51.602232479411697 ], [ -0.475778127350142, 51.602240293115742 ], [ -0.47577001331961, 51.602242417775166 ], [ -0.47568511580651, 51.602214590249922 ], [ -0.47563265494525, 51.602197390150096 ], [ -0.475594699142688, 51.602191173557422 ], [ -0.475423910485747, 51.602108290492119 ], [ -0.475420834157704, 51.602106155348373 ], [ -0.475358756799481, 51.602063085613011 ], [ -0.475352858536955, 51.602058980486269 ], [ -0.475268175016739, 51.60201874624866 ], [ -0.475264493690058, 51.60201699889474 ], [ -0.475182255010517, 51.602014999576774 ], [ -0.475009102505248, 51.601935695537222 ], [ -0.474944106992502, 51.601926519591501 ], [ -0.474922535392924, 51.601923469644511 ], [ -0.47485229582692, 51.601905102939575 ], [ -0.474839255831576, 51.601901687280836 ], [ -0.474630350882947, 51.601809706616713 ], [ -0.474620176590156, 51.601805231141277 ], [ -0.474354542236285, 51.601607403085318 ], [ -0.474187938759105, 51.601438773850788 ], [ -0.47416946224864, 51.601420072678479 ], [ -0.473996671273536, 51.601195062744416 ], [ -0.473989588282001, 51.601185816605181 ], [ -0.47356452821558, 51.600632314270108 ], [ -0.473075517860647, 51.600767048082339 ], [ -0.472165944328107, 51.601005127949819 ], [ -0.471635640207787, 51.601069862599886 ], [ -0.471063432778153, 51.601139722933745 ], [ -0.470439180891355, 51.601210970289046 ], [ -0.469582420844683, 51.601288336127858 ], [ -0.466622522623967, 51.601314252912559 ], [ -0.466532827850014, 51.601315040764547 ], [ -0.46642066588688, 51.601308529931522 ], [ -0.466160348195471, 51.601290694102154 ], [ -0.465418119151825, 51.601239856803041 ], [ -0.465357037408134, 51.601235676688994 ], [ -0.464983596106753, 51.601183361454751 ], [ -0.464729409744654, 51.601250493419045 ], [ -0.464671303694724, 51.601265972850676 ], [ -0.464654608141537, 51.601269935710626 ], [ -0.464242885021046, 51.60136624809364 ], [ -0.464190344403305, 51.601378535988161 ], [ -0.463768298217383, 51.601474756571299 ], [ -0.463687996119972, 51.601493078645468 ], [ -0.463638740435275, 51.601506214121869 ], [ -0.46336714404196, 51.601578676899024 ], [ -0.462618481635822, 51.60177599435869 ], [ -0.462506284412674, 51.601805565043165 ], [ -0.46240249358352, 51.601832916824932 ], [ -0.459208397004849, 51.602592854083497 ], [ -0.456785946653074, 51.602930864060163 ], [ -0.456787040678271, 51.602918613047741 ], [ -0.456798125717078, 51.602890217518755 ], [ -0.456805811060409, 51.602870526710554 ], [ -0.456812501392882, 51.60286357379745 ], [ -0.456827799308111, 51.602847633968359 ], [ -0.456858851367371, 51.60282359253911 ], [ -0.456969936645725, 51.60275970710719 ], [ -0.456990936970652, 51.602747636981512 ], [ -0.456994802154751, 51.602743515423079 ], [ -0.45702370258462, 51.602712656521284 ], [ -0.457045699642106, 51.602662661277165 ], [ -0.45705488756304, 51.602604602387473 ], [ -0.457043160486526, 51.602510092680738 ], [ -0.457040007220523, 51.602484693118939 ], [ -0.457024551040665, 51.602449078432301 ], [ -0.456994803344334, 51.602380553045634 ], [ -0.456897108446015, 51.602240724754104 ], [ -0.456760079470683, 51.602116690847353 ], [ -0.456735012152502, 51.602070698533055 ], [ -0.456738240004358, 51.602028729284449 ], [ -0.456757592087297, 51.601996270117219 ], [ -0.456759766224437, 51.601992620894514 ], [ -0.456835012011012, 51.601942750650608 ], [ -0.456969693436193, 51.601886837036886 ], [ -0.457044635237158, 51.601855720464854 ], [ -0.457174951792116, 51.601793949230988 ], [ -0.457322994928485, 51.601723796414348 ], [ -0.45742865762816, 51.601681771367822 ], [ -0.457589871769585, 51.601624740232637 ], [ -0.457748510673965, 51.60157764741146 ], [ -0.457867572526245, 51.601552667560554 ], [ -0.458105859207919, 51.601524740602521 ], [ -0.458205942348861, 51.601500760885493 ], [ -0.458289497413672, 51.601458723299011 ], [ -0.45845065519753, 51.6013367844143 ], [ -0.458532485214871, 51.601294930820693 ], [ -0.458540654792558, 51.601290757871112 ], [ -0.458697700904561, 51.601223689150125 ], [ -0.459168302479145, 51.6010497751301 ], [ -0.459347364729326, 51.600999828198475 ], [ -0.459407799103197, 51.600987700069417 ], [ -0.459641721845725, 51.60096871399594 ], [ -0.459683468017771, 51.600961816595138 ], [ -0.459728551051951, 51.600949756499041 ], [ -0.459790298110179, 51.600924858479608 ], [ -0.459799996660114, 51.600919446611435 ], [ -0.459853315777704, 51.600889716991311 ], [ -0.460024587263992, 51.600761857126002 ], [ -0.460425432034168, 51.600543716038196 ], [ -0.460539388153241, 51.600469767002267 ], [ -0.460785141707301, 51.600283985142653 ], [ -0.460933452027742, 51.600171874210638 ], [ -0.460986728509791, 51.600134815008175 ], [ -0.461126137550731, 51.600037828807778 ], [ -0.461185622437457, 51.600000770031635 ], [ -0.461333087952525, 51.599908897920777 ], [ -0.4614964321511, 51.599841908438755 ], [ -0.461556152494525, 51.599797865637861 ], [ -0.461562102907944, 51.599767909779366 ], [ -0.461553062001721, 51.599741911700875 ], [ -0.461528897896483, 51.599711597758251 ], [ -0.461486312736624, 51.599657274066772 ], [ -0.461479576783722, 51.599643823334056 ], [ -0.461427291611153, 51.599537937997269 ], [ -0.461418557107291, 51.599493478472645 ], [ -0.461418811961686, 51.599484655985322 ], [ -0.461420281534102, 51.599451853783414 ], [ -0.461441208007521, 51.599379938989841 ], [ -0.461462078561319, 51.599349837121849 ], [ -0.461465904918075, 51.599346416323712 ], [ -0.461493258482247, 51.599321866728303 ], [ -0.461519873189191, 51.599308071082426 ], [ -0.461529998990832, 51.599302817565473 ], [ -0.461686112945436, 51.59926299730968 ], [ -0.461742442569271, 51.599228684456378 ], [ -0.461743988753026, 51.599225656381236 ], [ -0.461749200784895, 51.599181225100494 ], [ -0.4617304172381, 51.599151706522662 ], [ -0.461681619397602, 51.599075505266292 ], [ -0.461705300206997, 51.599028885595196 ], [ -0.461762285416342, 51.598998663782652 ], [ -0.461769165723516, 51.598995022248587 ], [ -0.461938006029985, 51.59895199647719 ], [ -0.461957741545416, 51.59894564598649 ], [ -0.462021940041309, 51.598924996390217 ], [ -0.462132213614173, 51.598879934557885 ], [ -0.462170956694038, 51.598855012577594 ], [ -0.462192306405443, 51.598823954699945 ], [ -0.462185276160665, 51.598767493223363 ], [ -0.462207610209818, 51.598695324285337 ], [ -0.462226175522352, 51.598635985444467 ], [ -0.462364840979422, 51.598391084581266 ], [ -0.462379539179661, 51.598303450568871 ], [ -0.462345321973049, 51.598254237417294 ], [ -0.462336083465131, 51.598240924778139 ], [ -0.462221136958464, 51.59811704328623 ], [ -0.462200129718961, 51.598058039921227 ], [ -0.462257876792977, 51.597938103825115 ], [ -0.462263025103021, 51.5978391133877 ], [ -0.46227864760369, 51.597804050828387 ], [ -0.462305823435635, 51.597780020263734 ], [ -0.462310273339817, 51.597776086065664 ], [ -0.462426891494563, 51.597719205979615 ], [ -0.462445765666137, 51.597698155382574 ], [ -0.462458951989182, 51.597683279798865 ], [ -0.462462740001824, 51.597672651228613 ], [ -0.462468161762, 51.597657039920627 ], [ -0.462469064268149, 51.597646989493292 ], [ -0.462478148907547, 51.597548140562253 ], [ -0.462603239594967, 51.597304041624469 ], [ -0.462662584013183, 51.597105525556408 ], [ -0.462664781454805, 51.597098171770085 ], [ -0.462699060209074, 51.596938164427939 ], [ -0.462704875440226, 51.596890797859132 ], [ -0.462732030499989, 51.596670233674189 ], [ -0.462725877141938, 51.596304287880614 ], [ -0.462726582731118, 51.596283390290033 ], [ -0.462731790104705, 51.596129161574886 ], [ -0.462746023107807, 51.5960283208655 ], [ -0.46276678511712, 51.595953040587588 ], [ -0.462772759870753, 51.595931303837723 ], [ -0.462790634120785, 51.595897080013138 ], [ -0.462848980656385, 51.595785343354201 ], [ -0.463055317490481, 51.595622968509126 ], [ -0.463071928505337, 51.595609904694953 ], [ -0.463100657119529, 51.595587297076548 ], [ -0.462819385438549, 51.595488510024438 ], [ -0.462348889527867, 51.595323271498565 ], [ -0.462207023287702, 51.595262261087449 ], [ -0.461539926943529, 51.594883287028118 ], [ -0.461300169672194, 51.594759305102031 ], [ -0.461226867967234, 51.594721394600654 ], [ -0.461191830820869, 51.594699974161003 ], [ -0.461148193515503, 51.594673297349992 ], [ -0.460661797134406, 51.594251125196315 ], [ -0.460647210365115, 51.594238470587236 ], [ -0.46058736521999, 51.594180494840998 ], [ -0.460492204639721, 51.59405939794874 ], [ -0.460430505245936, 51.593971732531102 ], [ -0.460295909125518, 51.593780455321465 ], [ -0.46020197462406, 51.593676513393731 ], [ -0.460064372743571, 51.59356947129784 ], [ -0.460000678849994, 51.593533565508295 ], [ -0.459936900297945, 51.593497604618562 ], [ -0.459930761269001, 51.593494502637249 ], [ -0.459536404435111, 51.593354728987222 ], [ -0.459276225601197, 51.593262522793019 ], [ -0.458336209582566, 51.592950614500005 ], [ -0.457853296248758, 51.592769619889125 ], [ -0.457322503364282, 51.592590673228841 ], [ -0.45731198911992, 51.592585476831232 ], [ -0.456933345975884, 51.592398678423578 ], [ -0.455520666490214, 51.591618696896731 ], [ -0.454341835661387, 51.591007721874909 ], [ -0.453665075908367, 51.590784999135543 ], [ -0.453583013893737, 51.590761674082195 ], [ -0.453578409698858, 51.590760372452841 ], [ -0.453356717262135, 51.590697848947222 ], [ -0.453116090562074, 51.590617324665352 ], [ -0.452986057004229, 51.590573813832975 ], [ -0.452880838777655, 51.59052606212974 ], [ -0.452813394604006, 51.590495453210757 ], [ -0.452804039877216, 51.590491211376047 ], [ -0.452543106081615, 51.590372812557995 ], [ -0.451673049283148, 51.590102938972393 ], [ -0.451330060007275, 51.590000899680881 ], [ -0.451305210047647, 51.589994708702633 ], [ -0.45097713841352, 51.589912927246822 ], [ -0.450878251699292, 51.589881578468685 ], [ -0.450810199561006, 51.589859997703435 ], [ -0.450750778046167, 51.58983211042392 ], [ -0.450613946427519, 51.589767906272662 ], [ -0.450565229367759, 51.589727921847889 ], [ -0.450526948010178, 51.589659974523322 ], [ -0.450526369974156, 51.58965574953357 ], [ -0.450520073389134, 51.589610003832895 ], [ -0.450427019799967, 51.589414884298485 ], [ -0.450104623662305, 51.588512841017156 ], [ -0.450027993996649, 51.588298424908601 ], [ -0.449971055181327, 51.588139130524269 ], [ -0.449876165022176, 51.587798788551837 ], [ -0.449844422914513, 51.587684896103077 ], [ -0.449728237477556, 51.587268171256305 ], [ -0.449647990517901, 51.587028249961641 ], [ -0.449340254768836, 51.586355384727199 ], [ -0.449305302038501, 51.58624237582027 ], [ -0.449235979758851, 51.585973382770966 ], [ -0.449131736655042, 51.585451443861601 ], [ -0.449087997429861, 51.585232372110269 ], [ -0.449060320339009, 51.58510327324985 ], [ -0.449035062252349, 51.584985374725591 ], [ -0.448995427388352, 51.584831883635715 ], [ -0.448962960860336, 51.584706111478162 ], [ -0.448952960808979, 51.584667456482407 ], [ -0.448947080586336, 51.584628622165887 ], [ -0.448939338598976, 51.58457748882001 ], [ -0.44893209354489, 51.58429049554897 ], [ -0.448929166325109, 51.584223437662097 ], [ -0.44890305970841, 51.583854536391151 ], [ -0.448907863369848, 51.58367363144297 ], [ -0.448911983974907, 51.583629345300302 ], [ -0.448924953460152, 51.58348966081887 ], [ -0.448932482851173, 51.58344869292052 ], [ -0.448939873396239, 51.583408411090247 ], [ -0.448955968590205, 51.583320621572177 ], [ -0.448949983264445, 51.583219604753502 ], [ -0.448939073165273, 51.583035596552001 ], [ -0.448933994380227, 51.582995275715277 ], [ -0.448886893717904, 51.582620706846654 ], [ -0.448835465871618, 51.582274473644098 ], [ -0.448807790134263, 51.582088193443504 ], [ -0.448773024972178, 51.581854106736344 ], [ -0.448737871296432, 51.581617452085844 ], [ -0.448719216499171, 51.581491790825723 ], [ -0.44871899348022, 51.581483506038801 ], [ -0.448718503776222, 51.581466099610644 ], [ -0.448715982112521, 51.581374858141388 ], [ -0.448696229483413, 51.581313647599401 ], [ -0.448692599083397, 51.581302431241177 ], [ -0.4486901842387, 51.581294935756205 ], [ -0.448688094856332, 51.581288478681529 ], [ -0.44867885122103, 51.581259851073099 ], [ -0.44859809494832, 51.581167997431919 ], [ -0.448517172919626, 51.581075934717823 ], [ -0.448310895020304, 51.58084126946607 ], [ -0.448253329847891, 51.580775799832615 ], [ -0.448212935302811, 51.580722328170005 ], [ -0.448202840364205, 51.580708958052853 ], [ -0.448180620124104, 51.580668100136158 ], [ -0.448164213683041, 51.580637911978194 ], [ -0.448121136582726, 51.580519993480692 ], [ -0.448081295571859, 51.580410885202468 ], [ -0.447997894923096, 51.5800662966018 ], [ -0.447960219734077, 51.579910666872436 ], [ -0.447914050888402, 51.579719930578321 ], [ -0.447897417000882, 51.57961255908446 ], [ -0.447870051980679, 51.579435949302557 ], [ -0.447864273298128, 51.579300989423771 ], [ -0.447871203328835, 51.579164093544982 ], [ -0.44788691472985, 51.579060045580732 ], [ -0.447944299361008, 51.578864279841888 ], [ -0.447961937819238, 51.578804058506819 ], [ -0.447967722952703, 51.578774892337023 ], [ -0.447978820720652, 51.57871899063754 ], [ -0.447979249715458, 51.578714023612427 ], [ -0.448004159099576, 51.57842511822065 ], [ -0.448015212418155, 51.578352724180725 ], [ -0.448015620108588, 51.578350076868205 ], [ -0.448019412616996, 51.578325173619596 ], [ -0.448022166113221, 51.578307045754336 ], [ -0.448100891302423, 51.57803510139636 ], [ -0.448128950310513, 51.577954084007494 ], [ -0.44813940222083, 51.577923909501067 ], [ -0.44814404362374, 51.577910518540257 ], [ -0.448227758369337, 51.577668728107817 ], [ -0.448254953147047, 51.577590190100075 ], [ -0.448153728813801, 51.5775033167019 ], [ -0.447680745284268, 51.577097406744123 ], [ -0.447610265018437, 51.577036931813154 ], [ -0.447581191317361, 51.57701197571096 ], [ -0.447514027451226, 51.576954345697132 ], [ -0.44739143124712, 51.576978890203641 ], [ -0.446996318200778, 51.577058158963531 ], [ -0.44698557428604, 51.577059203671759 ], [ -0.446872545856291, 51.577070197147535 ], [ -0.446841110542866, 51.577073251860035 ], [ -0.446755166313782, 51.577089019077754 ], [ -0.446748979822188, 51.577090151097579 ], [ -0.446743825507736, 51.577091485623797 ], [ -0.446710234373348, 51.577100203833069 ], [ -0.44667527469538, 51.577109272588999 ], [ -0.446661808915144, 51.577114381676267 ], [ -0.446639424255103, 51.577122879606144 ], [ -0.446596233976356, 51.577139275903498 ], [ -0.446542111345829, 51.57716435775415 ], [ -0.446525204495127, 51.577172190855009 ], [ -0.446433097722446, 51.577228161411739 ], [ -0.446243457509373, 51.577355326206259 ], [ -0.446238627954254, 51.577358562373853 ], [ -0.446220854563813, 51.577370430456028 ], [ -0.446054965846285, 51.577463595252361 ], [ -0.446043298198754, 51.577470139874329 ], [ -0.445949380771473, 51.57751315523636 ], [ -0.445812122119581, 51.577563428428071 ], [ -0.445777208382943, 51.5775762113201 ], [ -0.445755073083354, 51.577582041694718 ], [ -0.445637042407386, 51.577613128285265 ], [ -0.445529181736616, 51.577632920423461 ], [ -0.445519523873354, 51.57763469877154 ], [ -0.445364289586164, 51.57766318780326 ], [ -0.444367365377773, 51.577868165541034 ], [ -0.444168809346675, 51.57753434776793 ], [ -0.444162790644292, 51.577524223600165 ], [ -0.444110941211935, 51.577437048459622 ], [ -0.443926364820987, 51.577126714564685 ], [ -0.443922475290754, 51.577120170565451 ], [ -0.443812985292523, 51.576936067536089 ], [ -0.443335653946312, 51.576133452413487 ], [ -0.442913779609543, 51.575947270031214 ], [ -0.442881606905153, 51.575933066775868 ], [ -0.442412422444137, 51.575726012890094 ], [ -0.442034836871882, 51.57555956354328 ], [ -0.442076211910915, 51.575496570400183 ], [ -0.442085541939034, 51.575482423663765 ], [ -0.442103608377676, 51.57545503051891 ], [ -0.442482382159491, 51.574880493959924 ], [ -0.441803553194506, 51.574341465620243 ], [ -0.441800700987745, 51.574339206643153 ], [ -0.441783420194674, 51.574325488692764 ], [ -0.441579696500546, 51.574177503209789 ], [ -0.441460805209652, 51.574106512237357 ], [ -0.441408795624758, 51.574084608377142 ], [ -0.441207881931781, 51.574027921775439 ], [ -0.441202765740735, 51.574026459977667 ], [ -0.441156711958645, 51.574005525396046 ], [ -0.441121848046529, 51.573970073195831 ], [ -0.44111784197688, 51.573926461553917 ], [ -0.441117567809333, 51.573923508456119 ], [ -0.441121370778934, 51.573920330792774 ], [ -0.441124089421765, 51.573918055924466 ], [ -0.441170041446331, 51.57387953250084 ], [ -0.441254943868724, 51.573853180692936 ], [ -0.441388824351152, 51.573811626432366 ], [ -0.441409270341601, 51.57380198871023 ], [ -0.441422734859562, 51.573795639284953 ], [ -0.441454616203997, 51.573773582379069 ], [ -0.441540465595135, 51.573689575741078 ], [ -0.441558100298588, 51.573659182523407 ], [ -0.441576440634159, 51.57362693279071 ], [ -0.441581468188416, 51.573545543426327 ], [ -0.441559510792385, 51.57342258855261 ], [ -0.441559250105705, 51.573392658925421 ], [ -0.44155800445742, 51.573246806279059 ], [ -0.441557338601584, 51.573169653031464 ], [ -0.441554038983599, 51.57314672394164 ], [ -0.441542757526688, 51.573068575363813 ], [ -0.441501475331315, 51.57289169799332 ], [ -0.441397746042371, 51.57254501755915 ], [ -0.441376418017022, 51.572473722404951 ], [ -0.441551103142322, 51.571911493165409 ], [ -0.441557702630792, 51.571890251274098 ], [ -0.441608487260774, 51.571726799783683 ], [ -0.441740617018937, 51.571691939091544 ], [ -0.442434520038046, 51.571508876020069 ], [ -0.442571337397714, 51.571472772782442 ], [ -0.442894866244124, 51.571371958572385 ], [ -0.442978760044484, 51.571345816959763 ], [ -0.44298346521411, 51.571344350748227 ], [ -0.443125535697316, 51.571378483040803 ], [ -0.443176304047857, 51.571391035745421 ], [ -0.443223295370669, 51.571402639065781 ], [ -0.443233039673911, 51.571405052444995 ], [ -0.443392564623303, 51.571444474241929 ], [ -0.443522527256839, 51.571476588442458 ], [ -0.443537050929871, 51.571480180265183 ], [ -0.44354738232735, 51.571482727301152 ], [ -0.443578748157695, 51.571490472250403 ], [ -0.443769488938908, 51.57153761399902 ], [ -0.443793843249278, 51.571543629260866 ], [ -0.443948396805954, 51.571581819830804 ], [ -0.443998797059157, 51.57159333318468 ], [ -0.444035065163087, 51.571601619642031 ], [ -0.444079365892622, 51.571611739168283 ], [ -0.444182872948191, 51.571635377149704 ], [ -0.444224753677259, 51.571644951958547 ], [ -0.444392893606967, 51.571683358141932 ], [ -0.444405336448337, 51.57168619388375 ], [ -0.444522245715194, 51.571712895842431 ], [ -0.444528674596572, 51.571714365915525 ], [ -0.444891580713909, 51.571797262783605 ], [ -0.444914840656242, 51.571802584385154 ], [ -0.445103557451004, 51.571845686568651 ], [ -0.445266487076235, 51.571882898378242 ], [ -0.445651496652799, 51.571970838293907 ], [ -0.445661233227026, 51.57197306253007 ], [ -0.446049165321223, 51.572061669318749 ], [ -0.446574733010494, 51.57218669111046 ], [ -0.44658599829825, 51.57218936714537 ], [ -0.446663050842131, 51.572207697785117 ], [ -0.446886092837049, 51.572260756498196 ], [ -0.447029819169604, 51.572290760526705 ], [ -0.447312079170535, 51.572344791407353 ], [ -0.447475737900414, 51.572372990566585 ], [ -0.447902961393156, 51.572446608705185 ], [ -0.448126429203857, 51.572485121248654 ], [ -0.448177314361566, 51.572493896577775 ], [ -0.448292441306446, 51.572513737067609 ], [ -0.448372148035835, 51.572527470695327 ], [ -0.448643561358481, 51.572574241988931 ], [ -0.448690430100927, 51.572582316523679 ], [ -0.448719595713021, 51.572587342305297 ], [ -0.448913885169048, 51.572620818395983 ], [ -0.44892171802214, 51.572622171911448 ], [ -0.448928489329452, 51.572623340534378 ], [ -0.448944958791991, 51.572626175091955 ], [ -0.449144111946048, 51.572660488455362 ], [ -0.449276483868443, 51.572683298646261 ], [ -0.449295291607796, 51.572686541746265 ], [ -0.449498835137391, 51.572721613949049 ], [ -0.449515648703924, 51.572724515920896 ], [ -0.449524184690652, 51.572725986598485 ], [ -0.449827750271322, 51.57277829677885 ], [ -0.449884503960169, 51.572788075131882 ], [ -0.450164040368073, 51.572836245130851 ], [ -0.450203693292546, 51.572843081685846 ], [ -0.450868572882173, 51.572957632603959 ], [ -0.451050867541449, 51.57298407663027 ], [ -0.451105979623619, 51.572992070230811 ], [ -0.451217596857686, 51.57300825559534 ], [ -0.451243788764674, 51.57301205450036 ], [ -0.451834257286445, 51.573097669453539 ], [ -0.452214011550615, 51.573147688086316 ], [ -0.452225245896148, 51.573149167204008 ], [ -0.452524019119301, 51.57318851234001 ], [ -0.452930137051147, 51.573241996819633 ], [ -0.453382342986286, 51.573301545979554 ], [ -0.453499284631398, 51.573316936154619 ], [ -0.453581459634221, 51.573327758333583 ], [ -0.453601055295134, 51.573330336716928 ], [ -0.453625995036387, 51.573333624010836 ], [ -0.454067655824201, 51.573387591180463 ], [ -0.454237793308177, 51.573408375773397 ], [ -0.454271198366619, 51.573412462412051 ], [ -0.45436507665746, 51.573423928368619 ], [ -0.454631483257218, 51.573456369839633 ], [ -0.455344214567429, 51.573543557474956 ], [ -0.456975848504313, 51.573754430687806 ], [ -0.457050129785448, 51.573763599908553 ], [ -0.457950299274311, 51.573874803593121 ], [ -0.458700760474856, 51.573967496222878 ], [ -0.459315144182495, 51.574039674642449 ], [ -0.460498756382353, 51.574178690155534 ], [ -0.460590446382649, 51.574189452469938 ], [ -0.461889474475705, 51.574368491489125 ], [ -0.464100850583134, 51.574639390855417 ], [ -0.464105679338411, 51.574639984634963 ], [ -0.464312858897039, 51.574665376100342 ], [ -0.464944285214283, 51.574756937498051 ], [ -0.465733682855863, 51.57487140618322 ], [ -0.466083005157987, 51.574908059850237 ], [ -0.467000490122391, 51.575004304459561 ], [ -0.46740802302677, 51.575058296696135 ], [ -0.467460404885313, 51.575065239794618 ], [ -0.467464829841326, 51.575065828158763 ], [ -0.468759545293901, 51.575237341678339 ], [ -0.469369354131828, 51.575315269082786 ], [ -0.469606199969747, 51.575343555629033 ], [ -0.469736136220449, 51.575359071865073 ], [ -0.470056708318393, 51.575397352041065 ], [ -0.470525069464832, 51.57545328585055 ], [ -0.471161355188512, 51.575545280264983 ], [ -0.471352492785735, 51.575572913578867 ], [ -0.471576145378269, 51.57560524156257 ], [ -0.472630589523001, 51.575750775297223 ], [ -0.472655268250421, 51.575754180969788 ], [ -0.473104312304215, 51.575816156487051 ], [ -0.473683733047863, 51.575896129712994 ], [ -0.47390845394542, 51.575919492904873 ], [ -0.474857602049342, 51.576018180936011 ], [ -0.475897835067052, 51.576158150018252 ], [ -0.478235447522929, 51.576450119134122 ], [ -0.479269288757832, 51.576620045162734 ], [ -0.484343615972858, 51.577166947587457 ], [ -0.485368615609072, 51.577292008290101 ], [ -0.485484202585861, 51.577305836631702 ], [ -0.485561078681834, 51.577315029137253 ], [ -0.486093871463275, 51.577378753386391 ], [ -0.486120601551989, 51.577381944073359 ], [ -0.489062974106175, 51.57774319589997 ], [ -0.48921087750552, 51.577761348022676 ], [ -0.489413493816637, 51.578057181142846 ], [ -0.48946253297262, 51.578148192495213 ], [ -0.489466176823342, 51.578154947543318 ], [ -0.489478609764752, 51.578215247218573 ], [ -0.489479736385412, 51.578247867369413 ], [ -0.489480903670856, 51.578281872839419 ], [ -0.489465294390512, 51.578348717740518 ], [ -0.489457253794755, 51.578383162263357 ], [ -0.48941007749684, 51.578459258636649 ], [ -0.489261707186541, 51.578617896087749 ], [ -0.489199193114841, 51.57868472191285 ], [ -0.489164265973757, 51.578758736750174 ], [ -0.489151605539706, 51.578836302266865 ], [ -0.489145048776302, 51.578876475897587 ], [ -0.489134278378887, 51.578901398517836 ], [ -0.489107011244716, 51.578944614766236 ], [ -0.489096196597428, 51.578961731598888 ], [ -0.489089137376819, 51.578970489066094 ], [ -0.489077155986188, 51.578985360821584 ], [ -0.489045421393909, 51.579024023474865 ], [ -0.489029780890921, 51.579039126894948 ], [ -0.48895408351854, 51.579112212346516 ], [ -0.488794245119494, 51.579227053569923 ], [ -0.488775171757811, 51.579243830279516 ], [ -0.488764780364192, 51.579252967471518 ], [ -0.48871851678439, 51.57929365510946 ], [ -0.488662528840766, 51.57935121278345 ], [ -0.488645211148846, 51.579369010203486 ], [ -0.488602659085856, 51.5794278917962 ], [ -0.488565253182053, 51.579521108827343 ], [ -0.488561451381287, 51.579551525402245 ], [ -0.488559187598606, 51.579569732407258 ], [ -0.48855826544553, 51.57957751675881 ], [ -0.488553495653925, 51.579618621569651 ], [ -0.488567639543801, 51.579695623855848 ], [ -0.488574485617901, 51.579732885665187 ], [ -0.488576099468959, 51.579741664825335 ], [ -0.488577553508643, 51.579749605655294 ], [ -0.488632422657197, 51.579917647470303 ], [ -0.488660707886761, 51.58003737378074 ], [ -0.48866841484641, 51.580070006697213 ], [ -0.488701635463649, 51.580210640397567 ], [ -0.488836548441582, 51.580524927085001 ], [ -0.488867134651655, 51.580596197104228 ], [ -0.488913892014099, 51.580705136656199 ], [ -0.488944723745553, 51.580754217110197 ], [ -0.489007812071073, 51.580854680341517 ], [ -0.489025277814983, 51.580882475127908 ], [ -0.489068672997125, 51.580934405882246 ], [ -0.489172829654401, 51.58105906490664 ], [ -0.489204008811927, 51.58109637899377 ], [ -0.489297227677177, 51.581250580345277 ], [ -0.489321693292947, 51.581299282040511 ], [ -0.48934224649095, 51.581340182134923 ], [ -0.489431353252357, 51.58151744036094 ], [ -0.489603299972311, 51.581772413486945 ], [ -0.489690883230651, 51.581872912648691 ], [ -0.489715855119977, 51.581901577199893 ], [ -0.489777544854145, 51.581958122177042 ], [ -0.489811233821581, 51.581984632797656 ], [ -0.489891427301212, 51.582047710226682 ], [ -0.490033750291077, 51.582149299784085 ], [ -0.490508068745847, 51.582467453992265 ], [ -0.490654644064979, 51.582573647479826 ], [ -0.490834019318261, 51.58270361503844 ], [ -0.491021739420672, 51.582814374364951 ], [ -0.491037524423383, 51.582823686295633 ], [ -0.491169672961178, 51.582892268285654 ], [ -0.491376197904802, 51.582989195920838 ], [ -0.491617576509373, 51.583095850852054 ], [ -0.491724407439975, 51.583139225621089 ], [ -0.492425059524512, 51.583406227036463 ], [ -0.492565390657289, 51.583459697726894 ], [ -0.492736338522913, 51.583527930756929 ], [ -0.492907286902102, 51.583596163540363 ], [ -0.493198137060345, 51.583721146721089 ], [ -0.49337824275503, 51.583815984555365 ], [ -0.493339496317965, 51.583839157472575 ], [ -0.49299872153368, 51.584104549242959 ], [ -0.492703323091587, 51.584307577383136 ], [ -0.49246829691131, 51.58443045044028 ], [ -0.491830984570127, 51.584734393348022 ], [ -0.490235056480396, 51.58549546490292 ], [ -0.490209717446098, 51.585488260091985 ], [ -0.486971283056659, 51.584567249697542 ], [ -0.485063752415823, 51.584024696470678 ], [ -0.484499445924975, 51.583827261434465 ], [ -0.483801253680075, 51.583242730816238 ], [ -0.482899526961711, 51.582487805591029 ], [ -0.479626447000031, 51.583178275687295 ], [ -0.479538910840198, 51.583196762100322 ], [ -0.479186484910929, 51.583267683129222 ], [ -0.479168495076202, 51.583271307552934 ], [ -0.478722968239672, 51.583353546285537 ], [ -0.47835904802941, 51.583413309342021 ], [ -0.478353097657375, 51.583414284244341 ], [ -0.478240674001994, 51.583663141510854 ], [ -0.478163462647596, 51.583818397170134 ], [ -0.478084240667443, 51.583977655130226 ], [ -0.478038842675745, 51.584068912338758 ], [ -0.477333264910056, 51.585414141333331 ], [ -0.477315227274952, 51.585448527127781 ], [ -0.477082216222807, 51.585772683187983 ], [ -0.476010131023846, 51.586870546073442 ], [ -0.475975752996943, 51.586905753506493 ], [ -0.476305892773787, 51.587072251819016 ], [ -0.477294183306627, 51.587570652265363 ], [ -0.477535265065253, 51.587699680614264 ], [ -0.47764859221081, 51.587764096493082 ], [ -0.477733362467864, 51.587819149542497 ], [ -0.477860910428475, 51.587910726270309 ], [ -0.478001202231659, 51.588011460359603 ], [ -0.478109822150093, 51.588095831297117 ], [ -0.478122006722201, 51.588105296262583 ], [ -0.478162415780908, 51.588136681603949 ], [ -0.478257205217982, 51.588210316172209 ], [ -0.478376997697044, 51.588303365342334 ], [ -0.478437062912737, 51.588350022456794 ], [ -0.478501151950821, 51.588399816039697 ], [ -0.478520160294559, 51.58841459391229 ], [ -0.478614529420425, 51.588487881020413 ], [ -0.478638969030235, 51.588506874697707 ], [ -0.478745213732586, 51.58858938879785 ], [ -0.478814495976184, 51.588643197102982 ], [ -0.478873548705536, 51.588689076517227 ], [ -0.478927494370605, 51.588730978090027 ], [ -0.47902026040262, 51.5888030301237 ], [ -0.479075936996611, 51.588846275914065 ], [ -0.479131416790126, 51.588889366258201 ], [ -0.479154956473434, 51.588907655757851 ], [ -0.479188791666933, 51.588931474016178 ], [ -0.479324204939253, 51.589026747886187 ], [ -0.479333867450039, 51.589034460724335 ], [ -0.479463671010944, 51.589138143133908 ], [ -0.47951861979193, 51.589182026705345 ], [ -0.47962074201874, 51.589263587319891 ], [ -0.479644715621594, 51.589282727602814 ], [ -0.47975054982359, 51.589367267648399 ], [ -0.479816311783571, 51.589419788790323 ], [ -0.479929060834166, 51.589502179210555 ], [ -0.479992996095058, 51.589546295874712 ], [ -0.480059753460948, 51.589592364395649 ], [ -0.480154831253964, 51.589657971062309 ], [ -0.480338514541519, 51.589777248636047 ], [ -0.480366773593942, 51.589795599006301 ], [ -0.480410603278711, 51.589841370345823 ], [ -0.480436521605682, 51.589868439764146 ], [ -0.480547159248779, 51.59001374740874 ], [ -0.480561588770227, 51.590013934281806 ], [ -0.48063507858926, 51.590101417663128 ], [ -0.480714316441614, 51.590195755523581 ], [ -0.480789005147441, 51.590262896049865 ], [ -0.480847183500024, 51.590315201479115 ], [ -0.480989217822801, 51.59044287689823 ], [ -0.481008643514177, 51.590460339411798 ], [ -0.481120768851323, 51.590560704876523 ], [ -0.481131433408011, 51.590571633539639 ], [ -0.481213887573482, 51.590656157252781 ], [ -0.481218493508228, 51.590660892803939 ], [ -0.481229714059139, 51.590672898722701 ], [ -0.481341345054939, 51.590792446848205 ], [ -0.481524967518038, 51.590989108251939 ], [ -0.481567464109936, 51.59103466404062 ], [ -0.481727286853057, 51.591218661845843 ], [ -0.481762599044215, 51.591259322770895 ], [ -0.481919253462507, 51.59143967343141 ], [ -0.482074393457322, 51.591618286765851 ], [ -0.482091813378891, 51.591638348848129 ], [ -0.482262080990164, 51.591834377613473 ], [ -0.482314325506884, 51.591908465448356 ], [ -0.482357004390985, 51.591968959265969 ], [ -0.482381555130887, 51.592003779755714 ], [ -0.482409305135379, 51.59204310173336 ], [ -0.482441285464277, 51.59208847619211 ], [ -0.482447712625419, 51.592110913839846 ], [ -0.482454217986927, 51.592133604279098 ], [ -0.482463923480977, 51.592150805927446 ], [ -0.482487411025335, 51.592192410730298 ], [ -0.482495112426702, 51.592206070526444 ], [ -0.482536007020418, 51.592278536775098 ], [ -0.482638486903247, 51.592520870195955 ], [ -0.482665050138767, 51.592516537790544 ], [ -0.482900883706623, 51.592478025582075 ], [ -0.48291038815093, 51.592475702605697 ], [ -0.482973556488429, 51.592460279503108 ], [ -0.482981348151875, 51.592457367869137 ], [ -0.483028274568875, 51.592439801421833 ], [ -0.483042139600952, 51.592432688035004 ], [ -0.483131470363591, 51.592386602601835 ], [ -0.483217530676159, 51.592277898335013 ], [ -0.483225909440391, 51.592272962045044 ], [ -0.483251045422751, 51.592258162159737 ], [ -0.483259294781379, 51.592250175850047 ], [ -0.483351274159349, 51.5921611734084 ], [ -0.483378061034275, 51.592131045226296 ], [ -0.483381722300516, 51.592132513313494 ], [ -0.48338629542577, 51.59213434388159 ], [ -0.483472386366838, 51.592168826574067 ], [ -0.483488686229823, 51.592173344500836 ], [ -0.484078070892684, 51.592120569538992 ], [ -0.484084784671759, 51.592169115032107 ], [ -0.484089007052723, 51.592199697988065 ], [ -0.484091426594058, 51.59221721901082 ], [ -0.484089830476672, 51.592235677289452 ], [ -0.484089475492132, 51.592239836075755 ], [ -0.484091780435706, 51.592245620841609 ], [ -0.484094139211239, 51.592251523201057 ], [ -0.484096818856493, 51.59225992952814 ], [ -0.484096863381789, 51.592267699334499 ], [ -0.48409702878527, 51.592292654730983 ], [ -0.484097909393304, 51.59229872682797 ], [ -0.484100791951986, 51.59231838497557 ], [ -0.48410370777893, 51.592327936358814 ], [ -0.484104591517747, 51.592334781822373 ], [ -0.484106648842693, 51.592350607637449 ], [ -0.484108991527745, 51.592368703164951 ], [ -0.48411157834169, 51.592375561639628 ], [ -0.48411283881481, 51.592378896033708 ], [ -0.484113551065884, 51.592394362768182 ], [ -0.484112486712329, 51.592406821150369 ], [ -0.484110473239682, 51.592430444531672 ], [ -0.484110189371731, 51.592433767965332 ], [ -0.484103833273881, 51.592451670176366 ], [ -0.484076049028036, 51.592505264196923 ], [ -0.484057535780467, 51.592540993664116 ], [ -0.484042207789964, 51.59256777211781 ], [ -0.484042110544881, 51.592570693315061 ], [ -0.48404190857427, 51.592576760417074 ], [ -0.484041617138034, 51.592585515020545 ], [ -0.48404071170993, 51.592612713614002 ], [ -0.484057402746514, 51.592698076078364 ], [ -0.484062249858724, 51.592722903126379 ], [ -0.484065383479959, 51.592738922690408 ], [ -0.4840812502294, 51.592782263104922 ], [ -0.484091468055988, 51.592810117962948 ], [ -0.484105682653044, 51.592829365002594 ], [ -0.48411885868224, 51.592851188365884 ], [ -0.484133061954812, 51.592874679557355 ], [ -0.484145577113174, 51.592880794059695 ], [ -0.484189871762068, 51.59290238999354 ], [ -0.484208277514231, 51.59291196164363 ], [ -0.484260827363371, 51.592939275308439 ], [ -0.484332381704495, 51.5929581749931 ], [ -0.484351618328869, 51.592961435861831 ], [ -0.484375448478766, 51.592965484429413 ], [ -0.484389804173067, 51.592967917908595 ], [ -0.484433095622204, 51.592968477110524 ], [ -0.48444605225786, 51.592967835175386 ], [ -0.48457771430597, 51.592961343899042 ], [ -0.484718227299599, 51.592942665501234 ], [ -0.484633607419104, 51.593000561239556 ], [ -0.484690794595125, 51.593131047741863 ], [ -0.484700348627188, 51.593152833251324 ], [ -0.484709825854921, 51.593164128409221 ], [ -0.484728676325157, 51.593179865351154 ], [ -0.484753791905024, 51.593231193252137 ], [ -0.4847549858243, 51.593251715299154 ], [ -0.484768055927133, 51.593279121350605 ], [ -0.484774074155124, 51.593286554659755 ], [ -0.484798563256461, 51.593316796828745 ], [ -0.484800453144155, 51.5933207418175 ], [ -0.484823785986525, 51.593369681740533 ], [ -0.484825136037532, 51.593372495737228 ], [ -0.484827644473451, 51.593411653031396 ], [ -0.484828369159826, 51.593422848640429 ], [ -0.484835671373395, 51.593433346870079 ], [ -0.484842146929724, 51.593442656450904 ], [ -0.484870749576241, 51.593511114462082 ], [ -0.484874345820812, 51.593519748416334 ], [ -0.484875755587822, 51.593540727352242 ], [ -0.4848771186227, 51.593560941350759 ], [ -0.484878233262519, 51.593577339464673 ], [ -0.48487727263575, 51.593603390843583 ], [ -0.48493994847986, 51.593629067385336 ], [ -0.484966854997274, 51.593644248904866 ], [ -0.485034170526167, 51.593662304105443 ], [ -0.48503834165315, 51.593664075421543 ], [ -0.485161596154275, 51.593716426257153 ], [ -0.485179462320946, 51.593724012322504 ], [ -0.485233153445649, 51.593786085428931 ], [ -0.485240239811096, 51.593805249215677 ], [ -0.485281790775338, 51.593917629706183 ], [ -0.485283128705768, 51.593921243829058 ], [ -0.485284585452398, 51.593925192194583 ], [ -0.485182544259241, 51.593968575939186 ], [ -0.485107116821449, 51.593973582685678 ], [ -0.484994850652474, 51.593981045554408 ], [ -0.484772490285167, 51.593995809027163 ], [ -0.484745331867169, 51.59399761642149 ], [ -0.484746667162266, 51.594060183146183 ], [ -0.484582923575544, 51.594071988294111 ], [ -0.484548567553163, 51.594074467015986 ], [ -0.484432348412947, 51.594292248766827 ], [ -0.484430993233532, 51.594294794028528 ], [ -0.484427420894999, 51.594301492007048 ], [ -0.484337351342663, 51.594350396921037 ], [ -0.484333432801587, 51.5943525313984 ], [ -0.484322893439658, 51.594356225915739 ], [ -0.484316192719402, 51.594361921318082 ], [ -0.484312894512383, 51.594364720235902 ], [ -0.484109522261054, 51.594419687743091 ], [ -0.484104312868682, 51.594422650798975 ], [ -0.484025214139182, 51.594467677717105 ], [ -0.484011338551085, 51.594475137282807 ], [ -0.483999714159242, 51.594541515605705 ], [ -0.483999478561818, 51.594553795855624 ], [ -0.483998708596942, 51.594594268622679 ], [ -0.484000282119743, 51.594601644542081 ], [ -0.484001561251676, 51.594607672329531 ], [ -0.483991845935249, 51.594624339666652 ], [ -0.483988007993936, 51.594630773427632 ], [ -0.483949220328084, 51.594695663269675 ], [ -0.483939176402305, 51.594719380707886 ], [ -0.483935400159809, 51.594728297101163 ], [ -0.483928761579854, 51.594778954095958 ], [ -0.483927275879022, 51.594781515649807 ], [ -0.483916971832006, 51.594799169007622 ], [ -0.483906713164896, 51.594816760005777 ], [ -0.483898780019258, 51.594836485217627 ], [ -0.483898689605613, 51.59484093516965 ], [ -0.483897098269408, 51.594917347985792 ], [ -0.483896887879534, 51.594927569355569 ], [ -0.483891046874792, 51.594960773874156 ], [ -0.483888323867083, 51.594976214200202 ], [ -0.483897249471097, 51.595066305102641 ], [ -0.483899046843603, 51.595070860376474 ], [ -0.483908034010695, 51.595093627756775 ], [ -0.48390726030716, 51.595129006412392 ], [ -0.483907803253088, 51.595131778517619 ], [ -0.483906894716973, 51.595137818503183 ], [ -0.48388852665642, 51.595260207274755 ], [ -0.483884819500412, 51.595284824872799 ], [ -0.483887348345323, 51.59532074526544 ], [ -0.483893159079517, 51.595348723024436 ], [ -0.483893409775691, 51.595353334746491 ], [ -0.483887544055013, 51.595356060012442 ], [ -0.483855986726058, 51.595370714118353 ], [ -0.48376747143624, 51.595425321734176 ], [ -0.483759849877649, 51.595430915284361 ], [ -0.483731152908619, 51.595452017730793 ], [ -0.483715726892095, 51.595468696673095 ], [ -0.483710484684685, 51.595474374920713 ], [ -0.48370459888375, 51.595480737247499 ], [ -0.483610386989786, 51.595530811018186 ], [ -0.48356513313459, 51.595554855697685 ], [ -0.483528943916389, 51.595583297783151 ], [ -0.483520019180426, 51.595590304229034 ], [ -0.483453178983966, 51.595593172090574 ], [ -0.483436176325332, 51.595593896508213 ], [ -0.48304579932771, 51.595733893783525 ], [ -0.483033890149917, 51.595785408779541 ], [ -0.483029636873511, 51.595803868652602 ], [ -0.483027040425507, 51.595815066294669 ], [ -0.483024105339808, 51.595827761249602 ], [ -0.483015163809562, 51.595860835717914 ], [ -0.482985589199513, 51.595970229667259 ], [ -0.483323230353748, 51.596041460206465 ], [ -0.483338827905268, 51.5961091479884 ], [ -0.483343254211208, 51.596128835089644 ], [ -0.483466755681711, 51.596211154005907 ], [ -0.483487292745461, 51.59622482675158 ], [ -0.483546304759092, 51.596252853671047 ], [ -0.483560970377516, 51.596264652088408 ], [ -0.483667229809708, 51.596350129003518 ], [ -0.483689643140177, 51.596368160180866 ], [ -0.483823647913908, 51.596530518774372 ], [ -0.483858356546562, 51.596572573984687 ], [ -0.483924131302758, 51.596661151372544 ], [ -0.48393267147609, 51.596672636799518 ], [ -0.48400995925267, 51.596684722717008 ], [ -0.484048613417357, 51.596691975234762 ], [ -0.484128776331568, 51.596707038655438 ], [ -0.484149452079376, 51.596710920611585 ], [ -0.484214805141927, 51.596727618054523 ], [ -0.484233476583528, 51.596728821416662 ], [ -0.48425765135367, 51.596730383616482 ], [ -0.484300627456126, 51.596733150840606 ], [ -0.484729215579573, 51.596813429177836 ], [ -0.484851284167588, 51.596841316546154 ], [ -0.484945010668133, 51.596862731505141 ], [ -0.485022413315508, 51.59688398943247 ], [ -0.485027416554186, 51.596886796587178 ], [ -0.485046664249223, 51.596897592699932 ], [ -0.485238313694575, 51.597022196450908 ], [ -0.485294815278251, 51.597058929855478 ], [ -0.485378164913129, 51.597105855930955 ], [ -0.48679474621046, 51.597511707171563 ], [ -0.486809463007633, 51.59751592529328 ], [ -0.486833074705147, 51.597524025741016 ], [ -0.487484540800583, 51.597747528661969 ], [ -0.487510717488009, 51.597755787898286 ], [ -0.487969844424626, 51.597900728060488 ], [ -0.488401327584998, 51.597969039144033 ], [ -0.488422499941266, 51.597971478781581 ], [ -0.490558768122797, 51.598217879869132 ], [ -0.490686464939847, 51.598232604737646 ], [ -0.491108565057268, 51.598256849582938 ], [ -0.491397309025357, 51.598462441970341 ], [ -0.491706187234176, 51.598727181792057 ], [ -0.491749732251536, 51.598784337634136 ], [ -0.491753966377212, 51.598789895208007 ], [ -0.491899905969241, 51.598981449794238 ], [ -0.492009710213182, 51.599153710621145 ], [ -0.492315322423549, 51.599517320409255 ], [ -0.492832374584256, 51.600036500595458 ], [ -0.494130339053853, 51.601392989554618 ], [ -0.49499787070045, 51.602231387205883 ], [ -0.495013083506437, 51.602226348732884 ], [ -0.495103192804194, 51.602196489554991 ], [ -0.495494258968705, 51.602066896770005 ], [ -0.495578484226613, 51.602139912840698 ], [ -0.495919055437691, 51.601883503115332 ], [ -0.496188375091919, 51.601599203658445 ], [ -0.4962646992839, 51.601474282049651 ], [ -0.496468251124409, 51.601431936538816 ], [ -0.496651256634941, 51.60146956450177 ], [ -0.49665036592148, 51.601472925150979 ], [ -0.496657285413735, 51.601496447236627 ], [ -0.49666553294308, 51.601525228737664 ], [ -0.496698873302083, 51.601573781437608 ], [ -0.496719759798442, 51.601604181446852 ], [ -0.496731219053685, 51.601639775132611 ], [ -0.496729982246472, 51.601677229533664 ], [ -0.496689532237528, 51.60176832363689 ], [ -0.496555829159, 51.601977082011757 ], [ -0.496552262805622, 51.601999372822569 ], [ -0.49652966133001, 51.602141132256364 ], [ -0.496512370913989, 51.602186348167137 ], [ -0.496504958535711, 51.602205730239426 ], [ -0.496500236378371, 51.60221142475244 ], [ -0.496482884093116, 51.602232280170092 ], [ -0.496360560532449, 51.602340391159146 ], [ -0.49634529998987, 51.602353872810411 ], [ -0.496313606061834, 51.602398418700908 ], [ -0.49630676758056, 51.602429493390176 ], [ -0.496310121120143, 51.602476380861468 ], [ -0.49632865256259, 51.602529995452407 ], [ -0.496359500047332, 51.602579712273659 ], [ -0.496400015964845, 51.602623501163833 ], [ -0.496450703474977, 51.602660118647876 ], [ -0.496629609078717, 51.602763012970797 ], [ -0.496840926980057, 51.60286828215277 ], [ -0.496960384591997, 51.602953689681819 ], [ -0.497004761125922, 51.60299647568096 ], [ -0.497023653661068, 51.603014692737695 ], [ -0.497028173960141, 51.603019048826674 ], [ -0.497057271774028, 51.603053564336747 ], [ -0.497086355494557, 51.603088070666509 ], [ -0.497139989746201, 51.603172365873178 ], [ -0.497164092452195, 51.603221285776485 ], [ -0.497194153917017, 51.603322409319539 ], [ -0.497208644952605, 51.603416220837438 ], [ -0.49706059776015, 51.60344660809848 ], [ -0.496920992212143, 51.603495096473324 ], [ -0.494054183741265, 51.604490794264606 ], [ -0.494237212690553, 51.604689978909612 ], [ -0.494773148043133, 51.605184204676419 ], [ -0.494789403512502, 51.605199196080946 ], [ -0.494830335498422, 51.605239160170129 ], [ -0.494842397901751, 51.6052490712257 ], [ -0.494890580214219, 51.605288350391028 ], [ -0.495102353530108, 51.605430087033334 ], [ -0.495188937458531, 51.605486525043034 ], [ -0.495257047346063, 51.605533050759909 ], [ -0.495260539494389, 51.60553574818119 ], [ -0.495271889796441, 51.605544490081769 ], [ -0.495310245645077, 51.605573945153296 ], [ -0.495406041926167, 51.605635887309532 ], [ -0.495488651065734, 51.605686339360666 ], [ -0.49549513066869, 51.605692150353811 ], [ -0.495518719475969, 51.605713350242937 ], [ -0.495773329502849, 51.605918197110853 ], [ -0.495794219256436, 51.605934992196666 ], [ -0.495980988846921, 51.606107470265137 ], [ -0.495988766466313, 51.606114646671372 ], [ -0.496011477224883, 51.606143640381681 ], [ -0.49602903295553, 51.606166066764033 ], [ -0.495417688779152, 51.606686758204916 ], [ -0.495393482639322, 51.606707372799605 ], [ -0.495389173456796, 51.606711040338297 ], [ -0.495312979810555, 51.606666542295898 ] ] ] } }
]
}
