{
"type": "FeatureCollection",
"name": "lsoas_E05000597",
"crs": { "type": "name", "properties": { "name": "urn:ogc:def:crs:OGC:1.3:CRS84" } },
"features": [
{ "type": "Feature", "properties": { "lsoa21cd": "E01003669", "lsoa21nm": "Redbridge 007B", "msoa21cd": "E02000757", "msoa21nm": "Redbridge 007", "lad22cd": "E09000026", "lad22nm": "Redbridge", "index_right": 343, "GSS_CODE": "E05000597", "risk_score": 7.5437781247085907e-05, "allocation_hours": 0.0011103545468123155, "patrol_units": 0 }, "geometry": { "type": "Polygon", "coordinates": [ [ [ 0.014935794598729, 51.601901350488745 ], [ 0.015033511755515, 51.601864807959856 ], [ 0.015042734590513, 51.601875143955148 ], [ 0.015088094447939, 51.601857261199392 ], [ 0.015210208604479, 51.601809104953965 ], [ 0.015243518942744, 51.60179597048122 ], [ 0.015320259120277, 51.601765714923545 ], [ 0.015323779156848, 51.601764332582917 ], [ 0.015334288761932, 51.601760186427406 ], [ 0.015379087948786, 51.601742520251314 ], [ 0.015390044911701, 51.601738204543921 ], [ 0.015430692256808, 51.601722165344455 ], [ 0.015448872872565, 51.601714991865549 ], [ 0.015455018592541, 51.601712575256926 ], [ 0.015472163353876, 51.601705815232421 ], [ 0.015526507110192, 51.601684388094334 ], [ 0.015538499492416, 51.601679649928819 ], [ 0.01554301286828, 51.601677872837726 ], [ 0.015554296107434, 51.601673425616404 ], [ 0.015600748700887, 51.601655110476962 ], [ 0.015667907305078, 51.60163349922999 ], [ 0.015683155426038, 51.601630215911769 ], [ 0.015702531551858, 51.60162819262441 ], [ 0.015750511707008, 51.60162317826326 ], [ 0.015763462523698, 51.601621822829365 ], [ 0.015767616326305, 51.601621382811402 ], [ 0.015789522480907, 51.601619100246204 ], [ 0.015890139183493, 51.601608568824588 ], [ 0.015903780218133, 51.601607147567677 ], [ 0.015908638674061, 51.60160664148929 ], [ 0.016034108343875, 51.601593524957636 ], [ 0.01604825241025, 51.601592050082523 ], [ 0.016105747773467, 51.601586035862596 ], [ 0.01611050521843, 51.601585531510452 ], [ 0.016176452845701, 51.60157864370327 ], [ 0.016263356998655, 51.60156955246191 ], [ 0.016328542602657, 51.601562740604237 ], [ 0.016333587835376, 51.601562213315056 ], [ 0.016421958152892, 51.601552970877734 ], [ 0.01648665509621, 51.601546212287808 ], [ 0.016501057667394, 51.601544705939823 ], [ 0.016601889668912, 51.601534152220921 ], [ 0.016675743072599, 51.601526444893679 ], [ 0.016689426945677, 51.601525013816392 ], [ 0.01680019176877, 51.601513435002119 ], [ 0.016882280514798, 51.601504848675589 ], [ 0.016907521039045, 51.601502211861046 ], [ 0.01691516763148, 51.601501406047916 ], [ 0.0169942380985, 51.601493141274553 ], [ 0.017001180433291, 51.601492410503589 ], [ 0.017096867165482, 51.601482412371361 ], [ 0.017104442002002, 51.601481616771309 ], [ 0.017119103065039, 51.601480078927871 ], [ 0.017212533085664, 51.601470317312163 ], [ 0.017291574580154, 51.601462052835032 ], [ 0.017347301550615, 51.601456221263931 ], [ 0.017356860069398, 51.601455220701041 ], [ 0.017456614227334, 51.601444792675899 ], [ 0.017478591553716, 51.601442490585143 ], [ 0.017521842345118, 51.601437970428073 ], [ 0.017529013956852, 51.601437851680465 ], [ 0.017537320431995, 51.601436458958382 ], [ 0.017543130239696, 51.601435752114035 ], [ 0.017567924965107, 51.601433158788183 ], [ 0.01757942758642, 51.601433015066981 ], [ 0.017590743693246, 51.601431921331653 ], [ 0.017651928082936, 51.601426067767257 ], [ 0.017687442563205, 51.601420655345777 ], [ 0.017699473362218, 51.601419396442289 ], [ 0.017715629463299, 51.601417706932708 ], [ 0.017735860090679, 51.601418024689664 ], [ 0.017758838195003, 51.601415822250111 ], [ 0.017824738249763, 51.601409500864108 ], [ 0.017844524174577, 51.601407605066868 ], [ 0.017860247759828, 51.60140381420026 ], [ 0.017933057180483, 51.601399114069096 ], [ 0.017966661530595, 51.601395892625099 ], [ 0.017973448695504, 51.6013952453971 ], [ 0.017983686562446, 51.60139426008358 ], [ 0.018037012435831, 51.601384108031063 ], [ 0.018081240324134, 51.601379480944608 ], [ 0.018088441554297, 51.601378727673321 ], [ 0.018154014582453, 51.601371872165153 ], [ 0.018180433379102, 51.601369106908699 ], [ 0.018193370012549, 51.601367760441441 ], [ 0.018254630532113, 51.601361347709293 ], [ 0.01826464092944, 51.6013610946844 ], [ 0.018299951676274, 51.601360208870247 ], [ 0.018340038941149, 51.601359249920556 ], [ 0.018346853943942, 51.601359393543476 ], [ 0.018354139109835, 51.601358742227994 ], [ 0.018383343351122, 51.601355942527015 ], [ 0.018449056437652, 51.601349641988065 ], [ 0.018471516605761, 51.601347484283515 ], [ 0.0185712796423, 51.601337918444813 ], [ 0.018592162596546, 51.601337316582281 ], [ 0.018621886364038, 51.601336463785458 ], [ 0.018675175348563, 51.601334927012743 ], [ 0.018787609232324, 51.601331698742058 ], [ 0.018832461414503, 51.601330405893648 ], [ 0.018943077970244, 51.601327226709955 ], [ 0.019016399335231, 51.60132512046593 ], [ 0.0190327971385, 51.601324649614845 ], [ 0.019126525661066, 51.601321958532431 ], [ 0.019350066155803, 51.601315532838861 ], [ 0.019349107720767, 51.601333899684398 ], [ 0.019379722163868, 51.601333007994377 ], [ 0.019431060885667, 51.601188242838205 ], [ 0.019447700838553, 51.601148640830232 ], [ 0.01944610978622, 51.601137841072067 ], [ 0.019442074956444, 51.601110366050996 ], [ 0.019446871414849, 51.601099676737981 ], [ 0.019460162160553, 51.601087762194481 ], [ 0.01946445701606, 51.601082040944512 ], [ 0.019469610681793, 51.60107517185002 ], [ 0.01947949502055, 51.601061989486951 ], [ 0.019501035790048, 51.601019911127501 ], [ 0.019509673658757, 51.601003045239544 ], [ 0.019522904591076, 51.600971882991914 ], [ 0.019529336380782, 51.600956718688046 ], [ 0.019561798433108, 51.600880244478766 ], [ 0.019566771542667, 51.600862146689792 ], [ 0.019574234190111, 51.600835067399196 ], [ 0.019566210346816, 51.600833550785687 ], [ 0.019560950936586, 51.600832665560219 ], [ 0.019499040107262, 51.600820983509074 ], [ 0.019436636562716, 51.600809098574125 ], [ 0.019340185884361, 51.600790767005208 ], [ 0.01934182496202, 51.600785073454993 ], [ 0.019466288595513, 51.600350280189794 ], [ 0.019485378777999, 51.600283550695011 ], [ 0.019493407866957, 51.60025556260085 ], [ 0.019495469805262, 51.600248333078177 ], [ 0.019525198266259, 51.600273972067761 ], [ 0.019528066124637, 51.600276773377637 ], [ 0.019556792296611, 51.600316601887172 ], [ 0.019668679685492, 51.600471687315036 ], [ 0.019687066025132, 51.600497170682566 ], [ 0.01969297365254, 51.600508273825909 ], [ 0.019699406011836, 51.600527946954521 ], [ 0.01970102612052, 51.600532892007784 ], [ 0.019709145484373, 51.600557715868732 ], [ 0.019712215532178, 51.600551404180834 ], [ 0.019759496972795, 51.600454190087113 ], [ 0.019785963378629, 51.600399779343604 ], [ 0.019787504648854, 51.600397414759243 ], [ 0.019808398034898, 51.600365158658839 ], [ 0.019884470649616, 51.600247710805462 ], [ 0.019920013485339, 51.600192838109656 ], [ 0.020015709179276, 51.600045116250641 ], [ 0.02007258068422, 51.599943079161513 ], [ 0.020202962252912, 51.599709168956579 ], [ 0.020221977265264, 51.599670065765217 ], [ 0.020234932073895, 51.599643431645212 ], [ 0.020242660359253, 51.59962755265655 ], [ 0.020235445962718, 51.599627676808019 ], [ 0.019997370847009, 51.599631773557483 ], [ 0.019925625500734, 51.599642000612214 ], [ 0.019706035636733, 51.599652010555232 ], [ 0.019606716456324, 51.599656520413063 ], [ 0.019602218182076, 51.59962379740719 ], [ 0.019575753312415, 51.599262677716553 ], [ 0.019587258115845, 51.599259828784461 ], [ 0.019722229900786, 51.599229971464879 ], [ 0.01978306768841, 51.599195544332616 ], [ 0.019805549327841, 51.599182828714362 ], [ 0.019861064472685, 51.59916317798308 ], [ 0.020031064332097, 51.599103006138051 ], [ 0.020063030769039, 51.598860142231068 ], [ 0.020057737952769, 51.598784129172088 ], [ 0.019959898274361, 51.598787116671687 ], [ 0.019883920498278, 51.59879011460643 ], [ 0.019844584133656, 51.59879167271032 ], [ 0.019816274423035, 51.59879278928647 ], [ 0.019722062480474, 51.598796505514301 ], [ 0.019609573085852, 51.598800940779782 ], [ 0.0194906268587, 51.598805648880351 ], [ 0.019368580461024, 51.598810455151508 ], [ 0.019358822308794, 51.598810847825199 ], [ 0.019281907779914, 51.598813888458913 ], [ 0.019233937441978, 51.598815792708088 ], [ 0.019147119654553, 51.598819210426008 ], [ 0.019074529270301, 51.598822077628661 ], [ 0.018929275928219, 51.598827804153821 ], [ 0.018842790341489, 51.598831224924204 ], [ 0.018814422858527, 51.598832342250404 ], [ 0.018749097239996, 51.598834922449711 ], [ 0.018684889781398, 51.598837645250491 ], [ 0.018662622775539, 51.598838594686839 ], [ 0.018625453382498, 51.598840178063696 ], [ 0.018460849359803, 51.598847171977077 ], [ 0.018403012509397, 51.598849632210872 ], [ 0.018374374840761, 51.598850844000999 ], [ 0.018302312928203, 51.598853908464932 ], [ 0.018224932442957, 51.598857190218283 ], [ 0.018215838379145, 51.598857580371629 ], [ 0.018088605648455, 51.598862987041386 ], [ 0.018082682280775, 51.598863241743651 ], [ 0.017917918949993, 51.598870228635441 ], [ 0.017764830753664, 51.598876744842521 ], [ 0.017692999203797, 51.598879795977211 ], [ 0.017682578895517, 51.598880235861579 ], [ 0.017679456279074, 51.598848869539992 ], [ 0.017587192446088, 51.598853216008862 ], [ 0.017467608265936, 51.598858850250878 ], [ 0.017414465391107, 51.598861337235967 ], [ 0.017298325608238, 51.598866822185371 ], [ 0.01721287724884, 51.598870844409298 ], [ 0.017142018495373, 51.598874179739987 ], [ 0.0170460008752, 51.598878702687614 ], [ 0.017020568274132, 51.598879904038128 ], [ 0.01688523159513, 51.598614655941539 ], [ 0.016903228710824, 51.598609238963256 ], [ 0.017031588494453, 51.598570613691621 ], [ 0.017069278539358, 51.598559273941113 ], [ 0.017149824926924, 51.598526748707748 ], [ 0.017198198218371, 51.598539487249305 ], [ 0.017205634655034, 51.598541445736139 ], [ 0.01730869024903, 51.598550600763119 ], [ 0.017618367144603, 51.59852602561056 ], [ 0.017625387971092, 51.598525284455036 ], [ 0.017647199968981, 51.598525637959824 ], [ 0.018010100193047, 51.598535271905511 ], [ 0.018029066958478, 51.598535773168955 ], [ 0.018165924194763, 51.598502872679788 ], [ 0.018166052048725, 51.598498590023155 ], [ 0.018170678233015, 51.59835080768962 ], [ 0.018166550471131, 51.598337493228662 ], [ 0.018167208803646, 51.598301035063848 ], [ 0.018158727552082, 51.598258398768976 ], [ 0.018155798917705, 51.598251614772479 ], [ 0.018142223216471, 51.598219951555123 ], [ 0.018139550132409, 51.598213720703676 ], [ 0.018146516550607, 51.598202468147463 ], [ 0.018163422798304, 51.598148662766476 ], [ 0.018164412234744, 51.598139059686396 ], [ 0.018166315596574, 51.598120430348224 ], [ 0.018165588595743, 51.598116081455181 ], [ 0.018153485000367, 51.598044654805861 ], [ 0.018154522716841, 51.598035815263323 ], [ 0.018155643202635, 51.598026236907799 ], [ 0.018152059240609, 51.59799977946296 ], [ 0.018145077794357, 51.597982022278991 ], [ 0.018143889923171, 51.597979003215599 ], [ 0.018109536698053, 51.597929757047574 ], [ 0.018132168698241, 51.597831169196105 ], [ 0.018137648888765, 51.597817334346779 ], [ 0.018137889716474, 51.597810387949508 ], [ 0.018137202424921, 51.597805957440585 ], [ 0.018136237870615, 51.597799832104435 ], [ 0.018134182369385, 51.597786684349039 ], [ 0.018096935576299, 51.597710914911524 ], [ 0.01810650542344, 51.597685427335733 ], [ 0.018110115850999, 51.597664916181834 ], [ 0.018115144118374, 51.597636323317424 ], [ 0.018116136439703, 51.597630694899294 ], [ 0.018111837385192, 51.597607648935472 ], [ 0.018111577517722, 51.597596898300388 ], [ 0.018108415913192, 51.597590720810551 ], [ 0.018052517889837, 51.597481154242935 ], [ 0.018051090586978, 51.597471754577249 ], [ 0.018068035751104, 51.597415898225925 ], [ 0.01806891828506, 51.597413005433985 ], [ 0.018068476009121, 51.597409541909087 ], [ 0.018072564036229, 51.597375371837046 ], [ 0.018072202753721, 51.597371781023853 ], [ 0.018067188211897, 51.59732248908189 ], [ 0.018067807915557, 51.597317901214417 ], [ 0.018067233675286, 51.597313414806301 ], [ 0.018064047786801, 51.597288443280974 ], [ 0.018065552754411, 51.597269946687312 ], [ 0.018060942470226, 51.597257796064405 ], [ 0.018024487219741, 51.597160938941791 ], [ 0.018028778169475, 51.59712988130412 ], [ 0.01803555970876, 51.597115763299513 ], [ 0.01803521782322, 51.597111632599088 ], [ 0.018027371905459, 51.597017345594246 ], [ 0.018026815934662, 51.597010664686977 ], [ 0.018019273406247, 51.596988061162676 ], [ 0.018025021755406, 51.596972459162501 ], [ 0.018026875598271, 51.59695890247945 ], [ 0.018034268474829, 51.596904820014011 ], [ 0.018034879722427, 51.59690036718014 ], [ 0.018032230409908, 51.596880008605631 ], [ 0.018028813492456, 51.596871326579759 ], [ 0.018001826676474, 51.596802565798306 ], [ 0.018003072476104, 51.596785062841732 ], [ 0.018006018896882, 51.596773353331606 ], [ 0.018014347630378, 51.596753422013492 ], [ 0.018024340136858, 51.596701309187289 ], [ 0.018024272904621, 51.596698162946623 ], [ 0.018023656424119, 51.596667634806344 ], [ 0.018022672274609, 51.596664324478184 ], [ 0.018010234993757, 51.596622821807891 ], [ 0.018006993321218, 51.596599847588784 ], [ 0.018001794441881, 51.596586142378584 ], [ 0.017983662074908, 51.596538307934765 ], [ 0.017984544909682, 51.596533630114074 ], [ 0.017988689815972, 51.596524040228964 ], [ 0.017986374397469, 51.596509260294106 ], [ 0.017982997655098, 51.596487799147063 ], [ 0.01798329830952, 51.596384127728463 ], [ 0.017983320367528, 51.596372895639725 ], [ 0.017965667613844, 51.596330016843567 ], [ 0.017950980360346, 51.596318543043679 ], [ 0.01791890049152, 51.596293519703842 ], [ 0.017901669215979, 51.596255588556005 ], [ 0.017888527807007, 51.596159414217453 ], [ 0.017916290573457, 51.596109172099759 ], [ 0.017915509042424, 51.596106523737305 ], [ 0.017912811299668, 51.596097451658366 ], [ 0.017935305589763, 51.596021995038178 ], [ 0.017938010843322, 51.595932670375468 ], [ 0.017932190844804, 51.595921889432333 ], [ 0.017891222579357, 51.595846156972051 ], [ 0.017889083646329, 51.595842201046253 ], [ 0.017886835289094, 51.595839685811477 ], [ 0.017865280133756, 51.595721111762757 ], [ 0.017355676157126, 51.595738459378403 ], [ 0.017183559261805, 51.595728459165045 ], [ 0.017026048367318, 51.595719304800582 ], [ 0.016877975718192, 51.595710698461296 ], [ 0.016683067795898, 51.595692708076761 ], [ 0.016631514043432, 51.595687955498761 ], [ 0.016486061811442, 51.595671677964454 ], [ 0.016454791871712, 51.595668177512714 ], [ 0.016345368562844, 51.595655921001942 ], [ 0.016283264341565, 51.595648975480799 ], [ 0.016272606333835, 51.595646964380975 ], [ 0.016268150937445, 51.595646123675039 ], [ 0.015933821965689, 51.59558303728496 ], [ 0.015912083314138, 51.595579903551453 ], [ 0.015710999538672, 51.595550884877611 ], [ 0.015608743175998, 51.595536130583383 ], [ 0.015581901254557, 51.595591571950166 ], [ 0.015770499472032, 51.595818353564916 ], [ 0.015780228279484, 51.595832970235598 ], [ 0.015802811880802, 51.595866933925798 ], [ 0.015816923340956, 51.595937831625818 ], [ 0.015830272288429, 51.596004875624487 ], [ 0.015822252215809, 51.596032125891767 ], [ 0.015821047338249, 51.596036220208234 ], [ 0.015773320765497, 51.596103260963133 ], [ 0.015766225435283, 51.596113238645152 ], [ 0.015729771889643, 51.596151822206316 ], [ 0.015750518291731, 51.596171024718821 ], [ 0.01575792835493, 51.596177291166207 ], [ 0.015773873691261, 51.596208068599879 ], [ 0.015791302928897, 51.596241707156103 ], [ 0.015796386475916, 51.596257716514295 ], [ 0.015801468435871, 51.596273689929397 ], [ 0.015822809152908, 51.596309905117643 ], [ 0.015823708217251, 51.596317821104385 ], [ 0.015835351899309, 51.5964210354364 ], [ 0.015836776800102, 51.596433654487385 ], [ 0.015836246477088, 51.596436352366617 ], [ 0.015826438635126, 51.596458444632553 ], [ 0.015824154120898, 51.596463591632521 ], [ 0.015830045518471, 51.596543191403214 ], [ 0.015830330382059, 51.596547017336235 ], [ 0.015831522051025, 51.596563174463618 ], [ 0.015835946879451, 51.596572945313099 ], [ 0.015837940029938, 51.596577362394619 ], [ 0.01584251230742, 51.596582472572251 ], [ 0.01584309093405, 51.596588694470434 ], [ 0.015853010674882, 51.596695364566791 ], [ 0.015850266699406, 51.596705789089988 ], [ 0.015848551567931, 51.596714829077044 ], [ 0.015875178778157, 51.596783209740885 ], [ 0.015876253927389, 51.596785969973695 ], [ 0.015880147329164, 51.596812601982286 ], [ 0.015882171830693, 51.596826370774046 ], [ 0.015855014806861, 51.596877312323805 ], [ 0.015852801149783, 51.596881450941275 ], [ 0.015857660146952, 51.596926797842713 ], [ 0.015901573384627, 51.59702132872328 ], [ 0.015904365581542, 51.597027323762447 ], [ 0.015902982468316, 51.597050224555367 ], [ 0.015899936652478, 51.597058397133274 ], [ 0.015896271482045, 51.597068234976248 ], [ 0.015891521645283, 51.597080969061714 ], [ 0.015889676818169, 51.597085937652245 ], [ 0.015889146383274, 51.597088959264923 ], [ 0.015888520308453, 51.597099931931496 ], [ 0.01588718376007, 51.597122580132663 ], [ 0.015886148351897, 51.597139962522164 ], [ 0.015920771625786, 51.597217234378256 ], [ 0.015927341863811, 51.597231923274748 ], [ 0.015927740776921, 51.597237509788116 ], [ 0.015925100510136, 51.597244569318057 ], [ 0.015910750437808, 51.597313770610612 ], [ 0.015910066881594, 51.597318062801961 ], [ 0.015910053813241, 51.597321192432659 ], [ 0.015912196831416, 51.597334212807191 ], [ 0.015915434533688, 51.597341953742195 ], [ 0.015915796325608, 51.597345886264385 ], [ 0.015924228106793, 51.597438342209728 ], [ 0.015924889967167, 51.5974456282948 ], [ 0.01590993978613, 51.597473060518091 ], [ 0.015909246936245, 51.597478773691222 ], [ 0.015908374936937, 51.597491692970635 ], [ 0.015956603881935, 51.59760851419253 ], [ 0.015960614465822, 51.597618220213853 ], [ 0.015954646919153, 51.597663789014625 ], [ 0.015952934714535, 51.597668818275388 ], [ 0.015951017912753, 51.597674444557846 ], [ 0.015950909158778, 51.597682099082618 ], [ 0.015950841476558, 51.597686767376601 ], [ 0.015987346989887, 51.597750769870771 ], [ 0.015996729505085, 51.597767011140967 ], [ 0.015999520566048, 51.597802007161704 ], [ 0.015997895884223, 51.597821081277736 ], [ 0.015997224039826, 51.597828736480579 ], [ 0.015982350741025, 51.597876661401806 ], [ 0.015980897950124, 51.597881353483309 ], [ 0.016005732073369, 51.597921766635345 ], [ 0.016015916103548, 51.597950403854085 ], [ 0.016018776633212, 51.598005069876734 ], [ 0.016020246663341, 51.598033056412788 ], [ 0.016014504862775, 51.598072308569428 ], [ 0.016009038821718, 51.598084848126788 ], [ 0.016007910963725, 51.59808742137961 ], [ 0.016005702441212, 51.598093470825638 ], [ 0.016012451883965, 51.598117585327785 ], [ 0.016013206073508, 51.598120270139333 ], [ 0.016013848645683, 51.598125978363335 ], [ 0.016015666429619, 51.598142250631405 ], [ 0.016009979353479, 51.598170508458992 ], [ 0.016023066014367, 51.598229809870553 ], [ 0.016024087338258, 51.598234288603578 ], [ 0.016027012485992, 51.598328312090921 ], [ 0.016029092844351, 51.598334631395524 ], [ 0.016029989624803, 51.59833760151966 ], [ 0.016031221915874, 51.59834162700222 ], [ 0.016033077754197, 51.598356801525846 ], [ 0.016033823612118, 51.598362885662837 ], [ 0.016035296524236, 51.598374955341789 ], [ 0.016034007197025, 51.598384644471579 ], [ 0.016036006899055, 51.59840959142204 ], [ 0.016037263404391, 51.598425252843349 ], [ 0.01605035882828, 51.598469909741446 ], [ 0.016052566311024, 51.598477371613697 ], [ 0.016056138420832, 51.598584407892901 ], [ 0.016045160331458, 51.598587315774836 ], [ 0.015925276440683, 51.598615848628256 ], [ 0.015915902839833, 51.598618077883771 ], [ 0.015909609230116, 51.598618123013907 ], [ 0.015572581462978, 51.598620493012049 ], [ 0.015542514401486, 51.598645846654293 ], [ 0.015507700583218, 51.598675202533926 ], [ 0.015497657315567, 51.598676004445778 ], [ 0.015425052230371, 51.598681801210418 ], [ 0.015370720846593, 51.598686142155849 ], [ 0.015240474898942, 51.598696543368426 ], [ 0.015231915765974, 51.598694990711323 ], [ 0.015199324376766, 51.598689084559503 ], [ 0.015159716811907, 51.598681904996269 ], [ 0.015150929781378, 51.598678791543627 ], [ 0.015027353245368, 51.598634970425017 ], [ 0.014955018757587, 51.598693189684077 ], [ 0.01494578474674, 51.598704445090611 ], [ 0.014936627905114, 51.598708307304641 ], [ 0.014775341763435, 51.598776188077203 ], [ 0.014501099494566, 51.598787008466218 ], [ 0.014495446055282, 51.598779327013901 ], [ 0.014485131417734, 51.598765340911335 ], [ 0.014462496054499, 51.598734615470327 ], [ 0.014178370662011, 51.598762582731418 ], [ 0.014041959103189, 51.598733104858354 ], [ 0.014029185836815, 51.598728657046109 ], [ 0.013978818521017, 51.598711114107729 ], [ 0.013930912742306, 51.598687521882319 ], [ 0.013926700696763, 51.598690229006799 ], [ 0.013914612556172, 51.598698008247446 ], [ 0.013898935871809, 51.59870561528998 ], [ 0.013828255639739, 51.598739894234122 ], [ 0.013809143581442, 51.598749160909001 ], [ 0.013744939594622, 51.598770550239095 ], [ 0.013721943245851, 51.598774263252139 ], [ 0.013649801008884, 51.59878593299414 ], [ 0.013644396110762, 51.598786808123855 ], [ 0.013412428987476, 51.598774706710088 ], [ 0.01340360282203, 51.598769395246912 ], [ 0.013387434084002, 51.59875803644595 ], [ 0.013376318365402, 51.598759072530015 ], [ 0.01319862550043, 51.598775647005382 ], [ 0.013129393895336, 51.598772482771111 ], [ 0.013066948231111, 51.598769633683631 ], [ 0.01301477294955, 51.598760016805407 ], [ 0.013005995237885, 51.598757433711782 ], [ 0.01284897442427, 51.598711172933342 ], [ 0.012884007805824, 51.599052655927856 ], [ 0.012885882125264, 51.599070887557524 ], [ 0.012886398659452, 51.599076040396 ], [ 0.01288750532802, 51.599086704510498 ], [ 0.01288825868367, 51.599093948540563 ], [ 0.012892917557253, 51.599139244812768 ], [ 0.012903240084118, 51.599188211764627 ], [ 0.012912592595984, 51.599232546232592 ], [ 0.012914619911734, 51.599242151418402 ], [ 0.012916838204346, 51.599245296703685 ], [ 0.01295260944182, 51.599295715403215 ], [ 0.012978580218237, 51.599332336895785 ], [ 0.012992816977292, 51.599352415677835 ], [ 0.013000100795036, 51.599362686034958 ], [ 0.013057015168833, 51.599442911786447 ], [ 0.01306365250639, 51.599452275998537 ], [ 0.013067070522474, 51.59945708229489 ], [ 0.013081192003851, 51.599477001183651 ], [ 0.01308776726899, 51.599486267542495 ], [ 0.013129144435057, 51.599544593348952 ], [ 0.013134426294079, 51.599552038436364 ], [ 0.013162652985529, 51.599591831520215 ], [ 0.013166595757121, 51.599597402165948 ], [ 0.013171352896975, 51.599604082900719 ], [ 0.013192096651485, 51.599633348263616 ], [ 0.013197871629006, 51.599641495295664 ], [ 0.013199796754429, 51.599644213968219 ], [ 0.01328312263884, 51.599761692022291 ], [ 0.013288080895103, 51.599768675048381 ], [ 0.013346937151753, 51.599851646080218 ], [ 0.013366047631733, 51.599878583416171 ], [ 0.013369328709357, 51.599883230192276 ], [ 0.01337422451283, 51.599890106377892 ], [ 0.0134054699838, 51.599934155034767 ], [ 0.013423764805271, 51.599958318683591 ], [ 0.013426371630042, 51.599961758544509 ], [ 0.013428625936535, 51.599964736844569 ], [ 0.013477987644318, 51.600029885753216 ], [ 0.013496235688547, 51.600053969265403 ], [ 0.013666709895711, 51.600278949728938 ], [ 0.013726545916698, 51.600357920145619 ], [ 0.013729598446531, 51.600361968339804 ], [ 0.013754270752068, 51.600394502437915 ], [ 0.013795750538389, 51.600449229336995 ], [ 0.013882983172735, 51.600564113772734 ], [ 0.013910564480971, 51.600600761807819 ], [ 0.013939778885509, 51.600639333201137 ], [ 0.014005797044615, 51.600726453384631 ], [ 0.014168383068227, 51.600941022649856 ], [ 0.014280716869844, 51.601079338379186 ], [ 0.014285336740163, 51.601085027824134 ], [ 0.01429912725274, 51.60110200292214 ], [ 0.014357925145933, 51.60117440013466 ], [ 0.014362186270071, 51.601179650602539 ], [ 0.014435248156757, 51.60126959927188 ], [ 0.014446076496833, 51.601282938245674 ], [ 0.014454705759586, 51.60129357222889 ], [ 0.014495604194946, 51.601343912090471 ], [ 0.014501637362229, 51.601351353304935 ], [ 0.014547179286284, 51.60140742265493 ], [ 0.014552616328136, 51.601414118723611 ], [ 0.014572211087222, 51.601438251179687 ], [ 0.01458061065372, 51.601448587848111 ], [ 0.014586490213554, 51.60145582037071 ], [ 0.014695627079619, 51.601590193511136 ], [ 0.014699888288883, 51.601595443969394 ], [ 0.014843221597851, 51.601771926758751 ], [ 0.014935794598729, 51.601901350488745 ] ] ] } },
{ "type": "Feature", "properties": { "lsoa21cd": "E01003673", "lsoa21nm": "Redbridge 007F", "msoa21cd": "E02000757", "msoa21nm": "Redbridge 007", "lad22cd": "E09000026", "lad22nm": "Redbridge", "index_right": 343, "GSS_CODE": "E05000597", "risk_score": 0.0017455744522886763, "allocation_hours": 0.025692782818596226, "patrol_units": 0 }, "geometry": { "type": "Polygon", "coordinates": [ [ [ 0.014775341763435, 51.598776188077203 ], [ 0.014936627905114, 51.598708307304641 ], [ 0.01494578474674, 51.598704445090611 ], [ 0.014955018757587, 51.598693189684077 ], [ 0.015027353245368, 51.598634970425017 ], [ 0.015150929781378, 51.598678791543627 ], [ 0.015159716811907, 51.598681904996269 ], [ 0.015199324376766, 51.598689084559503 ], [ 0.015231915765974, 51.598694990711323 ], [ 0.015240474898942, 51.598696543368426 ], [ 0.015370720846593, 51.598686142155849 ], [ 0.015425052230371, 51.598681801210418 ], [ 0.015497657315567, 51.598676004445778 ], [ 0.015507700583218, 51.598675202533926 ], [ 0.015542514401486, 51.598645846654293 ], [ 0.015572581462978, 51.598620493012049 ], [ 0.015909609230116, 51.598618123013907 ], [ 0.015915902839833, 51.598618077883771 ], [ 0.015925276440683, 51.598615848628256 ], [ 0.016045160331458, 51.598587315774836 ], [ 0.016056138420832, 51.598584407892901 ], [ 0.016052566311024, 51.598477371613697 ], [ 0.01605035882828, 51.598469909741446 ], [ 0.016037263404391, 51.598425252843349 ], [ 0.016036006899055, 51.59840959142204 ], [ 0.016034007197025, 51.598384644471579 ], [ 0.016035296524236, 51.598374955341789 ], [ 0.016033823612118, 51.598362885662837 ], [ 0.016033077754197, 51.598356801525846 ], [ 0.016031221915874, 51.59834162700222 ], [ 0.016029989624803, 51.59833760151966 ], [ 0.016029092844351, 51.598334631395524 ], [ 0.016027012485992, 51.598328312090921 ], [ 0.016024087338258, 51.598234288603578 ], [ 0.016023066014367, 51.598229809870553 ], [ 0.016009979353479, 51.598170508458992 ], [ 0.016015666429619, 51.598142250631405 ], [ 0.016013848645683, 51.598125978363335 ], [ 0.016013206073508, 51.598120270139333 ], [ 0.016012451883965, 51.598117585327785 ], [ 0.016005702441212, 51.598093470825638 ], [ 0.016007910963725, 51.59808742137961 ], [ 0.016009038821718, 51.598084848126788 ], [ 0.016014504862775, 51.598072308569428 ], [ 0.016020246663341, 51.598033056412788 ], [ 0.016018776633212, 51.598005069876734 ], [ 0.016015916103548, 51.597950403854085 ], [ 0.016005732073369, 51.597921766635345 ], [ 0.015980897950124, 51.597881353483309 ], [ 0.015982350741025, 51.597876661401806 ], [ 0.015997224039826, 51.597828736480579 ], [ 0.015997895884223, 51.597821081277736 ], [ 0.015999520566048, 51.597802007161704 ], [ 0.015996729505085, 51.597767011140967 ], [ 0.015987346989887, 51.597750769870771 ], [ 0.015950841476558, 51.597686767376601 ], [ 0.015950909158778, 51.597682099082618 ], [ 0.015951017912753, 51.597674444557846 ], [ 0.015952934714535, 51.597668818275388 ], [ 0.015954646919153, 51.597663789014625 ], [ 0.015960614465822, 51.597618220213853 ], [ 0.015956603881935, 51.59760851419253 ], [ 0.015908374936937, 51.597491692970635 ], [ 0.015909246936245, 51.597478773691222 ], [ 0.01590993978613, 51.597473060518091 ], [ 0.015924889967167, 51.5974456282948 ], [ 0.015924228106793, 51.597438342209728 ], [ 0.015915796325608, 51.597345886264385 ], [ 0.015915434533688, 51.597341953742195 ], [ 0.015912196831416, 51.597334212807191 ], [ 0.015910053813241, 51.597321192432659 ], [ 0.015910066881594, 51.597318062801961 ], [ 0.015910750437808, 51.597313770610612 ], [ 0.015925100510136, 51.597244569318057 ], [ 0.015927740776921, 51.597237509788116 ], [ 0.015927341863811, 51.597231923274748 ], [ 0.015920771625786, 51.597217234378256 ], [ 0.015886148351897, 51.597139962522164 ], [ 0.01588718376007, 51.597122580132663 ], [ 0.015888520308453, 51.597099931931496 ], [ 0.015889146383274, 51.597088959264923 ], [ 0.015889676818169, 51.597085937652245 ], [ 0.015891521645283, 51.597080969061714 ], [ 0.015896271482045, 51.597068234976248 ], [ 0.015899936652478, 51.597058397133274 ], [ 0.015902982468316, 51.597050224555367 ], [ 0.015904365581542, 51.597027323762447 ], [ 0.015901573384627, 51.59702132872328 ], [ 0.015857660146952, 51.596926797842713 ], [ 0.015852801149783, 51.596881450941275 ], [ 0.015855014806861, 51.596877312323805 ], [ 0.015882171830693, 51.596826370774046 ], [ 0.015880147329164, 51.596812601982286 ], [ 0.015876253927389, 51.596785969973695 ], [ 0.015875178778157, 51.596783209740885 ], [ 0.015848551567931, 51.596714829077044 ], [ 0.015850266699406, 51.596705789089988 ], [ 0.015853010674882, 51.596695364566791 ], [ 0.01584309093405, 51.596588694470434 ], [ 0.01584251230742, 51.596582472572251 ], [ 0.015837940029938, 51.596577362394619 ], [ 0.015835946879451, 51.596572945313099 ], [ 0.015831522051025, 51.596563174463618 ], [ 0.015830330382059, 51.596547017336235 ], [ 0.015830045518471, 51.596543191403214 ], [ 0.015824154120898, 51.596463591632521 ], [ 0.015826438635126, 51.596458444632553 ], [ 0.015836246477088, 51.596436352366617 ], [ 0.015836776800102, 51.596433654487385 ], [ 0.015835351899309, 51.5964210354364 ], [ 0.015823708217251, 51.596317821104385 ], [ 0.015822809152908, 51.596309905117643 ], [ 0.015801468435871, 51.596273689929397 ], [ 0.015796386475916, 51.596257716514295 ], [ 0.015791302928897, 51.596241707156103 ], [ 0.015773873691261, 51.596208068599879 ], [ 0.01575792835493, 51.596177291166207 ], [ 0.015750518291731, 51.596171024718821 ], [ 0.015729771889643, 51.596151822206316 ], [ 0.015766225435283, 51.596113238645152 ], [ 0.015773320765497, 51.596103260963133 ], [ 0.015821047338249, 51.596036220208234 ], [ 0.015822252215809, 51.596032125891767 ], [ 0.015830272288429, 51.596004875624487 ], [ 0.015816923340956, 51.595937831625818 ], [ 0.015802811880802, 51.595866933925798 ], [ 0.015780228279484, 51.595832970235598 ], [ 0.015770499472032, 51.595818353564916 ], [ 0.015581901254557, 51.595591571950166 ], [ 0.015608743175998, 51.595536130583383 ], [ 0.015710999538672, 51.595550884877611 ], [ 0.015912083314138, 51.595579903551453 ], [ 0.015933821965689, 51.59558303728496 ], [ 0.016268150937445, 51.595646123675039 ], [ 0.016272606333835, 51.595646964380975 ], [ 0.016283264341565, 51.595648975480799 ], [ 0.016345368562844, 51.595655921001942 ], [ 0.016454791871712, 51.595668177512714 ], [ 0.016486061811442, 51.595671677964454 ], [ 0.016631514043432, 51.595687955498761 ], [ 0.016683067795898, 51.595692708076761 ], [ 0.016877975718192, 51.595710698461296 ], [ 0.017026048367318, 51.595719304800582 ], [ 0.01708643567521, 51.595626848740871 ], [ 0.017068006334692, 51.595396569311752 ], [ 0.017195105007248, 51.595381516716635 ], [ 0.017281484583121, 51.595371291400376 ], [ 0.017313114436941, 51.595370208228978 ], [ 0.017383036480628, 51.59537828677913 ], [ 0.017412289360585, 51.595386776548281 ], [ 0.017731025326344, 51.595411404829285 ], [ 0.017810071776955, 51.595417509778109 ], [ 0.018078737528434, 51.595438267795764 ], [ 0.018362379616866, 51.595470179240934 ], [ 0.01837429303928, 51.595471521099775 ], [ 0.018625953840567, 51.595499836292362 ], [ 0.018632861133141, 51.595500616756489 ], [ 0.018702701514599, 51.595508471124354 ], [ 0.019068277241792, 51.595553935343162 ], [ 0.01921084930778, 51.59557167107446 ], [ 0.019271952018378, 51.595581419983247 ], [ 0.019281578304042, 51.595582953972382 ], [ 0.019634685219842, 51.595639269186691 ], [ 0.0198215850729, 51.595669073856193 ], [ 0.020447681145512, 51.595787188825867 ], [ 0.020520483377826, 51.595800926254427 ], [ 0.020718394582335, 51.595840018164651 ], [ 0.021190530293267, 51.595933262442962 ], [ 0.021787247079608, 51.596039898266014 ], [ 0.02183977027829, 51.595922080925661 ], [ 0.021854197828581, 51.595921832406631 ], [ 0.021857793338541, 51.595902328497701 ], [ 0.021861073912014, 51.595884511627375 ], [ 0.0218670298349, 51.59588565001085 ], [ 0.021877170938006, 51.595860403989406 ], [ 0.021880565065722, 51.595851973423954 ], [ 0.021870379394547, 51.595847274895611 ], [ 0.021885279944067, 51.595809878835354 ], [ 0.02193078856726, 51.595695707359113 ], [ 0.021973639289888, 51.595599072227984 ], [ 0.022066136825006, 51.595390433384075 ], [ 0.022102842311837, 51.595299137737449 ], [ 0.022111411019351, 51.595277830550778 ], [ 0.02213625786468, 51.595216019062548 ], [ 0.022147074665117, 51.595189088742266 ], [ 0.022178174534346, 51.595088942006527 ], [ 0.022188408752764, 51.595086283728122 ], [ 0.022211931899548, 51.59508017714635 ], [ 0.022263931758141, 51.595066691598539 ], [ 0.022363733662887, 51.595040781945684 ], [ 0.02245935384014, 51.595006868911774 ], [ 0.022515528981077, 51.594986944545575 ], [ 0.022569911962861, 51.594975432131015 ], [ 0.022567155863403, 51.594968544536265 ], [ 0.022576949489727, 51.594965167213026 ], [ 0.022662714573567, 51.594945704067527 ], [ 0.022444310806974, 51.594904504649485 ], [ 0.022400231021321, 51.594887279001483 ], [ 0.022311672492052, 51.594843841940815 ], [ 0.02230874699308, 51.594841689162244 ], [ 0.022251968089801, 51.594799898684684 ], [ 0.022260809225871, 51.594698248767287 ], [ 0.02226154201374, 51.594692479084067 ], [ 0.022234265605215, 51.594690305224695 ], [ 0.022015547669834, 51.594678084600062 ], [ 0.021782718706897, 51.594637132522543 ], [ 0.021726942260559, 51.594624082844781 ], [ 0.021818204883402, 51.594486830599941 ], [ 0.021821716991661, 51.5944771570217 ], [ 0.021841260699742, 51.594423377396623 ], [ 0.021846547894075, 51.594408808247877 ], [ 0.021845534503585, 51.594402243129245 ], [ 0.021834350267726, 51.594330495075035 ], [ 0.021829627473675, 51.594300217448449 ], [ 0.021718935718673, 51.594173817949482 ], [ 0.021701339745749, 51.594153743840643 ], [ 0.021698769145422, 51.594150802580536 ], [ 0.021742088903908, 51.594142151888526 ], [ 0.021763841603943, 51.594133575938777 ], [ 0.022122262515209, 51.593992413461535 ], [ 0.02235917389019, 51.593899088955652 ], [ 0.022374903398651, 51.593788703603039 ], [ 0.022379779655903, 51.593754483690894 ], [ 0.022390036158234, 51.59368243814248 ], [ 0.022377532787005, 51.593683408972772 ], [ 0.022048380554393, 51.593708810039324 ], [ 0.021737716917126, 51.593732776605577 ], [ 0.021700796214184, 51.593735633765 ], [ 0.021314980609829, 51.593765399002393 ], [ 0.021287584368212, 51.593775636776357 ], [ 0.021283260372098, 51.593775477437383 ], [ 0.021216418372543, 51.593772995571271 ], [ 0.021109453551112, 51.593781249331336 ], [ 0.021015927475485, 51.593788462248334 ], [ 0.020954114013333, 51.59379323159127 ], [ 0.020875796796105, 51.593799274257805 ], [ 0.020811940269686, 51.593804204599628 ], [ 0.020771320905245, 51.593807331975505 ], [ 0.020667248127888, 51.593815364673382 ], [ 0.020651622019675, 51.59381656893229 ], [ 0.020547592077131, 51.593824591792483 ], [ 0.020531994815589, 51.593825795538592 ], [ 0.020497318156942, 51.593828469800066 ], [ 0.020367503764778, 51.593838483107191 ], [ 0.020350323921537, 51.593839812990112 ], [ 0.020291237021551, 51.593844373177269 ], [ 0.020167030483082, 51.593854685401752 ], [ 0.020081986283302, 51.593861733584212 ], [ 0.020037651765695, 51.593865410246011 ], [ 0.019969669186257, 51.593871067596126 ], [ 0.019949357407171, 51.59387274807758 ], [ 0.019861724262823, 51.593880020506866 ], [ 0.019781226104004, 51.593886702468801 ], [ 0.019742674407046, 51.593889901811572 ], [ 0.019694728559257, 51.593894189035737 ], [ 0.019679844141669, 51.593895515288693 ], [ 0.019591113895102, 51.593903444864914 ], [ 0.019474440993622, 51.593913860516537 ], [ 0.01943007583507, 51.593917825234854 ], [ 0.019363463558565, 51.593923782383385 ], [ 0.019320608423295, 51.593927613167956 ], [ 0.019233776415112, 51.593935374921429 ], [ 0.019160246645879, 51.593941945555741 ], [ 0.019105081469098, 51.593946878304109 ], [ 0.019081007690833, 51.593949028017619 ], [ 0.019005507758019, 51.593955776327519 ], [ 0.018994865694563, 51.593956723765615 ], [ 0.018975951253247, 51.593958335075548 ], [ 0.018841559841034, 51.593935953232233 ], [ 0.018612398363214, 51.593959831363719 ], [ 0.01860462406204, 51.593960657502485 ], [ 0.018511654246092, 51.593984998664588 ], [ 0.018484082115127, 51.593996497742317 ], [ 0.018475281644238, 51.594000394497165 ], [ 0.018465427774767, 51.594006584487175 ], [ 0.018460020356243, 51.594009995740564 ], [ 0.018425835824168, 51.59401302961242 ], [ 0.018312280622321, 51.594023111703088 ], [ 0.01829631727793, 51.594024528271959 ], [ 0.018240546225807, 51.594036318865356 ], [ 0.018203729240114, 51.594037617410564 ], [ 0.018161644560598, 51.594032122714175 ], [ 0.018126327250688, 51.594027514309872 ], [ 0.018051465401394, 51.594039871377881 ], [ 0.017930622400013, 51.594059808356789 ], [ 0.017917097442514, 51.594064447250275 ], [ 0.017835434389439, 51.594076786221535 ], [ 0.017770780964479, 51.594086557590188 ], [ 0.017706686578997, 51.594096238378626 ], [ 0.017601273230171, 51.594112168845605 ], [ 0.017586077998882, 51.594114466871766 ], [ 0.017564830402037, 51.594117678267217 ], [ 0.017414813280696, 51.594140346356404 ], [ 0.017380449980174, 51.594145541205265 ], [ 0.017273329521068, 51.59416172552632 ], [ 0.0172355528553, 51.594167437619447 ], [ 0.017176578420864, 51.594176346678118 ], [ 0.017087127227716, 51.594189862103612 ], [ 0.017082595351582, 51.594190551482036 ], [ 0.016886525502273, 51.594220179220869 ], [ 0.016802624359463, 51.594232852668064 ], [ 0.016656665399256, 51.594254910475001 ], [ 0.01679366722294, 51.594225228020875 ], [ 0.016835252793439, 51.594211627097749 ], [ 0.016792615696263, 51.594085411831614 ], [ 0.016698783536063, 51.593791703208794 ], [ 0.016556103811085, 51.593821857241714 ], [ 0.016545504983092, 51.593824107634589 ], [ 0.016536837076176, 51.593825947163012 ], [ 0.016532402929813, 51.593826886633572 ], [ 0.016451274512489, 51.593844125392231 ], [ 0.016426358060325, 51.593849418445245 ], [ 0.016415401529501, 51.593851742415602 ], [ 0.01632993885611, 51.593869896355415 ], [ 0.016286472269213, 51.593878835306917 ], [ 0.016280434628166, 51.593880081083704 ], [ 0.016267586258037, 51.593882720805581 ], [ 0.01625785709942, 51.593884722424896 ], [ 0.016083733620615, 51.593920545384783 ], [ 0.015992307946206, 51.593939354541135 ], [ 0.01598385202099, 51.593941091467961 ], [ 0.015926879202565, 51.593952816157667 ], [ 0.015912457346487, 51.593955788612504 ], [ 0.015858760421783, 51.593966827522294 ], [ 0.015840933177771, 51.593970496928655 ], [ 0.015759293407685, 51.593987285353577 ], [ 0.015748391331298, 51.593989536383681 ], [ 0.015738361742559, 51.593991601569691 ], [ 0.015716141985947, 51.593996173710401 ], [ 0.015710776413793, 51.593997273026197 ], [ 0.015691289534658, 51.594001285651338 ], [ 0.015630238669337, 51.594013844595366 ], [ 0.015590076981772, 51.594022106036384 ], [ 0.015570990456391, 51.594026030832502 ], [ 0.01551737951878, 51.594037059111102 ], [ 0.015506762974202, 51.594039237770481 ], [ 0.015475200680766, 51.594045741830726 ], [ 0.015456915285739, 51.594049499977032 ], [ 0.015380111774854, 51.594065305824714 ], [ 0.015372943493478, 51.594066777796399 ], [ 0.015340908646777, 51.594073370866511 ], [ 0.015333382868625, 51.594074920914686 ], [ 0.01520165161549, 51.594102020216376 ], [ 0.01519509851456, 51.59410336471111 ], [ 0.015136236600021, 51.594115476643864 ], [ 0.015089686132318, 51.594125048103095 ], [ 0.015010429729156, 51.594141355320801 ], [ 0.014983088131121, 51.594146977885323 ], [ 0.014975133283946, 51.594148616334635 ], [ 0.014964846365783, 51.594150735491567 ], [ 0.01491175138145, 51.594161656546611 ], [ 0.014862848408774, 51.594171714201963 ], [ 0.014682746644527, 51.594208778030378 ], [ 0.014632005029689, 51.594219213385806 ], [ 0.014624207258506, 51.594220813140865 ], [ 0.014607875495389, 51.594224178171125 ], [ 0.014521043509275, 51.594242045369015 ], [ 0.014502200506397, 51.594245921137983 ], [ 0.014482756346794, 51.594249915141717 ], [ 0.014456504597454, 51.594255046743946 ], [ 0.014426946497404, 51.594260828646981 ], [ 0.014370120268565, 51.594271939434506 ], [ 0.014364280261379, 51.594273082890624 ], [ 0.014261241880781, 51.59429323811338 ], [ 0.014227482061941, 51.594299829525504 ], [ 0.014196492547978, 51.594305892241557 ], [ 0.014133139253303, 51.59431828405075 ], [ 0.014126698077699, 51.594319545730535 ], [ 0.01410304423111, 51.594324169510848 ], [ 0.013943379717746, 51.594355400146284 ], [ 0.013935764674074, 51.59435688880388 ], [ 0.013883904934662, 51.594367023782659 ], [ 0.013867472524726, 51.594370237558508 ], [ 0.01386234826583, 51.594371242800371 ], [ 0.013843725640262, 51.594374880866042 ], [ 0.013705968112857, 51.594401823179432 ], [ 0.01360698710198, 51.5944211842165 ], [ 0.013597081623464, 51.594423116844993 ], [ 0.013551992559436, 51.594431934901785 ], [ 0.013506016164649, 51.594440930041785 ], [ 0.013462916696727, 51.594449358694419 ], [ 0.013457677798059, 51.594450383870914 ], [ 0.013445940371692, 51.594452680664453 ], [ 0.013430108853749, 51.594455771651049 ], [ 0.013396299068158, 51.594462381651532 ], [ 0.013251469709785, 51.594490703771989 ], [ 0.013249914760143, 51.594487861853544 ], [ 0.01324809112231, 51.59448449398927 ], [ 0.013209215333077, 51.594412744643336 ], [ 0.01311937705853, 51.594176897911602 ], [ 0.013110206002506, 51.59415281601791 ], [ 0.013040373829463, 51.594167251851417 ], [ 0.013017082133204, 51.594172067029149 ], [ 0.013012732551006, 51.594172960017552 ], [ 0.012999670170778, 51.594175657200793 ], [ 0.012912068451172, 51.59419376120028 ], [ 0.012885350115815, 51.594199282633205 ], [ 0.01286361057879, 51.594203774381178 ], [ 0.01279496532705, 51.594217955878946 ], [ 0.012766737249229, 51.594223781965773 ], [ 0.012750176949896, 51.594227042741196 ], [ 0.012611609151136, 51.594254276432871 ], [ 0.012491433843658, 51.59427789404139 ], [ 0.012480756049263, 51.594279992702056 ], [ 0.012448178809834, 51.594286396929164 ], [ 0.012440306423255, 51.594287943858895 ], [ 0.012263141371187, 51.59432258389154 ], [ 0.012278753647419, 51.59440571252113 ], [ 0.012296223221425, 51.594498853913542 ], [ 0.01231679649534, 51.594598520067393 ], [ 0.012340987256784, 51.594715686517695 ], [ 0.012377369013562, 51.594936241987867 ], [ 0.012378158081583, 51.594941030447941 ], [ 0.012379197423915, 51.594947235429949 ], [ 0.012417776906144, 51.595181250949139 ], [ 0.012437698603376, 51.595302101156655 ], [ 0.012440341277388, 51.595318125424662 ], [ 0.012440834156803, 51.59532111147287 ], [ 0.012458520165062, 51.595427630014044 ], [ 0.012459893550778, 51.595434336441542 ], [ 0.012468274855412, 51.595486327598117 ], [ 0.012470124096579, 51.595497464563344 ], [ 0.012482953666107, 51.595574777835012 ], [ 0.012502062456348, 51.59568931126784 ], [ 0.012502962464737, 51.595695302820936 ], [ 0.012506007022839, 51.595713559328281 ], [ 0.012506354583238, 51.595716197162361 ], [ 0.012513133346048, 51.595767338151241 ], [ 0.012520692355627, 51.595824373830972 ], [ 0.012521065462084, 51.595827263017014 ], [ 0.012521637564018, 51.595831551619995 ], [ 0.012523633138762, 51.595846489906762 ], [ 0.012531020382869, 51.595902251597721 ], [ 0.012531734702269, 51.595907634846647 ], [ 0.012536384996924, 51.595942625840735 ], [ 0.012538486400548, 51.595958488540226 ], [ 0.012545102451859, 51.596008395851776 ], [ 0.012548275944273, 51.596032346903094 ], [ 0.012550700968018, 51.596050632027392 ], [ 0.012560133859141, 51.5961216458848 ], [ 0.012544119646076, 51.596188258449942 ], [ 0.01254291870384, 51.596193265405809 ], [ 0.01253899833311, 51.596209595636353 ], [ 0.012538058942139, 51.596213496521237 ], [ 0.012534632216224, 51.596265343195668 ], [ 0.012533574955428, 51.59628144444428 ], [ 0.012533176645167, 51.596287624638094 ], [ 0.01253400398875, 51.596296872727351 ], [ 0.012534921202545, 51.596306847667833 ], [ 0.012540571534356, 51.596369698286203 ], [ 0.012541979984922, 51.59638523565777 ], [ 0.012550266164398, 51.5964427129828 ], [ 0.01255267904771, 51.59645941563371 ], [ 0.012553468695059, 51.596464869530223 ], [ 0.012563657228766, 51.596535663594246 ], [ 0.012570775208377, 51.596585000262131 ], [ 0.012571818989444, 51.596592284270088 ], [ 0.01257933142028, 51.596644338900347 ], [ 0.012595712237506, 51.596757894007837 ], [ 0.012596403156219, 51.596762747100364 ], [ 0.012606037258036, 51.59682948606477 ], [ 0.012606435265731, 51.596832284898547 ], [ 0.012606845318749, 51.596835029570556 ], [ 0.012608453763282, 51.596846269586599 ], [ 0.012622439013363, 51.596943184694638 ], [ 0.012625067310846, 51.596961493309237 ], [ 0.012625874185863, 51.596967009857885 ], [ 0.012638052385126, 51.597051456384555 ], [ 0.012638847218605, 51.597057027094948 ], [ 0.012640385000713, 51.597067647840433 ], [ 0.012645546596492, 51.597103421404057 ], [ 0.012646560889239, 51.597110364202855 ], [ 0.01265970781094, 51.597201700356123 ], [ 0.012693680169244, 51.597437233773746 ], [ 0.01269417772785, 51.597440651382691 ], [ 0.012702606455169, 51.597499056990927 ], [ 0.012704250958729, 51.597510458253936 ], [ 0.012714079217392, 51.597578641684585 ], [ 0.012714738662781, 51.597583108639469 ], [ 0.012737759121915, 51.597742663420377 ], [ 0.012777503698895, 51.598018285333197 ], [ 0.012781985855161, 51.598061876058395 ], [ 0.012785192639621, 51.598092944114569 ], [ 0.012793958178494, 51.598178240548705 ], [ 0.01280742570784, 51.598308832513823 ], [ 0.012836730530058, 51.598593572133616 ], [ 0.012837641522702, 51.598602423118166 ], [ 0.012839183274747, 51.598617378187321 ], [ 0.012845858081333, 51.598682153617077 ], [ 0.012846519950818, 51.59868863485336 ], [ 0.01284897442427, 51.598711172933342 ], [ 0.013005995237885, 51.598757433711782 ], [ 0.01301477294955, 51.598760016805407 ], [ 0.013066948231111, 51.598769633683631 ], [ 0.013129393895336, 51.598772482771111 ], [ 0.01319862550043, 51.598775647005382 ], [ 0.013376318365402, 51.598759072530015 ], [ 0.013387434084002, 51.59875803644595 ], [ 0.01340360282203, 51.598769395246912 ], [ 0.013412428987476, 51.598774706710088 ], [ 0.013644396110762, 51.598786808123855 ], [ 0.013649801008884, 51.59878593299414 ], [ 0.013721943245851, 51.598774263252139 ], [ 0.013744939594622, 51.598770550239095 ], [ 0.013809143581442, 51.598749160909001 ], [ 0.013828255639739, 51.598739894234122 ], [ 0.013898935871809, 51.59870561528998 ], [ 0.013914612556172, 51.598698008247446 ], [ 0.013926700696763, 51.598690229006799 ], [ 0.013930912742306, 51.598687521882319 ], [ 0.013978818521017, 51.598711114107729 ], [ 0.014029185836815, 51.598728657046109 ], [ 0.014041959103189, 51.598733104858354 ], [ 0.014178370662011, 51.598762582731418 ], [ 0.014462496054499, 51.598734615470327 ], [ 0.014485131417734, 51.598765340911335 ], [ 0.014495446055282, 51.598779327013901 ], [ 0.014501099494566, 51.598787008466218 ], [ 0.014775341763435, 51.598776188077203 ] ] ] } },
{ "type": "Feature", "properties": { "lsoa21cd": "E01003670", "lsoa21nm": "Redbridge 007C", "msoa21cd": "E02000757", "msoa21nm": "Redbridge 007", "lad22cd": "E09000026", "lad22nm": "Redbridge", "index_right": 343, "GSS_CODE": "E05000597", "risk_score": 0.00016109820798803902, "allocation_hours": 0.0023711742944420842, "patrol_units": 0 }, "geometry": { "type": "Polygon", "coordinates": [ [ [ 0.01896323855451, 51.603869473381238 ], [ 0.018994303971406, 51.60375331197509 ], [ 0.019248888041745, 51.603869218984009 ], [ 0.01931108619761, 51.60389753711474 ], [ 0.019317674825019, 51.603900544233618 ], [ 0.019497017814313, 51.603982187972775 ], [ 0.019548250540378, 51.604005514845809 ], [ 0.019562399789626, 51.604011952975746 ], [ 0.019578170656458, 51.604019136574955 ], [ 0.019586306788164, 51.604022845461735 ], [ 0.019598598765653, 51.604028434258709 ], [ 0.019600922469492, 51.604031658609536 ], [ 0.019747688260446, 51.60423568547678 ], [ 0.019760662491502, 51.604253717307984 ], [ 0.019805973401487, 51.604316713503643 ], [ 0.019814853995721, 51.604329060474193 ], [ 0.019908599427929, 51.604459369484182 ], [ 0.020026232592149, 51.604622890851815 ], [ 0.020029249198228, 51.604627083468948 ], [ 0.02023251877383, 51.604909623380742 ], [ 0.02027986517845, 51.604908808667268 ], [ 0.020300197723973, 51.604908458789041 ], [ 0.020361144886373, 51.604907248134474 ], [ 0.02039189630503, 51.604906395213149 ], [ 0.020400422722825, 51.604906203521473 ], [ 0.02047878460002, 51.604880556908327 ], [ 0.020483317171288, 51.604879534679547 ], [ 0.020805741294247, 51.6047739065408 ], [ 0.021030387841899, 51.604700301826945 ], [ 0.021036295057732, 51.604698365642882 ], [ 0.021093303511346, 51.604679686781004 ], [ 0.021179899254296, 51.60465736010903 ], [ 0.021407577322693, 51.6045985493015 ], [ 0.021474362794268, 51.604540377147877 ], [ 0.021484164611433, 51.604531836242003 ], [ 0.021557449801682, 51.604468003673212 ], [ 0.02156608374446, 51.604460481051269 ], [ 0.021593376300174, 51.604436711199959 ], [ 0.021682504170325, 51.604382650520201 ], [ 0.021694091775389, 51.604375625577326 ], [ 0.021754376934833, 51.604339048583647 ], [ 0.021781672391607, 51.604322499718563 ], [ 0.021788197592815, 51.604318547497044 ], [ 0.021793049499469, 51.604315613279887 ], [ 0.021861504517239, 51.604274075487872 ], [ 0.021865075994196, 51.604271900714046 ], [ 0.02189730665134, 51.60425234422511 ], [ 0.021949338098619, 51.604220801260738 ], [ 0.022137072423861, 51.604099836403478 ], [ 0.022198531586595, 51.604161852147897 ], [ 0.022267250015727, 51.604153231598985 ], [ 0.022284253547284, 51.604151095225419 ], [ 0.02246309416144, 51.604128671413328 ], [ 0.022479508830329, 51.604126608103741 ], [ 0.022578917149617, 51.604114140401997 ], [ 0.022596624536065, 51.604111919916114 ], [ 0.022820558384874, 51.604083826704439 ], [ 0.02283887973812, 51.6040772251839 ], [ 0.022936916855514, 51.60404171020226 ], [ 0.022919530422747, 51.60395367964184 ], [ 0.022915678630455, 51.603952145321173 ], [ 0.02290813737285, 51.603949154816185 ], [ 0.022631260315833, 51.603839089256944 ], [ 0.022620047510189, 51.603835694370225 ], [ 0.022433253023855, 51.603779192228224 ], [ 0.022420602090548, 51.603770894133852 ], [ 0.022306610274544, 51.603727004295258 ], [ 0.022294907639456, 51.603723959535373 ], [ 0.022257768409235, 51.603714284709568 ], [ 0.022135381592733, 51.603664918914532 ], [ 0.022131412299101, 51.603663989098671 ], [ 0.022085632169783, 51.603653222064523 ], [ 0.02206898786654, 51.603651413451402 ], [ 0.02206007830364, 51.603650451816314 ], [ 0.022056305502679, 51.603649068982136 ], [ 0.021967416488923, 51.603616472859215 ], [ 0.021955335411647, 51.60361401011199 ], [ 0.021920198851223, 51.603606827619615 ], [ 0.021916409972108, 51.60360573282211 ], [ 0.02185527449637, 51.603588036041948 ], [ 0.021820427908736, 51.603577952898966 ], [ 0.021809302764755, 51.603575878343023 ], [ 0.021790158174156, 51.603567197414748 ], [ 0.021680451056648, 51.60351749589212 ], [ 0.021656086749359, 51.603511593622258 ], [ 0.021639561774288, 51.603507593188375 ], [ 0.021628501328423, 51.603503723471519 ], [ 0.021613909565198, 51.603494478515344 ], [ 0.021572570878784, 51.603468279886982 ], [ 0.021444449399298, 51.60342697510292 ], [ 0.021429756695254, 51.60342390979973 ], [ 0.021348538627535, 51.603406963204819 ], [ 0.02133722761567, 51.603404604040577 ], [ 0.021100989421645, 51.603328564778487 ], [ 0.021085273749688, 51.603320022545951 ], [ 0.021078333318112, 51.60331624821584 ], [ 0.021177151063829, 51.603231329236948 ], [ 0.02118272851264, 51.603227825009981 ], [ 0.021283247125515, 51.603164629829074 ], [ 0.021299543665773, 51.603154385421057 ], [ 0.021417348015183, 51.603115419916548 ], [ 0.021669820786213, 51.603075637152727 ], [ 0.021682426024654, 51.60307364854183 ], [ 0.021691097685304, 51.60307722216443 ], [ 0.021738589622428, 51.603090455323972 ], [ 0.021829319803584, 51.603127628627725 ], [ 0.021874266227452, 51.603145972918355 ], [ 0.022042344898081, 51.603214569625379 ], [ 0.022068980107176, 51.603225432605242 ], [ 0.022113117906241, 51.603243449013142 ], [ 0.022121295450719, 51.603246788313939 ], [ 0.022227146527579, 51.603289986725521 ], [ 0.022235838918563, 51.603293537469916 ], [ 0.022297876279551, 51.603318862252536 ], [ 0.022339998624709, 51.603336041007942 ], [ 0.022415934753635, 51.603367034473138 ], [ 0.022467923875551, 51.60338526621333 ], [ 0.022487558838309, 51.603392144553865 ], [ 0.022519840154267, 51.603396008322413 ], [ 0.022538746637306, 51.603398029693345 ], [ 0.022634380547112, 51.603408225437455 ], [ 0.022688897517676, 51.603411521730088 ], [ 0.022736000785612, 51.603414370199708 ], [ 0.022750989357971, 51.603415155106319 ], [ 0.022814628395881, 51.603409085718432 ], [ 0.022820423310245, 51.603408527249584 ], [ 0.022865260230821, 51.603404247586823 ], [ 0.0228816732828, 51.603400529601231 ], [ 0.022942835190073, 51.60338665225558 ], [ 0.022993932621026, 51.603375070562628 ], [ 0.023002496097471, 51.603371820544659 ], [ 0.023077807572082, 51.603343266134132 ], [ 0.023093344306925, 51.603337378009009 ], [ 0.023136831534486, 51.603315082275053 ], [ 0.023172581671148, 51.603296759710858 ], [ 0.023220417772892, 51.603272239762241 ], [ 0.023230645797838, 51.603266802809493 ], [ 0.023308886200334, 51.603225203414816 ], [ 0.023345213140402, 51.603205890658622 ], [ 0.023383162337226, 51.603185713616867 ], [ 0.023411603466636, 51.60317060141859 ], [ 0.023469697875498, 51.603139708639212 ], [ 0.023532800553657, 51.603106157614768 ], [ 0.023610687644773, 51.603064743954619 ], [ 0.023624922166228, 51.603057178594696 ], [ 0.023696686772057, 51.603019026821684 ], [ 0.023704459824494, 51.603014891112309 ], [ 0.023739940214326, 51.602996033461309 ], [ 0.023808134989873, 51.602959768658408 ], [ 0.023912790598131, 51.602904130116599 ], [ 0.023935200287902, 51.602892219727181 ], [ 0.023962116994616, 51.602877907037893 ], [ 0.023988159016485, 51.602864059053431 ], [ 0.024015471332371, 51.602849550685903 ], [ 0.024024556327257, 51.602844717888949 ], [ 0.024031304582896, 51.602840757195949 ], [ 0.024104006828816, 51.602798214082796 ], [ 0.024126484121529, 51.602785066002518 ], [ 0.024134773855874, 51.602780210937262 ], [ 0.024144738370919, 51.602774373776739 ], [ 0.024232901640664, 51.602722791696635 ], [ 0.024244189356656, 51.602716185323963 ], [ 0.024306187355501, 51.602679901169623 ], [ 0.024362246184827, 51.602647100622498 ], [ 0.024373801233572, 51.602640336752444 ], [ 0.024404427346318, 51.602622416897162 ], [ 0.024420646475532, 51.602611750726638 ], [ 0.024439671203939, 51.602599228654704 ], [ 0.024481733613434, 51.60257155239983 ], [ 0.02448456727661, 51.602569678030434 ], [ 0.024497488916706, 51.60256117298826 ], [ 0.024554871603123, 51.602523403565826 ], [ 0.024565814989701, 51.602516200592142 ], [ 0.024590662076356, 51.602499846144369 ], [ 0.02459756482114, 51.602495302728265 ], [ 0.02461500406655, 51.602483824136577 ], [ 0.02461992862244, 51.602480259060393 ], [ 0.024641710905348, 51.602464479027667 ], [ 0.024657001667448, 51.602453397186572 ], [ 0.024677944726832, 51.602438229630131 ], [ 0.024730938376749, 51.602399838880594 ], [ 0.024801657633509, 51.602348620147112 ], [ 0.02483260337139, 51.602326207336276 ], [ 0.024884240062971, 51.602288806626561 ], [ 0.024898439977425, 51.602278525926572 ], [ 0.024929315470882, 51.60225615926381 ], [ 0.024987163246134, 51.602214253977486 ], [ 0.025023285030687, 51.602188091830861 ], [ 0.025034700951683, 51.60217982852209 ], [ 0.025074677927029, 51.602148788799006 ], [ 0.025151895081228, 51.602088815833909 ], [ 0.025171786287387, 51.602073383061381 ], [ 0.025194956870273, 51.602055384768683 ], [ 0.025267986795539, 51.601998676341225 ], [ 0.025271378414591, 51.601996036944954 ], [ 0.025338671153986, 51.601943779880784 ], [ 0.025365224431559, 51.601878161120325 ], [ 0.025238900908867, 51.601839594701069 ], [ 0.02513898693823, 51.601809088620357 ], [ 0.02510977319337, 51.601803558487532 ], [ 0.025048214608735, 51.601791904738711 ], [ 0.025040602694272, 51.60179186517675 ], [ 0.024859172508699, 51.601790902875045 ], [ 0.024846057377942, 51.601790832319814 ], [ 0.024802076878094, 51.60179776880176 ], [ 0.024795581528263, 51.601791990647754 ], [ 0.024790574255859, 51.601787526731997 ], [ 0.024784213336525, 51.601783796580698 ], [ 0.024674149679896, 51.601719239171729 ], [ 0.024658304089942, 51.601713622263198 ], [ 0.02465246524903, 51.601711564724816 ], [ 0.024641193670244, 51.601710086479727 ], [ 0.0243161241818, 51.601667887183922 ], [ 0.024266326091941, 51.601685256318952 ], [ 0.024243147416751, 51.601693335686527 ], [ 0.024237542436669, 51.601690042103954 ], [ 0.024077121753573, 51.601595516641055 ], [ 0.024073094131507, 51.601594246177399 ], [ 0.024024118600643, 51.601578804876091 ], [ 0.024012628989978, 51.601577618094474 ], [ 0.023906959548757, 51.601566706242025 ], [ 0.02383364108076, 51.60155913941361 ], [ 0.02378352158568, 51.601572853880285 ], [ 0.023756243426267, 51.601580320379178 ], [ 0.023749119739046, 51.601574696882189 ], [ 0.023662062218763, 51.601505929079281 ], [ 0.02364181328661, 51.601496107441335 ], [ 0.023454507782033, 51.601405182988174 ], [ 0.023425403605788, 51.601391062582799 ], [ 0.023437565332885, 51.601376185979298 ], [ 0.023440072479933, 51.60137313922661 ], [ 0.02349878700026, 51.601340005539626 ], [ 0.023509718499539, 51.601333837020313 ], [ 0.023579853200522, 51.601287664965291 ], [ 0.023607113826411, 51.601251224528369 ], [ 0.023648404184771, 51.601205549613162 ], [ 0.023648026057673, 51.601197044599033 ], [ 0.023660436441709, 51.601151386380351 ], [ 0.023655242932374, 51.601034571604949 ], [ 0.023650172461429, 51.60101958734441 ], [ 0.023669805745527, 51.600992181076052 ], [ 0.023697447208714, 51.6009535938014 ], [ 0.023921606236988, 51.600953011907677 ], [ 0.023948302990877, 51.60095293834565 ], [ 0.024129469905053, 51.60092889803245 ], [ 0.024134896563573, 51.600928183976912 ], [ 0.024167602656526, 51.600826848552252 ], [ 0.024166917688991, 51.600805925497177 ], [ 0.024166703323485, 51.600799481470567 ], [ 0.024167762187637, 51.600794067630069 ], [ 0.024169300758834, 51.600786127579411 ], [ 0.024173898799921, 51.600762559525897 ], [ 0.024174838043994, 51.600703702690964 ], [ 0.02417525206545, 51.600687132908419 ], [ 0.024175182165232, 51.600679391450704 ], [ 0.024175083443363, 51.600668404146958 ], [ 0.024171643588261, 51.600648526773817 ], [ 0.024169487320528, 51.600636082167632 ], [ 0.024165932579123, 51.600630019470053 ], [ 0.024156944719669, 51.600606015709452 ], [ 0.024128383855747, 51.600564490034607 ], [ 0.024126020410529, 51.600557777311337 ], [ 0.02409264210347, 51.600462788209171 ], [ 0.024092318991546, 51.600454871302496 ], [ 0.024090730154877, 51.600416212545817 ], [ 0.024083868789699, 51.600402194481894 ], [ 0.024078897468236, 51.600392037625539 ], [ 0.024074303938357, 51.600385830997965 ], [ 0.024057862943239, 51.600363561025141 ], [ 0.024054451961843, 51.600353422229297 ], [ 0.024041275185222, 51.600314279821525 ], [ 0.024036725496772, 51.600307110229139 ], [ 0.023999935960057, 51.600249054325396 ], [ 0.023994995344358, 51.600218312884557 ], [ 0.023988982845384, 51.60020633498997 ], [ 0.023985011072895, 51.600200958448092 ], [ 0.023975815431649, 51.600183316140594 ], [ 0.023926278774196, 51.600084568168548 ], [ 0.023985462135876, 51.600042694467341 ], [ 0.023989423927878, 51.60004086361495 ], [ 0.023998020001684, 51.60004031074655 ], [ 0.024065708014641, 51.600035942377261 ], [ 0.024196592171261, 51.600027507785597 ], [ 0.024312458110497, 51.600020033434213 ], [ 0.024501771890414, 51.600007830233338 ], [ 0.024490894784871, 51.59996747916869 ], [ 0.024485767293167, 51.59996485182662 ], [ 0.024481133063388, 51.599921686331193 ], [ 0.024469444403051, 51.599860486429158 ], [ 0.024447024055878, 51.599681021067177 ], [ 0.024467308156342, 51.599680284589439 ], [ 0.024508664192292, 51.5996708755561 ], [ 0.024508452411634, 51.599666113130191 ], [ 0.02448547297055, 51.599149353955028 ], [ 0.024417618388167, 51.599165856502886 ], [ 0.024318807801679, 51.599189889062387 ], [ 0.024286250934994, 51.599195513302384 ], [ 0.024185126157523, 51.599212967097202 ], [ 0.024110513158406, 51.599218417187522 ], [ 0.024094345111764, 51.599218516107385 ], [ 0.023963935612105, 51.599219384201454 ], [ 0.023937875304945, 51.599217185183456 ], [ 0.023724799201365, 51.599345082294874 ], [ 0.023719852765934, 51.599346525447444 ], [ 0.023649586985933, 51.59936694490586 ], [ 0.023634818608678, 51.599371246152387 ], [ 0.023499207077003, 51.599393808094526 ], [ 0.023474005457344, 51.599393711925671 ], [ 0.023351058037107, 51.599393218714312 ], [ 0.023149282581277, 51.599370595263856 ], [ 0.02307714264527, 51.599398888207865 ], [ 0.022647768643158, 51.599517336404155 ], [ 0.022520810281308, 51.599552355700936 ], [ 0.022387465070983, 51.5995804526789 ], [ 0.022148855562037, 51.599630703969488 ], [ 0.021967405369692, 51.599639494664586 ], [ 0.021961540836931, 51.59963977552448 ], [ 0.02187353154432, 51.599644034061761 ], [ 0.021860679026074, 51.599644660083598 ], [ 0.021708779639429, 51.599644016289581 ], [ 0.02160815111796, 51.599643586493549 ], [ 0.02159996201665, 51.599643547662325 ], [ 0.02156558918837, 51.599643411174164 ], [ 0.021441845250619, 51.599642880196363 ], [ 0.021328682705689, 51.599627320148102 ], [ 0.021154776270282, 51.599603399580445 ], [ 0.021078190644796, 51.599605095794487 ], [ 0.021052109551241, 51.59963300813633 ], [ 0.020990176933615, 51.599737426026714 ], [ 0.020984631907421, 51.5997410016125 ], [ 0.020976335411372, 51.599746351139494 ], [ 0.020957330292342, 51.59976126427167 ], [ 0.020875042915417, 51.599825799702373 ], [ 0.020850651651507, 51.599844942117436 ], [ 0.020817058519878, 51.599889053440563 ], [ 0.020812379421471, 51.599895221958249 ], [ 0.020789663898594, 51.599959604137254 ], [ 0.020738030175408, 51.600015316146319 ], [ 0.020717430019264, 51.600051231868335 ], [ 0.020706619006829, 51.600064673008774 ], [ 0.020684087623221, 51.600123611480861 ], [ 0.020676586467348, 51.600135008288355 ], [ 0.020674696206391, 51.600138943601195 ], [ 0.020670358719625, 51.600147929899919 ], [ 0.020590799553301, 51.600249561957774 ], [ 0.020533688427608, 51.600297373731195 ], [ 0.020529775041177, 51.600300624454832 ], [ 0.020526406792189, 51.600309000555328 ], [ 0.020497275427086, 51.600355400018032 ], [ 0.02048902668141, 51.600373868846333 ], [ 0.020487581479675, 51.600378722730454 ], [ 0.020481676202822, 51.600388500370876 ], [ 0.020478273287912, 51.600394143323882 ], [ 0.020473981059777, 51.600401222408564 ], [ 0.020458595225822, 51.600435227334359 ], [ 0.020449547697194, 51.600455220657985 ], [ 0.020421985708142, 51.600491107747061 ], [ 0.020412730343532, 51.600503164202401 ], [ 0.020403535249549, 51.600541788434192 ], [ 0.02038994085038, 51.600560353870861 ], [ 0.020349203449948, 51.600634488775142 ], [ 0.020302679588991, 51.600647879091291 ], [ 0.020258162476229, 51.60067427417237 ], [ 0.020246962838952, 51.600680914617534 ], [ 0.02003047044158, 51.600775150733263 ], [ 0.020046250973937, 51.600923140721534 ], [ 0.020050242629899, 51.600960535341351 ], [ 0.019924369640977, 51.600939931779386 ], [ 0.01987441695353, 51.600931708674473 ], [ 0.019838181886338, 51.600925749491594 ], [ 0.019561798433108, 51.600880244478766 ], [ 0.019529336380782, 51.600956718688046 ], [ 0.019522904591076, 51.600971882991914 ], [ 0.019509673658757, 51.601003045239544 ], [ 0.019501035790048, 51.601019911127501 ], [ 0.01947949502055, 51.601061989486951 ], [ 0.019469610681793, 51.60107517185002 ], [ 0.01946445701606, 51.601082040944512 ], [ 0.019460162160553, 51.601087762194481 ], [ 0.019446871414849, 51.601099676737981 ], [ 0.019442074956444, 51.601110366050996 ], [ 0.01944610978622, 51.601137841072067 ], [ 0.019447700838553, 51.601148640830232 ], [ 0.019431060885667, 51.601188242838205 ], [ 0.019379722163868, 51.601333007994377 ], [ 0.019349107720767, 51.601333899684398 ], [ 0.019350066155803, 51.601315532838861 ], [ 0.019126525661066, 51.601321958532431 ], [ 0.0190327971385, 51.601324649614845 ], [ 0.019016399335231, 51.60132512046593 ], [ 0.018943077970244, 51.601327226709955 ], [ 0.018832461414503, 51.601330405893648 ], [ 0.018787609232324, 51.601331698742058 ], [ 0.018675175348563, 51.601334927012743 ], [ 0.018621886364038, 51.601336463785458 ], [ 0.018592162596546, 51.601337316582281 ], [ 0.0185712796423, 51.601337918444813 ], [ 0.018471516605761, 51.601347484283515 ], [ 0.018449056437652, 51.601349641988065 ], [ 0.018383343351122, 51.601355942527015 ], [ 0.018354139109835, 51.601358742227994 ], [ 0.018346853943942, 51.601359393543476 ], [ 0.018340038941149, 51.601359249920556 ], [ 0.018299951676274, 51.601360208870247 ], [ 0.01826464092944, 51.6013610946844 ], [ 0.018254630532113, 51.601361347709293 ], [ 0.018193370012549, 51.601367760441441 ], [ 0.018180433379102, 51.601369106908699 ], [ 0.018154014582453, 51.601371872165153 ], [ 0.018088441554297, 51.601378727673321 ], [ 0.018081240324134, 51.601379480944608 ], [ 0.018037012435831, 51.601384108031063 ], [ 0.017983686562446, 51.60139426008358 ], [ 0.017973448695504, 51.6013952453971 ], [ 0.017966661530595, 51.601395892625099 ], [ 0.017933057180483, 51.601399114069096 ], [ 0.017860247759828, 51.60140381420026 ], [ 0.017844524174577, 51.601407605066868 ], [ 0.017824738249763, 51.601409500864108 ], [ 0.017758838195003, 51.601415822250111 ], [ 0.017735860090679, 51.601418024689664 ], [ 0.017715629463299, 51.601417706932708 ], [ 0.017699473362218, 51.601419396442289 ], [ 0.017687442563205, 51.601420655345777 ], [ 0.017651928082936, 51.601426067767257 ], [ 0.017590743693246, 51.601431921331653 ], [ 0.01757942758642, 51.601433015066981 ], [ 0.017567924965107, 51.601433158788183 ], [ 0.017543130239696, 51.601435752114035 ], [ 0.017537320431995, 51.601436458958382 ], [ 0.017529013956852, 51.601437851680465 ], [ 0.017521842345118, 51.601437970428073 ], [ 0.017478591553716, 51.601442490585143 ], [ 0.017456614227334, 51.601444792675899 ], [ 0.017356860069398, 51.601455220701041 ], [ 0.017347301550615, 51.601456221263931 ], [ 0.017291574580154, 51.601462052835032 ], [ 0.017212533085664, 51.601470317312163 ], [ 0.017119103065039, 51.601480078927871 ], [ 0.017104442002002, 51.601481616771309 ], [ 0.017096867165482, 51.601482412371361 ], [ 0.017001180433291, 51.601492410503589 ], [ 0.0169942380985, 51.601493141274553 ], [ 0.01691516763148, 51.601501406047916 ], [ 0.016907521039045, 51.601502211861046 ], [ 0.016882280514798, 51.601504848675589 ], [ 0.01680019176877, 51.601513435002119 ], [ 0.016689426945677, 51.601525013816392 ], [ 0.016675743072599, 51.601526444893679 ], [ 0.016601889668912, 51.601534152220921 ], [ 0.016501057667394, 51.601544705939823 ], [ 0.01648665509621, 51.601546212287808 ], [ 0.016421958152892, 51.601552970877734 ], [ 0.016333587835376, 51.601562213315056 ], [ 0.016328542602657, 51.601562740604237 ], [ 0.016263356998655, 51.60156955246191 ], [ 0.016176452845701, 51.60157864370327 ], [ 0.01611050521843, 51.601585531510452 ], [ 0.016105747773467, 51.601586035862596 ], [ 0.01604825241025, 51.601592050082523 ], [ 0.016034108343875, 51.601593524957636 ], [ 0.015908638674061, 51.60160664148929 ], [ 0.015903780218133, 51.601607147567677 ], [ 0.015890139183493, 51.601608568824588 ], [ 0.015789522480907, 51.601619100246204 ], [ 0.015767616326305, 51.601621382811402 ], [ 0.015763462523698, 51.601621822829365 ], [ 0.015750511707008, 51.60162317826326 ], [ 0.015702531551858, 51.60162819262441 ], [ 0.015683155426038, 51.601630215911769 ], [ 0.015667907305078, 51.60163349922999 ], [ 0.015600748700887, 51.601655110476962 ], [ 0.015554296107434, 51.601673425616404 ], [ 0.01554301286828, 51.601677872837726 ], [ 0.015538499492416, 51.601679649928819 ], [ 0.015526507110192, 51.601684388094334 ], [ 0.015472163353876, 51.601705815232421 ], [ 0.015455018592541, 51.601712575256926 ], [ 0.015448872872565, 51.601714991865549 ], [ 0.015430692256808, 51.601722165344455 ], [ 0.015390044911701, 51.601738204543921 ], [ 0.015379087948786, 51.601742520251314 ], [ 0.015334288761932, 51.601760186427406 ], [ 0.015323779156848, 51.601764332582917 ], [ 0.015320259120277, 51.601765714923545 ], [ 0.015243518942744, 51.60179597048122 ], [ 0.015210208604479, 51.601809104953965 ], [ 0.015088094447939, 51.601857261199392 ], [ 0.015042734590513, 51.601875143955148 ], [ 0.015033511755515, 51.601864807959856 ], [ 0.014935794598729, 51.601901350488745 ], [ 0.014951342002646, 51.601923097423352 ], [ 0.015017916247186, 51.602016160801114 ], [ 0.015485663601822, 51.602670096014592 ], [ 0.015528212836528, 51.602729598122153 ], [ 0.015531584263038, 51.602734315323978 ], [ 0.015763000129012, 51.60305781749031 ], [ 0.016105560845516, 51.603528427354682 ], [ 0.016264358933728, 51.6037466040246 ], [ 0.016268372009654, 51.603752110529726 ], [ 0.016326942729082, 51.603832568784824 ], [ 0.016341519436013, 51.603852578813942 ], [ 0.016531242331327, 51.604113213240069 ], [ 0.016731684768166, 51.604388555014815 ], [ 0.016740065745575, 51.604400074478463 ], [ 0.016777493525279, 51.604451471846531 ], [ 0.016795700783392, 51.604476491293745 ], [ 0.016815676263242, 51.604503935348681 ], [ 0.016827332842703, 51.604519957795716 ], [ 0.016910487003333, 51.604634192400148 ], [ 0.016967175622275, 51.604712047842071 ], [ 0.016981384270454, 51.604731560530894 ], [ 0.017067115625128, 51.604849347801292 ], [ 0.017071005091635, 51.604854667558584 ], [ 0.017080332825613, 51.604868319969484 ], [ 0.017115268189025, 51.604919508261077 ], [ 0.017123082592055, 51.60493094750629 ], [ 0.017134464230659, 51.604947604131034 ], [ 0.017143004670215, 51.604960110015476 ], [ 0.017155994233395, 51.604979158027461 ], [ 0.017157662255025, 51.604981602339677 ], [ 0.017210959721756, 51.605059659813577 ], [ 0.017298414230115, 51.605160906863645 ], [ 0.017302661022915, 51.605165815805954 ], [ 0.017326500446891, 51.605193427193875 ], [ 0.017344493839993, 51.605214259672621 ], [ 0.017411413715992, 51.60529174126998 ], [ 0.017422510819411, 51.605304580893304 ], [ 0.017426358112699, 51.605308491321061 ], [ 0.017722930827787, 51.605224896466467 ], [ 0.01787349448129, 51.605182453510686 ], [ 0.017890223226734, 51.605131438612169 ], [ 0.017891787822338, 51.605126663616801 ], [ 0.017914037926115, 51.605058818547654 ], [ 0.017957324374607, 51.605044603606636 ], [ 0.017970092464912, 51.605040409410861 ], [ 0.018461729853523, 51.604878993612175 ], [ 0.018501030418005, 51.604866087974806 ], [ 0.018514823053929, 51.604861552369641 ], [ 0.01853768355692, 51.604854055162178 ], [ 0.018669634215962, 51.604810726160039 ], [ 0.018714692265306, 51.604795927427048 ], [ 0.018732951713427, 51.604730772152152 ], [ 0.018760511991861, 51.604627701415986 ], [ 0.018900070513505, 51.604105770749001 ], [ 0.018962174145634, 51.603873475418609 ], [ 0.01896323855451, 51.603869473381238 ] ] ] } },
{ "type": "Feature", "properties": { "lsoa21cd": "E01003750", "lsoa21nm": "Redbridge 001G", "msoa21cd": "E02000751", "msoa21nm": "Redbridge 001", "lad22cd": "E09000026", "lad22nm": "Redbridge", "index_right": 343, "GSS_CODE": "E05000597", "risk_score": 0.0009018445567112311, "allocation_hours": 0.013274080805510629, "patrol_units": 0 }, "geometry": { "type": "Polygon", "coordinates": [ [ [ 0.023113660981828, 51.610865103351244 ], [ 0.023241555937423, 51.610834536647033 ], [ 0.023636031915836, 51.610910165382506 ], [ 0.023770578896784, 51.610846983896771 ], [ 0.023982121333305, 51.610792528840975 ], [ 0.023979375724644, 51.610788601404238 ], [ 0.023834274714176, 51.61058167199149 ], [ 0.023824885406699, 51.610561186633902 ], [ 0.023817511991697, 51.610545108913456 ], [ 0.023603375166967, 51.610077727050957 ], [ 0.023499258850338, 51.609850459831954 ], [ 0.023466372156772, 51.609778680467308 ], [ 0.023464492815597, 51.60977311940681 ], [ 0.023399853768942, 51.609581978799199 ], [ 0.023452039984257, 51.60948429118914 ], [ 0.023401798740028, 51.609467531370001 ], [ 0.023394659731639, 51.609465163426165 ], [ 0.023407493462175, 51.60942897152281 ], [ 0.023463208818924, 51.609383047920396 ], [ 0.0235094908335, 51.60933188226543 ], [ 0.023587116057871, 51.609246013185697 ], [ 0.023682300023569, 51.609227295536591 ], [ 0.023764497751074, 51.609211130754005 ], [ 0.023787563584318, 51.609206596540346 ], [ 0.024044371557048, 51.609114356142307 ], [ 0.024054806218145, 51.60911061515533 ], [ 0.024313546232719, 51.609017675390476 ], [ 0.024437060532367, 51.608982596573554 ], [ 0.024455844473743, 51.608977263765929 ], [ 0.02468437398615, 51.608912361689697 ], [ 0.024937365086598, 51.608849321424998 ], [ 0.024955777611805, 51.608844732342128 ], [ 0.024981906037088, 51.608838598328056 ], [ 0.024994427440758, 51.608835666578479 ], [ 0.024999717697352, 51.608847445683637 ], [ 0.025038689004001, 51.608845604481331 ], [ 0.02502771692923, 51.608827853360282 ], [ 0.025493671119001, 51.608718549936071 ], [ 0.025583862404526, 51.60869738105027 ], [ 0.025632245890488, 51.608686033935832 ], [ 0.025641665535376, 51.608683830095245 ], [ 0.02570894479571, 51.608668047312868 ], [ 0.025741919737878, 51.608660311257317 ], [ 0.02587431024617, 51.608627416065048 ], [ 0.025921128182357, 51.608615781100674 ], [ 0.026000700498271, 51.608596000132863 ], [ 0.026077137415921, 51.608577001619167 ], [ 0.026131275817251, 51.608563540637341 ], [ 0.026229083005981, 51.608539245275431 ], [ 0.026441866131852, 51.608486365251693 ], [ 0.026482178804989, 51.608474113934214 ], [ 0.026508911059911, 51.608465981820181 ], [ 0.026165134019032, 51.608249985728683 ], [ 0.026050105853189, 51.608238140063534 ], [ 0.026028100044009, 51.608231757337805 ], [ 0.025926659980421, 51.608202339278357 ], [ 0.025848228167699, 51.608185923162189 ], [ 0.025843213337259, 51.608184876618644 ], [ 0.025764951222857, 51.60815507648153 ], [ 0.025751050742346, 51.608148760687193 ], [ 0.025577659230167, 51.608070045138419 ], [ 0.025450981951016, 51.608049883840756 ], [ 0.025429411858276, 51.608045498844668 ], [ 0.025323528494553, 51.608023962526509 ], [ 0.025328100999304, 51.6080186409459 ], [ 0.025434252982529, 51.607895004559069 ], [ 0.025447806676575, 51.607837721481459 ], [ 0.025458979657064, 51.607807097664903 ], [ 0.025491714590579, 51.607717406957001 ], [ 0.025494211498713, 51.607710556458279 ], [ 0.025507507534764, 51.607686748396205 ], [ 0.025527384206325, 51.607651145373914 ], [ 0.025580827796308, 51.607585107702363 ], [ 0.025621832966092, 51.607382398732895 ], [ 0.02534125622538, 51.6072855594091 ], [ 0.025340237289119, 51.607246764780861 ], [ 0.025291603903604, 51.607178801077147 ], [ 0.025229217883592, 51.607091605529064 ], [ 0.025388315266512, 51.606971264408237 ], [ 0.025451681842051, 51.606961727181755 ], [ 0.025329205493189, 51.606850919501156 ], [ 0.025106341384698, 51.606710872645657 ], [ 0.025081548497662, 51.606729465402402 ], [ 0.025068991032579, 51.606719565283584 ], [ 0.025041488869599, 51.606725956794939 ], [ 0.024946461109453, 51.606748054028834 ], [ 0.02493456157522, 51.606750310480457 ], [ 0.024992304175991, 51.606696535914779 ], [ 0.025008422374264, 51.606692984596258 ], [ 0.025036694267973, 51.606667866145976 ], [ 0.025160977822376, 51.606557415168297 ], [ 0.025168744020612, 51.606550518748328 ], [ 0.025212992305638, 51.606511204076995 ], [ 0.02522722324379, 51.606492181980478 ], [ 0.025258588517135, 51.60645025683651 ], [ 0.025269170014734, 51.606438635676128 ], [ 0.025404464208551, 51.60646414297878 ], [ 0.025413262473636, 51.606465834688947 ], [ 0.025415030070644, 51.606475372358965 ], [ 0.025435226108784, 51.606475509554215 ], [ 0.025465896170119, 51.6064757268392 ], [ 0.025526059437888, 51.606475516233381 ], [ 0.025821702934631, 51.606172039739093 ], [ 0.025679035715115, 51.606052093578555 ], [ 0.025681270788004, 51.606044878892476 ], [ 0.02569853650614, 51.605990544248876 ], [ 0.025703306609555, 51.605987071723206 ], [ 0.0260582461898, 51.606003986286701 ], [ 0.026064165579165, 51.606004270820442 ], [ 0.026154315847597, 51.605970629352427 ], [ 0.026267543135421, 51.605889935739491 ], [ 0.026272974031922, 51.605888331246845 ], [ 0.026302368741729, 51.605879537216133 ], [ 0.026356882442595, 51.605837765289628 ], [ 0.026389770489619, 51.60581255783282 ], [ 0.026399545897794, 51.605805060113092 ], [ 0.026425965719922, 51.605789946112608 ], [ 0.026441365946666, 51.605786496910909 ], [ 0.02646195650117, 51.605781879004432 ], [ 0.026518988460661, 51.60574299063709 ], [ 0.02657994486986, 51.605701426634901 ], [ 0.026588449767237, 51.605696954370416 ], [ 0.026645080544684, 51.605655937112559 ], [ 0.026778180451912, 51.605606104401474 ], [ 0.026798625839957, 51.605592554754402 ], [ 0.026821647664264, 51.605573785362267 ], [ 0.02682754292153, 51.605568989432861 ], [ 0.02683956837079, 51.60556159221742 ], [ 0.026846100619909, 51.605558939027226 ], [ 0.026861880144894, 51.60555265953257 ], [ 0.026919756168811, 51.60551230857623 ], [ 0.026934422191257, 51.605499186911871 ], [ 0.026949365611333, 51.605485808662543 ], [ 0.026986181331049, 51.605461576368207 ], [ 0.0269892828439, 51.605459553433263 ], [ 0.027154137170771, 51.605392657063476 ], [ 0.027180402884627, 51.605375877413515 ], [ 0.027184971433881, 51.605374692436079 ], [ 0.027258903770758, 51.605355525002942 ], [ 0.027354217619219, 51.605318056985567 ], [ 0.027367457009479, 51.60531252990409 ], [ 0.027374799277303, 51.605309680145631 ], [ 0.027458908390018, 51.605283120256232 ], [ 0.02748927736329, 51.605270437765093 ], [ 0.027527174819467, 51.605254612718852 ], [ 0.027559840664757, 51.605240973293931 ], [ 0.027646515914505, 51.605215290696499 ], [ 0.027648057138043, 51.605212283018481 ], [ 0.027648688101442, 51.605197272396957 ], [ 0.027655078004847, 51.605045078500659 ], [ 0.027655495041948, 51.605034990547836 ], [ 0.027653472370625, 51.605027840360577 ], [ 0.027642911475926, 51.60501737546619 ], [ 0.027466272445177, 51.604840604639143 ], [ 0.027477082122206, 51.604828453257575 ], [ 0.027481373440097, 51.604823640028521 ], [ 0.027477473445582, 51.604816652651429 ], [ 0.027369902372095, 51.604623356469133 ], [ 0.027367798987525, 51.604619579911194 ], [ 0.027343690113095, 51.604597721455235 ], [ 0.027324625174029, 51.604586647999227 ], [ 0.02725474105153, 51.604546074920123 ], [ 0.027141364354621, 51.604503339149943 ], [ 0.027143589556795, 51.604498341287609 ], [ 0.027177814378843, 51.604449518316905 ], [ 0.027180713391098, 51.604447489879703 ], [ 0.027227405411656, 51.604414813735488 ], [ 0.027285790787611, 51.604373941198588 ], [ 0.027347908028079, 51.604356223188468 ], [ 0.027406174688866, 51.60433959680028 ], [ 0.027415617325685, 51.604338579437659 ], [ 0.027588246698437, 51.604320049947553 ], [ 0.02763925500279, 51.60431457377387 ], [ 0.027665930609474, 51.60431171203129 ], [ 0.027723283392894, 51.604328059299775 ], [ 0.02786815530458, 51.604285521836395 ], [ 0.027887915285101, 51.604281079884089 ], [ 0.027912796596008, 51.604272304940793 ], [ 0.027926601727441, 51.604267426281048 ], [ 0.027930298327381, 51.604266121444674 ], [ 0.027947359524295, 51.604260098430274 ], [ 0.027963403268197, 51.60425652100168 ], [ 0.028024002193909, 51.604236823496102 ], [ 0.028065155537217, 51.604227003062419 ], [ 0.028083124406457, 51.604225145927401 ], [ 0.028129325453974, 51.604220359584737 ], [ 0.028186630971978, 51.604205183734045 ], [ 0.028190612945088, 51.604204125753434 ], [ 0.028227090301833, 51.604197614400285 ], [ 0.028238495035099, 51.604195582876272 ], [ 0.028274771374969, 51.604183913203698 ], [ 0.028318251409359, 51.604175752093603 ], [ 0.028329092234388, 51.60417176091412 ], [ 0.028417446389084, 51.604139250274216 ], [ 0.028498696342547, 51.604129119105998 ], [ 0.028507084311739, 51.604127931031805 ], [ 0.028512793077217, 51.604126897160313 ], [ 0.028570670335871, 51.604117426065869 ], [ 0.028582096672262, 51.604115556002398 ], [ 0.028619152736897, 51.604102429429652 ], [ 0.028711668483323, 51.604080673799594 ], [ 0.028721000842278, 51.604078480200165 ], [ 0.028729009263767, 51.604075419205827 ], [ 0.028735088810534, 51.604073794394445 ], [ 0.028787208869598, 51.604059899376225 ], [ 0.028804092255206, 51.604055399064691 ], [ 0.028859129703532, 51.60405025739869 ], [ 0.028870174790069, 51.604049230211182 ], [ 0.02889167064321, 51.604042914597557 ], [ 0.02890988802021, 51.604037563894082 ], [ 0.029009445506938, 51.604018766314852 ], [ 0.029019110749233, 51.604015941949612 ], [ 0.029028251264875, 51.604014304688619 ], [ 0.029064369592621, 51.604007844240336 ], [ 0.029073768444817, 51.604006171036701 ], [ 0.029102872244581, 51.604003037685729 ], [ 0.029207109408381, 51.603971627806111 ], [ 0.029216679785175, 51.603970886861376 ], [ 0.029231769682332, 51.60396972677983 ], [ 0.029258756065144, 51.60396493487417 ], [ 0.029286416252738, 51.603959870528932 ], [ 0.029321061351564, 51.603957293310053 ], [ 0.029330042893926, 51.603956625482567 ], [ 0.029381395831773, 51.603942698493462 ], [ 0.029388416492121, 51.603941453056485 ], [ 0.02944446712132, 51.603931509512677 ], [ 0.02946135958652, 51.603928510720209 ], [ 0.029550241689304, 51.603899609626801 ], [ 0.029555586279949, 51.603895915679914 ], [ 0.029644155346763, 51.603871817502224 ], [ 0.029655238458709, 51.603870025207819 ], [ 0.02969231617138, 51.603864033581118 ], [ 0.02970262486484, 51.603862362582284 ], [ 0.029903087864748, 51.603800628887534 ], [ 0.029957200780315, 51.603825439208613 ], [ 0.02997527617537, 51.603834069862032 ], [ 0.030204378469322, 51.603809308316784 ], [ 0.030297780458844, 51.603779609076717 ], [ 0.030380575742854, 51.60372013868507 ], [ 0.030435301662888, 51.60365979579462 ], [ 0.030437884999541, 51.603653285402793 ], [ 0.03045358341443, 51.603613814950037 ], [ 0.030468005287236, 51.603598170112292 ], [ 0.03049391452972, 51.603570051632687 ], [ 0.030490454936592, 51.603568573723919 ], [ 0.030444475357385, 51.603548847713235 ], [ 0.030432298059973, 51.603545533197384 ], [ 0.030360155825789, 51.60352590891096 ], [ 0.030356398824445, 51.603524885774092 ], [ 0.030295464724899, 51.603511452394827 ], [ 0.030277756372042, 51.603509753271567 ], [ 0.030241846646925, 51.603506309586933 ], [ 0.030207851299539, 51.603503048610186 ], [ 0.030152675202596, 51.603501502785228 ], [ 0.03014284159459, 51.603502814896167 ], [ 0.030092436578317, 51.603509486754305 ], [ 0.030075713060086, 51.603513355005283 ], [ 0.030012692201974, 51.603527924696962 ], [ 0.030000176593722, 51.603534184163188 ], [ 0.029843147186074, 51.603612284602512 ], [ 0.029826550757108, 51.603606051877456 ], [ 0.029783502798687, 51.603534189512992 ], [ 0.029764125290242, 51.603501863236957 ], [ 0.029726289447699, 51.603438714541682 ], [ 0.029771281043136, 51.603367973896077 ], [ 0.029807258106807, 51.603311408623853 ], [ 0.029812069394802, 51.603297539711413 ], [ 0.029823381902828, 51.603264952608733 ], [ 0.029781219912873, 51.603272658055843 ], [ 0.029721148874355, 51.603283617304186 ], [ 0.029516029211302, 51.603320544062079 ], [ 0.029503895243852, 51.603322732201761 ], [ 0.029468681799947, 51.603329069238107 ], [ 0.029364337740524, 51.60311157824956 ], [ 0.029360373704497, 51.603103319579354 ], [ 0.029325396061417, 51.603030409295648 ], [ 0.029315334103484, 51.603009432513844 ], [ 0.029308171216315, 51.60299452961285 ], [ 0.029301435999392, 51.602980473620548 ], [ 0.029300003904219, 51.602977503823048 ], [ 0.029290323541519, 51.60295731179621 ], [ 0.029280714131227, 51.602937253431861 ], [ 0.029220206166348, 51.602952624577881 ], [ 0.029134386965031, 51.60297471902588 ], [ 0.029121423730302, 51.602978063525697 ], [ 0.029113399919697, 51.602980126631707 ], [ 0.029101193248257, 51.60298327370397 ], [ 0.029064108661922, 51.602992821861314 ], [ 0.028980466616842, 51.60301435699364 ], [ 0.028966731961075, 51.603017890164679 ], [ 0.028958436974247, 51.603020025391331 ], [ 0.028942903587602, 51.603024025788812 ], [ 0.028937121205373, 51.603025510587401 ], [ 0.028928441017263, 51.603027751388041 ], [ 0.028909866722761, 51.603032537234341 ], [ 0.028882198173287, 51.603039669949666 ], [ 0.028854214562457, 51.603046862058903 ], [ 0.028834655209577, 51.603051903221278 ], [ 0.028826688691142, 51.603053956324679 ], [ 0.028820734745594, 51.603055480052859 ], [ 0.02881371057997, 51.603057292054459 ], [ 0.02880680065066, 51.603059075103609 ], [ 0.028788180863232, 51.60306300291883 ], [ 0.028757330120529, 51.603069534131635 ], [ 0.028726471753306, 51.603076056475317 ], [ 0.028696478971655, 51.603082397489622 ], [ 0.028589819573969, 51.603104946071198 ], [ 0.028575055747104, 51.603108069828131 ], [ 0.028566729674111, 51.603109832369057 ], [ 0.028450649590749, 51.603134373603631 ], [ 0.028444340895319, 51.603135714596164 ], [ 0.028403224740251, 51.603144401459332 ], [ 0.028385270262743, 51.603148191818015 ], [ 0.028360692428249, 51.603153391546869 ], [ 0.028352809659016, 51.603155056487019 ], [ 0.028324926953251, 51.603160951784147 ], [ 0.028320563490783, 51.603161872478978 ], [ 0.028277358948732, 51.603171009039528 ], [ 0.028227487736973, 51.603181555697574 ], [ 0.028201357439695, 51.603187078970052 ], [ 0.028171793599935, 51.603193327008249 ], [ 0.028150491724971, 51.60319783162123 ], [ 0.028074025157314, 51.603213999428718 ], [ 0.028060934738117, 51.603216761484958 ], [ 0.028007243478662, 51.603228111434262 ], [ 0.027988974278888, 51.603231970116582 ], [ 0.027960061733923, 51.603238089946039 ], [ 0.027975060547115, 51.603275240259983 ], [ 0.027997556412076, 51.603330911812193 ], [ 0.028000413186455, 51.603337984638422 ], [ 0.028015709851844, 51.603375822235755 ], [ 0.028029628247916, 51.603410275427613 ], [ 0.028043734231874, 51.603445210980169 ], [ 0.028049412945306, 51.60345922234243 ], [ 0.028053503751369, 51.603469358327111 ], [ 0.028072104981418, 51.603515403072564 ], [ 0.028074685238369, 51.603521779247501 ], [ 0.028082801547956, 51.603541881482855 ], [ 0.02808646994134, 51.603550963631463 ], [ 0.028092912179312, 51.603566877235167 ], [ 0.028041487341931, 51.603575787008054 ], [ 0.028028789460749, 51.60357796225319 ], [ 0.027902367944792, 51.603599583601529 ], [ 0.027835717661946, 51.603610986447279 ], [ 0.02782185873746, 51.603613357080413 ], [ 0.027766150856293, 51.603622889260727 ], [ 0.027753753776168, 51.603625009820909 ], [ 0.027671474379705, 51.603639083549126 ], [ 0.027644487620635, 51.603643704236333 ], [ 0.027559269816225, 51.603658273769547 ], [ 0.027293527766866, 51.603703738908258 ], [ 0.027268862584349, 51.603707959714008 ], [ 0.027202764786448, 51.603724478462368 ], [ 0.027126926103674, 51.60374342251616 ], [ 0.027114637291596, 51.603720415698376 ], [ 0.027109525906302, 51.603710868337458 ], [ 0.027096236159179, 51.603685976856504 ], [ 0.027050913774335, 51.603601212391133 ], [ 0.027026274998751, 51.603555118860967 ], [ 0.027017484694657, 51.603538679206459 ], [ 0.027010412136732, 51.60352546522995 ], [ 0.026968160442026, 51.60344641200011 ], [ 0.026964773067351, 51.603440067722566 ], [ 0.026942812463495, 51.603398981801213 ], [ 0.02680710375894, 51.603432241417622 ], [ 0.026825410709948, 51.603467491266635 ], [ 0.026828222141692, 51.603472901263686 ], [ 0.02685745826654, 51.603529167075543 ], [ 0.02644863917948, 51.603608318262523 ], [ 0.026442497622694, 51.603608226431312 ], [ 0.026415937318189, 51.603563883540048 ], [ 0.026408993864425, 51.603552267990594 ], [ 0.026359998235004, 51.603470273456495 ], [ 0.026351202021791, 51.603455641377074 ], [ 0.02630564292391, 51.603396986357431 ], [ 0.026281545235088, 51.603365946011685 ], [ 0.026273119508422, 51.603355093433919 ], [ 0.026269887169284, 51.603350931673035 ], [ 0.026248792214348, 51.603323760287381 ], [ 0.02620208353597, 51.603263605313295 ], [ 0.026198545010471, 51.603259053158695 ], [ 0.026154225937529, 51.603201968378663 ], [ 0.026150544555164, 51.603194855785617 ], [ 0.026149216838176, 51.603192279826516 ], [ 0.026147747251712, 51.603189436536574 ], [ 0.026119033648581, 51.603133853971471 ], [ 0.02611359775693, 51.603123336467839 ], [ 0.026087376744988, 51.603072652334284 ], [ 0.026059478229902, 51.603018669867495 ], [ 0.026054927237116, 51.603009863677116 ], [ 0.026020560202043, 51.602943412127047 ], [ 0.025980494550905, 51.602865890047745 ], [ 0.025978259944241, 51.602861594157169 ], [ 0.025966597611541, 51.60283901705251 ], [ 0.025965048699974, 51.602836013261744 ], [ 0.025936605659157, 51.602780983528106 ], [ 0.0259307430532, 51.602769637064299 ], [ 0.025896437909133, 51.602703269841115 ], [ 0.025893594578827, 51.602697788431982 ], [ 0.025887771068927, 51.602686508736262 ], [ 0.025813838489171, 51.602659839866035 ], [ 0.025789084415171, 51.602651022570811 ], [ 0.025768027828628, 51.602643517344241 ], [ 0.025696061329626, 51.602617866615084 ], [ 0.025626662498532, 51.60259312476029 ], [ 0.025607043669704, 51.602586125264189 ], [ 0.025600998259143, 51.602583972416845 ], [ 0.025596537649753, 51.602582385739957 ], [ 0.025576992578177, 51.602575420936901 ], [ 0.025462230935891, 51.602534515010582 ], [ 0.025448701241814, 51.602529676581121 ], [ 0.025390366768931, 51.602509046680453 ], [ 0.025231013022532, 51.602621335056043 ], [ 0.025224880331573, 51.602625658395375 ], [ 0.025116407797415, 51.602702078516444 ], [ 0.025113467910422, 51.602704161564247 ], [ 0.02510638356095, 51.602709166767916 ], [ 0.025088559041655, 51.602721722202347 ], [ 0.025080955978812, 51.6027270780721 ], [ 0.024970453410917, 51.602804944912776 ], [ 0.024957222008869, 51.602812978739877 ], [ 0.024936159103435, 51.602825778851418 ], [ 0.024924137067919, 51.602833081397193 ], [ 0.024866810773846, 51.602867900439776 ], [ 0.024842499683901, 51.60288267198812 ], [ 0.02482444633842, 51.602893657615596 ], [ 0.024819286119596, 51.602896795117658 ], [ 0.024753157654466, 51.602936963657008 ], [ 0.024749614481663, 51.602939120048241 ], [ 0.024742429524788, 51.602943488486801 ], [ 0.024730336876791, 51.602950828200342 ], [ 0.02470859880029, 51.602964035589594 ], [ 0.024704858402552, 51.602966303292376 ], [ 0.024642428048889, 51.603004231771372 ], [ 0.024635144460861, 51.603008655859895 ], [ 0.024563940395928, 51.603051924352165 ], [ 0.024560298594437, 51.603054136394078 ], [ 0.024518256504939, 51.603079681065758 ], [ 0.024500272354064, 51.603090602499798 ], [ 0.024478913358132, 51.603103569499389 ], [ 0.024468508243496, 51.603109890895119 ], [ 0.024455924050681, 51.603117544805066 ], [ 0.024452043325794, 51.603119904845634 ], [ 0.024428983850815, 51.603133926318975 ], [ 0.024413108583857, 51.603143561398042 ], [ 0.024336842021717, 51.60318990259708 ], [ 0.024328755790035, 51.603195275739829 ], [ 0.024314735963881, 51.603204582055376 ], [ 0.024242795163479, 51.60325240433 ], [ 0.024234253125477, 51.603258082081901 ], [ 0.024223382458824, 51.603265301753012 ], [ 0.024198773519812, 51.603281665498614 ], [ 0.024179241133014, 51.603294632422291 ], [ 0.024175945212063, 51.603296829495733 ], [ 0.02416347587164, 51.603305119870072 ], [ 0.024113646971162, 51.603338235554936 ], [ 0.024065949811031, 51.603369929599857 ], [ 0.024033760099447, 51.60338582599401 ], [ 0.02402456040255, 51.603390355018092 ], [ 0.024020208282524, 51.603392507347365 ], [ 0.024012972789372, 51.6033960672736 ], [ 0.023883335781461, 51.603460045564844 ], [ 0.023863099585145, 51.603470016530117 ], [ 0.023849675190272, 51.603476641710806 ], [ 0.023825228743089, 51.60348870859054 ], [ 0.023817852515313, 51.603492351864077 ], [ 0.023736294838587, 51.60353258344557 ], [ 0.023655782864119, 51.603572302349193 ], [ 0.023640281143137, 51.603579952501498 ], [ 0.023591352136942, 51.603604091284609 ], [ 0.023576790215417, 51.603611280094199 ], [ 0.023569597542948, 51.60361483026157 ], [ 0.02352132281305, 51.603636309406561 ], [ 0.023514709826646, 51.6036392560653 ], [ 0.023509534123, 51.603641561955882 ], [ 0.023416744775042, 51.603682859177674 ], [ 0.023405571983548, 51.60368783581869 ], [ 0.023314829042653, 51.60372822989941 ], [ 0.023176469497332, 51.603789812794268 ], [ 0.023121305560485, 51.603814369065965 ], [ 0.023097132711485, 51.603825127143047 ], [ 0.023073087724864, 51.603835838048582 ], [ 0.023111092544445, 51.603915334494374 ], [ 0.023134783867433, 51.603964889312707 ], [ 0.02310165800767, 51.603997752687988 ], [ 0.023073138833558, 51.604026067333514 ], [ 0.023069224451018, 51.604029947661523 ], [ 0.023049397552689, 51.604049623472143 ], [ 0.023038383736801, 51.604048920287951 ], [ 0.022987928395519, 51.60404530147148 ], [ 0.022936916855514, 51.60404171020226 ], [ 0.02283887973812, 51.6040772251839 ], [ 0.022820558384874, 51.604083826704439 ], [ 0.022596624536065, 51.604111919916114 ], [ 0.022578917149617, 51.604114140401997 ], [ 0.022479508830329, 51.604126608103741 ], [ 0.02246309416144, 51.604128671413328 ], [ 0.022284253547284, 51.604151095225419 ], [ 0.022267250015727, 51.604153231598985 ], [ 0.022198531586595, 51.604161852147897 ], [ 0.022137072423861, 51.604099836403478 ], [ 0.021949338098619, 51.604220801260738 ], [ 0.02189730665134, 51.60425234422511 ], [ 0.021865075994196, 51.604271900714046 ], [ 0.021861504517239, 51.604274075487872 ], [ 0.021793049499469, 51.604315613279887 ], [ 0.021788197592815, 51.604318547497044 ], [ 0.021781672391607, 51.604322499718563 ], [ 0.021754376934833, 51.604339048583647 ], [ 0.021694091775389, 51.604375625577326 ], [ 0.021682504170325, 51.604382650520201 ], [ 0.021593376300174, 51.604436711199959 ], [ 0.02156608374446, 51.604460481051269 ], [ 0.021557449801682, 51.604468003673212 ], [ 0.021484164611433, 51.604531836242003 ], [ 0.021474362794268, 51.604540377147877 ], [ 0.021407577322693, 51.6045985493015 ], [ 0.021179899254296, 51.60465736010903 ], [ 0.021093303511346, 51.604679686781004 ], [ 0.021036295057732, 51.604698365642882 ], [ 0.021030387841899, 51.604700301826945 ], [ 0.020805741294247, 51.6047739065408 ], [ 0.020483317171288, 51.604879534679547 ], [ 0.02047878460002, 51.604880556908327 ], [ 0.020400422722825, 51.604906203521473 ], [ 0.02039189630503, 51.604906395213149 ], [ 0.020361144886373, 51.604907248134474 ], [ 0.020300197723973, 51.604908458789041 ], [ 0.02027986517845, 51.604908808667268 ], [ 0.02023251877383, 51.604909623380742 ], [ 0.020029249198228, 51.604627083468948 ], [ 0.020026232592149, 51.604622890851815 ], [ 0.019908599427929, 51.604459369484182 ], [ 0.019814853995721, 51.604329060474193 ], [ 0.019805973401487, 51.604316713503643 ], [ 0.019760662491502, 51.604253717307984 ], [ 0.019747688260446, 51.60423568547678 ], [ 0.019600922469492, 51.604031658609536 ], [ 0.019598598765653, 51.604028434258709 ], [ 0.019586306788164, 51.604022845461735 ], [ 0.019578170656458, 51.604019136574955 ], [ 0.019562399789626, 51.604011952975746 ], [ 0.019548250540378, 51.604005514845809 ], [ 0.019497017814313, 51.603982187972775 ], [ 0.019317674825019, 51.603900544233618 ], [ 0.01931108619761, 51.60389753711474 ], [ 0.019248888041745, 51.603869218984009 ], [ 0.018994303971406, 51.60375331197509 ], [ 0.01896323855451, 51.603869473381238 ], [ 0.018962174145634, 51.603873475418609 ], [ 0.018900070513505, 51.604105770749001 ], [ 0.018760511991861, 51.604627701415986 ], [ 0.018732951713427, 51.604730772152152 ], [ 0.018714692265306, 51.604795927427048 ], [ 0.018669634215962, 51.604810726160039 ], [ 0.01853768355692, 51.604854055162178 ], [ 0.018514823053929, 51.604861552369641 ], [ 0.018501030418005, 51.604866087974806 ], [ 0.018461729853523, 51.604878993612175 ], [ 0.017970092464912, 51.605040409410861 ], [ 0.017957324374607, 51.605044603606636 ], [ 0.017914037926115, 51.605058818547654 ], [ 0.017891787822338, 51.605126663616801 ], [ 0.017890223226734, 51.605131438612169 ], [ 0.01787349448129, 51.605182453510686 ], [ 0.017722930827787, 51.605224896466467 ], [ 0.017426358112699, 51.605308491321061 ], [ 0.017454541214258, 51.605349838911692 ], [ 0.017457826059314, 51.605354548555333 ], [ 0.017616764194243, 51.605486005214637 ], [ 0.01764854520385, 51.605512275052845 ], [ 0.017652398104539, 51.60551546416886 ], [ 0.018015294252788, 51.605815542832921 ], [ 0.018012229825038, 51.605849677538117 ], [ 0.018008958729434, 51.605889899303222 ], [ 0.018036958627092, 51.605919799603917 ], [ 0.018084192827926, 51.605969840987562 ], [ 0.018090513870173, 51.605972996657997 ], [ 0.018153666218926, 51.606004545349649 ], [ 0.018012990418587, 51.606048563250887 ], [ 0.018039731648942, 51.606093066719637 ], [ 0.018177664595783, 51.606322624481805 ], [ 0.018215665745587, 51.606385899796187 ], [ 0.018220702335975, 51.606394284266806 ], [ 0.018299508604138, 51.606525435840183 ], [ 0.01854283735554, 51.606883160678024 ], [ 0.018547580191171, 51.606890129351441 ], [ 0.018732095879754, 51.60716139372019 ], [ 0.018857331352517, 51.607362086897226 ], [ 0.018930217906102, 51.607478870725394 ], [ 0.019113991933192, 51.607773348229571 ], [ 0.019476335644871, 51.607643778099721 ], [ 0.019439149743872, 51.607747342746535 ], [ 0.019343556523518, 51.608013594768224 ], [ 0.019314225326196, 51.608095320580958 ], [ 0.019266055015813, 51.60823061569139 ], [ 0.019318053632537, 51.608222275500928 ], [ 0.01933741769199, 51.608217967723064 ], [ 0.01938010704833, 51.608208465698702 ], [ 0.019385083764475, 51.608207354943794 ], [ 0.019438403442288, 51.608194612571907 ], [ 0.019527996979368, 51.608173278787888 ], [ 0.019597162723977, 51.608348038694182 ], [ 0.019607279344846, 51.608373574578827 ], [ 0.019632996619667, 51.608438544530124 ], [ 0.019634656084327, 51.608442742516644 ], [ 0.019674198111452, 51.608542599828731 ], [ 0.019676394049935, 51.608548146472081 ], [ 0.019680981043458, 51.608559730996419 ], [ 0.019683128902856, 51.608565170555238 ], [ 0.019704687151244, 51.608620221232457 ], [ 0.019572312921005, 51.608663180870956 ], [ 0.019617315379545, 51.608782260423389 ], [ 0.01964931842075, 51.608841438948012 ], [ 0.019666483546994, 51.608873166602507 ], [ 0.019672833480501, 51.608881843218043 ], [ 0.019679211881176, 51.608890510350903 ], [ 0.019706834663546, 51.608928119172909 ], [ 0.019814316079194, 51.609038067185871 ], [ 0.019822516200803, 51.609046451177271 ], [ 0.019853774877348, 51.609078439943062 ], [ 0.019877982519349, 51.609103202986056 ], [ 0.01988512774415, 51.609117756112255 ], [ 0.019888650681385, 51.609124889646971 ], [ 0.01992929268599, 51.609207534584712 ], [ 0.020043210155615, 51.609439181977194 ], [ 0.020053790927032, 51.609460685777208 ], [ 0.020136299275749, 51.609628472412169 ], [ 0.020170528474942, 51.609698080310935 ], [ 0.020174655368556, 51.609706453427819 ], [ 0.020211080544584, 51.609778838239258 ], [ 0.020314099159854, 51.609740204655672 ], [ 0.020394181371565, 51.609710175979934 ], [ 0.020402935895821, 51.609721607902429 ], [ 0.020447841584826, 51.609780213813806 ], [ 0.02051845285641, 51.609883637495052 ], [ 0.020521078664625, 51.609887477144717 ], [ 0.020583441708272, 51.609978830674137 ], [ 0.020588940220677, 51.609986865428795 ], [ 0.020682044854797, 51.610123246764594 ], [ 0.020684701550516, 51.610127130842542 ], [ 0.020692192721982, 51.610138080896753 ], [ 0.02069576196508, 51.610143325148982 ], [ 0.020713325271351, 51.610169029702178 ], [ 0.020708604277782, 51.610175252950675 ], [ 0.020637409264313, 51.610268176546249 ], [ 0.020670417199656, 51.610317733667124 ], [ 0.020674998365383, 51.61032462415006 ], [ 0.020681728854876, 51.610334706013887 ], [ 0.020774391760945, 51.610473801676932 ], [ 0.020821481490118, 51.610544482997504 ], [ 0.020860189326873, 51.610602044366622 ], [ 0.021074528072117, 51.610546759588196 ], [ 0.021100050719239, 51.610583536450882 ], [ 0.02110676298373, 51.610593204941779 ], [ 0.021117317931312, 51.610608418716303 ], [ 0.021126575962994, 51.610621748367116 ], [ 0.021173115879807, 51.610688814967098 ], [ 0.021181679789308, 51.610701149382571 ], [ 0.021217925732215, 51.610753510286649 ], [ 0.021271829200857, 51.61086977492451 ], [ 0.021298587480778, 51.610927532872303 ], [ 0.021304289866751, 51.610939826614022 ], [ 0.021347612062311, 51.61103328809314 ], [ 0.021399431198264, 51.611145047254865 ], [ 0.021340932463594, 51.61115636895525 ], [ 0.02120341403246, 51.611182989572619 ], [ 0.021333589620428, 51.611430996831132 ], [ 0.021377584454392, 51.611588033934964 ], [ 0.02138754246145, 51.611659057521422 ], [ 0.021394532226003, 51.611709107329624 ], [ 0.021395866205691, 51.611718652571895 ], [ 0.021493571925194, 51.611632691077716 ], [ 0.021499419097693, 51.611628570682001 ], [ 0.021698049145245, 51.611568290051615 ], [ 0.021871489714519, 51.61151566396358 ], [ 0.021939141448949, 51.611495137749323 ], [ 0.021982850693184, 51.61148187622981 ], [ 0.022142509233128, 51.611433425865322 ], [ 0.022261992512813, 51.611397159880823 ], [ 0.022491297067106, 51.611327581702113 ], [ 0.02284115210518, 51.611221412346808 ], [ 0.022880043761733, 51.61120960936595 ], [ 0.022864766895507, 51.611190538302019 ], [ 0.022681238322913, 51.610961248295723 ], [ 0.022648108473459, 51.610920057012109 ], [ 0.023113660981828, 51.610865103351244 ] ] ] } },
{ "type": "Feature", "properties": { "lsoa21cd": "E01004382", "lsoa21nm": "Waltham Forest 008C", "msoa21cd": "E02000902", "msoa21nm": "Waltham Forest 008", "lad22cd": "E09000031", "lad22nm": "Waltham Forest", "index_right": 343, "GSS_CODE": "E05000597", "risk_score": 0.00029851134297985096, "allocation_hours": 0.004393732443788329, "patrol_units": 0 }, "geometry": { "type": "Polygon", "coordinates": [ [ [ -0.004085074193361, 51.608192008164032 ], [ -0.004146873955371, 51.608113550319423 ], [ -0.004158620619574, 51.608098637488844 ], [ -0.004245178237218, 51.607988745120693 ], [ -0.004276192569192, 51.607949370636462 ], [ -0.00429109487149, 51.607909675327491 ], [ -0.004292085785825, 51.607907034924693 ], [ -0.004328651981698, 51.607819738080359 ], [ -0.004359363563997, 51.607746405778066 ], [ -0.004385478546082, 51.607684037968475 ], [ -0.004420348785797, 51.607610056994297 ], [ -0.004423206546013, 51.607605483501054 ], [ -0.004483396926149, 51.607509343330392 ], [ -0.004504019310871, 51.60747640506758 ], [ -0.004512979703537, 51.607462088674787 ], [ -0.004521966605168, 51.607450133240349 ], [ -0.004531367558342, 51.607437627317843 ], [ -0.004603901230011, 51.60734108644067 ], [ -0.00464140630933, 51.607291168953914 ], [ -0.004667838504355, 51.607258130740803 ], [ -0.004671273239323, 51.607255055298872 ], [ -0.004674271752424, 51.607252377096678 ], [ -0.004677415744368, 51.6072468732552 ], [ -0.004728239958267, 51.607158469927057 ], [ -0.004728571394917, 51.607155849779488 ], [ -0.004735466106748, 51.607102155545157 ], [ -0.004736391028299, 51.607094955763841 ], [ -0.004746997255699, 51.607012356494216 ], [ -0.004746687893224, 51.607005409091741 ], [ -0.004748612354596, 51.606989174547543 ], [ -0.004759265023501, 51.606899647413542 ], [ -0.004759976180123, 51.606893634591977 ], [ -0.004796461522885, 51.606792982524553 ], [ -0.004811734185505, 51.606771381696227 ], [ -0.004828318796306, 51.606747920165759 ], [ -0.004829516567553, 51.606746226580974 ], [ -0.004831810487247, 51.606742983360292 ], [ -0.00491727721649, 51.606656247266137 ], [ -0.004928553545642, 51.606644803737765 ], [ -0.004932215896264, 51.606641970458895 ], [ -0.004984840296055, 51.606601122541903 ], [ -0.005009189518343, 51.606587265625897 ], [ -0.00502794014546, 51.606576595736804 ], [ -0.004961364846484, 51.606481313132825 ], [ -0.004960171213945, 51.606475924366293 ], [ -0.00492237785411, 51.606303850372832 ], [ -0.004919427312231, 51.6062904374756 ], [ -0.004930652480696, 51.606285071049406 ], [ -0.004928243134776, 51.606278753375477 ], [ -0.004919148862773, 51.606254930700594 ], [ -0.004924684274795, 51.606254503270662 ], [ -0.004871031392822, 51.606052502578898 ], [ -0.004869358035061, 51.606046197418948 ], [ -0.004863109314207, 51.606022692899671 ], [ -0.00484787386827, 51.60596533199314 ], [ -0.004836569305841, 51.605922740525685 ], [ -0.004838457268779, 51.605911622041141 ], [ -0.004830617347463, 51.605900374094112 ], [ -0.00478777513661, 51.605739067999572 ], [ -0.004774503329719, 51.605716658009982 ], [ -0.004760882322565, 51.605693648580498 ], [ -0.004819392360103, 51.605676658804455 ], [ -0.004836562671961, 51.605672715379121 ], [ -0.004840895425903, 51.605671718965148 ], [ -0.004842229931008, 51.605667299408005 ], [ -0.004858388122511, 51.605611304172619 ], [ -0.004742777470607, 51.605605538754148 ], [ -0.004678235580142, 51.60560231886793 ], [ -0.004567644868683, 51.605560430697295 ], [ -0.004515453259955, 51.605540667910255 ], [ -0.004462679490581, 51.605520679378706 ], [ -0.004400565392504, 51.60553291363042 ], [ -0.004080109984968, 51.605402467694276 ], [ -0.004070149863314, 51.605398413521449 ], [ -0.00405966447689, 51.605394152578306 ], [ -0.003966944428161, 51.605356416598511 ], [ -0.003950164538856, 51.605349476720924 ], [ -0.003893129087313, 51.605325908370574 ], [ -0.003853526324813, 51.605309542780645 ], [ -0.003813698752647, 51.60529270574574 ], [ -0.003790134304214, 51.605282736860943 ], [ -0.003764271068419, 51.60529457144014 ], [ -0.003759102187841, 51.605283674602518 ], [ -0.003742041099292, 51.605262395994053 ], [ -0.003696868626875, 51.605243291804904 ], [ -0.003670865509704, 51.605232292232223 ], [ -0.003595138573979, 51.605200267529 ], [ -0.003512223511901, 51.605165197912889 ], [ -0.003499009083092, 51.605159613551322 ], [ -0.003454737214011, 51.605137264837715 ], [ -0.003449455431155, 51.605136356641118 ], [ -0.003434167986046, 51.605135894145654 ], [ -0.003387210062869, 51.605209232998448 ], [ -0.003380836001644, 51.605215945270714 ], [ -0.003288922695831, 51.605274450353868 ], [ -0.003283217873658, 51.605278085114982 ], [ -0.00313323417448, 51.605298094347837 ], [ -0.003112752379183, 51.605300821137078 ], [ -0.003105048299582, 51.605300977763164 ], [ -0.003095405087085, 51.605301060916617 ], [ -0.003087562046624, 51.605300599195424 ], [ -0.003010156872365, 51.605308498872169 ], [ -0.002986221589913, 51.605310942044191 ], [ -0.002942075651514, 51.605308940633762 ], [ -0.002932934386341, 51.605307292284586 ], [ -0.002927248268837, 51.60530654803793 ], [ -0.002919365708299, 51.605305505621502 ], [ -0.00280329098346, 51.605290256848754 ], [ -0.002798122004531, 51.605289575353844 ], [ -0.002791847392673, 51.605288749142794 ], [ -0.002780568412917, 51.605285463738291 ], [ -0.002761447228626, 51.605279886645626 ], [ -0.002716149325571, 51.60526990724351 ], [ -0.002713798045971, 51.605263590502886 ], [ -0.002711718280571, 51.605257997778445 ], [ -0.002709595258284, 51.605254049930984 ], [ -0.002708560586636, 51.605249653006091 ], [ -0.002705923963485, 51.605239140938124 ], [ -0.002698184803182, 51.60521820071466 ], [ -0.002687742070634, 51.605189921607533 ], [ -0.002673655275961, 51.605162412258814 ], [ -0.002668088538819, 51.605154336709951 ], [ -0.002661396633799, 51.605144915622361 ], [ -0.002638096073474, 51.605099961469236 ], [ -0.002637314885925, 51.605097358351337 ], [ -0.002630421936184, 51.605084948353969 ], [ -0.002623677478277, 51.605072774687237 ], [ -0.002621348261129, 51.605068589524137 ], [ -0.002618607410169, 51.605059631368007 ], [ -0.002610851003475, 51.605034311532329 ], [ -0.002607843374797, 51.605024521530808 ], [ -0.002606909174769, 51.604990505269811 ], [ -0.002611426345812, 51.604972462442028 ], [ -0.002617586091129, 51.604947919079635 ], [ -0.002624280158385, 51.604936217003349 ], [ -0.002645550086768, 51.604899053743914 ], [ -0.002651871654691, 51.604892551937994 ], [ -0.002662881424871, 51.604881229077705 ], [ -0.002678292208121, 51.604865377022442 ], [ -0.002709736972563, 51.604843170523495 ], [ -0.002766373999522, 51.604814549663551 ], [ -0.002761619581288, 51.604805404360114 ], [ -0.002754176822912, 51.604791042645616 ], [ -0.002745747007538, 51.604774820679559 ], [ -0.002680131076668, 51.60474080030837 ], [ -0.002659134229172, 51.60472992169889 ], [ -0.002553728261924, 51.604675269622845 ], [ -0.002516479629412, 51.604655958150843 ], [ -0.002486841467413, 51.604640598028347 ], [ -0.002460182637341, 51.604637976938996 ], [ -0.002421618072913, 51.604634181940121 ], [ -0.002417154734475, 51.604626633235988 ], [ -0.00241586573643, 51.604618158407739 ], [ -0.002412534421776, 51.604602086174275 ], [ -0.002412742011165, 51.604597188836991 ], [ -0.002425782520543, 51.60455109089721 ], [ -0.002438548370327, 51.604505986438866 ], [ -0.002482675319453, 51.604350035780477 ], [ -0.002491355735777, 51.604326627921694 ], [ -0.002507511327725, 51.604327375101398 ], [ -0.00275707117459, 51.604332532248002 ], [ -0.002880776662701, 51.604335078842354 ], [ -0.002895305738677, 51.604335375635479 ], [ -0.002976334405802, 51.604367315739253 ], [ -0.003024738770312, 51.604386789985881 ], [ -0.003039021284221, 51.604392545460662 ], [ -0.0030655225755, 51.604403202965599 ], [ -0.003098885071001, 51.604416621025301 ], [ -0.0031165168023, 51.604423719415543 ], [ -0.00314535932873, 51.604435324987321 ], [ -0.003167269648115, 51.604442496196093 ], [ -0.003175555382194, 51.604445209059996 ], [ -0.003179370687313, 51.604446460999682 ], [ -0.003189250943596, 51.604449695585963 ], [ -0.003235761903716, 51.604464929060185 ], [ -0.003244560044044, 51.604467812503955 ], [ -0.003257159064458, 51.604471947638537 ], [ -0.003264205921732, 51.604474261728235 ], [ -0.003276947672518, 51.604478435259594 ], [ -0.003307299756923, 51.604488384899504 ], [ -0.003336671866262, 51.604500660378271 ], [ -0.00334317843027, 51.604503374422634 ], [ -0.003381537910936, 51.604519422298964 ], [ -0.003395931741867, 51.604525440402803 ], [ -0.003415244310736, 51.604535211123739 ], [ -0.003419468756133, 51.604537342283166 ], [ -0.003425614555348, 51.604540445849437 ], [ -0.003467221687154, 51.604561472317357 ], [ -0.003470993427972, 51.604563388944825 ], [ -0.003479644954316, 51.604568958608702 ], [ -0.003532762663689, 51.604603139018941 ], [ -0.003536330665456, 51.604605420866179 ], [ -0.003551751888218, 51.60461534565524 ], [ -0.003575095099686, 51.604633646807109 ], [ -0.003580092955131, 51.604637571620898 ], [ -0.003585621831708, 51.604641901137498 ], [ -0.00358897284554, 51.604644521002392 ], [ -0.003640692819006, 51.604685224055032 ], [ -0.003644225827456, 51.604688633851865 ], [ -0.003652177967331, 51.604696322803939 ], [ -0.003660102036869, 51.604703993292915 ], [ -0.00366443832995, 51.604708185610122 ], [ -0.00367358146158, 51.604717036864443 ], [ -0.003680521948055, 51.60472375540305 ], [ -0.003688362989611, 51.604731343545218 ], [ -0.003706553032947, 51.604793080288324 ], [ -0.003709583290898, 51.604803347239915 ], [ -0.0037140850786, 51.604809529695608 ], [ -0.003719854447681, 51.60481743328755 ], [ -0.003725386254729, 51.604824991124886 ], [ -0.003732565668285, 51.604834825102259 ], [ -0.003740235431208, 51.604845332861856 ], [ -0.003777101472896, 51.604873387041629 ], [ -0.003783768760217, 51.604878003892324 ], [ -0.003831966112419, 51.604901001086724 ], [ -0.00384482941435, 51.604904052567846 ], [ -0.003854910690523, 51.604906328325832 ], [ -0.003885425945846, 51.604913223159627 ], [ -0.003890516895329, 51.604914366389181 ], [ -0.003894670726891, 51.604915309329293 ], [ -0.003898731762201, 51.604915733626349 ], [ -0.00390651419862, 51.604916423570259 ], [ -0.003939542460309, 51.604919359520949 ], [ -0.003954718896152, 51.604920705816639 ], [ -0.003961638266084, 51.604921318125683 ], [ -0.003978704001573, 51.604919756042094 ], [ -0.004085724537082, 51.604909940632631 ], [ -0.004092133499504, 51.604909348258971 ], [ -0.004097094806105, 51.604909495611743 ], [ -0.00410672841726, 51.604909794392384 ], [ -0.004148148553031, 51.604911047591848 ], [ -0.004155229556222, 51.60491126697287 ], [ -0.004211879226115, 51.604920233951638 ], [ -0.0042198004575, 51.604921612357138 ], [ -0.004229343080535, 51.604924415766227 ], [ -0.004235644930916, 51.604926267499842 ], [ -0.004243693440712, 51.604928630040781 ], [ -0.004276792990982, 51.604938342894137 ], [ -0.004281786122257, 51.604940729892014 ], [ -0.004302337305225, 51.60495058447458 ], [ -0.004324854555433, 51.604961380731801 ], [ -0.004335151603609, 51.604966312880769 ], [ -0.004339523165864, 51.604969372726302 ], [ -0.00437162604145, 51.604991779377059 ], [ -0.004378085922895, 51.604996286553437 ], [ -0.004439634905632, 51.60506284325335 ], [ -0.004441841403049, 51.60506521881338 ], [ -0.004454099804852, 51.605072189621694 ], [ -0.004473643937909, 51.605083276987791 ], [ -0.004478815102166, 51.605086215542173 ], [ -0.004482892072998, 51.605087759645215 ], [ -0.004500989849197, 51.605094613954542 ], [ -0.004505222800508, 51.605096223656801 ], [ -0.004517953295345, 51.605100561415647 ], [ -0.004549965134753, 51.605104385437862 ], [ -0.004565480362052, 51.605106240990203 ], [ -0.004595098677316, 51.605105926445866 ], [ -0.004614993466934, 51.605105716286445 ], [ -0.004640407393514, 51.605105447122583 ], [ -0.004646750249138, 51.605105375153819 ], [ -0.004662458332548, 51.605106784352607 ], [ -0.004678151986468, 51.605108193303849 ], [ -0.004685401720483, 51.605108847157631 ], [ -0.004692321128453, 51.605109459423268 ], [ -0.004738956722326, 51.605113633721949 ], [ -0.004755470162813, 51.605115119551932 ], [ -0.004806837651027, 51.605119733995444 ], [ -0.004813066367413, 51.605120289545468 ], [ -0.004850959930126, 51.605100188481991 ], [ -0.004854982328027, 51.605097869402186 ], [ -0.004897401672942, 51.605049784466047 ], [ -0.004913227243725, 51.60504422650942 ], [ -0.004927586144546, 51.605039183153835 ], [ -0.004938644650112, 51.605035306639749 ], [ -0.004983354898017, 51.605028378440963 ], [ -0.004989483591534, 51.605027426051848 ], [ -0.005001428046131, 51.605025577099639 ], [ -0.005025514071601, 51.605023313236394 ], [ -0.005063325061139, 51.605019927598669 ], [ -0.005091567069026, 51.605017404370813 ], [ -0.005101541672956, 51.60501651287651 ], [ -0.005127304653593, 51.605014208266262 ], [ -0.00517788195065, 51.605017244433185 ], [ -0.005195945029157, 51.605025716677574 ], [ -0.00520170827549, 51.605028656274101 ], [ -0.005218630698912, 51.605037288968084 ], [ -0.00522454914071, 51.605040312133944 ], [ -0.005245624106592, 51.605054698633872 ], [ -0.005254843506277, 51.605060992711039 ], [ -0.005263193409554, 51.605066696489239 ], [ -0.00528764774475, 51.605083388542333 ], [ -0.005293242556933, 51.605087206526491 ], [ -0.005309746261076, 51.60509847585589 ], [ -0.00532270296786, 51.605107310879383 ], [ -0.005343763714463, 51.605115429407917 ], [ -0.005374395942598, 51.605127244682585 ], [ -0.00538216387047, 51.605130245329988 ], [ -0.005408503198179, 51.605130279489991 ], [ -0.00544534058059, 51.605130330260486 ], [ -0.005491666015968, 51.605121145255531 ], [ -0.005507268264701, 51.605118047343673 ], [ -0.005524618699697, 51.605114601468642 ], [ -0.005546412148138, 51.605110277928432 ], [ -0.005576360791719, 51.605109015556629 ], [ -0.005598294084834, 51.605108093515177 ], [ -0.00561536377818, 51.605107430501356 ], [ -0.005653666533773, 51.605119196249987 ], [ -0.005684744737304, 51.605128743943347 ], [ -0.005717048629365, 51.605138663167402 ], [ -0.005725569458185, 51.605141289916311 ], [ -0.005734628928903, 51.605141839581918 ], [ -0.005793076544331, 51.605145377952709 ], [ -0.005875129347604, 51.605127128758333 ], [ -0.005886032436271, 51.605126635156402 ], [ -0.005891154604613, 51.605126407485642 ], [ -0.00593608328004, 51.605124383500147 ], [ -0.005983109882812, 51.605122269261486 ], [ -0.006042783557612, 51.6051195741274 ], [ -0.006074595368864, 51.605118140965956 ], [ -0.006183501977237, 51.605113238574347 ], [ -0.006197317426866, 51.605110379977624 ], [ -0.00623632908816, 51.605102329323437 ], [ -0.00625580855481, 51.605094783016419 ], [ -0.006280401096875, 51.605085237360143 ], [ -0.006316508826613, 51.605064350128764 ], [ -0.006350933416267, 51.605036716957223 ], [ -0.006361335534059, 51.605028368924231 ], [ -0.006450522868016, 51.605013230552416 ], [ -0.006459140900453, 51.605014626939763 ], [ -0.006558499074368, 51.605030730075583 ], [ -0.006605575773062, 51.605038355216074 ], [ -0.006711752228676, 51.605066291173706 ], [ -0.006863865399416, 51.605117344594397 ], [ -0.006917141274304, 51.605123564200639 ], [ -0.00693711276171, 51.605125890808054 ], [ -0.006944684209702, 51.605126783789238 ], [ -0.006993082972213, 51.605132416931532 ], [ -0.007012127238959, 51.605134646842735 ], [ -0.007079713810244, 51.605142530280069 ], [ -0.007100604934712, 51.605144962405355 ], [ -0.007145849608116, 51.605150236163283 ], [ -0.007184534600105, 51.605159876695005 ], [ -0.007201248626341, 51.605164040824974 ], [ -0.007234219433187, 51.605172257898239 ], [ -0.007298999854, 51.605179257248537 ], [ -0.007349900646906, 51.605180022887879 ], [ -0.007354793381988, 51.605180088005568 ], [ -0.00736835925713, 51.605180291441982 ], [ -0.007397203403491, 51.605177867810823 ], [ -0.007428149410058, 51.605175264053535 ], [ -0.007466088942843, 51.605168939310701 ], [ -0.007478064209195, 51.605166714748819 ], [ -0.007565699206158, 51.605141010074121 ], [ -0.007575837162379, 51.60513803490732 ], [ -0.007611283529835, 51.605127630189756 ], [ -0.007680069526036, 51.605107441391922 ], [ -0.007697244075446, 51.605102400557911 ], [ -0.007701252680813, 51.605101218688368 ], [ -0.007777586983003, 51.605101265024466 ], [ -0.007788850640769, 51.605101276447357 ], [ -0.00784724187005, 51.605101319287357 ], [ -0.007909238221547, 51.605088276427246 ], [ -0.007922458769903, 51.605085479467775 ], [ -0.008000570931769, 51.605068982857794 ], [ -0.008039911138998, 51.605060676411206 ], [ -0.008088871760501, 51.605050330156416 ], [ -0.008113300967104, 51.605045169642494 ], [ -0.008117790367798, 51.605044220732154 ], [ -0.008181705210986, 51.60503072921135 ], [ -0.008202753115963, 51.605026275625654 ], [ -0.008332385954709, 51.605010230848457 ], [ -0.008351083590112, 51.605009325303328 ], [ -0.008446437219926, 51.605004739276552 ], [ -0.008459606294184, 51.605004108551519 ], [ -0.008514699945446, 51.60500145581593 ], [ -0.008523744934049, 51.605001015856594 ], [ -0.008560076014058, 51.604999267570015 ], [ -0.008679195787072, 51.604967199358036 ], [ -0.008706058831524, 51.604958887734192 ], [ -0.008750562456582, 51.604945111395509 ], [ -0.00891799260808, 51.604893279323754 ], [ -0.008970146278144, 51.604873311085711 ], [ -0.0090905645812, 51.604827218389822 ], [ -0.009089209300578, 51.604923944548439 ], [ -0.009089084710611, 51.60493306971312 ], [ -0.009082852182851, 51.60537519183984 ], [ -0.008981542909422, 51.60538022586487 ], [ -0.008990048372528, 51.605420530236437 ], [ -0.009001351874542, 51.605474127885913 ], [ -0.009003469191988, 51.605484163358859 ], [ -0.009010620627609, 51.60551811410425 ], [ -0.00901253506075, 51.605527174955448 ], [ -0.009018253039037, 51.605554276147366 ], [ -0.009022380207316, 51.605573832701879 ], [ -0.009024844515105, 51.60558551067809 ], [ -0.009032140858877, 51.605620111332271 ], [ -0.009046385807009, 51.605687688106137 ], [ -0.00904973530202, 51.605703562565466 ], [ -0.009060212547209, 51.605753270460916 ], [ -0.009068325607081, 51.605791652782585 ], [ -0.009069219716724, 51.605795975311317 ], [ -0.009077629910517, 51.605835819441523 ], [ -0.009078190681184, 51.605838517682876 ], [ -0.009145866909803, 51.606159485010132 ], [ -0.009139974350699, 51.606166430557373 ], [ -0.009091169965486, 51.606217110799207 ], [ -0.009055368482527, 51.606204579350191 ], [ -0.009041670772106, 51.606199787759614 ], [ -0.008976169911612, 51.606176860654891 ], [ -0.008969783583464, 51.606174621078779 ], [ -0.008833006847224, 51.606126753355618 ], [ -0.008823562307404, 51.606123445727597 ], [ -0.008814786194123, 51.606120374253102 ], [ -0.008799239639096, 51.606114930779398 ], [ -0.008786238874678, 51.606110384788401 ], [ -0.0087414448387, 51.606096432688567 ], [ -0.008716438924004, 51.606122364977104 ], [ -0.008712021960759, 51.606126939076461 ], [ -0.008546027566017, 51.606299050615618 ], [ -0.008493282509359, 51.606322263913228 ], [ -0.008477010969036, 51.606329433412839 ], [ -0.00842187969879, 51.606353712239297 ], [ -0.008406389088476, 51.606360526297813 ], [ -0.008375775701602, 51.606373998790076 ], [ -0.008335915409711, 51.60643907452522 ], [ -0.008353149142291, 51.606444906395446 ], [ -0.008435092408499, 51.60647260915254 ], [ -0.00845683749542, 51.606479965362219 ], [ -0.008479294310589, 51.606487558458774 ], [ -0.008499403041154, 51.606494356332533 ], [ -0.008510204421687, 51.606498010742733 ], [ -0.00852834959471, 51.60650413682135 ], [ -0.008532761091736, 51.606505632500756 ], [ -0.00861231357486, 51.606532530193682 ], [ -0.008615942378636, 51.606533760797873 ], [ -0.008679741131319, 51.606555328330771 ], [ -0.008683910848499, 51.606556738969019 ], [ -0.008757856296731, 51.606581742913235 ], [ -0.008767562251503, 51.60658501901127 ], [ -0.008973459962799, 51.606654643380438 ], [ -0.008989726691709, 51.606660135016611 ], [ -0.008993640009497, 51.60666146485692 ], [ -0.009085353597083, 51.606692475782808 ], [ -0.009135540466948, 51.606709441770334 ], [ -0.009150412246489, 51.606714469085425 ], [ -0.009246544603306, 51.606746980154234 ], [ -0.009254692037484, 51.606749735183946 ], [ -0.00927080927099, 51.606755179280846 ], [ -0.009288001121814, 51.606760983319816 ], [ -0.009327308043853, 51.606774275568348 ], [ -0.009426870207865, 51.606807950740716 ], [ -0.009433131870321, 51.606810071272854 ], [ -0.009482970538295, 51.606826914296363 ], [ -0.009489552583307, 51.606829139177172 ], [ -0.009498439854329, 51.606832149535592 ], [ -0.009544193815111, 51.606847619335689 ], [ -0.009734129606769, 51.606911830562296 ], [ -0.009751033717602, 51.60691754602005 ], [ -0.009758021182146, 51.606919912648266 ], [ -0.009786341934987, 51.606929484364564 ], [ -0.009846306395739, 51.606949754235885 ], [ -0.009850203698164, 51.606952607984226 ], [ -0.009862271344363, 51.606962650353253 ], [ -0.00986539295509, 51.606965243652731 ], [ -0.009896996459939, 51.60699156538994 ], [ -0.009910680399859, 51.607002957050057 ], [ -0.009971960949141, 51.606972136454416 ], [ -0.009976833961923, 51.606969683255308 ], [ -0.009988204715862, 51.606963950137555 ], [ -0.010000862540922, 51.606966107186885 ], [ -0.010029904752159, 51.606971068992912 ], [ -0.010170528579584, 51.606995098708239 ], [ -0.010176348337916, 51.606996096648814 ], [ -0.010420942655331, 51.607037886781342 ], [ -0.010421386504595, 51.607043262761131 ], [ -0.010422358240187, 51.607054735536501 ], [ -0.010422716186626, 51.607059102912608 ], [ -0.010422963391294, 51.607062038621727 ], [ -0.010424317520293, 51.607078310822061 ], [ -0.010424715914867, 51.607083074548896 ], [ -0.010428272703695, 51.607125614884225 ], [ -0.010428810998994, 51.607132134498194 ], [ -0.010429779596376, 51.607143679159094 ], [ -0.010430276755759, 51.607149487677148 ], [ -0.010430867870373, 51.607156781531749 ], [ -0.010433466966397, 51.607187858321772 ], [ -0.010435008813231, 51.607206444747305 ], [ -0.010435747682553, 51.60721531477445 ], [ -0.010436240131344, 51.607221231121095 ], [ -0.010436495093502, 51.607224319832142 ], [ -0.01043810890434, 51.607243572914179 ], [ -0.010438766190131, 51.607251335494603 ], [ -0.01043949917084, 51.607260340307519 ], [ -0.010439894523656, 51.607264843203396 ], [ -0.010444026940743, 51.607314371387027 ], [ -0.010444583893078, 51.607321125118965 ], [ -0.0104495174348, 51.607380081911899 ], [ -0.010451507466075, 51.607403945472882 ], [ -0.010451751532501, 51.607406953067546 ], [ -0.010280853155498, 51.607351926130562 ], [ -0.010262408199086, 51.607363222494399 ], [ -0.010238191234692, 51.607378044898688 ], [ -0.010076108366178, 51.607386995106118 ], [ -0.010065366232302, 51.607387595251822 ], [ -0.009983571995495, 51.607392111450586 ], [ -0.009921364459769, 51.607395557007003 ], [ -0.009913098309441, 51.607396010295759 ], [ -0.009776956998246, 51.607403547674473 ], [ -0.009763739655278, 51.607404276661086 ], [ -0.009717022797251, 51.607406856334222 ], [ -0.009561589944278, 51.607419281795742 ], [ -0.009554821884993, 51.607419823420955 ], [ -0.00930231842108, 51.607439989764565 ], [ -0.009158218131286, 51.607451518896973 ], [ -0.009154087942075, 51.607451844480011 ], [ -0.008964307398274, 51.607467013515794 ], [ -0.008873523412128, 51.607482909132166 ], [ -0.008857020064674, 51.607485794379976 ], [ -0.00885217359373, 51.607486647340075 ], [ -0.008836208522286, 51.607489442803697 ], [ -0.008672570926547, 51.60751807602481 ], [ -0.008667710017923, 51.607518928732375 ], [ -0.008627760615431, 51.607525930191329 ], [ -0.008626360359176, 51.607557946317122 ], [ -0.008596305622821, 51.607560610516906 ], [ -0.008550128646275, 51.607564709615929 ], [ -0.008338192182968, 51.607583539176588 ], [ -0.008272297448501, 51.607589389688748 ], [ -0.008245721902187, 51.607591753165678 ], [ -0.008046210206742, 51.607609480236682 ], [ -0.008030117195832, 51.607610906576689 ], [ -0.008031715205996, 51.607700812690375 ], [ -0.008035360741503, 51.607907982912074 ], [ -0.008036234773779, 51.607957658247464 ], [ -0.008036340311388, 51.607963828821568 ], [ -0.008026052588762, 51.60796394191749 ], [ -0.008005605846493, 51.607964197268913 ], [ -0.007779411605523, 51.607966885248132 ], [ -0.007761537579007, 51.607967094317111 ], [ -0.007608270105584, 51.607968925004052 ], [ -0.00760655690356, 51.608225574861798 ], [ -0.007606542991713, 51.608228533123764 ], [ -0.007606327633655, 51.608260848137057 ], [ -0.007352655898491, 51.608301646112359 ], [ -0.007346910634144, 51.608302573672525 ], [ -0.007282070943278, 51.608313000719562 ], [ -0.007267191918346, 51.608315391781161 ], [ -0.007128364243356, 51.608337709001098 ], [ -0.007070084190729, 51.608347078337381 ], [ -0.007048703532383, 51.608350518956968 ], [ -0.006852663907247, 51.60838204794576 ], [ -0.006765461904258, 51.608396064976986 ], [ -0.00675116441595, 51.608398366937266 ], [ -0.006745115307603, 51.608399339664182 ], [ -0.006698207453992, 51.608406882320438 ], [ -0.006716891958242, 51.60844193738523 ], [ -0.006537599287001, 51.608478044238311 ], [ -0.00616619908946, 51.608553344085728 ], [ -0.006137340725437, 51.608558649289954 ], [ -0.006118164168959, 51.60852626459873 ], [ -0.006058659079319, 51.608425776718803 ], [ -0.006026356196468, 51.608371227473434 ], [ -0.005975967648284, 51.608286134795883 ], [ -0.005935560486973, 51.608209677177506 ], [ -0.005933489245652, 51.608205758156835 ], [ -0.005727833352597, 51.608220580308874 ], [ -0.005584315850646, 51.608230928039113 ], [ -0.005348654934737, 51.608247919230067 ], [ -0.005310812429135, 51.608250647142214 ], [ -0.005186653680012, 51.608259596058645 ], [ -0.005165941704772, 51.608261089159903 ], [ -0.005158877374882, 51.608261598521338 ], [ -0.005053740998281, 51.60828427929372 ], [ -0.004879903458658, 51.608321780282168 ], [ -0.004798794785007, 51.608339276125385 ], [ -0.004693631779779, 51.608361963324541 ], [ -0.004229515406388, 51.608462088355438 ], [ -0.004187087292221, 51.608471240323695 ], [ -0.00409897970466, 51.608490244269603 ], [ -0.003876501211305, 51.608538237822351 ], [ -0.003989968098776, 51.608327848288972 ], [ -0.004032460864989, 51.608264832940783 ], [ -0.004050114610076, 51.608239999463194 ], [ -0.00407631107778, 51.608203135578755 ], [ -0.004085074193361, 51.608192008164032 ] ] ] } },
{ "type": "Feature", "properties": { "lsoa21cd": "E01004378", "lsoa21nm": "Waltham Forest 010D", "msoa21cd": "E02000904", "msoa21nm": "Waltham Forest 010", "lad22cd": "E09000031", "lad22nm": "Waltham Forest", "index_right": 343, "GSS_CODE": "E05000597", "risk_score": 0.00082518542907205608, "allocation_hours": 0.012145749490330123, "patrol_units": 0 }, "geometry": { "type": "Polygon", "coordinates": [ [ [ -0.000816706207331, 51.598469799729223 ], [ -0.000688322148739, 51.598204351776552 ], [ -0.0007030540051, 51.598198335204437 ], [ -0.000713080914856, 51.598194243732408 ], [ -0.000759908377406, 51.598175114817245 ], [ -0.000758702402568, 51.598170679022388 ], [ -0.000685709999271, 51.597901876722894 ], [ -0.000699129497993, 51.597896808961679 ], [ -0.00069825924814, 51.59789163252286 ], [ -0.000657632881154, 51.597650295906021 ], [ -0.000657050408339, 51.597646787955263 ], [ -0.000652674295328, 51.597620815408227 ], [ -0.000681608338996, 51.59760735247464 ], [ -0.000680948680616, 51.597602970950938 ], [ -0.000587664480488, 51.596979236371027 ], [ -0.000568658124726, 51.596965203539149 ], [ -0.000480331493887, 51.59693341607354 ], [ -0.000446676455613, 51.596920882502317 ], [ -0.000275841637198, 51.59685732556202 ], [ -0.000262529842748, 51.59685237761618 ], [ -0.000239678912286, 51.596843373339304 ], [ -0.000235245205591, 51.596841094618696 ], [ -0.000211114203506, 51.59682868738598 ], [ -0.000149311397935, 51.596796906750825 ], [ -0.00002198670064, 51.596729595083161 ], [ -0.000016370667261, 51.596726621765299 ], [ -0.000008791391638, 51.596699623367364 ], [ -0.000006860360909, 51.596690984755675 ], [ 0.000066275496438, 51.596362285466398 ], [ 0.000066342065783, 51.596359690036451 ], [ 0.000069898817687, 51.596347300862021 ], [ 0.000071503798664, 51.596341761177491 ], [ 0.000075111159267, 51.596329209277243 ], [ 0.000076433044868, 51.596320509110832 ], [ 0.000083138955929, 51.596276574999479 ], [ 0.000098852598761, 51.596232271455676 ], [ 0.000176331666642, 51.596204377711494 ], [ 0.000216513665744, 51.596189907141223 ], [ 0.000265010334754, 51.596170133133839 ], [ 0.000303250410126, 51.596156486977563 ], [ 0.000345911150118, 51.596141254692611 ], [ 0.000359478105163, 51.596137192549861 ], [ 0.000526401592543, 51.596087252379775 ], [ 0.000543816201284, 51.596082036506331 ], [ 0.000632918036674, 51.596059087800249 ], [ 0.00081446080435, 51.596013942515576 ], [ 0.000831519278287, 51.596007851419309 ], [ 0.000836707970425, 51.596006000395121 ], [ 0.00086461282183, 51.59599603738053 ], [ 0.000882339507525, 51.595989710066775 ], [ 0.000922413106059, 51.595970807840438 ], [ 0.000957778789652, 51.595956814823431 ], [ 0.000965028843245, 51.595954559936089 ], [ 0.000986651125232, 51.595947842414773 ], [ 0.001083521246988, 51.595917683800401 ], [ 0.001118546069991, 51.595906780927884 ], [ 0.001176860752387, 51.595881106339 ], [ 0.001244721851239, 51.595851222250296 ], [ 0.001272771698548, 51.595840784553047 ], [ 0.001303702523506, 51.595823949071018 ], [ 0.001320972442829, 51.595816100773924 ], [ 0.001401403776882, 51.595779523068835 ], [ 0.001423856793547, 51.595769369682365 ], [ 0.001432891113987, 51.595765991739647 ], [ 0.00144000674624, 51.595763307479508 ], [ 0.001471655964169, 51.5957462303803 ], [ 0.001490442622506, 51.595736099083652 ], [ 0.001563924233681, 51.595696456554045 ], [ 0.001661402758375, 51.595652231934828 ], [ 0.00168540220312, 51.595644088869754 ], [ 0.001763346625864, 51.595617633780762 ], [ 0.001793690611036, 51.595607332135302 ], [ 0.001945762314437, 51.59557123071238 ], [ 0.002262167220312, 51.595611339594058 ], [ 0.00227594717167, 51.59561311862209 ], [ 0.002282725406888, 51.595619679741823 ], [ 0.002287151512252, 51.595623969976842 ], [ 0.002294749569571, 51.595623723352347 ], [ 0.002515828189673, 51.595616540491783 ], [ 0.002536760540311, 51.595618116429726 ], [ 0.002603338923063, 51.595623139347566 ], [ 0.002615000290051, 51.59562401930512 ], [ 0.002700289546542, 51.59565365855746 ], [ 0.00270606292495, 51.595656572417667 ], [ 0.002784103510877, 51.595696047181711 ], [ 0.002817136133468, 51.595712757450535 ], [ 0.002829968117737, 51.59571924663399 ], [ 0.002841914529383, 51.595713800051676 ], [ 0.002920092032721, 51.595702186618816 ], [ 0.003045291679772, 51.595683610231369 ], [ 0.003050900371817, 51.595682777060631 ], [ 0.003131100652494, 51.595688277429424 ], [ 0.003137487196655, 51.595688716881014 ], [ 0.003349413149942, 51.595727693898475 ], [ 0.003402412904186, 51.595701196170708 ], [ 0.003407358110407, 51.595701363480593 ], [ 0.003518449760798, 51.595705076941869 ], [ 0.00353620602266, 51.595705672839166 ], [ 0.00369773524223, 51.595760392632073 ], [ 0.003717594868549, 51.595767121355223 ], [ 0.003810199689199, 51.595825851192025 ], [ 0.003829441051326, 51.595842158380009 ], [ 0.003874956214728, 51.595880704477786 ], [ 0.003881435038743, 51.595886196045434 ], [ 0.003891262683606, 51.595883132570975 ], [ 0.003896876301964, 51.595864683156059 ], [ 0.003928158555262, 51.5957618060838 ], [ 0.004007082750321, 51.595502319668547 ], [ 0.004059865304936, 51.59550546608537 ], [ 0.004000083023615, 51.595469160183526 ], [ 0.004001886513573, 51.595457969789237 ], [ 0.004012908149544, 51.595388333095187 ], [ 0.004013134008761, 51.595339959081116 ], [ 0.004022628015011, 51.595309123744578 ], [ 0.004025341395419, 51.595300402402216 ], [ 0.004039704200031, 51.595246168349441 ], [ 0.004047268977523, 51.595230558648048 ], [ 0.004050910040512, 51.595217817132479 ], [ 0.00405237314538, 51.595212675450007 ], [ 0.004053399275065, 51.595209087928943 ], [ 0.004057453800719, 51.595193272936427 ], [ 0.004062218926612, 51.595174739085508 ], [ 0.004062132024131, 51.59515060494919 ], [ 0.004064693804382, 51.595138601268907 ], [ 0.004072699311916, 51.59510067836532 ], [ 0.004072575733914, 51.595078172480939 ], [ 0.004072472279273, 51.595061376431438 ], [ 0.004072406548751, 51.595048392518088 ], [ 0.004120510960006, 51.594981035609813 ], [ 0.004127596675168, 51.594971112791107 ], [ 0.004134882051176, 51.594949316580298 ], [ 0.004136962936329, 51.594943121218201 ], [ 0.004143151178322, 51.594895067937955 ], [ 0.004142435981313, 51.594888983307627 ], [ 0.004140900453585, 51.594875736754645 ], [ 0.00414264397973, 51.594869421263873 ], [ 0.004154808134229, 51.594825276466267 ], [ 0.00415652786158, 51.594791831283693 ], [ 0.004157531710205, 51.594772309592308 ], [ 0.004157685875, 51.59476924953848 ], [ 0.00415787937141, 51.594765442442515 ], [ 0.004159588489576, 51.594762283874623 ], [ 0.004160719754318, 51.594755178522441 ], [ 0.004172205317673, 51.59468181998627 ], [ 0.004177840183963, 51.594669111828431 ], [ 0.00418146573009, 51.59466094320809 ], [ 0.004188539975426, 51.594635005095697 ], [ 0.004192743608675, 51.594619628170697 ], [ 0.004197206306771, 51.594611126011159 ], [ 0.004198533825233, 51.594598963569339 ], [ 0.004209153948481, 51.594501664032414 ], [ 0.004211274224552, 51.594496857320756 ], [ 0.004213296887091, 51.594487205368317 ], [ 0.004218456667721, 51.594458116658039 ], [ 0.004218412614955, 51.594452191412607 ], [ 0.00421842543625, 51.594428356810027 ], [ 0.004231400518363, 51.594398878239772 ], [ 0.004237465767983, 51.594385124095957 ], [ 0.004239122506658, 51.594377164473457 ], [ 0.00424477469186, 51.59436977502321 ], [ 0.004262374121479, 51.594346795357573 ], [ 0.004266789745825, 51.594336567454185 ], [ 0.004289861512109, 51.594283072922131 ], [ 0.004298338186607, 51.594264141090797 ], [ 0.004320563436526, 51.594211031503811 ], [ 0.004322624703016, 51.594194872876969 ], [ 0.004328229854974, 51.594156053945696 ], [ 0.00433026184312, 51.594147271395094 ], [ 0.004341958624212, 51.594085617319301 ], [ 0.004343146166015, 51.594079464195566 ], [ 0.00434945757834, 51.594065400090827 ], [ 0.004352136608511, 51.594051470013277 ], [ 0.004358774690716, 51.594031375407361 ], [ 0.004363405080432, 51.594023077194272 ], [ 0.004367968868252, 51.594014906013108 ], [ 0.0043706374145, 51.593997783807183 ], [ 0.004375168582917, 51.59396884970176 ], [ 0.004376518762462, 51.593960157936635 ], [ 0.004379087501384, 51.593943720859379 ], [ 0.004382566691032, 51.593904656796639 ], [ 0.0043763136017, 51.593885254643737 ], [ 0.00437576390278, 51.593876532406988 ], [ 0.004379951471527, 51.593811724444926 ], [ 0.004380124195311, 51.59380908671541 ], [ 0.004377636282461, 51.593790928598651 ], [ 0.004378285282733, 51.593785333216324 ], [ 0.004379849285737, 51.593771655998601 ], [ 0.004383026701075, 51.593759210139439 ], [ 0.004382156159379, 51.593752876376499 ], [ 0.0043831183934, 51.593744227211602 ], [ 0.004392087570753, 51.593669472832751 ], [ 0.004397708403492, 51.593649557471089 ], [ 0.004399606782173, 51.593642825672092 ], [ 0.004404371112217, 51.593634291361603 ], [ 0.004419803394273, 51.593606690621911 ], [ 0.004421502961818, 51.593603644614213 ], [ 0.004427135636943, 51.593588922166298 ], [ 0.004447857679569, 51.593550619946782 ], [ 0.004501036966502, 51.593541572722849 ], [ 0.00451900692903, 51.593538513845488 ], [ 0.00458069143868, 51.593510140361566 ], [ 0.004604015335502, 51.59349291680882 ], [ 0.004634819442394, 51.593470151932074 ], [ 0.004638385154013, 51.593467519140461 ], [ 0.004661947406521, 51.593460309051025 ], [ 0.004918935001427, 51.5933230341806 ], [ 0.004934078132134, 51.593334645244056 ], [ 0.004963721864904, 51.593352123203793 ], [ 0.005022218633892, 51.593369107782216 ], [ 0.005098303761226, 51.593375675093036 ], [ 0.005102622630452, 51.593376050859881 ], [ 0.005109173066966, 51.593376613276348 ], [ 0.005148498468442, 51.593286016554394 ], [ 0.00512453379458, 51.593279484219096 ], [ 0.005042381958746, 51.59325709509654 ], [ 0.005070861339938, 51.593241878506369 ], [ 0.004836697563809, 51.593196154463904 ], [ 0.004702738677846, 51.593170010839906 ], [ 0.004660726650295, 51.593161817637196 ], [ 0.004530117679562, 51.593136335948472 ], [ 0.004497367094535, 51.593129944705161 ], [ 0.004259558205722, 51.5930869886134 ], [ 0.004252383538627, 51.593085690452796 ], [ 0.004218272009222, 51.593079538217467 ], [ 0.004104380953935, 51.59305895894051 ], [ 0.004056051179094, 51.593050235057824 ], [ 0.004032926480587, 51.59304605316386 ], [ 0.004021429644582, 51.593043974584162 ], [ 0.003949888267441, 51.593031061252766 ], [ 0.003844307247661, 51.593011985321432 ], [ 0.003818040990799, 51.593008261735484 ], [ 0.003813769997254, 51.593007660295797 ], [ 0.003774108970906, 51.593002034414262 ], [ 0.00369037050979, 51.592990156676606 ], [ 0.003686317495982, 51.592989587477071 ], [ 0.003604497193281, 51.592977991636012 ], [ 0.003551761216761, 51.592970511863044 ], [ 0.003508933579318, 51.592964445423725 ], [ 0.003392188626283, 51.592947897892607 ], [ 0.003364003944666, 51.592943883262002 ], [ 0.003358115629698, 51.592943273470603 ], [ 0.003334399336152, 51.592940738171329 ], [ 0.003307766753807, 51.592937875013341 ], [ 0.003114467103668, 51.592917185784358 ], [ 0.002992751936796, 51.592904157879026 ], [ 0.002984063151343, 51.592903227221633 ], [ 0.002979407012159, 51.592902731248643 ], [ 0.002858025311352, 51.592889733481314 ], [ 0.002812159182366, 51.592884824765719 ], [ 0.002794651000089, 51.592882947670688 ], [ 0.002576185843127, 51.592855970125171 ], [ 0.002456051860163, 51.592841134183388 ], [ 0.002387188049448, 51.592832625450164 ], [ 0.002266764089029, 51.592817758304804 ], [ 0.002252654437591, 51.592816011935547 ], [ 0.002226728711879, 51.592812803751627 ], [ 0.002129269042474, 51.592800772584184 ], [ 0.002031780179403, 51.592788732845008 ], [ 0.001880321141521, 51.59277002493765 ], [ 0.001846484574097, 51.592765845676773 ], [ 0.001831489424603, 51.59276398848391 ], [ 0.001784980536555, 51.592758245071416 ], [ 0.001646365566664, 51.592741062110193 ], [ 0.001569811528869, 51.592731668062136 ], [ 0.001551420123582, 51.59272940120885 ], [ 0.001499424224223, 51.592722978011182 ], [ 0.001482063013924, 51.592720828447199 ], [ 0.00141164669431, 51.592712134344758 ], [ 0.001367474955615, 51.592706679100488 ], [ 0.001347660717334, 51.592704229678709 ], [ 0.001285576644562, 51.59269656678358 ], [ 0.001277505900424, 51.592695571500954 ], [ 0.001140795378917, 51.592678679185056 ], [ 0.001123811655049, 51.592676577081654 ], [ 0.001042087756141, 51.592666488601822 ], [ 0.001015247828133, 51.592663169869851 ], [ 0.001005885265355, 51.59266201676855 ], [ 0.000952764781938, 51.592655459660328 ], [ 0.000936768376392, 51.592653484559378 ], [ 0.000896827860897, 51.592648545936044 ], [ 0.000836325880054, 51.592641071630318 ], [ 0.000825366572523, 51.592639720954239 ], [ 0.000736762148311, 51.592628778508882 ], [ 0.00068559391505, 51.592622457742131 ], [ 0.000673284294253, 51.592620932261582 ], [ 0.000640855985539, 51.592616926468779 ], [ 0.000437584743238, 51.592598246570908 ], [ 0.000382632044889, 51.592593195222534 ], [ 0.000369035120073, 51.592591943460214 ], [ 0.000360583977165, 51.592591161431272 ], [ 0.000298223974584, 51.59258542710694 ], [ 0.000290352645888, 51.592584698127773 ], [ 0.000251041256888, 51.592581097414055 ], [ 0.000238241728325, 51.592579921957075 ], [ 0.000219172667604, 51.592578165539685 ], [ 0.000164241855668, 51.592573118214801 ], [ 0.000107303356185, 51.592567884800822 ], [ 0.000086053096329, 51.592565936265835 ], [ 0.000066715781488, 51.592564152927181 ], [ -0.000026490917903, 51.592555576989 ], [ -0.000046465345399, 51.592553750545711 ], [ -0.000087545950226, 51.59254996857976 ], [ -0.000197443100671, 51.592535440999612 ], [ -0.00021551506324, 51.59253304703433 ], [ -0.000318754518654, 51.592519390454093 ], [ -0.000327539965018, 51.592518227407439 ], [ -0.000338096847451, 51.592516833793781 ], [ -0.000352864940714, 51.592514882536278 ], [ -0.000412591212712, 51.592506980732068 ], [ -0.000502695865651, 51.592495064819111 ], [ -0.00052068785897, 51.592492682933539 ], [ -0.000536254504252, 51.592490628371444 ], [ -0.000617617331982, 51.592479867187109 ], [ -0.000646282373732, 51.592476075640661 ], [ -0.000736851691714, 51.592464095540294 ], [ -0.000747016674403, 51.59246274916292 ], [ -0.000773764422743, 51.592459221641235 ], [ -0.000782187217995, 51.592458097339993 ], [ -0.000827828129412, 51.592452706817497 ], [ -0.000835563035579, 51.59245179559219 ], [ -0.000847793256058, 51.592451419624958 ], [ -0.000859387539255, 51.592451059790385 ], [ -0.000989871932158, 51.592447052869019 ], [ -0.001022535029873, 51.59244229527895 ], [ -0.001117865363529, 51.59242840875806 ], [ -0.001147884337502, 51.592424028696591 ], [ -0.00117392096321, 51.592420255162565 ], [ -0.001196281740099, 51.59241701245255 ], [ -0.001245198896053, 51.592409929514254 ], [ -0.001273924739059, 51.592452718303811 ], [ -0.001323927707249, 51.592526790862784 ], [ -0.001334853549839, 51.592542992475416 ], [ -0.001368460067237, 51.59261549509916 ], [ -0.001435422586447, 51.592759965476887 ], [ -0.001490621377935, 51.59285532593281 ], [ -0.001523340018241, 51.592911869924464 ], [ -0.001529205075865, 51.592921996350775 ], [ -0.001569480949026, 51.592991564146089 ], [ -0.001572836600789, 51.592997349460141 ], [ -0.001579989310605, 51.593009718936926 ], [ -0.001602200963193, 51.59304791925971 ], [ -0.001610195766211, 51.593059691557912 ], [ -0.001648546294691, 51.59311623233404 ], [ -0.001651841242611, 51.593121099371771 ], [ -0.001731797023957, 51.593238984284334 ], [ -0.001741601661708, 51.593253440145716 ], [ -0.001759489440181, 51.593279795691018 ], [ -0.001771219800951, 51.593297089966271 ], [ -0.001833899283402, 51.593389501933785 ], [ -0.001838889694856, 51.593396861749561 ], [ -0.001850620506135, 51.593414147031453 ], [ -0.001913504089633, 51.593506850184411 ], [ -0.001917382420953, 51.593512572431614 ], [ -0.002007374972199, 51.593645249654834 ], [ -0.002014155961061, 51.593655238748738 ], [ -0.002026144072387, 51.593672915064886 ], [ -0.002044743961171, 51.59370147682327 ], [ -0.002069579167793, 51.593739631703663 ], [ -0.002081226439112, 51.593757509031796 ], [ -0.002127962097177, 51.59382929959078 ], [ -0.002151912331994, 51.593866072543122 ], [ -0.002337269747101, 51.594150734642831 ], [ -0.002433673565427, 51.594306505113089 ], [ -0.002474621112061, 51.594372684645649 ], [ -0.002505759781151, 51.594429767732315 ], [ -0.002513564623826, 51.594444072567356 ], [ -0.002652192488388, 51.594698209665907 ], [ -0.00271350756769, 51.594810632810557 ], [ -0.002896599967802, 51.59519507928421 ], [ -0.002985383887709, 51.595381500274947 ], [ -0.002990634281214, 51.595396445001384 ], [ -0.002991519532578, 51.59539897792677 ], [ -0.002993246429722, 51.595403885669199 ], [ -0.003008552054288, 51.59544752077646 ], [ -0.00303562157234, 51.59552467725613 ], [ -0.003046570690389, 51.595555869232093 ], [ -0.003047661195932, 51.595558990153052 ], [ -0.003059100304934, 51.595591521335052 ], [ -0.003103306689806, 51.595717483186945 ], [ -0.003140124130755, 51.595852266602591 ], [ -0.003141143411496, 51.595856024765666 ], [ -0.003144338164403, 51.595868128880319 ], [ -0.003165853294476, 51.595946512638015 ], [ -0.003167221434113, 51.59595153566638 ], [ -0.003168652263303, 51.595956775577946 ], [ -0.003171241003146, 51.595966234621201 ], [ -0.003173493347684, 51.595974473972696 ], [ -0.003179129063822, 51.59599512638777 ], [ -0.003186470506039, 51.596021994565497 ], [ -0.00320262005294, 51.59608114229443 ], [ -0.00320699899038, 51.59609719621529 ], [ -0.003219118495522, 51.596141554886344 ], [ -0.003221743450869, 51.596151176406593 ], [ -0.003227703146316, 51.596173003337 ], [ -0.003240108069419, 51.596218427959151 ], [ -0.003241923575545, 51.596225104198858 ], [ -0.003245206911338, 51.596237164855992 ], [ -0.003246936778867, 51.596243488936793 ], [ -0.003265646654296, 51.59631192435684 ], [ -0.003268029261797, 51.596320651509266 ], [ -0.003270194029297, 51.596328583628086 ], [ -0.003273740598776, 51.59634155699078 ], [ -0.003285248140039, 51.596383738082928 ], [ -0.003288173719355, 51.596394407829202 ], [ -0.003293100134802, 51.596412467363116 ], [ -0.003298089244217, 51.596430743779933 ], [ -0.003298860936325, 51.596433562523934 ], [ -0.003318332283944, 51.596504888441238 ], [ -0.003324554104203, 51.596527655029519 ], [ -0.003330103122247, 51.596547982234945 ], [ -0.003332716448024, 51.596557540607535 ], [ -0.003334759444102, 51.596565220665063 ], [ -0.003346835188209, 51.596614537844772 ], [ -0.003353118095645, 51.596640590369965 ], [ -0.003356194237831, 51.596653097112693 ], [ -0.003368299470163, 51.596702401302664 ], [ -0.003403171459349, 51.596844381325468 ], [ -0.003406732771454, 51.596864270037173 ], [ -0.00340738405157, 51.596867860071193 ], [ -0.003418592467874, 51.596930385701754 ], [ -0.003424034062382, 51.596960746515236 ], [ -0.003424497014565, 51.596963362171635 ], [ -0.003426898993353, 51.596976756669697 ], [ -0.003427898868566, 51.596982276996144 ], [ -0.003447578489519, 51.597092030663255 ], [ -0.003465167803869, 51.597190175614649 ], [ -0.003466372671393, 51.597196949363813 ], [ -0.003476769676539, 51.597254929038492 ], [ -0.003478116583768, 51.597262415599289 ], [ -0.003480287111363, 51.597274502267872 ], [ -0.003482930301999, 51.597289312665644 ], [ -0.003490155075484, 51.597352961963495 ], [ -0.003509325724738, 51.597521961917096 ], [ -0.003458164937164, 51.597524022626196 ], [ -0.003313911349136, 51.597529822173485 ], [ -0.003242586298612, 51.597535019580803 ], [ -0.003265522300716, 51.597638003523507 ], [ -0.00326480021474, 51.597654483167865 ], [ -0.003260803925374, 51.597745687305483 ], [ -0.003257647826688, 51.597817716109027 ], [ -0.003278236178864, 51.598006905528386 ], [ -0.003275480103217, 51.59806980493056 ], [ -0.003239142501461, 51.59824004066018 ], [ -0.003215827329609, 51.598242584264028 ], [ -0.003166599334624, 51.59824796894592 ], [ -0.003016522000499, 51.59826436987705 ], [ -0.002944763015918, 51.598272194476088 ], [ -0.002846017149701, 51.598282985634128 ], [ -0.00278616920206, 51.598289520206158 ], [ -0.002711667424442, 51.59829765765614 ], [ -0.002674568812474, 51.598301710971661 ], [ -0.002546167717792, 51.598315728738818 ], [ -0.002474364119542, 51.598323579268339 ], [ -0.002455677134444, 51.598325617034078 ], [ -0.002458663644017, 51.598335883181093 ], [ -0.002422882704757, 51.598348744364451 ], [ -0.002381121971132, 51.598334310890245 ], [ -0.002372051039052, 51.598335370377143 ], [ -0.00206340984074, 51.59837135263669 ], [ -0.00198914468529, 51.5983800152149 ], [ -0.00187009138957, 51.598393894720978 ], [ -0.001792168139568, 51.59840299843237 ], [ -0.001778482544554, 51.598404581749044 ], [ -0.001715494374432, 51.598411925546614 ], [ -0.001236206565437, 51.59847569847264 ], [ -0.001249247951171, 51.598519416619695 ], [ -0.001250532434678, 51.598523709866001 ], [ -0.001273985994059, 51.598602288861642 ], [ -0.001292453920943, 51.598664174054719 ], [ -0.001299868828851, 51.598689020324507 ], [ -0.001311741513701, 51.598728770907492 ], [ -0.001286363801961, 51.598731917465464 ], [ -0.001273253762074, 51.598733546512499 ], [ -0.001271296369688, 51.598738998486695 ], [ -0.001267609987089, 51.598749303840172 ], [ -0.000868001957412, 51.598788215997068 ], [ -0.000853404845356, 51.598785561782947 ], [ -0.000799204205097, 51.598775758146097 ], [ -0.000795250190894, 51.598753160446449 ], [ -0.000760770841012, 51.598508925297139 ], [ -0.000823371663983, 51.598483581686864 ], [ -0.000816706207331, 51.598469799729223 ] ] ] } },
{ "type": "Feature", "properties": { "lsoa21cd": "E01004388", "lsoa21nm": "Waltham Forest 007F", "msoa21cd": "E02000901", "msoa21nm": "Waltham Forest 007", "lad22cd": "E09000031", "lad22nm": "Waltham Forest", "index_right": 343, "GSS_CODE": "E05000597", "risk_score": 0.00078764224091193772, "allocation_hours": 0.011593158348513793, "patrol_units": 0 }, "geometry": { "type": "Polygon", "coordinates": [ [ [ 0.004059051764614, 51.611450401168668 ], [ 0.004176672709397, 51.611440408046633 ], [ 0.004224739617348, 51.611456781327327 ], [ 0.004483521897465, 51.611544942050131 ], [ 0.004624776490176, 51.611593068652411 ], [ 0.004805446828735, 51.611654613437608 ], [ 0.004897851684794, 51.611596148558448 ], [ 0.004931042137914, 51.611575150667306 ], [ 0.004959904493918, 51.611556888476251 ], [ 0.004985072151827, 51.611529840677115 ], [ 0.005066105463915, 51.611442766612782 ], [ 0.005216188376098, 51.611281520459649 ], [ 0.005218739214647, 51.61127877012823 ], [ 0.005723176556673, 51.611463916902757 ], [ 0.005759468339362, 51.611477244413891 ], [ 0.005848867958104, 51.611329668597172 ], [ 0.005856128258441, 51.611320713843433 ], [ 0.005909718702882, 51.61125464700563 ], [ 0.005915303849368, 51.611251269290783 ], [ 0.005923193776778, 51.611249389930101 ], [ 0.006230824303485, 51.611176005810051 ], [ 0.006261247471157, 51.611165971786178 ], [ 0.006283712981404, 51.611158573675333 ], [ 0.006289834581221, 51.611156553646971 ], [ 0.006297519143336, 51.611137241143254 ], [ 0.006304866883744, 51.611118806675364 ], [ 0.006343260285468, 51.61107432071551 ], [ 0.006407404503377, 51.610999988913591 ], [ 0.006452705591535, 51.610973936568946 ], [ 0.006459172621255, 51.610968286613726 ], [ 0.00647459776815, 51.610954848856075 ], [ 0.006481218002481, 51.610949070384855 ], [ 0.00654353312734, 51.610882071731027 ], [ 0.006557900858864, 51.610879047465197 ], [ 0.006581171682077, 51.610872229035927 ], [ 0.006598125801429, 51.610867263124341 ], [ 0.006608035884437, 51.610864360001422 ], [ 0.006781527709666, 51.610781144787843 ], [ 0.006817679848398, 51.610763800618265 ], [ 0.006845148860565, 51.610741155350084 ], [ 0.006870918519989, 51.610719932974185 ], [ 0.006888297085763, 51.610705598472286 ], [ 0.006904003992988, 51.610692659416713 ], [ 0.007017933573247, 51.610560386683829 ], [ 0.007034249402027, 51.610541443633011 ], [ 0.007035463480891, 51.610448952031618 ], [ 0.00703554560442, 51.610438042610795 ], [ 0.0070462851035, 51.610431024642949 ], [ 0.00707629328776, 51.610406357526067 ], [ 0.007114819301661, 51.610374404658124 ], [ 0.007141613021171, 51.610352175513562 ], [ 0.007229985263018, 51.61028934862 ], [ 0.007367648200821, 51.610247072255703 ], [ 0.007371097919335, 51.610245385610874 ], [ 0.007382433347899, 51.610239764759712 ], [ 0.007458775017094, 51.610191531530447 ], [ 0.007466095998224, 51.610186910047901 ], [ 0.007679763083996, 51.610121998703079 ], [ 0.007865490729188, 51.610036656987475 ], [ 0.007878627645396, 51.610030623086892 ], [ 0.007923017701726, 51.610005403997128 ], [ 0.007960472285903, 51.609994197082678 ], [ 0.007992333210366, 51.609984695505474 ], [ 0.008008775164231, 51.609993991404195 ], [ 0.008021275871163, 51.609999397967279 ], [ 0.008112692934058, 51.610047671328097 ], [ 0.008137225263597, 51.610063236055979 ], [ 0.008137376021638, 51.610057815432945 ], [ 0.008138809944648, 51.610005867605928 ], [ 0.008141866007477, 51.609895763833293 ], [ 0.008143171010509, 51.609848422423489 ], [ 0.008143896296067, 51.609822637211217 ], [ 0.008145111787762, 51.609778831425629 ], [ 0.008161907363954, 51.609758175876834 ], [ 0.008170346658199, 51.609747806924531 ], [ 0.008198772520372, 51.609696143756835 ], [ 0.008211925877268, 51.609679030640564 ], [ 0.008244201104645, 51.60963703160899 ], [ 0.008247574679688, 51.609632639462731 ], [ 0.008318291810542, 51.609581035148594 ], [ 0.008343996957112, 51.609571144173294 ], [ 0.008398103293557, 51.609550272938129 ], [ 0.008527126952737, 51.60952454088023 ], [ 0.008546169224976, 51.609522398577177 ], [ 0.008595404004059, 51.609516812598713 ], [ 0.008714875144924, 51.609470340441199 ], [ 0.008723551082439, 51.609466972635147 ], [ 0.00891471135728, 51.609443944813897 ], [ 0.008930861565631, 51.609440579481472 ], [ 0.008940293352455, 51.60943977510739 ], [ 0.010969362572181, 51.609266026690946 ], [ 0.011389650455386, 51.609272935790315 ], [ 0.011323217921291, 51.609121082321238 ], [ 0.011198622542572, 51.60838514088168 ], [ 0.011141725022689, 51.608383642734708 ], [ 0.011075659610615, 51.608381887966175 ], [ 0.010543860502909, 51.608367904594758 ], [ 0.010401740067623, 51.608364169764066 ], [ 0.010125191153351, 51.608356891606604 ], [ 0.01009520287959, 51.608356110188545 ], [ 0.010071076479003, 51.608352018045686 ], [ 0.010012433820896, 51.608342069258583 ], [ 0.009953812696898, 51.608343073006083 ], [ 0.009887463381409, 51.608353201598554 ], [ 0.00980264391253, 51.608387575564215 ], [ 0.009798756707725, 51.608389161858447 ], [ 0.009562135550613, 51.608556760309334 ], [ 0.009249790752292, 51.608778035860183 ], [ 0.009116675973658, 51.608764037646374 ], [ 0.009102578877731, 51.608761068574665 ], [ 0.009064749326492, 51.608753119133311 ], [ 0.009026938197899, 51.608741005817656 ], [ 0.009014382598929, 51.608736967219954 ], [ 0.008954738125063, 51.608709562524155 ], [ 0.00890566256971, 51.608686994775177 ], [ 0.008671455524588, 51.608592615146563 ], [ 0.008665720892548, 51.60859030327169 ], [ 0.00862671113818, 51.608574586356937 ], [ 0.008618006193232, 51.608571075341267 ], [ 0.008609781617113, 51.608567322299642 ], [ 0.008520711329688, 51.608526671309079 ], [ 0.008381261162027, 51.608463007023055 ], [ 0.008335027959399, 51.608446253569923 ], [ 0.008330433940539, 51.608444587614201 ], [ 0.008325884406366, 51.60844294787487 ], [ 0.008315331629404, 51.608439126736393 ], [ 0.00830420650533, 51.608435099568034 ], [ 0.008192273654068, 51.608402618034994 ], [ 0.008187548015211, 51.608401242086963 ], [ 0.008183510177632, 51.608400070193262 ], [ 0.008155994027239, 51.608390505245467 ], [ 0.008148147043676, 51.608387779857331 ], [ 0.008025633129701, 51.608345263669811 ], [ 0.008012711167701, 51.608340772623706 ], [ 0.008005428936544, 51.608338244394673 ], [ 0.007954394823486, 51.608320529795634 ], [ 0.007948205590915, 51.608318387531263 ], [ 0.007937762620384, 51.608314762319623 ], [ 0.007908985644178, 51.608304769259711 ], [ 0.007896812005781, 51.608300544170547 ], [ 0.007804101175908, 51.608268353994347 ], [ 0.007797691521192, 51.608266125567631 ], [ 0.007764742437835, 51.608254697586879 ], [ 0.00774805838845, 51.608248899499536 ], [ 0.00774128240136, 51.608246551440253 ], [ 0.007628925252803, 51.608207539106779 ], [ 0.007565923489194, 51.608185676650017 ], [ 0.007526220412531, 51.608171904660267 ], [ 0.007454131391134, 51.608146861330319 ], [ 0.007396988726187, 51.608127020830032 ], [ 0.007303527677221, 51.608116119440716 ], [ 0.007254164673349, 51.608102062924999 ], [ 0.007247235308147, 51.608099510634474 ], [ 0.007203810252643, 51.608083536073323 ], [ 0.00719216112086, 51.608079247994169 ], [ 0.007175747120758, 51.608069744792083 ], [ 0.007135246473159, 51.608046067566931 ], [ 0.007067515743922, 51.607971805366617 ], [ 0.007053865255863, 51.60795684589781 ], [ 0.007047620248118, 51.607949996959292 ], [ 0.007034796502665, 51.607935936094272 ], [ 0.00686796997773, 51.607753074833973 ], [ 0.006856633918438, 51.607740652137025 ], [ 0.006827951068915, 51.607709192090546 ], [ 0.006755037282691, 51.607650341628201 ], [ 0.006735838686789, 51.607634834017709 ], [ 0.006690360011635, 51.607598139675943 ], [ 0.00667385243167, 51.607572910103684 ], [ 0.006668758718514, 51.607565146713533 ], [ 0.006666900995837, 51.607562318850924 ], [ 0.006647777491941, 51.607533114340619 ], [ 0.006662313327029, 51.607444058432939 ], [ 0.006639348144948, 51.607403154686956 ], [ 0.006608363161034, 51.607376140295244 ], [ 0.006540639321991, 51.60733934059828 ], [ 0.006536185795577, 51.607336925801505 ], [ 0.006522602017117, 51.607329532353013 ], [ 0.006468742613291, 51.607300265152027 ], [ 0.006449166250056, 51.607284044563961 ], [ 0.006393656403999, 51.607237971556764 ], [ 0.006389084182134, 51.607234173936853 ], [ 0.006376848460722, 51.607226235865809 ], [ 0.006321256849772, 51.607190100958888 ], [ 0.006314802686525, 51.60718685707014 ], [ 0.00630272072853, 51.607180768822566 ], [ 0.006299043397362, 51.607178925264606 ], [ 0.006254881833826, 51.6071566952251 ], [ 0.006236508445296, 51.607147450223472 ], [ 0.006125514076752, 51.607091579393838 ], [ 0.006116194559183, 51.6070868917109 ], [ 0.006098781037418, 51.607078124873766 ], [ 0.006058151427782, 51.607044602758386 ], [ 0.006045397318205, 51.607034074682289 ], [ 0.00602064462193, 51.60702131469575 ], [ 0.006001064407372, 51.6070112270069 ], [ 0.005891936676699, 51.606968205860277 ], [ 0.005858183572727, 51.607004541391319 ], [ 0.00582542077865, 51.607040082134198 ], [ 0.005787489661722, 51.607060262052194 ], [ 0.005721025671988, 51.607088087559383 ], [ 0.005665784670721, 51.607104147897083 ], [ 0.005629152296106, 51.607114800484361 ], [ 0.005569519058288, 51.607132131826098 ], [ 0.005372406790696, 51.607063127924881 ], [ 0.004896380227944, 51.606966668020391 ], [ 0.00488397940382, 51.606964155109267 ], [ 0.004723293091665, 51.606931586106114 ], [ 0.004164150506494, 51.606818270195703 ], [ 0.004114664196038, 51.606808243232379 ], [ 0.004095837489215, 51.606828384134431 ], [ 0.004069839616032, 51.606856219149542 ], [ 0.003975790474868, 51.606893228330634 ], [ 0.003945672420156, 51.606890784006161 ], [ 0.003288673351732, 51.606837522901316 ], [ 0.003284107774802, 51.606837151199151 ], [ 0.003163303170377, 51.60682736084987 ], [ 0.003144157014109, 51.606825808172665 ], [ 0.003050905045416, 51.606818254228564 ], [ 0.003022783100337, 51.606879235529 ], [ 0.003018907586204, 51.606887655676836 ], [ 0.00293748388178, 51.607064281542783 ], [ 0.002929954793936, 51.6070805874852 ], [ 0.002820302080649, 51.607318416604549 ], [ 0.002817473969607, 51.607324548269339 ], [ 0.002803531491937, 51.607354785061801 ], [ 0.002717227683138, 51.607541988150246 ], [ 0.002686116817147, 51.607539965082189 ], [ 0.00260424550969, 51.60753441969171 ], [ 0.00248159733118, 51.607526098792206 ], [ 0.002466518144085, 51.607525079104065 ], [ 0.002344116535011, 51.607516780834736 ], [ 0.002321939501647, 51.607515279710313 ], [ 0.002240661550261, 51.60750975991936 ], [ 0.002211372242261, 51.607507777596325 ], [ 0.002161339757279, 51.607504386556712 ], [ 0.002141907557795, 51.607503067888715 ], [ 0.002127805862495, 51.607502107921114 ], [ 0.00211217182532, 51.607499308151127 ], [ 0.002089011574022, 51.607495152991007 ], [ 0.002074221673706, 51.607492500682859 ], [ 0.002060465490371, 51.607490037568638 ], [ 0.00196040054841, 51.607472086700398 ], [ 0.00194344575079, 51.60746979502796 ], [ 0.001924980215644, 51.607467304306951 ], [ 0.001877769624718, 51.607460919990899 ], [ 0.001842355538067, 51.60745611498578 ], [ 0.001832793306777, 51.607455423776983 ], [ 0.001822724397813, 51.607454705238446 ], [ 0.001798674310478, 51.607452975179314 ], [ 0.001787402463757, 51.607452160250403 ], [ 0.001779984767009, 51.607451630299366 ], [ 0.001676453335653, 51.607444178565075 ], [ 0.001628701117956, 51.607440748419627 ], [ 0.001564374650614, 51.60743612611337 ], [ 0.001508899727903, 51.607600339160982 ], [ 0.001487761570424, 51.607662882450263 ], [ 0.001437410030293, 51.607633508327297 ], [ 0.001372577733805, 51.607595370639487 ], [ 0.001355720925111, 51.607585451605487 ], [ 0.001309049484443, 51.607557984039879 ], [ 0.001260406991061, 51.607529372051488 ], [ 0.001253794838507, 51.607525483138758 ], [ 0.001239502646169, 51.607517067069317 ], [ 0.00122489989656, 51.607508485436362 ], [ 0.00121744265012, 51.607504098359712 ], [ 0.001210445021159, 51.607499982212943 ], [ 0.001173129166908, 51.607478029341934 ], [ 0.001157325119214, 51.607468730800704 ], [ 0.001013384775922, 51.607384056749197 ], [ 0.001010278679038, 51.607382225779915 ], [ 0.000992525448739, 51.607371786932738 ], [ 0.000949249683601, 51.607346320633845 ], [ 0.00090274045985, 51.607319245836187 ], [ 0.000804885891052, 51.607366037980817 ], [ 0.000757279378204, 51.607391227980962 ], [ 0.000581698204057, 51.60748407318475 ], [ 0.000563408589423, 51.607492158872347 ], [ 0.00050467178303, 51.607518118461961 ], [ 0.000463847900351, 51.607533993454979 ], [ 0.000301884106785, 51.607583433364859 ], [ 0.000261624549731, 51.607595719669732 ], [ 0.000247401984738, 51.60760006258343 ], [ 0.000227741010605, 51.607603562952349 ], [ 0.000180236728475, 51.607612024994481 ], [ 0.000148122573821, 51.607613462459121 ], [ 0.000068528898673, 51.607617021814761 ], [ -0.000012927596645, 51.607617627363425 ], [ -0.000066838259098, 51.607618006338974 ], [ -0.000091502781258, 51.607618070460546 ], [ -0.000333616419125, 51.607619952485436 ], [ -0.000379918171218, 51.607620282628076 ], [ -0.000458718513602, 51.607620860603852 ], [ -0.000478166345476, 51.607620994048276 ], [ -0.000465051853219, 51.607672157941998 ], [ -0.000446852426534, 51.60774242508095 ], [ -0.000384455149134, 51.607983312734071 ], [ -0.000302942275906, 51.608298035399208 ], [ -0.000288648135102, 51.608353194319491 ], [ -0.000284023201903, 51.608371028473549 ], [ -0.000281015076395, 51.60838263143193 ], [ -0.000229397829394, 51.608581905852525 ], [ -0.000224870089674, 51.608599498866134 ], [ -0.000206606315165, 51.60867038987859 ], [ -0.000170910616784, 51.608809011741911 ], [ -0.000147715537321, 51.608899081208506 ], [ -0.000130826465769, 51.60896460983755 ], [ -0.000127307838487, 51.608978290485013 ], [ -0.00010834432608, 51.609051913022725 ], [ -0.000097377266064, 51.609094422734813 ], [ -0.000081580487403, 51.609155797434269 ], [ -0.000056137261426, 51.609254605575522 ], [ -0.000033744356356, 51.609341514604274 ], [ -0.000017913794161, 51.609402996635509 ], [ 0.000015677604742, 51.609533400605734 ], [ 0.000039065616446, 51.609624213420894 ], [ 0.000039954885521, 51.609627687373731 ], [ 0.000042810276532, 51.6096387624914 ], [ 0.000049984535964, 51.609666607045192 ], [ 0.000052891916945, 51.60967787911278 ], [ 0.000056306295684, 51.609691156870284 ], [ 0.00006320108157, 51.609717900103469 ], [ 0.0000721347442, 51.609752584977933 ], [ 0.000096063991405, 51.609845519798526 ], [ 0.000097039055969, 51.609849302531934 ], [ 0.000155065084582, 51.610074588572388 ], [ 0.000156650149109, 51.610080748430718 ], [ 0.000158843426656, 51.610089244978134 ], [ 0.000171408234069, 51.61013802673002 ], [ 0.000177824122688, 51.610162907672802 ], [ 0.000183575882604, 51.610185264035813 ], [ 0.000185714890675, 51.610193577160722 ], [ 0.000204199439239, 51.610265314912027 ], [ 0.000208527027653, 51.61028211567136 ], [ 0.000233117462912, 51.610377593096615 ], [ 0.00025450263615, 51.610460607522377 ], [ 0.000258860799316, 51.610477610092154 ], [ 0.000262479696603, 51.61049159477318 ], [ 0.000266292506034, 51.610506376485894 ], [ 0.000267790035899, 51.610512187126218 ], [ 0.000284276351137, 51.610575753230698 ], [ 0.000301592977657, 51.610577049875147 ], [ 0.000764890816849, 51.610611941927083 ], [ 0.000787750836485, 51.610609232278307 ], [ 0.001004800576838, 51.610583546394615 ], [ 0.001206570305824, 51.610618973085813 ], [ 0.001257515239948, 51.610636134746528 ], [ 0.00132834986982, 51.610669089963288 ], [ 0.001339089159421, 51.610677809514591 ], [ 0.001362305540096, 51.610696666790531 ], [ 0.001503241825017, 51.610885297334171 ], [ 0.001516094406575, 51.610902492289412 ], [ 0.001503145453159, 51.61092530231037 ], [ 0.00162548425162, 51.611048195056398 ], [ 0.001666051756791, 51.611108194122551 ], [ 0.001684370710987, 51.611166090552224 ], [ 0.001684787848464, 51.611193303875837 ], [ 0.001684868231448, 51.611198742995441 ], [ 0.001690662601312, 51.611212591645881 ], [ 0.001694375396607, 51.611221475929504 ], [ 0.001700004970857, 51.611229608130287 ], [ 0.001723867072771, 51.611264119358466 ], [ 0.00172705977374, 51.611268732056821 ], [ 0.001735016364539, 51.611277229247229 ], [ 0.001753936652848, 51.611310376925374 ], [ 0.001755877693477, 51.611313787976968 ], [ 0.001734209456426, 51.611351476469999 ], [ 0.001732792786759, 51.611358343950329 ], [ 0.001726929176466, 51.611386590587628 ], [ 0.001724047588921, 51.611400542191468 ], [ 0.001727640939233, 51.611510136028791 ], [ 0.001727929655068, 51.611519654212159 ], [ 0.001771698190093, 51.611582800034896 ], [ 0.001781091580829, 51.611592109035037 ], [ 0.001827762032043, 51.611638479231189 ], [ 0.001841007750749, 51.61165163430416 ], [ 0.001888465773086, 51.611681759506631 ], [ 0.001997134206113, 51.611722027736107 ], [ 0.002015752389296, 51.611728931291161 ], [ 0.002121878760647, 51.611759018232199 ], [ 0.002130507952526, 51.61176146094035 ], [ 0.002137382283024, 51.611763412004343 ], [ 0.002147576900562, 51.61177320190744 ], [ 0.002150583254071, 51.611775218928507 ], [ 0.002163514768787, 51.611783856076549 ], [ 0.002255933141334, 51.611836891840014 ], [ 0.002259118826627, 51.611838716956974 ], [ 0.002322616102221, 51.611866689040603 ], [ 0.002366179392982, 51.6119047939372 ], [ 0.002371977820006, 51.611909865767302 ], [ 0.002438999858059, 51.611951958937134 ], [ 0.002453598570364, 51.611962375127149 ], [ 0.002462486431203, 51.611968725161717 ], [ 0.002465691312089, 51.611970657857036 ], [ 0.002478569360518, 51.611978405624555 ], [ 0.00261638795873, 51.612046277905733 ], [ 0.002643806532364, 51.612066726929271 ], [ 0.00265016848329, 51.612071474396863 ], [ 0.002658401756122, 51.612075092854823 ], [ 0.002677459900469, 51.612083454597524 ], [ 0.002737430531583, 51.612124813599202 ], [ 0.002760250416941, 51.612140539015563 ], [ 0.002798826441217, 51.612163275142201 ], [ 0.002825060123581, 51.612196671137966 ], [ 0.002836327419935, 51.612211136807709 ], [ 0.00289991614096, 51.612273980184938 ], [ 0.002910663032474, 51.612282528632718 ], [ 0.002918494054991, 51.612288820229253 ], [ 0.002928095388437, 51.612295297447957 ], [ 0.003012183574196, 51.612351001705917 ], [ 0.00305342463172, 51.612378327961537 ], [ 0.003084452172213, 51.612394785584947 ], [ 0.003110761906403, 51.612421206506092 ], [ 0.003120130835554, 51.612430605760892 ], [ 0.003189762041365, 51.612487968377131 ], [ 0.003202329967051, 51.612496539690305 ], [ 0.003227590197469, 51.61251388252375 ], [ 0.00323645084434, 51.612522890273929 ], [ 0.003298780614074, 51.61256105239827 ], [ 0.003361902838574, 51.61260441665727 ], [ 0.003368761230735, 51.612610594431459 ], [ 0.003376100075808, 51.612617186658156 ], [ 0.003474092401043, 51.61268980221331 ], [ 0.003481779835085, 51.612696109717369 ], [ 0.003490782054527, 51.612702098032607 ], [ 0.003530170129778, 51.61272833169356 ], [ 0.00353849080876, 51.612732946780632 ], [ 0.003555308292151, 51.612740600249971 ], [ 0.003592475892216, 51.612757899904096 ], [ 0.00364569561825, 51.612795648091435 ], [ 0.003650138723983, 51.612798800603322 ], [ 0.0036840452014, 51.612899649112379 ], [ 0.003691791524646, 51.612922708741841 ], [ 0.003702251511013, 51.612933591099072 ], [ 0.003886445751862, 51.612839245216826 ], [ 0.004000901946486, 51.612774694605484 ], [ 0.004281072904324, 51.612616697210157 ], [ 0.004394147149322, 51.612560802616983 ], [ 0.004370469501958, 51.612542673126192 ], [ 0.004366373951628, 51.612539541685138 ], [ 0.00427145754504, 51.612466937267051 ], [ 0.004244686300382, 51.612446450554032 ], [ 0.004268558660565, 51.612414569077686 ], [ 0.004488892564799, 51.612120320864399 ], [ 0.004586085991733, 51.611990526411013 ], [ 0.004613040366423, 51.611954518587218 ], [ 0.004650989774812, 51.61190383599984 ], [ 0.004651735875507, 51.611890936906931 ], [ 0.0046339173229, 51.611887113541464 ], [ 0.00459396458188, 51.611878551301224 ], [ 0.00427130792371, 51.611809349341861 ], [ 0.004233618694644, 51.611796099188524 ], [ 0.004195768352436, 51.611782797818819 ], [ 0.004115309832737, 51.611688175551542 ], [ 0.004107548499261, 51.611670349875503 ], [ 0.004092746558594, 51.611636304882396 ], [ 0.004091621500483, 51.611633716241791 ], [ 0.004089609158694, 51.611610981412326 ], [ 0.004079493445676, 51.611574788138888 ], [ 0.004068191935469, 51.611534298673533 ], [ 0.004064599544032, 51.611501267347634 ], [ 0.004059369589697, 51.611453354298085 ], [ 0.004059051764614, 51.611450401168668 ] ] ] } },
{ "type": "Feature", "properties": { "lsoa21cd": "E01004383", "lsoa21nm": "Waltham Forest 007D", "msoa21cd": "E02000901", "msoa21nm": "Waltham Forest 007", "lad22cd": "E09000031", "lad22nm": "Waltham Forest", "index_right": 343, "GSS_CODE": "E05000597", "risk_score": 0.000440731297397838, "allocation_hours": 0.0064870412663029396, "patrol_units": 0 }, "geometry": { "type": "Polygon", "coordinates": [ [ [ 0.001981644252277, 51.603834639619826 ], [ 0.002046424312056, 51.603830980600442 ], [ 0.001963921257344, 51.603894660967619 ], [ 0.001980513280043, 51.603920267235608 ], [ 0.001989990216755, 51.603929547655326 ], [ 0.002060284216508, 51.603998417769056 ], [ 0.002241138900866, 51.603976969555802 ], [ 0.002246741379822, 51.603976298448352 ], [ 0.002753667667809, 51.603845220080437 ], [ 0.002747254416156, 51.604019041750384 ], [ 0.002804430445019, 51.604010269479673 ], [ 0.002909114597374, 51.603994211753921 ], [ 0.003003958866483, 51.603979670754562 ], [ 0.003077186474541, 51.603968448187807 ], [ 0.003201248987684, 51.603936277607552 ], [ 0.003262787471439, 51.603920317578705 ], [ 0.003292043076894, 51.603928810646316 ], [ 0.003310247783423, 51.603931314521162 ], [ 0.003350158983213, 51.603936811023893 ], [ 0.003364621940926, 51.603937310495823 ], [ 0.003473095121542, 51.603941078943102 ], [ 0.003523730506792, 51.60394284026664 ], [ 0.003587021120022, 51.603941759694024 ], [ 0.003610412382994, 51.603941360321876 ], [ 0.003624727085283, 51.603941115916626 ], [ 0.003682557976328, 51.603942637414832 ], [ 0.003742962576765, 51.603944231841588 ], [ 0.003826802732304, 51.603946433224927 ], [ 0.003902561417453, 51.603948430834741 ], [ 0.003914257549029, 51.603948734688835 ], [ 0.004023066429577, 51.603951597649711 ], [ 0.00421308447829, 51.603956598642007 ], [ 0.004246409638193, 51.603957477275586 ], [ 0.004289700066732, 51.603956737906991 ], [ 0.00433147382014, 51.603959270718292 ], [ 0.004405536764577, 51.603963751920482 ], [ 0.004438030934319, 51.60396543603364 ], [ 0.004551189567199, 51.603971317631569 ], [ 0.004666070559113, 51.60397728660206 ], [ 0.004699429264172, 51.603981878438184 ], [ 0.004816446112513, 51.603997981297582 ], [ 0.004840419269372, 51.604001285643747 ], [ 0.005058850058248, 51.604042516271498 ], [ 0.00509441479851, 51.604049651157155 ], [ 0.005224459119189, 51.603677549313446 ], [ 0.005229101364636, 51.603675734433686 ], [ 0.005276402629012, 51.603657210907251 ], [ 0.005289669585941, 51.603653180366322 ], [ 0.005416667899251, 51.603614608423072 ], [ 0.00546300973236, 51.603600534517028 ], [ 0.00554361541119, 51.603592264184456 ], [ 0.005568991939496, 51.603581862282063 ], [ 0.005636778876735, 51.603553375481056 ], [ 0.005647685580358, 51.603549529116421 ], [ 0.005713493814343, 51.603526282749712 ], [ 0.005721997066756, 51.603523277791254 ], [ 0.005822872262304, 51.603530950742673 ], [ 0.005844128609006, 51.603533887657008 ], [ 0.005905891680735, 51.603542399944367 ], [ 0.005926058267842, 51.603545184614774 ], [ 0.006174384129723, 51.603637627036505 ], [ 0.006188678723152, 51.603652004490669 ], [ 0.006197621504238, 51.603662579678449 ], [ 0.006224602490001, 51.603694491472297 ], [ 0.006285127926716, 51.603781745248988 ], [ 0.00629922457133, 51.603808014188793 ], [ 0.00630422712029, 51.603817325843842 ], [ 0.006307283149164, 51.603826050294323 ], [ 0.006312089718911, 51.603839762641854 ], [ 0.006370049256247, 51.603875335286737 ], [ 0.006374590788087, 51.603878117259953 ], [ 0.006451348707102, 51.603940471924432 ], [ 0.006477879526723, 51.60396642034101 ], [ 0.006511227498697, 51.604007791268188 ], [ 0.006513620514142, 51.604066021890567 ], [ 0.006513758154024, 51.604069472665373 ], [ 0.006499665805541, 51.6041229313606 ], [ 0.006497426591491, 51.604131431609353 ], [ 0.00654954708709, 51.604199647965366 ], [ 0.006556576849632, 51.604205804547192 ], [ 0.006610073080317, 51.60425247825679 ], [ 0.006667122477966, 51.60428704121054 ], [ 0.006682390214368, 51.604296294230387 ], [ 0.006921365263234, 51.604375325551949 ], [ 0.006925351294979, 51.604376642234008 ], [ 0.006951038695155, 51.604370996266809 ], [ 0.006976539683321, 51.604365380459214 ], [ 0.006986301187423, 51.604363235162694 ], [ 0.007161550326682, 51.604464749085082 ], [ 0.007169464482344, 51.604469343796012 ], [ 0.007213150036, 51.604485088913002 ], [ 0.007218961099363, 51.604487183698744 ], [ 0.00733109414501, 51.60451004915371 ], [ 0.007430366712886, 51.604486719544937 ], [ 0.007483688740917, 51.604465713613514 ], [ 0.007487454457145, 51.604463670839664 ], [ 0.007533520662303, 51.604438755850879 ], [ 0.00754316788852, 51.604433528023705 ], [ 0.007550206846439, 51.604429900522703 ], [ 0.00760915413563, 51.604396626903252 ], [ 0.007616916592384, 51.604392213662635 ], [ 0.00765046827184, 51.604359905025944 ], [ 0.007662922679608, 51.604343343532605 ], [ 0.007681613469611, 51.604318546094781 ], [ 0.007703898165306, 51.604297634890081 ], [ 0.007708833062239, 51.604293288001379 ], [ 0.007722813784996, 51.60428546810801 ], [ 0.007785569157089, 51.60424015117372 ], [ 0.00779047566976, 51.604234833572512 ], [ 0.007815547610936, 51.604207705774428 ], [ 0.007822756165765, 51.60419990281536 ], [ 0.007873939986777, 51.604125189364616 ], [ 0.007893042265406, 51.604108253309853 ], [ 0.007895309897061, 51.604105642644981 ], [ 0.007965248666687, 51.604025770253166 ], [ 0.00796614472541, 51.604022184883398 ], [ 0.007983818124912, 51.603951736183106 ], [ 0.008065209168593, 51.603953081698009 ], [ 0.008093560113929, 51.603953810553726 ], [ 0.008178307722873, 51.603964464283742 ], [ 0.008185887804283, 51.603965413672832 ], [ 0.008193308362072, 51.603966347806256 ], [ 0.008261070544427, 51.603970062142871 ], [ 0.008350748325388, 51.603981827388331 ], [ 0.008354930998766, 51.603981054387134 ], [ 0.008377691576875, 51.603976834033439 ], [ 0.008760553472712, 51.603905858360136 ], [ 0.00870143219181, 51.603826656854551 ], [ 0.008650276874687, 51.603758128016999 ], [ 0.008632441500799, 51.603734216377788 ], [ 0.008555716541047, 51.603631431942645 ], [ 0.008549516150031, 51.603623130040909 ], [ 0.008542043232684, 51.603618716714067 ], [ 0.008534689324746, 51.603614382282771 ], [ 0.008648543349695, 51.603576463298808 ], [ 0.008555169317012, 51.603498576456175 ], [ 0.007969369349994, 51.603634946987071 ], [ 0.007915938082187, 51.603647389687048 ], [ 0.007836725335195, 51.603671846883444 ], [ 0.00782937342669, 51.603665264242885 ], [ 0.007776917728104, 51.603618294481727 ], [ 0.007772061871501, 51.603613953235978 ], [ 0.007761331591881, 51.603599856679516 ], [ 0.007749536614113, 51.603589123562244 ], [ 0.007741443189196, 51.603581771253893 ], [ 0.00773774203866, 51.603578399429729 ], [ 0.007685615503758, 51.603506469720834 ], [ 0.007668104011688, 51.603471221832834 ], [ 0.007661815358748, 51.603465825993332 ], [ 0.007622583026673, 51.603432172703357 ], [ 0.007605224179965, 51.603411355216409 ], [ 0.007591279524292, 51.603394606889836 ], [ 0.007538441109796, 51.603343201287757 ], [ 0.007516265794701, 51.603328266375811 ], [ 0.007512298869362, 51.603325416164012 ], [ 0.007492207964663, 51.603306007773526 ], [ 0.007446561218487, 51.603281456707371 ], [ 0.007441686480541, 51.603277340587894 ], [ 0.007409411355722, 51.603248518614222 ], [ 0.007326089663381, 51.603194181279953 ], [ 0.007231973056628, 51.603115753214851 ], [ 0.007217383679207, 51.603109105503769 ], [ 0.007153539517323, 51.603080304606976 ], [ 0.007140893173586, 51.603072789145216 ], [ 0.007078661675882, 51.603033495123164 ], [ 0.007004619474533, 51.603006686876967 ], [ 0.006984194599739, 51.602995417872741 ], [ 0.00695983646322, 51.602982224293115 ], [ 0.006926332634046, 51.602969250078147 ], [ 0.00687387890663, 51.602942594091573 ], [ 0.006866888227328, 51.602940924138764 ], [ 0.00686118103288, 51.602939542476676 ], [ 0.006784867330188, 51.602911482528704 ], [ 0.006729033653832, 51.602882510263129 ], [ 0.006707304775028, 51.602874743625392 ], [ 0.00664853011868, 51.602853744036004 ], [ 0.006635628656042, 51.602845089041509 ], [ 0.00662851580423, 51.602840318744157 ], [ 0.006581803226929, 51.602825965156399 ], [ 0.006577970883146, 51.602823872485445 ], [ 0.006502284986704, 51.602782524178068 ], [ 0.006489505241039, 51.602777940701685 ], [ 0.006458427128477, 51.602766754867943 ], [ 0.006440441768086, 51.602758735331136 ], [ 0.006406534387825, 51.602743641153985 ], [ 0.006400819734542, 51.602742416968326 ], [ 0.006325944560205, 51.602726341670319 ], [ 0.006315113431356, 51.602721410120303 ], [ 0.006227538857917, 51.602681105735137 ], [ 0.006223543089435, 51.602677761391803 ], [ 0.00621020713895, 51.602669729774021 ], [ 0.006201126449964, 51.602665851885398 ], [ 0.006130335998818, 51.602636289796799 ], [ 0.00612494964491, 51.602634322599428 ], [ 0.006100206879475, 51.602625006720956 ], [ 0.005977248301817, 51.602578751566753 ], [ 0.005921586642328, 51.602570148573832 ], [ 0.005917028299803, 51.602567636654413 ], [ 0.005891940620804, 51.602553767426855 ], [ 0.00587981248889, 51.602545287984661 ], [ 0.005866581733134, 51.602536036049081 ], [ 0.005858040740727, 51.602532279302515 ], [ 0.005757465571918, 51.602488091766169 ], [ 0.005736953046968, 51.602479081194133 ], [ 0.005706898274944, 51.602460629723524 ], [ 0.005697616902785, 51.602457766888826 ], [ 0.005671675558785, 51.602449757347415 ], [ 0.005658787801263, 51.602443700864292 ], [ 0.005620212711671, 51.602425565870305 ], [ 0.005613286974964, 51.602423400151487 ], [ 0.005565552642065, 51.602408452174245 ], [ 0.005540792023919, 51.602400692200789 ], [ 0.005509262395225, 51.602377931504208 ], [ 0.005497482691876, 51.602373753487058 ], [ 0.005479350891673, 51.602367319005864 ], [ 0.005407806357696, 51.60234192396161 ], [ 0.005391774300647, 51.602333655079242 ], [ 0.00537074830874, 51.602322818754423 ], [ 0.005331482747739, 51.602307689984144 ], [ 0.005326694020837, 51.60230584742817 ], [ 0.005291624593103, 51.602287629945408 ], [ 0.005153208977241, 51.602248184731877 ], [ 0.005141597593265, 51.602244876079588 ], [ 0.005120888236225, 51.602243031309079 ], [ 0.005106161472742, 51.602237676140604 ], [ 0.005017024334253, 51.602205288589438 ], [ 0.004991893958748, 51.602198964638404 ], [ 0.004916780598613, 51.602180068941678 ], [ 0.004903958263707, 51.60217975747878 ], [ 0.004870000789904, 51.602178916886743 ], [ 0.004853959230437, 51.60217698781809 ], [ 0.004804339219935, 51.602171019321226 ], [ 0.004777183787265, 51.602169864647252 ], [ 0.004760777582375, 51.602169164777109 ], [ 0.004755308146831, 51.602167603605444 ], [ 0.004722755625021, 51.602158330975762 ], [ 0.004718303567456, 51.602156590555076 ], [ 0.004704857694774, 51.602152611790252 ], [ 0.004642195254017, 51.602134114690763 ], [ 0.004629233085588, 51.602130298511597 ], [ 0.004601810295627, 51.602127498242112 ], [ 0.004548825529764, 51.602117751824771 ], [ 0.004523274358091, 51.602115643459342 ], [ 0.004515635971097, 51.602114344143637 ], [ 0.004454017530156, 51.602103814456278 ], [ 0.00443193146153, 51.60210300474423 ], [ 0.004386385754631, 51.602101345824423 ], [ 0.004367472920077, 51.602097172653252 ], [ 0.00434224606154, 51.602091605589543 ], [ 0.004323030257712, 51.602089406944444 ], [ 0.004279504632926, 51.602084431214777 ], [ 0.004256411789998, 51.602079448163394 ], [ 0.004251250353898, 51.602078322341079 ], [ 0.004240986782517, 51.60207610565292 ], [ 0.004197152683678, 51.602074291529917 ], [ 0.004177637853353, 51.602073500799115 ], [ 0.004147172131237, 51.602067672472273 ], [ 0.004127056193018, 51.602066019728333 ], [ 0.004045064211337, 51.602059299933174 ], [ 0.003953456499362, 51.60207033363001 ], [ 0.003931100722489, 51.602076191870253 ], [ 0.00392540464346, 51.602077682988678 ], [ 0.003874868701029, 51.602090928730092 ], [ 0.003758729912612, 51.601987996700032 ], [ 0.003714544719993, 51.601948829086943 ], [ 0.003659348555247, 51.60183466326388 ], [ 0.003658500561081, 51.601831143695328 ], [ 0.003637379406737, 51.601823051430735 ], [ 0.003628698613422, 51.601819719573939 ], [ 0.003573454845376, 51.601804728234789 ], [ 0.003630448317004, 51.601773827985532 ], [ 0.003655881870196, 51.601783771001756 ], [ 0.003674527272909, 51.601791060246128 ], [ 0.003733035281445, 51.601808037089967 ], [ 0.003913015397014, 51.601796150717085 ], [ 0.003962013083797, 51.601792912882203 ], [ 0.003968492475575, 51.601792487480829 ], [ 0.003911771881092, 51.601510956977258 ], [ 0.003912378385258, 51.601500128646336 ], [ 0.003918323651876, 51.601393717820017 ], [ 0.003920440294489, 51.601383735968376 ], [ 0.003924779319375, 51.60136322191655 ], [ 0.003931496033318, 51.601345221123069 ], [ 0.003998409477476, 51.601166017813277 ], [ 0.004006186342518, 51.60114520223717 ], [ 0.004013524095624, 51.601116705575208 ], [ 0.004038346012327, 51.601043523299957 ], [ 0.004047899956717, 51.601020105509825 ], [ 0.004068128502895, 51.600970517063629 ], [ 0.004087953200303, 51.600921924684243 ], [ 0.004100085919022, 51.600883607229399 ], [ 0.004141670832603, 51.600752316801973 ], [ 0.004170690080201, 51.600672803991841 ], [ 0.004182280147777, 51.600649720091432 ], [ 0.004217726437816, 51.600579098961646 ], [ 0.004275728858016, 51.60046354405555 ], [ 0.004586227500512, 51.599844966056182 ], [ 0.004628782093444, 51.599775096290493 ], [ 0.004570454113223, 51.599774618199945 ], [ 0.004441202084381, 51.599773553421144 ], [ 0.004426915878307, 51.599773428824186 ], [ 0.004419679186327, 51.599773372620263 ], [ 0.004402393781853, 51.599772687780145 ], [ 0.004233607483824, 51.599782810350916 ], [ 0.004224039267571, 51.599782928852896 ], [ 0.003886786921581, 51.599787152290794 ], [ 0.003881158534219, 51.599787221452672 ], [ 0.003610685530286, 51.599781185121856 ], [ 0.003467892557861, 51.599783479885545 ], [ 0.00342847843006, 51.599783613432152 ], [ 0.003245716132788, 51.599784252460275 ], [ 0.003207788808041, 51.599782076477297 ], [ 0.003075585067085, 51.599774469174385 ], [ 0.002460254013263, 51.599713439450191 ], [ 0.002347081709377, 51.599595925353228 ], [ 0.002228887550936, 51.599473209373002 ], [ 0.00221381849689, 51.599457568036016 ], [ 0.002117698305464, 51.599357747511164 ], [ 0.001987704006983, 51.599222769317478 ], [ 0.001955796012817, 51.599189646389561 ], [ 0.00186452733106, 51.599220923692727 ], [ 0.001857728000291, 51.599223260837036 ], [ 0.001548194497271, 51.599408389890655 ], [ 0.001406929618161, 51.599464511436004 ], [ 0.001193398928521, 51.599549328240492 ], [ 0.001136181065043, 51.599570501125356 ], [ 0.001026391128575, 51.59961112195581 ], [ 0.000923435430681, 51.599649216153395 ], [ 0.000823974950847, 51.599686018684871 ], [ 0.000572622944237, 51.599779014853404 ], [ 0.000539800674243, 51.59979115671684 ], [ 0.000509621499216, 51.599802327286568 ], [ 0.000361641110436, 51.599783493744958 ], [ 0.000329283575786, 51.599781554586272 ], [ 0.000322762234646, 51.599781018330091 ], [ 0.000308052356831, 51.599779794396206 ], [ 0.000291343028152, 51.599778415712535 ], [ 0.000171206373036, 51.599773162237959 ], [ 0.000141158115414, 51.599772514524723 ], [ 0.000126220132983, 51.599772508425048 ], [ 0.000117250195903, 51.599771618240261 ], [ 0.000031684731299, 51.599763140459551 ], [ -0.00000273059668, 51.599759716585439 ], [ -0.000122464742249, 51.599754419983903 ], [ -0.000149227173103, 51.599719410372948 ], [ -0.000179028805969, 51.599679965384119 ], [ -0.00021553595435, 51.599689085466984 ], [ -0.000234232684447, 51.599693747477524 ], [ -0.000270597147289, 51.599702829140242 ], [ -0.000447849030403, 51.599747098275223 ], [ -0.000529762402759, 51.599767549165222 ], [ -0.000536907780131, 51.599769244606698 ], [ -0.000644603215625, 51.599794792853487 ], [ -0.000656607071552, 51.599797650168099 ], [ -0.000694106231016, 51.599806544202757 ], [ -0.000815577956106, 51.599835366465655 ], [ -0.000827739369627, 51.599838253423329 ], [ -0.00110139444995, 51.599903183031323 ], [ -0.001124269186643, 51.599907736227948 ], [ -0.001446680205739, 51.599971850074304 ], [ -0.001564089987452, 51.599995197916378 ], [ -0.001645354904277, 51.600011365679649 ], [ -0.001716959175967, 51.600018988045903 ], [ -0.001745963239088, 51.600022071928343 ], [ -0.001744781115887, 51.600049028781783 ], [ -0.001742674567927, 51.600097065894253 ], [ -0.001740446648913, 51.600147870576471 ], [ -0.001709224053476, 51.600201301664377 ], [ -0.001708484604658, 51.600204004751276 ], [ -0.001692037104577, 51.600263946195213 ], [ -0.00166310457379, 51.600305654315513 ], [ -0.001630380497492, 51.600352819126535 ], [ -0.001594834738148, 51.600390898576322 ], [ -0.001542092804219, 51.600447380251083 ], [ -0.001509021327152, 51.600493244318912 ], [ -0.001466278730345, 51.600552504655987 ], [ -0.001448561710302, 51.600547553764173 ], [ -0.00142582077187, 51.600567588202104 ], [ -0.001448105082956, 51.600577706618395 ], [ -0.001452734668915, 51.600579808779827 ], [ -0.001461413685192, 51.600583742438744 ], [ -0.00145408207321, 51.600584642685874 ], [ -0.001398739096518, 51.600591442417461 ], [ -0.001378310474691, 51.600609456970673 ], [ -0.001348286029361, 51.600636039709748 ], [ -0.001336161012539, 51.600712448724693 ], [ -0.001325659446459, 51.600778678979069 ], [ -0.00132888657939, 51.600781809368321 ], [ -0.001357642374424, 51.60080964523317 ], [ -0.001360523372789, 51.60081243700467 ], [ -0.001423759383722, 51.600860400782736 ], [ -0.001473157435452, 51.600932165585093 ], [ -0.001474895550523, 51.600934677104398 ], [ -0.00151733120904, 51.60099135986912 ], [ -0.00159662498603, 51.601097247544033 ], [ -0.001596434007778, 51.601134841658954 ], [ -0.001596370611049, 51.601146818501583 ], [ -0.001340348239685, 51.601203767917632 ], [ -0.001325328389197, 51.601207109031904 ], [ -0.001213077879378, 51.601255005919342 ], [ -0.00118021850244, 51.601269013880064 ], [ -0.001121690995692, 51.601309858608154 ], [ -0.00111595672694, 51.601370765624935 ], [ -0.001112673093744, 51.60140560934051 ], [ -0.001111719723873, 51.60140972962057 ], [ -0.001137110913359, 51.601424082489494 ], [ -0.00114499385939, 51.601427732828519 ], [ -0.001222325431344, 51.601463491273378 ], [ -0.001232612454008, 51.601471588854778 ], [ -0.001312983768658, 51.60153482594702 ], [ -0.001326551321615, 51.601545497282963 ], [ -0.001378439195411, 51.601598708139001 ], [ -0.001383060346222, 51.601605612114298 ], [ -0.001396909772491, 51.601626314807227 ], [ -0.001399267502097, 51.601629844033269 ], [ -0.001416345705515, 51.601641465406409 ], [ -0.001445847209573, 51.601661535457708 ], [ -0.001449905872918, 51.601667107960388 ], [ -0.001484692195331, 51.601714829829994 ], [ -0.001492306013454, 51.601725273837644 ], [ -0.001493251623344, 51.601735316508652 ], [ -0.001499163802373, 51.60179836425101 ], [ -0.001499496694393, 51.601801966894833 ], [ -0.001489244069331, 51.601845738292553 ], [ -0.00148759143799, 51.601852796182179 ], [ -0.001490599558759, 51.60188724797662 ], [ -0.001490057338971, 51.601890390589475 ], [ -0.001484405047339, 51.601923440429481 ], [ -0.001490229222434, 51.601942091022522 ], [ -0.001491357314535, 51.60194567124082 ], [ -0.001496118453058, 51.601960904586825 ], [ -0.00149817683664, 51.60200910312394 ], [ -0.001498540150722, 51.602017607162345 ], [ -0.00149460173281, 51.602024761006277 ], [ -0.001476150887611, 51.602058240310733 ], [ -0.001473377447015, 51.60207175366304 ], [ -0.001471506382274, 51.602080498410004 ], [ -0.001462609107212, 51.602099302918312 ], [ -0.00145412563298, 51.602117233215843 ], [ -0.001451913316043, 51.602121907569909 ], [ -0.001449030618638, 51.602125734209174 ], [ -0.001445840403373, 51.60212998724738 ], [ -0.001440295476701, 51.60215367779184 ], [ -0.001427023456541, 51.602210310897433 ], [ -0.001418606764555, 51.602221453043278 ], [ -0.001411043435483, 51.602238158056259 ], [ -0.001404918347847, 51.602251704244523 ], [ -0.001399880931595, 51.602262841001433 ], [ -0.001392141512082, 51.602279938681676 ], [ -0.001378825142625, 51.602298748848746 ], [ -0.0013745471541, 51.602304754867596 ], [ -0.00135956551798, 51.602348679517718 ], [ -0.001357581846159, 51.602353079000103 ], [ -0.001353980316232, 51.602357819615015 ], [ -0.001336935698769, 51.602392154662247 ], [ -0.001333797010538, 51.602403130422118 ], [ -0.001330071097741, 51.602417122134135 ], [ -0.001336237835849, 51.602424511046806 ], [ -0.001395835952634, 51.602515612393717 ], [ -0.0013997197954, 51.602521550605587 ], [ -0.001397081346713, 51.602525075662442 ], [ -0.001235054313059, 51.602741270837029 ], [ -0.001232128963907, 51.602745179477772 ], [ -0.001235231189309, 51.602747210656275 ], [ -0.001167422751318, 51.602972170428153 ], [ -0.001158805076136, 51.602976699701173 ], [ -0.001118156361762, 51.60299804774327 ], [ -0.001093870725393, 51.603010798977358 ], [ -0.000959981984959, 51.603060692288025 ], [ -0.000982110059947, 51.603092821553581 ], [ -0.000986603568874, 51.603099345680903 ], [ -0.000996703398625, 51.603134417388475 ], [ -0.001000801587996, 51.603148632307608 ], [ -0.001003555817877, 51.603231796332437 ], [ -0.000976093988504, 51.603296343843404 ], [ -0.000969514346856, 51.603304118125742 ], [ -0.000880689930403, 51.603409048444817 ], [ -0.000878344647764, 51.603411814131761 ], [ -0.000886021354896, 51.603419183825075 ], [ -0.000892132554213, 51.603425043095591 ], [ -0.00089175130019, 51.603429451888211 ], [ -0.000882297853318, 51.603538225248215 ], [ -0.000882060928112, 51.603540990883239 ], [ -0.000842206107252, 51.603637502204712 ], [ -0.000809199388347, 51.603665841599515 ], [ -0.000800890741443, 51.603672867025765 ], [ -0.000702770570856, 51.603731291863205 ], [ -0.000692420445742, 51.603737450701729 ], [ -0.000686356075512, 51.603739734875155 ], [ -0.000713515203056, 51.603830292849572 ], [ -0.000713638064064, 51.603833415319599 ], [ -0.000722537768046, 51.604069510590357 ], [ -0.000722739119147, 51.60407479258302 ], [ -0.00072398213187, 51.604107663143168 ], [ -0.000694242537655, 51.604112722804338 ], [ -0.000675971233156, 51.604126286856918 ], [ -0.000621100482316, 51.604135378594549 ], [ -0.000284738122062, 51.604217962222819 ], [ -0.000164680500749, 51.604247434900863 ], [ -0.000121556638653, 51.604258021509146 ], [ -0.00009755662695, 51.60426391621904 ], [ -0.000000365390466, 51.604278446294551 ], [ 0.000150393057041, 51.604300983834797 ], [ 0.000235751757528, 51.604313746045513 ], [ 0.000245979662368, 51.604316458293759 ], [ 0.000260986270225, 51.604320455942933 ], [ 0.000382775387649, 51.604352839114874 ], [ 0.000454329562101, 51.604371870416344 ], [ 0.000480908311839, 51.604378935039037 ], [ 0.000601616890492, 51.604411039669429 ], [ 0.00060944866, 51.604413118302055 ], [ 0.000711688527916, 51.604458729603508 ], [ 0.000735329694466, 51.604469270379887 ], [ 0.000788032978859, 51.604492777387144 ], [ 0.000986164697635, 51.604581158350591 ], [ 0.0010145731301, 51.604588776176719 ], [ 0.001047497028401, 51.604597602925374 ], [ 0.001093602211113, 51.604609963756197 ], [ 0.001291774801267, 51.604663102109335 ], [ 0.001375772503154, 51.604685616600207 ], [ 0.001514541968117, 51.604722825830834 ], [ 0.00157583274922, 51.60473108771609 ], [ 0.001675867849212, 51.604744569821875 ], [ 0.001729575046555, 51.604751800948073 ], [ 0.001771079713617, 51.604757396732992 ], [ 0.001788491070841, 51.604710968389682 ], [ 0.001821739222279, 51.604622373998815 ], [ 0.001831096161005, 51.604597386187905 ], [ 0.001836228138721, 51.604583711029015 ], [ 0.001843648040982, 51.604563935919224 ], [ 0.00184663383235, 51.604555971616087 ], [ 0.001869832345789, 51.604499606773103 ], [ 0.00188308962793, 51.604467421394247 ], [ 0.001894584068194, 51.604439483551928 ], [ 0.001907110643361, 51.604409073156774 ], [ 0.001938646246535, 51.604332449916534 ], [ 0.00193966396221, 51.604329977611222 ], [ 0.001954421023984, 51.604294133675403 ], [ 0.001962575581836, 51.60427431904165 ], [ 0.001991738308838, 51.604203509420472 ], [ 0.002002175165621, 51.604178125477503 ], [ 0.002031754493322, 51.604106283589559 ], [ 0.002039530800896, 51.604087392631037 ], [ 0.002029890884033, 51.60407966169857 ], [ 0.002021852680938, 51.604073216341106 ], [ 0.002006943713505, 51.604061258910555 ], [ 0.001940242081295, 51.604007749567579 ], [ 0.00188675218796, 51.603968978287391 ], [ 0.001860454601482, 51.60394991323377 ], [ 0.001804836733234, 51.603894596111793 ], [ 0.001782215485581, 51.603872105149392 ], [ 0.001778923169477, 51.603868825104271 ], [ 0.001833085529249, 51.603853585174143 ], [ 0.001840888351538, 51.603851392793381 ], [ 0.001879987056257, 51.60384038447571 ], [ 0.001945919174857, 51.603836651904977 ], [ 0.001981644252277, 51.603834639619826 ] ] ] } },
{ "type": "Feature", "properties": { "lsoa21cd": "E01004419", "lsoa21nm": "Waltham Forest 008E", "msoa21cd": "E02000902", "msoa21nm": "Waltham Forest 008", "lad22cd": "E09000031", "lad22nm": "Waltham Forest", "index_right": 343, "GSS_CODE": "E05000597", "risk_score": 10.0, "allocation_hours": 147.1881235710664, "patrol_units": 74 }, "geometry": { "type": "Polygon", "coordinates": [ [ [ -0.009104871713848, 51.608267599213534 ], [ -0.009100892525011, 51.608233423563789 ], [ -0.00899888231417, 51.60823651249909 ], [ -0.008989626918261, 51.608236796069335 ], [ -0.008765173136312, 51.608243580075836 ], [ -0.00875034867903, 51.60825232087678 ], [ -0.008729811708935, 51.608254966802058 ], [ -0.008619487920686, 51.608269163796209 ], [ -0.008594079382295, 51.608288093167324 ], [ -0.008585046497124, 51.608294846011646 ], [ -0.008655905350006, 51.608600495025087 ], [ -0.008323832857822, 51.60860975904275 ], [ -0.00807228846333, 51.608617583640466 ], [ -0.008060452496199, 51.608610332665883 ], [ -0.008057895883272, 51.608582610676301 ], [ -0.008051562113825, 51.60851380126352 ], [ -0.008046752796056, 51.608461644665475 ], [ -0.008037685642556, 51.608363212862351 ], [ -0.008053165818163, 51.608333710850808 ], [ -0.008045677482796, 51.60833173128654 ], [ -0.008034541886348, 51.608329105295411 ], [ -0.008034186284714, 51.608325349430096 ], [ -0.00803362011967, 51.608319144058918 ], [ -0.008027988962458, 51.608258044057912 ], [ -0.008005605846493, 51.607964197268913 ], [ -0.008026052588762, 51.60796394191749 ], [ -0.008036340311388, 51.607963828821568 ], [ -0.008036234773779, 51.607957658247464 ], [ -0.008035360741503, 51.607907982912074 ], [ -0.008031715205996, 51.607700812690375 ], [ -0.008030117195832, 51.607610906576689 ], [ -0.008046210206742, 51.607609480236682 ], [ -0.008245721902187, 51.607591753165678 ], [ -0.008272297448501, 51.607589389688748 ], [ -0.008338192182968, 51.607583539176588 ], [ -0.008550128646275, 51.607564709615929 ], [ -0.008596305622821, 51.607560610516906 ], [ -0.008626360359176, 51.607557946317122 ], [ -0.008627760615431, 51.607525930191329 ], [ -0.008667710017923, 51.607518928732375 ], [ -0.008672570926547, 51.60751807602481 ], [ -0.008836208522286, 51.607489442803697 ], [ -0.00885217359373, 51.607486647340075 ], [ -0.008857020064674, 51.607485794379976 ], [ -0.008873523412128, 51.607482909132166 ], [ -0.008964307398274, 51.607467013515794 ], [ -0.009154087942075, 51.607451844480011 ], [ -0.009158218131286, 51.607451518896973 ], [ -0.00930231842108, 51.607439989764565 ], [ -0.009554821884993, 51.607419823420955 ], [ -0.009561589944278, 51.607419281795742 ], [ -0.009717022797251, 51.607406856334222 ], [ -0.009763739655278, 51.607404276661086 ], [ -0.009776956998246, 51.607403547674473 ], [ -0.009913098309441, 51.607396010295759 ], [ -0.009921364459769, 51.607395557007003 ], [ -0.009983571995495, 51.607392111450586 ], [ -0.010065366232302, 51.607387595251822 ], [ -0.010076108366178, 51.607386995106118 ], [ -0.010238191234692, 51.607378044898688 ], [ -0.010262408199086, 51.607363222494399 ], [ -0.010280853155498, 51.607351926130562 ], [ -0.010451751532501, 51.607406953067546 ], [ -0.010451507466075, 51.607403945472882 ], [ -0.0104495174348, 51.607380081911899 ], [ -0.010444583893078, 51.607321125118965 ], [ -0.010444026940743, 51.607314371387027 ], [ -0.010439894523656, 51.607264843203396 ], [ -0.01043949917084, 51.607260340307519 ], [ -0.010438766190131, 51.607251335494603 ], [ -0.01043810890434, 51.607243572914179 ], [ -0.010436495093502, 51.607224319832142 ], [ -0.010436240131344, 51.607221231121095 ], [ -0.010435747682553, 51.60721531477445 ], [ -0.010435008813231, 51.607206444747305 ], [ -0.010433466966397, 51.607187858321772 ], [ -0.010430867870373, 51.607156781531749 ], [ -0.010430276755759, 51.607149487677148 ], [ -0.010429779596376, 51.607143679159094 ], [ -0.010428810998994, 51.607132134498194 ], [ -0.010428272703695, 51.607125614884225 ], [ -0.010424715914867, 51.607083074548896 ], [ -0.010424317520293, 51.607078310822061 ], [ -0.010422963391294, 51.607062038621727 ], [ -0.010422716186626, 51.607059102912608 ], [ -0.010422358240187, 51.607054735536501 ], [ -0.010421386504595, 51.607043262761131 ], [ -0.010420942655331, 51.607037886781342 ], [ -0.010176348337916, 51.606996096648814 ], [ -0.010170528579584, 51.606995098708239 ], [ -0.010029904752159, 51.606971068992912 ], [ -0.010000862540922, 51.606966107186885 ], [ -0.009988204715862, 51.606963950137555 ], [ -0.009976833961923, 51.606969683255308 ], [ -0.009971960949141, 51.606972136454416 ], [ -0.009910680399859, 51.607002957050057 ], [ -0.009896996459939, 51.60699156538994 ], [ -0.00986539295509, 51.606965243652731 ], [ -0.009862271344363, 51.606962650353253 ], [ -0.009850203698164, 51.606952607984226 ], [ -0.009846306395739, 51.606949754235885 ], [ -0.009786341934987, 51.606929484364564 ], [ -0.009758021182146, 51.606919912648266 ], [ -0.009751033717602, 51.60691754602005 ], [ -0.009734129606769, 51.606911830562296 ], [ -0.009544193815111, 51.606847619335689 ], [ -0.009498439854329, 51.606832149535592 ], [ -0.009489552583307, 51.606829139177172 ], [ -0.009482970538295, 51.606826914296363 ], [ -0.009433131870321, 51.606810071272854 ], [ -0.009426870207865, 51.606807950740716 ], [ -0.009327308043853, 51.606774275568348 ], [ -0.009288001121814, 51.606760983319816 ], [ -0.00927080927099, 51.606755179280846 ], [ -0.009254692037484, 51.606749735183946 ], [ -0.009246544603306, 51.606746980154234 ], [ -0.009150412246489, 51.606714469085425 ], [ -0.009135540466948, 51.606709441770334 ], [ -0.009085353597083, 51.606692475782808 ], [ -0.008993640009497, 51.60666146485692 ], [ -0.008989726691709, 51.606660135016611 ], [ -0.008973459962799, 51.606654643380438 ], [ -0.008767562251503, 51.60658501901127 ], [ -0.008757856296731, 51.606581742913235 ], [ -0.008683910848499, 51.606556738969019 ], [ -0.008679741131319, 51.606555328330771 ], [ -0.008615942378636, 51.606533760797873 ], [ -0.00861231357486, 51.606532530193682 ], [ -0.008532761091736, 51.606505632500756 ], [ -0.00852834959471, 51.60650413682135 ], [ -0.008510204421687, 51.606498010742733 ], [ -0.008499403041154, 51.606494356332533 ], [ -0.008479294310589, 51.606487558458774 ], [ -0.00845683749542, 51.606479965362219 ], [ -0.008435092408499, 51.60647260915254 ], [ -0.008353149142291, 51.606444906395446 ], [ -0.008335915409711, 51.60643907452522 ], [ -0.008375775701602, 51.606373998790076 ], [ -0.008406389088476, 51.606360526297813 ], [ -0.00842187969879, 51.606353712239297 ], [ -0.008477010969036, 51.606329433412839 ], [ -0.008493282509359, 51.606322263913228 ], [ -0.008546027566017, 51.606299050615618 ], [ -0.008712021960759, 51.606126939076461 ], [ -0.008716438924004, 51.606122364977104 ], [ -0.0087414448387, 51.606096432688567 ], [ -0.008786238874678, 51.606110384788401 ], [ -0.008799239639096, 51.606114930779398 ], [ -0.008814786194123, 51.606120374253102 ], [ -0.008823562307404, 51.606123445727597 ], [ -0.008833006847224, 51.606126753355618 ], [ -0.008969783583464, 51.606174621078779 ], [ -0.008976169911612, 51.606176860654891 ], [ -0.009041670772106, 51.606199787759614 ], [ -0.009055368482527, 51.606204579350191 ], [ -0.009091169965486, 51.606217110799207 ], [ -0.009139974350699, 51.606166430557373 ], [ -0.009145866909803, 51.606159485010132 ], [ -0.009078190681184, 51.605838517682876 ], [ -0.009077629910517, 51.605835819441523 ], [ -0.009069219716724, 51.605795975311317 ], [ -0.009068325607081, 51.605791652782585 ], [ -0.009060212547209, 51.605753270460916 ], [ -0.00904973530202, 51.605703562565466 ], [ -0.009046385807009, 51.605687688106137 ], [ -0.009032140858877, 51.605620111332271 ], [ -0.009024844515105, 51.60558551067809 ], [ -0.009022380207316, 51.605573832701879 ], [ -0.009018253039037, 51.605554276147366 ], [ -0.00901253506075, 51.605527174955448 ], [ -0.009010620627609, 51.60551811410425 ], [ -0.009003469191988, 51.605484163358859 ], [ -0.009001351874542, 51.605474127885913 ], [ -0.008990048372528, 51.605420530236437 ], [ -0.008981542909422, 51.60538022586487 ], [ -0.009082852182851, 51.60537519183984 ], [ -0.009089084710611, 51.60493306971312 ], [ -0.009089209300578, 51.604923944548439 ], [ -0.0090905645812, 51.604827218389822 ], [ -0.009107827566767, 51.604820479293885 ], [ -0.009139238092774, 51.604808234138495 ], [ -0.009157911739583, 51.604800278023966 ], [ -0.00927810075239, 51.604749181483179 ], [ -0.009332904218119, 51.604723098266085 ], [ -0.00943111195192, 51.604676331612815 ], [ -0.009481721472681, 51.604658971728661 ], [ -0.009512671080923, 51.604648346280541 ], [ -0.009560988859619, 51.60463848310409 ], [ -0.009601001176992, 51.604630313445995 ], [ -0.009732452169033, 51.604617238518131 ], [ -0.009738340446665, 51.604617653145453 ], [ -0.009789129851716, 51.60462128442326 ], [ -0.009809538566601, 51.604616909637805 ], [ -0.00984016625876, 51.604610343204961 ], [ -0.009869357005771, 51.604601630184447 ], [ -0.009890456608059, 51.60459532474912 ], [ -0.009906177428548, 51.60456868619881 ], [ -0.009912868372521, 51.604557343395413 ], [ -0.009940522945561, 51.604554701139698 ], [ -0.01004882214169, 51.604544326517477 ], [ -0.010146766318196, 51.604616254348777 ], [ -0.010161052197111, 51.604617162092069 ], [ -0.010208875753749, 51.604620257293945 ], [ -0.010288850888912, 51.604620246865395 ], [ -0.010324390365641, 51.604620247123478 ], [ -0.010431344374994, 51.604610253989769 ], [ -0.01048348402073, 51.604600500215561 ], [ -0.010527803866612, 51.604592232439714 ], [ -0.010549472541986, 51.604585459942037 ], [ -0.010685597262656, 51.604542810819559 ], [ -0.010893166623952, 51.604286355990766 ], [ -0.010909220985481, 51.604269587623492 ], [ -0.010972605401668, 51.604203399249748 ], [ -0.011081047461828, 51.604155015312621 ], [ -0.011092445684362, 51.604149957000423 ], [ -0.011172343605304, 51.604114334839231 ], [ -0.011271472315446, 51.60409732913714 ], [ -0.01132545557222, 51.604080394367884 ], [ -0.011375199882604, 51.604057353830648 ], [ -0.011407473329243, 51.604035905528754 ], [ -0.011418895962847, 51.604028302755694 ], [ -0.011455613603048, 51.603993378252866 ], [ -0.011478803821686, 51.603958368324676 ], [ -0.011487680420428, 51.603936316592069 ], [ -0.011507234564239, 51.603887678218761 ], [ -0.01150815804912, 51.603885380131793 ], [ -0.01158086337343, 51.603848772525815 ], [ -0.011587352573074, 51.603845510370832 ], [ -0.0116187731309, 51.60383548587064 ], [ -0.011679062162527, 51.603816337791649 ], [ -0.011765261536517, 51.603771146248583 ], [ -0.011805744252808, 51.603705378640932 ], [ -0.011809068558564, 51.603690759413169 ], [ -0.011819147660376, 51.603646453909946 ], [ -0.011852382003225, 51.603629446033068 ], [ -0.011968130259504, 51.603594260069855 ], [ -0.01204629584746, 51.603570495921289 ], [ -0.012056987537988, 51.603565407563629 ], [ -0.012096997795782, 51.603546338286435 ], [ -0.01211411259892, 51.603536026283365 ], [ -0.012149825593427, 51.603514501190794 ], [ -0.012195808510355, 51.603474392001701 ], [ -0.01223585148345, 51.603425459540723 ], [ -0.012239760663585, 51.603416956040206 ], [ -0.012276731186191, 51.603336516162337 ], [ -0.012285797889642, 51.603328954324738 ], [ -0.012371345361478, 51.603257475591292 ], [ -0.012451020964684, 51.603210347596871 ], [ -0.012513992476983, 51.603180004089516 ], [ -0.012552433119368, 51.603161483588721 ], [ -0.012584665974556, 51.603149871963566 ], [ -0.012615607800605, 51.603138724046985 ], [ -0.01262088964715, 51.603136817218839 ], [ -0.012649616454149, 51.603126459067852 ], [ -0.012681728530136, 51.603117382120971 ], [ -0.012738263273346, 51.603101406286697 ], [ -0.012784937659242, 51.603091756791727 ], [ -0.012810613790517, 51.60308644560363 ], [ -0.012829338996776, 51.603082572348079 ], [ -0.012938212869198, 51.603069525162866 ], [ -0.013077776572231, 51.603063013580027 ], [ -0.013132661432276, 51.603060454117816 ], [ -0.013180766548121, 51.60305276206094 ], [ -0.013379046810899, 51.603021067742709 ], [ -0.01345726789741, 51.603008571078909 ], [ -0.013651621935746, 51.602977493242861 ], [ -0.013725081459825, 51.602968215980745 ], [ -0.013755327885733, 51.602964393775316 ], [ -0.013917028965999, 51.602943967139304 ], [ -0.013991955216484, 51.602934498727421 ], [ -0.014048295665284, 51.602928690260541 ], [ -0.01431602962488, 51.602901065685927 ], [ -0.014379288714504, 51.602894555865596 ], [ -0.01443977796452, 51.602888313863332 ], [ -0.014474511948292, 51.602884733788521 ], [ -0.014602895043417, 51.602871498217496 ], [ -0.014614500073264, 51.602870291813439 ], [ -0.014623479188504, 51.602869364692481 ], [ -0.014627540713589, 51.602868947841927 ], [ -0.014662528564712, 51.602865340535317 ], [ -0.014680066365715, 51.602863524132133 ], [ -0.014704205476319, 51.602862655733212 ], [ -0.014729805530495, 51.602861731121799 ], [ -0.014763128771778, 51.602860532546948 ], [ -0.01476839339455, 51.602860342875879 ], [ -0.014774280069388, 51.602860127761971 ], [ -0.014898245372462, 51.60285564311917 ], [ -0.014917445506296, 51.602854947382987 ], [ -0.01493482316516, 51.602854319720926 ], [ -0.015013634148502, 51.602851462843482 ], [ -0.015045110151838, 51.602849243771828 ], [ -0.015057494707955, 51.602848374239535 ], [ -0.015062549931178, 51.602848019149619 ], [ -0.015082945157104, 51.602846574760434 ], [ -0.015100515586994, 51.602845334358513 ], [ -0.015117231127642, 51.602844160420688 ], [ -0.015127254993074, 51.602843448770614 ], [ -0.015158933788326, 51.602841215115149 ], [ -0.015202084915985, 51.602838168408553 ], [ -0.015245062488275, 51.602835127742274 ], [ -0.015290197941037, 51.602831943720922 ], [ -0.015322803759393, 51.602829644774012 ], [ -0.015339548541276, 51.602828462307116 ], [ -0.015347735559189, 51.602827485761118 ], [ -0.015363978941821, 51.602825548441785 ], [ -0.015370264286662, 51.602824800500791 ], [ -0.015531566633745, 51.602805542922106 ], [ -0.015556316427037, 51.60280258945842 ], [ -0.015586582464661, 51.602798973943152 ], [ -0.015599458126081, 51.602797438234326 ], [ -0.015606716139397, 51.602796571848813 ], [ -0.015641656000486, 51.602792405914904 ], [ -0.015769151622575, 51.602771852270109 ], [ -0.015803821238298, 51.602766265420399 ], [ -0.015827074713393, 51.60276252224083 ], [ -0.015859384141469, 51.602756418859911 ], [ -0.016150137812327, 51.602701532474825 ], [ -0.016356427567599, 51.60269638821503 ], [ -0.016486879737095, 51.60269314463347 ], [ -0.016531419126586, 51.602692036289099 ], [ -0.016593667566557, 51.602690480976065 ], [ -0.016590455193718, 51.602702566349429 ], [ -0.016565847278513, 51.602792433587531 ], [ -0.016554462605693, 51.602962619344929 ], [ -0.016549224913537, 51.603040755326617 ], [ -0.016546399620382, 51.603083070564736 ], [ -0.01654168367298, 51.603153438774086 ], [ -0.016538993535038, 51.603193579246522 ], [ -0.016533777126991, 51.603271390961773 ], [ -0.01652248249183, 51.603440166431518 ], [ -0.016516780610799, 51.60352530860078 ], [ -0.016496699439308, 51.60398626810364 ], [ -0.016495862109061, 51.604005488601857 ], [ -0.016494154954692, 51.604044675414549 ], [ -0.016493998370751, 51.604048269710589 ], [ -0.016491610853201, 51.604103073739196 ], [ -0.016491285548962, 51.604110540889131 ], [ -0.016489377955902, 51.604154328400014 ], [ -0.016487724026257, 51.604192293151144 ], [ -0.016485878275759, 51.604234660914564 ], [ -0.016485438661578, 51.604244751900396 ], [ -0.01648103389383, 51.604345859443889 ], [ -0.016480845206989, 51.604350190570408 ], [ -0.016479736181538, 51.604375647170812 ], [ -0.016479425748081, 51.60438277286233 ], [ -0.016479142325749, 51.604389278537795 ], [ -0.016479085367243, 51.604390585962904 ], [ -0.016478603274978, 51.604401651901227 ], [ -0.016476279519514, 51.60445499125116 ], [ -0.016475287928349, 51.604477752129284 ], [ -0.016475130949135, 51.604481355410805 ], [ -0.016475357610517, 51.604485765498559 ], [ -0.016476158478292, 51.604501524658282 ], [ -0.016476504848875, 51.604508490599706 ], [ -0.016477353098705, 51.604525482513509 ], [ -0.016477708864808, 51.604532232797162 ], [ -0.016480320963996, 51.604583983019594 ], [ -0.016480879229638, 51.604595035073991 ], [ -0.016481725186831, 51.604611748185619 ], [ -0.016483360716998, 51.604644148326557 ], [ -0.01648373433014, 51.604651483415012 ], [ -0.016484118992365, 51.604659227842575 ], [ -0.016486450597612, 51.604705483486718 ], [ -0.016486967639144, 51.60471582444756 ], [ -0.016489166869513, 51.604759483557828 ], [ -0.01648965398438, 51.60476918555517 ], [ -0.016490644060142, 51.604777452782692 ], [ -0.016491147670043, 51.604781638247431 ], [ -0.016491782531548, 51.604786954472132 ], [ -0.01649806722187, 51.604839926798185 ], [ -0.016498446573701, 51.604843152475901 ], [ -0.016499146488834, 51.604848964379997 ], [ -0.016501388977606, 51.604867863763651 ], [ -0.016508232373199, 51.604925481094227 ], [ -0.01651734440421, 51.605002061194682 ], [ -0.016524010065531, 51.605058223251596 ], [ -0.016537905211582, 51.605118491146982 ], [ -0.016547098109327, 51.60515841076883 ], [ -0.016551433630173, 51.605177233130924 ], [ -0.016557715165211, 51.605204424307416 ], [ -0.016560911086465, 51.605218245636763 ], [ -0.016566516608548, 51.605242556821707 ], [ -0.016570238878332, 51.605258716069535 ], [ -0.016572365730576, 51.605267906245487 ], [ -0.016576580451545, 51.605286187022195 ], [ -0.016583030768624, 51.605314145399888 ], [ -0.016586201757063, 51.60532787638288 ], [ -0.016587233023968, 51.605332381003336 ], [ -0.016588102164118, 51.605336132021115 ], [ -0.016602260943505, 51.605397478945775 ], [ -0.016603329241963, 51.60540212806972 ], [ -0.016611581782066, 51.60543794475862 ], [ -0.016615462907638, 51.605454767627521 ], [ -0.016620818844737, 51.605478013490156 ], [ -0.016634642121545, 51.605537947431863 ], [ -0.016647130145638, 51.605592067720501 ], [ -0.016651004275278, 51.605608885972714 ], [ -0.016651988399943, 51.60561314700157 ], [ -0.016652898075327, 51.605617128008788 ], [ -0.01665367188934, 51.605620481750471 ], [ -0.016665847996984, 51.605673243412795 ], [ -0.016682051605471, 51.605743513831001 ], [ -0.016683194759864, 51.605748433989675 ], [ -0.016684525411323, 51.605754254755048 ], [ -0.016691986437438, 51.605786629267733 ], [ -0.016693321733313, 51.605792442917533 ], [ -0.016700222350234, 51.605822333259425 ], [ -0.016701157371796, 51.605826395625584 ], [ -0.016711894943165, 51.605872964205162 ], [ -0.016723544569491, 51.605923459875129 ], [ -0.016726593638275, 51.605936676225788 ], [ -0.016727347431243, 51.605939926216031 ], [ -0.01672920540105, 51.605947996789332 ], [ -0.016732983710656, 51.605964363798961 ], [ -0.01673433109816, 51.605970231606413 ], [ -0.016736419610751, 51.605979308724251 ], [ -0.016741885769283, 51.606003010553685 ], [ -0.016745221039181, 51.606014298385155 ], [ -0.016747789545117, 51.606022965472057 ], [ -0.016758149327894, 51.606057985970246 ], [ -0.016758903229327, 51.606060570527724 ], [ -0.016770322562337, 51.606099115953242 ], [ -0.016772412770142, 51.60610616532265 ], [ -0.016773305449647, 51.606109210835953 ], [ -0.01678324407116, 51.606142794426873 ], [ -0.016791003610449, 51.606169048382334 ], [ -0.016791846788664, 51.606171904219217 ], [ -0.01679452914037, 51.606180941915405 ], [ -0.016800117982981, 51.606199839400496 ], [ -0.016810162472139, 51.606233811448504 ], [ -0.016813844586529, 51.606247083457639 ], [ -0.01682946394068, 51.60633359314663 ], [ -0.016832721924954, 51.606351794787734 ], [ -0.016836013248971, 51.606370059938691 ], [ -0.016837946350886, 51.606396795409289 ], [ -0.016839268045938, 51.606415022770598 ], [ -0.016846169543204, 51.606510539308722 ], [ -0.016846494911976, 51.606515005015872 ], [ -0.016847222205709, 51.606526986132103 ], [ -0.0168466945476, 51.606537938892131 ], [ -0.016846532548531, 51.606541326271156 ], [ -0.016843202399854, 51.606609485975596 ], [ -0.016843009868689, 51.606613574242097 ], [ -0.01684219091861, 51.606630385092778 ], [ -0.016840960339215, 51.606655650790231 ], [ -0.016840821042027, 51.606658516996454 ], [ -0.016840048670139, 51.606674258544281 ], [ -0.016838796559095, 51.606700018457111 ], [ -0.016840860665437, 51.606719602723174 ], [ -0.016842795100909, 51.606737853928998 ], [ -0.016845216728919, 51.606760834355228 ], [ -0.016845786880248, 51.606766311343307 ], [ -0.016846073521677, 51.606769013894407 ], [ -0.016846797510722, 51.60677593225931 ], [ -0.016851615487952, 51.606821479035389 ], [ -0.016852340261247, 51.606828379428727 ], [ -0.016853015973537, 51.606834748443916 ], [ -0.016854842117506, 51.606852170522068 ], [ -0.016860514948037, 51.606905941764673 ], [ -0.016861148203443, 51.606911959360289 ], [ -0.016861915437936, 51.606919211172887 ], [ -0.016862283867136, 51.60692268844862 ], [ -0.01686379612894, 51.606937038828377 ], [ -0.016865676429739, 51.606954875469512 ], [ -0.01686784572392, 51.606975360747064 ], [ -0.016869562063154, 51.606991656924222 ], [ -0.016870040698903, 51.60699625111441 ], [ -0.016872362217838, 51.607018546427582 ], [ -0.016872949937155, 51.607023951773293 ], [ -0.016874002253257, 51.607033942079482 ], [ -0.016882470300685, 51.607114054204047 ], [ -0.016885228843308, 51.607140241599382 ], [ -0.016885750332228, 51.607145178223064 ], [ -0.016888717543892, 51.607173139739345 ], [ -0.016889971308811, 51.607185202590287 ], [ -0.016890787221388, 51.607192994766088 ], [ -0.016896143490889, 51.607243757205815 ], [ -0.016897106251304, 51.607252819785202 ], [ -0.016900936993493, 51.607289204644694 ], [ -0.016902315686155, 51.607302311820334 ], [ -0.016903708810738, 51.607315419239846 ], [ -0.016904781389177, 51.607325607719197 ], [ -0.016907336658759, 51.607349831344031 ], [ -0.016908487894615, 51.607360866433858 ], [ -0.016910462486189, 51.607379522970056 ], [ -0.016912772789399, 51.607401413434758 ], [ -0.016914153836274, 51.607414466695545 ], [ -0.016917002756791, 51.60744156384321 ], [ -0.016917700301092, 51.607448095088358 ], [ -0.016919693584484, 51.607466985741041 ], [ -0.016920264924868, 51.607472435770795 ], [ -0.016932785873648, 51.607591130627121 ], [ -0.016933050706653, 51.607593670946464 ], [ -0.016933633349631, 51.607599193105834 ], [ -0.016936463603726, 51.607626056135032 ], [ -0.016937662008196, 51.607637334814505 ], [ -0.016938909475895, 51.607649144871957 ], [ -0.016943425349777, 51.607692015799316 ], [ -0.016946150076332, 51.607717820442765 ], [ -0.016949425117327, 51.60774889491276 ], [ -0.01694996452073, 51.607754083623995 ], [ -0.016957464344387, 51.607825196903761 ], [ -0.016960849035594, 51.607857301950794 ], [ -0.016966065945688, 51.607907122322388 ], [ -0.016957219550288, 51.607906473730544 ], [ -0.016451186808626, 51.6079307393547 ], [ -0.016460296040101, 51.607879315909841 ], [ -0.016486457986699, 51.607731645135608 ], [ -0.016488525149223, 51.607719999014556 ], [ -0.016482453689137, 51.607708862755075 ], [ -0.016470697574355, 51.607687325154785 ], [ -0.01646909226934, 51.607684393485648 ], [ -0.016421737321769, 51.607630358170361 ], [ -0.016418647048698, 51.607628030860099 ], [ -0.016366616711126, 51.607588825799844 ], [ -0.016347039361492, 51.607580734409005 ], [ -0.016284873312515, 51.607555062295148 ], [ -0.016246058022016, 51.607556114572361 ], [ -0.016092338597337, 51.607586751179113 ], [ -0.016083946656757, 51.607588434727916 ], [ -0.016065604926074, 51.607589770186337 ], [ -0.016059331487765, 51.607590230625746 ], [ -0.016029245068684, 51.607588660784771 ], [ -0.016022040366215, 51.607588287170543 ], [ -0.015989065710608, 51.60758903347002 ], [ -0.015983456562808, 51.607589163428877 ], [ -0.015934031884051, 51.607594397492342 ], [ -0.015886791887668, 51.607590262474652 ], [ -0.015863031216718, 51.607588026221073 ], [ -0.01568538809289, 51.6075875218501 ], [ -0.015678838106469, 51.607588031546257 ], [ -0.015653407132568, 51.60758998891297 ], [ -0.015607573993794, 51.607588202100438 ], [ -0.015598333694469, 51.607587812016469 ], [ -0.015590347746016, 51.607587470124052 ], [ -0.015578468776515, 51.607585326861901 ], [ -0.015384602089271, 51.607595212576832 ], [ -0.015373094976794, 51.607596465703104 ], [ -0.015367429089913, 51.607597565847634 ], [ -0.015310392837776, 51.607608610352514 ], [ -0.01529976237307, 51.607609631010867 ], [ -0.015241853409503, 51.607608228783093 ], [ -0.015234074465589, 51.607608438902119 ], [ -0.0151762351306, 51.607610077237446 ], [ -0.015171174369826, 51.607610216434516 ], [ -0.015097034976557, 51.607602797944338 ], [ -0.015052914483433, 51.607603135108505 ], [ -0.01502634353215, 51.607603413963531 ], [ -0.014965164424804, 51.607610436070772 ], [ -0.014952841699824, 51.607611846212038 ], [ -0.014929207680959, 51.607616311220475 ], [ -0.01491297406202, 51.60761765518955 ], [ -0.014890304719393, 51.607619537719195 ], [ -0.014867229279943, 51.607617816428899 ], [ -0.014847152781508, 51.60761736883611 ], [ -0.014717289387994, 51.607624514592928 ], [ -0.014711204520909, 51.607624955670516 ], [ -0.014679684186193, 51.607627124523589 ], [ -0.014601690090845, 51.60763226127483 ], [ -0.014580602043342, 51.607633648946177 ], [ -0.014539870953627, 51.607631107266535 ], [ -0.0145092362474, 51.607629195039344 ], [ -0.014485775973769, 51.60763066844283 ], [ -0.014460650216939, 51.607632248542338 ], [ -0.014414169680951, 51.607638682816578 ], [ -0.014391540608309, 51.60763997243604 ], [ -0.014382144494173, 51.607640505832833 ], [ -0.014377251026128, 51.607640782712465 ], [ -0.014352358096667, 51.60764430907993 ], [ -0.01423602595904, 51.607644021812369 ], [ -0.014223751484694, 51.607643993916071 ], [ -0.014217696061792, 51.607644421978023 ], [ -0.014189141402199, 51.607644487222579 ], [ -0.014127569665074, 51.607644614100288 ], [ -0.014121994466163, 51.607644627644277 ], [ -0.01409890080192, 51.607647959603248 ], [ -0.014068450005222, 51.607648784052707 ], [ -0.014042808795805, 51.607651254575195 ], [ -0.014011728785844, 51.607654253504528 ], [ -0.013963303046582, 51.60765892814203 ], [ -0.013895977820878, 51.607659182317668 ], [ -0.013884927655454, 51.607659229064922 ], [ -0.013874356686878, 51.607658222823673 ], [ -0.013863109797991, 51.607657151185293 ], [ -0.013854777036516, 51.607657145013768 ], [ -0.013827945188436, 51.607657113441292 ], [ -0.013818427196274, 51.607658454042998 ], [ -0.013707970958301, 51.607673934921422 ], [ -0.013686774810394, 51.60767366151137 ], [ -0.013657780679802, 51.607673206622067 ], [ -0.013637445745807, 51.607672889332811 ], [ -0.013513063000328, 51.607682014948544 ], [ -0.013502745186657, 51.607682654067098 ], [ -0.01343173732152, 51.60768406409214 ], [ -0.013403715284256, 51.607686485172486 ], [ -0.013381504130702, 51.607688456102125 ], [ -0.013359065430744, 51.607687698486977 ], [ -0.01335029744863, 51.607687406147022 ], [ -0.013251354967342, 51.607699327240816 ], [ -0.013241051849035, 51.607698802073514 ], [ -0.013172303040736, 51.607695272918832 ], [ -0.013141840671873, 51.607693713954895 ], [ -0.01306576726699, 51.607694709757027 ], [ -0.013060327984524, 51.607694752529532 ], [ -0.013052560706893, 51.607695025648638 ], [ -0.013029214795188, 51.607695862241123 ], [ -0.012973986583721, 51.607702525487845 ], [ -0.012966773578191, 51.607702673102622 ], [ -0.01293811056783, 51.607705550820654 ], [ -0.012869977885493, 51.607712391134598 ], [ -0.012853964102878, 51.607713990330616 ], [ -0.012847813444073, 51.607714614541571 ], [ -0.01282329511325, 51.607718488642853 ], [ -0.012760345638992, 51.607720398937488 ], [ -0.012708658683078, 51.607718390447218 ], [ -0.01268734935438, 51.607717566405157 ], [ -0.012674886574809, 51.607719535960491 ], [ -0.012633465641242, 51.607726181130282 ], [ -0.01256517244841, 51.607730410762159 ], [ -0.012541293173417, 51.607731885674355 ], [ -0.012528854900799, 51.607733293606245 ], [ -0.012477362486574, 51.607734768357908 ], [ -0.012457436468475, 51.607735339043998 ], [ -0.012425433704947, 51.607734329311761 ], [ -0.012405138581731, 51.607735415293924 ], [ -0.012326188788444, 51.607739441779295 ], [ -0.012303941911115, 51.607737432775984 ], [ -0.012271963810491, 51.607734535021088 ], [ -0.012180180109474, 51.607734310902039 ], [ -0.012162769184091, 51.607732846911048 ], [ -0.012130953679264, 51.607730194666317 ], [ -0.01210370075142, 51.607727898480057 ], [ -0.011987541469319, 51.607708763896902 ], [ -0.011951892173552, 51.607720155680546 ], [ -0.011938051307893, 51.607724579207236 ], [ -0.011915218103115, 51.607730540928081 ], [ -0.011896723581113, 51.607735371184113 ], [ -0.011771984775091, 51.607755945220077 ], [ -0.011755264681251, 51.607757181595694 ], [ -0.011671019399265, 51.60776288310894 ], [ -0.011665956664415, 51.607763761295381 ], [ -0.011620770373343, 51.607760720458216 ], [ -0.011605433299976, 51.607767987158702 ], [ -0.011592933756607, 51.607773773241604 ], [ -0.011561843022803, 51.607783956255375 ], [ -0.011386040000609, 51.607858023389717 ], [ -0.011371650983376, 51.607864083166369 ], [ -0.01123018571547, 51.607882718542449 ], [ -0.011221020243475, 51.607883921033569 ], [ -0.011022858578063, 51.607878017102799 ], [ -0.011006819912511, 51.607877538387982 ], [ -0.01099340308649, 51.607899360257669 ], [ -0.010995496834035, 51.607939699598219 ], [ -0.010997334085734, 51.607975331575588 ], [ -0.011003033800969, 51.608085198177541 ], [ -0.011006336031697, 51.608148785319081 ], [ -0.011006587970494, 51.608153762375842 ], [ -0.0110006332153, 51.608153040955976 ], [ -0.010989308103748, 51.608149791561523 ], [ -0.010942935062298, 51.608167295926187 ], [ -0.010751369043694, 51.608175018927682 ], [ -0.010606548052067, 51.6081808544821 ], [ -0.010509918798005, 51.608184746361111 ], [ -0.01057488042593, 51.608200262640068 ], [ -0.010530291008509, 51.608201071259209 ], [ -0.010443308503155, 51.608202662742919 ], [ -0.010372788966182, 51.608203948828837 ], [ -0.010239882067939, 51.608207153365392 ], [ -0.010220292567565, 51.608208610637504 ], [ -0.010211584300928, 51.608209263277821 ], [ -0.010267754618208, 51.608589190826052 ], [ -0.010263155162327, 51.608589346629614 ], [ -0.010140129869415, 51.608593447037343 ], [ -0.01013443125562, 51.608593638149294 ], [ -0.010048996517121, 51.608596478572252 ], [ -0.010013387785011, 51.608597664126329 ], [ -0.009999879223208, 51.608598109444742 ], [ -0.009816223903978, 51.608604220612342 ], [ -0.009716600318617, 51.608607539512796 ], [ -0.00959369443545, 51.608617495418336 ], [ -0.009514443463111, 51.608623911415407 ], [ -0.009507472010001, 51.608624476568835 ], [ -0.009276718896282, 51.608643168561947 ], [ -0.009166161214107, 51.608652128550268 ], [ -0.00912638426425, 51.608478134340594 ], [ -0.009121066221594, 51.608421401050933 ], [ -0.009113933243584, 51.608345402245504 ], [ -0.009107662968259, 51.608291620283914 ], [ -0.009104871713848, 51.608267599213534 ] ] ] } },
{ "type": "Feature", "properties": { "lsoa21cd": "E01004343", "lsoa21nm": "Waltham Forest 008A", "msoa21cd": "E02000902", "msoa21nm": "Waltham Forest 008", "lad22cd": "E09000031", "lad22nm": "Waltham Forest", "index_right": 343, "GSS_CODE": "E05000597", "risk_score": 6.3249025201792524, "allocation_hours": 93.095053371509309, "patrol_units": 47 }, "geometry": { "type": "Polygon", "coordinates": [ [ [ -0.006459140900453, 51.605014626939763 ], [ -0.006450522868016, 51.605013230552416 ], [ -0.006361335534059, 51.605028368924231 ], [ -0.006350933416267, 51.605036716957223 ], [ -0.006316508826613, 51.605064350128764 ], [ -0.006280401096875, 51.605085237360143 ], [ -0.00625580855481, 51.605094783016419 ], [ -0.00623632908816, 51.605102329323437 ], [ -0.006197317426866, 51.605110379977624 ], [ -0.006183501977237, 51.605113238574347 ], [ -0.006074595368864, 51.605118140965956 ], [ -0.006042783557612, 51.6051195741274 ], [ -0.005983109882812, 51.605122269261486 ], [ -0.00593608328004, 51.605124383500147 ], [ -0.005891154604613, 51.605126407485642 ], [ -0.005886032436271, 51.605126635156402 ], [ -0.005875129347604, 51.605127128758333 ], [ -0.005793076544331, 51.605145377952709 ], [ -0.005734628928903, 51.605141839581918 ], [ -0.005725569458185, 51.605141289916311 ], [ -0.005717048629365, 51.605138663167402 ], [ -0.005684744737304, 51.605128743943347 ], [ -0.005653666533773, 51.605119196249987 ], [ -0.00561536377818, 51.605107430501356 ], [ -0.005598294084834, 51.605108093515177 ], [ -0.005576360791719, 51.605109015556629 ], [ -0.005546412148138, 51.605110277928432 ], [ -0.005524618699697, 51.605114601468642 ], [ -0.005507268264701, 51.605118047343673 ], [ -0.005491666015968, 51.605121145255531 ], [ -0.00544534058059, 51.605130330260486 ], [ -0.005408503198179, 51.605130279489991 ], [ -0.00538216387047, 51.605130245329988 ], [ -0.005374395942598, 51.605127244682585 ], [ -0.005343763714463, 51.605115429407917 ], [ -0.00532270296786, 51.605107310879383 ], [ -0.005309746261076, 51.60509847585589 ], [ -0.005293242556933, 51.605087206526491 ], [ -0.00528764774475, 51.605083388542333 ], [ -0.005263193409554, 51.605066696489239 ], [ -0.005254843506277, 51.605060992711039 ], [ -0.005245624106592, 51.605054698633872 ], [ -0.00522454914071, 51.605040312133944 ], [ -0.005218630698912, 51.605037288968084 ], [ -0.00520170827549, 51.605028656274101 ], [ -0.005195945029157, 51.605025716677574 ], [ -0.00517788195065, 51.605017244433185 ], [ -0.005127304653593, 51.605014208266262 ], [ -0.005101541672956, 51.60501651287651 ], [ -0.005091567069026, 51.605017404370813 ], [ -0.005063325061139, 51.605019927598669 ], [ -0.005025514071601, 51.605023313236394 ], [ -0.005001428046131, 51.605025577099639 ], [ -0.004989483591534, 51.605027426051848 ], [ -0.004983354898017, 51.605028378440963 ], [ -0.004938644650112, 51.605035306639749 ], [ -0.004927586144546, 51.605039183153835 ], [ -0.004913227243725, 51.60504422650942 ], [ -0.004897401672942, 51.605049784466047 ], [ -0.004854982328027, 51.605097869402186 ], [ -0.004850959930126, 51.605100188481991 ], [ -0.004813066367413, 51.605120289545468 ], [ -0.004806837651027, 51.605119733995444 ], [ -0.004755470162813, 51.605115119551932 ], [ -0.004738956722326, 51.605113633721949 ], [ -0.004692321128453, 51.605109459423268 ], [ -0.004685401720483, 51.605108847157631 ], [ -0.004678151986468, 51.605108193303849 ], [ -0.004662458332548, 51.605106784352607 ], [ -0.004646750249138, 51.605105375153819 ], [ -0.004640407393514, 51.605105447122583 ], [ -0.004614993466934, 51.605105716286445 ], [ -0.004595098677316, 51.605105926445866 ], [ -0.004565480362052, 51.605106240990203 ], [ -0.004549965134753, 51.605104385437862 ], [ -0.004517953295345, 51.605100561415647 ], [ -0.004505222800508, 51.605096223656801 ], [ -0.004500989849197, 51.605094613954542 ], [ -0.004482892072998, 51.605087759645215 ], [ -0.004478815102166, 51.605086215542173 ], [ -0.004473643937909, 51.605083276987791 ], [ -0.004454099804852, 51.605072189621694 ], [ -0.004441841403049, 51.60506521881338 ], [ -0.004439634905632, 51.60506284325335 ], [ -0.004378085922895, 51.604996286553437 ], [ -0.00437162604145, 51.604991779377059 ], [ -0.004339523165864, 51.604969372726302 ], [ -0.004335151603609, 51.604966312880769 ], [ -0.004324854555433, 51.604961380731801 ], [ -0.004302337305225, 51.60495058447458 ], [ -0.004281786122257, 51.604940729892014 ], [ -0.004276792990982, 51.604938342894137 ], [ -0.004243693440712, 51.604928630040781 ], [ -0.004235644930916, 51.604926267499842 ], [ -0.004229343080535, 51.604924415766227 ], [ -0.0042198004575, 51.604921612357138 ], [ -0.004211879226115, 51.604920233951638 ], [ -0.004155229556222, 51.60491126697287 ], [ -0.004148148553031, 51.604911047591848 ], [ -0.00410672841726, 51.604909794392384 ], [ -0.004097094806105, 51.604909495611743 ], [ -0.004092133499504, 51.604909348258971 ], [ -0.004085724537082, 51.604909940632631 ], [ -0.003978704001573, 51.604919756042094 ], [ -0.003961638266084, 51.604921318125683 ], [ -0.003954718896152, 51.604920705816639 ], [ -0.003939542460309, 51.604919359520949 ], [ -0.00390651419862, 51.604916423570259 ], [ -0.003898731762201, 51.604915733626349 ], [ -0.003894670726891, 51.604915309329293 ], [ -0.003890516895329, 51.604914366389181 ], [ -0.003885425945846, 51.604913223159627 ], [ -0.003854910690523, 51.604906328325832 ], [ -0.00384482941435, 51.604904052567846 ], [ -0.003831966112419, 51.604901001086724 ], [ -0.003783768760217, 51.604878003892324 ], [ -0.003777101472896, 51.604873387041629 ], [ -0.003740235431208, 51.604845332861856 ], [ -0.003732565668285, 51.604834825102259 ], [ -0.003725386254729, 51.604824991124886 ], [ -0.003719854447681, 51.60481743328755 ], [ -0.0037140850786, 51.604809529695608 ], [ -0.003709583290898, 51.604803347239915 ], [ -0.003706553032947, 51.604793080288324 ], [ -0.003688362989611, 51.604731343545218 ], [ -0.003680521948055, 51.60472375540305 ], [ -0.00367358146158, 51.604717036864443 ], [ -0.00366443832995, 51.604708185610122 ], [ -0.003660102036869, 51.604703993292915 ], [ -0.003652177967331, 51.604696322803939 ], [ -0.003644225827456, 51.604688633851865 ], [ -0.003640692819006, 51.604685224055032 ], [ -0.00358897284554, 51.604644521002392 ], [ -0.003585621831708, 51.604641901137498 ], [ -0.003580092955131, 51.604637571620898 ], [ -0.003575095099686, 51.604633646807109 ], [ -0.003551751888218, 51.60461534565524 ], [ -0.003536330665456, 51.604605420866179 ], [ -0.003532762663689, 51.604603139018941 ], [ -0.003479644954316, 51.604568958608702 ], [ -0.003470993427972, 51.604563388944825 ], [ -0.003467221687154, 51.604561472317357 ], [ -0.003425614555348, 51.604540445849437 ], [ -0.003419468756133, 51.604537342283166 ], [ -0.003415244310736, 51.604535211123739 ], [ -0.003395931741867, 51.604525440402803 ], [ -0.003381537910936, 51.604519422298964 ], [ -0.00334317843027, 51.604503374422634 ], [ -0.003336671866262, 51.604500660378271 ], [ -0.003307299756923, 51.604488384899504 ], [ -0.003276947672518, 51.604478435259594 ], [ -0.003264205921732, 51.604474261728235 ], [ -0.003257159064458, 51.604471947638537 ], [ -0.003244560044044, 51.604467812503955 ], [ -0.003235761903716, 51.604464929060185 ], [ -0.003189250943596, 51.604449695585963 ], [ -0.003179370687313, 51.604446460999682 ], [ -0.003175555382194, 51.604445209059996 ], [ -0.003167269648115, 51.604442496196093 ], [ -0.00314535932873, 51.604435324987321 ], [ -0.0031165168023, 51.604423719415543 ], [ -0.003098885071001, 51.604416621025301 ], [ -0.0030655225755, 51.604403202965599 ], [ -0.003039021284221, 51.604392545460662 ], [ -0.003024738770312, 51.604386789985881 ], [ -0.002976334405802, 51.604367315739253 ], [ -0.002895305738677, 51.604335375635479 ], [ -0.002880776662701, 51.604335078842354 ], [ -0.00275707117459, 51.604332532248002 ], [ -0.002507511327725, 51.604327375101398 ], [ -0.002491355735777, 51.604326627921694 ], [ -0.0023473126631, 51.604319908330268 ], [ -0.002122867710043, 51.604309440848979 ], [ -0.001777581700974, 51.60426438910384 ], [ -0.001790384618355, 51.604233592286583 ], [ -0.001811520073491, 51.60418370258828 ], [ -0.001812954566408, 51.604180300906073 ], [ -0.001835217961395, 51.604127741679875 ], [ -0.001876087935659, 51.604031252116222 ], [ -0.001884014455334, 51.604012525502533 ], [ -0.001894420439767, 51.603987973559036 ], [ -0.001900477318739, 51.60397367984153 ], [ -0.001912366573224, 51.603945601150457 ], [ -0.001919262111759, 51.603929307412102 ], [ -0.001931496872771, 51.603900429781724 ], [ -0.001935113497367, 51.603891890121169 ], [ -0.001948114284129, 51.603861186584489 ], [ -0.00195040224918, 51.603855776140534 ], [ -0.001969749158401, 51.603810109376219 ], [ -0.001971184022134, 51.603806698706364 ], [ -0.001991740077696, 51.603758156970692 ], [ -0.001996491667974, 51.603746952398659 ], [ -0.00199943984477, 51.603739988515649 ], [ -0.00203602353099, 51.603653627816492 ], [ -0.002039697520158, 51.603644931762844 ], [ -0.002048976556689, 51.603623022374151 ], [ -0.002050812760614, 51.603618692318562 ], [ -0.002060171031954, 51.603596622414884 ], [ -0.002067163294501, 51.603580096513717 ], [ -0.002068855040104, 51.603576096717497 ], [ -0.002089152416703, 51.603528180032619 ], [ -0.002095765347461, 51.603512564897528 ], [ -0.002110029933188, 51.603478888391031 ], [ -0.002118906765118, 51.60345791635315 ], [ -0.002122757190353, 51.603448818642924 ], [ -0.002124593380355, 51.603444488586149 ], [ -0.002126784081413, 51.603439319278571 ], [ -0.002140992992609, 51.603405758722452 ], [ -0.002146244262806, 51.603393366662274 ], [ -0.00215276872421, 51.603377956843794 ], [ -0.002167120868386, 51.603344092981864 ], [ -0.002170197046106, 51.603336843517539 ], [ -0.002171357797464, 51.603334084624834 ], [ -0.002178814958857, 51.603316505529044 ], [ -0.002180187342021, 51.603313201702214 ], [ -0.002189739932515, 51.603290649508374 ], [ -0.002193670756579, 51.603281364324474 ], [ -0.002205993011214, 51.603252294823939 ], [ -0.002208410150186, 51.603246571840742 ], [ -0.002214547260353, 51.603232090635551 ], [ -0.002217350524153, 51.60322546599258 ], [ -0.002219267911289, 51.603220930491553 ], [ -0.002221708268399, 51.603215171933854 ], [ -0.002249471618906, 51.603149631316285 ], [ -0.002256687441346, 51.603132614629601 ], [ -0.002259637115826, 51.603125614797115 ], [ -0.002261627585697, 51.603120729835382 ], [ -0.002265962318935, 51.603109972273401 ], [ -0.0022679633526, 51.603105011055845 ], [ -0.002280258054946, 51.603074592215599 ], [ -0.002281295077373, 51.603072020055997 ], [ -0.002287079518887, 51.603057676720937 ], [ -0.002298983736671, 51.603028258381435 ], [ -0.002302085414643, 51.603020591200682 ], [ -0.00230424768657, 51.603015246053957 ], [ -0.002311505245756, 51.602997276877922 ], [ -0.002312688292523, 51.602994338515202 ], [ -0.002330667370484, 51.602949880372968 ], [ -0.002340904753036, 51.60292455217779 ], [ -0.002344129026063, 51.602916558860166 ], [ -0.002348632377909, 51.602905412996513 ], [ -0.002352924098719, 51.602894812066999 ], [ -0.002356535277175, 51.602885899117524 ], [ -0.002361427503021, 51.60287378869328 ], [ -0.002364295689789, 51.60286667056949 ], [ -0.002374242163813, 51.602842047820019 ], [ -0.002375392007694, 51.602839207808088 ], [ -0.002392189109914, 51.602797661062546 ], [ -0.002405827926622, 51.602763919916754 ], [ -0.0024068657232, 51.602761329784606 ], [ -0.002411789934839, 51.602749147963898 ], [ -0.002415288652976, 51.602740493878379 ], [ -0.002418237248047, 51.602733188281775 ], [ -0.002420439705373, 51.602727749397147 ], [ -0.002447304744033, 51.602661276217752 ], [ -0.002451564209872, 51.60265075117178 ], [ -0.002467867273595, 51.602610423471489 ], [ -0.002471609214731, 51.602601162041104 ], [ -0.002472873453758, 51.602598018233785 ], [ -0.002475093086487, 51.60259251669379 ], [ -0.002480793829617, 51.602578432706295 ], [ -0.002493105437866, 51.602547951189152 ], [ -0.002496457706282, 51.602539672289979 ], [ -0.00250842804388, 51.602510057226006 ], [ -0.002511019747617, 51.602503644793295 ], [ -0.002516932881862, 51.602488997897957 ], [ -0.002519442976802, 51.602482799893792 ], [ -0.002529048035155, 51.602459043585903 ], [ -0.002545279132719, 51.602418872019108 ], [ -0.002553249434971, 51.602399134466587 ], [ -0.002561850267454, 51.602377860952203 ], [ -0.002568134264259, 51.602362330119227 ], [ -0.002570223068169, 51.602357177054841 ], [ -0.002581350757155, 51.602329651865098 ], [ -0.002582995651893, 51.602325565837155 ], [ -0.002584009222637, 51.602323033742032 ], [ -0.002606054507447, 51.60226849235076 ], [ -0.002611950787003, 51.602253899119198 ], [ -0.00261447725615, 51.602247656430059 ], [ -0.002632261905421, 51.602203667042915 ], [ -0.002637558662845, 51.602190560841635 ], [ -0.002640974902304, 51.602182139149548 ], [ -0.002642093883667, 51.602179343572182 ], [ -0.002647892923292, 51.602164991479064 ], [ -0.002649480012627, 51.60216107082605 ], [ -0.0026612233132, 51.602132018406927 ], [ -0.002665856527355, 51.602120542024828 ], [ -0.002672790141452, 51.602103367641369 ], [ -0.002681689727676, 51.602081370820095 ], [ -0.002710950435785, 51.602008985395003 ], [ -0.002720491272905, 51.601985371859996 ], [ -0.002722889667034, 51.601979414746083 ], [ -0.002725140857122, 51.601973850792632 ], [ -0.002734859712085, 51.601949799658698 ], [ -0.002736479979965, 51.601945780652954 ], [ -0.002744464153115, 51.601926052318653 ], [ -0.002751882605769, 51.601907699185865 ], [ -0.002758343323671, 51.601891757701928 ], [ -0.002765456870561, 51.601874100786546 ], [ -0.00277425233145, 51.601852335989939 ], [ -0.002779223970576, 51.601840056047728 ], [ -0.002781281503856, 51.601834956402513 ], [ -0.002798021850876, 51.601793534538295 ], [ -0.002806549643181, 51.601772439614642 ], [ -0.002809448914962, 51.60176526805683 ], [ -0.002819070860306, 51.601741449070531 ], [ -0.002826198001881, 51.601723810368512 ], [ -0.002839690554262, 51.601690426389418 ], [ -0.002840743913493, 51.601687809541858 ], [ -0.002842225358108, 51.601684156860983 ], [ -0.002844273692599, 51.601679102020398 ], [ -0.002849280260233, 51.601666683287867 ], [ -0.002851077553284, 51.601662249146877 ], [ -0.002878030555076, 51.601595552575745 ], [ -0.002880993826174, 51.601588238227293 ], [ -0.002892947661566, 51.601558658820792 ], [ -0.002896025723697, 51.601551031691365 ], [ -0.002917196126661, 51.60149864253372 ], [ -0.002932494023463, 51.601460802060302 ], [ -0.002954044013592, 51.601407493139682 ], [ -0.002958288226302, 51.601396981307978 ], [ -0.002970015524192, 51.601367955569039 ], [ -0.002972039822562, 51.601362954272034 ], [ -0.002984464390497, 51.601332186879176 ], [ -0.002988344531429, 51.601322568091291 ], [ -0.003009893209711, 51.601269286117414 ], [ -0.003011415822279, 51.601265517234125 ], [ -0.003028285764768, 51.601223764830159 ], [ -0.00304857255392, 51.601173572748138 ], [ -0.003051309728712, 51.60116680308532 ], [ -0.003054828297729, 51.601157690708746 ], [ -0.00305939404368, 51.601145772536753 ], [ -0.003061251721297, 51.601140948250595 ], [ -0.003079115584619, 51.60109447375185 ], [ -0.003083076522929, 51.601084163920042 ], [ -0.003085097398086, 51.601078910775264 ], [ -0.003100843523654, 51.601037921572846 ], [ -0.003104739250098, 51.601027781486465 ], [ -0.003122195414432, 51.600982370140919 ], [ -0.003136470689733, 51.600945285586704 ], [ -0.003143913668718, 51.600925871745282 ], [ -0.003178214198214, 51.600836648272796 ], [ -0.003200039103522, 51.600779854934345 ], [ -0.00321101413874, 51.60073636104427 ], [ -0.003270693225577, 51.600499882465854 ], [ -0.003272683467014, 51.600492030072409 ], [ -0.003277821020454, 51.600471668970648 ], [ -0.003299736251647, 51.600384775964642 ], [ -0.003330542596067, 51.600262707934711 ], [ -0.00335411580699, 51.600169278739095 ], [ -0.003355181031931, 51.600165070476514 ], [ -0.003386478495101, 51.600041014492518 ], [ -0.00338764800552, 51.60003640334989 ], [ -0.003396662742094, 51.600000713370271 ], [ -0.003397415478795, 51.599997704760376 ], [ -0.003406729038272, 51.599960796909485 ], [ -0.003416286715647, 51.599922931033788 ], [ -0.003424797380878, 51.599855903199973 ], [ -0.003426186740945, 51.599844956207413 ], [ -0.003436482282472, 51.599763885758186 ], [ -0.003438862288301, 51.599745159278093 ], [ -0.003448784534471, 51.599667004979914 ], [ -0.003449587771181, 51.599660701540699 ], [ -0.003450323704612, 51.599654945487956 ], [ -0.003450718861137, 51.599651858852731 ], [ -0.003456411637343, 51.599606958134771 ], [ -0.003458810385357, 51.599588133057331 ], [ -0.003459514633453, 51.599582605769562 ], [ -0.003460027603188, 51.599578478029422 ], [ -0.003460511970412, 51.599574673526241 ], [ -0.003467410129289, 51.599520387347788 ], [ -0.003467919160419, 51.599516349463826 ], [ -0.003473686545034, 51.599471063344097 ], [ -0.003474182327348, 51.599466998257583 ], [ -0.003474765086599, 51.599462431081044 ], [ -0.003475831816518, 51.599454068386805 ], [ -0.003477196879068, 51.599443345787805 ], [ -0.003481038208054, 51.599413017097262 ], [ -0.003482599099085, 51.599396506771427 ], [ -0.003483225057637, 51.599389800155798 ], [ -0.003486146503424, 51.599358385720976 ], [ -0.003489583823886, 51.599321458776345 ], [ -0.003490178028539, 51.599315147282645 ], [ -0.003491617949624, 51.599299749946319 ], [ -0.003492113887536, 51.599294362989909 ], [ -0.003493768449529, 51.599276703239887 ], [ -0.003495618892853, 51.599256879672431 ], [ -0.003496759149575, 51.599244696489379 ], [ -0.003497794053176, 51.599233599584984 ], [ -0.003501255230265, 51.599196457229588 ], [ -0.003502811125112, 51.599179731002096 ], [ -0.003509393777765, 51.599109244263722 ], [ -0.003509961736809, 51.599103202092905 ], [ -0.003513458381473, 51.599043498585942 ], [ -0.003514235313854, 51.599030050292455 ], [ -0.003514485544711, 51.599025657302363 ], [ -0.00351583535672, 51.599002758828803 ], [ -0.003516843945172, 51.598985506226548 ], [ -0.00351777629438, 51.598969664122322 ], [ -0.003518354035792, 51.598959773400857 ], [ -0.003519929801883, 51.598932706331965 ], [ -0.003521866401837, 51.598899710466895 ], [ -0.003522043936146, 51.598896647104183 ], [ -0.00352528873991, 51.598841372527353 ], [ -0.003525525582818, 51.598837285048482 ], [ -0.003528863148938, 51.598780222576337 ], [ -0.003530562242164, 51.598750999446544 ], [ -0.003530965199908, 51.598744109188033 ], [ -0.003532106496062, 51.598724651226767 ], [ -0.00353295189688, 51.598710628588819 ], [ -0.003537197178488, 51.598637791033653 ], [ -0.0035393569474, 51.598600689470594 ], [ -0.003539580008391, 51.598596916488532 ], [ -0.003541269105421, 51.598568250712198 ], [ -0.003541760234356, 51.598559842250403 ], [ -0.00354371714002, 51.598526217265842 ], [ -0.003545584942411, 51.598494461169217 ], [ -0.00354588856898, 51.598489178846876 ], [ -0.00354538426571, 51.598420603746661 ], [ -0.00354517810691, 51.598392022612586 ], [ -0.00354473151721, 51.598330039871719 ], [ -0.003544676419681, 51.598323717325776 ], [ -0.003544596755044, 51.598312682380623 ], [ -0.003544479314631, 51.598294929521778 ], [ -0.003543888905831, 51.598215795958104 ], [ -0.003543809240829, 51.598204761012759 ], [ -0.00354348839469, 51.598158364119065 ], [ -0.003543395895147, 51.598146303829516 ], [ -0.003543371958143, 51.598142895328827 ], [ -0.003542663316545, 51.598046026874975 ], [ -0.003542608375434, 51.598038382458824 ], [ -0.003542115341688, 51.597969879484324 ], [ -0.003542092841558, 51.597966767754947 ], [ -0.003541824651281, 51.597930703943881 ], [ -0.003541706283729, 51.597913301769104 ], [ -0.003540885802824, 51.59780020025093 ], [ -0.003532573405917, 51.5977269331364 ], [ -0.003530968343141, 51.597712814835013 ], [ -0.003513459922164, 51.597558437736488 ], [ -0.003509325724738, 51.597521961917096 ], [ -0.003490155075484, 51.597352961963495 ], [ -0.003482930301999, 51.597289312665644 ], [ -0.003480287111363, 51.597274502267872 ], [ -0.003478116583768, 51.597262415599289 ], [ -0.003476769676539, 51.597254929038492 ], [ -0.003466372671393, 51.597196949363813 ], [ -0.003465167803869, 51.597190175614649 ], [ -0.003447578489519, 51.597092030663255 ], [ -0.003427898868566, 51.596982276996144 ], [ -0.003426898993353, 51.596976756669697 ], [ -0.003424497014565, 51.596963362171635 ], [ -0.003424034062382, 51.596960746515236 ], [ -0.003418592467874, 51.596930385701754 ], [ -0.00340738405157, 51.596867860071193 ], [ -0.003406732771454, 51.596864270037173 ], [ -0.003403171459349, 51.596844381325468 ], [ -0.003368299470163, 51.596702401302664 ], [ -0.003356194237831, 51.596653097112693 ], [ -0.003353118095645, 51.596640590369965 ], [ -0.003346835188209, 51.596614537844772 ], [ -0.003635013001029, 51.596608088227917 ], [ -0.003766490315381, 51.596605146251328 ], [ -0.003937365764493, 51.596601327888642 ], [ -0.003990580988996, 51.596600138223486 ], [ -0.00420750319016, 51.596595286561332 ], [ -0.004259258825655, 51.596594125893972 ], [ -0.004389536205643, 51.59659121675746 ], [ -0.004446986263872, 51.596589928078572 ], [ -0.004451394249301, 51.596589832215486 ], [ -0.004482092226993, 51.596589140497841 ], [ -0.004490980337117, 51.596588949996068 ], [ -0.004495460855384, 51.59658884637291 ], [ -0.004684038280499, 51.596575787207662 ], [ -0.004774974113332, 51.596569492730559 ], [ -0.004900972039468, 51.596560773126768 ], [ -0.004933717033952, 51.596558506480989 ], [ -0.004968431693403, 51.596556102472185 ], [ -0.004972335897779, 51.59655531100708 ], [ -0.00499692125475, 51.596565948039817 ], [ -0.005015257762359, 51.596573876408108 ], [ -0.005132983725382, 51.596607342767207 ], [ -0.005150948077097, 51.596609590624297 ], [ -0.005254027694061, 51.596622242315831 ], [ -0.005319544144489, 51.596620074250524 ], [ -0.005380613104244, 51.596610492779391 ], [ -0.005390678739407, 51.596607480656495 ], [ -0.005460488832669, 51.596586551088627 ], [ -0.005501948310072, 51.596565463144351 ], [ -0.005512850611772, 51.596568076451348 ], [ -0.00561715928385, 51.596593059221554 ], [ -0.005621486083814, 51.596593168757707 ], [ -0.005694261718898, 51.596594707351485 ], [ -0.005750944485699, 51.596587195784906 ], [ -0.00576907103491, 51.596582108563737 ], [ -0.005833961950746, 51.596563878268313 ], [ -0.005850104844266, 51.596556608144262 ], [ -0.005862889358878, 51.596550854581523 ], [ -0.005887707614116, 51.596539676397086 ], [ -0.0059933182755, 51.596474523870896 ], [ -0.006005936300897, 51.596480493460248 ], [ -0.00604096104434, 51.596497068221048 ], [ -0.006054682438755, 51.59650356013168 ], [ -0.006058558223251, 51.596505397504551 ], [ -0.006133435960119, 51.596569436775148 ], [ -0.006139963210808, 51.596575024055042 ], [ -0.006148042505074, 51.59659133858807 ], [ -0.006150845368327, 51.596603507891025 ], [ -0.006170850083239, 51.596690462044144 ], [ -0.006151893292912, 51.596787122085303 ], [ -0.006151354965924, 51.596789855595112 ], [ -0.006159598474311, 51.596794168158823 ], [ -0.006176917481359, 51.596803248050563 ], [ -0.006208566249696, 51.596851778064561 ], [ -0.006218483827866, 51.596866999796752 ], [ -0.006234960595155, 51.596908860386179 ], [ -0.006235592106199, 51.596918187172598 ], [ -0.006239551516884, 51.596976524760869 ], [ -0.006240357575826, 51.596988462289282 ], [ -0.006238750709025, 51.596992517494108 ], [ -0.006237744122184, 51.596995063198506 ], [ -0.006114198867819, 51.597174077691825 ], [ -0.006111284855918, 51.597175997478523 ], [ -0.00610758256415, 51.597178443405376 ], [ -0.006107445378767, 51.597182568552206 ], [ -0.006106862706647, 51.597211558906835 ], [ -0.00630278444481, 51.597310369627436 ], [ -0.006308633065175, 51.597313319602264 ], [ -0.006345994856184, 51.59734711832531 ], [ -0.006347967816575, 51.597349876533656 ], [ -0.006382793267852, 51.597398415522953 ], [ -0.006383314374312, 51.597401355878496 ], [ -0.006388485813474, 51.597430345113295 ], [ -0.006393531571375, 51.597458576856098 ], [ -0.006390611184444, 51.597507175714078 ], [ -0.006390102055191, 51.597513367270864 ], [ -0.006258665148289, 51.597655419704715 ], [ -0.006254664625391, 51.597659730971372 ], [ -0.006158361469258, 51.597719349801608 ], [ -0.006152499139135, 51.597722981970541 ], [ -0.006152611573523, 51.597742191493481 ], [ -0.006157267332907, 51.59777240392112 ], [ -0.006161140893541, 51.597786174070364 ], [ -0.006179919509706, 51.597854466267229 ], [ -0.006177918007258, 51.597864404737528 ], [ -0.006348388220758, 51.597866645765016 ], [ -0.006356524993793, 51.597893203516001 ], [ -0.006364736944273, 51.59792002332145 ], [ -0.006366758481884, 51.597926622078326 ], [ -0.006368022041446, 51.597930744054963 ], [ -0.006380567658117, 51.597971710505767 ], [ -0.00639570195043, 51.598021164746321 ], [ -0.006417774216479, 51.598093226708663 ], [ -0.006424256432533, 51.598114369929661 ], [ -0.006451078463011, 51.598201961425666 ], [ -0.006451937724406, 51.59820476365028 ], [ -0.006457520960191, 51.598223023038322 ], [ -0.006459454889787, 51.59822931456511 ], [ -0.006467161756212, 51.598254480181488 ], [ -0.006475032612398, 51.598280188123816 ], [ -0.006507300608649, 51.598385551071189 ], [ -0.006510067320533, 51.598394590416994 ], [ -0.006498501340093, 51.598434859323831 ], [ -0.006496764276988, 51.598440899622922 ], [ -0.006495298560888, 51.598446018323898 ], [ -0.006502182695341, 51.5984843796817 ], [ -0.006512471192838, 51.598541628825693 ], [ -0.006523245415998, 51.598601637874594 ], [ -0.006524918209028, 51.59861092839872 ], [ -0.006537888351831, 51.598683123396306 ], [ -0.006543485867353, 51.598714260031507 ], [ -0.006550528647925, 51.59874635642943 ], [ -0.006552640087682, 51.59875585223859 ], [ -0.006563647581864, 51.598805910740964 ], [ -0.00657329434267, 51.598849777381957 ], [ -0.006584276558203, 51.598899754520879 ], [ -0.006585205943103, 51.598903924769218 ], [ -0.006610014634579, 51.599016759425048 ], [ -0.006611779350081, 51.599024774599073 ], [ -0.006622079685224, 51.599071691746595 ], [ -0.006629968646048, 51.599107552316596 ], [ -0.006647772406634, 51.599188417105353 ], [ -0.006650710428248, 51.599201793658025 ], [ -0.006652721020752, 51.599210955034678 ], [ -0.006658959959695, 51.599239314940164 ], [ -0.006667065841272, 51.599276159355973 ], [ -0.00666842740524, 51.599282333243586 ], [ -0.006632055555836, 51.599280986783903 ], [ -0.006414993235983, 51.599272927652514 ], [ -0.006347180265185, 51.59927040829038 ], [ -0.006349955875675, 51.599281884710024 ], [ -0.006357857913887, 51.599314472314262 ], [ -0.00635861374791, 51.599318648606896 ], [ -0.006361122921106, 51.599332584394908 ], [ -0.006386568032738, 51.59933351143151 ], [ -0.006386232669688, 51.599341176185156 ], [ -0.006385720778801, 51.599352875492549 ], [ -0.006385479773222, 51.599358383691815 ], [ -0.006383873722724, 51.599395090043956 ], [ -0.006381945671463, 51.599439155637434 ], [ -0.006372014229669, 51.599439418477189 ], [ -0.006092003513936, 51.599446672897656 ], [ -0.00608864293979, 51.599471002960506 ], [ -0.006082752677185, 51.599513544443489 ], [ -0.006077410174894, 51.599552147606133 ], [ -0.006206463248073, 51.599556939992766 ], [ -0.006280619789505, 51.599559693144599 ], [ -0.006386477389976, 51.59956362348759 ], [ -0.006387023481306, 51.599567643345615 ], [ -0.00639429629312, 51.599621873769436 ], [ -0.006401919578911, 51.599678654976614 ], [ -0.006403098103402, 51.599687361591791 ], [ -0.006417781510511, 51.599796800442853 ], [ -0.006422458969579, 51.599831639767778 ], [ -0.006424083617583, 51.599843681124526 ], [ -0.006428874648823, 51.599879390138355 ], [ -0.006434678897777, 51.599922633954648 ], [ -0.006447054421753, 51.600014858235298 ], [ -0.006460052718173, 51.600111661197566 ], [ -0.00646179600033, 51.600124621786357 ], [ -0.006521873173541, 51.600119159309784 ], [ -0.006692405240369, 51.600103667968625 ], [ -0.006694517959061, 51.600141026509277 ], [ -0.006694699322756, 51.600144307293142 ], [ -0.006696099271045, 51.600169077956934 ], [ -0.00669803994857, 51.600203272771907 ], [ -0.006933305480842, 51.60018547297696 ], [ -0.007016421546394, 51.600179178739097 ], [ -0.007369369954503, 51.600152478765693 ], [ -0.007374411800254, 51.600173885209266 ], [ -0.007382704149884, 51.600209123107248 ], [ -0.007374913684752, 51.600218207900994 ], [ -0.007368538996927, 51.600225626187559 ], [ -0.00733106648657, 51.600255041973497 ], [ -0.007325134762024, 51.600261411184647 ], [ -0.007402225150701, 51.600292031207275 ], [ -0.007411091565447, 51.600329661819323 ], [ -0.007438457664638, 51.60044582189645 ], [ -0.00744660406912, 51.600480436838481 ], [ -0.00746723051848, 51.600568094276319 ], [ -0.007830456624832, 51.600559039465061 ], [ -0.007874655034443, 51.600557928662752 ], [ -0.007977187480171, 51.600554903941884 ], [ -0.008485257693298, 51.600539943830924 ], [ -0.008493383364175, 51.600539704104925 ], [ -0.008843125643861, 51.600529414590824 ], [ -0.008951882426012, 51.600527029724446 ], [ -0.008819754373421, 51.600583588250522 ], [ -0.008741645617462, 51.600617026963164 ], [ -0.008742492477179, 51.600681543828038 ], [ -0.008835876423206, 51.600682175828666 ], [ -0.008864734764791, 51.600682665684744 ], [ -0.008912630559287, 51.600908279672034 ], [ -0.00891189906511, 51.600925011103357 ], [ -0.008911633495625, 51.600931085457574 ], [ -0.008744518788269, 51.60083731760762 ], [ -0.00863851549393, 51.600915910181705 ], [ -0.008622336779672, 51.600925293366089 ], [ -0.008581136000113, 51.600949152168106 ], [ -0.008402400367112, 51.601022076514866 ], [ -0.008398783571686, 51.601023552809032 ], [ -0.008021809751816, 51.601106500394387 ], [ -0.007858564428373, 51.601155380523963 ], [ -0.007526300018938, 51.601360995883745 ], [ -0.007157259396987, 51.601670099689173 ], [ -0.006944191226863, 51.601970773883124 ], [ -0.006925261182809, 51.601997474443024 ], [ -0.006863851429148, 51.602084143005619 ], [ -0.006890683132792, 51.602140198947559 ], [ -0.006893539985336, 51.602146191468037 ], [ -0.006898566994825, 51.602150440363573 ], [ -0.00753377354263, 51.602687322639092 ], [ -0.007537171353943, 51.60269019497207 ], [ -0.007539320562723, 51.602780686062431 ], [ -0.007540296284292, 51.602822085675136 ], [ -0.007555347892232, 51.602951364320241 ], [ -0.00758409315425, 51.603089795996596 ], [ -0.007595578800973, 51.603138523065979 ], [ -0.007596686313506, 51.603143244902455 ], [ -0.007608582408913, 51.603188202131463 ], [ -0.007617094647595, 51.603220395623445 ], [ -0.007626461822772, 51.603255822914335 ], [ -0.007678621795139, 51.603402700412268 ], [ -0.007684920977615, 51.603418804874352 ], [ -0.007709730450056, 51.60348217302262 ], [ -0.007711496373391, 51.603486699213647 ], [ -0.007723651359004, 51.603515510467176 ], [ -0.007727969833852, 51.603525727234967 ], [ -0.007751710758145, 51.60357457248044 ], [ -0.007756022858237, 51.603582954688683 ], [ -0.007778974448224, 51.603625087183239 ], [ -0.008787392777931, 51.604523264812826 ], [ -0.008792410775316, 51.604527729279475 ], [ -0.009103701587334, 51.604754324177883 ], [ -0.009157911739583, 51.604800278023966 ], [ -0.009139238092774, 51.604808234138495 ], [ -0.009107827566767, 51.604820479293885 ], [ -0.0090905645812, 51.604827218389822 ], [ -0.008970146278144, 51.604873311085711 ], [ -0.00891799260808, 51.604893279323754 ], [ -0.008750562456582, 51.604945111395509 ], [ -0.008706058831524, 51.604958887734192 ], [ -0.008679195787072, 51.604967199358036 ], [ -0.008560076014058, 51.604999267570015 ], [ -0.008523744934049, 51.605001015856594 ], [ -0.008514699945446, 51.60500145581593 ], [ -0.008459606294184, 51.605004108551519 ], [ -0.008446437219926, 51.605004739276552 ], [ -0.008351083590112, 51.605009325303328 ], [ -0.008332385954709, 51.605010230848457 ], [ -0.008202753115963, 51.605026275625654 ], [ -0.008181705210986, 51.60503072921135 ], [ -0.008117790367798, 51.605044220732154 ], [ -0.008113300967104, 51.605045169642494 ], [ -0.008088871760501, 51.605050330156416 ], [ -0.008039911138998, 51.605060676411206 ], [ -0.008000570931769, 51.605068982857794 ], [ -0.007922458769903, 51.605085479467775 ], [ -0.007909238221547, 51.605088276427246 ], [ -0.00784724187005, 51.605101319287357 ], [ -0.007788850640769, 51.605101276447357 ], [ -0.007777586983003, 51.605101265024466 ], [ -0.007701252680813, 51.605101218688368 ], [ -0.007697244075446, 51.605102400557911 ], [ -0.007680069526036, 51.605107441391922 ], [ -0.007611283529835, 51.605127630189756 ], [ -0.007575837162379, 51.60513803490732 ], [ -0.007565699206158, 51.605141010074121 ], [ -0.007478064209195, 51.605166714748819 ], [ -0.007466088942843, 51.605168939310701 ], [ -0.007428149410058, 51.605175264053535 ], [ -0.007397203403491, 51.605177867810823 ], [ -0.00736835925713, 51.605180291441982 ], [ -0.007354793381988, 51.605180088005568 ], [ -0.007349900646906, 51.605180022887879 ], [ -0.007298999854, 51.605179257248537 ], [ -0.007234219433187, 51.605172257898239 ], [ -0.007201248626341, 51.605164040824974 ], [ -0.007184534600105, 51.605159876695005 ], [ -0.007145849608116, 51.605150236163283 ], [ -0.007100604934712, 51.605144962405355 ], [ -0.007079713810244, 51.605142530280069 ], [ -0.007012127238959, 51.605134646842735 ], [ -0.006993082972213, 51.605132416931532 ], [ -0.006944684209702, 51.605126783789238 ], [ -0.00693711276171, 51.605125890808054 ], [ -0.006917141274304, 51.605123564200639 ], [ -0.006863865399416, 51.605117344594397 ], [ -0.006711752228676, 51.605066291173706 ], [ -0.006605575773062, 51.605038355216074 ], [ -0.006558499074368, 51.605030730075583 ], [ -0.006459140900453, 51.605014626939763 ] ] ] } },
{ "type": "Feature", "properties": { "lsoa21cd": "E01004413", "lsoa21nm": "Waltham Forest 004C", "msoa21cd": "E02000898", "msoa21nm": "Waltham Forest 004", "lad22cd": "E09000031", "lad22nm": "Waltham Forest", "index_right": 343, "GSS_CODE": "E05000597", "risk_score": 5.6709431890600488, "allocation_hours": 83.46954868758678, "patrol_units": 42 }, "geometry": { "type": "Polygon", "coordinates": [ [ [ -0.000398414613315, 51.620705311104423 ], [ -0.000313543871797, 51.620695413352728 ], [ -0.000158041775662, 51.620693467405673 ], [ -0.000087842126484, 51.6206925869541 ], [ -0.000077215559813, 51.620692450989559 ], [ -0.000071743287481, 51.620692384796243 ], [ -0.000052366780536, 51.620692144815067 ], [ -0.000002222115487, 51.620691515845095 ], [ 0.00004381083648, 51.620695282256285 ], [ 0.00004791389123, 51.620695617056036 ], [ 0.000093598815919, 51.620699353403715 ], [ 0.000115201505183, 51.620701116786364 ], [ 0.000147576868404, 51.620703766837323 ], [ 0.000164909903032, 51.620705184762677 ], [ 0.000192609440083, 51.62070745130756 ], [ 0.000230015793788, 51.620714125239758 ], [ 0.000288157093048, 51.620724510675913 ], [ 0.000446339402664, 51.620760502615362 ], [ 0.000564509017116, 51.620787382990777 ], [ 0.000726946235999, 51.620793330082492 ], [ 0.000743846759756, 51.620793945965133 ], [ 0.000756724696122, 51.620794414542146 ], [ 0.001028740625917, 51.620804357822287 ], [ 0.00108010141162, 51.620806248057818 ], [ 0.001106400015554, 51.620807207364734 ], [ 0.001146958723118, 51.62080869258579 ], [ 0.001160588702201, 51.620809179780366 ], [ 0.001199353442661, 51.620810605621145 ], [ 0.001309410109739, 51.620814629640719 ], [ 0.001389348278683, 51.620817557074027 ], [ 0.001413683809114, 51.620818356421111 ], [ 0.001404173449406, 51.620719645856454 ], [ 0.001403246635209, 51.620710075636204 ], [ 0.001397758133739, 51.620652985803751 ], [ 0.001396622211966, 51.620641191702425 ], [ 0.001395395329999, 51.620628512489787 ], [ 0.001397089453772, 51.620500583202663 ], [ 0.001397331555778, 51.620482450184028 ], [ 0.001397609756359, 51.620461362511797 ], [ 0.00139869516374, 51.620379179483059 ], [ 0.001398796630599, 51.620372293990151 ], [ 0.001398854781147, 51.62036836327384 ], [ 0.001399153652967, 51.620345283408717 ], [ 0.001399217344391, 51.620340165587038 ], [ 0.001399333448859, 51.620331971434958 ], [ 0.001399608385335, 51.62031130196938 ], [ 0.001400629905086, 51.62023390404093 ], [ 0.001400726035461, 51.620226240786934 ], [ 0.001401034895594, 51.620202567245613 ], [ 0.001402262459984, 51.620184997451624 ], [ 0.00140984981246, 51.620075595719484 ], [ 0.001411412268811, 51.620052997903301 ], [ 0.001412418046363, 51.620038430888876 ], [ 0.001413905155974, 51.620017075322359 ], [ 0.001414353364916, 51.620010683005034 ], [ 0.001416316763498, 51.619982260204409 ], [ 0.001417474215401, 51.619965559381072 ], [ 0.001418275710708, 51.619953900427028 ], [ 0.001419522941337, 51.619935957107721 ], [ 0.00142019372069, 51.619926251755032 ], [ 0.001421392006263, 51.619909001692669 ], [ 0.001423403451478, 51.619880029529689 ], [ 0.001424189914888, 51.619868685569294 ], [ 0.001425259164492, 51.619853263184382 ], [ 0.001426944215604, 51.619828855783915 ], [ 0.001427536880052, 51.619820329780481 ], [ 0.00142831325661, 51.619809084909377 ], [ 0.001428570532464, 51.619805411582405 ], [ 0.001431742677216, 51.619759648613886 ], [ 0.001434017813949, 51.619726985028372 ], [ 0.001435324558368, 51.619708096480558 ], [ 0.001435976743878, 51.619698625249335 ], [ 0.001436164014574, 51.619695987253522 ], [ 0.001437895132428, 51.61967098556152 ], [ 0.001438482652672, 51.619662342742785 ], [ 0.001442243684073, 51.619608296630759 ], [ 0.001442922563703, 51.619598447259058 ], [ 0.001463316525967, 51.619304251555498 ], [ 0.001464191565265, 51.619291638140325 ], [ 0.001473795220494, 51.619153052806894 ], [ 0.001474048931409, 51.619149298607454 ], [ 0.001477259466392, 51.619102932478697 ], [ 0.001490790008671, 51.618907672377318 ], [ 0.001491188467432, 51.618901955344057 ], [ 0.001496411533551, 51.618826644000187 ], [ 0.001504858029299, 51.618704768466216 ], [ 0.00151523768959, 51.618527034484416 ], [ 0.0015248913725, 51.618361362829937 ], [ 0.00152633292383, 51.618337004531924 ], [ 0.001526695981127, 51.618330811498055 ], [ 0.00154133824305, 51.618080237464731 ], [ 0.00154488197434, 51.618019288785163 ], [ 0.00154705020961, 51.617982229668733 ], [ 0.001548468410028, 51.617957997661577 ], [ 0.00156754558839, 51.617631280374134 ], [ 0.001568168071112, 51.617620478752293 ], [ 0.001571126441998, 51.617569863444743 ], [ 0.00157191008018, 51.617556487218089 ], [ 0.001575926937698, 51.617487581087637 ], [ 0.001576800940073, 51.617472647616239 ], [ 0.001579111705267, 51.617433248012894 ], [ 0.001579463480896, 51.61742712711002 ], [ 0.001583588483587, 51.617356411639513 ], [ 0.001583735995643, 51.617353855252254 ], [ 0.001584513498322, 51.617340667972215 ], [ 0.001585844664787, 51.617317741358733 ], [ 0.001590121118739, 51.617244559357019 ], [ 0.001590951809946, 51.617230283076246 ], [ 0.001591265815405, 51.617224945165283 ], [ 0.001593245551478, 51.617191153536069 ], [ 0.001595500633255, 51.61715196166417 ], [ 0.001595698153672, 51.617145780425247 ], [ 0.001596550339601, 51.617119840418695 ], [ 0.001597223704907, 51.61709902920547 ], [ 0.001597558608394, 51.61708858316274 ], [ 0.001597773036071, 51.617082293725176 ], [ 0.001598652130767, 51.617054995386596 ], [ 0.001599168032568, 51.617039141744449 ], [ 0.001603116420299, 51.61691744139906 ], [ 0.001603459035867, 51.616906842351348 ], [ 0.001606006097459, 51.616828150212818 ], [ 0.001606659479759, 51.616807869898501 ], [ 0.001608701706724, 51.616745283003901 ], [ 0.001609734890254, 51.616713278940111 ], [ 0.001610901198265, 51.616677405816176 ], [ 0.001611775531006, 51.616650656101093 ], [ 0.001613487998961, 51.616597975608251 ], [ 0.0016120363665, 51.616532804450401 ], [ 0.001611200887783, 51.616494771262396 ], [ 0.00160983819808, 51.616432934819485 ], [ 0.00160168158479, 51.616354245246512 ], [ 0.001600849457358, 51.61634616614446 ], [ 0.001596335528079, 51.616302665237221 ], [ 0.001594678789096, 51.616286677763171 ], [ 0.001594004033529, 51.616280205643285 ], [ 0.001593351618943, 51.616273912993371 ], [ 0.001591166032048, 51.616252799793386 ], [ 0.00158787490435, 51.616221004315115 ], [ 0.00157937926627, 51.616142815109185 ], [ 0.001577699795018, 51.616127295634463 ], [ 0.001569419097436, 51.616051036160698 ], [ 0.001568129103199, 51.616039116055745 ], [ 0.001567253686692, 51.616031037691393 ], [ 0.00156530634133, 51.616013040841523 ], [ 0.001564435274465, 51.616005061320926 ], [ 0.001554463709419, 51.615913021782625 ], [ 0.001549112023853, 51.615875101533689 ], [ 0.00154507152408, 51.615846628080575 ], [ 0.001542084206678, 51.615825348693484 ], [ 0.001540760574541, 51.615815947072392 ], [ 0.001538764352637, 51.615801763891525 ], [ 0.001526436220679, 51.615714436139207 ], [ 0.00151115070575, 51.615606179198103 ], [ 0.001494617271822, 51.615501239289976 ], [ 0.001493856111403, 51.615496414276983 ], [ 0.001451306535862, 51.615226607932939 ], [ 0.001449381320534, 51.615214365929781 ], [ 0.00144731435503, 51.615201200111024 ], [ 0.001420369866103, 51.615093542037137 ], [ 0.001405533338523, 51.615034228321015 ], [ 0.001404445944556, 51.615029867487188 ], [ 0.001364066603675, 51.614868483147298 ], [ 0.001336320736752, 51.61475753846279 ], [ 0.001326401463802, 51.614717897546576 ], [ 0.001309594375822, 51.614650721961112 ], [ 0.001286444210221, 51.614558214586104 ], [ 0.001281044925279, 51.614536607608635 ], [ 0.001239115143155, 51.614368851486105 ], [ 0.001146503350845, 51.614376207437616 ], [ 0.000996139922584, 51.614496153759347 ], [ 0.000932652506977, 51.61454680689576 ], [ 0.00091866290762, 51.614557971194593 ], [ 0.000893941720457, 51.614577690394142 ], [ 0.000889888236297, 51.614580933824918 ], [ 0.000879603115572, 51.614589130410032 ], [ 0.000826618395987, 51.614618638433825 ], [ 0.000820541714171, 51.614622024243744 ], [ 0.000651394156016, 51.614716243218083 ], [ 0.000580406365535, 51.614703262370618 ], [ 0.000563112321451, 51.614659151872942 ], [ 0.000517419743843, 51.614616010757778 ], [ 0.000484295921942, 51.614584741477522 ], [ 0.000352976297878, 51.614460768321706 ], [ 0.000350248849688, 51.614458197955742 ], [ 0.000210085038751, 51.614535196460622 ], [ 0.00018910795028, 51.614493842820409 ], [ 0.000195444117626, 51.614523827492278 ], [ 0.000206914968552, 51.614565600237675 ], [ 0.000209925168101, 51.614576573804264 ], [ 0.000224113871993, 51.614628254984289 ], [ 0.000224626233101, 51.614639909565867 ], [ 0.000226089051645, 51.614673183980294 ], [ 0.000221131335552, 51.614739480406499 ], [ 0.000217973985373, 51.614759659462045 ], [ 0.000216000738972, 51.61477227361808 ], [ 0.000212485004492, 51.61479481481966 ], [ 0.000204727283465, 51.614844405855486 ], [ 0.000176513043742, 51.614909371826322 ], [ 0.000175214065314, 51.614912352492311 ], [ 0.000165376306932, 51.614935001368913 ], [ 0.000124694117593, 51.615046248389319 ], [ 0.00010116097997, 51.61511058605808 ], [ 0.000069878546356, 51.615196125185903 ], [ 0.000042026579871, 51.615272298611664 ], [ 0.000028603048972, 51.615309000906713 ], [ 0.000014275774664, 51.615348146572011 ], [ -0.000002100036172, 51.615392938456942 ], [ -0.000028701055819, 51.615465700367139 ], [ -0.000039985011546, 51.61549653006292 ], [ -0.000090545570468, 51.615634787863208 ], [ -0.000099907241196, 51.615660387134895 ], [ -0.00011236338147, 51.615694456103149 ], [ -0.000128566494519, 51.615738745930919 ], [ -0.000145465341124, 51.615784954017059 ], [ -0.000153085441842, 51.615805811542465 ], [ -0.0001605910468, 51.615826316408963 ], [ -0.000187372908535, 51.615899575923777 ], [ -0.000208573171229, 51.615957525037047 ], [ -0.000211447852769, 51.615963437111489 ], [ -0.000341563905898, 51.615949717901437 ], [ -0.000743794194905, 51.615926108268013 ], [ -0.000749398750198, 51.615925781028366 ], [ -0.000780063136391, 51.61594752537664 ], [ -0.000786689488141, 51.615952215368736 ], [ -0.000752239729487, 51.61602220219973 ], [ -0.000742739198565, 51.616041500276751 ], [ -0.000743857320672, 51.616059117667291 ], [ -0.000750349776891, 51.616162183519251 ], [ -0.000750971884475, 51.616172022930662 ], [ -0.000759935097653, 51.616192894271443 ], [ -0.00076227167816, 51.616196261278375 ], [ -0.000778314323221, 51.616219402341613 ], [ -0.000790037386278, 51.616236309996964 ], [ -0.000841313150786, 51.616288997717575 ], [ -0.000851115483741, 51.616296691310779 ], [ -0.00090301676943, 51.616337447584783 ], [ -0.000915420064074, 51.616351039571803 ], [ -0.000946275432524, 51.616384225588682 ], [ -0.001100680396384, 51.616381880792673 ], [ -0.001107169885948, 51.616382126130908 ], [ -0.001144087868846, 51.616383028736415 ], [ -0.001154671530344, 51.616380502118787 ], [ -0.001415327964563, 51.61636136419699 ], [ -0.001429880946421, 51.616362852814589 ], [ -0.001537489008851, 51.616373874291902 ], [ -0.001561475343254, 51.61637633273822 ], [ -0.001590123994713, 51.616381829048017 ], [ -0.001597810003505, 51.616385089224231 ], [ -0.001682374696202, 51.616420984234949 ], [ -0.001782759043673, 51.616518981110502 ], [ -0.001793493518687, 51.616534064504968 ], [ -0.001940972611694, 51.616564704529807 ], [ -0.002042423890189, 51.61662822857955 ], [ -0.002119217715035, 51.61666413035995 ], [ -0.002127091226759, 51.616666737362436 ], [ -0.002209209301597, 51.61669389459972 ], [ -0.002331822479149, 51.616719268286161 ], [ -0.002339109049368, 51.616720768195485 ], [ -0.002366901030305, 51.616724056011414 ], [ -0.002382018196777, 51.616725851098586 ], [ -0.002401894362789, 51.616726836946 ], [ -0.00241430861357, 51.616728671441578 ], [ -0.002422087096424, 51.616729824516248 ], [ -0.003000271579411, 51.616777533839702 ], [ -0.003010565674233, 51.616779624444341 ], [ -0.003315654394079, 51.616841532240493 ], [ -0.003305670770514, 51.616517056558628 ], [ -0.003305013328123, 51.616495832045153 ], [ -0.003501486285142, 51.615968617287535 ], [ -0.003605442461417, 51.615831056168552 ], [ -0.00360883184168, 51.615826563627799 ], [ -0.003635055537689, 51.615712508195962 ], [ -0.003661243525837, 51.615598605021937 ], [ -0.003662384531538, 51.615593669562728 ], [ -0.00367009277308, 51.615569754742275 ], [ -0.003674606128515, 51.615555776241031 ], [ -0.003745986718351, 51.615334309185897 ], [ -0.004019062574726, 51.615201522283485 ], [ -0.004028287376802, 51.615197030079173 ], [ -0.004036729851651, 51.615192920236503 ], [ -0.004085450113864, 51.615169226428016 ], [ -0.004369367402454, 51.615089885761734 ], [ -0.004904384715564, 51.614940356281949 ], [ -0.005181918704476, 51.614889258497755 ], [ -0.005530526732597, 51.614825106089498 ], [ -0.005478209770067, 51.614759533672945 ], [ -0.006054054405581, 51.61454504766057 ], [ -0.007125784615442, 51.614927191198717 ], [ -0.007137916160885, 51.614931515815023 ], [ -0.007186812127775, 51.6149489464431 ], [ -0.007542676384217, 51.615097691994549 ], [ -0.0084764636883, 51.615389952030078 ], [ -0.008527787010355, 51.615491867413894 ], [ -0.008404631193242, 51.615653278811592 ], [ -0.008271628599716, 51.615816878970115 ], [ -0.008113265944597, 51.616011693091465 ], [ -0.008059323755377, 51.616074183506342 ], [ -0.007795930340729, 51.616298391114327 ], [ -0.007770423422451, 51.616320106575998 ], [ -0.007745466741877, 51.616345419384082 ], [ -0.007682708731482, 51.616442956603599 ], [ -0.007510824773738, 51.616441440777109 ], [ -0.007559531612562, 51.616634410707604 ], [ -0.007572369992766, 51.616685274495858 ], [ -0.007589002184827, 51.616761984212374 ], [ -0.007595261104174, 51.616790911467156 ], [ -0.007611327904527, 51.616865030729763 ], [ -0.007616005412442, 51.616886530299368 ], [ -0.007616976636052, 51.616891070020444 ], [ -0.007618153494542, 51.616896521476086 ], [ -0.007656487481783, 51.617073380499917 ], [ -0.007759336511917, 51.61732171837243 ], [ -0.007763146420074, 51.617336971311985 ], [ -0.007767016301923, 51.617352504035587 ], [ -0.007876361749971, 51.617791254272824 ], [ -0.007893469248484, 51.61779016437039 ], [ -0.00791408799493, 51.61778839040042 ], [ -0.007912783735399, 51.617818171038287 ], [ -0.007885661923991, 51.617828582460795 ], [ -0.007885634584713, 51.617834813765135 ], [ -0.007885428678831, 51.617871508461519 ], [ -0.007910556705515, 51.617869021508589 ], [ -0.00789772880191, 51.617999019810128 ], [ -0.007890412108661, 51.618073597680073 ], [ -0.007884937538876, 51.618131741646451 ], [ -0.007853935125222, 51.618132465264793 ], [ -0.007776853019118, 51.618147352000257 ], [ -0.007353854054578, 51.618229060003408 ], [ -0.007229234141056, 51.618253129737369 ], [ -0.007124304478736, 51.618309807676027 ], [ -0.00707824624148, 51.618334680920299 ], [ -0.007030131140779, 51.618360670248627 ], [ -0.006956345435041, 51.618400530552243 ], [ -0.006874141125007, 51.618444932891137 ], [ -0.006837506174199, 51.618448591036284 ], [ -0.006733884180887, 51.618458925754702 ], [ -0.006681492432851, 51.618464159650891 ], [ -0.006499507805404, 51.618482317315653 ], [ -0.006446129720224, 51.618487642261698 ], [ -0.006169967687492, 51.618515197185467 ], [ -0.006044146487535, 51.618527752930859 ], [ -0.005995701300972, 51.618532585979779 ], [ -0.005907530659927, 51.618541384049948 ], [ -0.00590703660275, 51.61854540427808 ], [ -0.005888342220612, 51.618695692381309 ], [ -0.005845150521457, 51.618772122726419 ], [ -0.005836664473577, 51.61876370544779 ], [ -0.005824842045702, 51.618808979429097 ], [ -0.005822361041034, 51.618818451293976 ], [ -0.00582037822817, 51.618826115147364 ], [ -0.00579942375664, 51.618906367494475 ], [ -0.005816034217472, 51.61893145099112 ], [ -0.005850982455252, 51.619003175287148 ], [ -0.005869536138377, 51.619041267921098 ], [ -0.005919393356521, 51.619143613091559 ], [ -0.0058785259794, 51.619174599074398 ], [ -0.005715664196021, 51.619301965850333 ], [ -0.005258696067941, 51.619411654082633 ], [ -0.005238886457064, 51.619430201531074 ], [ -0.005232439110966, 51.619436233790687 ], [ -0.005048009852334, 51.619448168181975 ], [ -0.005026309894834, 51.619436137842676 ], [ -0.004982509164852, 51.619416571966774 ], [ -0.004977550344087, 51.619414356447614 ], [ -0.004949213471481, 51.619404018947435 ], [ -0.004939721425059, 51.619404046414026 ], [ -0.004806979885094, 51.619404370419652 ], [ -0.004655789136956, 51.619404740273048 ], [ -0.004637777250334, 51.619409964375578 ], [ -0.004627827437833, 51.619412852631839 ], [ -0.004617689882631, 51.619499700406557 ], [ -0.004615309498997, 51.619506871893499 ], [ -0.004603226325314, 51.619530397566415 ], [ -0.004600070845885, 51.619536467784343 ], [ -0.004596220300312, 51.619543893039101 ], [ -0.004604453339896, 51.619550831342004 ], [ -0.004622512914512, 51.619571191635956 ], [ -0.004634199356427, 51.619584366485121 ], [ -0.00465629412621, 51.619625361168048 ], [ -0.004657227581901, 51.619629108915632 ], [ -0.00465762293923, 51.619638207026775 ], [ -0.004658627754545, 51.61966173043254 ], [ -0.004660199724584, 51.619698338535152 ], [ -0.00466304568761, 51.619764517560299 ], [ -0.004663457938209, 51.619774218453969 ], [ -0.004649585826462, 51.619773982582721 ], [ -0.004680344955508, 51.619784100552963 ], [ -0.004709598751202, 51.619790335149723 ], [ -0.004754925184073, 51.619799990378297 ], [ -0.004778983609044, 51.619805120473949 ], [ -0.004735149747378, 51.620062072423131 ], [ -0.004673405224094, 51.620052911395028 ], [ -0.004661212174698, 51.620027902842267 ], [ -0.004623682601576, 51.620024917684937 ], [ -0.004610020691862, 51.620023840093609 ], [ -0.004511654914792, 51.620016016642161 ], [ -0.004501203771539, 51.62001518247672 ], [ -0.004396517957634, 51.620006864782319 ], [ -0.00438804791695, 51.620006972535649 ], [ -0.004313724172936, 51.62000794773477 ], [ -0.004248072954509, 51.620008809595369 ], [ -0.004213093746514, 51.620009266833286 ], [ -0.004146430881915, 51.620010138409626 ], [ -0.004121887655414, 51.620010458372619 ], [ -0.003875061002799, 51.620006260171884 ], [ -0.003843072711972, 51.620005716054472 ], [ -0.003841542500443, 51.620024781053871 ], [ -0.003814391782714, 51.620029543845391 ], [ -0.003804594366877, 51.620129994013894 ], [ -0.003801272017911, 51.620164216822005 ], [ -0.003797077069069, 51.620207129504507 ], [ -0.003796004034713, 51.620218082073741 ], [ -0.003788177009734, 51.620298323692289 ], [ -0.003772841733774, 51.620334050726861 ], [ -0.003734275268352, 51.620422806890801 ], [ -0.003731502174532, 51.620429211821012 ], [ -0.003701381771373, 51.62049849456178 ], [ -0.003690854937654, 51.620522748051656 ], [ -0.003675637666569, 51.620557757686989 ], [ -0.003659029741094, 51.620581664932288 ], [ -0.003610698388221, 51.620651307805929 ], [ -0.003579453966037, 51.620696332179961 ], [ -0.003526186339992, 51.620664518845693 ], [ -0.003412105311682, 51.620596402365884 ], [ -0.003209135369414, 51.620585588668035 ], [ -0.003075216301651, 51.620578431539641 ], [ -0.002926396694552, 51.620595439775727 ], [ -0.002742138764239, 51.620569400185239 ], [ -0.002705514336412, 51.620564217679522 ], [ -0.002665932027635, 51.620558625120616 ], [ -0.00257910081786, 51.620546356270133 ], [ -0.002496490748089, 51.620534680766369 ], [ -0.002482133980499, 51.62053264689272 ], [ -0.002455731509207, 51.620528915229741 ], [ -0.002325212599682, 51.620510462095403 ], [ -0.002304637634736, 51.62056743895981 ], [ -0.002208907800789, 51.620691964948193 ], [ -0.002206012537233, 51.620695719483088 ], [ -0.002192621520652, 51.620713134781738 ], [ -0.00210436937684, 51.620827905255723 ], [ -0.002024169036368, 51.620932188132869 ], [ -0.002019789039648, 51.620931758360804 ], [ -0.002005830436113, 51.620929866098741 ], [ -0.001941493686258, 51.620921163103127 ], [ -0.001928368001958, 51.620919383929902 ], [ -0.001796233817616, 51.620901505236453 ], [ -0.001775740677154, 51.62089873732225 ], [ -0.001714721231155, 51.620890486352224 ], [ -0.001702931347583, 51.620888882770807 ], [ -0.001690667070326, 51.620887226147886 ], [ -0.001659331273073, 51.620882996652959 ], [ -0.001620485838642, 51.620877726535348 ], [ -0.001588647596069, 51.620873421192542 ], [ -0.001527972481127, 51.62086520391216 ], [ -0.001514444784794, 51.620863364102007 ], [ -0.001505339378204, 51.620862143575579 ], [ -0.001408689598678, 51.620849065212816 ], [ -0.001392016302975, 51.620846812167713 ], [ -0.001324231952393, 51.620837646509337 ], [ -0.001308040087021, 51.620835451102479 ], [ -0.001301530846211, 51.620834490554472 ], [ -0.001270944249888, 51.620829968446721 ], [ -0.001247763793389, 51.620826543542478 ], [ -0.001229822330841, 51.620823891210179 ], [ -0.001196429183553, 51.620818966122656 ], [ -0.00113345483483, 51.620809652891985 ], [ -0.001105265198301, 51.620805486266256 ], [ -0.001087237533893, 51.620802823452337 ], [ -0.001081668503922, 51.620802000290411 ], [ -0.001071879888817, 51.620800547787219 ], [ -0.001065679246709, 51.620799632943672 ], [ -0.001041264467758, 51.620796025127895 ], [ -0.000941021595185, 51.620781217118939 ], [ -0.000931835730115, 51.62077985579424 ], [ -0.000899957903444, 51.620775131762997 ], [ -0.000893153737596, 51.620774143691385 ], [ -0.000880150122624, 51.620772213808657 ], [ -0.000864332929076, 51.6207698763398 ], [ -0.00083625803763, 51.620765729586026 ], [ -0.000791993009717, 51.62075918504425 ], [ -0.000778701876376, 51.62075722327905 ], [ -0.00074187145029, 51.620751785436319 ], [ -0.000737436525347, 51.620751125440421 ], [ -0.000726570990224, 51.62074952418719 ], [ -0.000641299127885, 51.62073691760402 ], [ -0.000615707414389, 51.620733136792794 ], [ -0.00053632003446, 51.620721408144469 ], [ -0.000467575639703, 51.620713385672346 ], [ -0.00044393260443, 51.620710627169252 ], [ -0.000433311323524, 51.620709385249889 ], [ -0.000398414613315, 51.620705311104423 ] ] ] } },
{ "type": "Feature", "properties": { "lsoa21cd": "E01004379", "lsoa21nm": "Waltham Forest 007A", "msoa21cd": "E02000901", "msoa21nm": "Waltham Forest 007", "lad22cd": "E09000031", "lad22nm": "Waltham Forest", "index_right": 343, "GSS_CODE": "E05000597", "risk_score": 6.3769975863466444, "allocation_hours": 93.861830875158205, "patrol_units": 47 }, "geometry": { "type": "Polygon", "coordinates": [ [ [ 0.000996139922584, 51.614496153759347 ], [ 0.001146503350845, 51.614376207437616 ], [ 0.001239115143155, 51.614368851486105 ], [ 0.001222245162033, 51.614301389206901 ], [ 0.001220191544874, 51.614292957730555 ], [ 0.00120911949197, 51.614248777239965 ], [ 0.001208102518992, 51.614244702966602 ], [ 0.001196038039762, 51.614196348866017 ], [ 0.001190954770015, 51.614176013441899 ], [ 0.001188305391563, 51.614165366465208 ], [ 0.001186760959522, 51.614159151964202 ], [ 0.001176066585158, 51.614116331901911 ], [ 0.001172225481192, 51.614100921204333 ], [ 0.001166859129716, 51.614079403589145 ], [ 0.001166105697566, 51.614076394936383 ], [ 0.001157089039606, 51.614040191767366 ], [ 0.001155843339223, 51.614035186167868 ], [ 0.001150850454407, 51.614015262859553 ], [ 0.001148413818299, 51.61400551151079 ], [ 0.001147730769299, 51.614002789419743 ], [ 0.001144854256211, 51.613991247059737 ], [ 0.001141785779117, 51.613978952597961 ], [ 0.001130756001679, 51.613934744406755 ], [ 0.001128808084886, 51.613926909132267 ], [ 0.001127002510219, 51.613919682924561 ], [ 0.001124557482559, 51.613909904741043 ], [ 0.001117131664596, 51.613880149087315 ], [ 0.00111317742058, 51.613864299682852 ], [ 0.001087180189894, 51.613760078573748 ], [ 0.001084989911686, 51.613751330190404 ], [ 0.001082500125365, 51.613741354933488 ], [ 0.001080080719877, 51.613731666238351 ], [ 0.001078835432514, 51.613726669624043 ], [ 0.001076870730002, 51.613718780680102 ], [ 0.001074679665596, 51.613710014325015 ], [ 0.001073943446025, 51.613707068326491 ], [ 0.001069700301226, 51.61369006830374 ], [ 0.001056794543237, 51.613638342844439 ], [ 0.0010552869194, 51.61363230756632 ], [ 0.001039206220535, 51.613567835334898 ], [ 0.001036049434546, 51.613555173683039 ], [ 0.001034998885408, 51.613550992070877 ], [ 0.001018603122874, 51.613485266252361 ], [ 0.001017498212277, 51.613480833775476 ], [ 0.001008977615902, 51.613446708417619 ], [ 0.00100489425743, 51.613430384607639 ], [ 0.001003860123499, 51.613426247678341 ], [ 0.001001016110401, 51.613414785696087 ], [ 0.001000157923794, 51.613411365171402 ], [ 0.000992336398051, 51.613379997601569 ], [ 0.000987810025377, 51.613361810893139 ], [ 0.000987112168244, 51.613359080061578 ], [ 0.000984919559642, 51.613350277762052 ], [ 0.000977344380192, 51.61331991315803 ], [ 0.000974694711784, 51.61330925719205 ], [ 0.000969959985394, 51.613290273698148 ], [ 0.000967171935206, 51.613279098523151 ], [ 0.000959054906939, 51.613246593935997 ], [ 0.000950955485387, 51.613214160988932 ], [ 0.000946290762627, 51.613195455070404 ], [ 0.000937679540487, 51.613160908605813 ], [ 0.000933873400325, 51.613145632197764 ], [ 0.000930157210763, 51.61313075892101 ], [ 0.000928175363262, 51.613122807320579 ], [ 0.000920041984788, 51.613090258048423 ], [ 0.000916008710736, 51.613074086257022 ], [ 0.000911755312538, 51.61305701446669 ], [ 0.000908818333158, 51.61304524382539 ], [ 0.000904696700648, 51.613028704845547 ], [ 0.000893829708896, 51.612985231260588 ], [ 0.00088811332959, 51.612962316769895 ], [ 0.000885340940331, 51.612951168304967 ], [ 0.000882447763456, 51.612939572271451 ], [ 0.000878816024367, 51.612924976323647 ], [ 0.000875274234664, 51.612910783507189 ], [ 0.000869733817346, 51.612888585420663 ], [ 0.000864210604795, 51.61286644998858 ], [ 0.000858338675158, 51.612842953633184 ], [ 0.000856357644363, 51.612835020003494 ], [ 0.000850514589471, 51.612811523155912 ], [ 0.000849446087093, 51.612807260916277 ], [ 0.000825795778056, 51.612712531883076 ], [ 0.000824013732542, 51.612705345739229 ], [ 0.0008219025369, 51.612696915241607 ], [ 0.000816518940437, 51.612675325974372 ], [ 0.000815223105076, 51.612670163858553 ], [ 0.000813662964236, 51.612663918149643 ], [ 0.000796854219127, 51.612596504264538 ], [ 0.000783380867658, 51.612542531339976 ], [ 0.000773631438145, 51.612503445050514 ], [ 0.000769824228639, 51.612488141681219 ], [ 0.000768686354422, 51.612483615343606 ], [ 0.000767266978179, 51.612477942758169 ], [ 0.000758521218115, 51.612442957947245 ], [ 0.000751451441945, 51.612414554091465 ], [ 0.000747662237072, 51.612399331347937 ], [ 0.000743744637223, 51.612383652172873 ], [ 0.000740667591669, 51.612371321883302 ], [ 0.000733900489181, 51.612344216787328 ], [ 0.000726025383589, 51.612312607325819 ], [ 0.00072092496319, 51.612292200246557 ], [ 0.000716716098553, 51.612275316538181 ], [ 0.000704723687217, 51.612227262441849 ], [ 0.000699567345197, 51.612206568554001 ], [ 0.000693887149549, 51.612183815309109 ], [ 0.000691747836422, 51.612175236912933 ], [ 0.000680596615407, 51.612130545179376 ], [ 0.000679087911521, 51.612124482940359 ], [ 0.000675056003185, 51.612108338100391 ], [ 0.000670882559098, 51.612091602164739 ], [ 0.00066693901979, 51.612075824512878 ], [ 0.000656893081578, 51.612035574242753 ], [ 0.000655769861515, 51.612031052151323 ], [ 0.000635789834936, 51.61195095886459 ], [ 0.000634693207005, 51.61194654872665 ], [ 0.000631255953218, 51.611932758790495 ], [ 0.000629746868094, 51.61192668756523 ], [ 0.000622122568502, 51.611896179909557 ], [ 0.000610498050758, 51.611849589820778 ], [ 0.000609078518597, 51.611843912741065 ], [ 0.000597469251915, 51.611797340377038 ], [ 0.000588932121423, 51.611763152342483 ], [ 0.000579799993624, 51.611726600416581 ], [ 0.000574202359609, 51.611704079568817 ], [ 0.000572589706311, 51.61169762342896 ], [ 0.000571660424645, 51.611693898368358 ], [ 0.000555353643398, 51.611628521719958 ], [ 0.000552409233785, 51.611617070437092 ], [ 0.000548422667314, 51.611601626240777 ], [ 0.000542693775566, 51.611579404382603 ], [ 0.000541718830561, 51.611575626144749 ], [ 0.000537660714019, 51.611559868428692 ], [ 0.000535396124883, 51.611551067352707 ], [ 0.000525871455016, 51.611514126442216 ], [ 0.000516030126223, 51.611475896001892 ], [ 0.000505822521492, 51.611436232996525 ], [ 0.000503295034843, 51.611426445422396 ], [ 0.00050193917617, 51.611421164727346 ], [ 0.000477348739419, 51.611325714300079 ], [ 0.000475924290252, 51.61132025312439 ], [ 0.000469391334348, 51.611294852615146 ], [ 0.000467814977253, 51.611288728580142 ], [ 0.0004662386206, 51.611282604545124 ], [ 0.000443320661593, 51.611193654199006 ], [ 0.000442327351074, 51.61118978634844 ], [ 0.00043971370953, 51.611179615361259 ], [ 0.00043705203113, 51.611169337282128 ], [ 0.000433828964486, 51.611156802649361 ], [ 0.000397236951213, 51.611014710093585 ], [ 0.000381476962191, 51.610953546115148 ], [ 0.000377646876382, 51.610938701750399 ], [ 0.000354659306583, 51.610849473815492 ], [ 0.000351627830479, 51.610837682297948 ], [ 0.00033450898959, 51.610771231377754 ], [ 0.000333156116316, 51.610765984802775 ], [ 0.000324650801499, 51.610732938271127 ], [ 0.000322805357541, 51.610725784678657 ], [ 0.000284276351137, 51.610575753230698 ], [ 0.000267790035899, 51.610512187126218 ], [ 0.000266292506034, 51.610506376485894 ], [ 0.000262479696603, 51.61049159477318 ], [ 0.000258860799316, 51.610477610092154 ], [ 0.00025450263615, 51.610460607522377 ], [ 0.000233117462912, 51.610377593096615 ], [ 0.000208527027653, 51.61028211567136 ], [ 0.000204199439239, 51.610265314912027 ], [ 0.000185714890675, 51.610193577160722 ], [ 0.000183575882604, 51.610185264035813 ], [ 0.000177824122688, 51.610162907672802 ], [ 0.000171408234069, 51.61013802673002 ], [ 0.000158843426656, 51.610089244978134 ], [ 0.000156650149109, 51.610080748430718 ], [ 0.000155065084582, 51.610074588572388 ], [ 0.000097039055969, 51.609849302531934 ], [ 0.000096063991405, 51.609845519798526 ], [ 0.0000721347442, 51.609752584977933 ], [ 0.00006320108157, 51.609717900103469 ], [ 0.000056306295684, 51.609691156870284 ], [ 0.000052891916945, 51.60967787911278 ], [ 0.000049984535964, 51.609666607045192 ], [ 0.000042810276532, 51.6096387624914 ], [ 0.000039954885521, 51.609627687373731 ], [ 0.000039065616446, 51.609624213420894 ], [ 0.000015677604742, 51.609533400605734 ], [ -0.000017913794161, 51.609402996635509 ], [ -0.000033744356356, 51.609341514604274 ], [ -0.000056137261426, 51.609254605575522 ], [ -0.000081580487403, 51.609155797434269 ], [ -0.000097377266064, 51.609094422734813 ], [ -0.00010834432608, 51.609051913022725 ], [ -0.000127307838487, 51.608978290485013 ], [ -0.000130826465769, 51.60896460983755 ], [ -0.000264632958065, 51.609072200766235 ], [ -0.000317076398613, 51.609112256564771 ], [ -0.00062849715905, 51.609350078834069 ], [ -0.000673341081835, 51.609384323537128 ], [ -0.000847288896637, 51.609493838266609 ], [ -0.000965779774435, 51.609568434644366 ], [ -0.001069360804237, 51.609643214052973 ], [ -0.001071457844434, 51.609644728129858 ], [ -0.001139236689891, 51.60968258065693 ], [ -0.001261161273063, 51.609750640937456 ], [ -0.001415663785958, 51.609836886412076 ], [ -0.001452939180922, 51.609960089011082 ], [ -0.001553681205874, 51.60994540697309 ], [ -0.001562773508517, 51.609944081577702 ], [ -0.001922185469528, 51.60989168800284 ], [ -0.001934896924924, 51.609889836190924 ], [ -0.001908251848799, 51.609817595172878 ], [ -0.00191974948768, 51.609786317158608 ], [ -0.001924656425273, 51.609772911943821 ], [ -0.001857625761824, 51.609654876694854 ], [ -0.001830456889348, 51.609613812788453 ], [ -0.001823385473303, 51.609603129749033 ], [ -0.001803449804129, 51.609573012413648 ], [ -0.001784366524577, 51.609535620255947 ], [ -0.001680701072955, 51.609332278434181 ], [ -0.001604605938588, 51.609183034780749 ], [ -0.001590768007164, 51.60915587826414 ], [ -0.001587380413051, 51.609148923335141 ], [ -0.001579954230683, 51.60913368948701 ], [ -0.001569985199517, 51.609113214674728 ], [ -0.001477331022958, 51.608922955412261 ], [ -0.001458701776114, 51.608884699718864 ], [ -0.001457362938058, 51.60888197017735 ], [ -0.001406026290702, 51.608776540769696 ], [ -0.001401972203552, 51.608768216702671 ], [ -0.001384615006032, 51.608732581862554 ], [ -0.001378720457164, 51.608720484711725 ], [ -0.001352603487059, 51.608666859753512 ], [ -0.001316080778968, 51.608591878656107 ], [ -0.001304448961696, 51.60856798556884 ], [ -0.001272732039886, 51.608502861939272 ], [ -0.001112820351214, 51.608289330504149 ], [ -0.001110177628425, 51.608285804534553 ], [ -0.001084309777136, 51.608251291738384 ], [ -0.000916256283512, 51.608026862738079 ], [ -0.000769713114687, 51.607831158289493 ], [ -0.000740681948119, 51.607792392043017 ], [ -0.000727419596459, 51.607765188857314 ], [ -0.000727641715133, 51.607760129899454 ], [ -0.000727909993371, 51.60775401961282 ], [ -0.000728997702779, 51.607729245994875 ], [ -0.000729787149159, 51.607711265577883 ], [ -0.000730969936258, 51.607684326402335 ], [ -0.000746592576786, 51.60765760618655 ], [ -0.000879327039246, 51.607565428275691 ], [ -0.000898260324098, 51.607552280056829 ], [ -0.000910689917504, 51.60754364678219 ], [ -0.000922601039879, 51.60753537516495 ], [ -0.001007493892266, 51.607476417827513 ], [ -0.001012381450823, 51.607473021889341 ], [ -0.001061524252462, 51.607438896192669 ], [ -0.00115684508452, 51.607372707484984 ], [ -0.00116009248977, 51.607370451729054 ], [ -0.00116872200298, 51.60737389889924 ], [ -0.001178113826509, 51.607368204755339 ], [ -0.001182763111302, 51.607355397772373 ], [ -0.001178902676132, 51.607350233327075 ], [ -0.001186934720536, 51.607343931519864 ], [ -0.001223774401681, 51.607315027694185 ], [ -0.001286635854522, 51.607338835447109 ], [ -0.001297636794143, 51.607336293563343 ], [ -0.001411928091479, 51.607305776932506 ], [ -0.001477980394186, 51.607288143351234 ], [ -0.001522784878453, 51.60727618189879 ], [ -0.001647114058262, 51.607242994729411 ], [ -0.001710403399465, 51.607226096827247 ], [ -0.001643300606649, 51.607220304833533 ], [ -0.001511156841326, 51.607198568119713 ], [ -0.001800963193682, 51.606997145357596 ], [ -0.00182487137578, 51.60698052988117 ], [ -0.001831322509482, 51.606973059136337 ], [ -0.001845712700631, 51.606956133179409 ], [ -0.001891024200927, 51.606872029863567 ], [ -0.001932248476475, 51.606849214940098 ], [ -0.001807998358961, 51.606779216842192 ], [ -0.001666576102267, 51.60658096209049 ], [ -0.001646835559659, 51.606553288877855 ], [ -0.001695812194138, 51.606508747294569 ], [ -0.00186603269944, 51.6062784278772 ], [ -0.001878435665022, 51.606231743611303 ], [ -0.001892011901656, 51.606180700014839 ], [ -0.001896337144587, 51.606164407462387 ], [ -0.001914680080856, 51.606163370994089 ], [ -0.001921209652142, 51.606162996606479 ], [ -0.002054175838672, 51.606144830248773 ], [ -0.002062875769833, 51.606143045033186 ], [ -0.002069100464437, 51.606140732074138 ], [ -0.002170738033331, 51.606102923170774 ], [ -0.002190215831373, 51.606100377273066 ], [ -0.002204653434537, 51.606098491917436 ], [ -0.002214581953654, 51.606098328263329 ], [ -0.002223412157993, 51.606098181875801 ], [ -0.002246418238553, 51.606096190632314 ], [ -0.002331694157916, 51.60608865025268 ], [ -0.002341609165417, 51.606086490039694 ], [ -0.002356438185649, 51.606083253474345 ], [ -0.002366160138744, 51.606080226699504 ], [ -0.002383999336905, 51.606076187104641 ], [ -0.002391188284482, 51.606075266388039 ], [ -0.002399829373144, 51.606074163570405 ], [ -0.002468480277076, 51.606065368841342 ], [ -0.002496843663848, 51.606061742217946 ], [ -0.002545530165773, 51.606051771236686 ], [ -0.002580137783785, 51.606043080260939 ], [ -0.00260821608325, 51.606032947235867 ], [ -0.002618303720629, 51.606030637067882 ], [ -0.002655237904276, 51.606022570187541 ], [ -0.002664759312725, 51.606020493171293 ], [ -0.00269006043172, 51.606017210035397 ], [ -0.002703784336197, 51.606015132620826 ], [ -0.002814695610578, 51.6059986582082 ], [ -0.002824750438015, 51.605998577584977 ], [ -0.002835754691577, 51.605998252342737 ], [ -0.002842934611539, 51.605996549104596 ], [ -0.002889942448209, 51.605983689817933 ], [ -0.002913899708775, 51.605979106834894 ], [ -0.002919754061217, 51.605977992512592 ], [ -0.002932444897249, 51.605974773433964 ], [ -0.002971334973172, 51.605964914288492 ], [ -0.002993678786458, 51.605959251712463 ], [ -0.003040576752202, 51.605951201442281 ], [ -0.003050050846036, 51.605950202680688 ], [ -0.003069506866132, 51.6059481508521 ], [ -0.003076081074071, 51.605946428297827 ], [ -0.003126000407233, 51.605933366688021 ], [ -0.003134984147311, 51.60593169413449 ], [ -0.003140721073125, 51.60593062276488 ], [ -0.003218727129719, 51.605920898750675 ], [ -0.003235005221547, 51.605918864746869 ], [ -0.003245287866882, 51.605916881572398 ], [ -0.003249003600637, 51.605915137336005 ], [ -0.003342231919611, 51.605871629713015 ], [ -0.003416241816416, 51.60585340896678 ], [ -0.0034234969558, 51.605852624200985 ], [ -0.003454898079599, 51.605848878191217 ], [ -0.003461583123998, 51.605846932691762 ], [ -0.003546336613354, 51.605822305951548 ], [ -0.003551451856718, 51.605820261794435 ], [ -0.003624854517369, 51.605791017572543 ], [ -0.003671930765756, 51.605766046359655 ], [ -0.00369935710016, 51.605751504696798 ], [ -0.003726173252799, 51.60573375134463 ], [ -0.003732637173798, 51.605731249034115 ], [ -0.003749771020288, 51.605721221774118 ], [ -0.003772557434569, 51.605710728665066 ], [ -0.003821821187392, 51.605693833837591 ], [ -0.003866437128975, 51.605678532500413 ], [ -0.003871705314944, 51.605676293099073 ], [ -0.003882866804083, 51.605671555159077 ], [ -0.003888796275429, 51.605670208265138 ], [ -0.00389680540626, 51.605668694425098 ], [ -0.003912747477931, 51.605662792369884 ], [ -0.003979837702966, 51.60563785581369 ], [ -0.003985155078843, 51.605635482358124 ], [ -0.004016830063466, 51.605621529972865 ], [ -0.004086334307714, 51.605598185620252 ], [ -0.004100737319647, 51.60559181223271 ], [ -0.004151780556101, 51.605569237361578 ], [ -0.004159403889408, 51.605563674850067 ], [ -0.004178528137114, 51.605549747209594 ], [ -0.004259841673593, 51.605544278247741 ], [ -0.004267767623478, 51.605544332144667 ], [ -0.004292141422196, 51.605540781109895 ], [ -0.004352559876053, 51.605531980151042 ], [ -0.004370219027005, 51.605531381295513 ], [ -0.004400565392504, 51.60553291363042 ], [ -0.004462679490581, 51.605520679378706 ], [ -0.004515453259955, 51.605540667910255 ], [ -0.004567644868683, 51.605560430697295 ], [ -0.004678235580142, 51.60560231886793 ], [ -0.004742777470607, 51.605605538754148 ], [ -0.004858388122511, 51.605611304172619 ], [ -0.004842229931008, 51.605667299408005 ], [ -0.004840895425903, 51.605671718965148 ], [ -0.004836562671961, 51.605672715379121 ], [ -0.004819392360103, 51.605676658804455 ], [ -0.004760882322565, 51.605693648580498 ], [ -0.004774503329719, 51.605716658009982 ], [ -0.00478777513661, 51.605739067999572 ], [ -0.004830617347463, 51.605900374094112 ], [ -0.004838457268779, 51.605911622041141 ], [ -0.004836569305841, 51.605922740525685 ], [ -0.00484787386827, 51.60596533199314 ], [ -0.004863109314207, 51.606022692899671 ], [ -0.004869358035061, 51.606046197418948 ], [ -0.004871031392822, 51.606052502578898 ], [ -0.004924684274795, 51.606254503270662 ], [ -0.004919148862773, 51.606254930700594 ], [ -0.004928243134776, 51.606278753375477 ], [ -0.004930652480696, 51.606285071049406 ], [ -0.004919427312231, 51.6062904374756 ], [ -0.00492237785411, 51.606303850372832 ], [ -0.004960171213945, 51.606475924366293 ], [ -0.004961364846484, 51.606481313132825 ], [ -0.00502794014546, 51.606576595736804 ], [ -0.005009189518343, 51.606587265625897 ], [ -0.004984840296055, 51.606601122541903 ], [ -0.004932215896264, 51.606641970458895 ], [ -0.004928553545642, 51.606644803737765 ], [ -0.00491727721649, 51.606656247266137 ], [ -0.004831810487247, 51.606742983360292 ], [ -0.004829516567553, 51.606746226580974 ], [ -0.004828318796306, 51.606747920165759 ], [ -0.004811734185505, 51.606771381696227 ], [ -0.004796461522885, 51.606792982524553 ], [ -0.004759976180123, 51.606893634591977 ], [ -0.004759265023501, 51.606899647413542 ], [ -0.004748612354596, 51.606989174547543 ], [ -0.004746687893224, 51.607005409091741 ], [ -0.004746997255699, 51.607012356494216 ], [ -0.004736391028299, 51.607094955763841 ], [ -0.004735466106748, 51.607102155545157 ], [ -0.004728571394917, 51.607155849779488 ], [ -0.004728239958267, 51.607158469927057 ], [ -0.004677415744368, 51.6072468732552 ], [ -0.004674271752424, 51.607252377096678 ], [ -0.004671273239323, 51.607255055298872 ], [ -0.004667838504355, 51.607258130740803 ], [ -0.00464140630933, 51.607291168953914 ], [ -0.004603901230011, 51.60734108644067 ], [ -0.004531367558342, 51.607437627317843 ], [ -0.004521966605168, 51.607450133240349 ], [ -0.004512979703537, 51.607462088674787 ], [ -0.004504019310871, 51.60747640506758 ], [ -0.004483396926149, 51.607509343330392 ], [ -0.004423206546013, 51.607605483501054 ], [ -0.004420348785797, 51.607610056994297 ], [ -0.004385478546082, 51.607684037968475 ], [ -0.004359363563997, 51.607746405778066 ], [ -0.004328651981698, 51.607819738080359 ], [ -0.004292085785825, 51.607907034924693 ], [ -0.00429109487149, 51.607909675327491 ], [ -0.004276192569192, 51.607949370636462 ], [ -0.004245178237218, 51.607988745120693 ], [ -0.004158620619574, 51.608098637488844 ], [ -0.004146873955371, 51.608113550319423 ], [ -0.004085074193361, 51.608192008164032 ], [ -0.00407631107778, 51.608203135578755 ], [ -0.004050114610076, 51.608239999463194 ], [ -0.004032460864989, 51.608264832940783 ], [ -0.003989968098776, 51.608327848288972 ], [ -0.003876501211305, 51.608538237822351 ], [ -0.00409897970466, 51.608490244269603 ], [ -0.004187087292221, 51.608471240323695 ], [ -0.004229515406388, 51.608462088355438 ], [ -0.004693631779779, 51.608361963324541 ], [ -0.004798794785007, 51.608339276125385 ], [ -0.004879903458658, 51.608321780282168 ], [ -0.005053740998281, 51.60828427929372 ], [ -0.005158877374882, 51.608261598521338 ], [ -0.005165941704772, 51.608261089159903 ], [ -0.005186653680012, 51.608259596058645 ], [ -0.005310812429135, 51.608250647142214 ], [ -0.005348654934737, 51.608247919230067 ], [ -0.005584315850646, 51.608230928039113 ], [ -0.005727833352597, 51.608220580308874 ], [ -0.005933489245652, 51.608205758156835 ], [ -0.005935560486973, 51.608209677177506 ], [ -0.005975967648284, 51.608286134795883 ], [ -0.006026356196468, 51.608371227473434 ], [ -0.006058659079319, 51.608425776718803 ], [ -0.006118164168959, 51.60852626459873 ], [ -0.006137340725437, 51.608558649289954 ], [ -0.00616619908946, 51.608553344085728 ], [ -0.006537599287001, 51.608478044238311 ], [ -0.006716891958242, 51.60844193738523 ], [ -0.006759931851561, 51.608522718902883 ], [ -0.006615462806797, 51.608549507839264 ], [ -0.006203895659201, 51.608625820468149 ], [ -0.006169614576518, 51.608559909927195 ], [ -0.006108242508614, 51.608568145367023 ], [ -0.006072993939997, 51.608576835511023 ], [ -0.006058629074093, 51.608580377195608 ], [ -0.005758603073314, 51.608654348351692 ], [ -0.005621013022438, 51.608688267082066 ], [ -0.005596193196481, 51.608694382676099 ], [ -0.005464793156452, 51.608726778820881 ], [ -0.005296104772639, 51.608768360615699 ], [ -0.005286161906103, 51.60877081736421 ], [ -0.005206986026226, 51.608790333684674 ], [ -0.005095952600091, 51.608817707217959 ], [ -0.004990218935523, 51.608843768050967 ], [ -0.004993846171322, 51.608849647884185 ], [ -0.005138976634484, 51.609084581028661 ], [ -0.00537624083992, 51.609468701423495 ], [ -0.005382030011293, 51.609485229165003 ], [ -0.005391911714188, 51.609513498763725 ], [ -0.005401112038485, 51.609539850364918 ], [ -0.005403496637337, 51.609546734206738 ], [ -0.005400613024532, 51.609551235399039 ], [ -0.005373358154601, 51.609593450549546 ], [ -0.005370585011482, 51.60959773779873 ], [ -0.005350224688542, 51.609605889599251 ], [ -0.005275972064677, 51.609635615479156 ], [ -0.004977266360389, 51.609707477734332 ], [ -0.004625533091166, 51.609792095273484 ], [ -0.004083499641088, 51.609922493838944 ], [ -0.004057394863506, 51.609928773474081 ], [ -0.003701458739738, 51.61001439945565 ], [ -0.002434857755906, 51.610319099960229 ], [ -0.002391310572839, 51.610329476911588 ], [ -0.002387548584217, 51.610330488367488 ], [ -0.002287267414808, 51.610354607511383 ], [ -0.002294227334911, 51.610371092392754 ], [ -0.002317345035982, 51.610425827774336 ], [ -0.002322630445768, 51.610438345421336 ], [ -0.002340855912558, 51.610481478088985 ], [ -0.002351295850276, 51.610506205406395 ], [ -0.002354567007959, 51.610513940709055 ], [ -0.002392991832648, 51.61060492473684 ], [ -0.002397256499809, 51.610615032992193 ], [ -0.002411216638282, 51.610648075365724 ], [ -0.002416933785777, 51.610661616512594 ], [ -0.002440169431231, 51.610716632642479 ], [ -0.002446612335857, 51.610739304555018 ], [ -0.002449164027263, 51.610748295550643 ], [ -0.002451483632591, 51.610756486757303 ], [ -0.002458245065976, 51.610780292652692 ], [ -0.002472861358005, 51.610831785342704 ], [ -0.00251527080648, 51.610981221069736 ], [ -0.002516796063619, 51.610986615567931 ], [ -0.002520711058045, 51.611000413789078 ], [ -0.002536695809948, 51.611056763242914 ], [ -0.002540023612252, 51.61106847419574 ], [ -0.002546352891619, 51.611090775473748 ], [ -0.00255196997644, 51.611110546722635 ], [ -0.002576292202368, 51.611165824116057 ], [ -0.002577381617415, 51.611168315603635 ], [ -0.002588911334244, 51.61119454521333 ], [ -0.002601046971096, 51.611222107036319 ], [ -0.002606956989181, 51.611235534552904 ], [ -0.002614048778643, 51.611251652963887 ], [ -0.002618263870717, 51.611261247792484 ], [ -0.002637382593244, 51.611304773298187 ], [ -0.0026497563763, 51.6113328337578 ], [ -0.002706122842944, 51.611460956427997 ], [ -0.002708460296293, 51.611466274823648 ], [ -0.002720266813804, 51.611493111629009 ], [ -0.002731593494755, 51.611518870155827 ], [ -0.00278984530985, 51.611651269340321 ], [ -0.00279452025459, 51.611661906128425 ], [ -0.002801323053016, 51.611677372146382 ], [ -0.002843223938057, 51.611772619172513 ], [ -0.002873949525837, 51.611842442971394 ], [ -0.002876943965532, 51.611849247318197 ], [ -0.00287987255344, 51.611855906663827 ], [ -0.00289506724856, 51.611890453749091 ], [ -0.002899664978726, 51.611911736355097 ], [ -0.002909728043361, 51.611958228077256 ], [ -0.002911084439769, 51.611964509954021 ], [ -0.0029216776568, 51.612013402707035 ], [ -0.002924576893083, 51.612026819426077 ], [ -0.002929156352025, 51.612048025283023 ], [ -0.002930332546532, 51.612053476781014 ], [ -0.002929418247239, 51.612071347329547 ], [ -0.002928250683766, 51.612094330307777 ], [ -0.002925725153009, 51.612143647230901 ], [ -0.00292403954321, 51.612176459201606 ], [ -0.002910800283741, 51.612215827899163 ], [ -0.002909885808071, 51.612218564043353 ], [ -0.002880089222114, 51.612307082766655 ], [ -0.002876284845232, 51.612318402534811 ], [ -0.002861656566724, 51.612347755102569 ], [ -0.002831541738601, 51.612408177581607 ], [ -0.002830281146112, 51.612410736975974 ], [ -0.002807766613373, 51.612455918811747 ], [ -0.002798896662323, 51.61247372588052 ], [ -0.002796094777147, 51.612479316493776 ], [ -0.002756477758979, 51.612519755911137 ], [ -0.002738740776346, 51.612537861665949 ], [ -0.002735701747042, 51.612540957314806 ], [ -0.002732330603259, 51.612544380033263 ], [ -0.002703555585057, 51.612573745360173 ], [ -0.002664739233366, 51.612613380057198 ], [ -0.002631883306351, 51.612647199132333 ], [ -0.002613927835756, 51.612665673439039 ], [ -0.00259780265723, 51.61268226529382 ], [ -0.002587667234726, 51.612692703920445 ], [ -0.002539820343796, 51.61274195071465 ], [ -0.00253145479325, 51.612750567008646 ], [ -0.002522923378208, 51.612759342343608 ], [ -0.002468540117436, 51.612790339934058 ], [ -0.002458273868176, 51.612796190140429 ], [ -0.002359833080442, 51.612852291089958 ], [ -0.002347685308457, 51.612859215332229 ], [ -0.002296304360727, 51.612888508620401 ], [ -0.002277805400876, 51.612899058412175 ], [ -0.002256265724546, 51.612911326155732 ], [ -0.002193481478721, 51.612945157103795 ], [ -0.00218033029259, 51.612952235101673 ], [ -0.002146616335728, 51.612970383466077 ], [ -0.002089646094342, 51.613001076049954 ], [ -0.002084349706129, 51.613003935409161 ], [ -0.002045886318461, 51.613024655664255 ], [ -0.002038770684624, 51.613028486708487 ], [ -0.002031211409388, 51.613032552995769 ], [ -0.001986638429864, 51.613056559373881 ], [ -0.001981504736631, 51.613059331573794 ], [ -0.001953885345594, 51.613074202479659 ], [ -0.001923277489237, 51.613090686103291 ], [ -0.001894297086202, 51.613106289189552 ], [ -0.00188397076149, 51.613111859554976 ], [ -0.00181822756492, 51.613147276551523 ], [ -0.001800238705003, 51.613156960883053 ], [ -0.001792117321944, 51.613161327823967 ], [ -0.001786776414258, 51.613164213389169 ], [ -0.001766227898012, 51.613175283933593 ], [ -0.001732997174045, 51.613192945821176 ], [ -0.00164856747373, 51.613237810347393 ], [ -0.00163624765058, 51.613244371885578 ], [ -0.001566236937523, 51.613281559955972 ], [ -0.0015440382206, 51.613293358016719 ], [ -0.001504047642915, 51.613314619136077 ], [ -0.001484481561653, 51.613325014198338 ], [ -0.001417161046493, 51.613360782677873 ], [ -0.001332979907411, 51.613405526432288 ], [ -0.001319240990369, 51.613412819318228 ], [ -0.001165195626632, 51.613494668415804 ], [ -0.001104914036584, 51.613526703262067 ], [ -0.001094206518211, 51.613532393104251 ], [ -0.001011045518782, 51.613576587492076 ], [ -0.000998651911732, 51.61358317485282 ], [ -0.000981466615257, 51.613592306455466 ], [ -0.000937876928032, 51.613617229037068 ], [ -0.000914393234286, 51.61363065074827 ], [ -0.000875025558859, 51.613653172243367 ], [ -0.00086718815949, 51.61365764298462 ], [ -0.000829776970637, 51.613679028747427 ], [ -0.000819613113263, 51.613684835733586 ], [ -0.000815286830012, 51.613687306961566 ], [ -0.000794736682052, 51.613699052031777 ], [ -0.000703245384525, 51.613751359536131 ], [ -0.000699496995648, 51.613753498883796 ], [ -0.00069423730906, 51.613756502759514 ], [ -0.000680754256303, 51.613764213592013 ], [ -0.000626303404742, 51.613795353823484 ], [ -0.000614879881109, 51.613801885725678 ], [ -0.000576758276691, 51.613823654992956 ], [ -0.000571860682682, 51.613826471690011 ], [ -0.000434193460678, 51.613905172663237 ], [ -0.000401440320191, 51.613926718557174 ], [ -0.000398272005619, 51.613928804826465 ], [ -0.000386699992992, 51.613936413283568 ], [ -0.000359078001482, 51.613954593413972 ], [ -0.000355671639056, 51.613956837494072 ], [ -0.000262930228259, 51.614017846159982 ], [ -0.000239324847423, 51.614033369932002 ], [ -0.000234459757629, 51.614036596330237 ], [ -0.00021665561695, 51.614048298150735 ], [ -0.000212461215316, 51.614052039551289 ], [ -0.000169586342538, 51.614090256017271 ], [ -0.00015067462099, 51.614107109669078 ], [ -0.000136618047526, 51.61411964865885 ], [ -0.000127523194307, 51.614127748907642 ], [ -0.000077583197665, 51.614172247701866 ], [ -0.00003453573941, 51.614215371108017 ], [ -0.000028492152565, 51.61422141906619 ], [ -0.000016570852826, 51.614233355941451 ], [ 0.000042536720234, 51.614292531730726 ], [ 0.000044999399247, 51.614294994205586 ], [ 0.000061240711112, 51.614311227864967 ], [ 0.000102727283309, 51.614361553853186 ], [ 0.000113063155668, 51.614377182176383 ], [ 0.000118452816818, 51.61438543993949 ], [ 0.000170070575206, 51.614464477350239 ], [ 0.00018910795028, 51.614493842820409 ], [ 0.000210085038751, 51.614535196460622 ], [ 0.000350248849688, 51.614458197955742 ], [ 0.000352976297878, 51.614460768321706 ], [ 0.000484295921942, 51.614584741477522 ], [ 0.000517419743843, 51.614616010757778 ], [ 0.000563112321451, 51.614659151872942 ], [ 0.000580406365535, 51.614703262370618 ], [ 0.000651394156016, 51.614716243218083 ], [ 0.000820541714171, 51.614622024243744 ], [ 0.000826618395987, 51.614618638433825 ], [ 0.000879603115572, 51.614589130410032 ], [ 0.000889888236297, 51.614580933824918 ], [ 0.000893941720457, 51.614577690394142 ], [ 0.00091866290762, 51.614557971194593 ], [ 0.000932652506977, 51.61454680689576 ], [ 0.000996139922584, 51.614496153759347 ] ] ] } },
{ "type": "Feature", "properties": { "lsoa21cd": "E01004387", "lsoa21nm": "Waltham Forest 007E", "msoa21cd": "E02000901", "msoa21nm": "Waltham Forest 007", "lad22cd": "E09000031", "lad22nm": "Waltham Forest", "index_right": 343, "GSS_CODE": "E05000597", "risk_score": 0.0, "allocation_hours": 0.0, "patrol_units": 0 }, "geometry": { "type": "Polygon", "coordinates": [ [ [ 0.005604528650822, 51.615693057552832 ], [ 0.00558826595061, 51.61567623140818 ], [ 0.005585998425515, 51.615678859993878 ], [ 0.005580565774124, 51.615682432897493 ], [ 0.005571960168775, 51.615688083316606 ], [ 0.005533672095832, 51.615681974764414 ], [ 0.005517132340039, 51.61567934362391 ], [ 0.005497449895706, 51.615676199616772 ], [ 0.005470130605587, 51.615671846125998 ], [ 0.005386504648899, 51.615642897247845 ], [ 0.005306751143815, 51.615615285032206 ], [ 0.005267058019823, 51.615601547710753 ], [ 0.005237001681039, 51.615591134948112 ], [ 0.00524068885396, 51.615587942575246 ], [ 0.005267039794951, 51.615565083144148 ], [ 0.005435346280556, 51.615419155309915 ], [ 0.005459981192562, 51.615379652898852 ], [ 0.005454817146497, 51.615372933706887 ], [ 0.005378165993357, 51.615273139151761 ], [ 0.00536425636971, 51.615247918703211 ], [ 0.005353161146667, 51.615237065288568 ], [ 0.005343038232476, 51.615227625088885 ], [ 0.005345043211708, 51.61522264493658 ], [ 0.005346906448817, 51.615218053885201 ], [ 0.005349653755841, 51.61521123556436 ], [ 0.005363358609341, 51.615194122477185 ], [ 0.005414452735895, 51.615130292958412 ], [ 0.005427664461551, 51.615113790784839 ], [ 0.005463360485884, 51.615080439237531 ], [ 0.005468341005111, 51.615075785955938 ], [ 0.005472460562449, 51.61505880956539 ], [ 0.00547962029069, 51.615047230756034 ], [ 0.005489327780172, 51.615031516815193 ], [ 0.00554406012377, 51.614966015419036 ], [ 0.005564179130254, 51.614948594922595 ], [ 0.005570899103891, 51.614942769871433 ], [ 0.005645355969822, 51.614892848410832 ], [ 0.00565884163241, 51.614879614822819 ], [ 0.005666623416637, 51.614871991100173 ], [ 0.005667883658609, 51.614868795196799 ], [ 0.005673325328212, 51.614854943615391 ], [ 0.005678404140458, 51.614848589046943 ], [ 0.00571190402437, 51.614806713980819 ], [ 0.005736189893811, 51.614776344909359 ], [ 0.005738651019896, 51.614772211250958 ], [ 0.005747438745985, 51.61476152185633 ], [ 0.005761504555813, 51.614744411536044 ], [ 0.005768464245131, 51.614732557349768 ], [ 0.005785525785345, 51.614703453715023 ], [ 0.00578891354442, 51.614693144312298 ], [ 0.005793493917585, 51.614679743573703 ], [ 0.005886426208344, 51.614590213283769 ], [ 0.005892712787859, 51.614585699536491 ], [ 0.005892261872996, 51.614580549994997 ], [ 0.005883390752758, 51.614479422610977 ], [ 0.005876732066564, 51.614403414173545 ], [ 0.005858989384921, 51.614395111346447 ], [ 0.005749671528201, 51.614343940371818 ], [ 0.005633288947534, 51.614289454804243 ], [ 0.005633865837291, 51.614280587263252 ], [ 0.005638235042745, 51.614211768886477 ], [ 0.005631726730387, 51.614180941085927 ], [ 0.005634827067018, 51.614166077359314 ], [ 0.005636208462, 51.614159731984032 ], [ 0.005681640196862, 51.614093310200786 ], [ 0.005685792634149, 51.614087241227359 ], [ 0.005729892136901, 51.614043683320681 ], [ 0.005738137917891, 51.614040035371993 ], [ 0.005890102759674, 51.613972782963614 ], [ 0.005889251329535, 51.613894166393827 ], [ 0.005900478634468, 51.613887706779089 ], [ 0.005939386568013, 51.61386531606535 ], [ 0.00595114411867, 51.613883334182489 ], [ 0.005985856023809, 51.61393646287987 ], [ 0.00609243646264, 51.614060538262422 ], [ 0.006094666338257, 51.614062955142501 ], [ 0.006100339798115, 51.614069108062438 ], [ 0.006116055123066, 51.614086141310821 ], [ 0.006172583309873, 51.614147408737999 ], [ 0.006198621281328, 51.614175627749241 ], [ 0.006231356370361, 51.614211101758677 ], [ 0.006274452799676, 51.614257819316997 ], [ 0.006313534513528, 51.614265244921619 ], [ 0.006319667861933, 51.614270688554413 ], [ 0.006328939349592, 51.61427981948475 ], [ 0.006304806642342, 51.614290717152947 ], [ 0.006305202872761, 51.614299702965816 ], [ 0.006311454466755, 51.614305207527003 ], [ 0.006320230745507, 51.614312935083547 ], [ 0.006383242909747, 51.614368421827464 ], [ 0.006495020380935, 51.614466833226487 ], [ 0.006575473091681, 51.614537677972741 ], [ 0.006651487976828, 51.614585514541325 ], [ 0.006663714793938, 51.61459320109941 ], [ 0.006715043346678, 51.614625461662143 ], [ 0.006769131120003, 51.614667225180135 ], [ 0.006846562420277, 51.614727024553723 ], [ 0.00686528701292, 51.614741371468114 ], [ 0.006977405536248, 51.614809975225739 ], [ 0.007046346900332, 51.614852159223865 ], [ 0.007068957291944, 51.614866017046552 ], [ 0.007075860416903, 51.614870242483747 ], [ 0.007093174332207, 51.614886825654509 ], [ 0.00709597208971, 51.614889507087526 ], [ 0.007187289193836, 51.614977058377193 ], [ 0.007193879937011, 51.61498304270286 ], [ 0.007205496100438, 51.614993581308731 ], [ 0.00727539153718, 51.615057052332212 ], [ 0.007252396588155, 51.615015818678955 ], [ 0.007230121925208, 51.614975849659103 ], [ 0.007227964837901, 51.614952820535926 ], [ 0.0074395197041, 51.614886669856659 ], [ 0.007444534949479, 51.614885100346363 ], [ 0.007497598472444, 51.614767766148347 ], [ 0.007501463554229, 51.614698879762948 ], [ 0.007499076409129, 51.614693228260208 ], [ 0.007464093831435, 51.614610446967852 ], [ 0.00745389777516, 51.614586260334761 ], [ 0.007450382317039, 51.614565511571861 ], [ 0.0074175565677, 51.614520480274351 ], [ 0.007414989164155, 51.614516963096435 ], [ 0.007407368795392, 51.614497462534253 ], [ 0.007402855310154, 51.614485849320168 ], [ 0.007382441116277, 51.614456288927322 ], [ 0.007380401506041, 51.614451638652625 ], [ 0.007349186616065, 51.614380582222623 ], [ 0.007338989000559, 51.614357339832551 ], [ 0.007328206996741, 51.614341805089978 ], [ 0.007325076396027, 51.614337308352972 ], [ 0.007311792628182, 51.614323345114869 ], [ 0.007318092158555, 51.614307014796218 ], [ 0.007374939529333, 51.614159553710451 ], [ 0.007376218896453, 51.614157121825471 ], [ 0.007378941552145, 51.614152372157008 ], [ 0.007379972936473, 51.614149557829684 ], [ 0.007384288283277, 51.61412590548305 ], [ 0.007385510429894, 51.614119230072426 ], [ 0.007388361971901, 51.61410365111891 ], [ 0.007448610272289, 51.613942597979808 ], [ 0.007455747641938, 51.613884365825008 ], [ 0.007457458501582, 51.613870434027497 ], [ 0.0074609091946, 51.61385926918301 ], [ 0.007461552935732, 51.613855526251555 ], [ 0.007466297042224, 51.613828170611825 ], [ 0.00747016261833, 51.613821171237483 ], [ 0.007473772989266, 51.613814607870381 ], [ 0.007490588777801, 51.61378422217917 ], [ 0.007496265105208, 51.613776031802466 ], [ 0.007501469782893, 51.613760097872721 ], [ 0.007509424142581, 51.61373577180639 ], [ 0.007518466408592, 51.613677502578184 ], [ 0.007520197757813, 51.613673529726 ], [ 0.007534934061397, 51.613639555559971 ], [ 0.007539221208451, 51.613629671344341 ], [ 0.007550623735044, 51.613591833399539 ], [ 0.007553799719124, 51.613587210862789 ], [ 0.007593229435518, 51.61352985641313 ], [ 0.007596826675021, 51.61352463316129 ], [ 0.007597863186853, 51.613521935646588 ], [ 0.007625445380133, 51.613450431556366 ], [ 0.007625831370449, 51.613445757799859 ], [ 0.007631060951225, 51.613382104225359 ], [ 0.007632283395993, 51.613376746219053 ], [ 0.007635092780307, 51.613323713811383 ], [ 0.007636353240151, 51.613320526866794 ], [ 0.007665230682964, 51.613247283025167 ], [ 0.007668724256233, 51.613238401555357 ], [ 0.007677091096592, 51.613226046553237 ], [ 0.00767954682176, 51.613218522724907 ], [ 0.00768341471026, 51.613206667297526 ], [ 0.007685807773016, 51.613152221172243 ], [ 0.007685950688503, 51.613148585719685 ], [ 0.007691258876761, 51.613134673338145 ], [ 0.007717852349145, 51.613064993622253 ], [ 0.007727466670831, 51.613047194748034 ], [ 0.007741393962539, 51.613021408640577 ], [ 0.0077434364922, 51.613017614810119 ], [ 0.007748520411292, 51.6130084408614 ], [ 0.007784945567229, 51.61295715373118 ], [ 0.007814264149433, 51.61288884371703 ], [ 0.007820733018834, 51.612881269245584 ], [ 0.007836361247217, 51.612862935877772 ], [ 0.007840120224575, 51.612853523794129 ], [ 0.00787581568663, 51.612792415695282 ], [ 0.007882867481706, 51.612782340301237 ], [ 0.00804644551415, 51.612704131013338 ], [ 0.008052970798104, 51.61269996375669 ], [ 0.008087185696386, 51.612678138092512 ], [ 0.008119187448232, 51.612651494262451 ], [ 0.008120833581638, 51.612648210788024 ], [ 0.008181326089796, 51.612527808409162 ], [ 0.008182090771417, 51.612524189297446 ], [ 0.008207183648201, 51.612404823974757 ], [ 0.008207912165679, 51.612401367348021 ], [ 0.008723255488667, 51.612468836359405 ], [ 0.008726994127201, 51.612458313998047 ], [ 0.008754431412889, 51.612461450638605 ], [ 0.010542412540047, 51.612665645498602 ], [ 0.010585035094241, 51.612670518064576 ], [ 0.01059676482891, 51.612671854948864 ], [ 0.011037942270791, 51.612363091536999 ], [ 0.011069661961125, 51.61234089400169 ], [ 0.011128284906232, 51.612290304544644 ], [ 0.011328125690996, 51.612140409442951 ], [ 0.011374350866436, 51.612108179343679 ], [ 0.011430370946393, 51.612069135869696 ], [ 0.0114483054765, 51.612056616633197 ], [ 0.011737700041589, 51.61187041198334 ], [ 0.011750698975464, 51.611862563503443 ], [ 0.011782985361967, 51.611843071807876 ], [ 0.011839504528206, 51.611811411500959 ], [ 0.011927849373591, 51.61176193095416 ], [ 0.011828002101395, 51.611618545706001 ], [ 0.011785260002532, 51.611550511408431 ], [ 0.01170993888986, 51.611430653225099 ], [ 0.011679491477867, 51.611382124591785 ], [ 0.011676198725039, 51.611377068697372 ], [ 0.011652761916519, 51.61134189540175 ], [ 0.01155989980038, 51.6112140285029 ], [ 0.01155802516508, 51.611211156000785 ], [ 0.011526275039414, 51.61116239336976 ], [ 0.011415646744812, 51.610971099987168 ], [ 0.011372660089734, 51.610885740975156 ], [ 0.011294207490173, 51.610729947747721 ], [ 0.01126810458427, 51.610685090046864 ], [ 0.011244439040245, 51.610644399139098 ], [ 0.011239827643199, 51.610636465702655 ], [ 0.011235185794556, 51.610628496817206 ], [ 0.011233249788856, 51.610622927573573 ], [ 0.01123123182066, 51.610617791380321 ], [ 0.011204362740264, 51.610549386101475 ], [ 0.011138906406851, 51.610382722899416 ], [ 0.011137652555464, 51.610379516023933 ], [ 0.011135033105149, 51.61037286138621 ], [ 0.011142277648004, 51.610163244947309 ], [ 0.011127846518755, 51.610088349735221 ], [ 0.010969362572181, 51.609266026690946 ], [ 0.008940293352455, 51.60943977510739 ], [ 0.008930861565631, 51.609440579481472 ], [ 0.00891471135728, 51.609443944813897 ], [ 0.008723551082439, 51.609466972635147 ], [ 0.008714875144924, 51.609470340441199 ], [ 0.008595404004059, 51.609516812598713 ], [ 0.008546169224976, 51.609522398577177 ], [ 0.008527126952737, 51.60952454088023 ], [ 0.008398103293557, 51.609550272938129 ], [ 0.008343996957112, 51.609571144173294 ], [ 0.008318291810542, 51.609581035148594 ], [ 0.008247574679688, 51.609632639462731 ], [ 0.008244201104645, 51.60963703160899 ], [ 0.008211925877268, 51.609679030640564 ], [ 0.008198772520372, 51.609696143756835 ], [ 0.008170346658199, 51.609747806924531 ], [ 0.008161907363954, 51.609758175876834 ], [ 0.008145111787762, 51.609778831425629 ], [ 0.008143896296067, 51.609822637211217 ], [ 0.008143171010509, 51.609848422423489 ], [ 0.008141866007477, 51.609895763833293 ], [ 0.008138809944648, 51.610005867605928 ], [ 0.008137376021638, 51.610057815432945 ], [ 0.008137225263597, 51.610063236055979 ], [ 0.008112692934058, 51.610047671328097 ], [ 0.008021275871163, 51.609999397967279 ], [ 0.008008775164231, 51.609993991404195 ], [ 0.007992333210366, 51.609984695505474 ], [ 0.007960472285903, 51.609994197082678 ], [ 0.007923017701726, 51.610005403997128 ], [ 0.007878627645396, 51.610030623086892 ], [ 0.007865490729188, 51.610036656987475 ], [ 0.007679763083996, 51.610121998703079 ], [ 0.007466095998224, 51.610186910047901 ], [ 0.007458775017094, 51.610191531530447 ], [ 0.007382433347899, 51.610239764759712 ], [ 0.007371097919335, 51.610245385610874 ], [ 0.007367648200821, 51.610247072255703 ], [ 0.007229985263018, 51.61028934862 ], [ 0.007141613021171, 51.610352175513562 ], [ 0.007114819301661, 51.610374404658124 ], [ 0.00707629328776, 51.610406357526067 ], [ 0.0070462851035, 51.610431024642949 ], [ 0.00703554560442, 51.610438042610795 ], [ 0.007035463480891, 51.610448952031618 ], [ 0.007034249402027, 51.610541443633011 ], [ 0.007017933573247, 51.610560386683829 ], [ 0.006904003992988, 51.610692659416713 ], [ 0.006888297085763, 51.610705598472286 ], [ 0.006870918519989, 51.610719932974185 ], [ 0.006845148860565, 51.610741155350084 ], [ 0.006817679848398, 51.610763800618265 ], [ 0.006781527709666, 51.610781144787843 ], [ 0.006608035884437, 51.610864360001422 ], [ 0.006598125801429, 51.610867263124341 ], [ 0.006581171682077, 51.610872229035927 ], [ 0.006557900858864, 51.610879047465197 ], [ 0.00654353312734, 51.610882071731027 ], [ 0.006481218002481, 51.610949070384855 ], [ 0.00647459776815, 51.610954848856075 ], [ 0.006459172621255, 51.610968286613726 ], [ 0.006452705591535, 51.610973936568946 ], [ 0.006407404503377, 51.610999988913591 ], [ 0.006343260285468, 51.61107432071551 ], [ 0.006304866883744, 51.611118806675364 ], [ 0.006297519143336, 51.611137241143254 ], [ 0.006289834581221, 51.611156553646971 ], [ 0.006283712981404, 51.611158573675333 ], [ 0.006261247471157, 51.611165971786178 ], [ 0.006230824303485, 51.611176005810051 ], [ 0.005923193776778, 51.611249389930101 ], [ 0.005915303849368, 51.611251269290783 ], [ 0.005909718702882, 51.61125464700563 ], [ 0.005856128258441, 51.611320713843433 ], [ 0.005848867958104, 51.611329668597172 ], [ 0.005759468339362, 51.611477244413891 ], [ 0.005723176556673, 51.611463916902757 ], [ 0.005218739214647, 51.61127877012823 ], [ 0.005216188376098, 51.611281520459649 ], [ 0.005066105463915, 51.611442766612782 ], [ 0.004985072151827, 51.611529840677115 ], [ 0.004959904493918, 51.611556888476251 ], [ 0.004931042137914, 51.611575150667306 ], [ 0.004897851684794, 51.611596148558448 ], [ 0.004805446828735, 51.611654613437608 ], [ 0.004624776490176, 51.611593068652411 ], [ 0.004483521897465, 51.611544942050131 ], [ 0.004224739617348, 51.611456781327327 ], [ 0.004176672709397, 51.611440408046633 ], [ 0.004059051764614, 51.611450401168668 ], [ 0.004059369589697, 51.611453354298085 ], [ 0.004064599544032, 51.611501267347634 ], [ 0.004068191935469, 51.611534298673533 ], [ 0.004079493445676, 51.611574788138888 ], [ 0.004089609158694, 51.611610981412326 ], [ 0.004091621500483, 51.611633716241791 ], [ 0.004092746558594, 51.611636304882396 ], [ 0.004107548499261, 51.611670349875503 ], [ 0.004115309832737, 51.611688175551542 ], [ 0.004195768352436, 51.611782797818819 ], [ 0.004233618694644, 51.611796099188524 ], [ 0.00427130792371, 51.611809349341861 ], [ 0.00459396458188, 51.611878551301224 ], [ 0.0046339173229, 51.611887113541464 ], [ 0.004651735875507, 51.611890936906931 ], [ 0.004650989774812, 51.61190383599984 ], [ 0.004613040366423, 51.611954518587218 ], [ 0.004586085991733, 51.611990526411013 ], [ 0.004488892564799, 51.612120320864399 ], [ 0.004268558660565, 51.612414569077686 ], [ 0.004244686300382, 51.612446450554032 ], [ 0.00427145754504, 51.612466937267051 ], [ 0.004366373951628, 51.612539541685138 ], [ 0.004370469501958, 51.612542673126192 ], [ 0.004394147149322, 51.612560802616983 ], [ 0.004281072904324, 51.612616697210157 ], [ 0.004000901946486, 51.612774694605484 ], [ 0.003886445751862, 51.612839245216826 ], [ 0.003702251511013, 51.612933591099072 ], [ 0.003691791524646, 51.612922708741841 ], [ 0.0036840452014, 51.612899649112379 ], [ 0.003650138723983, 51.612798800603322 ], [ 0.00364569561825, 51.612795648091435 ], [ 0.003592475892216, 51.612757899904096 ], [ 0.003555308292151, 51.612740600249971 ], [ 0.00353849080876, 51.612732946780632 ], [ 0.003530170129778, 51.61272833169356 ], [ 0.003490782054527, 51.612702098032607 ], [ 0.003481779835085, 51.612696109717369 ], [ 0.003474092401043, 51.61268980221331 ], [ 0.003376100075808, 51.612617186658156 ], [ 0.003368761230735, 51.612610594431459 ], [ 0.003361902838574, 51.61260441665727 ], [ 0.003298780614074, 51.61256105239827 ], [ 0.00323645084434, 51.612522890273929 ], [ 0.003227590197469, 51.61251388252375 ], [ 0.003202329967051, 51.612496539690305 ], [ 0.003189762041365, 51.612487968377131 ], [ 0.003120130835554, 51.612430605760892 ], [ 0.003110761906403, 51.612421206506092 ], [ 0.003084452172213, 51.612394785584947 ], [ 0.00305342463172, 51.612378327961537 ], [ 0.003012183574196, 51.612351001705917 ], [ 0.002928095388437, 51.612295297447957 ], [ 0.002918494054991, 51.612288820229253 ], [ 0.002910663032474, 51.612282528632718 ], [ 0.00289991614096, 51.612273980184938 ], [ 0.002836327419935, 51.612211136807709 ], [ 0.002825060123581, 51.612196671137966 ], [ 0.002798826441217, 51.612163275142201 ], [ 0.002760250416941, 51.612140539015563 ], [ 0.002737430531583, 51.612124813599202 ], [ 0.002677459900469, 51.612083454597524 ], [ 0.002658401756122, 51.612075092854823 ], [ 0.00265016848329, 51.612071474396863 ], [ 0.002643806532364, 51.612066726929271 ], [ 0.00261638795873, 51.612046277905733 ], [ 0.002478569360518, 51.611978405624555 ], [ 0.002465691312089, 51.611970657857036 ], [ 0.002462486431203, 51.611968725161717 ], [ 0.002453598570364, 51.611962375127149 ], [ 0.002438999858059, 51.611951958937134 ], [ 0.002371977820006, 51.611909865767302 ], [ 0.002366179392982, 51.6119047939372 ], [ 0.002322616102221, 51.611866689040603 ], [ 0.002259118826627, 51.611838716956974 ], [ 0.002255933141334, 51.611836891840014 ], [ 0.002163514768787, 51.611783856076549 ], [ 0.002150583254071, 51.611775218928507 ], [ 0.002147576900562, 51.61177320190744 ], [ 0.002137382283024, 51.611763412004343 ], [ 0.002130507952526, 51.61176146094035 ], [ 0.002121878760647, 51.611759018232199 ], [ 0.002015752389296, 51.611728931291161 ], [ 0.001997134206113, 51.611722027736107 ], [ 0.001888465773086, 51.611681759506631 ], [ 0.001841007750749, 51.61165163430416 ], [ 0.001827762032043, 51.611638479231189 ], [ 0.001781091580829, 51.611592109035037 ], [ 0.001771698190093, 51.611582800034896 ], [ 0.001727929655068, 51.611519654212159 ], [ 0.001727640939233, 51.611510136028791 ], [ 0.001724047588921, 51.611400542191468 ], [ 0.001726929176466, 51.611386590587628 ], [ 0.001732792786759, 51.611358343950329 ], [ 0.001734209456426, 51.611351476469999 ], [ 0.001755877693477, 51.611313787976968 ], [ 0.001753936652848, 51.611310376925374 ], [ 0.001735016364539, 51.611277229247229 ], [ 0.00172705977374, 51.611268732056821 ], [ 0.001723867072771, 51.611264119358466 ], [ 0.001700004970857, 51.611229608130287 ], [ 0.001694375396607, 51.611221475929504 ], [ 0.001690662601312, 51.611212591645881 ], [ 0.001684868231448, 51.611198742995441 ], [ 0.001684787848464, 51.611193303875837 ], [ 0.001684370710987, 51.611166090552224 ], [ 0.001666051756791, 51.611108194122551 ], [ 0.00162548425162, 51.611048195056398 ], [ 0.001503145453159, 51.61092530231037 ], [ 0.001516094406575, 51.610902492289412 ], [ 0.001503241825017, 51.610885297334171 ], [ 0.001362305540096, 51.610696666790531 ], [ 0.001339089159421, 51.610677809514591 ], [ 0.00132834986982, 51.610669089963288 ], [ 0.001257515239948, 51.610636134746528 ], [ 0.001206570305824, 51.610618973085813 ], [ 0.001004800576838, 51.610583546394615 ], [ 0.000787750836485, 51.610609232278307 ], [ 0.000764890816849, 51.610611941927083 ], [ 0.000301592977657, 51.610577049875147 ], [ 0.000284276351137, 51.610575753230698 ], [ 0.000322805357541, 51.610725784678657 ], [ 0.000324650801499, 51.610732938271127 ], [ 0.000333156116316, 51.610765984802775 ], [ 0.00033450898959, 51.610771231377754 ], [ 0.000351627830479, 51.610837682297948 ], [ 0.000354659306583, 51.610849473815492 ], [ 0.000377646876382, 51.610938701750399 ], [ 0.000381476962191, 51.610953546115148 ], [ 0.000397236951213, 51.611014710093585 ], [ 0.000433828964486, 51.611156802649361 ], [ 0.00043705203113, 51.611169337282128 ], [ 0.00043971370953, 51.611179615361259 ], [ 0.000442327351074, 51.61118978634844 ], [ 0.000443320661593, 51.611193654199006 ], [ 0.0004662386206, 51.611282604545124 ], [ 0.000467814977253, 51.611288728580142 ], [ 0.000469391334348, 51.611294852615146 ], [ 0.000475924290252, 51.61132025312439 ], [ 0.000477348739419, 51.611325714300079 ], [ 0.00050193917617, 51.611421164727346 ], [ 0.000503295034843, 51.611426445422396 ], [ 0.000505822521492, 51.611436232996525 ], [ 0.000516030126223, 51.611475896001892 ], [ 0.000525871455016, 51.611514126442216 ], [ 0.000535396124883, 51.611551067352707 ], [ 0.000537660714019, 51.611559868428692 ], [ 0.000541718830561, 51.611575626144749 ], [ 0.000542693775566, 51.611579404382603 ], [ 0.000548422667314, 51.611601626240777 ], [ 0.000552409233785, 51.611617070437092 ], [ 0.000555353643398, 51.611628521719958 ], [ 0.000571660424645, 51.611693898368358 ], [ 0.000572589706311, 51.61169762342896 ], [ 0.000574202359609, 51.611704079568817 ], [ 0.000579799993624, 51.611726600416581 ], [ 0.000588932121423, 51.611763152342483 ], [ 0.000597469251915, 51.611797340377038 ], [ 0.000609078518597, 51.611843912741065 ], [ 0.000610498050758, 51.611849589820778 ], [ 0.000622122568502, 51.611896179909557 ], [ 0.000629746868094, 51.61192668756523 ], [ 0.000631255953218, 51.611932758790495 ], [ 0.000634693207005, 51.61194654872665 ], [ 0.000635789834936, 51.61195095886459 ], [ 0.000655769861515, 51.612031052151323 ], [ 0.000656893081578, 51.612035574242753 ], [ 0.00066693901979, 51.612075824512878 ], [ 0.000670882559098, 51.612091602164739 ], [ 0.000675056003185, 51.612108338100391 ], [ 0.000679087911521, 51.612124482940359 ], [ 0.000680596615407, 51.612130545179376 ], [ 0.000691747836422, 51.612175236912933 ], [ 0.000693887149549, 51.612183815309109 ], [ 0.000699567345197, 51.612206568554001 ], [ 0.000704723687217, 51.612227262441849 ], [ 0.000716716098553, 51.612275316538181 ], [ 0.00072092496319, 51.612292200246557 ], [ 0.000726025383589, 51.612312607325819 ], [ 0.000733900489181, 51.612344216787328 ], [ 0.000740667591669, 51.612371321883302 ], [ 0.000743744637223, 51.612383652172873 ], [ 0.000747662237072, 51.612399331347937 ], [ 0.000751451441945, 51.612414554091465 ], [ 0.000758521218115, 51.612442957947245 ], [ 0.000767266978179, 51.612477942758169 ], [ 0.000768686354422, 51.612483615343606 ], [ 0.000769824228639, 51.612488141681219 ], [ 0.000773631438145, 51.612503445050514 ], [ 0.000783380867658, 51.612542531339976 ], [ 0.000796854219127, 51.612596504264538 ], [ 0.000813662964236, 51.612663918149643 ], [ 0.000815223105076, 51.612670163858553 ], [ 0.000816518940437, 51.612675325974372 ], [ 0.0008219025369, 51.612696915241607 ], [ 0.000824013732542, 51.612705345739229 ], [ 0.000825795778056, 51.612712531883076 ], [ 0.000849446087093, 51.612807260916277 ], [ 0.000850514589471, 51.612811523155912 ], [ 0.000856357644363, 51.612835020003494 ], [ 0.000858338675158, 51.612842953633184 ], [ 0.000864210604795, 51.61286644998858 ], [ 0.000869733817346, 51.612888585420663 ], [ 0.000875274234664, 51.612910783507189 ], [ 0.000878816024367, 51.612924976323647 ], [ 0.000882447763456, 51.612939572271451 ], [ 0.000885340940331, 51.612951168304967 ], [ 0.00088811332959, 51.612962316769895 ], [ 0.000893829708896, 51.612985231260588 ], [ 0.000904696700648, 51.613028704845547 ], [ 0.000908818333158, 51.61304524382539 ], [ 0.000911755312538, 51.61305701446669 ], [ 0.000916008710736, 51.613074086257022 ], [ 0.000920041984788, 51.613090258048423 ], [ 0.000928175363262, 51.613122807320579 ], [ 0.000930157210763, 51.61313075892101 ], [ 0.000933873400325, 51.613145632197764 ], [ 0.000937679540487, 51.613160908605813 ], [ 0.000946290762627, 51.613195455070404 ], [ 0.000950955485387, 51.613214160988932 ], [ 0.000959054906939, 51.613246593935997 ], [ 0.000967171935206, 51.613279098523151 ], [ 0.000969959985394, 51.613290273698148 ], [ 0.000974694711784, 51.61330925719205 ], [ 0.000977344380192, 51.61331991315803 ], [ 0.000984919559642, 51.613350277762052 ], [ 0.000987112168244, 51.613359080061578 ], [ 0.000987810025377, 51.613361810893139 ], [ 0.000992336398051, 51.613379997601569 ], [ 0.001000157923794, 51.613411365171402 ], [ 0.001001016110401, 51.613414785696087 ], [ 0.001003860123499, 51.613426247678341 ], [ 0.00100489425743, 51.613430384607639 ], [ 0.001008977615902, 51.613446708417619 ], [ 0.001017498212277, 51.613480833775476 ], [ 0.001018603122874, 51.613485266252361 ], [ 0.001034998885408, 51.613550992070877 ], [ 0.001036049434546, 51.613555173683039 ], [ 0.001039206220535, 51.613567835334898 ], [ 0.0010552869194, 51.61363230756632 ], [ 0.001056794543237, 51.613638342844439 ], [ 0.001069700301226, 51.61369006830374 ], [ 0.001073943446025, 51.613707068326491 ], [ 0.001074679665596, 51.613710014325015 ], [ 0.001076870730002, 51.613718780680102 ], [ 0.001078835432514, 51.613726669624043 ], [ 0.001080080719877, 51.613731666238351 ], [ 0.001082500125365, 51.613741354933488 ], [ 0.001084989911686, 51.613751330190404 ], [ 0.001087180189894, 51.613760078573748 ], [ 0.00111317742058, 51.613864299682852 ], [ 0.001117131664596, 51.613880149087315 ], [ 0.001124557482559, 51.613909904741043 ], [ 0.001127002510219, 51.613919682924561 ], [ 0.001128808084886, 51.613926909132267 ], [ 0.001130756001679, 51.613934744406755 ], [ 0.001141785779117, 51.613978952597961 ], [ 0.001144854256211, 51.613991247059737 ], [ 0.001147730769299, 51.614002789419743 ], [ 0.001148413818299, 51.61400551151079 ], [ 0.001150850454407, 51.614015262859553 ], [ 0.001155843339223, 51.614035186167868 ], [ 0.001157089039606, 51.614040191767366 ], [ 0.001166105697566, 51.614076394936383 ], [ 0.001166859129716, 51.614079403589145 ], [ 0.001172225481192, 51.614100921204333 ], [ 0.001176066585158, 51.614116331901911 ], [ 0.001186760959522, 51.614159151964202 ], [ 0.001188305391563, 51.614165366465208 ], [ 0.001190954770015, 51.614176013441899 ], [ 0.001196038039762, 51.614196348866017 ], [ 0.001208102518992, 51.614244702966602 ], [ 0.00120911949197, 51.614248777239965 ], [ 0.001220191544874, 51.614292957730555 ], [ 0.001222245162033, 51.614301389206901 ], [ 0.001239115143155, 51.614368851486105 ], [ 0.001267949667038, 51.614378454210012 ], [ 0.001442418161883, 51.614439075994838 ], [ 0.001471182969838, 51.614449062043775 ], [ 0.001542866293066, 51.614491319193448 ], [ 0.001568801685788, 51.614506596097286 ], [ 0.001673323218879, 51.614554893982415 ], [ 0.001752208213085, 51.614604555021096 ], [ 0.00181331061926, 51.614643017686021 ], [ 0.001915208035777, 51.614707169002791 ], [ 0.002004314557695, 51.614763265164058 ], [ 0.002014340405906, 51.614770189359177 ], [ 0.00222303719617, 51.614914333836623 ], [ 0.002335679471129, 51.614980711644009 ], [ 0.002362110038633, 51.614956026068874 ], [ 0.002394389111684, 51.614968721697352 ], [ 0.002438867723944, 51.614986200160764 ], [ 0.002483456408278, 51.6149828769694 ], [ 0.002630176790649, 51.614916734740348 ], [ 0.002635512516818, 51.614914566469835 ], [ 0.002640720711835, 51.614912454329193 ], [ 0.002900259552377, 51.614842202554819 ], [ 0.002954079956977, 51.614828748983115 ], [ 0.003031945817546, 51.614809282888807 ], [ 0.003038984508199, 51.614808065739574 ], [ 0.003105508709998, 51.614796742463184 ], [ 0.003397838545965, 51.614776756113223 ], [ 0.003467482434385, 51.614771988932652 ], [ 0.00352583704373, 51.614769662457043 ], [ 0.003530912560761, 51.614769458959984 ], [ 0.003574243205785, 51.614737245731519 ], [ 0.003588453961287, 51.614726688809924 ], [ 0.003778164399899, 51.614834177267774 ], [ 0.003874338789804, 51.614888676742396 ], [ 0.003960482746872, 51.614943365299034 ], [ 0.004094506729693, 51.615028458879983 ], [ 0.004197397287465, 51.615108832014243 ], [ 0.00423659094283, 51.615139448237215 ], [ 0.004245938991271, 51.615150322570742 ], [ 0.004249516584258, 51.615154479024575 ], [ 0.004487616068251, 51.615360562423398 ], [ 0.004492157891653, 51.615364473102879 ], [ 0.004455638095226, 51.615381278563717 ], [ 0.004393152935632, 51.615473475712236 ], [ 0.004390617440236, 51.615476252726886 ], [ 0.004322144099246, 51.615542041952217 ], [ 0.004299056711508, 51.615564233957365 ], [ 0.004341117223156, 51.615637291097393 ], [ 0.004348094332828, 51.615649428881454 ], [ 0.004409465220826, 51.615672099322346 ], [ 0.004487427330792, 51.615718568637661 ], [ 0.004491967253899, 51.615721287836209 ], [ 0.004520790086153, 51.615743376203852 ], [ 0.004646827059753, 51.61576612527643 ], [ 0.004674128370777, 51.615771054789022 ], [ 0.004712783878286, 51.615784355897112 ], [ 0.004790998015416, 51.615824076305145 ], [ 0.004801770120302, 51.61583054691561 ], [ 0.004827217001263, 51.61584584051166 ], [ 0.004863598755758, 51.615867691855463 ], [ 0.004910452529698, 51.615889202547727 ], [ 0.00492846369762, 51.615899982900181 ], [ 0.004941682398615, 51.615907886512467 ], [ 0.005052320275448, 51.616007955396391 ], [ 0.005064671603678, 51.616019120123099 ], [ 0.00507012953902, 51.616026607675693 ], [ 0.005074332436234, 51.616029872162727 ], [ 0.005087732274993, 51.616040245625264 ], [ 0.005096212225607, 51.616046818294905 ], [ 0.005151022061344, 51.616059074602298 ], [ 0.00517868255691, 51.616065265827444 ], [ 0.005202155235035, 51.61607214004443 ], [ 0.00520710934025, 51.616072783855685 ], [ 0.005344542654312, 51.616090571588209 ], [ 0.005368498950399, 51.616093669628114 ], [ 0.005382895954341, 51.616094547862829 ], [ 0.005604528650822, 51.615693057552832 ] ] ] } },
{ "type": "Feature", "properties": { "lsoa21cd": "E01004385", "lsoa21nm": "Waltham Forest 003B", "msoa21cd": "E02000897", "msoa21nm": "Waltham Forest 003", "lad22cd": "E09000031", "lad22nm": "Waltham Forest", "index_right": 343, "GSS_CODE": "E05000597", "risk_score": 6.1544463704197749, "allocation_hours": 90.58614128808469, "patrol_units": 45 }, "geometry": { "type": "Polygon", "coordinates": [ [ [ 0.00902810200272, 51.618983949663615 ], [ 0.009045866491208, 51.618978627967302 ], [ 0.009084817375493, 51.618966963831902 ], [ 0.009121658460641, 51.618955938272663 ], [ 0.009318115566512, 51.618900852497006 ], [ 0.009529897042974, 51.618841466543039 ], [ 0.009925091380868, 51.618730642720884 ], [ 0.010104823471908, 51.618680248132463 ], [ 0.010159730238112, 51.618664848424899 ], [ 0.010640421094629, 51.618530059483454 ], [ 0.011402003185473, 51.618324327252054 ], [ 0.012987942200576, 51.617895890677211 ], [ 0.013549842063473, 51.617744086417687 ], [ 0.014727315967312, 51.617401150521346 ], [ 0.01484581757183, 51.617362805651403 ], [ 0.015134630590759, 51.617269363473866 ], [ 0.015298747304897, 51.617216269439943 ], [ 0.015823376103857, 51.617055234788744 ], [ 0.016067248315932, 51.616935402348005 ], [ 0.016157975798739, 51.616896205813596 ], [ 0.016174530729291, 51.616890254389666 ], [ 0.016277366065463, 51.616852524299368 ], [ 0.017329322044777, 51.615885433728835 ], [ 0.017592980272926, 51.615643272578815 ], [ 0.017624167613717, 51.615614625628993 ], [ 0.017636645585261, 51.615603170391509 ], [ 0.017745447596428, 51.615503244791689 ], [ 0.01775241484094, 51.615496839194762 ], [ 0.017792109603581, 51.615460366270753 ], [ 0.01781226374578, 51.615441881729936 ], [ 0.017845935235886, 51.615410952855235 ], [ 0.017921300400165, 51.615341727108181 ], [ 0.017982549719447, 51.615285459533375 ], [ 0.018014194154575, 51.615256381962624 ], [ 0.018029364473456, 51.615242452389865 ], [ 0.018122036848521, 51.615157335774974 ], [ 0.018198928300895, 51.615086716720846 ], [ 0.01824846363568, 51.615041225711138 ], [ 0.018288643653046, 51.615004312620137 ], [ 0.018317318073052, 51.614977974820206 ], [ 0.018374208839151, 51.614925720734668 ], [ 0.018410960666314, 51.614891960004826 ], [ 0.01852338175905, 51.614788707090291 ], [ 0.018539980626461, 51.614773448953017 ], [ 0.018549515414815, 51.614764688052219 ], [ 0.018672552588271, 51.614651666302507 ], [ 0.018693898666476, 51.614632064003771 ], [ 0.018717617980504, 51.614610280644548 ], [ 0.018745583702462, 51.614584584404405 ], [ 0.018821141033596, 51.61451519287187 ], [ 0.01889079913241, 51.614451208392659 ], [ 0.01893172841462, 51.614413625720303 ], [ 0.019005383154248, 51.614345966389706 ], [ 0.019041676485046, 51.614312635989307 ], [ 0.019094165241145, 51.614264405007987 ], [ 0.019256212822588, 51.614115550457562 ], [ 0.01929190907865, 51.61408276980309 ], [ 0.01934203854564, 51.614036719532919 ], [ 0.019364883033595, 51.614015742434773 ], [ 0.019382703220333, 51.613999375053631 ], [ 0.01942242344982, 51.613962883120777 ], [ 0.01968014703985, 51.613726142718903 ], [ 0.019734078469359, 51.613676600666679 ], [ 0.019912054163863, 51.613513109875029 ], [ 0.019934481886358, 51.613492517520868 ], [ 0.019969233209875, 51.613460598214402 ], [ 0.019973979079639, 51.613456227065434 ], [ 0.020095177833387, 51.613344899003074 ], [ 0.020106210566125, 51.613334754303295 ], [ 0.020230031607348, 51.613221015905204 ], [ 0.020239108206329, 51.613212685397649 ], [ 0.020537777243714, 51.612938323575349 ], [ 0.02054212120608, 51.612934337010351 ], [ 0.020586100132704, 51.612893931502754 ], [ 0.020788845134158, 51.612714266878584 ], [ 0.020800379920454, 51.612704050520243 ], [ 0.021072496512753, 51.612462904545062 ], [ 0.021227460468083, 51.612303467750728 ], [ 0.021236563762733, 51.612294120529384 ], [ 0.021257226819199, 51.612272847863011 ], [ 0.021290681706285, 51.612232919999144 ], [ 0.0213273801574, 51.6121791954779 ], [ 0.021333849855456, 51.612169740710662 ], [ 0.021343234986424, 51.612156009195346 ], [ 0.021353932862498, 51.612128909948751 ], [ 0.021362008703405, 51.612108465457375 ], [ 0.021374708456024, 51.612076358795342 ], [ 0.021390302557476, 51.612036900250345 ], [ 0.021392589007378, 51.612013587841581 ], [ 0.021393314869417, 51.612006192358194 ], [ 0.021402543250684, 51.611912851373042 ], [ 0.021405230559368, 51.611885557299452 ], [ 0.021406488627613, 51.611872909923079 ], [ 0.021404054824745, 51.611818123475196 ], [ 0.021403892757778, 51.611814475238674 ], [ 0.021401381123364, 51.611757936558341 ], [ 0.021395866205691, 51.611718652571895 ], [ 0.021394532226003, 51.611709107329624 ], [ 0.02138754246145, 51.611659057521422 ], [ 0.021377584454392, 51.611588033934964 ], [ 0.021333589620428, 51.611430996831132 ], [ 0.02120341403246, 51.611182989572619 ], [ 0.021340932463594, 51.61115636895525 ], [ 0.021399431198264, 51.611145047254865 ], [ 0.021347612062311, 51.61103328809314 ], [ 0.021304289866751, 51.610939826614022 ], [ 0.021298587480778, 51.610927532872303 ], [ 0.021271829200857, 51.61086977492451 ], [ 0.021217925732215, 51.610753510286649 ], [ 0.021181679789308, 51.610701149382571 ], [ 0.021173115879807, 51.610688814967098 ], [ 0.021126575962994, 51.610621748367116 ], [ 0.021117317931312, 51.610608418716303 ], [ 0.02110676298373, 51.610593204941779 ], [ 0.021100050719239, 51.610583536450882 ], [ 0.021074528072117, 51.610546759588196 ], [ 0.020860189326873, 51.610602044366622 ], [ 0.020821481490118, 51.610544482997504 ], [ 0.020774391760945, 51.610473801676932 ], [ 0.020681728854876, 51.610334706013887 ], [ 0.020674998365383, 51.61032462415006 ], [ 0.020670417199656, 51.610317733667124 ], [ 0.020637409264313, 51.610268176546249 ], [ 0.020708604277782, 51.610175252950675 ], [ 0.020713325271351, 51.610169029702178 ], [ 0.02069576196508, 51.610143325148982 ], [ 0.020692192721982, 51.610138080896753 ], [ 0.020684701550516, 51.610127130842542 ], [ 0.020682044854797, 51.610123246764594 ], [ 0.020588940220677, 51.609986865428795 ], [ 0.020583441708272, 51.609978830674137 ], [ 0.020521078664625, 51.609887477144717 ], [ 0.02051845285641, 51.609883637495052 ], [ 0.020447841584826, 51.609780213813806 ], [ 0.020402935895821, 51.609721607902429 ], [ 0.020394181371565, 51.609710175979934 ], [ 0.020314099159854, 51.609740204655672 ], [ 0.020211080544584, 51.609778838239258 ], [ 0.020174655368556, 51.609706453427819 ], [ 0.020170528474942, 51.609698080310935 ], [ 0.020136299275749, 51.609628472412169 ], [ 0.020053790927032, 51.609460685777208 ], [ 0.020043210155615, 51.609439181977194 ], [ 0.01992929268599, 51.609207534584712 ], [ 0.019888650681385, 51.609124889646971 ], [ 0.01988512774415, 51.609117756112255 ], [ 0.019877982519349, 51.609103202986056 ], [ 0.019853774877348, 51.609078439943062 ], [ 0.019822516200803, 51.609046451177271 ], [ 0.019814316079194, 51.609038067185871 ], [ 0.019706834663546, 51.608928119172909 ], [ 0.019679211881176, 51.608890510350903 ], [ 0.019672833480501, 51.608881843218043 ], [ 0.019666483546994, 51.608873166602507 ], [ 0.01964931842075, 51.608841438948012 ], [ 0.019617315379545, 51.608782260423389 ], [ 0.019572312921005, 51.608663180870956 ], [ 0.019704687151244, 51.608620221232457 ], [ 0.019683128902856, 51.608565170555238 ], [ 0.019680981043458, 51.608559730996419 ], [ 0.019676394049935, 51.608548146472081 ], [ 0.019674198111452, 51.608542599828731 ], [ 0.019634656084327, 51.608442742516644 ], [ 0.019632996619667, 51.608438544530124 ], [ 0.019607279344846, 51.608373574578827 ], [ 0.019597162723977, 51.608348038694182 ], [ 0.019527996979368, 51.608173278787888 ], [ 0.019438403442288, 51.608194612571907 ], [ 0.019385083764475, 51.608207354943794 ], [ 0.01938010704833, 51.608208465698702 ], [ 0.01933741769199, 51.608217967723064 ], [ 0.019318053632537, 51.608222275500928 ], [ 0.019266055015813, 51.60823061569139 ], [ 0.019149218880634, 51.608235754451194 ], [ 0.019045341129604, 51.608240319544777 ], [ 0.018962187496052, 51.608296784293394 ], [ 0.018936404119665, 51.608314286653325 ], [ 0.018930852272208, 51.608318060101311 ], [ 0.018893754671643, 51.608343247856006 ], [ 0.018871020529832, 51.608367954812614 ], [ 0.01886071365458, 51.608379139003993 ], [ 0.018858674651898, 51.608381359270766 ], [ 0.018849911953317, 51.608390889245207 ], [ 0.018843491399181, 51.608397870005788 ], [ 0.018839495594727, 51.608402210206407 ], [ 0.018741560160263, 51.60845918075195 ], [ 0.018737702365202, 51.6084614232958 ], [ 0.01865641961756, 51.608510169659347 ], [ 0.018672822334184, 51.608529057210227 ], [ 0.01867592783139, 51.608532645827268 ], [ 0.018683477375492, 51.608541346777429 ], [ 0.018716292962169, 51.608579154068515 ], [ 0.018731528746352, 51.608596706487596 ], [ 0.018751528412198, 51.608619743426253 ], [ 0.018764572051073, 51.608634761643664 ], [ 0.018824921479078, 51.608704280068501 ], [ 0.018811357434937, 51.608705529460067 ], [ 0.018720293305894, 51.608713929602871 ], [ 0.018575893753396, 51.608727248362271 ], [ 0.018526718178063, 51.608734127841508 ], [ 0.018476322667605, 51.608741181146989 ], [ 0.018282210596408, 51.608781189954314 ], [ 0.018208718910186, 51.608802848495934 ], [ 0.018199866000193, 51.608805464647055 ], [ 0.018190371233057, 51.608808262690083 ], [ 0.018172907160571, 51.608813409899874 ], [ 0.018081723141402, 51.608840282469636 ], [ 0.017867769910364, 51.608921098899195 ], [ 0.017718810543396, 51.608981113062455 ], [ 0.017720734350457, 51.608984110532496 ], [ 0.017733945307703, 51.609004863406632 ], [ 0.017742574583127, 51.609018374980948 ], [ 0.017744405427888, 51.609021230165446 ], [ 0.017765823765774, 51.609054773453565 ], [ 0.017773010100167, 51.609066034677021 ], [ 0.017797360092389, 51.609104131826221 ], [ 0.017750259361348, 51.609105049188749 ], [ 0.017536906949892, 51.609109219112987 ], [ 0.017529200745997, 51.609109360524933 ], [ 0.017456746046028, 51.609110776383588 ], [ 0.017448145465706, 51.609110942150778 ], [ 0.017333193365878, 51.609113187066427 ], [ 0.01732257272476, 51.609113396525238 ], [ 0.017308445544044, 51.609113675223583 ], [ 0.017239670548373, 51.609115018732268 ], [ 0.017226596492669, 51.609115270334392 ], [ 0.01707673731377, 51.609118195660464 ], [ 0.017069716481738, 51.609135429329299 ], [ 0.017067802106752, 51.609140138406552 ], [ 0.01705991031954, 51.609159554271059 ], [ 0.017055416832581, 51.609170593533115 ], [ 0.017043175158311, 51.609200704469579 ], [ 0.017038850160495, 51.609211309188098 ], [ 0.017037417982613, 51.609214840933682 ], [ 0.017036037557859, 51.609218236900077 ], [ 0.01702379429024, 51.6092150749772 ], [ 0.017012690650245, 51.609212208218878 ], [ 0.016865287769601, 51.609174102479543 ], [ 0.016793395204162, 51.609169303327924 ], [ 0.016776562457051, 51.609168171623168 ], [ 0.016763051015785, 51.609165723892403 ], [ 0.016710125278921, 51.609156111554661 ], [ 0.016652603814544, 51.609141218497463 ], [ 0.016596325339837, 51.609116241264914 ], [ 0.016566962997675, 51.609103202611216 ], [ 0.016531636176533, 51.609080068701395 ], [ 0.016501521454442, 51.609053634881803 ], [ 0.01647810853843, 51.609033075073491 ], [ 0.016433379542646, 51.609011244681099 ], [ 0.016406099576081, 51.608997936415655 ], [ 0.016368309272493, 51.608979502968701 ], [ 0.01634885298311, 51.608970008111974 ], [ 0.01634051228666, 51.60896593378726 ], [ 0.016307553258098, 51.608949849869362 ], [ 0.016291738735229, 51.608942131464147 ], [ 0.016137857771763, 51.609014332250005 ], [ 0.015990032531365, 51.60908370407104 ], [ 0.015979053152501, 51.609088856543451 ], [ 0.01591162738753, 51.609120494891762 ], [ 0.015899848711832, 51.609126025283295 ], [ 0.015869627289699, 51.609140213024311 ], [ 0.015703675772173, 51.609218070024333 ], [ 0.015726809000345, 51.609234929806284 ], [ 0.015730271431791, 51.609237451259069 ], [ 0.015871158520299, 51.609340084777436 ], [ 0.015927543274231, 51.609381157408883 ], [ 0.015874820265499, 51.609425029608062 ], [ 0.015779695483984, 51.60950417959473 ], [ 0.01577718808097, 51.609506263978645 ], [ 0.015696842373833, 51.609573118977146 ], [ 0.015687063677764, 51.609578970220888 ], [ 0.015681604559095, 51.609582238352715 ], [ 0.015676876799334, 51.609585062280594 ], [ 0.015660766878575, 51.609594709207343 ], [ 0.015532207660985, 51.609671618255632 ], [ 0.015527888064038, 51.60967420136128 ], [ 0.015487183260968, 51.60969855981152 ], [ 0.015319733648131, 51.609798743766639 ], [ 0.015312388928248, 51.609803136854985 ], [ 0.015305959211467, 51.60980699266279 ], [ 0.015298840030009, 51.609811260478075 ], [ 0.015290974252061, 51.609815954770326 ], [ 0.015193270136685, 51.609874406944442 ], [ 0.015186768037564, 51.609874019448952 ], [ 0.015110206133083, 51.609866862385338 ], [ 0.015000723314282, 51.609856646359709 ], [ 0.014988772826709, 51.60985552955524 ], [ 0.014960245354554, 51.609852862768385 ], [ 0.014889630421358, 51.609846269123487 ], [ 0.014841278088379, 51.609841766336828 ], [ 0.014801887728111, 51.609838080930601 ], [ 0.014770938390885, 51.609835190379911 ], [ 0.014756013894974, 51.609831817973912 ], [ 0.014613502842427, 51.609797843366479 ], [ 0.014591738457658, 51.609792650399243 ], [ 0.014517745995127, 51.609775008559694 ], [ 0.014493734439056, 51.60976929659153 ], [ 0.014437856230871, 51.609755957102507 ], [ 0.014431170793796, 51.609754363213966 ], [ 0.014416004100028, 51.609750738632101 ], [ 0.014383730579132, 51.609743055134878 ], [ 0.014368147578925, 51.609738835182213 ], [ 0.014307762507018, 51.609722542439918 ], [ 0.014300789745703, 51.609720656716568 ], [ 0.014232071891989, 51.609702096879602 ], [ 0.014236099963641, 51.609664537369632 ], [ 0.014237031056294, 51.609655879448347 ], [ 0.014240699570875, 51.609621617420224 ], [ 0.014253358167855, 51.609503317609168 ], [ 0.014265634149437, 51.609388774295986 ], [ 0.014266071764655, 51.609384630163561 ], [ 0.014267122251069, 51.60937442795133 ], [ 0.014189763154358, 51.609361956032586 ], [ 0.014065929312539, 51.609342682621808 ], [ 0.014049059278249, 51.609340053933941 ], [ 0.013918211702921, 51.609311274063018 ], [ 0.013855897781908, 51.609297559131804 ], [ 0.013835770650599, 51.609293129305655 ], [ 0.013786683138797, 51.60927819825303 ], [ 0.013775015129308, 51.609274648470162 ], [ 0.013715211246596, 51.609256457031634 ], [ 0.013701361887072, 51.609252243232824 ], [ 0.013679460496274, 51.609245577667018 ], [ 0.013618895497424, 51.609227156436773 ], [ 0.013588228457258, 51.609214966845293 ], [ 0.013579260824592, 51.609211406696566 ], [ 0.013509473041945, 51.609183656357317 ], [ 0.013495389314355, 51.609178061687182 ], [ 0.013446683904758, 51.609158704059823 ], [ 0.013319355254485, 51.609108078506189 ], [ 0.013308822282165, 51.609111901174217 ], [ 0.013301885697922, 51.609114421176436 ], [ 0.013295531674139, 51.609116724356227 ], [ 0.01325125314985, 51.609132789224496 ], [ 0.012988864620869, 51.609227979697849 ], [ 0.012847137629127, 51.609267495544692 ], [ 0.012640223403444, 51.609325151899711 ], [ 0.0125262870354, 51.60923900426743 ], [ 0.012493683682098, 51.609236910367137 ], [ 0.012449261412414, 51.609234056855009 ], [ 0.01226974681819, 51.609222512064932 ], [ 0.012260708755533, 51.609221929591925 ], [ 0.011903490164176, 51.609198952024329 ], [ 0.011389650455386, 51.609272935790315 ], [ 0.010969362572181, 51.609266026690946 ], [ 0.011127846518755, 51.610088349735221 ], [ 0.011142277648004, 51.610163244947309 ], [ 0.011135033105149, 51.61037286138621 ], [ 0.011137652555464, 51.610379516023933 ], [ 0.011138906406851, 51.610382722899416 ], [ 0.011204362740264, 51.610549386101475 ], [ 0.01123123182066, 51.610617791380321 ], [ 0.011233249788856, 51.610622927573573 ], [ 0.011235185794556, 51.610628496817206 ], [ 0.011239827643199, 51.610636465702655 ], [ 0.011244439040245, 51.610644399139098 ], [ 0.01126810458427, 51.610685090046864 ], [ 0.011294207490173, 51.610729947747721 ], [ 0.011372660089734, 51.610885740975156 ], [ 0.011415646744812, 51.610971099987168 ], [ 0.011526275039414, 51.61116239336976 ], [ 0.01155802516508, 51.611211156000785 ], [ 0.01155989980038, 51.6112140285029 ], [ 0.011652761916519, 51.61134189540175 ], [ 0.011676198725039, 51.611377068697372 ], [ 0.011679491477867, 51.611382124591785 ], [ 0.01170993888986, 51.611430653225099 ], [ 0.011785260002532, 51.611550511408431 ], [ 0.011828002101395, 51.611618545706001 ], [ 0.011927849373591, 51.61176193095416 ], [ 0.011943801608767, 51.61176534457902 ], [ 0.011981780679339, 51.611774972348236 ], [ 0.012045729500839, 51.611862346049961 ], [ 0.012090140176967, 51.611923022686263 ], [ 0.01244550228209, 51.612576956100327 ], [ 0.012456592240588, 51.612604975935106 ], [ 0.012590173922661, 51.612942419308467 ], [ 0.012591719542358, 51.612946340585239 ], [ 0.012636107209524, 51.613090379260264 ], [ 0.012641169262044, 51.613106856938025 ], [ 0.012647627900051, 51.613123886206331 ], [ 0.012649262390297, 51.613128183650353 ], [ 0.012714238902803, 51.613299126098653 ], [ 0.01272084132927, 51.613313527049009 ], [ 0.012723783217102, 51.613319951323533 ], [ 0.012726414959709, 51.613330139838318 ], [ 0.012759651567512, 51.61340982944666 ], [ 0.012808320450416, 51.613526547001626 ], [ 0.012826884655687, 51.613586704296132 ], [ 0.012828724606205, 51.613592706818864 ], [ 0.012832939116639, 51.613606348353635 ], [ 0.012835022320565, 51.613630583784129 ], [ 0.012836205852728, 51.613644277275071 ], [ 0.012836112908785, 51.613824698238012 ], [ 0.012836115105899, 51.613827360022249 ], [ 0.012819189823278, 51.613880985502327 ], [ 0.012813007758166, 51.61390057852465 ], [ 0.012814593769476, 51.613989326692192 ], [ 0.012809909645814, 51.614006537964855 ], [ 0.01280071841273, 51.614040390938364 ], [ 0.012676064579254, 51.614225554762484 ], [ 0.012662184636966, 51.614246151996483 ], [ 0.012670366999737, 51.614263286613884 ], [ 0.012977340553477, 51.614373993891299 ], [ 0.013008958633631, 51.614385403105089 ], [ 0.013025912375963, 51.614391515236377 ], [ 0.01303631960542, 51.614384169692791 ], [ 0.013056285339573, 51.614383269880683 ], [ 0.013059594084572, 51.614380353498845 ], [ 0.013131333157938, 51.614317200318006 ], [ 0.013194899149955, 51.614272388316508 ], [ 0.013240086970887, 51.614240526028055 ], [ 0.013323234260509, 51.614181889263016 ], [ 0.013327310728592, 51.61417902265773 ], [ 0.013356670126588, 51.614158321793433 ], [ 0.013377443057143, 51.614143676311571 ], [ 0.01341810661291, 51.614115011963079 ], [ 0.013437097004314, 51.614102519297205 ], [ 0.013474264080205, 51.614078078473327 ], [ 0.013481422310485, 51.614073369482796 ], [ 0.013516371295899, 51.614050378522158 ], [ 0.013557704065686, 51.614022152274387 ], [ 0.013662354721588, 51.613950709664763 ], [ 0.013697350353364, 51.613926818576552 ], [ 0.01370064515305, 51.613924567868253 ], [ 0.0137747443629, 51.613873981438211 ], [ 0.01381222139566, 51.61384839310756 ], [ 0.013839645603292, 51.613829667702518 ], [ 0.013875762702681, 51.613805010928857 ], [ 0.013935924899322, 51.613763934828029 ], [ 0.013939023973145, 51.613761831351248 ], [ 0.013942066109003, 51.613759746836188 ], [ 0.013975078611164, 51.613742292432057 ], [ 0.013983575337302, 51.613737803250473 ], [ 0.014000583217813, 51.613728824637782 ], [ 0.014341358933028, 51.613944657233439 ], [ 0.014365939675456, 51.613960566227298 ], [ 0.014312096990138, 51.614002784127706 ], [ 0.014307600736304, 51.614008238863612 ], [ 0.014292850134086, 51.614026117495939 ], [ 0.014257729955737, 51.614068724621397 ], [ 0.014219725364056, 51.614084025557638 ], [ 0.014216442114981, 51.614086536869934 ], [ 0.014212055622301, 51.614089903422865 ], [ 0.014193456738095, 51.614097857211384 ], [ 0.014119370260627, 51.614129640053896 ], [ 0.01407805059009, 51.614158972382008 ], [ 0.01407334222808, 51.614160941595863 ], [ 0.013988588062019, 51.614196306538247 ], [ 0.01398233774923, 51.614201620482412 ], [ 0.013963505769949, 51.614217689599542 ], [ 0.013956490249857, 51.614223664136809 ], [ 0.013928938142689, 51.614236240779952 ], [ 0.013925379835854, 51.614238738814883 ], [ 0.013850587253339, 51.614291454978293 ], [ 0.013843058637302, 51.614302154951872 ], [ 0.013776900423417, 51.614343702490693 ], [ 0.013771529613538, 51.61434702295599 ], [ 0.013739669332257, 51.614386606412964 ], [ 0.013725671256725, 51.614397997345407 ], [ 0.013714461642181, 51.614407119273849 ], [ 0.013727499000472, 51.614467362272116 ], [ 0.013731259066672, 51.614484761516181 ], [ 0.014052292841634, 51.614610188820876 ], [ 0.014018924236827, 51.614635275092887 ], [ 0.013963179122021, 51.614681203400409 ], [ 0.013848296843396, 51.614810815276677 ], [ 0.013825604199729, 51.614836428815956 ], [ 0.013878291167531, 51.614875434654024 ], [ 0.013884757697849, 51.614880224750692 ], [ 0.014288128159545, 51.615178881313241 ], [ 0.014218381624631, 51.615225369118924 ], [ 0.013988796840369, 51.615331409268997 ], [ 0.013864962469838, 51.615394727923672 ], [ 0.013853100409459, 51.615390093297918 ], [ 0.01358043880875, 51.615502806413971 ], [ 0.013481332586159, 51.615543758565856 ], [ 0.013265417854614, 51.615633016304557 ], [ 0.012800447743224, 51.615825209749026 ], [ 0.012648053500689, 51.615892298780608 ], [ 0.012375378203772, 51.616012347040268 ], [ 0.012206144641315, 51.616105182129381 ], [ 0.012149997710108, 51.616142105668018 ], [ 0.012121512570502, 51.6161515863432 ], [ 0.01184039544399, 51.616327262377872 ], [ 0.011467062516671, 51.616587321166179 ], [ 0.011125704697625, 51.616825104852929 ], [ 0.010947839802033, 51.616957437371923 ], [ 0.010804042221211, 51.617064420639736 ], [ 0.01080443937878, 51.617073406459049 ], [ 0.010607279451697, 51.61724050095048 ], [ 0.01058244003888, 51.617261564089162 ], [ 0.010512040944182, 51.617321211831523 ], [ 0.010423868798129, 51.617399373678978 ], [ 0.010322879435053, 51.617488887619729 ], [ 0.01021587066849, 51.617583738153868 ], [ 0.010121247301384, 51.617667612521558 ], [ 0.010108597533914, 51.617678826908985 ], [ 0.010067214300475, 51.61771550536583 ], [ 0.010029107651104, 51.61775212773145 ], [ 0.009790780486327, 51.61798117281905 ], [ 0.009762359427544, 51.618008483925102 ], [ 0.009740881167266, 51.618029786103442 ], [ 0.009623968230915, 51.618145740155974 ], [ 0.009377640921463, 51.618455701232293 ], [ 0.009116656263384, 51.618510614019357 ], [ 0.008819445948563, 51.618573159969628 ], [ 0.00870595146491, 51.618620063738312 ], [ 0.008634174000372, 51.618630283801934 ], [ 0.008619739135233, 51.618630530657846 ], [ 0.008548358461652, 51.618649736426235 ], [ 0.008476580913663, 51.61865995639279 ], [ 0.008433673091368, 51.618669682654705 ], [ 0.008349444550569, 51.618725078163308 ], [ 0.008321368325467, 51.618743543318942 ], [ 0.00829408563794, 51.618779979983813 ], [ 0.008295672760371, 51.618815923016008 ], [ 0.008296863104334, 51.618842880290011 ], [ 0.008305690993275, 51.618857962713371 ], [ 0.008312488392816, 51.618869590748176 ], [ 0.008328113699741, 51.618896301204295 ], [ 0.008432729631136, 51.618975445249966 ], [ 0.008447561021611, 51.618984175189695 ], [ 0.008506491798791, 51.619010154101595 ], [ 0.008550193585434, 51.619018399330493 ], [ 0.008572654424904, 51.619018015236755 ], [ 0.008636803503554, 51.619016918225576 ], [ 0.008646720338712, 51.619016748634976 ], [ 0.008694543444894, 51.619015930786752 ], [ 0.00871664900127, 51.619012081619303 ], [ 0.008751886510502, 51.619005957562607 ], [ 0.008779962717173, 51.618987492304626 ], [ 0.008753753848228, 51.619061319699718 ], [ 0.008804457165965, 51.619082178537198 ], [ 0.00902810200272, 51.618983949663615 ] ] ] } },
{ "type": "Feature", "properties": { "lsoa21cd": "E01004377", "lsoa21nm": "Waltham Forest 010C", "msoa21cd": "E02000904", "msoa21nm": "Waltham Forest 010", "lad22cd": "E09000031", "lad22nm": "Waltham Forest", "index_right": 343, "GSS_CODE": "E05000597", "risk_score": 0.001496774526338285, "allocation_hours": 0.022030743394070386, "patrol_units": 0 }, "geometry": { "type": "Polygon", "coordinates": [ [ [ 0.01309499999168, 51.604253568502834 ], [ 0.013186132796035, 51.604123833669064 ], [ 0.013388884103249, 51.60383520891979 ], [ 0.013675765585708, 51.60342679734935 ], [ 0.014078599389237, 51.603256272386147 ], [ 0.014471407042129, 51.60308996466366 ], [ 0.014506915649483, 51.603074930911099 ], [ 0.01478967992355, 51.602955222411573 ], [ 0.015485663601822, 51.602670096014592 ], [ 0.015017916247186, 51.602016160801114 ], [ 0.014951342002646, 51.601923097423352 ], [ 0.014935794598729, 51.601901350488745 ], [ 0.014843221597851, 51.601771926758751 ], [ 0.014699888288883, 51.601595443969394 ], [ 0.014695627079619, 51.601590193511136 ], [ 0.014586490213554, 51.60145582037071 ], [ 0.01458061065372, 51.601448587848111 ], [ 0.014572211087222, 51.601438251179687 ], [ 0.014552616328136, 51.601414118723611 ], [ 0.014547179286284, 51.60140742265493 ], [ 0.014501637362229, 51.601351353304935 ], [ 0.014495604194946, 51.601343912090471 ], [ 0.014454705759586, 51.60129357222889 ], [ 0.014446076496833, 51.601282938245674 ], [ 0.014435248156757, 51.60126959927188 ], [ 0.014362186270071, 51.601179650602539 ], [ 0.014357925145933, 51.60117440013466 ], [ 0.01429912725274, 51.60110200292214 ], [ 0.014285336740163, 51.601085027824134 ], [ 0.014280716869844, 51.601079338379186 ], [ 0.014168383068227, 51.600941022649856 ], [ 0.014005797044615, 51.600726453384631 ], [ 0.013939778885509, 51.600639333201137 ], [ 0.013910564480971, 51.600600761807819 ], [ 0.013882983172735, 51.600564113772734 ], [ 0.013795750538389, 51.600449229336995 ], [ 0.013754270752068, 51.600394502437915 ], [ 0.013729598446531, 51.600361968339804 ], [ 0.013726545916698, 51.600357920145619 ], [ 0.013666709895711, 51.600278949728938 ], [ 0.013496235688547, 51.600053969265403 ], [ 0.013477987644318, 51.600029885753216 ], [ 0.013428625936535, 51.599964736844569 ], [ 0.013426371630042, 51.599961758544509 ], [ 0.013423764805271, 51.599958318683591 ], [ 0.0134054699838, 51.599934155034767 ], [ 0.01337422451283, 51.599890106377892 ], [ 0.013369328709357, 51.599883230192276 ], [ 0.013366047631733, 51.599878583416171 ], [ 0.013346937151753, 51.599851646080218 ], [ 0.013288080895103, 51.599768675048381 ], [ 0.01328312263884, 51.599761692022291 ], [ 0.013199796754429, 51.599644213968219 ], [ 0.013197871629006, 51.599641495295664 ], [ 0.013192096651485, 51.599633348263616 ], [ 0.013171352896975, 51.599604082900719 ], [ 0.013166595757121, 51.599597402165948 ], [ 0.013162652985529, 51.599591831520215 ], [ 0.013134426294079, 51.599552038436364 ], [ 0.013129144435057, 51.599544593348952 ], [ 0.01308776726899, 51.599486267542495 ], [ 0.013081192003851, 51.599477001183651 ], [ 0.013067070522474, 51.59945708229489 ], [ 0.01306365250639, 51.599452275998537 ], [ 0.013057015168833, 51.599442911786447 ], [ 0.013000100795036, 51.599362686034958 ], [ 0.012992816977292, 51.599352415677835 ], [ 0.012978580218237, 51.599332336895785 ], [ 0.01295260944182, 51.599295715403215 ], [ 0.012916838204346, 51.599245296703685 ], [ 0.012914619911734, 51.599242151418402 ], [ 0.012912592595984, 51.599232546232592 ], [ 0.012903240084118, 51.599188211764627 ], [ 0.012892917557253, 51.599139244812768 ], [ 0.01288825868367, 51.599093948540563 ], [ 0.01288750532802, 51.599086704510498 ], [ 0.012886398659452, 51.599076040396 ], [ 0.012885882125264, 51.599070887557524 ], [ 0.012884007805824, 51.599052655927856 ], [ 0.01284897442427, 51.598711172933342 ], [ 0.012846519950818, 51.59868863485336 ], [ 0.012845858081333, 51.598682153617077 ], [ 0.012839183274747, 51.598617378187321 ], [ 0.012837641522702, 51.598602423118166 ], [ 0.012836730530058, 51.598593572133616 ], [ 0.01280742570784, 51.598308832513823 ], [ 0.012793958178494, 51.598178240548705 ], [ 0.012785192639621, 51.598092944114569 ], [ 0.012781985855161, 51.598061876058395 ], [ 0.012777503698895, 51.598018285333197 ], [ 0.012737759121915, 51.597742663420377 ], [ 0.012714738662781, 51.597583108639469 ], [ 0.012714079217392, 51.597578641684585 ], [ 0.012704250958729, 51.597510458253936 ], [ 0.012702606455169, 51.597499056990927 ], [ 0.01269417772785, 51.597440651382691 ], [ 0.012693680169244, 51.597437233773746 ], [ 0.01265970781094, 51.597201700356123 ], [ 0.012646560889239, 51.597110364202855 ], [ 0.012645546596492, 51.597103421404057 ], [ 0.012640385000713, 51.597067647840433 ], [ 0.012638847218605, 51.597057027094948 ], [ 0.012638052385126, 51.597051456384555 ], [ 0.012625874185863, 51.596967009857885 ], [ 0.012625067310846, 51.596961493309237 ], [ 0.012622439013363, 51.596943184694638 ], [ 0.012608453763282, 51.596846269586599 ], [ 0.012606845318749, 51.596835029570556 ], [ 0.012606435265731, 51.596832284898547 ], [ 0.012606037258036, 51.59682948606477 ], [ 0.012596403156219, 51.596762747100364 ], [ 0.012595712237506, 51.596757894007837 ], [ 0.01257933142028, 51.596644338900347 ], [ 0.012571818989444, 51.596592284270088 ], [ 0.012570775208377, 51.596585000262131 ], [ 0.012563657228766, 51.596535663594246 ], [ 0.012553468695059, 51.596464869530223 ], [ 0.01255267904771, 51.59645941563371 ], [ 0.012550266164398, 51.5964427129828 ], [ 0.012541979984922, 51.59638523565777 ], [ 0.012540571534356, 51.596369698286203 ], [ 0.012534921202545, 51.596306847667833 ], [ 0.01253400398875, 51.596296872727351 ], [ 0.012533176645167, 51.596287624638094 ], [ 0.012533574955428, 51.59628144444428 ], [ 0.012534632216224, 51.596265343195668 ], [ 0.012538058942139, 51.596213496521237 ], [ 0.01253899833311, 51.596209595636353 ], [ 0.01254291870384, 51.596193265405809 ], [ 0.012544119646076, 51.596188258449942 ], [ 0.012560133859141, 51.5961216458848 ], [ 0.012550700968018, 51.596050632027392 ], [ 0.012548275944273, 51.596032346903094 ], [ 0.012545102451859, 51.596008395851776 ], [ 0.012538486400548, 51.595958488540226 ], [ 0.012536384996924, 51.595942625840735 ], [ 0.012531734702269, 51.595907634846647 ], [ 0.012531020382869, 51.595902251597721 ], [ 0.012523633138762, 51.595846489906762 ], [ 0.012521637564018, 51.595831551619995 ], [ 0.012521065462084, 51.595827263017014 ], [ 0.012520692355627, 51.595824373830972 ], [ 0.012513133346048, 51.595767338151241 ], [ 0.012506354583238, 51.595716197162361 ], [ 0.012506007022839, 51.595713559328281 ], [ 0.012502962464737, 51.595695302820936 ], [ 0.012502062456348, 51.59568931126784 ], [ 0.012482953666107, 51.595574777835012 ], [ 0.012470124096579, 51.595497464563344 ], [ 0.012468274855412, 51.595486327598117 ], [ 0.012459893550778, 51.595434336441542 ], [ 0.012458520165062, 51.595427630014044 ], [ 0.012440834156803, 51.59532111147287 ], [ 0.012047768190957, 51.595388339599296 ], [ 0.012042537612668, 51.595389229673252 ], [ 0.012019896742145, 51.595393107211777 ], [ 0.012012876409801, 51.595386492270862 ], [ 0.012002903335405, 51.595377095349498 ], [ 0.011851377748769, 51.595234286131912 ], [ 0.011711616057604, 51.595181613650823 ], [ 0.011433870736036, 51.595076948158464 ], [ 0.011426602781424, 51.595074204212366 ], [ 0.011160707753788, 51.594974010991585 ], [ 0.011051692238163, 51.594932923409665 ], [ 0.011030065219795, 51.594924769407378 ], [ 0.010538315493937, 51.594808106854536 ], [ 0.010462852632228, 51.594790201672659 ], [ 0.010424562690549, 51.594723774167257 ], [ 0.010317262284135, 51.594537652743078 ], [ 0.010197045530797, 51.594329055660054 ], [ 0.010146108230193, 51.594240687436582 ], [ 0.010121343580804, 51.594197732215477 ], [ 0.010107444522381, 51.594173618828748 ], [ 0.010073157822135, 51.59411412778794 ], [ 0.010071172192791, 51.594110681734257 ], [ 0.009995295802115, 51.594097441528461 ], [ 0.009988926707147, 51.594096084927834 ], [ 0.009965385667844, 51.594091983213225 ], [ 0.009787124037307, 51.594060885218873 ], [ 0.009745468784621, 51.594053622832703 ], [ 0.009740172673145, 51.594052697453321 ], [ 0.008439988578577, 51.59382593693271 ], [ 0.008382358267786, 51.593815881284108 ], [ 0.008326935944625, 51.593806785955053 ], [ 0.00701073312794, 51.593590644122862 ], [ 0.006122137247494, 51.593444714868433 ], [ 0.006050079015836, 51.593432881684663 ], [ 0.005832967188889, 51.593390518702563 ], [ 0.005137730020344, 51.593254889086346 ], [ 0.005070861339938, 51.593241878506369 ], [ 0.005042381958746, 51.59325709509654 ], [ 0.00512453379458, 51.593279484219096 ], [ 0.005148498468442, 51.593286016554394 ], [ 0.005109173066966, 51.593376613276348 ], [ 0.005102622630452, 51.593376050859881 ], [ 0.005098303761226, 51.593375675093036 ], [ 0.005022218633892, 51.593369107782216 ], [ 0.004963721864904, 51.593352123203793 ], [ 0.004934078132134, 51.593334645244056 ], [ 0.004918935001427, 51.5933230341806 ], [ 0.004661947406521, 51.593460309051025 ], [ 0.004638385154013, 51.593467519140461 ], [ 0.004634819442394, 51.593470151932074 ], [ 0.004604015335502, 51.59349291680882 ], [ 0.00458069143868, 51.593510140361566 ], [ 0.00451900692903, 51.593538513845488 ], [ 0.004501036966502, 51.593541572722849 ], [ 0.004447857679569, 51.593550619946782 ], [ 0.004427135636943, 51.593588922166298 ], [ 0.004421502961818, 51.593603644614213 ], [ 0.004419803394273, 51.593606690621911 ], [ 0.004404371112217, 51.593634291361603 ], [ 0.004399606782173, 51.593642825672092 ], [ 0.004397708403492, 51.593649557471089 ], [ 0.004392087570753, 51.593669472832751 ], [ 0.0043831183934, 51.593744227211602 ], [ 0.004382156159379, 51.593752876376499 ], [ 0.004383026701075, 51.593759210139439 ], [ 0.004379849285737, 51.593771655998601 ], [ 0.004378285282733, 51.593785333216324 ], [ 0.004377636282461, 51.593790928598651 ], [ 0.004380124195311, 51.59380908671541 ], [ 0.004379951471527, 51.593811724444926 ], [ 0.00437576390278, 51.593876532406988 ], [ 0.0043763136017, 51.593885254643737 ], [ 0.004382566691032, 51.593904656796639 ], [ 0.004379087501384, 51.593943720859379 ], [ 0.004376518762462, 51.593960157936635 ], [ 0.004375168582917, 51.59396884970176 ], [ 0.0043706374145, 51.593997783807183 ], [ 0.004367968868252, 51.594014906013108 ], [ 0.004363405080432, 51.594023077194272 ], [ 0.004358774690716, 51.594031375407361 ], [ 0.004352136608511, 51.594051470013277 ], [ 0.00434945757834, 51.594065400090827 ], [ 0.004343146166015, 51.594079464195566 ], [ 0.004341958624212, 51.594085617319301 ], [ 0.00433026184312, 51.594147271395094 ], [ 0.004328229854974, 51.594156053945696 ], [ 0.004322624703016, 51.594194872876969 ], [ 0.004320563436526, 51.594211031503811 ], [ 0.004298338186607, 51.594264141090797 ], [ 0.004289861512109, 51.594283072922131 ], [ 0.004266789745825, 51.594336567454185 ], [ 0.004262374121479, 51.594346795357573 ], [ 0.00424477469186, 51.59436977502321 ], [ 0.004239122506658, 51.594377164473457 ], [ 0.004237465767983, 51.594385124095957 ], [ 0.004231400518363, 51.594398878239772 ], [ 0.00421842543625, 51.594428356810027 ], [ 0.004218412614955, 51.594452191412607 ], [ 0.004218456667721, 51.594458116658039 ], [ 0.004213296887091, 51.594487205368317 ], [ 0.004211274224552, 51.594496857320756 ], [ 0.004209153948481, 51.594501664032414 ], [ 0.004198533825233, 51.594598963569339 ], [ 0.004197206306771, 51.594611126011159 ], [ 0.004192743608675, 51.594619628170697 ], [ 0.004188539975426, 51.594635005095697 ], [ 0.00418146573009, 51.59466094320809 ], [ 0.004177840183963, 51.594669111828431 ], [ 0.004172205317673, 51.59468181998627 ], [ 0.004160719754318, 51.594755178522441 ], [ 0.004159588489576, 51.594762283874623 ], [ 0.00415787937141, 51.594765442442515 ], [ 0.004157685875, 51.59476924953848 ], [ 0.004157531710205, 51.594772309592308 ], [ 0.00415652786158, 51.594791831283693 ], [ 0.004154808134229, 51.594825276466267 ], [ 0.00414264397973, 51.594869421263873 ], [ 0.004140900453585, 51.594875736754645 ], [ 0.004142435981313, 51.594888983307627 ], [ 0.004143151178322, 51.594895067937955 ], [ 0.004136962936329, 51.594943121218201 ], [ 0.004134882051176, 51.594949316580298 ], [ 0.004127596675168, 51.594971112791107 ], [ 0.004120510960006, 51.594981035609813 ], [ 0.004072406548751, 51.595048392518088 ], [ 0.004072472279273, 51.595061376431438 ], [ 0.004072575733914, 51.595078172480939 ], [ 0.004072699311916, 51.59510067836532 ], [ 0.004064693804382, 51.595138601268907 ], [ 0.004062132024131, 51.59515060494919 ], [ 0.004062218926612, 51.595174739085508 ], [ 0.004057453800719, 51.595193272936427 ], [ 0.004053399275065, 51.595209087928943 ], [ 0.00405237314538, 51.595212675450007 ], [ 0.004050910040512, 51.595217817132479 ], [ 0.004047268977523, 51.595230558648048 ], [ 0.004039704200031, 51.595246168349441 ], [ 0.004025341395419, 51.595300402402216 ], [ 0.004022628015011, 51.595309123744578 ], [ 0.004013134008761, 51.595339959081116 ], [ 0.004012908149544, 51.595388333095187 ], [ 0.004001886513573, 51.595457969789237 ], [ 0.004000083023615, 51.595469160183526 ], [ 0.004059865304936, 51.59550546608537 ], [ 0.004007082750321, 51.595502319668547 ], [ 0.003928158555262, 51.5957618060838 ], [ 0.003896876301964, 51.595864683156059 ], [ 0.003891262683606, 51.595883132570975 ], [ 0.003881435038743, 51.595886196045434 ], [ 0.003874956214728, 51.595880704477786 ], [ 0.003829441051326, 51.595842158380009 ], [ 0.003810199689199, 51.595825851192025 ], [ 0.003717594868549, 51.595767121355223 ], [ 0.00369773524223, 51.595760392632073 ], [ 0.00353620602266, 51.595705672839166 ], [ 0.003518449760798, 51.595705076941869 ], [ 0.003407358110407, 51.595701363480593 ], [ 0.003402412904186, 51.595701196170708 ], [ 0.003349413149942, 51.595727693898475 ], [ 0.003137487196655, 51.595688716881014 ], [ 0.003131100652494, 51.595688277429424 ], [ 0.003050900371817, 51.595682777060631 ], [ 0.003045291679772, 51.595683610231369 ], [ 0.002920092032721, 51.595702186618816 ], [ 0.002841914529383, 51.595713800051676 ], [ 0.002829968117737, 51.59571924663399 ], [ 0.002817136133468, 51.595712757450535 ], [ 0.002784103510877, 51.595696047181711 ], [ 0.00270606292495, 51.595656572417667 ], [ 0.002700289546542, 51.59565365855746 ], [ 0.002615000290051, 51.59562401930512 ], [ 0.002603338923063, 51.595623139347566 ], [ 0.002536760540311, 51.595618116429726 ], [ 0.002515828189673, 51.595616540491783 ], [ 0.002294749569571, 51.595623723352347 ], [ 0.002287151512252, 51.595623969976842 ], [ 0.002282725406888, 51.595619679741823 ], [ 0.00227594717167, 51.59561311862209 ], [ 0.002262167220312, 51.595611339594058 ], [ 0.001945762314437, 51.59557123071238 ], [ 0.001793690611036, 51.595607332135302 ], [ 0.001763346625864, 51.595617633780762 ], [ 0.00168540220312, 51.595644088869754 ], [ 0.001661402758375, 51.595652231934828 ], [ 0.001563924233681, 51.595696456554045 ], [ 0.001490442622506, 51.595736099083652 ], [ 0.001471655964169, 51.5957462303803 ], [ 0.00144000674624, 51.595763307479508 ], [ 0.001432891113987, 51.595765991739647 ], [ 0.001423856793547, 51.595769369682365 ], [ 0.001401403776882, 51.595779523068835 ], [ 0.001320972442829, 51.595816100773924 ], [ 0.001303702523506, 51.595823949071018 ], [ 0.001272771698548, 51.595840784553047 ], [ 0.001244721851239, 51.595851222250296 ], [ 0.001176860752387, 51.595881106339 ], [ 0.001118546069991, 51.595906780927884 ], [ 0.001083521246988, 51.595917683800401 ], [ 0.000986651125232, 51.595947842414773 ], [ 0.000965028843245, 51.595954559936089 ], [ 0.000957778789652, 51.595956814823431 ], [ 0.000922413106059, 51.595970807840438 ], [ 0.000882339507525, 51.595989710066775 ], [ 0.00086461282183, 51.59599603738053 ], [ 0.000836707970425, 51.596006000395121 ], [ 0.000831519278287, 51.596007851419309 ], [ 0.00081446080435, 51.596013942515576 ], [ 0.000632918036674, 51.596059087800249 ], [ 0.000543816201284, 51.596082036506331 ], [ 0.000526401592543, 51.596087252379775 ], [ 0.000359478105163, 51.596137192549861 ], [ 0.000345911150118, 51.596141254692611 ], [ 0.000303250410126, 51.596156486977563 ], [ 0.000265010334754, 51.596170133133839 ], [ 0.000216513665744, 51.596189907141223 ], [ 0.000176331666642, 51.596204377711494 ], [ 0.000098852598761, 51.596232271455676 ], [ 0.000083138955929, 51.596276574999479 ], [ 0.000076433044868, 51.596320509110832 ], [ 0.000075111159267, 51.596329209277243 ], [ 0.000071503798664, 51.596341761177491 ], [ 0.000069898817687, 51.596347300862021 ], [ 0.000066342065783, 51.596359690036451 ], [ 0.000066275496438, 51.596362285466398 ], [ -0.000006860360909, 51.596690984755675 ], [ -0.000008791391638, 51.596699623367364 ], [ -0.000016370667261, 51.596726621765299 ], [ -0.00002198670064, 51.596729595083161 ], [ -0.000149311397935, 51.596796906750825 ], [ -0.000211114203506, 51.59682868738598 ], [ -0.000235245205591, 51.596841094618696 ], [ -0.000239678912286, 51.596843373339304 ], [ -0.000262529842748, 51.59685237761618 ], [ -0.000275841637198, 51.59685732556202 ], [ -0.000446676455613, 51.596920882502317 ], [ -0.000480331493887, 51.59693341607354 ], [ -0.000568658124726, 51.596965203539149 ], [ -0.000587664480488, 51.596979236371027 ], [ -0.000680948680616, 51.597602970950938 ], [ -0.000681608338996, 51.59760735247464 ], [ -0.000652674295328, 51.597620815408227 ], [ -0.000657050408339, 51.597646787955263 ], [ -0.000657632881154, 51.597650295906021 ], [ -0.00069825924814, 51.59789163252286 ], [ -0.000699129497993, 51.597896808961679 ], [ -0.000685709999271, 51.597901876722894 ], [ -0.000758702402568, 51.598170679022388 ], [ -0.000759908377406, 51.598175114817245 ], [ -0.000713080914856, 51.598194243732408 ], [ -0.0007030540051, 51.598198335204437 ], [ -0.000688322148739, 51.598204351776552 ], [ -0.000816706207331, 51.598469799729223 ], [ -0.000823371663983, 51.598483581686864 ], [ -0.000760770841012, 51.598508925297139 ], [ -0.000795250190894, 51.598753160446449 ], [ -0.000799204205097, 51.598775758146097 ], [ -0.000853404845356, 51.598785561782947 ], [ -0.000868001957412, 51.598788215997068 ], [ -0.001267609987089, 51.598749303840172 ], [ -0.001271296369688, 51.598738998486695 ], [ -0.001273253762074, 51.598733546512499 ], [ -0.001286363801961, 51.598731917465464 ], [ -0.001311741513701, 51.598728770907492 ], [ -0.001299868828851, 51.598689020324507 ], [ -0.001292453920943, 51.598664174054719 ], [ -0.001273985994059, 51.598602288861642 ], [ -0.001250532434678, 51.598523709866001 ], [ -0.001249247951171, 51.598519416619695 ], [ -0.001236206565437, 51.59847569847264 ], [ -0.001715494374432, 51.598411925546614 ], [ -0.001778482544554, 51.598404581749044 ], [ -0.001792168139568, 51.59840299843237 ], [ -0.00187009138957, 51.598393894720978 ], [ -0.00198914468529, 51.5983800152149 ], [ -0.00206340984074, 51.59837135263669 ], [ -0.002372051039052, 51.598335370377143 ], [ -0.002381121971132, 51.598334310890245 ], [ -0.002422882704757, 51.598348744364451 ], [ -0.002458663644017, 51.598335883181093 ], [ -0.002473016399374, 51.598385288674571 ], [ -0.002490971713344, 51.598447048030955 ], [ -0.002504633769006, 51.598494094758834 ], [ -0.002526854404864, 51.598570548272356 ], [ -0.002531746939961, 51.598587402283485 ], [ -0.002533629200171, 51.598593872844951 ], [ -0.002553026525778, 51.598660620511019 ], [ -0.002566136949085, 51.598705760454095 ], [ -0.002568596673286, 51.598714210168559 ], [ -0.002576692616205, 51.598741325021457 ], [ -0.002590641972552, 51.59878807988138 ], [ -0.00260582732825, 51.598838920319203 ], [ -0.00261040897283, 51.598854303282231 ], [ -0.002614224697063, 51.598867065427072 ], [ -0.002629422166131, 51.598917960021154 ], [ -0.002637744805644, 51.598945834084411 ], [ -0.002640917241746, 51.598956472076729 ], [ -0.002646833774752, 51.598976319979187 ], [ -0.002653306400215, 51.598997975816253 ], [ -0.002669107512045, 51.599050912948826 ], [ -0.002681911815428, 51.599093817564437 ], [ -0.002677818595935, 51.599126587858471 ], [ -0.002674636754663, 51.599152071898374 ], [ -0.002672946244438, 51.599165603547583 ], [ -0.002666211224916, 51.599219442849495 ], [ -0.002665568295013, 51.599224557530306 ], [ -0.002663477849576, 51.599241283638968 ], [ -0.002661721202472, 51.599255335716883 ], [ -0.002657160710106, 51.599291847854808 ], [ -0.002656621036423, 51.599296253899652 ], [ -0.002655737071843, 51.599303243873138 ], [ -0.002652378726173, 51.599330118717667 ], [ -0.002649952893564, 51.599349554798771 ], [ -0.002646484586207, 51.599377291034294 ], [ -0.002646080715508, 51.599380575350168 ], [ -0.002642053177496, 51.599412834197452 ], [ -0.002637069230443, 51.599452747216617 ], [ -0.002630963542559, 51.599501615480008 ], [ -0.002625858466467, 51.599542479622698 ], [ -0.002623613422264, 51.599560426054445 ], [ -0.002620903097263, 51.599582069403304 ], [ -0.002619548721472, 51.599592873106438 ], [ -0.002610143117447, 51.599668104642568 ], [ -0.002607205383177, 51.599691641500129 ], [ -0.00260286471003, 51.599726430849898 ], [ -0.002602292622701, 51.599730917273291 ], [ -0.002598419981596, 51.59976194680624 ], [ -0.002590255980547, 51.599827298926392 ], [ -0.002589394300586, 51.599834109431839 ], [ -0.002586021691765, 51.599861307753827 ], [ -0.002584475993025, 51.599873511001789 ], [ -0.002575380588011, 51.599946274924214 ], [ -0.002574293474221, 51.59995493401059 ], [ -0.002572020171826, 51.599973194690868 ], [ -0.002566130974936, 51.60002025018391 ], [ -0.002548468282012, 51.600161632559072 ], [ -0.00252891867728, 51.600278199939609 ], [ -0.002415838991114, 51.600262102407875 ], [ -0.002170163600771, 51.600227128717087 ], [ -0.001740446648913, 51.600147870576471 ], [ -0.001742674567927, 51.600097065894253 ], [ -0.001744781115887, 51.600049028781783 ], [ -0.001745963239088, 51.600022071928343 ], [ -0.001716959175967, 51.600018988045903 ], [ -0.001645354904277, 51.600011365679649 ], [ -0.001564089987452, 51.599995197916378 ], [ -0.001446680205739, 51.599971850074304 ], [ -0.001124269186643, 51.599907736227948 ], [ -0.00110139444995, 51.599903183031323 ], [ -0.000827739369627, 51.599838253423329 ], [ -0.000815577956106, 51.599835366465655 ], [ -0.000694106231016, 51.599806544202757 ], [ -0.000656607071552, 51.599797650168099 ], [ -0.000644603215625, 51.599794792853487 ], [ -0.000536907780131, 51.599769244606698 ], [ -0.000529762402759, 51.599767549165222 ], [ -0.000447849030403, 51.599747098275223 ], [ -0.000270597147289, 51.599702829140242 ], [ -0.000234232684447, 51.599693747477524 ], [ -0.00021553595435, 51.599689085466984 ], [ -0.000179028805969, 51.599679965384119 ], [ -0.000149227173103, 51.599719410372948 ], [ -0.000122464742249, 51.599754419983903 ], [ -0.00000273059668, 51.599759716585439 ], [ 0.000031684731299, 51.599763140459551 ], [ 0.000117250195903, 51.599771618240261 ], [ 0.000126220132983, 51.599772508425048 ], [ 0.000141158115414, 51.599772514524723 ], [ 0.000171206373036, 51.599773162237959 ], [ 0.000291343028152, 51.599778415712535 ], [ 0.000308052356831, 51.599779794396206 ], [ 0.000322762234646, 51.599781018330091 ], [ 0.000329283575786, 51.599781554586272 ], [ 0.000361641110436, 51.599783493744958 ], [ 0.000509621499216, 51.599802327286568 ], [ 0.000539800674243, 51.59979115671684 ], [ 0.000572622944237, 51.599779014853404 ], [ 0.000823974950847, 51.599686018684871 ], [ 0.000923435430681, 51.599649216153395 ], [ 0.001026391128575, 51.59961112195581 ], [ 0.001136181065043, 51.599570501125356 ], [ 0.001193398928521, 51.599549328240492 ], [ 0.001406929618161, 51.599464511436004 ], [ 0.001548194497271, 51.599408389890655 ], [ 0.001857728000291, 51.599223260837036 ], [ 0.00186452733106, 51.599220923692727 ], [ 0.001955796012817, 51.599189646389561 ], [ 0.001987704006983, 51.599222769317478 ], [ 0.002117698305464, 51.599357747511164 ], [ 0.00221381849689, 51.599457568036016 ], [ 0.002228887550936, 51.599473209373002 ], [ 0.002347081709377, 51.599595925353228 ], [ 0.002460254013263, 51.599713439450191 ], [ 0.003075585067085, 51.599774469174385 ], [ 0.003207788808041, 51.599782076477297 ], [ 0.003245716132788, 51.599784252460275 ], [ 0.00342847843006, 51.599783613432152 ], [ 0.003467892557861, 51.599783479885545 ], [ 0.003610685530286, 51.599781185121856 ], [ 0.003881158534219, 51.599787221452672 ], [ 0.003886786921581, 51.599787152290794 ], [ 0.004224039267571, 51.599782928852896 ], [ 0.004233607483824, 51.599782810350916 ], [ 0.004402393781853, 51.599772687780145 ], [ 0.004419679186327, 51.599773372620263 ], [ 0.004426915878307, 51.599773428824186 ], [ 0.004441202084381, 51.599773553421144 ], [ 0.004570454113223, 51.599774618199945 ], [ 0.004628782093444, 51.599775096290493 ], [ 0.004586227500512, 51.599844966056182 ], [ 0.004275728858016, 51.60046354405555 ], [ 0.004217726437816, 51.600579098961646 ], [ 0.004182280147777, 51.600649720091432 ], [ 0.004170690080201, 51.600672803991841 ], [ 0.004141670832603, 51.600752316801973 ], [ 0.004100085919022, 51.600883607229399 ], [ 0.004087953200303, 51.600921924684243 ], [ 0.004068128502895, 51.600970517063629 ], [ 0.004047899956717, 51.601020105509825 ], [ 0.004038346012327, 51.601043523299957 ], [ 0.004013524095624, 51.601116705575208 ], [ 0.004006186342518, 51.60114520223717 ], [ 0.003998409477476, 51.601166017813277 ], [ 0.003931496033318, 51.601345221123069 ], [ 0.003924779319375, 51.60136322191655 ], [ 0.003920440294489, 51.601383735968376 ], [ 0.003918323651876, 51.601393717820017 ], [ 0.003912378385258, 51.601500128646336 ], [ 0.003911771881092, 51.601510956977258 ], [ 0.003968492475575, 51.601792487480829 ], [ 0.003962013083797, 51.601792912882203 ], [ 0.003913015397014, 51.601796150717085 ], [ 0.003733035281445, 51.601808037089967 ], [ 0.003674527272909, 51.601791060246128 ], [ 0.003655881870196, 51.601783771001756 ], [ 0.003630448317004, 51.601773827985532 ], [ 0.003573454845376, 51.601804728234789 ], [ 0.003628698613422, 51.601819719573939 ], [ 0.003637379406737, 51.601823051430735 ], [ 0.003658500561081, 51.601831143695328 ], [ 0.003659348555247, 51.60183466326388 ], [ 0.003714544719993, 51.601948829086943 ], [ 0.003758729912612, 51.601987996700032 ], [ 0.003874868701029, 51.602090928730092 ], [ 0.00392540464346, 51.602077682988678 ], [ 0.003931100722489, 51.602076191870253 ], [ 0.003953456499362, 51.60207033363001 ], [ 0.004045064211337, 51.602059299933174 ], [ 0.004127056193018, 51.602066019728333 ], [ 0.004147172131237, 51.602067672472273 ], [ 0.004177637853353, 51.602073500799115 ], [ 0.004197152683678, 51.602074291529917 ], [ 0.004240986782517, 51.60207610565292 ], [ 0.004251250353898, 51.602078322341079 ], [ 0.004256411789998, 51.602079448163394 ], [ 0.004279504632926, 51.602084431214777 ], [ 0.004323030257712, 51.602089406944444 ], [ 0.00434224606154, 51.602091605589543 ], [ 0.004367472920077, 51.602097172653252 ], [ 0.004386385754631, 51.602101345824423 ], [ 0.00443193146153, 51.60210300474423 ], [ 0.004454017530156, 51.602103814456278 ], [ 0.004515635971097, 51.602114344143637 ], [ 0.004523274358091, 51.602115643459342 ], [ 0.004548825529764, 51.602117751824771 ], [ 0.004601810295627, 51.602127498242112 ], [ 0.004629233085588, 51.602130298511597 ], [ 0.004642195254017, 51.602134114690763 ], [ 0.004704857694774, 51.602152611790252 ], [ 0.004718303567456, 51.602156590555076 ], [ 0.004722755625021, 51.602158330975762 ], [ 0.004755308146831, 51.602167603605444 ], [ 0.004760777582375, 51.602169164777109 ], [ 0.004777183787265, 51.602169864647252 ], [ 0.004804339219935, 51.602171019321226 ], [ 0.004853959230437, 51.60217698781809 ], [ 0.004870000789904, 51.602178916886743 ], [ 0.004903958263707, 51.60217975747878 ], [ 0.004916780598613, 51.602180068941678 ], [ 0.004991893958748, 51.602198964638404 ], [ 0.005017024334253, 51.602205288589438 ], [ 0.005106161472742, 51.602237676140604 ], [ 0.005120888236225, 51.602243031309079 ], [ 0.005141597593265, 51.602244876079588 ], [ 0.005153208977241, 51.602248184731877 ], [ 0.005291624593103, 51.602287629945408 ], [ 0.005326694020837, 51.60230584742817 ], [ 0.005331482747739, 51.602307689984144 ], [ 0.00537074830874, 51.602322818754423 ], [ 0.005391774300647, 51.602333655079242 ], [ 0.005407806357696, 51.60234192396161 ], [ 0.005479350891673, 51.602367319005864 ], [ 0.005497482691876, 51.602373753487058 ], [ 0.005509262395225, 51.602377931504208 ], [ 0.005540792023919, 51.602400692200789 ], [ 0.005565552642065, 51.602408452174245 ], [ 0.005613286974964, 51.602423400151487 ], [ 0.005620212711671, 51.602425565870305 ], [ 0.005658787801263, 51.602443700864292 ], [ 0.005671675558785, 51.602449757347415 ], [ 0.005697616902785, 51.602457766888826 ], [ 0.005706898274944, 51.602460629723524 ], [ 0.005736953046968, 51.602479081194133 ], [ 0.005757465571918, 51.602488091766169 ], [ 0.005858040740727, 51.602532279302515 ], [ 0.005866581733134, 51.602536036049081 ], [ 0.00587981248889, 51.602545287984661 ], [ 0.005891940620804, 51.602553767426855 ], [ 0.005917028299803, 51.602567636654413 ], [ 0.005921586642328, 51.602570148573832 ], [ 0.005977248301817, 51.602578751566753 ], [ 0.006100206879475, 51.602625006720956 ], [ 0.00612494964491, 51.602634322599428 ], [ 0.006130335998818, 51.602636289796799 ], [ 0.006201126449964, 51.602665851885398 ], [ 0.00621020713895, 51.602669729774021 ], [ 0.006223543089435, 51.602677761391803 ], [ 0.006227538857917, 51.602681105735137 ], [ 0.006315113431356, 51.602721410120303 ], [ 0.006325944560205, 51.602726341670319 ], [ 0.006400819734542, 51.602742416968326 ], [ 0.006406534387825, 51.602743641153985 ], [ 0.006440441768086, 51.602758735331136 ], [ 0.006458427128477, 51.602766754867943 ], [ 0.006489505241039, 51.602777940701685 ], [ 0.006502284986704, 51.602782524178068 ], [ 0.006577970883146, 51.602823872485445 ], [ 0.006581803226929, 51.602825965156399 ], [ 0.00662851580423, 51.602840318744157 ], [ 0.006635628656042, 51.602845089041509 ], [ 0.00664853011868, 51.602853744036004 ], [ 0.006707304775028, 51.602874743625392 ], [ 0.006729033653832, 51.602882510263129 ], [ 0.006784867330188, 51.602911482528704 ], [ 0.00686118103288, 51.602939542476676 ], [ 0.006866888227328, 51.602940924138764 ], [ 0.00687387890663, 51.602942594091573 ], [ 0.006926332634046, 51.602969250078147 ], [ 0.00695983646322, 51.602982224293115 ], [ 0.006984194599739, 51.602995417872741 ], [ 0.007004619474533, 51.603006686876967 ], [ 0.007078661675882, 51.603033495123164 ], [ 0.007140893173586, 51.603072789145216 ], [ 0.007153539517323, 51.603080304606976 ], [ 0.007217383679207, 51.603109105503769 ], [ 0.007231973056628, 51.603115753214851 ], [ 0.007326089663381, 51.603194181279953 ], [ 0.007409411355722, 51.603248518614222 ], [ 0.007441686480541, 51.603277340587894 ], [ 0.007446561218487, 51.603281456707371 ], [ 0.007492207964663, 51.603306007773526 ], [ 0.007512298869362, 51.603325416164012 ], [ 0.007516265794701, 51.603328266375811 ], [ 0.007538441109796, 51.603343201287757 ], [ 0.007591279524292, 51.603394606889836 ], [ 0.007605224179965, 51.603411355216409 ], [ 0.007622583026673, 51.603432172703357 ], [ 0.007661815358748, 51.603465825993332 ], [ 0.007668104011688, 51.603471221832834 ], [ 0.007685615503758, 51.603506469720834 ], [ 0.00773774203866, 51.603578399429729 ], [ 0.007741443189196, 51.603581771253893 ], [ 0.007749536614113, 51.603589123562244 ], [ 0.007761331591881, 51.603599856679516 ], [ 0.007772061871501, 51.603613953235978 ], [ 0.007776917728104, 51.603618294481727 ], [ 0.00782937342669, 51.603665264242885 ], [ 0.007836725335195, 51.603671846883444 ], [ 0.007915938082187, 51.603647389687048 ], [ 0.007969369349994, 51.603634946987071 ], [ 0.008555169317012, 51.603498576456175 ], [ 0.008648543349695, 51.603576463298808 ], [ 0.008991968454567, 51.603862950099433 ], [ 0.009105824558644, 51.603957922566551 ], [ 0.009119395198628, 51.603947690511482 ], [ 0.009133580134287, 51.603936980324555 ], [ 0.009181291446678, 51.603900948623078 ], [ 0.009301490571013, 51.603805565876506 ], [ 0.009421117750992, 51.603710651390735 ], [ 0.009606403152282, 51.60356363354866 ], [ 0.009643139375413, 51.603534489021584 ], [ 0.009661625164031, 51.603519802330396 ], [ 0.009666130324451, 51.603522737682091 ], [ 0.009675555792752, 51.603528853066855 ], [ 0.009803536372733, 51.603712483437164 ], [ 0.009857891578479, 51.60378001734022 ], [ 0.010422900952525, 51.603931418237153 ], [ 0.010263211801969, 51.604351615681161 ], [ 0.010588223065028, 51.60433459124976 ], [ 0.01086856492235, 51.604344310867774 ], [ 0.010935342049399, 51.604346628748885 ], [ 0.011280873058656, 51.604322722148332 ], [ 0.011624815213144, 51.604262871430407 ], [ 0.011868539588919, 51.604222722983657 ], [ 0.012216849613331, 51.604261713997325 ], [ 0.012452116921946, 51.604356598137691 ], [ 0.012636736821052, 51.604456307223273 ], [ 0.012807169283525, 51.604548345919035 ], [ 0.012814592636355, 51.604552930715009 ], [ 0.013020325615055, 51.604680028306653 ], [ 0.013034351165845, 51.60438720468207 ], [ 0.0130346885579, 51.604380139708027 ], [ 0.013034207838647, 51.604336291071661 ], [ 0.01309499999168, 51.604253568502834 ] ] ] } },
{ "type": "Feature", "properties": { "lsoa21cd": "E01004380", "lsoa21nm": "Waltham Forest 007B", "msoa21cd": "E02000901", "msoa21nm": "Waltham Forest 007", "lad22cd": "E09000031", "lad22nm": "Waltham Forest", "index_right": 343, "GSS_CODE": "E05000597", "risk_score": 0.001209897638619378, "allocation_hours": 0.017808256314145045, "patrol_units": 0 }, "geometry": { "type": "Polygon", "coordinates": [ [ [ 0.015990032531365, 51.60908370407104 ], [ 0.016137857771763, 51.609014332250005 ], [ 0.016291738735229, 51.608942131464147 ], [ 0.016307553258098, 51.608949849869362 ], [ 0.01634051228666, 51.60896593378726 ], [ 0.01634885298311, 51.608970008111974 ], [ 0.016368309272493, 51.608979502968701 ], [ 0.016406099576081, 51.608997936415655 ], [ 0.016433379542646, 51.609011244681099 ], [ 0.01647810853843, 51.609033075073491 ], [ 0.016501521454442, 51.609053634881803 ], [ 0.016531636176533, 51.609080068701395 ], [ 0.016566962997675, 51.609103202611216 ], [ 0.016596325339837, 51.609116241264914 ], [ 0.016652603814544, 51.609141218497463 ], [ 0.016710125278921, 51.609156111554661 ], [ 0.016763051015785, 51.609165723892403 ], [ 0.016776562457051, 51.609168171623168 ], [ 0.016793395204162, 51.609169303327924 ], [ 0.016865287769601, 51.609174102479543 ], [ 0.017012690650245, 51.609212208218878 ], [ 0.01702379429024, 51.6092150749772 ], [ 0.017036037557859, 51.609218236900077 ], [ 0.017037417982613, 51.609214840933682 ], [ 0.017038850160495, 51.609211309188098 ], [ 0.017043175158311, 51.609200704469579 ], [ 0.017055416832581, 51.609170593533115 ], [ 0.01705991031954, 51.609159554271059 ], [ 0.017067802106752, 51.609140138406552 ], [ 0.017069716481738, 51.609135429329299 ], [ 0.01707673731377, 51.609118195660464 ], [ 0.017226596492669, 51.609115270334392 ], [ 0.017239670548373, 51.609115018732268 ], [ 0.017308445544044, 51.609113675223583 ], [ 0.01732257272476, 51.609113396525238 ], [ 0.017333193365878, 51.609113187066427 ], [ 0.017448145465706, 51.609110942150778 ], [ 0.017456746046028, 51.609110776383588 ], [ 0.017529200745997, 51.609109360524933 ], [ 0.017536906949892, 51.609109219112987 ], [ 0.017750259361348, 51.609105049188749 ], [ 0.017797360092389, 51.609104131826221 ], [ 0.017773010100167, 51.609066034677021 ], [ 0.017765823765774, 51.609054773453565 ], [ 0.017744405427888, 51.609021230165446 ], [ 0.017742574583127, 51.609018374980948 ], [ 0.017733945307703, 51.609004863406632 ], [ 0.017720734350457, 51.608984110532496 ], [ 0.017718810543396, 51.608981113062455 ], [ 0.017867769910364, 51.608921098899195 ], [ 0.018081723141402, 51.608840282469636 ], [ 0.018172907160571, 51.608813409899874 ], [ 0.018190371233057, 51.608808262690083 ], [ 0.018199866000193, 51.608805464647055 ], [ 0.018208718910186, 51.608802848495934 ], [ 0.018282210596408, 51.608781189954314 ], [ 0.018476322667605, 51.608741181146989 ], [ 0.018526718178063, 51.608734127841508 ], [ 0.018575893753396, 51.608727248362271 ], [ 0.018720293305894, 51.608713929602871 ], [ 0.018811357434937, 51.608705529460067 ], [ 0.018824921479078, 51.608704280068501 ], [ 0.018764572051073, 51.608634761643664 ], [ 0.018751528412198, 51.608619743426253 ], [ 0.018731528746352, 51.608596706487596 ], [ 0.018716292962169, 51.608579154068515 ], [ 0.018683477375492, 51.608541346777429 ], [ 0.01867592783139, 51.608532645827268 ], [ 0.018672822334184, 51.608529057210227 ], [ 0.01865641961756, 51.608510169659347 ], [ 0.018737702365202, 51.6084614232958 ], [ 0.018741560160263, 51.60845918075195 ], [ 0.018839495594727, 51.608402210206407 ], [ 0.018843491399181, 51.608397870005788 ], [ 0.018849911953317, 51.608390889245207 ], [ 0.018858674651898, 51.608381359270766 ], [ 0.01886071365458, 51.608379139003993 ], [ 0.018871020529832, 51.608367954812614 ], [ 0.018893754671643, 51.608343247856006 ], [ 0.018930852272208, 51.608318060101311 ], [ 0.018936404119665, 51.608314286653325 ], [ 0.018962187496052, 51.608296784293394 ], [ 0.019045341129604, 51.608240319544777 ], [ 0.019149218880634, 51.608235754451194 ], [ 0.019266055015813, 51.60823061569139 ], [ 0.019314225326196, 51.608095320580958 ], [ 0.019343556523518, 51.608013594768224 ], [ 0.019439149743872, 51.607747342746535 ], [ 0.019476335644871, 51.607643778099721 ], [ 0.019113991933192, 51.607773348229571 ], [ 0.018930217906102, 51.607478870725394 ], [ 0.018857331352517, 51.607362086897226 ], [ 0.018732095879754, 51.60716139372019 ], [ 0.018547580191171, 51.606890129351441 ], [ 0.01854283735554, 51.606883160678024 ], [ 0.018299508604138, 51.606525435840183 ], [ 0.018220702335975, 51.606394284266806 ], [ 0.018215665745587, 51.606385899796187 ], [ 0.018177664595783, 51.606322624481805 ], [ 0.018039731648942, 51.606093066719637 ], [ 0.018012990418587, 51.606048563250887 ], [ 0.018153666218926, 51.606004545349649 ], [ 0.018090513870173, 51.605972996657997 ], [ 0.018084192827926, 51.605969840987562 ], [ 0.018036958627092, 51.605919799603917 ], [ 0.018008958729434, 51.605889899303222 ], [ 0.018012229825038, 51.605849677538117 ], [ 0.018015294252788, 51.605815542832921 ], [ 0.017652398104539, 51.60551546416886 ], [ 0.01764854520385, 51.605512275052845 ], [ 0.017616764194243, 51.605486005214637 ], [ 0.017457826059314, 51.605354548555333 ], [ 0.017454541214258, 51.605349838911692 ], [ 0.017426358112699, 51.605308491321061 ], [ 0.017422510819411, 51.605304580893304 ], [ 0.017411413715992, 51.60529174126998 ], [ 0.017344493839993, 51.605214259672621 ], [ 0.017326500446891, 51.605193427193875 ], [ 0.017302661022915, 51.605165815805954 ], [ 0.017298414230115, 51.605160906863645 ], [ 0.017210959721756, 51.605059659813577 ], [ 0.017157662255025, 51.604981602339677 ], [ 0.017155994233395, 51.604979158027461 ], [ 0.017143004670215, 51.604960110015476 ], [ 0.017134464230659, 51.604947604131034 ], [ 0.017123082592055, 51.60493094750629 ], [ 0.017115268189025, 51.604919508261077 ], [ 0.017080332825613, 51.604868319969484 ], [ 0.017071005091635, 51.604854667558584 ], [ 0.017067115625128, 51.604849347801292 ], [ 0.016981384270454, 51.604731560530894 ], [ 0.016967175622275, 51.604712047842071 ], [ 0.016910487003333, 51.604634192400148 ], [ 0.016827332842703, 51.604519957795716 ], [ 0.016815676263242, 51.604503935348681 ], [ 0.016795700783392, 51.604476491293745 ], [ 0.016777493525279, 51.604451471846531 ], [ 0.016740065745575, 51.604400074478463 ], [ 0.016731684768166, 51.604388555014815 ], [ 0.016531242331327, 51.604113213240069 ], [ 0.016341519436013, 51.603852578813942 ], [ 0.016326942729082, 51.603832568784824 ], [ 0.016268372009654, 51.603752110529726 ], [ 0.016264358933728, 51.6037466040246 ], [ 0.016105560845516, 51.603528427354682 ], [ 0.015763000129012, 51.60305781749031 ], [ 0.015531584263038, 51.602734315323978 ], [ 0.015528212836528, 51.602729598122153 ], [ 0.015485663601822, 51.602670096014592 ], [ 0.01478967992355, 51.602955222411573 ], [ 0.014506915649483, 51.603074930911099 ], [ 0.014471407042129, 51.60308996466366 ], [ 0.014078599389237, 51.603256272386147 ], [ 0.013675765585708, 51.60342679734935 ], [ 0.013388884103249, 51.60383520891979 ], [ 0.013186132796035, 51.604123833669064 ], [ 0.01309499999168, 51.604253568502834 ], [ 0.013034207838647, 51.604336291071661 ], [ 0.0130346885579, 51.604380139708027 ], [ 0.013034351165845, 51.60438720468207 ], [ 0.013020325615055, 51.604680028306653 ], [ 0.012814592636355, 51.604552930715009 ], [ 0.012807169283525, 51.604548345919035 ], [ 0.012636736821052, 51.604456307223273 ], [ 0.012452116921946, 51.604356598137691 ], [ 0.012216849613331, 51.604261713997325 ], [ 0.011868539588919, 51.604222722983657 ], [ 0.011624815213144, 51.604262871430407 ], [ 0.011280873058656, 51.604322722148332 ], [ 0.010935342049399, 51.604346628748885 ], [ 0.01086856492235, 51.604344310867774 ], [ 0.010588223065028, 51.60433459124976 ], [ 0.010263211801969, 51.604351615681161 ], [ 0.010422900952525, 51.603931418237153 ], [ 0.009857891578479, 51.60378001734022 ], [ 0.009803536372733, 51.603712483437164 ], [ 0.009675555792752, 51.603528853066855 ], [ 0.009666130324451, 51.603522737682091 ], [ 0.009661625164031, 51.603519802330396 ], [ 0.009643139375413, 51.603534489021584 ], [ 0.009606403152282, 51.60356363354866 ], [ 0.009421117750992, 51.603710651390735 ], [ 0.009301490571013, 51.603805565876506 ], [ 0.009181291446678, 51.603900948623078 ], [ 0.009133580134287, 51.603936980324555 ], [ 0.009119395198628, 51.603947690511482 ], [ 0.009105824558644, 51.603957922566551 ], [ 0.008991968454567, 51.603862950099433 ], [ 0.008648543349695, 51.603576463298808 ], [ 0.008534689324746, 51.603614382282771 ], [ 0.008542043232684, 51.603618716714067 ], [ 0.008549516150031, 51.603623130040909 ], [ 0.008555716541047, 51.603631431942645 ], [ 0.008632441500799, 51.603734216377788 ], [ 0.008650276874687, 51.603758128016999 ], [ 0.00870143219181, 51.603826656854551 ], [ 0.008760553472712, 51.603905858360136 ], [ 0.008377691576875, 51.603976834033439 ], [ 0.008354930998766, 51.603981054387134 ], [ 0.008350748325388, 51.603981827388331 ], [ 0.008261070544427, 51.603970062142871 ], [ 0.008193308362072, 51.603966347806256 ], [ 0.008185887804283, 51.603965413672832 ], [ 0.008178307722873, 51.603964464283742 ], [ 0.008093560113929, 51.603953810553726 ], [ 0.008065209168593, 51.603953081698009 ], [ 0.007983818124912, 51.603951736183106 ], [ 0.00796614472541, 51.604022184883398 ], [ 0.007965248666687, 51.604025770253166 ], [ 0.007895309897061, 51.604105642644981 ], [ 0.007893042265406, 51.604108253309853 ], [ 0.007873939986777, 51.604125189364616 ], [ 0.007822756165765, 51.60419990281536 ], [ 0.007815547610936, 51.604207705774428 ], [ 0.00779047566976, 51.604234833572512 ], [ 0.007785569157089, 51.60424015117372 ], [ 0.007722813784996, 51.60428546810801 ], [ 0.007708833062239, 51.604293288001379 ], [ 0.007703898165306, 51.604297634890081 ], [ 0.007681613469611, 51.604318546094781 ], [ 0.007662922679608, 51.604343343532605 ], [ 0.00765046827184, 51.604359905025944 ], [ 0.007616916592384, 51.604392213662635 ], [ 0.00760915413563, 51.604396626903252 ], [ 0.007550206846439, 51.604429900522703 ], [ 0.00754316788852, 51.604433528023705 ], [ 0.007533520662303, 51.604438755850879 ], [ 0.007487454457145, 51.604463670839664 ], [ 0.007483688740917, 51.604465713613514 ], [ 0.007430366712886, 51.604486719544937 ], [ 0.00733109414501, 51.60451004915371 ], [ 0.007218961099363, 51.604487183698744 ], [ 0.007213150036, 51.604485088913002 ], [ 0.007169464482344, 51.604469343796012 ], [ 0.007161550326682, 51.604464749085082 ], [ 0.006986301187423, 51.604363235162694 ], [ 0.006976539683321, 51.604365380459214 ], [ 0.006951038695155, 51.604370996266809 ], [ 0.006925351294979, 51.604376642234008 ], [ 0.006921365263234, 51.604375325551949 ], [ 0.006682390214368, 51.604296294230387 ], [ 0.006667122477966, 51.60428704121054 ], [ 0.006610073080317, 51.60425247825679 ], [ 0.006556576849632, 51.604205804547192 ], [ 0.00654954708709, 51.604199647965366 ], [ 0.006497426591491, 51.604131431609353 ], [ 0.006499665805541, 51.6041229313606 ], [ 0.006513758154024, 51.604069472665373 ], [ 0.006513620514142, 51.604066021890567 ], [ 0.006511227498697, 51.604007791268188 ], [ 0.006477879526723, 51.60396642034101 ], [ 0.006451348707102, 51.603940471924432 ], [ 0.006374590788087, 51.603878117259953 ], [ 0.006370049256247, 51.603875335286737 ], [ 0.006312089718911, 51.603839762641854 ], [ 0.006307283149164, 51.603826050294323 ], [ 0.00630422712029, 51.603817325843842 ], [ 0.00629922457133, 51.603808014188793 ], [ 0.006285127926716, 51.603781745248988 ], [ 0.006224602490001, 51.603694491472297 ], [ 0.006197621504238, 51.603662579678449 ], [ 0.006188678723152, 51.603652004490669 ], [ 0.006174384129723, 51.603637627036505 ], [ 0.005926058267842, 51.603545184614774 ], [ 0.005905891680735, 51.603542399944367 ], [ 0.005844128609006, 51.603533887657008 ], [ 0.005822872262304, 51.603530950742673 ], [ 0.005721997066756, 51.603523277791254 ], [ 0.005713493814343, 51.603526282749712 ], [ 0.005647685580358, 51.603549529116421 ], [ 0.005636778876735, 51.603553375481056 ], [ 0.005568991939496, 51.603581862282063 ], [ 0.00554361541119, 51.603592264184456 ], [ 0.00546300973236, 51.603600534517028 ], [ 0.005416667899251, 51.603614608423072 ], [ 0.005289669585941, 51.603653180366322 ], [ 0.005276402629012, 51.603657210907251 ], [ 0.005229101364636, 51.603675734433686 ], [ 0.005224459119189, 51.603677549313446 ], [ 0.00509441479851, 51.604049651157155 ], [ 0.005058850058248, 51.604042516271498 ], [ 0.004840419269372, 51.604001285643747 ], [ 0.004816446112513, 51.603997981297582 ], [ 0.004699429264172, 51.603981878438184 ], [ 0.004666070559113, 51.60397728660206 ], [ 0.004551189567199, 51.603971317631569 ], [ 0.004438030934319, 51.60396543603364 ], [ 0.004405536764577, 51.603963751920482 ], [ 0.00433147382014, 51.603959270718292 ], [ 0.004289700066732, 51.603956737906991 ], [ 0.004291832030376, 51.604005171050737 ], [ 0.004295633190923, 51.604091524020717 ], [ 0.004308953112137, 51.604121169598329 ], [ 0.004311645566449, 51.604127220525442 ], [ 0.004336761116484, 51.604156475795804 ], [ 0.004342088182472, 51.604162670566858 ], [ 0.004386579940581, 51.604188888147355 ], [ 0.004436193586596, 51.604202860372972 ], [ 0.004508983783699, 51.604223360927008 ], [ 0.004688707651631, 51.604273976156193 ], [ 0.004731653864155, 51.604286074820337 ], [ 0.004808041271113, 51.604307583860908 ], [ 0.004865945960116, 51.604323887217717 ], [ 0.004983744499281, 51.604357062365686 ], [ 0.005113577633347, 51.604393628785196 ], [ 0.005204193283796, 51.6044191479399 ], [ 0.005349014951345, 51.604459936282765 ], [ 0.005396830551665, 51.604473399309256 ], [ 0.005410137070539, 51.604477146611913 ], [ 0.005443355668622, 51.604485103853726 ], [ 0.005585279898414, 51.604519116126284 ], [ 0.005601418103881, 51.604521906772248 ], [ 0.005640199501935, 51.60452861785253 ], [ 0.005678311575117, 51.604535214464605 ], [ 0.005774457539253, 51.604551853011195 ], [ 0.00586908946862, 51.604560019435802 ], [ 0.005948413318428, 51.604566864763356 ], [ 0.005991704325523, 51.60456612478805 ], [ 0.006107147001509, 51.604564151442212 ], [ 0.006150968439211, 51.604549558361064 ], [ 0.006164076437187, 51.604545193230109 ], [ 0.00622060986102, 51.604517249240061 ], [ 0.006234210775194, 51.604506045856631 ], [ 0.006276336836536, 51.604471333969151 ], [ 0.006306371249577, 51.604482402867255 ], [ 0.006378741807531, 51.604509078375628 ], [ 0.006474511589686, 51.604544373278408 ], [ 0.006567786394299, 51.604578757563473 ], [ 0.00667246740025, 51.604617344091672 ], [ 0.006820616260971, 51.604675249556173 ], [ 0.006878556542445, 51.604697900099758 ], [ 0.006931515069084, 51.604718594508135 ], [ 0.006937313203294, 51.604720919738483 ], [ 0.006901136552909, 51.604754436647241 ], [ 0.006776989834948, 51.604870198103896 ], [ 0.006767599086556, 51.604878955533408 ], [ 0.006704762072076, 51.604937537177442 ], [ 0.0067003982739, 51.604941739361131 ], [ 0.006638560680156, 51.605007273074648 ], [ 0.00663337324478, 51.605012775268335 ], [ 0.00662338380911, 51.605023350416118 ], [ 0.006596452356917, 51.605051894531861 ], [ 0.006572583845509, 51.605077193925766 ], [ 0.006563422982193, 51.605086909603223 ], [ 0.006492310588594, 51.605154013615845 ], [ 0.006481884555533, 51.60516385882552 ], [ 0.006466369629414, 51.605178494124154 ], [ 0.006421968429393, 51.605222543207745 ], [ 0.006377152040307, 51.605267004030637 ], [ 0.006299750155768, 51.605343783453705 ], [ 0.006290410240589, 51.60535304354557 ], [ 0.006284570789715, 51.605358826640519 ], [ 0.006239588469046, 51.605403461089004 ], [ 0.006215829931138, 51.605427004966629 ], [ 0.006165257439115, 51.605477184401273 ], [ 0.006135093407547, 51.605507105533476 ], [ 0.006101221482512, 51.605540714017842 ], [ 0.00603086212068, 51.605610520534768 ], [ 0.006023597211389, 51.605617712824149 ], [ 0.005938992223284, 51.605664112449759 ], [ 0.005910725375056, 51.605673511642735 ], [ 0.00589253121226, 51.605673890044436 ], [ 0.005880236242535, 51.605674100177112 ], [ 0.005873312547689, 51.605672321089017 ], [ 0.005854469678829, 51.605667481426082 ], [ 0.005780686390469, 51.605663027668754 ], [ 0.005756742185345, 51.605656634039747 ], [ 0.005688007392605, 51.605637782367729 ], [ 0.005629066713471, 51.6056216139147 ], [ 0.005622649299531, 51.605619853138563 ], [ 0.00554841822595, 51.605599494649063 ], [ 0.0055100452496, 51.605588963685918 ], [ 0.005440199297475, 51.605569798144643 ], [ 0.005356803208445, 51.605546934365982 ], [ 0.005280876266852, 51.605526101116752 ], [ 0.005257092822902, 51.605519583248075 ], [ 0.005252502623442, 51.605518321791742 ], [ 0.005145483249806, 51.605488964241864 ], [ 0.005089890735691, 51.605473718519292 ], [ 0.005049398631479, 51.605462612131113 ], [ 0.004977842942784, 51.605442980957818 ], [ 0.004923419640242, 51.605428047910962 ], [ 0.004912500271622, 51.605425060093218 ], [ 0.004856439812439, 51.605409678382586 ], [ 0.004845944085412, 51.605406800224799 ], [ 0.004755399866681, 51.605381962906492 ], [ 0.004720140964492, 51.605372286754303 ], [ 0.004712715251608, 51.605370255395442 ], [ 0.00465881836235, 51.605355466116151 ], [ 0.004538263385791, 51.605322391547901 ], [ 0.004518017869966, 51.605316847251054 ], [ 0.004459428761673, 51.605300771169404 ], [ 0.004404772162577, 51.605285778937962 ], [ 0.004382304353697, 51.605279616121322 ], [ 0.004289743145725, 51.605254219414519 ], [ 0.004236957908558, 51.605239743694398 ], [ 0.004195794134549, 51.605228459662811 ], [ 0.004157480337722, 51.605217945266467 ], [ 0.004064305594949, 51.605192055293386 ], [ 0.004039743464124, 51.60518522676449 ], [ 0.00399725691884, 51.605173416714038 ], [ 0.003917459546297, 51.605151236919966 ], [ 0.003848043194072, 51.605131955260333 ], [ 0.003712382042848, 51.605094245920874 ], [ 0.003665582916274, 51.605081241448012 ], [ 0.003649120608791, 51.605076666559512 ], [ 0.003623959446002, 51.605069677320259 ], [ 0.003597774710609, 51.60506239980608 ], [ 0.003516954568255, 51.605039940470107 ], [ 0.003505682342963, 51.605036805683291 ], [ 0.003374875982046, 51.605000451904345 ], [ 0.00334974416533, 51.60499347110251 ], [ 0.00328263799497, 51.604974824136249 ], [ 0.003256570401121, 51.604967580522363 ], [ 0.003190926336675, 51.604949340189847 ], [ 0.003139024874954, 51.604934911877265 ], [ 0.003063731484549, 51.604913985560415 ], [ 0.003058453695211, 51.604912519941102 ], [ 0.002975031896966, 51.604889340305 ], [ 0.002937750777785, 51.604878978774288 ], [ 0.002901726902449, 51.60486896446767 ], [ 0.002876668183147, 51.604862000310021 ], [ 0.002765205176664, 51.604843498577651 ], [ 0.002758237635716, 51.604843671435525 ], [ 0.002691196651956, 51.605009054092932 ], [ 0.002600850609221, 51.605261539800843 ], [ 0.002703544863531, 51.605301953169302 ], [ 0.002747078730501, 51.605325103302839 ], [ 0.002753025278238, 51.605328967510097 ], [ 0.002781941819845, 51.605347789899739 ], [ 0.002876807496293, 51.605409505023779 ], [ 0.002886069733567, 51.605415533783678 ], [ 0.002941937661429, 51.605461682956623 ], [ 0.00295283233685, 51.605470678348709 ], [ 0.003012421249832, 51.605530171780586 ], [ 0.003018848972316, 51.605538407102905 ], [ 0.003029440605514, 51.605552002818996 ], [ 0.00303420012172, 51.605558099423767 ], [ 0.003043460000864, 51.605569982318983 ], [ 0.003088827694128, 51.605581626646064 ], [ 0.003126717339236, 51.605593002919214 ], [ 0.0031440606664, 51.605596591663407 ], [ 0.00319364218947, 51.605606851130489 ], [ 0.003225258689093, 51.605612192578867 ], [ 0.003300728764286, 51.605624959661611 ], [ 0.003315249232656, 51.605627409557222 ], [ 0.00333749745427, 51.605630222131275 ], [ 0.003364477774361, 51.605639491462917 ], [ 0.003370489656436, 51.605641556031991 ], [ 0.00340548655963, 51.605651515824391 ], [ 0.003443598345521, 51.605662357654374 ], [ 0.00351452468793, 51.605679509569974 ], [ 0.003586750449166, 51.605696980977442 ], [ 0.003613608680275, 51.605703473662658 ], [ 0.003734629810883, 51.605727935429343 ], [ 0.003749412173167, 51.605730920352457 ], [ 0.003919000382172, 51.605797213134011 ], [ 0.003927602173396, 51.605801355684676 ], [ 0.004022532549398, 51.605847089258617 ], [ 0.004026734914039, 51.605849382529179 ], [ 0.004067412158954, 51.605871582848415 ], [ 0.00426297271844, 51.605998355848627 ], [ 0.004269732813209, 51.606004292356772 ], [ 0.004347546392855, 51.606072565437444 ], [ 0.004390734996359, 51.606110468635308 ], [ 0.004424931134704, 51.606143885266057 ], [ 0.00417038287562, 51.606365706559572 ], [ 0.004154819240541, 51.60637926321693 ], [ 0.004058810621193, 51.606462941042189 ], [ 0.003984767663009, 51.606573194228375 ], [ 0.003374490495248, 51.606508390121526 ], [ 0.003277130506967, 51.606498046899951 ], [ 0.003253524722732, 51.606493602844388 ], [ 0.003117361642855, 51.606467879171603 ], [ 0.003047635030824, 51.606454717127995 ], [ 0.003034549376161, 51.606453603261535 ], [ 0.002975417658593, 51.606438117461167 ], [ 0.002970257098997, 51.606437351241091 ], [ 0.002965155844774, 51.606436619978687 ], [ 0.002952720478533, 51.606435941932489 ], [ 0.002932058090213, 51.606431762323659 ], [ 0.002909093471895, 51.606427118419234 ], [ 0.00287877752994, 51.606424434421363 ], [ 0.002793008570809, 51.606416743635954 ], [ 0.002780707759011, 51.60641436369793 ], [ 0.002773993014174, 51.606413066455843 ], [ 0.002740863845103, 51.606409791960751 ], [ 0.002729207781948, 51.606407787692632 ], [ 0.002704236296865, 51.606403483737324 ], [ 0.002698506227981, 51.606401917900428 ], [ 0.002694310780452, 51.606400766509729 ], [ 0.002689472069487, 51.60639943725274 ], [ 0.002673046932737, 51.606393090054773 ], [ 0.002665674702725, 51.606391291454138 ], [ 0.00258021594746, 51.606370457221097 ], [ 0.002548814472101, 51.606362791846912 ], [ 0.002537687023413, 51.606361641819376 ], [ 0.002491326512156, 51.606356992342022 ], [ 0.002457999032153, 51.606353640221634 ], [ 0.002435584947866, 51.606349526385195 ], [ 0.002395303648647, 51.606345186809648 ], [ 0.002386917545036, 51.606342007160094 ], [ 0.00238050372235, 51.606339670628628 ], [ 0.002298658917247, 51.606317268309645 ], [ 0.00227120284077, 51.606312619976791 ], [ 0.002196079745647, 51.606299882235312 ], [ 0.002136829753813, 51.606322321997453 ], [ 0.002120324128661, 51.606334833308487 ], [ 0.002035518726047, 51.606527234938504 ], [ 0.002025263081531, 51.606550511517632 ], [ 0.00202276894529, 51.606574258204311 ], [ 0.002011853826388, 51.606577609729278 ], [ 0.001893431430935, 51.606723805771949 ], [ 0.001883604664517, 51.606834032160307 ], [ 0.001884489874231, 51.606837906304214 ], [ 0.001886187552276, 51.606842521958342 ], [ 0.001816227830745, 51.606862167658747 ], [ 0.001746660826614, 51.60689304719655 ], [ 0.001677030468116, 51.606944169802709 ], [ 0.001622574437918, 51.607010311787555 ], [ 0.001576704632508, 51.607066019946046 ], [ 0.001541204211384, 51.607066733216335 ], [ 0.001410344767908, 51.607139015829581 ], [ 0.001169789830745, 51.607339944149537 ], [ 0.001239502646169, 51.607517067069317 ], [ 0.001253794838507, 51.607525483138758 ], [ 0.001260406991061, 51.607529372051488 ], [ 0.001309049484443, 51.607557984039879 ], [ 0.001355720925111, 51.607585451605487 ], [ 0.001372577733805, 51.607595370639487 ], [ 0.001437410030293, 51.607633508327297 ], [ 0.001487761570424, 51.607662882450263 ], [ 0.001508899727903, 51.607600339160982 ], [ 0.001564374650614, 51.60743612611337 ], [ 0.001628701117956, 51.607440748419627 ], [ 0.001676453335653, 51.607444178565075 ], [ 0.001779984767009, 51.607451630299366 ], [ 0.001787402463757, 51.607452160250403 ], [ 0.001798674310478, 51.607452975179314 ], [ 0.001822724397813, 51.607454705238446 ], [ 0.001832793306777, 51.607455423776983 ], [ 0.001842355538067, 51.60745611498578 ], [ 0.001877769624718, 51.607460919990899 ], [ 0.001924980215644, 51.607467304306951 ], [ 0.00194344575079, 51.60746979502796 ], [ 0.00196040054841, 51.607472086700398 ], [ 0.002060465490371, 51.607490037568638 ], [ 0.002074221673706, 51.607492500682859 ], [ 0.002089011574022, 51.607495152991007 ], [ 0.00211217182532, 51.607499308151127 ], [ 0.002127805862495, 51.607502107921114 ], [ 0.002141907557795, 51.607503067888715 ], [ 0.002161339757279, 51.607504386556712 ], [ 0.002211372242261, 51.607507777596325 ], [ 0.002240661550261, 51.60750975991936 ], [ 0.002321939501647, 51.607515279710313 ], [ 0.002344116535011, 51.607516780834736 ], [ 0.002466518144085, 51.607525079104065 ], [ 0.00248159733118, 51.607526098792206 ], [ 0.00260424550969, 51.60753441969171 ], [ 0.002686116817147, 51.607539965082189 ], [ 0.002717227683138, 51.607541988150246 ], [ 0.002803531491937, 51.607354785061801 ], [ 0.002817473969607, 51.607324548269339 ], [ 0.002820302080649, 51.607318416604549 ], [ 0.002929954793936, 51.6070805874852 ], [ 0.00293748388178, 51.607064281542783 ], [ 0.003018907586204, 51.606887655676836 ], [ 0.003022783100337, 51.606879235529 ], [ 0.003050905045416, 51.606818254228564 ], [ 0.003144157014109, 51.606825808172665 ], [ 0.003163303170377, 51.60682736084987 ], [ 0.003284107774802, 51.606837151199151 ], [ 0.003288673351732, 51.606837522901316 ], [ 0.003945672420156, 51.606890784006161 ], [ 0.003975790474868, 51.606893228330634 ], [ 0.004069839616032, 51.606856219149542 ], [ 0.004095837489215, 51.606828384134431 ], [ 0.004114664196038, 51.606808243232379 ], [ 0.004164150506494, 51.606818270195703 ], [ 0.004723293091665, 51.606931586106114 ], [ 0.00488397940382, 51.606964155109267 ], [ 0.004896380227944, 51.606966668020391 ], [ 0.005372406790696, 51.607063127924881 ], [ 0.005569519058288, 51.607132131826098 ], [ 0.005629152296106, 51.607114800484361 ], [ 0.005665784670721, 51.607104147897083 ], [ 0.005721025671988, 51.607088087559383 ], [ 0.005787489661722, 51.607060262052194 ], [ 0.00582542077865, 51.607040082134198 ], [ 0.005858183572727, 51.607004541391319 ], [ 0.005891936676699, 51.606968205860277 ], [ 0.006001064407372, 51.6070112270069 ], [ 0.00602064462193, 51.60702131469575 ], [ 0.006045397318205, 51.607034074682289 ], [ 0.006058151427782, 51.607044602758386 ], [ 0.006098781037418, 51.607078124873766 ], [ 0.006116194559183, 51.6070868917109 ], [ 0.006125514076752, 51.607091579393838 ], [ 0.006236508445296, 51.607147450223472 ], [ 0.006254881833826, 51.6071566952251 ], [ 0.006299043397362, 51.607178925264606 ], [ 0.00630272072853, 51.607180768822566 ], [ 0.006314802686525, 51.60718685707014 ], [ 0.006321256849772, 51.607190100958888 ], [ 0.006376848460722, 51.607226235865809 ], [ 0.006389084182134, 51.607234173936853 ], [ 0.006393656403999, 51.607237971556764 ], [ 0.006449166250056, 51.607284044563961 ], [ 0.006468742613291, 51.607300265152027 ], [ 0.006522602017117, 51.607329532353013 ], [ 0.006536185795577, 51.607336925801505 ], [ 0.006540639321991, 51.60733934059828 ], [ 0.006608363161034, 51.607376140295244 ], [ 0.006639348144948, 51.607403154686956 ], [ 0.006662313327029, 51.607444058432939 ], [ 0.006647777491941, 51.607533114340619 ], [ 0.006666900995837, 51.607562318850924 ], [ 0.006668758718514, 51.607565146713533 ], [ 0.00667385243167, 51.607572910103684 ], [ 0.006690360011635, 51.607598139675943 ], [ 0.006735838686789, 51.607634834017709 ], [ 0.006755037282691, 51.607650341628201 ], [ 0.006827951068915, 51.607709192090546 ], [ 0.006856633918438, 51.607740652137025 ], [ 0.00686796997773, 51.607753074833973 ], [ 0.007034796502665, 51.607935936094272 ], [ 0.007047620248118, 51.607949996959292 ], [ 0.007053865255863, 51.60795684589781 ], [ 0.007067515743922, 51.607971805366617 ], [ 0.007135246473159, 51.608046067566931 ], [ 0.007175747120758, 51.608069744792083 ], [ 0.00719216112086, 51.608079247994169 ], [ 0.007203810252643, 51.608083536073323 ], [ 0.007247235308147, 51.608099510634474 ], [ 0.007254164673349, 51.608102062924999 ], [ 0.007303527677221, 51.608116119440716 ], [ 0.007396988726187, 51.608127020830032 ], [ 0.007454131391134, 51.608146861330319 ], [ 0.007526220412531, 51.608171904660267 ], [ 0.007565923489194, 51.608185676650017 ], [ 0.007628925252803, 51.608207539106779 ], [ 0.00774128240136, 51.608246551440253 ], [ 0.00774805838845, 51.608248899499536 ], [ 0.007764742437835, 51.608254697586879 ], [ 0.007797691521192, 51.608266125567631 ], [ 0.007804101175908, 51.608268353994347 ], [ 0.007896812005781, 51.608300544170547 ], [ 0.007908985644178, 51.608304769259711 ], [ 0.007937762620384, 51.608314762319623 ], [ 0.007948205590915, 51.608318387531263 ], [ 0.007954394823486, 51.608320529795634 ], [ 0.008005428936544, 51.608338244394673 ], [ 0.008012711167701, 51.608340772623706 ], [ 0.008025633129701, 51.608345263669811 ], [ 0.008148147043676, 51.608387779857331 ], [ 0.008155994027239, 51.608390505245467 ], [ 0.008183510177632, 51.608400070193262 ], [ 0.008187548015211, 51.608401242086963 ], [ 0.008192273654068, 51.608402618034994 ], [ 0.00830420650533, 51.608435099568034 ], [ 0.008315331629404, 51.608439126736393 ], [ 0.008325884406366, 51.60844294787487 ], [ 0.008330433940539, 51.608444587614201 ], [ 0.008335027959399, 51.608446253569923 ], [ 0.008381261162027, 51.608463007023055 ], [ 0.008520711329688, 51.608526671309079 ], [ 0.008609781617113, 51.608567322299642 ], [ 0.008618006193232, 51.608571075341267 ], [ 0.00862671113818, 51.608574586356937 ], [ 0.008665720892548, 51.60859030327169 ], [ 0.008671455524588, 51.608592615146563 ], [ 0.00890566256971, 51.608686994775177 ], [ 0.008954738125063, 51.608709562524155 ], [ 0.009014382598929, 51.608736967219954 ], [ 0.009026938197899, 51.608741005817656 ], [ 0.009064749326492, 51.608753119133311 ], [ 0.009102578877731, 51.608761068574665 ], [ 0.009116675973658, 51.608764037646374 ], [ 0.009249790752292, 51.608778035860183 ], [ 0.009562135550613, 51.608556760309334 ], [ 0.009798756707725, 51.608389161858447 ], [ 0.00980264391253, 51.608387575564215 ], [ 0.009887463381409, 51.608353201598554 ], [ 0.009953812696898, 51.608343073006083 ], [ 0.010012433820896, 51.608342069258583 ], [ 0.010071076479003, 51.608352018045686 ], [ 0.01009520287959, 51.608356110188545 ], [ 0.010125191153351, 51.608356891606604 ], [ 0.010401740067623, 51.608364169764066 ], [ 0.010543860502909, 51.608367904594758 ], [ 0.011075659610615, 51.608381887966175 ], [ 0.011141725022689, 51.608383642734708 ], [ 0.011198622542572, 51.60838514088168 ], [ 0.011323217921291, 51.609121082321238 ], [ 0.011389650455386, 51.609272935790315 ], [ 0.011903490164176, 51.609198952024329 ], [ 0.012260708755533, 51.609221929591925 ], [ 0.01226974681819, 51.609222512064932 ], [ 0.012449261412414, 51.609234056855009 ], [ 0.012493683682098, 51.609236910367137 ], [ 0.0125262870354, 51.60923900426743 ], [ 0.012640223403444, 51.609325151899711 ], [ 0.012847137629127, 51.609267495544692 ], [ 0.012988864620869, 51.609227979697849 ], [ 0.01325125314985, 51.609132789224496 ], [ 0.013295531674139, 51.609116724356227 ], [ 0.013301885697922, 51.609114421176436 ], [ 0.013308822282165, 51.609111901174217 ], [ 0.013319355254485, 51.609108078506189 ], [ 0.013446683904758, 51.609158704059823 ], [ 0.013495389314355, 51.609178061687182 ], [ 0.013509473041945, 51.609183656357317 ], [ 0.013579260824592, 51.609211406696566 ], [ 0.013588228457258, 51.609214966845293 ], [ 0.013618895497424, 51.609227156436773 ], [ 0.013679460496274, 51.609245577667018 ], [ 0.013701361887072, 51.609252243232824 ], [ 0.013715211246596, 51.609256457031634 ], [ 0.013775015129308, 51.609274648470162 ], [ 0.013786683138797, 51.60927819825303 ], [ 0.013835770650599, 51.609293129305655 ], [ 0.013855897781908, 51.609297559131804 ], [ 0.013918211702921, 51.609311274063018 ], [ 0.014049059278249, 51.609340053933941 ], [ 0.014065929312539, 51.609342682621808 ], [ 0.014189763154358, 51.609361956032586 ], [ 0.014267122251069, 51.60937442795133 ], [ 0.014266071764655, 51.609384630163561 ], [ 0.014265634149437, 51.609388774295986 ], [ 0.014253358167855, 51.609503317609168 ], [ 0.014240699570875, 51.609621617420224 ], [ 0.014237031056294, 51.609655879448347 ], [ 0.014236099963641, 51.609664537369632 ], [ 0.014232071891989, 51.609702096879602 ], [ 0.014300789745703, 51.609720656716568 ], [ 0.014307762507018, 51.609722542439918 ], [ 0.014368147578925, 51.609738835182213 ], [ 0.014383730579132, 51.609743055134878 ], [ 0.014416004100028, 51.609750738632101 ], [ 0.014431170793796, 51.609754363213966 ], [ 0.014437856230871, 51.609755957102507 ], [ 0.014493734439056, 51.60976929659153 ], [ 0.014517745995127, 51.609775008559694 ], [ 0.014591738457658, 51.609792650399243 ], [ 0.014613502842427, 51.609797843366479 ], [ 0.014756013894974, 51.609831817973912 ], [ 0.014770938390885, 51.609835190379911 ], [ 0.014801887728111, 51.609838080930601 ], [ 0.014841278088379, 51.609841766336828 ], [ 0.014889630421358, 51.609846269123487 ], [ 0.014960245354554, 51.609852862768385 ], [ 0.014988772826709, 51.60985552955524 ], [ 0.015000723314282, 51.609856646359709 ], [ 0.015110206133083, 51.609866862385338 ], [ 0.015186768037564, 51.609874019448952 ], [ 0.015193270136685, 51.609874406944442 ], [ 0.015290974252061, 51.609815954770326 ], [ 0.015298840030009, 51.609811260478075 ], [ 0.015305959211467, 51.60980699266279 ], [ 0.015312388928248, 51.609803136854985 ], [ 0.015319733648131, 51.609798743766639 ], [ 0.015487183260968, 51.60969855981152 ], [ 0.015527888064038, 51.60967420136128 ], [ 0.015532207660985, 51.609671618255632 ], [ 0.015660766878575, 51.609594709207343 ], [ 0.015676876799334, 51.609585062280594 ], [ 0.015681604559095, 51.609582238352715 ], [ 0.015687063677764, 51.609578970220888 ], [ 0.015696842373833, 51.609573118977146 ], [ 0.01577718808097, 51.609506263978645 ], [ 0.015779695483984, 51.60950417959473 ], [ 0.015874820265499, 51.609425029608062 ], [ 0.015927543274231, 51.609381157408883 ], [ 0.015871158520299, 51.609340084777436 ], [ 0.015730271431791, 51.609237451259069 ], [ 0.015726809000345, 51.609234929806284 ], [ 0.015703675772173, 51.609218070024333 ], [ 0.015869627289699, 51.609140213024311 ], [ 0.015899848711832, 51.609126025283295 ], [ 0.01591162738753, 51.609120494891762 ], [ 0.015979053152501, 51.609088856543451 ], [ 0.015990032531365, 51.60908370407104 ] ] ] } },
{ "type": "Feature", "properties": { "lsoa21cd": "E01004381", "lsoa21nm": "Waltham Forest 007C", "msoa21cd": "E02000901", "msoa21nm": "Waltham Forest 007", "lad22cd": "E09000031", "lad22nm": "Waltham Forest", "index_right": 343, "GSS_CODE": "E05000597", "risk_score": 6.5120718310936407, "allocation_hours": 95.849963337867138, "patrol_units": 48 }, "geometry": { "type": "Polygon", "coordinates": [ [ [ -0.000465051853219, 51.607672157941998 ], [ -0.000478166345476, 51.607620994048276 ], [ -0.000458718513602, 51.607620860603852 ], [ -0.000379918171218, 51.607620282628076 ], [ -0.000333616419125, 51.607619952485436 ], [ -0.000091502781258, 51.607618070460546 ], [ -0.000066838259098, 51.607618006338974 ], [ -0.000012927596645, 51.607617627363425 ], [ 0.000068528898673, 51.607617021814761 ], [ 0.000148122573821, 51.607613462459121 ], [ 0.000180236728475, 51.607612024994481 ], [ 0.000227741010605, 51.607603562952349 ], [ 0.000247401984738, 51.60760006258343 ], [ 0.000261624549731, 51.607595719669732 ], [ 0.000301884106785, 51.607583433364859 ], [ 0.000463847900351, 51.607533993454979 ], [ 0.00050467178303, 51.607518118461961 ], [ 0.000563408589423, 51.607492158872347 ], [ 0.000581698204057, 51.60748407318475 ], [ 0.000757279378204, 51.607391227980962 ], [ 0.000804885891052, 51.607366037980817 ], [ 0.00090274045985, 51.607319245836187 ], [ 0.000949249683601, 51.607346320633845 ], [ 0.000992525448739, 51.607371786932738 ], [ 0.001010278679038, 51.607382225779915 ], [ 0.001013384775922, 51.607384056749197 ], [ 0.001157325119214, 51.607468730800704 ], [ 0.001173129166908, 51.607478029341934 ], [ 0.001210445021159, 51.607499982212943 ], [ 0.00121744265012, 51.607504098359712 ], [ 0.00122489989656, 51.607508485436362 ], [ 0.001239502646169, 51.607517067069317 ], [ 0.001169789830745, 51.607339944149537 ], [ 0.001410344767908, 51.607139015829581 ], [ 0.001541204211384, 51.607066733216335 ], [ 0.001576704632508, 51.607066019946046 ], [ 0.001622574437918, 51.607010311787555 ], [ 0.001677030468116, 51.606944169802709 ], [ 0.001746660826614, 51.60689304719655 ], [ 0.001816227830745, 51.606862167658747 ], [ 0.001886187552276, 51.606842521958342 ], [ 0.001884489874231, 51.606837906304214 ], [ 0.001883604664517, 51.606834032160307 ], [ 0.001893431430935, 51.606723805771949 ], [ 0.002011853826388, 51.606577609729278 ], [ 0.00202276894529, 51.606574258204311 ], [ 0.002025263081531, 51.606550511517632 ], [ 0.002035518726047, 51.606527234938504 ], [ 0.002120324128661, 51.606334833308487 ], [ 0.002136829753813, 51.606322321997453 ], [ 0.002196079745647, 51.606299882235312 ], [ 0.00227120284077, 51.606312619976791 ], [ 0.002298658917247, 51.606317268309645 ], [ 0.00238050372235, 51.606339670628628 ], [ 0.002386917545036, 51.606342007160094 ], [ 0.002395303648647, 51.606345186809648 ], [ 0.002435584947866, 51.606349526385195 ], [ 0.002457999032153, 51.606353640221634 ], [ 0.002491326512156, 51.606356992342022 ], [ 0.002537687023413, 51.606361641819376 ], [ 0.002548814472101, 51.606362791846912 ], [ 0.00258021594746, 51.606370457221097 ], [ 0.002665674702725, 51.606391291454138 ], [ 0.002673046932737, 51.606393090054773 ], [ 0.002689472069487, 51.60639943725274 ], [ 0.002694310780452, 51.606400766509729 ], [ 0.002698506227981, 51.606401917900428 ], [ 0.002704236296865, 51.606403483737324 ], [ 0.002729207781948, 51.606407787692632 ], [ 0.002740863845103, 51.606409791960751 ], [ 0.002773993014174, 51.606413066455843 ], [ 0.002780707759011, 51.60641436369793 ], [ 0.002793008570809, 51.606416743635954 ], [ 0.00287877752994, 51.606424434421363 ], [ 0.002909093471895, 51.606427118419234 ], [ 0.002932058090213, 51.606431762323659 ], [ 0.002952720478533, 51.606435941932489 ], [ 0.002965155844774, 51.606436619978687 ], [ 0.002970257098997, 51.606437351241091 ], [ 0.002975417658593, 51.606438117461167 ], [ 0.003034549376161, 51.606453603261535 ], [ 0.003047635030824, 51.606454717127995 ], [ 0.003117361642855, 51.606467879171603 ], [ 0.003253524722732, 51.606493602844388 ], [ 0.003277130506967, 51.606498046899951 ], [ 0.003374490495248, 51.606508390121526 ], [ 0.003984767663009, 51.606573194228375 ], [ 0.004058810621193, 51.606462941042189 ], [ 0.004154819240541, 51.60637926321693 ], [ 0.00417038287562, 51.606365706559572 ], [ 0.004424931134704, 51.606143885266057 ], [ 0.004390734996359, 51.606110468635308 ], [ 0.004347546392855, 51.606072565437444 ], [ 0.004269732813209, 51.606004292356772 ], [ 0.00426297271844, 51.605998355848627 ], [ 0.004067412158954, 51.605871582848415 ], [ 0.004026734914039, 51.605849382529179 ], [ 0.004022532549398, 51.605847089258617 ], [ 0.003927602173396, 51.605801355684676 ], [ 0.003919000382172, 51.605797213134011 ], [ 0.003749412173167, 51.605730920352457 ], [ 0.003734629810883, 51.605727935429343 ], [ 0.003613608680275, 51.605703473662658 ], [ 0.003586750449166, 51.605696980977442 ], [ 0.00351452468793, 51.605679509569974 ], [ 0.003443598345521, 51.605662357654374 ], [ 0.00340548655963, 51.605651515824391 ], [ 0.003370489656436, 51.605641556031991 ], [ 0.003364477774361, 51.605639491462917 ], [ 0.00333749745427, 51.605630222131275 ], [ 0.003315249232656, 51.605627409557222 ], [ 0.003300728764286, 51.605624959661611 ], [ 0.003225258689093, 51.605612192578867 ], [ 0.00319364218947, 51.605606851130489 ], [ 0.0031440606664, 51.605596591663407 ], [ 0.003126717339236, 51.605593002919214 ], [ 0.003088827694128, 51.605581626646064 ], [ 0.003043460000864, 51.605569982318983 ], [ 0.00303420012172, 51.605558099423767 ], [ 0.003029440605514, 51.605552002818996 ], [ 0.003018848972316, 51.605538407102905 ], [ 0.003012421249832, 51.605530171780586 ], [ 0.00295283233685, 51.605470678348709 ], [ 0.002941937661429, 51.605461682956623 ], [ 0.002886069733567, 51.605415533783678 ], [ 0.002876807496293, 51.605409505023779 ], [ 0.002781941819845, 51.605347789899739 ], [ 0.002753025278238, 51.605328967510097 ], [ 0.002747078730501, 51.605325103302839 ], [ 0.002703544863531, 51.605301953169302 ], [ 0.002600850609221, 51.605261539800843 ], [ 0.002691196651956, 51.605009054092932 ], [ 0.002758237635716, 51.604843671435525 ], [ 0.002765205176664, 51.604843498577651 ], [ 0.002876668183147, 51.604862000310021 ], [ 0.002901726902449, 51.60486896446767 ], [ 0.002937750777785, 51.604878978774288 ], [ 0.002975031896966, 51.604889340305 ], [ 0.003058453695211, 51.604912519941102 ], [ 0.003063731484549, 51.604913985560415 ], [ 0.003139024874954, 51.604934911877265 ], [ 0.003190926336675, 51.604949340189847 ], [ 0.003256570401121, 51.604967580522363 ], [ 0.00328263799497, 51.604974824136249 ], [ 0.00334974416533, 51.60499347110251 ], [ 0.003374875982046, 51.605000451904345 ], [ 0.003505682342963, 51.605036805683291 ], [ 0.003516954568255, 51.605039940470107 ], [ 0.003597774710609, 51.60506239980608 ], [ 0.003623959446002, 51.605069677320259 ], [ 0.003649120608791, 51.605076666559512 ], [ 0.003665582916274, 51.605081241448012 ], [ 0.003712382042848, 51.605094245920874 ], [ 0.003848043194072, 51.605131955260333 ], [ 0.003917459546297, 51.605151236919966 ], [ 0.00399725691884, 51.605173416714038 ], [ 0.004039743464124, 51.60518522676449 ], [ 0.004064305594949, 51.605192055293386 ], [ 0.004157480337722, 51.605217945266467 ], [ 0.004195794134549, 51.605228459662811 ], [ 0.004236957908558, 51.605239743694398 ], [ 0.004289743145725, 51.605254219414519 ], [ 0.004382304353697, 51.605279616121322 ], [ 0.004404772162577, 51.605285778937962 ], [ 0.004459428761673, 51.605300771169404 ], [ 0.004518017869966, 51.605316847251054 ], [ 0.004538263385791, 51.605322391547901 ], [ 0.00465881836235, 51.605355466116151 ], [ 0.004712715251608, 51.605370255395442 ], [ 0.004720140964492, 51.605372286754303 ], [ 0.004755399866681, 51.605381962906492 ], [ 0.004845944085412, 51.605406800224799 ], [ 0.004856439812439, 51.605409678382586 ], [ 0.004912500271622, 51.605425060093218 ], [ 0.004923419640242, 51.605428047910962 ], [ 0.004977842942784, 51.605442980957818 ], [ 0.005049398631479, 51.605462612131113 ], [ 0.005089890735691, 51.605473718519292 ], [ 0.005145483249806, 51.605488964241864 ], [ 0.005252502623442, 51.605518321791742 ], [ 0.005257092822902, 51.605519583248075 ], [ 0.005280876266852, 51.605526101116752 ], [ 0.005356803208445, 51.605546934365982 ], [ 0.005440199297475, 51.605569798144643 ], [ 0.0055100452496, 51.605588963685918 ], [ 0.00554841822595, 51.605599494649063 ], [ 0.005622649299531, 51.605619853138563 ], [ 0.005629066713471, 51.6056216139147 ], [ 0.005688007392605, 51.605637782367729 ], [ 0.005756742185345, 51.605656634039747 ], [ 0.005780686390469, 51.605663027668754 ], [ 0.005854469678829, 51.605667481426082 ], [ 0.005873312547689, 51.605672321089017 ], [ 0.005880236242535, 51.605674100177112 ], [ 0.00589253121226, 51.605673890044436 ], [ 0.005910725375056, 51.605673511642735 ], [ 0.005938992223284, 51.605664112449759 ], [ 0.006023597211389, 51.605617712824149 ], [ 0.00603086212068, 51.605610520534768 ], [ 0.006101221482512, 51.605540714017842 ], [ 0.006135093407547, 51.605507105533476 ], [ 0.006165257439115, 51.605477184401273 ], [ 0.006215829931138, 51.605427004966629 ], [ 0.006239588469046, 51.605403461089004 ], [ 0.006284570789715, 51.605358826640519 ], [ 0.006290410240589, 51.60535304354557 ], [ 0.006299750155768, 51.605343783453705 ], [ 0.006377152040307, 51.605267004030637 ], [ 0.006421968429393, 51.605222543207745 ], [ 0.006466369629414, 51.605178494124154 ], [ 0.006481884555533, 51.60516385882552 ], [ 0.006492310588594, 51.605154013615845 ], [ 0.006563422982193, 51.605086909603223 ], [ 0.006572583845509, 51.605077193925766 ], [ 0.006596452356917, 51.605051894531861 ], [ 0.00662338380911, 51.605023350416118 ], [ 0.00663337324478, 51.605012775268335 ], [ 0.006638560680156, 51.605007273074648 ], [ 0.0067003982739, 51.604941739361131 ], [ 0.006704762072076, 51.604937537177442 ], [ 0.006767599086556, 51.604878955533408 ], [ 0.006776989834948, 51.604870198103896 ], [ 0.006901136552909, 51.604754436647241 ], [ 0.006937313203294, 51.604720919738483 ], [ 0.006931515069084, 51.604718594508135 ], [ 0.006878556542445, 51.604697900099758 ], [ 0.006820616260971, 51.604675249556173 ], [ 0.00667246740025, 51.604617344091672 ], [ 0.006567786394299, 51.604578757563473 ], [ 0.006474511589686, 51.604544373278408 ], [ 0.006378741807531, 51.604509078375628 ], [ 0.006306371249577, 51.604482402867255 ], [ 0.006276336836536, 51.604471333969151 ], [ 0.006234210775194, 51.604506045856631 ], [ 0.00622060986102, 51.604517249240061 ], [ 0.006164076437187, 51.604545193230109 ], [ 0.006150968439211, 51.604549558361064 ], [ 0.006107147001509, 51.604564151442212 ], [ 0.005991704325523, 51.60456612478805 ], [ 0.005948413318428, 51.604566864763356 ], [ 0.00586908946862, 51.604560019435802 ], [ 0.005774457539253, 51.604551853011195 ], [ 0.005678311575117, 51.604535214464605 ], [ 0.005640199501935, 51.60452861785253 ], [ 0.005601418103881, 51.604521906772248 ], [ 0.005585279898414, 51.604519116126284 ], [ 0.005443355668622, 51.604485103853726 ], [ 0.005410137070539, 51.604477146611913 ], [ 0.005396830551665, 51.604473399309256 ], [ 0.005349014951345, 51.604459936282765 ], [ 0.005204193283796, 51.6044191479399 ], [ 0.005113577633347, 51.604393628785196 ], [ 0.004983744499281, 51.604357062365686 ], [ 0.004865945960116, 51.604323887217717 ], [ 0.004808041271113, 51.604307583860908 ], [ 0.004731653864155, 51.604286074820337 ], [ 0.004688707651631, 51.604273976156193 ], [ 0.004508983783699, 51.604223360927008 ], [ 0.004436193586596, 51.604202860372972 ], [ 0.004386579940581, 51.604188888147355 ], [ 0.004342088182472, 51.604162670566858 ], [ 0.004336761116484, 51.604156475795804 ], [ 0.004311645566449, 51.604127220525442 ], [ 0.004308953112137, 51.604121169598329 ], [ 0.004295633190923, 51.604091524020717 ], [ 0.004291832030376, 51.604005171050737 ], [ 0.004289700066732, 51.603956737906991 ], [ 0.004246409638193, 51.603957477275586 ], [ 0.00421308447829, 51.603956598642007 ], [ 0.004023066429577, 51.603951597649711 ], [ 0.003914257549029, 51.603948734688835 ], [ 0.003902561417453, 51.603948430834741 ], [ 0.003826802732304, 51.603946433224927 ], [ 0.003742962576765, 51.603944231841588 ], [ 0.003682557976328, 51.603942637414832 ], [ 0.003624727085283, 51.603941115916626 ], [ 0.003610412382994, 51.603941360321876 ], [ 0.003587021120022, 51.603941759694024 ], [ 0.003523730506792, 51.60394284026664 ], [ 0.003473095121542, 51.603941078943102 ], [ 0.003364621940926, 51.603937310495823 ], [ 0.003350158983213, 51.603936811023893 ], [ 0.003310247783423, 51.603931314521162 ], [ 0.003292043076894, 51.603928810646316 ], [ 0.003262787471439, 51.603920317578705 ], [ 0.003201248987684, 51.603936277607552 ], [ 0.003077186474541, 51.603968448187807 ], [ 0.003003958866483, 51.603979670754562 ], [ 0.002909114597374, 51.603994211753921 ], [ 0.002804430445019, 51.604010269479673 ], [ 0.002747254416156, 51.604019041750384 ], [ 0.002753667667809, 51.603845220080437 ], [ 0.002246741379822, 51.603976298448352 ], [ 0.002241138900866, 51.603976969555802 ], [ 0.002060284216508, 51.603998417769056 ], [ 0.001989990216755, 51.603929547655326 ], [ 0.001980513280043, 51.603920267235608 ], [ 0.001963921257344, 51.603894660967619 ], [ 0.002046424312056, 51.603830980600442 ], [ 0.001981644252277, 51.603834639619826 ], [ 0.001945919174857, 51.603836651904977 ], [ 0.001879987056257, 51.60384038447571 ], [ 0.001840888351538, 51.603851392793381 ], [ 0.001833085529249, 51.603853585174143 ], [ 0.001778923169477, 51.603868825104271 ], [ 0.001782215485581, 51.603872105149392 ], [ 0.001804836733234, 51.603894596111793 ], [ 0.001860454601482, 51.60394991323377 ], [ 0.00188675218796, 51.603968978287391 ], [ 0.001940242081295, 51.604007749567579 ], [ 0.002006943713505, 51.604061258910555 ], [ 0.002021852680938, 51.604073216341106 ], [ 0.002029890884033, 51.60407966169857 ], [ 0.002039530800896, 51.604087392631037 ], [ 0.002031754493322, 51.604106283589559 ], [ 0.002002175165621, 51.604178125477503 ], [ 0.001991738308838, 51.604203509420472 ], [ 0.001962575581836, 51.60427431904165 ], [ 0.001954421023984, 51.604294133675403 ], [ 0.00193966396221, 51.604329977611222 ], [ 0.001938646246535, 51.604332449916534 ], [ 0.001907110643361, 51.604409073156774 ], [ 0.001894584068194, 51.604439483551928 ], [ 0.00188308962793, 51.604467421394247 ], [ 0.001869832345789, 51.604499606773103 ], [ 0.00184663383235, 51.604555971616087 ], [ 0.001843648040982, 51.604563935919224 ], [ 0.001836228138721, 51.604583711029015 ], [ 0.001831096161005, 51.604597386187905 ], [ 0.001821739222279, 51.604622373998815 ], [ 0.001788491070841, 51.604710968389682 ], [ 0.001771079713617, 51.604757396732992 ], [ 0.001729575046555, 51.604751800948073 ], [ 0.001675867849212, 51.604744569821875 ], [ 0.00157583274922, 51.60473108771609 ], [ 0.001514541968117, 51.604722825830834 ], [ 0.001375772503154, 51.604685616600207 ], [ 0.001291774801267, 51.604663102109335 ], [ 0.001093602211113, 51.604609963756197 ], [ 0.001047497028401, 51.604597602925374 ], [ 0.0010145731301, 51.604588776176719 ], [ 0.000986164697635, 51.604581158350591 ], [ 0.000788032978859, 51.604492777387144 ], [ 0.000735329694466, 51.604469270379887 ], [ 0.000711688527916, 51.604458729603508 ], [ 0.00060944866, 51.604413118302055 ], [ 0.000601616890492, 51.604411039669429 ], [ 0.000480908311839, 51.604378935039037 ], [ 0.000454329562101, 51.604371870416344 ], [ 0.000382775387649, 51.604352839114874 ], [ 0.000260986270225, 51.604320455942933 ], [ 0.000245979662368, 51.604316458293759 ], [ 0.000235751757528, 51.604313746045513 ], [ 0.000150393057041, 51.604300983834797 ], [ -0.000000365390466, 51.604278446294551 ], [ -0.00009755662695, 51.60426391621904 ], [ -0.000121556638653, 51.604258021509146 ], [ -0.000164680500749, 51.604247434900863 ], [ -0.000284738122062, 51.604217962222819 ], [ -0.000621100482316, 51.604135378594549 ], [ -0.000675971233156, 51.604126286856918 ], [ -0.000694242537655, 51.604112722804338 ], [ -0.00072398213187, 51.604107663143168 ], [ -0.000722739119147, 51.60407479258302 ], [ -0.000722537768046, 51.604069510590357 ], [ -0.000713638064064, 51.603833415319599 ], [ -0.000713515203056, 51.603830292849572 ], [ -0.000686356075512, 51.603739734875155 ], [ -0.000692420445742, 51.603737450701729 ], [ -0.000702770570856, 51.603731291863205 ], [ -0.000800890741443, 51.603672867025765 ], [ -0.000809199388347, 51.603665841599515 ], [ -0.000842206107252, 51.603637502204712 ], [ -0.000882060928112, 51.603540990883239 ], [ -0.000882297853318, 51.603538225248215 ], [ -0.00089175130019, 51.603429451888211 ], [ -0.000892132554213, 51.603425043095591 ], [ -0.000886021354896, 51.603419183825075 ], [ -0.000878344647764, 51.603411814131761 ], [ -0.000880689930403, 51.603409048444817 ], [ -0.000969514346856, 51.603304118125742 ], [ -0.000976093988504, 51.603296343843404 ], [ -0.001003555817877, 51.603231796332437 ], [ -0.001000801587996, 51.603148632307608 ], [ -0.000996703398625, 51.603134417388475 ], [ -0.000986603568874, 51.603099345680903 ], [ -0.000982110059947, 51.603092821553581 ], [ -0.000959981984959, 51.603060692288025 ], [ -0.001093870725393, 51.603010798977358 ], [ -0.001118156361762, 51.60299804774327 ], [ -0.001158805076136, 51.602976699701173 ], [ -0.001167422751318, 51.602972170428153 ], [ -0.001235231189309, 51.602747210656275 ], [ -0.001232128963907, 51.602745179477772 ], [ -0.001235054313059, 51.602741270837029 ], [ -0.001397081346713, 51.602525075662442 ], [ -0.0013997197954, 51.602521550605587 ], [ -0.001395835952634, 51.602515612393717 ], [ -0.001336237835849, 51.602424511046806 ], [ -0.001330071097741, 51.602417122134135 ], [ -0.001333797010538, 51.602403130422118 ], [ -0.001336935698769, 51.602392154662247 ], [ -0.001353980316232, 51.602357819615015 ], [ -0.001357581846159, 51.602353079000103 ], [ -0.00135956551798, 51.602348679517718 ], [ -0.0013745471541, 51.602304754867596 ], [ -0.001378825142625, 51.602298748848746 ], [ -0.001392141512082, 51.602279938681676 ], [ -0.001399880931595, 51.602262841001433 ], [ -0.001404918347847, 51.602251704244523 ], [ -0.001411043435483, 51.602238158056259 ], [ -0.001418606764555, 51.602221453043278 ], [ -0.001427023456541, 51.602210310897433 ], [ -0.001440295476701, 51.60215367779184 ], [ -0.001445840403373, 51.60212998724738 ], [ -0.001449030618638, 51.602125734209174 ], [ -0.001451913316043, 51.602121907569909 ], [ -0.00145412563298, 51.602117233215843 ], [ -0.001462609107212, 51.602099302918312 ], [ -0.001471506382274, 51.602080498410004 ], [ -0.001473377447015, 51.60207175366304 ], [ -0.001476150887611, 51.602058240310733 ], [ -0.00149460173281, 51.602024761006277 ], [ -0.001498540150722, 51.602017607162345 ], [ -0.00149817683664, 51.60200910312394 ], [ -0.001496118453058, 51.601960904586825 ], [ -0.001491357314535, 51.60194567124082 ], [ -0.001490229222434, 51.601942091022522 ], [ -0.001484405047339, 51.601923440429481 ], [ -0.001490057338971, 51.601890390589475 ], [ -0.001490599558759, 51.60188724797662 ], [ -0.00148759143799, 51.601852796182179 ], [ -0.001489244069331, 51.601845738292553 ], [ -0.001499496694393, 51.601801966894833 ], [ -0.001499163802373, 51.60179836425101 ], [ -0.001493251623344, 51.601735316508652 ], [ -0.001492306013454, 51.601725273837644 ], [ -0.001484692195331, 51.601714829829994 ], [ -0.001449905872918, 51.601667107960388 ], [ -0.001445847209573, 51.601661535457708 ], [ -0.001416345705515, 51.601641465406409 ], [ -0.001399267502097, 51.601629844033269 ], [ -0.001396909772491, 51.601626314807227 ], [ -0.001383060346222, 51.601605612114298 ], [ -0.001378439195411, 51.601598708139001 ], [ -0.001326551321615, 51.601545497282963 ], [ -0.001312983768658, 51.60153482594702 ], [ -0.001232612454008, 51.601471588854778 ], [ -0.001222325431344, 51.601463491273378 ], [ -0.00114499385939, 51.601427732828519 ], [ -0.001137110913359, 51.601424082489494 ], [ -0.001111719723873, 51.60140972962057 ], [ -0.001112673093744, 51.60140560934051 ], [ -0.00111595672694, 51.601370765624935 ], [ -0.001121690995692, 51.601309858608154 ], [ -0.00118021850244, 51.601269013880064 ], [ -0.001213077879378, 51.601255005919342 ], [ -0.001325328389197, 51.601207109031904 ], [ -0.001340348239685, 51.601203767917632 ], [ -0.001596370611049, 51.601146818501583 ], [ -0.001596434007778, 51.601134841658954 ], [ -0.00159662498603, 51.601097247544033 ], [ -0.00151733120904, 51.60099135986912 ], [ -0.001474895550523, 51.600934677104398 ], [ -0.001473157435452, 51.600932165585093 ], [ -0.001423759383722, 51.600860400782736 ], [ -0.001360523372789, 51.60081243700467 ], [ -0.001357642374424, 51.60080964523317 ], [ -0.00132888657939, 51.600781809368321 ], [ -0.001325659446459, 51.600778678979069 ], [ -0.001336161012539, 51.600712448724693 ], [ -0.001348286029361, 51.600636039709748 ], [ -0.001378310474691, 51.600609456970673 ], [ -0.001398739096518, 51.600591442417461 ], [ -0.00145408207321, 51.600584642685874 ], [ -0.001461413685192, 51.600583742438744 ], [ -0.001452734668915, 51.600579808779827 ], [ -0.001448105082956, 51.600577706618395 ], [ -0.00142582077187, 51.600567588202104 ], [ -0.001448561710302, 51.600547553764173 ], [ -0.001466278730345, 51.600552504655987 ], [ -0.001509021327152, 51.600493244318912 ], [ -0.001542092804219, 51.600447380251083 ], [ -0.001594834738148, 51.600390898576322 ], [ -0.001630380497492, 51.600352819126535 ], [ -0.00166310457379, 51.600305654315513 ], [ -0.001692037104577, 51.600263946195213 ], [ -0.001708484604658, 51.600204004751276 ], [ -0.001709224053476, 51.600201301664377 ], [ -0.001740446648913, 51.600147870576471 ], [ -0.002170163600771, 51.600227128717087 ], [ -0.002415838991114, 51.600262102407875 ], [ -0.00252891867728, 51.600278199939609 ], [ -0.002548468282012, 51.600161632559072 ], [ -0.002566130974936, 51.60002025018391 ], [ -0.002572020171826, 51.599973194690868 ], [ -0.002574293474221, 51.59995493401059 ], [ -0.002575380588011, 51.599946274924214 ], [ -0.002584475993025, 51.599873511001789 ], [ -0.002586021691765, 51.599861307753827 ], [ -0.002589394300586, 51.599834109431839 ], [ -0.002590255980547, 51.599827298926392 ], [ -0.002598419981596, 51.59976194680624 ], [ -0.002602292622701, 51.599730917273291 ], [ -0.00260286471003, 51.599726430849898 ], [ -0.002607205383177, 51.599691641500129 ], [ -0.002610143117447, 51.599668104642568 ], [ -0.002619548721472, 51.599592873106438 ], [ -0.002620903097263, 51.599582069403304 ], [ -0.002623613422264, 51.599560426054445 ], [ -0.002625858466467, 51.599542479622698 ], [ -0.002630963542559, 51.599501615480008 ], [ -0.002637069230443, 51.599452747216617 ], [ -0.002642053177496, 51.599412834197452 ], [ -0.002646080715508, 51.599380575350168 ], [ -0.002646484586207, 51.599377291034294 ], [ -0.002649952893564, 51.599349554798771 ], [ -0.002652378726173, 51.599330118717667 ], [ -0.002655737071843, 51.599303243873138 ], [ -0.002656621036423, 51.599296253899652 ], [ -0.002657160710106, 51.599291847854808 ], [ -0.002661721202472, 51.599255335716883 ], [ -0.002663477849576, 51.599241283638968 ], [ -0.002665568295013, 51.599224557530306 ], [ -0.002666211224916, 51.599219442849495 ], [ -0.002672946244438, 51.599165603547583 ], [ -0.002674636754663, 51.599152071898374 ], [ -0.002677818595935, 51.599126587858471 ], [ -0.002681911815428, 51.599093817564437 ], [ -0.002669107512045, 51.599050912948826 ], [ -0.002653306400215, 51.598997975816253 ], [ -0.002646833774752, 51.598976319979187 ], [ -0.002640917241746, 51.598956472076729 ], [ -0.002637744805644, 51.598945834084411 ], [ -0.002629422166131, 51.598917960021154 ], [ -0.002614224697063, 51.598867065427072 ], [ -0.00261040897283, 51.598854303282231 ], [ -0.00260582732825, 51.598838920319203 ], [ -0.002590641972552, 51.59878807988138 ], [ -0.002576692616205, 51.598741325021457 ], [ -0.002568596673286, 51.598714210168559 ], [ -0.002566136949085, 51.598705760454095 ], [ -0.002553026525778, 51.598660620511019 ], [ -0.002533629200171, 51.598593872844951 ], [ -0.002531746939961, 51.598587402283485 ], [ -0.002526854404864, 51.598570548272356 ], [ -0.002504633769006, 51.598494094758834 ], [ -0.002490971713344, 51.598447048030955 ], [ -0.002473016399374, 51.598385288674571 ], [ -0.002458663644017, 51.598335883181093 ], [ -0.002455677134444, 51.598325617034078 ], [ -0.002474364119542, 51.598323579268339 ], [ -0.002546167717792, 51.598315728738818 ], [ -0.002674568812474, 51.598301710971661 ], [ -0.002711667424442, 51.59829765765614 ], [ -0.00278616920206, 51.598289520206158 ], [ -0.002846017149701, 51.598282985634128 ], [ -0.002944763015918, 51.598272194476088 ], [ -0.003016522000499, 51.59826436987705 ], [ -0.003166599334624, 51.59824796894592 ], [ -0.003215827329609, 51.598242584264028 ], [ -0.003239142501461, 51.59824004066018 ], [ -0.003275480103217, 51.59806980493056 ], [ -0.003278236178864, 51.598006905528386 ], [ -0.003257647826688, 51.597817716109027 ], [ -0.003260803925374, 51.597745687305483 ], [ -0.00326480021474, 51.597654483167865 ], [ -0.003265522300716, 51.597638003523507 ], [ -0.003242586298612, 51.597535019580803 ], [ -0.003313911349136, 51.597529822173485 ], [ -0.003458164937164, 51.597524022626196 ], [ -0.003509325724738, 51.597521961917096 ], [ -0.003513459922164, 51.597558437736488 ], [ -0.003530968343141, 51.597712814835013 ], [ -0.003532573405917, 51.5977269331364 ], [ -0.003540885802824, 51.59780020025093 ], [ -0.003541706283729, 51.597913301769104 ], [ -0.003541824651281, 51.597930703943881 ], [ -0.003542092841558, 51.597966767754947 ], [ -0.003542115341688, 51.597969879484324 ], [ -0.003542608375434, 51.598038382458824 ], [ -0.003542663316545, 51.598046026874975 ], [ -0.003543371958143, 51.598142895328827 ], [ -0.003543395895147, 51.598146303829516 ], [ -0.00354348839469, 51.598158364119065 ], [ -0.003543809240829, 51.598204761012759 ], [ -0.003543888905831, 51.598215795958104 ], [ -0.003544479314631, 51.598294929521778 ], [ -0.003544596755044, 51.598312682380623 ], [ -0.003544676419681, 51.598323717325776 ], [ -0.00354473151721, 51.598330039871719 ], [ -0.00354517810691, 51.598392022612586 ], [ -0.00354538426571, 51.598420603746661 ], [ -0.00354588856898, 51.598489178846876 ], [ -0.003545584942411, 51.598494461169217 ], [ -0.00354371714002, 51.598526217265842 ], [ -0.003541760234356, 51.598559842250403 ], [ -0.003541269105421, 51.598568250712198 ], [ -0.003539580008391, 51.598596916488532 ], [ -0.0035393569474, 51.598600689470594 ], [ -0.003537197178488, 51.598637791033653 ], [ -0.00353295189688, 51.598710628588819 ], [ -0.003532106496062, 51.598724651226767 ], [ -0.003530965199908, 51.598744109188033 ], [ -0.003530562242164, 51.598750999446544 ], [ -0.003528863148938, 51.598780222576337 ], [ -0.003525525582818, 51.598837285048482 ], [ -0.00352528873991, 51.598841372527353 ], [ -0.003522043936146, 51.598896647104183 ], [ -0.003521866401837, 51.598899710466895 ], [ -0.003519929801883, 51.598932706331965 ], [ -0.003518354035792, 51.598959773400857 ], [ -0.00351777629438, 51.598969664122322 ], [ -0.003516843945172, 51.598985506226548 ], [ -0.00351583535672, 51.599002758828803 ], [ -0.003514485544711, 51.599025657302363 ], [ -0.003514235313854, 51.599030050292455 ], [ -0.003513458381473, 51.599043498585942 ], [ -0.003509961736809, 51.599103202092905 ], [ -0.003509393777765, 51.599109244263722 ], [ -0.003502811125112, 51.599179731002096 ], [ -0.003501255230265, 51.599196457229588 ], [ -0.003497794053176, 51.599233599584984 ], [ -0.003496759149575, 51.599244696489379 ], [ -0.003495618892853, 51.599256879672431 ], [ -0.003493768449529, 51.599276703239887 ], [ -0.003492113887536, 51.599294362989909 ], [ -0.003491617949624, 51.599299749946319 ], [ -0.003490178028539, 51.599315147282645 ], [ -0.003489583823886, 51.599321458776345 ], [ -0.003486146503424, 51.599358385720976 ], [ -0.003483225057637, 51.599389800155798 ], [ -0.003482599099085, 51.599396506771427 ], [ -0.003481038208054, 51.599413017097262 ], [ -0.003477196879068, 51.599443345787805 ], [ -0.003475831816518, 51.599454068386805 ], [ -0.003474765086599, 51.599462431081044 ], [ -0.003474182327348, 51.599466998257583 ], [ -0.003473686545034, 51.599471063344097 ], [ -0.003467919160419, 51.599516349463826 ], [ -0.003467410129289, 51.599520387347788 ], [ -0.003460511970412, 51.599574673526241 ], [ -0.003460027603188, 51.599578478029422 ], [ -0.003459514633453, 51.599582605769562 ], [ -0.003458810385357, 51.599588133057331 ], [ -0.003456411637343, 51.599606958134771 ], [ -0.003450718861137, 51.599651858852731 ], [ -0.003450323704612, 51.599654945487956 ], [ -0.003449587771181, 51.599660701540699 ], [ -0.003448784534471, 51.599667004979914 ], [ -0.003438862288301, 51.599745159278093 ], [ -0.003436482282472, 51.599763885758186 ], [ -0.003426186740945, 51.599844956207413 ], [ -0.003424797380878, 51.599855903199973 ], [ -0.003416286715647, 51.599922931033788 ], [ -0.003406729038272, 51.599960796909485 ], [ -0.003397415478795, 51.599997704760376 ], [ -0.003396662742094, 51.600000713370271 ], [ -0.00338764800552, 51.60003640334989 ], [ -0.003386478495101, 51.600041014492518 ], [ -0.003355181031931, 51.600165070476514 ], [ -0.00335411580699, 51.600169278739095 ], [ -0.003330542596067, 51.600262707934711 ], [ -0.003299736251647, 51.600384775964642 ], [ -0.003277821020454, 51.600471668970648 ], [ -0.003272683467014, 51.600492030072409 ], [ -0.003270693225577, 51.600499882465854 ], [ -0.00321101413874, 51.60073636104427 ], [ -0.003200039103522, 51.600779854934345 ], [ -0.003178214198214, 51.600836648272796 ], [ -0.003143913668718, 51.600925871745282 ], [ -0.003136470689733, 51.600945285586704 ], [ -0.003122195414432, 51.600982370140919 ], [ -0.003104739250098, 51.601027781486465 ], [ -0.003100843523654, 51.601037921572846 ], [ -0.003085097398086, 51.601078910775264 ], [ -0.003083076522929, 51.601084163920042 ], [ -0.003079115584619, 51.60109447375185 ], [ -0.003061251721297, 51.601140948250595 ], [ -0.00305939404368, 51.601145772536753 ], [ -0.003054828297729, 51.601157690708746 ], [ -0.003051309728712, 51.60116680308532 ], [ -0.00304857255392, 51.601173572748138 ], [ -0.003028285764768, 51.601223764830159 ], [ -0.003011415822279, 51.601265517234125 ], [ -0.003009893209711, 51.601269286117414 ], [ -0.002988344531429, 51.601322568091291 ], [ -0.002984464390497, 51.601332186879176 ], [ -0.002972039822562, 51.601362954272034 ], [ -0.002970015524192, 51.601367955569039 ], [ -0.002958288226302, 51.601396981307978 ], [ -0.002954044013592, 51.601407493139682 ], [ -0.002932494023463, 51.601460802060302 ], [ -0.002917196126661, 51.60149864253372 ], [ -0.002896025723697, 51.601551031691365 ], [ -0.002892947661566, 51.601558658820792 ], [ -0.002880993826174, 51.601588238227293 ], [ -0.002878030555076, 51.601595552575745 ], [ -0.002851077553284, 51.601662249146877 ], [ -0.002849280260233, 51.601666683287867 ], [ -0.002844273692599, 51.601679102020398 ], [ -0.002842225358108, 51.601684156860983 ], [ -0.002840743913493, 51.601687809541858 ], [ -0.002839690554262, 51.601690426389418 ], [ -0.002826198001881, 51.601723810368512 ], [ -0.002819070860306, 51.601741449070531 ], [ -0.002809448914962, 51.60176526805683 ], [ -0.002806549643181, 51.601772439614642 ], [ -0.002798021850876, 51.601793534538295 ], [ -0.002781281503856, 51.601834956402513 ], [ -0.002779223970576, 51.601840056047728 ], [ -0.00277425233145, 51.601852335989939 ], [ -0.002765456870561, 51.601874100786546 ], [ -0.002758343323671, 51.601891757701928 ], [ -0.002751882605769, 51.601907699185865 ], [ -0.002744464153115, 51.601926052318653 ], [ -0.002736479979965, 51.601945780652954 ], [ -0.002734859712085, 51.601949799658698 ], [ -0.002725140857122, 51.601973850792632 ], [ -0.002722889667034, 51.601979414746083 ], [ -0.002720491272905, 51.601985371859996 ], [ -0.002710950435785, 51.602008985395003 ], [ -0.002681689727676, 51.602081370820095 ], [ -0.002672790141452, 51.602103367641369 ], [ -0.002665856527355, 51.602120542024828 ], [ -0.0026612233132, 51.602132018406927 ], [ -0.002649480012627, 51.60216107082605 ], [ -0.002647892923292, 51.602164991479064 ], [ -0.002642093883667, 51.602179343572182 ], [ -0.002640974902304, 51.602182139149548 ], [ -0.002637558662845, 51.602190560841635 ], [ -0.002632261905421, 51.602203667042915 ], [ -0.00261447725615, 51.602247656430059 ], [ -0.002611950787003, 51.602253899119198 ], [ -0.002606054507447, 51.60226849235076 ], [ -0.002584009222637, 51.602323033742032 ], [ -0.002582995651893, 51.602325565837155 ], [ -0.002581350757155, 51.602329651865098 ], [ -0.002570223068169, 51.602357177054841 ], [ -0.002568134264259, 51.602362330119227 ], [ -0.002561850267454, 51.602377860952203 ], [ -0.002553249434971, 51.602399134466587 ], [ -0.002545279132719, 51.602418872019108 ], [ -0.002529048035155, 51.602459043585903 ], [ -0.002519442976802, 51.602482799893792 ], [ -0.002516932881862, 51.602488997897957 ], [ -0.002511019747617, 51.602503644793295 ], [ -0.00250842804388, 51.602510057226006 ], [ -0.002496457706282, 51.602539672289979 ], [ -0.002493105437866, 51.602547951189152 ], [ -0.002480793829617, 51.602578432706295 ], [ -0.002475093086487, 51.60259251669379 ], [ -0.002472873453758, 51.602598018233785 ], [ -0.002471609214731, 51.602601162041104 ], [ -0.002467867273595, 51.602610423471489 ], [ -0.002451564209872, 51.60265075117178 ], [ -0.002447304744033, 51.602661276217752 ], [ -0.002420439705373, 51.602727749397147 ], [ -0.002418237248047, 51.602733188281775 ], [ -0.002415288652976, 51.602740493878379 ], [ -0.002411789934839, 51.602749147963898 ], [ -0.0024068657232, 51.602761329784606 ], [ -0.002405827926622, 51.602763919916754 ], [ -0.002392189109914, 51.602797661062546 ], [ -0.002375392007694, 51.602839207808088 ], [ -0.002374242163813, 51.602842047820019 ], [ -0.002364295689789, 51.60286667056949 ], [ -0.002361427503021, 51.60287378869328 ], [ -0.002356535277175, 51.602885899117524 ], [ -0.002352924098719, 51.602894812066999 ], [ -0.002348632377909, 51.602905412996513 ], [ -0.002344129026063, 51.602916558860166 ], [ -0.002340904753036, 51.60292455217779 ], [ -0.002330667370484, 51.602949880372968 ], [ -0.002312688292523, 51.602994338515202 ], [ -0.002311505245756, 51.602997276877922 ], [ -0.00230424768657, 51.603015246053957 ], [ -0.002302085414643, 51.603020591200682 ], [ -0.002298983736671, 51.603028258381435 ], [ -0.002287079518887, 51.603057676720937 ], [ -0.002281295077373, 51.603072020055997 ], [ -0.002280258054946, 51.603074592215599 ], [ -0.0022679633526, 51.603105011055845 ], [ -0.002265962318935, 51.603109972273401 ], [ -0.002261627585697, 51.603120729835382 ], [ -0.002259637115826, 51.603125614797115 ], [ -0.002256687441346, 51.603132614629601 ], [ -0.002249471618906, 51.603149631316285 ], [ -0.002221708268399, 51.603215171933854 ], [ -0.002219267911289, 51.603220930491553 ], [ -0.002217350524153, 51.60322546599258 ], [ -0.002214547260353, 51.603232090635551 ], [ -0.002208410150186, 51.603246571840742 ], [ -0.002205993011214, 51.603252294823939 ], [ -0.002193670756579, 51.603281364324474 ], [ -0.002189739932515, 51.603290649508374 ], [ -0.002180187342021, 51.603313201702214 ], [ -0.002178814958857, 51.603316505529044 ], [ -0.002171357797464, 51.603334084624834 ], [ -0.002170197046106, 51.603336843517539 ], [ -0.002167120868386, 51.603344092981864 ], [ -0.00215276872421, 51.603377956843794 ], [ -0.002146244262806, 51.603393366662274 ], [ -0.002140992992609, 51.603405758722452 ], [ -0.002126784081413, 51.603439319278571 ], [ -0.002124593380355, 51.603444488586149 ], [ -0.002122757190353, 51.603448818642924 ], [ -0.002118906765118, 51.60345791635315 ], [ -0.002110029933188, 51.603478888391031 ], [ -0.002095765347461, 51.603512564897528 ], [ -0.002089152416703, 51.603528180032619 ], [ -0.002068855040104, 51.603576096717497 ], [ -0.002067163294501, 51.603580096513717 ], [ -0.002060171031954, 51.603596622414884 ], [ -0.002050812760614, 51.603618692318562 ], [ -0.002048976556689, 51.603623022374151 ], [ -0.002039697520158, 51.603644931762844 ], [ -0.00203602353099, 51.603653627816492 ], [ -0.00199943984477, 51.603739988515649 ], [ -0.001996491667974, 51.603746952398659 ], [ -0.001991740077696, 51.603758156970692 ], [ -0.001971184022134, 51.603806698706364 ], [ -0.001969749158401, 51.603810109376219 ], [ -0.00195040224918, 51.603855776140534 ], [ -0.001948114284129, 51.603861186584489 ], [ -0.001935113497367, 51.603891890121169 ], [ -0.001931496872771, 51.603900429781724 ], [ -0.001919262111759, 51.603929307412102 ], [ -0.001912366573224, 51.603945601150457 ], [ -0.001900477318739, 51.60397367984153 ], [ -0.001894420439767, 51.603987973559036 ], [ -0.001884014455334, 51.604012525502533 ], [ -0.001876087935659, 51.604031252116222 ], [ -0.001835217961395, 51.604127741679875 ], [ -0.001812954566408, 51.604180300906073 ], [ -0.001811520073491, 51.60418370258828 ], [ -0.001790384618355, 51.604233592286583 ], [ -0.001777581700974, 51.60426438910384 ], [ -0.002122867710043, 51.604309440848979 ], [ -0.0023473126631, 51.604319908330268 ], [ -0.002491355735777, 51.604326627921694 ], [ -0.002482675319453, 51.604350035780477 ], [ -0.002438548370327, 51.604505986438866 ], [ -0.002425782520543, 51.60455109089721 ], [ -0.002412742011165, 51.604597188836991 ], [ -0.002412534421776, 51.604602086174275 ], [ -0.00241586573643, 51.604618158407739 ], [ -0.002417154734475, 51.604626633235988 ], [ -0.002421618072913, 51.604634181940121 ], [ -0.002460182637341, 51.604637976938996 ], [ -0.002486841467413, 51.604640598028347 ], [ -0.002516479629412, 51.604655958150843 ], [ -0.002553728261924, 51.604675269622845 ], [ -0.002659134229172, 51.60472992169889 ], [ -0.002680131076668, 51.60474080030837 ], [ -0.002745747007538, 51.604774820679559 ], [ -0.002754176822912, 51.604791042645616 ], [ -0.002761619581288, 51.604805404360114 ], [ -0.002766373999522, 51.604814549663551 ], [ -0.002709736972563, 51.604843170523495 ], [ -0.002678292208121, 51.604865377022442 ], [ -0.002662881424871, 51.604881229077705 ], [ -0.002651871654691, 51.604892551937994 ], [ -0.002645550086768, 51.604899053743914 ], [ -0.002624280158385, 51.604936217003349 ], [ -0.002617586091129, 51.604947919079635 ], [ -0.002611426345812, 51.604972462442028 ], [ -0.002606909174769, 51.604990505269811 ], [ -0.002607843374797, 51.605024521530808 ], [ -0.002610851003475, 51.605034311532329 ], [ -0.002618607410169, 51.605059631368007 ], [ -0.002621348261129, 51.605068589524137 ], [ -0.002623677478277, 51.605072774687237 ], [ -0.002630421936184, 51.605084948353969 ], [ -0.002637314885925, 51.605097358351337 ], [ -0.002638096073474, 51.605099961469236 ], [ -0.002661396633799, 51.605144915622361 ], [ -0.002668088538819, 51.605154336709951 ], [ -0.002673655275961, 51.605162412258814 ], [ -0.002687742070634, 51.605189921607533 ], [ -0.002698184803182, 51.60521820071466 ], [ -0.002705923963485, 51.605239140938124 ], [ -0.002708560586636, 51.605249653006091 ], [ -0.002709595258284, 51.605254049930984 ], [ -0.002711718280571, 51.605257997778445 ], [ -0.002713798045971, 51.605263590502886 ], [ -0.002716149325571, 51.60526990724351 ], [ -0.002761447228626, 51.605279886645626 ], [ -0.002780568412917, 51.605285463738291 ], [ -0.002791847392673, 51.605288749142794 ], [ -0.002798122004531, 51.605289575353844 ], [ -0.00280329098346, 51.605290256848754 ], [ -0.002919365708299, 51.605305505621502 ], [ -0.002927248268837, 51.60530654803793 ], [ -0.002932934386341, 51.605307292284586 ], [ -0.002942075651514, 51.605308940633762 ], [ -0.002986221589913, 51.605310942044191 ], [ -0.003010156872365, 51.605308498872169 ], [ -0.003087562046624, 51.605300599195424 ], [ -0.003095405087085, 51.605301060916617 ], [ -0.003105048299582, 51.605300977763164 ], [ -0.003112752379183, 51.605300821137078 ], [ -0.00313323417448, 51.605298094347837 ], [ -0.003283217873658, 51.605278085114982 ], [ -0.003288922695831, 51.605274450353868 ], [ -0.003380836001644, 51.605215945270714 ], [ -0.003387210062869, 51.605209232998448 ], [ -0.003434167986046, 51.605135894145654 ], [ -0.003449455431155, 51.605136356641118 ], [ -0.003454737214011, 51.605137264837715 ], [ -0.003499009083092, 51.605159613551322 ], [ -0.003512223511901, 51.605165197912889 ], [ -0.003595138573979, 51.605200267529 ], [ -0.003670865509704, 51.605232292232223 ], [ -0.003696868626875, 51.605243291804904 ], [ -0.003742041099292, 51.605262395994053 ], [ -0.003759102187841, 51.605283674602518 ], [ -0.003764271068419, 51.60529457144014 ], [ -0.003790134304214, 51.605282736860943 ], [ -0.003813698752647, 51.60529270574574 ], [ -0.003853526324813, 51.605309542780645 ], [ -0.003893129087313, 51.605325908370574 ], [ -0.003950164538856, 51.605349476720924 ], [ -0.003966944428161, 51.605356416598511 ], [ -0.00405966447689, 51.605394152578306 ], [ -0.004070149863314, 51.605398413521449 ], [ -0.004080109984968, 51.605402467694276 ], [ -0.004400565392504, 51.60553291363042 ], [ -0.004370219027005, 51.605531381295513 ], [ -0.004352559876053, 51.605531980151042 ], [ -0.004292141422196, 51.605540781109895 ], [ -0.004267767623478, 51.605544332144667 ], [ -0.004259841673593, 51.605544278247741 ], [ -0.004178528137114, 51.605549747209594 ], [ -0.004159403889408, 51.605563674850067 ], [ -0.004151780556101, 51.605569237361578 ], [ -0.004100737319647, 51.60559181223271 ], [ -0.004086334307714, 51.605598185620252 ], [ -0.004016830063466, 51.605621529972865 ], [ -0.003985155078843, 51.605635482358124 ], [ -0.003979837702966, 51.60563785581369 ], [ -0.003912747477931, 51.605662792369884 ], [ -0.00389680540626, 51.605668694425098 ], [ -0.003888796275429, 51.605670208265138 ], [ -0.003882866804083, 51.605671555159077 ], [ -0.003871705314944, 51.605676293099073 ], [ -0.003866437128975, 51.605678532500413 ], [ -0.003821821187392, 51.605693833837591 ], [ -0.003772557434569, 51.605710728665066 ], [ -0.003749771020288, 51.605721221774118 ], [ -0.003732637173798, 51.605731249034115 ], [ -0.003726173252799, 51.60573375134463 ], [ -0.00369935710016, 51.605751504696798 ], [ -0.003671930765756, 51.605766046359655 ], [ -0.003624854517369, 51.605791017572543 ], [ -0.003551451856718, 51.605820261794435 ], [ -0.003546336613354, 51.605822305951548 ], [ -0.003461583123998, 51.605846932691762 ], [ -0.003454898079599, 51.605848878191217 ], [ -0.0034234969558, 51.605852624200985 ], [ -0.003416241816416, 51.60585340896678 ], [ -0.003342231919611, 51.605871629713015 ], [ -0.003249003600637, 51.605915137336005 ], [ -0.003245287866882, 51.605916881572398 ], [ -0.003235005221547, 51.605918864746869 ], [ -0.003218727129719, 51.605920898750675 ], [ -0.003140721073125, 51.60593062276488 ], [ -0.003134984147311, 51.60593169413449 ], [ -0.003126000407233, 51.605933366688021 ], [ -0.003076081074071, 51.605946428297827 ], [ -0.003069506866132, 51.6059481508521 ], [ -0.003050050846036, 51.605950202680688 ], [ -0.003040576752202, 51.605951201442281 ], [ -0.002993678786458, 51.605959251712463 ], [ -0.002971334973172, 51.605964914288492 ], [ -0.002932444897249, 51.605974773433964 ], [ -0.002919754061217, 51.605977992512592 ], [ -0.002913899708775, 51.605979106834894 ], [ -0.002889942448209, 51.605983689817933 ], [ -0.002842934611539, 51.605996549104596 ], [ -0.002835754691577, 51.605998252342737 ], [ -0.002824750438015, 51.605998577584977 ], [ -0.002814695610578, 51.6059986582082 ], [ -0.002703784336197, 51.606015132620826 ], [ -0.00269006043172, 51.606017210035397 ], [ -0.002664759312725, 51.606020493171293 ], [ -0.002655237904276, 51.606022570187541 ], [ -0.002618303720629, 51.606030637067882 ], [ -0.00260821608325, 51.606032947235867 ], [ -0.002580137783785, 51.606043080260939 ], [ -0.002545530165773, 51.606051771236686 ], [ -0.002496843663848, 51.606061742217946 ], [ -0.002468480277076, 51.606065368841342 ], [ -0.002399829373144, 51.606074163570405 ], [ -0.002391188284482, 51.606075266388039 ], [ -0.002383999336905, 51.606076187104641 ], [ -0.002366160138744, 51.606080226699504 ], [ -0.002356438185649, 51.606083253474345 ], [ -0.002341609165417, 51.606086490039694 ], [ -0.002331694157916, 51.60608865025268 ], [ -0.002246418238553, 51.606096190632314 ], [ -0.002223412157993, 51.606098181875801 ], [ -0.002214581953654, 51.606098328263329 ], [ -0.002204653434537, 51.606098491917436 ], [ -0.002190215831373, 51.606100377273066 ], [ -0.002170738033331, 51.606102923170774 ], [ -0.002069100464437, 51.606140732074138 ], [ -0.002062875769833, 51.606143045033186 ], [ -0.002054175838672, 51.606144830248773 ], [ -0.001921209652142, 51.606162996606479 ], [ -0.001914680080856, 51.606163370994089 ], [ -0.001896337144587, 51.606164407462387 ], [ -0.001892011901656, 51.606180700014839 ], [ -0.001878435665022, 51.606231743611303 ], [ -0.00186603269944, 51.6062784278772 ], [ -0.001695812194138, 51.606508747294569 ], [ -0.001646835559659, 51.606553288877855 ], [ -0.001666576102267, 51.60658096209049 ], [ -0.001807998358961, 51.606779216842192 ], [ -0.001932248476475, 51.606849214940098 ], [ -0.001891024200927, 51.606872029863567 ], [ -0.001845712700631, 51.606956133179409 ], [ -0.001831322509482, 51.606973059136337 ], [ -0.00182487137578, 51.60698052988117 ], [ -0.001800963193682, 51.606997145357596 ], [ -0.001511156841326, 51.607198568119713 ], [ -0.001643300606649, 51.607220304833533 ], [ -0.001710403399465, 51.607226096827247 ], [ -0.001647114058262, 51.607242994729411 ], [ -0.001522784878453, 51.60727618189879 ], [ -0.001477980394186, 51.607288143351234 ], [ -0.001411928091479, 51.607305776932506 ], [ -0.001297636794143, 51.607336293563343 ], [ -0.001286635854522, 51.607338835447109 ], [ -0.001223774401681, 51.607315027694185 ], [ -0.001186934720536, 51.607343931519864 ], [ -0.001178902676132, 51.607350233327075 ], [ -0.001182763111302, 51.607355397772373 ], [ -0.001178113826509, 51.607368204755339 ], [ -0.00116872200298, 51.60737389889924 ], [ -0.00116009248977, 51.607370451729054 ], [ -0.00115684508452, 51.607372707484984 ], [ -0.001061524252462, 51.607438896192669 ], [ -0.001012381450823, 51.607473021889341 ], [ -0.001007493892266, 51.607476417827513 ], [ -0.000922601039879, 51.60753537516495 ], [ -0.000910689917504, 51.60754364678219 ], [ -0.000898260324098, 51.607552280056829 ], [ -0.000879327039246, 51.607565428275691 ], [ -0.000746592576786, 51.60765760618655 ], [ -0.000730969936258, 51.607684326402335 ], [ -0.000729787149159, 51.607711265577883 ], [ -0.000728997702779, 51.607729245994875 ], [ -0.000727909993371, 51.60775401961282 ], [ -0.000727641715133, 51.607760129899454 ], [ -0.000727419596459, 51.607765188857314 ], [ -0.000740681948119, 51.607792392043017 ], [ -0.000769713114687, 51.607831158289493 ], [ -0.000916256283512, 51.608026862738079 ], [ -0.001084309777136, 51.608251291738384 ], [ -0.001110177628425, 51.608285804534553 ], [ -0.001112820351214, 51.608289330504149 ], [ -0.001272732039886, 51.608502861939272 ], [ -0.001304448961696, 51.60856798556884 ], [ -0.001316080778968, 51.608591878656107 ], [ -0.001352603487059, 51.608666859753512 ], [ -0.001378720457164, 51.608720484711725 ], [ -0.001384615006032, 51.608732581862554 ], [ -0.001401972203552, 51.608768216702671 ], [ -0.001406026290702, 51.608776540769696 ], [ -0.001457362938058, 51.60888197017735 ], [ -0.001458701776114, 51.608884699718864 ], [ -0.001477331022958, 51.608922955412261 ], [ -0.001569985199517, 51.609113214674728 ], [ -0.001579954230683, 51.60913368948701 ], [ -0.001587380413051, 51.609148923335141 ], [ -0.001590768007164, 51.60915587826414 ], [ -0.001604605938588, 51.609183034780749 ], [ -0.001680701072955, 51.609332278434181 ], [ -0.001784366524577, 51.609535620255947 ], [ -0.001803449804129, 51.609573012413648 ], [ -0.001823385473303, 51.609603129749033 ], [ -0.001830456889348, 51.609613812788453 ], [ -0.001857625761824, 51.609654876694854 ], [ -0.001924656425273, 51.609772911943821 ], [ -0.00191974948768, 51.609786317158608 ], [ -0.001908251848799, 51.609817595172878 ], [ -0.001934896924924, 51.609889836190924 ], [ -0.001922185469528, 51.60989168800284 ], [ -0.001562773508517, 51.609944081577702 ], [ -0.001553681205874, 51.60994540697309 ], [ -0.001452939180922, 51.609960089011082 ], [ -0.001415663785958, 51.609836886412076 ], [ -0.001261161273063, 51.609750640937456 ], [ -0.001139236689891, 51.60968258065693 ], [ -0.001071457844434, 51.609644728129858 ], [ -0.001069360804237, 51.609643214052973 ], [ -0.000965779774435, 51.609568434644366 ], [ -0.000847288896637, 51.609493838266609 ], [ -0.000673341081835, 51.609384323537128 ], [ -0.00062849715905, 51.609350078834069 ], [ -0.000317076398613, 51.609112256564771 ], [ -0.000264632958065, 51.609072200766235 ], [ -0.000130826465769, 51.60896460983755 ], [ -0.000147715537321, 51.608899081208506 ], [ -0.000170910616784, 51.608809011741911 ], [ -0.000206606315165, 51.60867038987859 ], [ -0.000224870089674, 51.608599498866134 ], [ -0.000229397829394, 51.608581905852525 ], [ -0.000281015076395, 51.60838263143193 ], [ -0.000284023201903, 51.608371028473549 ], [ -0.000288648135102, 51.608353194319491 ], [ -0.000302942275906, 51.608298035399208 ], [ -0.000384455149134, 51.607983312734071 ], [ -0.000446852426534, 51.60774242508095 ], [ -0.000465051853219, 51.607672157941998 ] ] ] } },
{ "type": "Feature", "properties": { "lsoa21cd": "E01004416", "lsoa21nm": "Waltham Forest 004E", "msoa21cd": "E02000898", "msoa21nm": "Waltham Forest 004", "lad22cd": "E09000031", "lad22nm": "Waltham Forest", "index_right": 343, "GSS_CODE": "E05000597", "risk_score": 6.1113935529797843, "allocation_hours": 89.952454946740701, "patrol_units": 45 }, "geometry": { "type": "Polygon", "coordinates": [ [ [ -0.001429880946421, 51.616362852814589 ], [ -0.001415327964563, 51.61636136419699 ], [ -0.001154671530344, 51.616380502118787 ], [ -0.001144087868846, 51.616383028736415 ], [ -0.001107169885948, 51.616382126130908 ], [ -0.001100680396384, 51.616381880792673 ], [ -0.000946275432524, 51.616384225588682 ], [ -0.000915420064074, 51.616351039571803 ], [ -0.00090301676943, 51.616337447584783 ], [ -0.000851115483741, 51.616296691310779 ], [ -0.000841313150786, 51.616288997717575 ], [ -0.000790037386278, 51.616236309996964 ], [ -0.000778314323221, 51.616219402341613 ], [ -0.00076227167816, 51.616196261278375 ], [ -0.000759935097653, 51.616192894271443 ], [ -0.000750971884475, 51.616172022930662 ], [ -0.000750349776891, 51.616162183519251 ], [ -0.000743857320672, 51.616059117667291 ], [ -0.000742739198565, 51.616041500276751 ], [ -0.000752239729487, 51.61602220219973 ], [ -0.000786689488141, 51.615952215368736 ], [ -0.000780063136391, 51.61594752537664 ], [ -0.000749398750198, 51.615925781028366 ], [ -0.000743794194905, 51.615926108268013 ], [ -0.000341563905898, 51.615949717901437 ], [ -0.000211447852769, 51.615963437111489 ], [ -0.000208573171229, 51.615957525037047 ], [ -0.000187372908535, 51.615899575923777 ], [ -0.0001605910468, 51.615826316408963 ], [ -0.000153085441842, 51.615805811542465 ], [ -0.000145465341124, 51.615784954017059 ], [ -0.000128566494519, 51.615738745930919 ], [ -0.00011236338147, 51.615694456103149 ], [ -0.000099907241196, 51.615660387134895 ], [ -0.000090545570468, 51.615634787863208 ], [ -0.000039985011546, 51.61549653006292 ], [ -0.000028701055819, 51.615465700367139 ], [ -0.000002100036172, 51.615392938456942 ], [ 0.000014275774664, 51.615348146572011 ], [ 0.000028603048972, 51.615309000906713 ], [ 0.000042026579871, 51.615272298611664 ], [ 0.000069878546356, 51.615196125185903 ], [ 0.00010116097997, 51.61511058605808 ], [ 0.000124694117593, 51.615046248389319 ], [ 0.000165376306932, 51.614935001368913 ], [ 0.000175214065314, 51.614912352492311 ], [ 0.000176513043742, 51.614909371826322 ], [ 0.000204727283465, 51.614844405855486 ], [ 0.000212485004492, 51.61479481481966 ], [ 0.000216000738972, 51.61477227361808 ], [ 0.000217973985373, 51.614759659462045 ], [ 0.000221131335552, 51.614739480406499 ], [ 0.000226089051645, 51.614673183980294 ], [ 0.000224626233101, 51.614639909565867 ], [ 0.000224113871993, 51.614628254984289 ], [ 0.000209925168101, 51.614576573804264 ], [ 0.000206914968552, 51.614565600237675 ], [ 0.000195444117626, 51.614523827492278 ], [ 0.00018910795028, 51.614493842820409 ], [ 0.000170070575206, 51.614464477350239 ], [ 0.000118452816818, 51.61438543993949 ], [ 0.000113063155668, 51.614377182176383 ], [ 0.000102727283309, 51.614361553853186 ], [ 0.000061240711112, 51.614311227864967 ], [ 0.000044999399247, 51.614294994205586 ], [ 0.000042536720234, 51.614292531730726 ], [ -0.000016570852826, 51.614233355941451 ], [ -0.000028492152565, 51.61422141906619 ], [ -0.00003453573941, 51.614215371108017 ], [ -0.000077583197665, 51.614172247701866 ], [ -0.000127523194307, 51.614127748907642 ], [ -0.000136618047526, 51.61411964865885 ], [ -0.00015067462099, 51.614107109669078 ], [ -0.000169586342538, 51.614090256017271 ], [ -0.000212461215316, 51.614052039551289 ], [ -0.00021665561695, 51.614048298150735 ], [ -0.000234459757629, 51.614036596330237 ], [ -0.000239324847423, 51.614033369932002 ], [ -0.000262930228259, 51.614017846159982 ], [ -0.000355671639056, 51.613956837494072 ], [ -0.000359078001482, 51.613954593413972 ], [ -0.000386699992992, 51.613936413283568 ], [ -0.000398272005619, 51.613928804826465 ], [ -0.000401440320191, 51.613926718557174 ], [ -0.000434193460678, 51.613905172663237 ], [ -0.000571860682682, 51.613826471690011 ], [ -0.000576758276691, 51.613823654992956 ], [ -0.000614879881109, 51.613801885725678 ], [ -0.000626303404742, 51.613795353823484 ], [ -0.000680754256303, 51.613764213592013 ], [ -0.00069423730906, 51.613756502759514 ], [ -0.000699496995648, 51.613753498883796 ], [ -0.000703245384525, 51.613751359536131 ], [ -0.000794736682052, 51.613699052031777 ], [ -0.000815286830012, 51.613687306961566 ], [ -0.000819613113263, 51.613684835733586 ], [ -0.000829776970637, 51.613679028747427 ], [ -0.00086718815949, 51.61365764298462 ], [ -0.000875025558859, 51.613653172243367 ], [ -0.000914393234286, 51.61363065074827 ], [ -0.000937876928032, 51.613617229037068 ], [ -0.000981466615257, 51.613592306455466 ], [ -0.000998651911732, 51.61358317485282 ], [ -0.001011045518782, 51.613576587492076 ], [ -0.001094206518211, 51.613532393104251 ], [ -0.001104914036584, 51.613526703262067 ], [ -0.001165195626632, 51.613494668415804 ], [ -0.001319240990369, 51.613412819318228 ], [ -0.001332979907411, 51.613405526432288 ], [ -0.001417161046493, 51.613360782677873 ], [ -0.001484481561653, 51.613325014198338 ], [ -0.001504047642915, 51.613314619136077 ], [ -0.0015440382206, 51.613293358016719 ], [ -0.001566236937523, 51.613281559955972 ], [ -0.00163624765058, 51.613244371885578 ], [ -0.00164856747373, 51.613237810347393 ], [ -0.001732997174045, 51.613192945821176 ], [ -0.001766227898012, 51.613175283933593 ], [ -0.001786776414258, 51.613164213389169 ], [ -0.001792117321944, 51.613161327823967 ], [ -0.001800238705003, 51.613156960883053 ], [ -0.00181822756492, 51.613147276551523 ], [ -0.00188397076149, 51.613111859554976 ], [ -0.001894297086202, 51.613106289189552 ], [ -0.001923277489237, 51.613090686103291 ], [ -0.001953885345594, 51.613074202479659 ], [ -0.001981504736631, 51.613059331573794 ], [ -0.001986638429864, 51.613056559373881 ], [ -0.002031211409388, 51.613032552995769 ], [ -0.002038770684624, 51.613028486708487 ], [ -0.002045886318461, 51.613024655664255 ], [ -0.002084349706129, 51.613003935409161 ], [ -0.002089646094342, 51.613001076049954 ], [ -0.002146616335728, 51.612970383466077 ], [ -0.00218033029259, 51.612952235101673 ], [ -0.002193481478721, 51.612945157103795 ], [ -0.002256265724546, 51.612911326155732 ], [ -0.002277805400876, 51.612899058412175 ], [ -0.002296304360727, 51.612888508620401 ], [ -0.002347685308457, 51.612859215332229 ], [ -0.002359833080442, 51.612852291089958 ], [ -0.002458273868176, 51.612796190140429 ], [ -0.002468540117436, 51.612790339934058 ], [ -0.002522923378208, 51.612759342343608 ], [ -0.00253145479325, 51.612750567008646 ], [ -0.002539820343796, 51.61274195071465 ], [ -0.002587667234726, 51.612692703920445 ], [ -0.00259780265723, 51.61268226529382 ], [ -0.002613927835756, 51.612665673439039 ], [ -0.002631883306351, 51.612647199132333 ], [ -0.002664739233366, 51.612613380057198 ], [ -0.002703555585057, 51.612573745360173 ], [ -0.002732330603259, 51.612544380033263 ], [ -0.002735701747042, 51.612540957314806 ], [ -0.002738740776346, 51.612537861665949 ], [ -0.002756477758979, 51.612519755911137 ], [ -0.002796094777147, 51.612479316493776 ], [ -0.002798896662323, 51.61247372588052 ], [ -0.002807766613373, 51.612455918811747 ], [ -0.002830281146112, 51.612410736975974 ], [ -0.002831541738601, 51.612408177581607 ], [ -0.002861656566724, 51.612347755102569 ], [ -0.002876284845232, 51.612318402534811 ], [ -0.002880089222114, 51.612307082766655 ], [ -0.002909885808071, 51.612218564043353 ], [ -0.002910800283741, 51.612215827899163 ], [ -0.00292403954321, 51.612176459201606 ], [ -0.002925725153009, 51.612143647230901 ], [ -0.002928250683766, 51.612094330307777 ], [ -0.002929418247239, 51.612071347329547 ], [ -0.002930332546532, 51.612053476781014 ], [ -0.002929156352025, 51.612048025283023 ], [ -0.002924576893083, 51.612026819426077 ], [ -0.0029216776568, 51.612013402707035 ], [ -0.002911084439769, 51.611964509954021 ], [ -0.002909728043361, 51.611958228077256 ], [ -0.002899664978726, 51.611911736355097 ], [ -0.00289506724856, 51.611890453749091 ], [ -0.00287987255344, 51.611855906663827 ], [ -0.002876943965532, 51.611849247318197 ], [ -0.002873949525837, 51.611842442971394 ], [ -0.002843223938057, 51.611772619172513 ], [ -0.002801323053016, 51.611677372146382 ], [ -0.00279452025459, 51.611661906128425 ], [ -0.00278984530985, 51.611651269340321 ], [ -0.002731593494755, 51.611518870155827 ], [ -0.002720266813804, 51.611493111629009 ], [ -0.002708460296293, 51.611466274823648 ], [ -0.002706122842944, 51.611460956427997 ], [ -0.0026497563763, 51.6113328337578 ], [ -0.002637382593244, 51.611304773298187 ], [ -0.002618263870717, 51.611261247792484 ], [ -0.002614048778643, 51.611251652963887 ], [ -0.002606956989181, 51.611235534552904 ], [ -0.002601046971096, 51.611222107036319 ], [ -0.002588911334244, 51.61119454521333 ], [ -0.002577381617415, 51.611168315603635 ], [ -0.002576292202368, 51.611165824116057 ], [ -0.00255196997644, 51.611110546722635 ], [ -0.002546352891619, 51.611090775473748 ], [ -0.002540023612252, 51.61106847419574 ], [ -0.002536695809948, 51.611056763242914 ], [ -0.002520711058045, 51.611000413789078 ], [ -0.002516796063619, 51.610986615567931 ], [ -0.00251527080648, 51.610981221069736 ], [ -0.002472861358005, 51.610831785342704 ], [ -0.002458245065976, 51.610780292652692 ], [ -0.002451483632591, 51.610756486757303 ], [ -0.002449164027263, 51.610748295550643 ], [ -0.002446612335857, 51.610739304555018 ], [ -0.002440169431231, 51.610716632642479 ], [ -0.002416933785777, 51.610661616512594 ], [ -0.002411216638282, 51.610648075365724 ], [ -0.002397256499809, 51.610615032992193 ], [ -0.002392991832648, 51.61060492473684 ], [ -0.002354567007959, 51.610513940709055 ], [ -0.002351295850276, 51.610506205406395 ], [ -0.002340855912558, 51.610481478088985 ], [ -0.002322630445768, 51.610438345421336 ], [ -0.002317345035982, 51.610425827774336 ], [ -0.002294227334911, 51.610371092392754 ], [ -0.002287267414808, 51.610354607511383 ], [ -0.002387548584217, 51.610330488367488 ], [ -0.002391310572839, 51.610329476911588 ], [ -0.002434857755906, 51.610319099960229 ], [ -0.003701458739738, 51.61001439945565 ], [ -0.004057394863506, 51.609928773474081 ], [ -0.004083499641088, 51.609922493838944 ], [ -0.004625533091166, 51.609792095273484 ], [ -0.004977266360389, 51.609707477734332 ], [ -0.005275972064677, 51.609635615479156 ], [ -0.005350224688542, 51.609605889599251 ], [ -0.005370585011482, 51.60959773779873 ], [ -0.005373358154601, 51.609593450549546 ], [ -0.005400613024532, 51.609551235399039 ], [ -0.005403496637337, 51.609546734206738 ], [ -0.005401112038485, 51.609539850364918 ], [ -0.005391911714188, 51.609513498763725 ], [ -0.005382030011293, 51.609485229165003 ], [ -0.00537624083992, 51.609468701423495 ], [ -0.005138976634484, 51.609084581028661 ], [ -0.004993846171322, 51.608849647884185 ], [ -0.004990218935523, 51.608843768050967 ], [ -0.005095952600091, 51.608817707217959 ], [ -0.005206986026226, 51.608790333684674 ], [ -0.005286161906103, 51.60877081736421 ], [ -0.005296104772639, 51.608768360615699 ], [ -0.005464793156452, 51.608726778820881 ], [ -0.005596193196481, 51.608694382676099 ], [ -0.005621013022438, 51.608688267082066 ], [ -0.005758603073314, 51.608654348351692 ], [ -0.006058629074093, 51.608580377195608 ], [ -0.006072993939997, 51.608576835511023 ], [ -0.006108242508614, 51.608568145367023 ], [ -0.006169614576518, 51.608559909927195 ], [ -0.006203895659201, 51.608625820468149 ], [ -0.006615462806797, 51.608549507839264 ], [ -0.006759931851561, 51.608522718902883 ], [ -0.006716891958242, 51.60844193738523 ], [ -0.006698207453992, 51.608406882320438 ], [ -0.006745115307603, 51.608399339664182 ], [ -0.00675116441595, 51.608398366937266 ], [ -0.006765461904258, 51.608396064976986 ], [ -0.006852663907247, 51.60838204794576 ], [ -0.007048703532383, 51.608350518956968 ], [ -0.007070084190729, 51.608347078337381 ], [ -0.007128364243356, 51.608337709001098 ], [ -0.007267191918346, 51.608315391781161 ], [ -0.007282070943278, 51.608313000719562 ], [ -0.007346910634144, 51.608302573672525 ], [ -0.007352655898491, 51.608301646112359 ], [ -0.007606327633655, 51.608260848137057 ], [ -0.007606542991713, 51.608228533123764 ], [ -0.00760655690356, 51.608225574861798 ], [ -0.007608270105584, 51.607968925004052 ], [ -0.007761537579007, 51.607967094317111 ], [ -0.007779411605523, 51.607966885248132 ], [ -0.008005605846493, 51.607964197268913 ], [ -0.008027988962458, 51.608258044057912 ], [ -0.00803362011967, 51.608319144058918 ], [ -0.008034186284714, 51.608325349430096 ], [ -0.008034541886348, 51.608329105295411 ], [ -0.008045677482796, 51.60833173128654 ], [ -0.008053165818163, 51.608333710850808 ], [ -0.008037685642556, 51.608363212862351 ], [ -0.008046752796056, 51.608461644665475 ], [ -0.008051562113825, 51.60851380126352 ], [ -0.008057895883272, 51.608582610676301 ], [ -0.008060452496199, 51.608610332665883 ], [ -0.00807228846333, 51.608617583640466 ], [ -0.008323832857822, 51.60860975904275 ], [ -0.008655905350006, 51.608600495025087 ], [ -0.008585046497124, 51.608294846011646 ], [ -0.008594079382295, 51.608288093167324 ], [ -0.008619487920686, 51.608269163796209 ], [ -0.008729811708935, 51.608254966802058 ], [ -0.00875034867903, 51.60825232087678 ], [ -0.008765173136312, 51.608243580075836 ], [ -0.008989626918261, 51.608236796069335 ], [ -0.00899888231417, 51.60823651249909 ], [ -0.009100892525011, 51.608233423563789 ], [ -0.009104871713848, 51.608267599213534 ], [ -0.009107662968259, 51.608291620283914 ], [ -0.009113933243584, 51.608345402245504 ], [ -0.009121066221594, 51.608421401050933 ], [ -0.00912638426425, 51.608478134340594 ], [ -0.009166161214107, 51.608652128550268 ], [ -0.009276718896282, 51.608643168561947 ], [ -0.009507472010001, 51.608624476568835 ], [ -0.009514443463111, 51.608623911415407 ], [ -0.00959369443545, 51.608617495418336 ], [ -0.009716600318617, 51.608607539512796 ], [ -0.009816223903978, 51.608604220612342 ], [ -0.009999879223208, 51.608598109444742 ], [ -0.010013387785011, 51.608597664126329 ], [ -0.010048996517121, 51.608596478572252 ], [ -0.01013443125562, 51.608593638149294 ], [ -0.010140129869415, 51.608593447037343 ], [ -0.010263155162327, 51.608589346629614 ], [ -0.010267754618208, 51.608589190826052 ], [ -0.010389289512152, 51.608585154935945 ], [ -0.010441178924111, 51.60858321121173 ], [ -0.010526021631765, 51.608580036740115 ], [ -0.010576738934286, 51.608578145020999 ], [ -0.010652496994015, 51.608575311003918 ], [ -0.010659122366925, 51.608575063640913 ], [ -0.010797344423911, 51.608569889460426 ], [ -0.010812793872336, 51.608569315092581 ], [ -0.010852980225769, 51.608567811237407 ], [ -0.011033167993895, 51.608561064160391 ], [ -0.011109186168194, 51.608558225266663 ], [ -0.011127196281804, 51.608557550385349 ], [ -0.011134226912553, 51.608557282887929 ], [ -0.011201175274894, 51.608554775782586 ], [ -0.011246540283591, 51.608553080808655 ], [ -0.011295680961445, 51.608551242987978 ], [ -0.011312852075958, 51.608550598819598 ], [ -0.01143197878912, 51.608546143357003 ], [ -0.011445446387271, 51.608545643225838 ], [ -0.011511295173715, 51.608543180255154 ], [ -0.011541109709376, 51.608542057915095 ], [ -0.011631593953105, 51.60853867251538 ], [ -0.011716436917211, 51.608535488198584 ], [ -0.011778162474874, 51.608533189008973 ], [ -0.011915588624396, 51.608528044991694 ], [ -0.011975520725217, 51.608525805233882 ], [ -0.012116621092493, 51.608520525404387 ], [ -0.012149574319866, 51.608519294224614 ], [ -0.01217665459054, 51.608518278269798 ], [ -0.012228051149662, 51.608521334160663 ], [ -0.012406297689095, 51.608531916366992 ], [ -0.012553890759664, 51.608540675181558 ], [ -0.012590191302188, 51.608542827754341 ], [ -0.012598344287221, 51.60854331655473 ], [ -0.012636085248077, 51.608545556458047 ], [ -0.012838474638794, 51.608557572061216 ], [ -0.012854953799412, 51.608558552559813 ], [ -0.012873694800392, 51.608559661286165 ], [ -0.012852228776079, 51.608764584550869 ], [ -0.012849599639347, 51.608789745636372 ], [ -0.012840812720666, 51.60887357716674 ], [ -0.012838802851296, 51.608892814077684 ], [ -0.012850252853802, 51.608929589532266 ], [ -0.012860259346782, 51.608961718387448 ], [ -0.012864502247906, 51.608975350951951 ], [ -0.012867022186927, 51.608983459912018 ], [ -0.012886400753703, 51.609045710535931 ], [ -0.012899756269438, 51.609067293935773 ], [ -0.012945392405634, 51.609141094989262 ], [ -0.012972440810295, 51.609184807036925 ], [ -0.012981465531249, 51.609199401843419 ], [ -0.013038074753434, 51.609199191486155 ], [ -0.013158082813605, 51.609198732789807 ], [ -0.013185051306634, 51.609198631924521 ], [ -0.013190590186739, 51.609213347537775 ], [ -0.013192065533167, 51.609217266277156 ], [ -0.013193204885936, 51.609220280076045 ], [ -0.013203323380422, 51.609247204132586 ], [ -0.013210778869819, 51.609266979012183 ], [ -0.013217196340305, 51.609284065538858 ], [ -0.013230900931632, 51.609320483459243 ], [ -0.013244127275255, 51.609355616343258 ], [ -0.013246198231516, 51.609361109863926 ], [ -0.013276246795193, 51.609440977566464 ], [ -0.013280939590413, 51.609457706659249 ], [ -0.013296782588394, 51.609514119654406 ], [ -0.013306043507029, 51.609547126101141 ], [ -0.01331390501185, 51.609575135993964 ], [ -0.013317754121831, 51.609588860789927 ], [ -0.013318965316625, 51.609593206695209 ], [ -0.013357810933592, 51.609734246494462 ], [ -0.013311722239414, 51.60976142383042 ], [ -0.013308297827996, 51.609763443117068 ], [ -0.013298360597524, 51.609745595583497 ], [ -0.013296038280356, 51.609742220040225 ], [ -0.013266034853514, 51.609712917992198 ], [ -0.013263513771747, 51.609710456318588 ], [ -0.013199727013882, 51.6096319147454 ], [ -0.013194162685125, 51.60962505815619 ], [ -0.013152604044696, 51.609637132782233 ], [ -0.013106736151558, 51.609647344911416 ], [ -0.013005112766991, 51.609678554548296 ], [ -0.01262977397583, 51.609899878994838 ], [ -0.012621656410486, 51.609903203615147 ], [ -0.012611156033582, 51.609897594282344 ], [ -0.012551186901172, 51.609863935687748 ], [ -0.012508381163848, 51.609835774458546 ], [ -0.012498511519591, 51.609834573136823 ], [ -0.012434788814497, 51.609798899524669 ], [ -0.012418998842924, 51.609790066680354 ], [ -0.012425888342871, 51.609767904443771 ], [ -0.012081019252027, 51.609615007405885 ], [ -0.0120714984368, 51.609610781482061 ], [ -0.012048599477636, 51.609578883750054 ], [ -0.012043688082426, 51.609576921101379 ], [ -0.011957922619721, 51.609542663261642 ], [ -0.011946353773042, 51.609538042925628 ], [ -0.011877249611507, 51.609495317619434 ], [ -0.011867349856838, 51.609489187838079 ], [ -0.011778228725943, 51.609453398233164 ], [ -0.0117512928959, 51.609445145286372 ], [ -0.01173101234163, 51.60943893850196 ], [ -0.011710598931715, 51.609429492158725 ], [ -0.011701468241943, 51.609425263822978 ], [ -0.011688985700494, 51.60941742664393 ], [ -0.011677874539638, 51.609410431021701 ], [ -0.011653276711217, 51.609408332579903 ], [ -0.011637797415902, 51.60940726992694 ], [ -0.011572528735807, 51.609406343680753 ], [ -0.011567649985247, 51.60940627898502 ], [ -0.011459797590641, 51.609419396699636 ], [ -0.011451274260116, 51.609420439256894 ], [ -0.011428986677241, 51.609423145953293 ], [ -0.011393872016643, 51.609423917675286 ], [ -0.011385381572011, 51.609424538137134 ], [ -0.011381136153272, 51.609424852860755 ], [ -0.011325782139672, 51.609422772618693 ], [ -0.011291563922376, 51.609423190811107 ], [ -0.011233979553004, 51.609423896370842 ], [ -0.011216841383871, 51.609424109458566 ], [ -0.011177831336487, 51.609429248396644 ], [ -0.01106001233182, 51.609438590808054 ], [ -0.011045230834012, 51.609441719624883 ], [ -0.010997714265184, 51.609448011023936 ], [ -0.010896695706857, 51.609454787445287 ], [ -0.010889061836695, 51.609455305489988 ], [ -0.010879429299648, 51.609455951515997 ], [ -0.010834902781828, 51.60945628474326 ], [ -0.010767686921007, 51.609461080245516 ], [ -0.01074839021625, 51.609459296301566 ], [ -0.010703410278844, 51.609455134528268 ], [ -0.010685050479023, 51.609456531822758 ], [ -0.010546112523398, 51.609467116319109 ], [ -0.010538534018203, 51.609467689234826 ], [ -0.010502499420546, 51.609467698713267 ], [ -0.010475592829983, 51.609467701094339 ], [ -0.010459944974076, 51.609466860240502 ], [ -0.010455147022335, 51.60946659903334 ], [ -0.010397349246124, 51.609503234641359 ], [ -0.010349296071963, 51.60953368675235 ], [ -0.010341161069449, 51.609540050388688 ], [ -0.010329451168229, 51.609551542081867 ], [ -0.010320743648151, 51.609560099173628 ], [ -0.010317192561745, 51.609562700738621 ], [ -0.010293810458305, 51.609579866603156 ], [ -0.010251629392847, 51.609604177450123 ], [ -0.010246029150485, 51.609607400716015 ], [ -0.010203227104325, 51.609642608931679 ], [ -0.010198707813479, 51.609644231874782 ], [ -0.010095985463068, 51.609681040681238 ], [ -0.010082560205085, 51.609685848799252 ], [ -0.009969898437831, 51.609922028264457 ], [ -0.009856766580548, 51.609925545385586 ], [ -0.009845402594836, 51.609925820243312 ], [ -0.009833875188676, 51.609952287514581 ], [ -0.009798159494021, 51.61003432288598 ], [ -0.009796259832093, 51.610099387454653 ], [ -0.009796096822434, 51.610106416833666 ], [ -0.009812867958703, 51.610154559453505 ], [ -0.009816101619817, 51.610163840619656 ], [ -0.009849687448113, 51.610215541717459 ], [ -0.009860518538054, 51.610226462489329 ], [ -0.009879830240058, 51.610245908124526 ], [ -0.010140189082579, 51.610436846562671 ], [ -0.010145101523461, 51.610440436952949 ], [ -0.010280577929883, 51.610562595617147 ], [ -0.01032740016036, 51.610615483232827 ], [ -0.010433391120528, 51.610735190332655 ], [ -0.010436275923085, 51.610739240916359 ], [ -0.010493915528628, 51.61082022464003 ], [ -0.010568060702306, 51.610924401110488 ], [ -0.01062896579412, 51.610968364014326 ], [ -0.010778013196131, 51.611083773991396 ], [ -0.010845998686151, 51.611139565065912 ], [ -0.01086393956255, 51.611154374136248 ], [ -0.010660439137482, 51.611335351392768 ], [ -0.010621150750396, 51.611348965367661 ], [ -0.01040655564805, 51.611412689589599 ], [ -0.010384605584792, 51.611419214637877 ], [ -0.009650945841377, 51.611199404354849 ], [ -0.009632846291906, 51.611192523799922 ], [ -0.009292501976377, 51.611062940996156 ], [ -0.009266602509804, 51.611051126046746 ], [ -0.009065197237674, 51.610959285348194 ], [ -0.009063400887998, 51.611000341649252 ], [ -0.009076260581816, 51.611036529899629 ], [ -0.009071249626032, 51.611088007929041 ], [ -0.009069462246023, 51.611106412247203 ], [ -0.009059131063228, 51.611212474464729 ], [ -0.009050033303104, 51.611305860184402 ], [ -0.009044601460418, 51.611361674451544 ], [ -0.009043476428635, 51.611373192752232 ], [ -0.009036477594223, 51.61144501407481 ], [ -0.009025331210749, 51.611559470448768 ], [ -0.009017538004747, 51.611639542405733 ], [ -0.009012367565283, 51.611692681336578 ], [ -0.009004207508024, 51.611776514927861 ], [ -0.008997577693684, 51.611844520689417 ], [ -0.008997500477392, 51.611875993163174 ], [ -0.008997207572509, 51.611987324454674 ], [ -0.008997149377209, 51.612007799411394 ], [ -0.008997034238884, 51.61205301179541 ], [ -0.008996670502668, 51.612195339061564 ], [ -0.00899549643476, 51.612222170771652 ], [ -0.008993530476418, 51.612267099957698 ], [ -0.008969537918934, 51.612247340949473 ], [ -0.008937765598274, 51.612221191132697 ], [ -0.008866388489747, 51.612201994871093 ], [ -0.008832639546474, 51.612197582347434 ], [ -0.008550442202963, 51.612160662819612 ], [ -0.008392836236581, 51.612131612694597 ], [ -0.008351430294386, 51.612203803148205 ], [ -0.008014332641609, 51.612362886387764 ], [ -0.008006605054483, 51.612366523056437 ], [ -0.007998249531833, 51.612370976374841 ], [ -0.007972814342678, 51.612387477446639 ], [ -0.00792554853873, 51.612414353925388 ], [ -0.007887669941793, 51.612432676021989 ], [ -0.007867321419655, 51.612442519051328 ], [ -0.007817136347346, 51.612466792049183 ], [ -0.007792368362662, 51.612477288421417 ], [ -0.007764539332857, 51.612489081690505 ], [ -0.007691475495032, 51.612523253598347 ], [ -0.007586235045279, 51.612579441287302 ], [ -0.007576784659457, 51.612584487474841 ], [ -0.007546215447641, 51.612600802356617 ], [ -0.007534123107035, 51.61260878919051 ], [ -0.007519844212701, 51.612618222656614 ], [ -0.007501888431519, 51.612632791352567 ], [ -0.007488350460042, 51.612642785939947 ], [ -0.007462293286481, 51.61265995977007 ], [ -0.0073994404126, 51.612701390995504 ], [ -0.007395909124869, 51.612704190643832 ], [ -0.007388915228144, 51.612709211089609 ], [ -0.007307566317334, 51.612763030075982 ], [ -0.007278955207019, 51.612783110034833 ], [ -0.007250895403866, 51.612802803679486 ], [ -0.007187910286218, 51.612861426224832 ], [ -0.007153820155699, 51.612893157314154 ], [ -0.007120906792531, 51.612926050429436 ], [ -0.007114010258773, 51.612931814394656 ], [ -0.007102742605872, 51.612941249496771 ], [ -0.007047996281364, 51.613000223226003 ], [ -0.007032378211697, 51.613016153456179 ], [ -0.006941525317503, 51.61310886073263 ], [ -0.006914233678509, 51.613138378173304 ], [ -0.006856117361578, 51.613201237784104 ], [ -0.008928883231104, 51.613111055967373 ], [ -0.008954642367831, 51.613109928383224 ], [ -0.008955389883092, 51.613138726086163 ], [ -0.009030645929158, 51.613135326984676 ], [ -0.009037404618467, 51.613135019021101 ], [ -0.009025391044812, 51.613158042817538 ], [ -0.009021449754338, 51.61316559259393 ], [ -0.009025762727435, 51.613168363531045 ], [ -0.009396780880204, 51.613407006970554 ], [ -0.009405027838391, 51.613412299589122 ], [ -0.009450803691237, 51.613420144288995 ], [ -0.009463633248948, 51.613426998410105 ], [ -0.009547457422023, 51.613471746334454 ], [ -0.009553850565159, 51.613475173022792 ], [ -0.009594882791821, 51.613502473416865 ], [ -0.009673343764742, 51.613497307285485 ], [ -0.009700561167814, 51.613492895030703 ], [ -0.009738568710083, 51.61348681783641 ], [ -0.009745806295043, 51.61348645950374 ], [ -0.009770972816197, 51.613487327016536 ], [ -0.009795836636126, 51.613488180397027 ], [ -0.009947278002813, 51.613478321387412 ], [ -0.009959046356815, 51.613476416738642 ], [ -0.010000166764293, 51.613474461364788 ], [ -0.010032240280564, 51.613474933392141 ], [ -0.010050055101737, 51.613473814711966 ], [ -0.01012990229386, 51.613468820161771 ], [ -0.010140076315585, 51.613467041329088 ], [ -0.010246854750058, 51.613448322239229 ], [ -0.010260029546811, 51.613447614932937 ], [ -0.010276162810505, 51.613447955962563 ], [ -0.010297915920937, 51.613445627093526 ], [ -0.010390240327279, 51.613435727213307 ], [ -0.010398715232121, 51.613434818797259 ], [ -0.010426676683123, 51.613434528566451 ], [ -0.010437081090125, 51.613434417228312 ], [ -0.010581405330947, 51.613421163447427 ], [ -0.010588193550191, 51.613421336994158 ], [ -0.010586164761927, 51.613823676779788 ], [ -0.010600937624589, 51.61382309095157 ], [ -0.01060527334355, 51.613842192606008 ], [ -0.010607972148241, 51.613854135449301 ], [ -0.010668636266548, 51.614121728833382 ], [ -0.010669451509166, 51.614124390948156 ], [ -0.010681629847317, 51.614130456041117 ], [ -0.010686042039826, 51.614129640588573 ], [ -0.010877969567883, 51.614094064780772 ], [ -0.010885199188088, 51.61409389058884 ], [ -0.011052699859582, 51.614089909218102 ], [ -0.011168164971478, 51.614104289570591 ], [ -0.011172404531806, 51.614105440532271 ], [ -0.011180396494774, 51.614109469751291 ], [ -0.011393068705729, 51.61421673995526 ], [ -0.011404982308356, 51.614222751026944 ], [ -0.011534927714864, 51.614275805897428 ], [ -0.011538347642379, 51.614277203738069 ], [ -0.011546538344588, 51.614280157199254 ], [ -0.011604072297508, 51.614296608307377 ], [ -0.011651425720073, 51.614307383455532 ], [ -0.011685621200776, 51.614315170419466 ], [ -0.011721590742875, 51.614325990932031 ], [ -0.01178476829635, 51.614345181380116 ], [ -0.011791793752577, 51.614348357876715 ], [ -0.011793544841552, 51.614352578055538 ], [ -0.011811250272694, 51.614408838422627 ], [ -0.01181462424597, 51.614419551710711 ], [ -0.011821566120018, 51.614488435016639 ], [ -0.01191760060967, 51.614531841410383 ], [ -0.011946566933098, 51.614544930701776 ], [ -0.011971334233006, 51.614559576484105 ], [ -0.012103735695885, 51.614637779399253 ], [ -0.012117492222213, 51.614646906049181 ], [ -0.012135907972688, 51.614659151099609 ], [ -0.012151714482223, 51.614669625381424 ], [ -0.012186091618553, 51.614692437252351 ], [ -0.012199198173181, 51.61470123364716 ], [ -0.012201812056912, 51.614703890251967 ], [ -0.012210982204452, 51.614713190981625 ], [ -0.012315613934302, 51.614819366484753 ], [ -0.012318673045458, 51.614823734708516 ], [ -0.012321011147622, 51.614827083557728 ], [ -0.012324410684612, 51.614831925158384 ], [ -0.012347025739284, 51.614878979351559 ], [ -0.01235058802958, 51.61488637757931 ], [ -0.012356361301057, 51.61489838145242 ], [ -0.012363515044615, 51.614927719278697 ], [ -0.012367737754514, 51.614945128356645 ], [ -0.01237068189984, 51.614978909108707 ], [ -0.012370261468124, 51.614984234540934 ], [ -0.01236969693609, 51.61499153588278 ], [ -0.012365380910849, 51.615046685730505 ], [ -0.012464806177818, 51.615083269840653 ], [ -0.012573271856182, 51.615110969528033 ], [ -0.012671841434529, 51.615121847387677 ], [ -0.012707414494658, 51.615122584778895 ], [ -0.012821666224963, 51.61510975410723 ], [ -0.012999896554357, 51.615066056422407 ], [ -0.013015212861669, 51.615062296145858 ], [ -0.013025034192679, 51.615067606174229 ], [ -0.01304117737708, 51.615076332497594 ], [ -0.01304621157754, 51.615076489687077 ], [ -0.013070638551344, 51.615170713115418 ], [ -0.013121679524964, 51.615334224807626 ], [ -0.013113313901089, 51.615335270159356 ], [ -0.013119162525734, 51.615357792000125 ], [ -0.01312801946983, 51.615357568789065 ], [ -0.013130460071786, 51.615362376142528 ], [ -0.013135925573901, 51.615363242046556 ], [ -0.01319192188909, 51.615769684609695 ], [ -0.013186034279632, 51.615771702650257 ], [ -0.01317630198402, 51.615772949677655 ], [ -0.01316114107334, 51.61577380802909 ], [ -0.01307145826006, 51.615784977815132 ], [ -0.012976085581833, 51.615804054503677 ], [ -0.012964313170806, 51.61580620668142 ], [ -0.012901660293354, 51.615804214934606 ], [ -0.012878693130083, 51.615805876268944 ], [ -0.012808000110817, 51.615815829734565 ], [ -0.012763207011115, 51.615825763194046 ], [ -0.012755622503932, 51.615827442232444 ], [ -0.012717422897309, 51.615833251876488 ], [ -0.012712367027274, 51.615833588893793 ], [ -0.012647614060659, 51.615837842704906 ], [ -0.012599826163387, 51.61584738815931 ], [ -0.01250958464451, 51.615859271949837 ], [ -0.012502567543967, 51.615860196220304 ], [ -0.012436951905113, 51.615863365195139 ], [ -0.012429294398443, 51.615863739063208 ], [ -0.012409417718949, 51.615870704277214 ], [ -0.012377455436429, 51.61587657450464 ], [ -0.012359961319321, 51.615878598224178 ], [ -0.012260033019726, 51.615890187339069 ], [ -0.012211731400323, 51.61589908996163 ], [ -0.012108968386035, 51.615918031753971 ], [ -0.012086052365986, 51.615924801540963 ], [ -0.012076493610018, 51.615926042424931 ], [ -0.012051503402569, 51.61593135624851 ], [ -0.011945777822643, 51.615965202235977 ], [ -0.011930161564356, 51.615970198256896 ], [ -0.011907325110879, 51.615975476601932 ], [ -0.011897125464871, 51.615977830675028 ], [ -0.011893024675224, 51.615979119059972 ], [ -0.011784827756433, 51.616002743516773 ], [ -0.01176070881185, 51.616007950643144 ], [ -0.011710436918319, 51.616021608181143 ], [ -0.011698375771818, 51.616024910875979 ], [ -0.011691517307501, 51.616026170508817 ], [ -0.011627384396233, 51.616043329513111 ], [ -0.011618485054533, 51.616046667794848 ], [ -0.011600663387031, 51.61605188718147 ], [ -0.011582973584649, 51.616057063837509 ], [ -0.011571311857264, 51.61606048119809 ], [ -0.01152229088508, 51.616066997326591 ], [ -0.011413954344335, 51.616090502173805 ], [ -0.011403206551571, 51.616092837921713 ], [ -0.011397072222119, 51.616093723132408 ], [ -0.011355059598996, 51.616103811089438 ], [ -0.011266443840363, 51.616117641379397 ], [ -0.011239409489787, 51.616127416635223 ], [ -0.011195673136531, 51.616143230520713 ], [ -0.01118067283128, 51.616148506657566 ], [ -0.011150046920103, 51.616154363232887 ], [ -0.011074246938513, 51.616174390620401 ], [ -0.011035668115499, 51.616181263398097 ], [ -0.010940065840283, 51.616198284253841 ], [ -0.010927761950626, 51.616202841705132 ], [ -0.010900702968751, 51.616217472416963 ], [ -0.010890997374293, 51.616222730363965 ], [ -0.0108853550376, 51.616224586086162 ], [ -0.010848504862356, 51.616236685773586 ], [ -0.01075143144008, 51.616261415088367 ], [ -0.010746345835844, 51.616263091399908 ], [ -0.010726194593341, 51.616269718952495 ], [ -0.010713952061993, 51.616272541868724 ], [ -0.010591918609226, 51.616292468532556 ], [ -0.010579072796046, 51.616294552813507 ], [ -0.01044179702608, 51.616305300324868 ], [ -0.010431776579611, 51.616305535078922 ], [ -0.010400602249733, 51.616306256433575 ], [ -0.010387211744793, 51.616304941283936 ], [ -0.010271039011443, 51.616293574165319 ], [ -0.010260646142626, 51.616297039890391 ], [ -0.010096176575213, 51.61635191067964 ], [ -0.009941762838663, 51.616403417737047 ], [ -0.009895192503774, 51.616418949269089 ], [ -0.009793150550977, 51.616431264801662 ], [ -0.00965178490486, 51.616448317703899 ], [ -0.009633807454751, 51.616450485691743 ], [ -0.009623284030126, 51.616450990612414 ], [ -0.009510281337981, 51.616456470014569 ], [ -0.009358759941431, 51.616463804738771 ], [ -0.009268561619328, 51.616462274456552 ], [ -0.009257736089122, 51.616462090788644 ], [ -0.009228940179328, 51.616461602227155 ], [ -0.008950089002293, 51.616456870774577 ], [ -0.008911304748599, 51.616456212643932 ], [ -0.008845254604997, 51.616455091808398 ], [ -0.008622638516292, 51.616451313858704 ], [ -0.008553402951701, 51.616450696332137 ], [ -0.008494635601813, 51.616450175506856 ], [ -0.008261659944377, 51.616448109466937 ], [ -0.008075048891683, 51.61644644339578 ], [ -0.008037839033074, 51.61644611744876 ], [ -0.008018534053909, 51.616445942586225 ], [ -0.007682708731482, 51.616442956603599 ], [ -0.007745466741877, 51.616345419384082 ], [ -0.007770423422451, 51.616320106575998 ], [ -0.007795930340729, 51.616298391114327 ], [ -0.008059323755377, 51.616074183506342 ], [ -0.008113265944597, 51.616011693091465 ], [ -0.008271628599716, 51.615816878970115 ], [ -0.008404631193242, 51.615653278811592 ], [ -0.008527787010355, 51.615491867413894 ], [ -0.0084764636883, 51.615389952030078 ], [ -0.007542676384217, 51.615097691994549 ], [ -0.007186812127775, 51.6149489464431 ], [ -0.007137916160885, 51.614931515815023 ], [ -0.007125784615442, 51.614927191198717 ], [ -0.006054054405581, 51.61454504766057 ], [ -0.005478209770067, 51.614759533672945 ], [ -0.005530526732597, 51.614825106089498 ], [ -0.005181918704476, 51.614889258497755 ], [ -0.004904384715564, 51.614940356281949 ], [ -0.004369367402454, 51.615089885761734 ], [ -0.004085450113864, 51.615169226428016 ], [ -0.004036729851651, 51.615192920236503 ], [ -0.004028287376802, 51.615197030079173 ], [ -0.004019062574726, 51.615201522283485 ], [ -0.003745986718351, 51.615334309185897 ], [ -0.003674606128515, 51.615555776241031 ], [ -0.00367009277308, 51.615569754742275 ], [ -0.003662384531538, 51.615593669562728 ], [ -0.003661243525837, 51.615598605021937 ], [ -0.003635055537689, 51.615712508195962 ], [ -0.00360883184168, 51.615826563627799 ], [ -0.003605442461417, 51.615831056168552 ], [ -0.003501486285142, 51.615968617287535 ], [ -0.003305013328123, 51.616495832045153 ], [ -0.003305670770514, 51.616517056558628 ], [ -0.003315654394079, 51.616841532240493 ], [ -0.003010565674233, 51.616779624444341 ], [ -0.003000271579411, 51.616777533839702 ], [ -0.002422087096424, 51.616729824516248 ], [ -0.00241430861357, 51.616728671441578 ], [ -0.002401894362789, 51.616726836946 ], [ -0.002382018196777, 51.616725851098586 ], [ -0.002366901030305, 51.616724056011414 ], [ -0.002339109049368, 51.616720768195485 ], [ -0.002331822479149, 51.616719268286161 ], [ -0.002209209301597, 51.61669389459972 ], [ -0.002127091226759, 51.616666737362436 ], [ -0.002119217715035, 51.61666413035995 ], [ -0.002042423890189, 51.61662822857955 ], [ -0.001940972611694, 51.616564704529807 ], [ -0.001793493518687, 51.616534064504968 ], [ -0.001782759043673, 51.616518981110502 ], [ -0.001682374696202, 51.616420984234949 ], [ -0.001597810003505, 51.616385089224231 ], [ -0.001590123994713, 51.616381829048017 ], [ -0.001561475343254, 51.61637633273822 ], [ -0.001537489008851, 51.616373874291902 ], [ -0.001429880946421, 51.616362852814589 ] ] ] } },
{ "type": "Feature", "properties": { "lsoa21cd": "E01004468", "lsoa21nm": "Waltham Forest 015E", "msoa21cd": "E02000909", "msoa21nm": "Waltham Forest 015", "lad22cd": "E09000031", "lad22nm": "Waltham Forest", "index_right": 343, "GSS_CODE": "E05000597", "risk_score": 7.1935135987478311, "allocation_hours": 105.87997684826422, "patrol_units": 53 }, "geometry": { "type": "Polygon", "coordinates": [ [ [ 0.012109118959196, 51.591787582951326 ], [ 0.01218009603977, 51.591605231728941 ], [ 0.012181456842584, 51.591601719338541 ], [ 0.012185011655537, 51.591592638991997 ], [ 0.012218398326836, 51.591541007368008 ], [ 0.012240083563331, 51.591507516324214 ], [ 0.012291422875476, 51.591428104894092 ], [ 0.012312344336428, 51.591400696787801 ], [ 0.012314458942127, 51.59139790883119 ], [ 0.012336007860916, 51.591369671645957 ], [ 0.012347034310547, 51.591355211513097 ], [ 0.012383553327765, 51.591307338834483 ], [ 0.012413398537016, 51.591268204370344 ], [ 0.01240664956284, 51.591241558946251 ], [ 0.012405444322815, 51.591236822674496 ], [ 0.012390522759729, 51.591177936034562 ], [ 0.012345566310808, 51.591000524035458 ], [ 0.012342557085861, 51.59098860685274 ], [ 0.012338656647244, 51.59097317996104 ], [ 0.012338011425016, 51.590970664182045 ], [ 0.012342676539461, 51.590957958835048 ], [ 0.012386992476312, 51.590837527843362 ], [ 0.012390642111947, 51.590827654533179 ], [ 0.012394972993556, 51.590815881133722 ], [ 0.01241616358808, 51.590758281025181 ], [ 0.012439871949271, 51.590667788596768 ], [ 0.012445591713786, 51.590645946886596 ], [ 0.012470670303217, 51.590550197374675 ], [ 0.012473708794291, 51.590538581040825 ], [ 0.012490573738362, 51.590474238954052 ], [ 0.012494848074271, 51.590457916384977 ], [ 0.012518075666935, 51.590369293605256 ], [ 0.012518704323931, 51.590356720483598 ], [ 0.012520711909096, 51.590299521573591 ], [ 0.012521232478717, 51.590285808277123 ], [ 0.012521593189888, 51.590275667692644 ], [ 0.012522039836143, 51.590264203755694 ], [ 0.012528294906035, 51.590098196283016 ], [ 0.012528829391037, 51.590083817312333 ], [ 0.012531709342824, 51.590007467676344 ], [ 0.012531826629336, 51.590004565625968 ], [ 0.012537186950436, 51.589862434740503 ], [ 0.012539274646131, 51.589807050907737 ], [ 0.012539806672048, 51.589802752417761 ], [ 0.012543978925772, 51.58976973277813 ], [ 0.012547486909241, 51.589741940111729 ], [ 0.012550446781119, 51.589718572104381 ], [ 0.01255515746352, 51.589681235879027 ], [ 0.012556689848693, 51.589669186784043 ], [ 0.012572316035709, 51.589545408429032 ], [ 0.012601448990612, 51.589314919623952 ], [ 0.012615951761466, 51.589216707846091 ], [ 0.01261718398534, 51.589208323794217 ], [ 0.012631287602522, 51.589112843550808 ], [ 0.012648677465541, 51.588995014817158 ], [ 0.012649467425322, 51.588990019485955 ], [ 0.012659815533938, 51.58892391881443 ], [ 0.012706395043259, 51.588626604927676 ], [ 0.012729069027188, 51.588475449671655 ], [ 0.012734720462479, 51.588437683629998 ], [ 0.01279691490302, 51.588023245802177 ], [ 0.012819077949967, 51.587875570334724 ], [ 0.012843714913406, 51.587712655284307 ], [ 0.012858359681693, 51.587613757585075 ], [ 0.012945077158794, 51.586962291383927 ], [ 0.012959572973801, 51.586840087995988 ], [ 0.012976790868621, 51.58669486236353 ], [ 0.012979210964172, 51.586674480072666 ], [ 0.013012839697414, 51.586390930797727 ], [ 0.013058154094228, 51.586008840291214 ], [ 0.013088451208294, 51.585836520831698 ], [ 0.013129512331953, 51.585604742414567 ], [ 0.013163430552532, 51.585410029086319 ], [ 0.013173351296004, 51.585348665644588 ], [ 0.013174541624851, 51.585341298437264 ], [ 0.013188348699332, 51.585255822657096 ], [ 0.013191306246598, 51.585237481386997 ], [ 0.013193964886549, 51.585221033647542 ], [ 0.013194649448686, 51.585216759508235 ], [ 0.013248055325644, 51.584886227026061 ], [ 0.013254177975604, 51.584848362914705 ], [ 0.013280907736536, 51.584682893863786 ], [ 0.013283837419492, 51.584664903770047 ], [ 0.013300180997683, 51.584563656745594 ], [ 0.013324128812133, 51.584351214336664 ], [ 0.013325427019838, 51.584339753744217 ], [ 0.013352043412844, 51.584103741444139 ], [ 0.013383764396647, 51.583873828211551 ], [ 0.013386146820931, 51.583856521938984 ], [ 0.013395747517829, 51.583786940469999 ], [ 0.013755123073865, 51.583602662328211 ], [ 0.014126391581142, 51.58341235257587 ], [ 0.014375487682128, 51.583330144793671 ], [ 0.01128260835098, 51.583406970429394 ], [ 0.010595442662142, 51.583424027290128 ], [ 0.010470002678643, 51.583427140779868 ], [ 0.010460284568982, 51.583427379379593 ], [ 0.010083041796177, 51.583436743826972 ], [ 0.009245822610671, 51.583457516552372 ], [ 0.009216106518366, 51.583458259657249 ], [ 0.008058727284478, 51.583492752134738 ], [ 0.007820248462692, 51.583499862718142 ], [ 0.007785853043567, 51.583500874442116 ], [ 0.007414227745078, 51.58351195953508 ], [ 0.006865524200883, 51.583528305052432 ], [ 0.006557517287011, 51.583581209868008 ], [ 0.0064620892174, 51.5836014663616 ], [ 0.006401997903146, 51.583614220862415 ], [ 0.006355545726033, 51.583626948731194 ], [ 0.006288783975075, 51.583645239725001 ], [ 0.006249081336065, 51.583660136098885 ], [ 0.006214235158874, 51.583673213824802 ], [ 0.006122843843013, 51.58371764435028 ], [ 0.005989127139364, 51.583782654174044 ], [ 0.005971264391256, 51.58379134070276 ], [ 0.005957216894241, 51.58379816347486 ], [ 0.005943685835346, 51.583792118339581 ], [ 0.005922571755359, 51.583782677950332 ], [ 0.005918242324583, 51.583780728749808 ], [ 0.005519203833628, 51.583602142508504 ], [ 0.005504317878729, 51.58359548204448 ], [ 0.005350584453686, 51.583526685607758 ], [ 0.005334093601972, 51.583519306210022 ], [ 0.005116664949697, 51.583422005164479 ], [ 0.005099040264118, 51.583414114578112 ], [ 0.004940404732016, 51.583343117396126 ], [ 0.004928242568266, 51.583337669206216 ], [ 0.004739836286319, 51.583253355154397 ], [ 0.004572235002799, 51.583178342844086 ], [ 0.004500723455758, 51.583147363995465 ], [ 0.00425866008382, 51.583042524362568 ], [ 0.004247756834804, 51.583037800945192 ], [ 0.004128284905803, 51.58298640907077 ], [ 0.004069318928788, 51.583008802727257 ], [ 0.003817561114125, 51.583104387645506 ], [ 0.003801163320812, 51.583110611875327 ], [ 0.003694031319454, 51.583177232911225 ], [ 0.003691979000517, 51.583179471115656 ], [ 0.003636820821213, 51.583239124929975 ], [ 0.003633766658513, 51.583244842312226 ], [ 0.00361870923232, 51.583273029911588 ], [ 0.003618290662654, 51.583275986557339 ], [ 0.003610429732703, 51.58333129798978 ], [ 0.003606801530325, 51.583356799367166 ], [ 0.003607521722752, 51.583368261301203 ], [ 0.003595642381887, 51.583370559548932 ], [ 0.003577765752619, 51.583371710356765 ], [ 0.003419697881693, 51.583381902380879 ], [ 0.003408744641913, 51.583382611121301 ], [ 0.003340598832207, 51.5833789467735 ], [ 0.003335578151136, 51.583378672876378 ], [ 0.003034852618926, 51.58353742605599 ], [ 0.002977370825533, 51.583511522847139 ], [ 0.002942468300285, 51.583495078665727 ], [ 0.00294108673611, 51.583463629037205 ], [ 0.002935797342087, 51.583343221886231 ], [ 0.002934004087935, 51.583302400267151 ], [ 0.002932994767563, 51.583279424066276 ], [ 0.002916193078519, 51.583290915597793 ], [ 0.00286444121707, 51.583326276452894 ], [ 0.002838446210801, 51.583344039837101 ], [ 0.002761372932091, 51.583396729875211 ], [ 0.002748409871168, 51.583405574998437 ], [ 0.002597317032707, 51.583508852479206 ], [ 0.00256864510026, 51.583528442015577 ], [ 0.002586631897108, 51.583526839862728 ], [ 0.002673862163272, 51.583519055091706 ], [ 0.002752652332072, 51.583512016931607 ], [ 0.002802792835943, 51.583793538168578 ], [ 0.002830022646406, 51.583814393834786 ], [ 0.002832905841028, 51.583816610649976 ], [ 0.002834710731583, 51.583820896143401 ], [ 0.002870560046897, 51.583906205604009 ], [ 0.002873774258112, 51.583919243555854 ], [ 0.002873770330605, 51.583922768625207 ], [ 0.002873526718411, 51.584002984572919 ], [ 0.002873469369553, 51.584020080014973 ], [ 0.002872733544267, 51.584024687678436 ], [ 0.00287399532182, 51.584032381559915 ], [ 0.002874781071281, 51.58403712509017 ], [ 0.002878682750472, 51.584060883669338 ], [ 0.002809029248439, 51.584071879816925 ], [ 0.002762186221091, 51.584079028678609 ], [ 0.002721880628444, 51.584085490329841 ], [ 0.002676784794302, 51.584092654270961 ], [ 0.002665887880668, 51.584093335001313 ], [ 0.002647680778308, 51.584094527279774 ], [ 0.002552710800612, 51.584110816111242 ], [ 0.002541966150848, 51.584112663234784 ], [ 0.002534090066409, 51.584113436229195 ], [ 0.002503810825564, 51.584118458615364 ], [ 0.002336558128496, 51.584146359116936 ], [ 0.002284311252389, 51.58416620736044 ], [ 0.002280704883983, 51.584167572846631 ], [ 0.002237374247378, 51.584192749620968 ], [ 0.002157072236139, 51.584290460637661 ], [ 0.002155323044934, 51.584296317554511 ], [ 0.002104221428852, 51.584467163691706 ], [ 0.001997312111582, 51.584822908554159 ], [ 0.001661038684479, 51.584928431516786 ], [ 0.001594259234198, 51.584949363857206 ], [ 0.001587943075901, 51.584950820548485 ], [ 0.001566056750684, 51.584954359528943 ], [ 0.001170525529581, 51.585018312206927 ], [ 0.001148077121966, 51.585012499669183 ], [ 0.001127248529162, 51.585006758393547 ], [ 0.001103600252501, 51.584999095920246 ], [ 0.001095228963594, 51.584996154436972 ], [ 0.001090247894335, 51.58499514239363 ], [ 0.000888646558534, 51.584954197171129 ], [ 0.000851172038466, 51.584946581786994 ], [ 0.000792288687102, 51.584932335724638 ], [ 0.000769900544476, 51.584926414178611 ], [ 0.000731341046021, 51.584915454135469 ], [ 0.000632575756611, 51.58488741094029 ], [ 0.000626341672773, 51.584883830464591 ], [ 0.000616080615883, 51.584877953722447 ], [ 0.000118481711954, 51.584913942886402 ], [ 0.000107488713361, 51.584914741916407 ], [ -0.000298839150071, 51.584982362850965 ], [ -0.000371586837947, 51.585000860023115 ], [ -0.000741880915149, 51.58512853612946 ], [ -0.000967657468106, 51.585296685317111 ], [ -0.000997990255024, 51.585319278738929 ], [ -0.001007276108855, 51.58536790580564 ], [ -0.001011208313466, 51.58538851136673 ], [ -0.001039984884012, 51.585474914885502 ], [ -0.001041321943843, 51.585477671355953 ], [ -0.001048230391689, 51.585491961083996 ], [ -0.001050919154192, 51.585496152399855 ], [ -0.001150028850127, 51.585596236477571 ], [ -0.001157424260536, 51.585603700320647 ], [ -0.00117585231595, 51.58561863606522 ], [ -0.001178313515796, 51.585714941055826 ], [ -0.001180049101994, 51.585717497495338 ], [ -0.001186042822771, 51.585726313266221 ], [ -0.001219343522108, 51.585775385721668 ], [ -0.00130092749857, 51.585847213663484 ], [ -0.00131336676315, 51.585858162591826 ], [ -0.001367066286227, 51.585922006486527 ], [ -0.001382840020358, 51.585940529851015 ], [ -0.001391380483169, 51.585962706685322 ], [ -0.001428303618536, 51.585997974639604 ], [ -0.001488226441153, 51.586055198294467 ], [ -0.001504090279487, 51.586070351049322 ], [ -0.001514451412951, 51.586085571860842 ], [ -0.001539775338257, 51.586112791734003 ], [ -0.001540966628746, 51.586115581682506 ], [ -0.001545519581856, 51.586122691305405 ], [ -0.001559611272367, 51.586144683991996 ], [ -0.001564660914558, 51.586150012604868 ], [ -0.001611734571947, 51.586199229699346 ], [ -0.001679683483812, 51.586249746452793 ], [ -0.001687373427469, 51.586254121865473 ], [ -0.001742937133162, 51.586285696504198 ], [ -0.001748866151101, 51.586289079728928 ], [ -0.001793497475443, 51.586307591041425 ], [ -0.001798279088252, 51.586321673583853 ], [ -0.001800871373369, 51.586328893638367 ], [ -0.001813573343264, 51.586350493836761 ], [ -0.001820344575065, 51.586358045868202 ], [ -0.001861273997192, 51.586403713894782 ], [ -0.001867989909217, 51.586411211026629 ], [ -0.002009564674549, 51.586530964019822 ], [ -0.00193132906694, 51.586572686495963 ], [ -0.001657804387846, 51.586708387678677 ], [ -0.001654483584633, 51.58671004863276 ], [ -0.001649864845376, 51.58671233941589 ], [ -0.001362130630275, 51.586855489232242 ], [ -0.001329576387124, 51.586871686977005 ], [ -0.001194918135952, 51.586938668216732 ], [ -0.00109538012417, 51.58698820947933 ], [ -0.000986885276168, 51.587042184029933 ], [ -0.000950905687345, 51.587064725812766 ], [ -0.000850505965731, 51.587127650767009 ], [ -0.000838564724457, 51.587135131097519 ], [ -0.000766077578591, 51.587180560757723 ], [ -0.000749408701992, 51.587191004366872 ], [ -0.00068423815652, 51.587164062490736 ], [ -0.000650295111339, 51.5871500355872 ], [ -0.00063596816041, 51.587144108095863 ], [ -0.0004992163351, 51.587149509259852 ], [ -0.000476655522072, 51.587150459841304 ], [ -0.000447660892961, 51.587158881230067 ], [ -0.000357838107067, 51.587181071009404 ], [ -0.000345492260654, 51.587184115660946 ], [ 0.000125130844163, 51.587272998011684 ], [ 0.000156644689184, 51.587278952837124 ], [ 0.000163849904287, 51.587280313647021 ], [ 0.0002658439037, 51.587299579614161 ], [ 0.000294671357885, 51.587306488463895 ], [ 0.000382554698515, 51.587327559752609 ], [ 0.000593116255336, 51.58737804677321 ], [ 0.000615977107549, 51.587383528663125 ], [ 0.000656665679647, 51.587391970540573 ], [ 0.000666965223344, 51.58739410581066 ], [ 0.000848162261066, 51.587431685898125 ], [ 0.000949613920149, 51.587452723031568 ], [ 0.000995911312531, 51.58746232799195 ], [ 0.001132574547368, 51.58749067723916 ], [ 0.001234958320144, 51.58751189604935 ], [ 0.001289355615283, 51.587523179083689 ], [ 0.001304914584254, 51.587526411507312 ], [ 0.001446268697776, 51.587555723428608 ], [ 0.001543030001769, 51.587575788021454 ], [ 0.001569340137321, 51.587581246808718 ], [ 0.001644846854627, 51.587596908247789 ], [ 0.001726414257731, 51.587613832994705 ], [ 0.001806174516077, 51.587630365901752 ], [ 0.001850083336755, 51.587639480764004 ], [ 0.001926886273154, 51.587655398652771 ], [ 0.002032403651527, 51.587677282652201 ], [ 0.002094638771446, 51.587690184979657 ], [ 0.002312986976505, 51.587735464285821 ], [ 0.002397351645692, 51.587752961267661 ], [ 0.002474767111863, 51.587769012216697 ], [ 0.00277566016167, 51.587831413965176 ], [ 0.002993018946679, 51.587876484110737 ], [ 0.00320510466817, 51.587920465958668 ], [ 0.003213408118088, 51.587922176504023 ], [ 0.003277014039083, 51.587935378511972 ], [ 0.003354049918622, 51.587946390664797 ], [ 0.003383232190956, 51.587957411195411 ], [ 0.003500478201186, 51.587981719230854 ], [ 0.00363195933276, 51.588008688397714 ], [ 0.003650998536222, 51.588012598407438 ], [ 0.003688407545307, 51.588011428517092 ], [ 0.003688508462057, 51.588020293248213 ], [ 0.003864652279755, 51.588056426382785 ], [ 0.0038846701026, 51.588057639908101 ], [ 0.003916802558716, 51.588059581563378 ], [ 0.003980445632271, 51.588063439507444 ], [ 0.00403814481494, 51.58806245322824 ], [ 0.004108818956262, 51.588053196970463 ], [ 0.00410793426579, 51.58806525284961 ], [ 0.00399980312269, 51.588090022725289 ], [ 0.003994371474842, 51.588108981519056 ], [ 0.003862804345095, 51.588568734087765 ], [ 0.003339489666827, 51.588489507505273 ], [ 0.003215207222338, 51.588581707477175 ], [ 0.00320799374395, 51.588587064276638 ], [ 0.003197780156334, 51.588645698038718 ], [ 0.003192326878695, 51.588676985667078 ], [ 0.003179279998603, 51.588731261587043 ], [ 0.003181878847921, 51.588736855383878 ], [ 0.003178951289979, 51.588753676131638 ], [ 0.003174604816793, 51.58877861423521 ], [ 0.003176860205691, 51.588829939983562 ], [ 0.003178948183769, 51.588877455836993 ], [ 0.003179343036551, 51.588886441437076 ], [ 0.003179289376095, 51.588904274177196 ], [ 0.003179251296081, 51.588917862263521 ], [ 0.003178908642351, 51.589018474490707 ], [ 0.003178752111416, 51.589069445784546 ], [ 0.003178709423218, 51.589079643834687 ], [ 0.003178506205715, 51.589142036205523 ], [ 0.003178427834353, 51.589165219813189 ], [ 0.003178342990951, 51.589192198301447 ], [ 0.003177469227356, 51.589206151367264 ], [ 0.003172112763219, 51.589291220559012 ], [ 0.003171541132297, 51.589300222671966 ], [ 0.003169840663673, 51.589327228764269 ], [ 0.003164835391991, 51.589345388899808 ], [ 0.003125938968127, 51.589486522910725 ], [ 0.003121554634111, 51.589502388378754 ], [ 0.003097723749446, 51.589588861280284 ], [ 0.003095529565194, 51.589607261138163 ], [ 0.003093953332472, 51.589615084432161 ], [ 0.003092514314053, 51.589635557611764 ], [ 0.003086237253715, 51.589724320389948 ], [ 0.0030834432218, 51.589774077811221 ], [ 0.00308199152909, 51.589799847697982 ], [ 0.003336021255845, 51.589801073539881 ], [ 0.004090386149309, 51.589804726932101 ], [ 0.004266292763533, 51.589764707387751 ], [ 0.004279794906553, 51.589762507239762 ], [ 0.00475881539682, 51.589684365729084 ], [ 0.005144610590073, 51.589621431114566 ], [ 0.005156849152154, 51.589620043802221 ], [ 0.005883177964952, 51.589537451889903 ], [ 0.005935358993283, 51.589543887871841 ], [ 0.00604028723643, 51.589556831009908 ], [ 0.006125202219632, 51.589602138270116 ], [ 0.006228611070729, 51.589657308345167 ], [ 0.006679370556197, 51.589897800956798 ], [ 0.007299082026011, 51.590228425241648 ], [ 0.008368911824894, 51.59059793498146 ], [ 0.008469954131048, 51.590793568262967 ], [ 0.008475194405632, 51.59080372078342 ], [ 0.008513547261105, 51.590877979057666 ], [ 0.006767252915633, 51.591383460759147 ], [ 0.006706383690313, 51.591401075499327 ], [ 0.004357522528072, 51.591737705146819 ], [ 0.00426225579797, 51.591799141839921 ], [ 0.004292087437566, 51.591807138627679 ], [ 0.004327973607512, 51.5918027843299 ], [ 0.004399175874393, 51.591917685228232 ], [ 0.004407660361166, 51.591973724347902 ], [ 0.004561425398414, 51.592188359664597 ], [ 0.004610671805491, 51.592235663074952 ], [ 0.004664409820155, 51.592287268980513 ], [ 0.004787475349895, 51.592405510281289 ], [ 0.004791425184816, 51.592408329309691 ], [ 0.004874407809537, 51.592467690128601 ], [ 0.004995014271725, 51.592611718627523 ], [ 0.005152825481378, 51.592781323705765 ], [ 0.005168394706392, 51.592998323405567 ], [ 0.005162411451493, 51.593048378642742 ], [ 0.005137730020344, 51.593254889086346 ], [ 0.005832967188889, 51.593390518702563 ], [ 0.006050079015836, 51.593432881684663 ], [ 0.006122137247494, 51.593444714868433 ], [ 0.00701073312794, 51.593590644122862 ], [ 0.008326935944625, 51.593806785955053 ], [ 0.008382358267786, 51.593815881284108 ], [ 0.008439988578577, 51.59382593693271 ], [ 0.009740172673145, 51.594052697453321 ], [ 0.009745468784621, 51.594053622832703 ], [ 0.009787124037307, 51.594060885218873 ], [ 0.009965385667844, 51.594091983213225 ], [ 0.009988926707147, 51.594096084927834 ], [ 0.009995295802115, 51.594097441528461 ], [ 0.010071172192791, 51.594110681734257 ], [ 0.010073157822135, 51.59411412778794 ], [ 0.010107444522381, 51.594173618828748 ], [ 0.010121343580804, 51.594197732215477 ], [ 0.010146108230193, 51.594240687436582 ], [ 0.010197045530797, 51.594329055660054 ], [ 0.010317262284135, 51.594537652743078 ], [ 0.010424562690549, 51.594723774167257 ], [ 0.010462852632228, 51.594790201672659 ], [ 0.010538315493937, 51.594808106854536 ], [ 0.011030065219795, 51.594924769407378 ], [ 0.011051692238163, 51.594932923409665 ], [ 0.011160707753788, 51.594974010991585 ], [ 0.011426602781424, 51.595074204212366 ], [ 0.011433870736036, 51.595076948158464 ], [ 0.011711616057604, 51.595181613650823 ], [ 0.011851377748769, 51.595234286131912 ], [ 0.012002903335405, 51.595377095349498 ], [ 0.012012876409801, 51.595386492270862 ], [ 0.012019896742145, 51.595393107211777 ], [ 0.012042537612668, 51.595389229673252 ], [ 0.012047768190957, 51.595388339599296 ], [ 0.012440834156803, 51.59532111147287 ], [ 0.012440341277388, 51.595318125424662 ], [ 0.012437698603376, 51.595302101156655 ], [ 0.012417776906144, 51.595181250949139 ], [ 0.012379197423915, 51.594947235429949 ], [ 0.012378158081583, 51.594941030447941 ], [ 0.012377369013562, 51.594936241987867 ], [ 0.012340987256784, 51.594715686517695 ], [ 0.01231679649534, 51.594598520067393 ], [ 0.012296223221425, 51.594498853913542 ], [ 0.012278753647419, 51.59440571252113 ], [ 0.012263141371187, 51.59432258389154 ], [ 0.012221451305653, 51.594109461907991 ], [ 0.012172082971793, 51.593857165427252 ], [ 0.012169881700818, 51.59384589961661 ], [ 0.01213523563337, 51.59366883812617 ], [ 0.012131452098396, 51.593649533186365 ], [ 0.012083879721571, 51.593406328795176 ], [ 0.01206640987267, 51.593317081170817 ], [ 0.012065848486999, 51.593314177231221 ], [ 0.012059001355177, 51.593279116032022 ], [ 0.012058052081621, 51.593274294351609 ], [ 0.012028380012004, 51.593035602781534 ], [ 0.012026774314573, 51.593022456309534 ], [ 0.012026331402169, 51.593018965823887 ], [ 0.012020258092506, 51.592970042882605 ], [ 0.012006928140735, 51.592814350510224 ], [ 0.012004815655778, 51.592789729300712 ], [ 0.011992093181965, 51.592640923759085 ], [ 0.011990270628459, 51.592619597825241 ], [ 0.011984801790139, 51.592555593066493 ], [ 0.01198997901335, 51.592474724511405 ], [ 0.011990235193236, 51.592470718448531 ], [ 0.011999747714045, 51.592321953985774 ], [ 0.012001074915541, 51.592315393655277 ], [ 0.012003243414, 51.592304673340287 ], [ 0.012025198745195, 51.592196728158413 ], [ 0.012026725542175, 51.592189130263044 ], [ 0.012030698675437, 51.592169584320857 ], [ 0.012057850050016, 51.592036049440047 ], [ 0.012063401906972, 51.592008761268168 ], [ 0.012067209572172, 51.591990036777716 ], [ 0.012068774946191, 51.591975460276146 ], [ 0.012069421985016, 51.59196951421481 ], [ 0.012076573598455, 51.591902919961385 ], [ 0.012081281351395, 51.591859127309263 ], [ 0.012109118959196, 51.591787582951326 ] ] ] } }
]
}
