{
"type": "FeatureCollection",
"name": "lsoas_E05009404",
"crs": { "type": "name", "properties": { "name": "urn:ogc:def:crs:OGC:1.3:CRS84" } },
"features": [
{ "type": "Feature", "properties": { "lsoa21cd": "E01002876", "lsoa21nm": "Kensington and Chelsea 003A", "msoa21cd": "E02000579", "msoa21nm": "Kensington and Chelsea 003", "lad22cd": "E09000020", "lad22nm": "Kensington and Chelsea", "index_right": 470, "GSS_CODE": "E05009404", "risk_score": 0.0010144457451976543, "allocation_hours": 0.01399459080179302, "patrol_units": 0 }, "geometry": { "type": "Polygon", "coordinates": [ [ [ -0.220390117002079, 51.519449287663456 ], [ -0.22022501997834, 51.519423357597283 ], [ -0.220147299404619, 51.519411153652023 ], [ -0.220071985690063, 51.519399327888252 ], [ -0.220055352653621, 51.519396719487212 ], [ -0.219949939391978, 51.519380165513475 ], [ -0.219945269116803, 51.519379429203681 ], [ -0.21983763534378, 51.519362526698082 ], [ -0.219831403279525, 51.519361550864431 ], [ -0.219692839086094, 51.519339790525741 ], [ -0.219674343889663, 51.519336884035766 ], [ -0.219583901960895, 51.519322679164738 ], [ -0.219549526059999, 51.519317279016263 ], [ -0.219478446180468, 51.519306115128231 ], [ -0.219426985846028, 51.519298041155928 ], [ -0.219290127184965, 51.51927654003164 ], [ -0.219144314300102, 51.519253643868609 ], [ -0.219122208973005, 51.519250169915374 ], [ -0.219015148883009, 51.519233356294194 ], [ -0.218999089033359, 51.5192308373773 ], [ -0.21892260133511, 51.519218822192755 ], [ -0.218841959230834, 51.519206150376746 ], [ -0.218830370811044, 51.519186937097068 ], [ -0.218760169125151, 51.519066701268848 ], [ -0.218739646731721, 51.519031543337739 ], [ -0.21866658172272, 51.518906389984025 ], [ -0.218636034132936, 51.518854074799066 ], [ -0.21862255101302, 51.518830970404466 ], [ -0.218603770456533, 51.518798828936923 ], [ -0.218575264885992, 51.518749961931071 ], [ -0.218536219339258, 51.518683093543373 ], [ -0.218478394745904, 51.518584052201433 ], [ -0.218465840716709, 51.518561041030182 ], [ -0.218961092920987, 51.518451680532941 ], [ -0.219001510360106, 51.518442051494645 ], [ -0.218998430677246, 51.518434540879376 ], [ -0.219009369305, 51.518419437477071 ], [ -0.218981748120402, 51.518368956330285 ], [ -0.218933161536549, 51.518280271047729 ], [ -0.218922273760658, 51.518258991117328 ], [ -0.218900512525203, 51.518231943722007 ], [ -0.218876636899842, 51.518187058856789 ], [ -0.218873136365408, 51.518174083334848 ], [ -0.218865238848661, 51.518157066328001 ], [ -0.218836119302419, 51.518115438103045 ], [ -0.218831909220255, 51.518111039750025 ], [ -0.218811951256718, 51.518078786014776 ], [ -0.218802455713476, 51.518053228741216 ], [ -0.218781115452156, 51.518018355150382 ], [ -0.218775916339044, 51.51800163089694 ], [ -0.218771035620279, 51.517992258439378 ], [ -0.218765054723049, 51.517980791985742 ], [ -0.218757263151895, 51.517965862864948 ], [ -0.218755466753642, 51.517960188232756 ], [ -0.218713318605592, 51.517901177295123 ], [ -0.218701450188268, 51.5178758537646 ], [ -0.218696452997902, 51.517869096384899 ], [ -0.218675292015025, 51.517826680695414 ], [ -0.218669752352049, 51.517819789181694 ], [ -0.218648304488122, 51.51777955433554 ], [ -0.218642101087861, 51.517771573629652 ], [ -0.218617005991439, 51.517725078499836 ], [ -0.218614582623223, 51.517722173062339 ], [ -0.218588956950173, 51.517673763436719 ], [ -0.218580854997416, 51.517647588827451 ], [ -0.218565037229963, 51.517618023752391 ], [ -0.218560218916997, 51.517601332247878 ], [ -0.21855194047027, 51.517585586384683 ], [ -0.218550133896646, 51.517579434986061 ], [ -0.218511658729843, 51.517510165216684 ], [ -0.218509324384914, 51.517502764823263 ], [ -0.218506613891407, 51.517497984560578 ], [ -0.218506585143582, 51.517492444675845 ], [ -0.218483621282766, 51.517399858775065 ], [ -0.218453027057693, 51.517347291026276 ], [ -0.218451334066227, 51.517342661101821 ], [ -0.218666921845259, 51.51730043193858 ], [ -0.218904310624788, 51.517253929123264 ], [ -0.218931892404021, 51.517283798636477 ], [ -0.21893712532354, 51.517282115523784 ], [ -0.219385393514789, 51.517077611261698 ], [ -0.219393671043522, 51.517087844584502 ], [ -0.219399602640628, 51.51708727814583 ], [ -0.219931397770223, 51.517035223213462 ], [ -0.219915003439715, 51.516963339323127 ], [ -0.219884207530729, 51.516908889420698 ], [ -0.219870742392945, 51.516884953614323 ], [ -0.219895925403172, 51.516879706329398 ], [ -0.220141667702164, 51.516828471735749 ], [ -0.220491425565432, 51.516755550427995 ], [ -0.220945096477344, 51.516660957907341 ], [ -0.220973026268039, 51.516655122559335 ], [ -0.221006099828791, 51.516648223137892 ], [ -0.221907199481008, 51.51640897480933 ], [ -0.22196731892705, 51.516393015781986 ], [ -0.222011038128608, 51.516382554468024 ], [ -0.222017154521644, 51.516393887923968 ], [ -0.222080625691719, 51.51651163683011 ], [ -0.222154796861562, 51.516649232666538 ], [ -0.222154564728949, 51.516660739692455 ], [ -0.222123615808589, 51.516661943339308 ], [ -0.221846359607907, 51.516672925647548 ], [ -0.22178454120675, 51.516693080894612 ], [ -0.22174267596118, 51.516714766026432 ], [ -0.221717545378939, 51.516732730055843 ], [ -0.221628709615273, 51.516833494656836 ], [ -0.22165503913862, 51.516875007970306 ], [ -0.221672515737428, 51.516916602914151 ], [ -0.221676165026793, 51.516922080772417 ], [ -0.221679008218118, 51.516929380905189 ], [ -0.221691840686307, 51.516951823131066 ], [ -0.221700061947563, 51.516972019251135 ], [ -0.221709355856288, 51.516983553758237 ], [ -0.221747239744218, 51.517046284889744 ], [ -0.221763167722161, 51.517087307797411 ], [ -0.221765574533166, 51.51709138195887 ], [ -0.221776876261506, 51.51711057262645 ], [ -0.221786934782032, 51.517136884584026 ], [ -0.221789110271753, 51.517142641353644 ], [ -0.221832660978434, 51.517184051429957 ], [ -0.221857039362201, 51.517215355481163 ], [ -0.221893641915719, 51.517281574247853 ], [ -0.221902284973901, 51.517297793014784 ], [ -0.221914467746238, 51.517315090583686 ], [ -0.221920266376897, 51.517327183596585 ], [ -0.221958960964917, 51.517378002728734 ], [ -0.221961644798161, 51.517383106240771 ], [ -0.222014782442764, 51.517406905620973 ], [ -0.222090195536804, 51.517452732707859 ], [ -0.222119800286688, 51.517477533311165 ], [ -0.222146927657379, 51.517512278162719 ], [ -0.222169987324905, 51.517563750570872 ], [ -0.222180273559019, 51.517675972330387 ], [ -0.222190135054894, 51.517708090484788 ], [ -0.222234810640164, 51.517717876950556 ], [ -0.222243285627332, 51.517719731947935 ], [ -0.222340532787445, 51.517693867902608 ], [ -0.222678699024711, 51.517617032521436 ], [ -0.222684777398926, 51.517615658805326 ], [ -0.222712669541615, 51.517609318887594 ], [ -0.222749988923517, 51.517681411418934 ], [ -0.222761063407397, 51.517691093355197 ], [ -0.223252137245438, 51.517533507735457 ], [ -0.223255352474761, 51.517536443053494 ], [ -0.223257513979924, 51.517539047672813 ], [ -0.223285886272353, 51.517573307525097 ], [ -0.223304684788535, 51.517604688638855 ], [ -0.223313739659918, 51.517614232027825 ], [ -0.223352815504787, 51.517669741615975 ], [ -0.22335371683873, 51.517672875699887 ], [ -0.223377882520881, 51.517717449298438 ], [ -0.223400590421588, 51.517748008318776 ], [ -0.223420990500225, 51.51776824484498 ], [ -0.223440639661688, 51.517783335217771 ], [ -0.223444206358578, 51.517786869364564 ], [ -0.223453307251488, 51.517798193975594 ], [ -0.223463660175306, 51.517815121953738 ], [ -0.223508211410929, 51.517862171418003 ], [ -0.22352143396929, 51.517880176991447 ], [ -0.223535410407887, 51.517906215384428 ], [ -0.223564438779465, 51.517945107300733 ], [ -0.223580927909905, 51.517961399775437 ], [ -0.223614658529666, 51.518005389742974 ], [ -0.223618627050865, 51.518014523370177 ], [ -0.22363603298925, 51.518035775652166 ], [ -0.223656187413124, 51.518067141264993 ], [ -0.223673895366755, 51.518087301015541 ], [ -0.223698766687384, 51.518135976863796 ], [ -0.223707227003169, 51.5181482090019 ], [ -0.22394881988548, 51.518143094147845 ], [ -0.22403774927802, 51.518131697785108 ], [ -0.224046421703695, 51.51813052063531 ], [ -0.224218040729163, 51.51810731851149 ], [ -0.224233257903555, 51.518101487812807 ], [ -0.224342455965553, 51.518059638777963 ], [ -0.224585212932209, 51.517966619509302 ], [ -0.224680955690116, 51.517924572842901 ], [ -0.224699257801724, 51.517944289999768 ], [ -0.224703608705907, 51.517949157887344 ], [ -0.22472497632976, 51.517973068815955 ], [ -0.224881314687027, 51.518139963037299 ], [ -0.224906944275604, 51.51816732862725 ], [ -0.224967240974557, 51.518231692712661 ], [ -0.225011339328372, 51.518278761724318 ], [ -0.225018182696764, 51.518286068333637 ], [ -0.225020570903697, 51.51828840657133 ], [ -0.225078804430525, 51.518345419402607 ], [ -0.225141258950962, 51.518406569708517 ], [ -0.225203324618626, 51.518467345401142 ], [ -0.22520605969354, 51.518470030601108 ], [ -0.22525136076429, 51.518512315661468 ], [ -0.225416168427722, 51.518666118128287 ], [ -0.225440342357439, 51.518688677514398 ], [ -0.225521932620211, 51.518764828942793 ], [ -0.225610068146132, 51.518847068376388 ], [ -0.225617223917103, 51.518853759184516 ], [ -0.225639882018218, 51.518874901749811 ], [ -0.225649229070447, 51.518883622053885 ], [ -0.225655071067243, 51.51888906999671 ], [ -0.225666990096101, 51.518899852532122 ], [ -0.225702357492287, 51.518931843525976 ], [ -0.225715516693183, 51.518943723923847 ], [ -0.225776436172432, 51.518998798644553 ], [ -0.22581304352433, 51.519031896460255 ], [ -0.225854371203941, 51.51906926518943 ], [ -0.225871958554205, 51.519085146794282 ], [ -0.225884867647182, 51.519096047693019 ], [ -0.225975968579683, 51.519173044033174 ], [ -0.22597979235227, 51.519176276239904 ], [ -0.226026068441467, 51.519215392353594 ], [ -0.226048732449604, 51.519234538568853 ], [ -0.226126046335062, 51.519299869752324 ], [ -0.226201392485687, 51.519363543472956 ], [ -0.226225801089739, 51.519384163838268 ], [ -0.226342763230975, 51.519483007216692 ], [ -0.226374086704858, 51.519468876749464 ], [ -0.226379332106616, 51.51946650106327 ], [ -0.226384944287331, 51.519463960061948 ], [ -0.226459699379144, 51.519533955472028 ], [ -0.226546768675436, 51.519495928962002 ], [ -0.226571006565172, 51.519515755324861 ], [ -0.226605890447951, 51.519544267586852 ], [ -0.226613783458655, 51.519550724877469 ], [ -0.226593443255663, 51.519558188842275 ], [ -0.226466943498175, 51.519605682077106 ], [ -0.226460724733817, 51.519608438728142 ], [ -0.22641495509515, 51.519625615156478 ], [ -0.226339316505706, 51.519653985454468 ], [ -0.226330861777386, 51.519657157927021 ], [ -0.226221051743557, 51.519698383562954 ], [ -0.226210593015542, 51.519702308086217 ], [ -0.226201304564241, 51.519705791678625 ], [ -0.226081007089592, 51.519750932278406 ], [ -0.226063787590324, 51.519758576425552 ], [ -0.226059241088607, 51.51976058497543 ], [ -0.226031094658597, 51.519773072785739 ], [ -0.225905484420257, 51.519828798105465 ], [ -0.225893779983626, 51.519833989706562 ], [ -0.225860250439837, 51.519848869043237 ], [ -0.225835389510174, 51.519859895730491 ], [ -0.225826706468818, 51.519863748152197 ], [ -0.225682864291643, 51.519927560656448 ], [ -0.225632789872136, 51.519949779478139 ], [ -0.225564895316508, 51.519979885061481 ], [ -0.22549654989791, 51.520010091697706 ], [ -0.225490830257873, 51.520012613046049 ], [ -0.225426106158916, 51.520041471565811 ], [ -0.225405339503737, 51.520050401863251 ], [ -0.225343285849909, 51.520077825941456 ], [ -0.225276788492056, 51.520107206105777 ], [ -0.225169737946615, 51.520154515529491 ], [ -0.225124550745151, 51.520174478980181 ], [ -0.225094205522432, 51.520187895511896 ], [ -0.225033989781305, 51.520178441583198 ], [ -0.225022829142897, 51.520176690041289 ], [ -0.224908114216803, 51.520158677902664 ], [ -0.224829617730214, 51.520146348425875 ], [ -0.22472801157942, 51.520130404909743 ], [ -0.224690418338752, 51.520124494471382 ], [ -0.224654629753929, 51.520118881106576 ], [ -0.224608583594114, 51.520111646718341 ], [ -0.224601248017387, 51.520110501566116 ], [ -0.224555001242089, 51.520103237143232 ], [ -0.22450763677152, 51.520095802913815 ], [ -0.224468202231074, 51.520089612746801 ], [ -0.224401016786779, 51.520079063831112 ], [ -0.224273121749793, 51.520058981141375 ], [ -0.224209109447926, 51.520048938763559 ], [ -0.224182447471856, 51.520044749332015 ], [ -0.223931700759896, 51.520005379088879 ], [ -0.223889393757076, 51.519998740576554 ], [ -0.223747803156488, 51.519976498589934 ], [ -0.223652816510391, 51.519961598578561 ], [ -0.223503632718714, 51.519938171213411 ], [ -0.22349785903072, 51.519937265463838 ], [ -0.223418016522874, 51.51992472581405 ], [ -0.22322916213134, 51.519895077012073 ], [ -0.223149505648316, 51.519882575966548 ], [ -0.223114362557789, 51.519877052839561 ], [ -0.223088531419737, 51.519873001638032 ], [ -0.222948445114573, 51.51985101527405 ], [ -0.222944448311469, 51.519850379210645 ], [ -0.222924247861294, 51.519847204605973 ], [ -0.222873194577303, 51.519839196767286 ], [ -0.222787772360865, 51.5198257763263 ], [ -0.222759892812726, 51.519821397267641 ], [ -0.222682170862899, 51.519809194986017 ], [ -0.222667113402361, 51.519806835639187 ], [ -0.222611855758437, 51.519798156995073 ], [ -0.222569850265454, 51.519791558543467 ], [ -0.222546397622823, 51.519787875981557 ], [ -0.222433260557315, 51.519770110134736 ], [ -0.222404406741125, 51.519765581341453 ], [ -0.222394492602695, 51.519764028286417 ], [ -0.222266685092119, 51.51974396271396 ], [ -0.222198175506324, 51.519733203624611 ], [ -0.222169708940752, 51.519728725604303 ], [ -0.222051550289998, 51.519710181873272 ], [ -0.221999079382814, 51.519701940844257 ], [ -0.221938141483328, 51.519692370962815 ], [ -0.221730041486281, 51.519659694321454 ], [ -0.221723823920581, 51.519658714312058 ], [ -0.221440995852227, 51.519614412827131 ], [ -0.221356979440545, 51.519601113369077 ], [ -0.221295619124699, 51.519591478297166 ], [ -0.221010866283238, 51.519546766204535 ], [ -0.220836269823234, 51.519519353064382 ], [ -0.22077429379296, 51.519509618456055 ], [ -0.220694868114103, 51.519497146216651 ], [ -0.220629783298422, 51.51948692374765 ], [ -0.220584998767796, 51.519479895753996 ], [ -0.220579325686307, 51.519479000378816 ], [ -0.220461190306786, 51.519460446401411 ], [ -0.220390117002079, 51.519449287663456 ] ] ] } },
{ "type": "Feature", "properties": { "lsoa21cd": "E01002880", "lsoa21nm": "Kensington and Chelsea 005D", "msoa21cd": "E02000581", "msoa21nm": "Kensington and Chelsea 005", "lad22cd": "E09000020", "lad22nm": "Kensington and Chelsea", "index_right": 470, "GSS_CODE": "E05009404", "risk_score": 0.0, "allocation_hours": 0.0, "patrol_units": 0 }, "geometry": { "type": "Polygon", "coordinates": [ [ [ -0.216796791771502, 51.515807598332046 ], [ -0.216787713830476, 51.515804591684372 ], [ -0.216772519081287, 51.515810583582628 ], [ -0.216540644486566, 51.515843028820029 ], [ -0.216357823476154, 51.515876777047652 ], [ -0.216430776156557, 51.515786206593646 ], [ -0.216426142517206, 51.515784544445381 ], [ -0.216417742312063, 51.515781530088745 ], [ -0.216316391693638, 51.515745187558906 ], [ -0.216297030313162, 51.515733328640898 ], [ -0.216141332637656, 51.515636241720884 ], [ -0.215788809871281, 51.515534839009881 ], [ -0.215646524429467, 51.51548771158447 ], [ -0.215314758662463, 51.515384455962888 ], [ -0.215261645742789, 51.515367919765026 ], [ -0.21526428105121, 51.515365765662573 ], [ -0.215330300348588, 51.515311735308217 ], [ -0.215381776115706, 51.515325539789323 ], [ -0.215389729755054, 51.515321542177233 ], [ -0.215398477035152, 51.51531715197121 ], [ -0.215688298094016, 51.515353772499481 ], [ -0.216363706879932, 51.515039294119298 ], [ -0.216554965686835, 51.515083478314956 ], [ -0.216575288115466, 51.515080513985076 ], [ -0.216698755902646, 51.515071806807448 ], [ -0.216704976726017, 51.515071946344911 ], [ -0.216720470914503, 51.5150660309492 ], [ -0.216910366184504, 51.514993523614102 ], [ -0.216923387400283, 51.514988559787774 ], [ -0.216939922158552, 51.514983676346745 ], [ -0.216913050047529, 51.514980534108943 ], [ -0.216782662975361, 51.514965305885951 ], [ -0.216696508871026, 51.514955228320289 ], [ -0.216607427261933, 51.514944827411107 ], [ -0.216597412904153, 51.51494365898963 ], [ -0.216566767672653, 51.51494007262383 ], [ -0.216552119064807, 51.514938366122912 ], [ -0.216214158682205, 51.514898875427299 ], [ -0.21612909462638, 51.514888939916233 ], [ -0.215987661243788, 51.514872409745564 ], [ -0.215928730437912, 51.514864975818824 ], [ -0.215323892448096, 51.514788645073352 ], [ -0.215229528213839, 51.514608570925141 ], [ -0.215236533025734, 51.514468527525509 ], [ -0.215124968555557, 51.514393288321301 ], [ -0.215076706048709, 51.514360738038732 ], [ -0.215038619656734, 51.514065074627759 ], [ -0.214944015639247, 51.513922882479584 ], [ -0.214989960815736, 51.513879068190533 ], [ -0.215066535872353, 51.513807887819517 ], [ -0.215076108221014, 51.513798977911911 ], [ -0.21504269201293, 51.513751294125576 ], [ -0.215022571077483, 51.513722589241993 ], [ -0.21501517144182, 51.513722746417471 ], [ -0.214992508933933, 51.513573312880339 ], [ -0.215103647926486, 51.51350276637244 ], [ -0.215232344426083, 51.513421066280422 ], [ -0.215696893464539, 51.513377891981612 ], [ -0.215787794819179, 51.51343087436446 ], [ -0.215791809944793, 51.513425863599757 ], [ -0.215834957470325, 51.513372105552804 ], [ -0.215857778451252, 51.513223741695406 ], [ -0.215869485393038, 51.513147689311623 ], [ -0.215910911590326, 51.513076018730885 ], [ -0.216034460276532, 51.512989527335485 ], [ -0.216144608398567, 51.512916231023347 ], [ -0.216152353118117, 51.512827969322132 ], [ -0.2161621927072, 51.512795988324456 ], [ -0.216353797747846, 51.512748471428907 ], [ -0.216404889283841, 51.512698916620728 ], [ -0.216403872981475, 51.51268557410247 ], [ -0.216408170441723, 51.512683661071584 ], [ -0.216415228096632, 51.512659614206967 ], [ -0.216461115896594, 51.512649835545872 ], [ -0.216505135987505, 51.512640460114518 ], [ -0.216512736728593, 51.512638840106412 ], [ -0.217094623494952, 51.51249334576849 ], [ -0.217136743103062, 51.512482808143957 ], [ -0.217178846893342, 51.5124726749319 ], [ -0.217491975961705, 51.512397336525488 ], [ -0.217603476154742, 51.512370506286992 ], [ -0.217642160224282, 51.512361211214404 ], [ -0.217773728444337, 51.512329368413688 ], [ -0.217793697797953, 51.512324746569192 ], [ -0.217791649512153, 51.512375721590011 ], [ -0.217790120313225, 51.512413773109571 ], [ -0.217789670360789, 51.512424926114711 ], [ -0.217780187992141, 51.512661099101983 ], [ -0.217777824831461, 51.512719767018453 ], [ -0.217772890540498, 51.512760869252816 ], [ -0.217758328176093, 51.512882075334645 ], [ -0.217748956450516, 51.512960042832511 ], [ -0.217747845608564, 51.512969297344846 ], [ -0.217746460477502, 51.512980777859198 ], [ -0.217746300275372, 51.513078615124023 ], [ -0.217746165442011, 51.513149232114522 ], [ -0.21774601300406, 51.513248346446709 ], [ -0.217745988049049, 51.513257842273283 ], [ -0.217745856130028, 51.51332174181973 ], [ -0.217745724956996, 51.513406657127199 ], [ -0.217745525758665, 51.513415337373338 ], [ -0.217745541097961, 51.513511742076886 ], [ -0.217916903583034, 51.513378098493988 ], [ -0.217948664545106, 51.513353309967457 ], [ -0.218086820583907, 51.513401407855206 ], [ -0.217959552756275, 51.513519583439262 ], [ -0.217857075841132, 51.513614738547275 ], [ -0.217715540401003, 51.51374656101742 ], [ -0.217946370445295, 51.513737360640462 ], [ -0.218125905886638, 51.513729928219163 ], [ -0.218157404334305, 51.513728624367175 ], [ -0.218148865969406, 51.513733584485657 ], [ -0.218138264342551, 51.513739747947469 ], [ -0.218064365393198, 51.513782713450524 ], [ -0.218130961097934, 51.514038593886333 ], [ -0.218135707436517, 51.514049178356885 ], [ -0.218150791107873, 51.514082922973877 ], [ -0.218153270563564, 51.514088446135013 ], [ -0.218207336399195, 51.514109356922553 ], [ -0.218400165562393, 51.51418195116711 ], [ -0.218412196227969, 51.514186477290501 ], [ -0.218566483612605, 51.514283530324555 ], [ -0.21855488548793, 51.514341023871417 ], [ -0.218490627698111, 51.51437737651473 ], [ -0.218480716957388, 51.514382414763901 ], [ -0.218438392850829, 51.514398147634623 ], [ -0.218403673536383, 51.514411055385757 ], [ -0.218359581412809, 51.514460258878017 ], [ -0.218342522704445, 51.514479306976931 ], [ -0.218331808791957, 51.514491257331642 ], [ -0.218300659794772, 51.514526044351769 ], [ -0.218300612558994, 51.514537590154376 ], [ -0.218298869950478, 51.514932906089484 ], [ -0.218298843267709, 51.514940787712383 ], [ -0.218220272355321, 51.514983977492882 ], [ -0.218192242658732, 51.514999037005609 ], [ -0.218138932816157, 51.515122622067672 ], [ -0.218197114299182, 51.51513080786934 ], [ -0.21825332734324, 51.515167632158629 ], [ -0.218308838930837, 51.515222430870345 ], [ -0.218336945671292, 51.515240842929707 ], [ -0.218379807601718, 51.515250486431938 ], [ -0.218437073830183, 51.515260348648354 ], [ -0.218675889193035, 51.515246816901602 ], [ -0.218589721651788, 51.515542004116604 ], [ -0.21857370056231, 51.515596858610024 ], [ -0.218565264272783, 51.515625776661743 ], [ -0.218570302396614, 51.515634432114688 ], [ -0.218571896508314, 51.515637163096535 ], [ -0.218589377640323, 51.515667113147856 ], [ -0.218609562483177, 51.515707922364015 ], [ -0.2186146794108, 51.515718251637807 ], [ -0.218649145915142, 51.515787901183828 ], [ -0.217975979022119, 51.515839456929257 ], [ -0.217950001362312, 51.51584144531914 ], [ -0.217895356995858, 51.515845633021307 ], [ -0.217839654161375, 51.515852196652347 ], [ -0.217832124575927, 51.515853089427509 ], [ -0.21763472405081, 51.515876366550692 ], [ -0.217489927942944, 51.515893437486064 ], [ -0.217200436190947, 51.515924999467877 ], [ -0.216998774753771, 51.51592193433919 ], [ -0.216877993974262, 51.515920098380107 ], [ -0.216868949121853, 51.515900015263547 ], [ -0.216832661578154, 51.515819501293151 ], [ -0.216796791771502, 51.515807598332046 ] ] ] } },
{ "type": "Feature", "properties": { "lsoa21cd": "E01002909", "lsoa21nm": "Kensington and Chelsea 003E", "msoa21cd": "E02000579", "msoa21nm": "Kensington and Chelsea 003", "lad22cd": "E09000020", "lad22nm": "Kensington and Chelsea", "index_right": 470, "GSS_CODE": "E05009404", "risk_score": 7.92670418155899, "allocation_hours": 109.3513201202948, "patrol_units": 55 }, "geometry": { "type": "Polygon", "coordinates": [ [ [ -0.211767634184, 51.520459882848925 ], [ -0.211733452860057, 51.520403000550544 ], [ -0.211730395117826, 51.52039790008601 ], [ -0.211716172613323, 51.52037424850991 ], [ -0.211708947371531, 51.520362205160552 ], [ -0.211700788019091, 51.520348618825501 ], [ -0.211671681940218, 51.520300163522819 ], [ -0.211669787722056, 51.520297005214587 ], [ -0.211662788768801, 51.520285073223214 ], [ -0.211643784871345, 51.520252491016194 ], [ -0.211638246638472, 51.52024300929898 ], [ -0.21157815177981, 51.520140080863925 ], [ -0.211565879717162, 51.520119885190795 ], [ -0.211558646343535, 51.520106690651978 ], [ -0.21154915113889, 51.520090413131157 ], [ -0.21153530583366, 51.520066704332891 ], [ -0.211466450466235, 51.519948993293816 ], [ -0.211457151525043, 51.519933042491253 ], [ -0.211454039007744, 51.519927502343691 ], [ -0.21144316757498, 51.519908202993214 ], [ -0.211425819214608, 51.519877410340129 ], [ -0.211421917177568, 51.519870132470189 ], [ -0.211405531563203, 51.519840998343547 ], [ -0.21140175834957, 51.519834295266875 ], [ -0.21139653114943, 51.519824971153724 ], [ -0.21135885635792, 51.519757950244475 ], [ -0.211356835390604, 51.51975434935958 ], [ -0.211349734429446, 51.519741714367541 ], [ -0.211331556982324, 51.51970938750577 ], [ -0.21130122569708, 51.519655436912863 ], [ -0.211286754401684, 51.519629686204347 ], [ -0.211270207717278, 51.51960025284378 ], [ -0.211259576546532, 51.519581336626189 ], [ -0.211246169518601, 51.519557486094321 ], [ -0.211210431762796, 51.5194939010726 ], [ -0.211196813170943, 51.519469675913015 ], [ -0.211190817087408, 51.519459009156975 ], [ -0.21115554848244, 51.519396255893696 ], [ -0.211148777132967, 51.51938422392351 ], [ -0.21113072186244, 51.51935209672726 ], [ -0.211124308133662, 51.519340686203556 ], [ -0.211120117678072, 51.519333230366293 ], [ -0.21110140238783, 51.519299924059148 ], [ -0.211098693999773, 51.519295107674992 ], [ -0.211089504454135, 51.519278762832514 ], [ -0.211074238090205, 51.519251606113308 ], [ -0.21104134761882, 51.519193093128109 ], [ -0.211035337905955, 51.519182408169982 ], [ -0.211023239103626, 51.519160857189689 ], [ -0.211015545010044, 51.519147178977711 ], [ -0.211012445664305, 51.519141673189715 ], [ -0.210983341612283, 51.519089894952558 ], [ -0.210951798345553, 51.519033790025944 ], [ -0.210948565180668, 51.519028021409135 ], [ -0.210879806828972, 51.518905707239227 ], [ -0.210874629671175, 51.518897795704426 ], [ -0.210886129204874, 51.518894814685368 ], [ -0.211262459835166, 51.518810654630677 ], [ -0.211268218217986, 51.518809366567758 ], [ -0.211392227686967, 51.51878160881688 ], [ -0.211410264215327, 51.51877744147577 ], [ -0.211504312343369, 51.51875653776829 ], [ -0.211572220254333, 51.518741350433537 ], [ -0.211632930608411, 51.518727761926677 ], [ -0.21165131035407, 51.518723662729712 ], [ -0.211798359103423, 51.518690774792915 ], [ -0.21195539734848, 51.518655655898009 ], [ -0.211972686785987, 51.518651791824972 ], [ -0.212107673108056, 51.518621601773162 ], [ -0.212151166122372, 51.518611869199219 ], [ -0.212228829988162, 51.518594519076267 ], [ -0.212351892819087, 51.518566979699521 ], [ -0.212390805145064, 51.518558274329436 ], [ -0.212449333119866, 51.518545191702813 ], [ -0.212492011203922, 51.518535653415228 ], [ -0.212518156036575, 51.518529810937956 ], [ -0.212524874244684, 51.518528303631612 ], [ -0.212692766404747, 51.518490754778497 ], [ -0.212723637218208, 51.518483851193615 ], [ -0.21277413838184, 51.518472561534409 ], [ -0.212808193116093, 51.518464960050011 ], [ -0.212897868483434, 51.518444896866519 ], [ -0.212903844964749, 51.518443558090944 ], [ -0.213059755110654, 51.51840867683228 ], [ -0.213125974820549, 51.518393876548245 ], [ -0.213253354677537, 51.518365385828133 ], [ -0.213260552430129, 51.518363777872949 ], [ -0.213425300456466, 51.518326689070875 ], [ -0.213436354030358, 51.518324450996033 ], [ -0.213598922487965, 51.518288096726053 ], [ -0.213618770875474, 51.51828365988429 ], [ -0.21379281221311, 51.518244731021525 ], [ -0.213949189480542, 51.518209664160096 ], [ -0.213973328105331, 51.518204249438007 ], [ -0.214056984244057, 51.518185487583601 ], [ -0.21414030548127, 51.518166810497526 ], [ -0.214175204758789, 51.518158978676261 ], [ -0.214290794961808, 51.518133014129496 ], [ -0.214347113306248, 51.5181203825273 ], [ -0.21446658463271, 51.518093577627553 ], [ -0.214493006181125, 51.518087648999376 ], [ -0.214510470166968, 51.518083733256361 ], [ -0.214521972518804, 51.518081147601833 ], [ -0.214652029672616, 51.518051967724048 ], [ -0.214657395063547, 51.518050772433497 ], [ -0.214827193337186, 51.518012674032562 ], [ -0.214834565599031, 51.518011023674219 ], [ -0.214988048574562, 51.517976579543422 ], [ -0.215028095105191, 51.517967593808272 ], [ -0.215173027150827, 51.517935078628433 ], [ -0.21521409145122, 51.517925865515579 ], [ -0.215362236968534, 51.517892625632427 ], [ -0.215389414377787, 51.5178865284512 ], [ -0.215447259059258, 51.51787355084894 ], [ -0.215475090997038, 51.517867301738434 ], [ -0.215561330037958, 51.517848434231247 ], [ -0.215789633591664, 51.517798481894602 ], [ -0.215903974381714, 51.517773458976293 ], [ -0.216145637609644, 51.517720579713142 ], [ -0.21623197799504, 51.517701686279977 ], [ -0.216268947718997, 51.517693597561284 ], [ -0.21637063942656, 51.517671358401209 ], [ -0.216379623875799, 51.517669390741105 ], [ -0.216405268831683, 51.517663773611297 ], [ -0.216519986999945, 51.517638665908997 ], [ -0.216599058237446, 51.517621361290594 ], [ -0.216634462615347, 51.517613122762384 ], [ -0.216684427843365, 51.517601481565528 ], [ -0.216733112770524, 51.51759014461814 ], [ -0.216801420244419, 51.517574231952182 ], [ -0.216830031787178, 51.517567571721194 ], [ -0.216944827456557, 51.517540837121821 ], [ -0.216950165675637, 51.517539596351135 ], [ -0.217007578213747, 51.517526220237947 ], [ -0.217022705909534, 51.517522695761379 ], [ -0.21727237026577, 51.517464540242685 ], [ -0.21740971099039, 51.517432563410615 ], [ -0.217592609500769, 51.517389956979095 ], [ -0.217733470156151, 51.517357151980271 ], [ -0.217759914049401, 51.517350998146199 ], [ -0.217775219230415, 51.51734742860917 ], [ -0.217780020506777, 51.517354325150762 ], [ -0.21781033442121, 51.517406295397819 ], [ -0.217813968539503, 51.517412519542965 ], [ -0.217850673084937, 51.517475422968566 ], [ -0.21794410175383, 51.517635579944859 ], [ -0.217958691784264, 51.517660585230992 ], [ -0.217967377856673, 51.517675483055172 ], [ -0.217986385268753, 51.517708064275226 ], [ -0.217999800379518, 51.517731046354463 ], [ -0.218027710739958, 51.517778879394207 ], [ -0.218060511126845, 51.517835104875417 ], [ -0.218092473933158, 51.517889896790471 ], [ -0.218121735495059, 51.517940043446302 ], [ -0.21813643393804, 51.517965230206578 ], [ -0.218141333093269, 51.517974126376565 ], [ -0.218150458885556, 51.517990685505218 ], [ -0.218179694352161, 51.518043718376234 ], [ -0.21818479521141, 51.51805298630503 ], [ -0.218199493440047, 51.518079656833791 ], [ -0.218208107325133, 51.518095299928028 ], [ -0.218229265917789, 51.518133705020134 ], [ -0.218258447224093, 51.518186656059022 ], [ -0.218301155960817, 51.51826415548453 ], [ -0.218323230880762, 51.518304202076315 ], [ -0.218356356332495, 51.51836430812449 ], [ -0.218381916324844, 51.518410711446194 ], [ -0.218385133551679, 51.518416542548572 ], [ -0.218425850378334, 51.518490432618705 ], [ -0.218461574203432, 51.518555245255058 ], [ -0.218465840716709, 51.518561041030182 ], [ -0.218409439874413, 51.518574057492877 ], [ -0.218198691516984, 51.518621764130302 ], [ -0.217876622028856, 51.51869466665201 ], [ -0.217848182428807, 51.518814636636613 ], [ -0.217805096994377, 51.518865995305681 ], [ -0.217932886456942, 51.518990838720995 ], [ -0.217896722054905, 51.519038444736161 ], [ -0.217890648223974, 51.519037480178696 ], [ -0.217456288304877, 51.518968390868572 ], [ -0.217455550304856, 51.518987282120364 ], [ -0.217454883927363, 51.519004339968006 ], [ -0.217425019904835, 51.519030863984618 ], [ -0.217403047515439, 51.519043920083924 ], [ -0.217395506954462, 51.519048400718773 ], [ -0.217366345094347, 51.519056950170935 ], [ -0.21735171133878, 51.519056673830839 ], [ -0.217316933414203, 51.519048852307812 ], [ -0.217318426048717, 51.519052705843336 ], [ -0.217370718298244, 51.51918740947356 ], [ -0.217395482220949, 51.519251219666842 ], [ -0.217443293785745, 51.519374443545438 ], [ -0.217444537313964, 51.51937766381095 ], [ -0.217296446959931, 51.51940627149321 ], [ -0.217160311970922, 51.519436931154502 ], [ -0.217146249821114, 51.519440098654172 ], [ -0.217007416600533, 51.519471378087346 ], [ -0.216784660812716, 51.519521561056614 ], [ -0.216626253554374, 51.519557245621193 ], [ -0.216218491888414, 51.519649092216397 ], [ -0.216064388216082, 51.519683807319403 ], [ -0.21601094528503, 51.519695854002215 ], [ -0.215799268421794, 51.519743541790362 ], [ -0.215652638888595, 51.519776571514733 ], [ -0.215281141265454, 51.519860261639458 ], [ -0.215030853131237, 51.519916640979396 ], [ -0.214974603359378, 51.519929309937041 ], [ -0.214968015726714, 51.519930792393595 ], [ -0.214814607986389, 51.519965354590468 ], [ -0.214729331550577, 51.519984559961216 ], [ -0.214570397608829, 51.520020359652221 ], [ -0.214497423517366, 51.520036802523258 ], [ -0.214436912851944, 51.520050422535626 ], [ -0.21437083167009, 51.520065315607425 ], [ -0.214153901742791, 51.520114179453323 ], [ -0.214120524710744, 51.520123958872311 ], [ -0.214101408093546, 51.520129566991791 ], [ -0.214094901954567, 51.520130291663754 ], [ -0.214069981272616, 51.520135185529021 ], [ -0.214057985372791, 51.520138766305188 ], [ -0.213802172501777, 51.520197932071966 ], [ -0.213697181257031, 51.520221800425809 ], [ -0.213668268247723, 51.520228374382427 ], [ -0.213634148370183, 51.520236136999259 ], [ -0.213353847177797, 51.520299834350503 ], [ -0.212888639551398, 51.520400659407485 ], [ -0.2128788364567, 51.520402533399484 ], [ -0.212845070235597, 51.520408988254545 ], [ -0.212805672945096, 51.520417524529485 ], [ -0.212769168439501, 51.520425439411071 ], [ -0.212765070891242, 51.520425170152258 ], [ -0.212698123942226, 51.520440058091204 ], [ -0.212641629202585, 51.52045085174241 ], [ -0.21239018529942, 51.520508233040026 ], [ -0.212380287597811, 51.520510681076409 ], [ -0.212347497592217, 51.520517968993772 ], [ -0.212337377492301, 51.52052020680722 ], [ -0.212292605467945, 51.52053016277091 ], [ -0.211899376935844, 51.520618528975646 ], [ -0.211866669339176, 51.520625549136582 ], [ -0.211862301305334, 51.52061746923259 ], [ -0.211794657051028, 51.520504857700026 ], [ -0.211789582805641, 51.520496408222144 ], [ -0.211767634184, 51.520459882848925 ] ] ] } },
{ "type": "Feature", "properties": { "lsoa21cd": "E01002878", "lsoa21nm": "Kensington and Chelsea 003C", "msoa21cd": "E02000579", "msoa21nm": "Kensington and Chelsea 003", "lad22cd": "E09000020", "lad22nm": "Kensington and Chelsea", "index_right": 470, "GSS_CODE": "E05009404", "risk_score": 8.8187511904497775, "allocation_hours": 121.65738274068427, "patrol_units": 61 }, "geometry": { "type": "Polygon", "coordinates": [ [ [ -0.212865389501673, 51.516773465520949 ], [ -0.212994010625548, 51.516717584519547 ], [ -0.213005125001883, 51.516712753942691 ], [ -0.21302358489492, 51.516704743968546 ], [ -0.213050491054623, 51.516693049790334 ], [ -0.213136092049893, 51.516655847395946 ], [ -0.21314625320618, 51.516651433931052 ], [ -0.213379507896049, 51.516542678055927 ], [ -0.213397242525069, 51.516534414176149 ], [ -0.213427440837234, 51.516518771036864 ], [ -0.213439366663719, 51.51651209760081 ], [ -0.213331367043099, 51.516450489873463 ], [ -0.213172516038044, 51.516359861626924 ], [ -0.213154597149253, 51.516349642832807 ], [ -0.213150804690576, 51.516347480789292 ], [ -0.213112154833129, 51.516325426645651 ], [ -0.213086940374476, 51.516311041033269 ], [ -0.213076789461029, 51.516305257018232 ], [ -0.212971391769373, 51.516245136400748 ], [ -0.212962425870359, 51.516240008904767 ], [ -0.212909938454738, 51.516210073177163 ], [ -0.212848104761539, 51.516174788302479 ], [ -0.212835232985422, 51.516167452051782 ], [ -0.212827324218209, 51.516162934164349 ], [ -0.212798986938936, 51.516146774326899 ], [ -0.212694915475181, 51.516087402064244 ], [ -0.212583005470643, 51.516023566828778 ], [ -0.212590399782786, 51.51601987562389 ], [ -0.212613865110907, 51.516008075159583 ], [ -0.212618177748892, 51.516011306276397 ], [ -0.212645793118347, 51.515992536813116 ], [ -0.212716455776858, 51.515964675252512 ], [ -0.212770795832874, 51.515925953662254 ], [ -0.212790589527665, 51.515911849065532 ], [ -0.212838945316731, 51.515868414059703 ], [ -0.212871540598591, 51.51583914509456 ], [ -0.212921598862881, 51.515794189262202 ], [ -0.213011737221606, 51.515713217063535 ], [ -0.213027482090273, 51.515699077724022 ], [ -0.213063946850804, 51.515666315568943 ], [ -0.213146644287883, 51.515592055312489 ], [ -0.213165436631553, 51.515575174664832 ], [ -0.21317317463069, 51.51556822433767 ], [ -0.213189605924191, 51.515553483934639 ], [ -0.21316096190941, 51.515541483092804 ], [ -0.213224929212265, 51.515484347176887 ], [ -0.213231232113714, 51.515476134004139 ], [ -0.213254652509129, 51.515445592106978 ], [ -0.213263673803745, 51.515433841276646 ], [ -0.213267672520904, 51.515423187478156 ], [ -0.212919851243037, 51.515261367832558 ], [ -0.212921916198335, 51.515250410309157 ], [ -0.212650541333745, 51.515134245488873 ], [ -0.212583713539181, 51.515166526864036 ], [ -0.212657454556776, 51.515083956176021 ], [ -0.21269653384514, 51.515038527397223 ], [ -0.212803713203041, 51.514913966984196 ], [ -0.212763473569762, 51.514899235463496 ], [ -0.212766767679356, 51.514892406298365 ], [ -0.212787155911447, 51.514894758266536 ], [ -0.212825478443271, 51.514899190995997 ], [ -0.212833498621987, 51.514900122526896 ], [ -0.213201458121841, 51.515038764985462 ], [ -0.213222937799535, 51.515049685485849 ], [ -0.213229509371033, 51.515053013938576 ], [ -0.213436128974672, 51.515080085958971 ], [ -0.213453641717276, 51.515071400535469 ], [ -0.213519256059128, 51.515038434732972 ], [ -0.213526853947649, 51.515033955219515 ], [ -0.213550628634387, 51.515017914764229 ], [ -0.213554166905302, 51.515015522658324 ], [ -0.213564631859689, 51.515008676784667 ], [ -0.213715958484227, 51.514990244355054 ], [ -0.213818416754923, 51.514977758108309 ], [ -0.213986203363332, 51.514823967253704 ], [ -0.214020717067219, 51.51480345901691 ], [ -0.214059982085902, 51.514780127487164 ], [ -0.214063759937675, 51.514777136508158 ], [ -0.214104600966293, 51.514744836338231 ], [ -0.214148516016038, 51.514727528691054 ], [ -0.21420452321274, 51.514705432202462 ], [ -0.214230916328122, 51.514695024884169 ], [ -0.214236347072323, 51.514692886384402 ], [ -0.214308953221075, 51.514679001016141 ], [ -0.21436703789829, 51.514667898081186 ], [ -0.214403695158147, 51.514672529760347 ], [ -0.215008975103175, 51.514748907967586 ], [ -0.215020706606573, 51.51475039041933 ], [ -0.215323892448096, 51.514788645073352 ], [ -0.215928730437912, 51.514864975818824 ], [ -0.215987661243788, 51.514872409745564 ], [ -0.21612909462638, 51.514888939916233 ], [ -0.216214158682205, 51.514898875427299 ], [ -0.216552119064807, 51.514938366122912 ], [ -0.216566767672653, 51.51494007262383 ], [ -0.216597412904153, 51.51494365898963 ], [ -0.216607427261933, 51.514944827411107 ], [ -0.216696508871026, 51.514955228320289 ], [ -0.216782662975361, 51.514965305885951 ], [ -0.216913050047529, 51.514980534108943 ], [ -0.216939922158552, 51.514983676346745 ], [ -0.216923387400283, 51.514988559787774 ], [ -0.216910366184504, 51.514993523614102 ], [ -0.216720470914503, 51.5150660309492 ], [ -0.216704976726017, 51.515071946344911 ], [ -0.216698755902646, 51.515071806807448 ], [ -0.216575288115466, 51.515080513985076 ], [ -0.216554965686835, 51.515083478314956 ], [ -0.216363706879932, 51.515039294119298 ], [ -0.215688298094016, 51.515353772499481 ], [ -0.215398477035152, 51.51531715197121 ], [ -0.215389729755054, 51.515321542177233 ], [ -0.215381776115706, 51.515325539789323 ], [ -0.215330300348588, 51.515311735308217 ], [ -0.21526428105121, 51.515365765662573 ], [ -0.215261645742789, 51.515367919765026 ], [ -0.215314758662463, 51.515384455962888 ], [ -0.215646524429467, 51.51548771158447 ], [ -0.215788809871281, 51.515534839009881 ], [ -0.216141332637656, 51.515636241720884 ], [ -0.216297030313162, 51.515733328640898 ], [ -0.216316391693638, 51.515745187558906 ], [ -0.216417742312063, 51.515781530088745 ], [ -0.216426142517206, 51.515784544445381 ], [ -0.216430776156557, 51.515786206593646 ], [ -0.216357823476154, 51.515876777047652 ], [ -0.21634796215398, 51.515889018924838 ], [ -0.216351290359368, 51.516001144515876 ], [ -0.216359537126905, 51.516279474490894 ], [ -0.216414311977994, 51.516315477487545 ], [ -0.216524216980664, 51.516367336351699 ], [ -0.216605300266387, 51.516392903151832 ], [ -0.216694079795918, 51.516410736346259 ], [ -0.216765143076135, 51.516417571958378 ], [ -0.216867996754921, 51.516418263229184 ], [ -0.21694709054778, 51.516411021464791 ], [ -0.216955453189922, 51.516469591589846 ], [ -0.217009166390061, 51.516608031031801 ], [ -0.217012099091264, 51.516615602427919 ], [ -0.217210474898807, 51.51675190611882 ], [ -0.217163737801027, 51.516784981037198 ], [ -0.217371409619128, 51.516740916981995 ], [ -0.217372440472152, 51.51672891851468 ], [ -0.217428990784117, 51.516722089208194 ], [ -0.217428468533764, 51.516728816740162 ], [ -0.217441820614496, 51.516755979502449 ], [ -0.217467280147717, 51.516801212560338 ], [ -0.217553389752907, 51.516954208479405 ], [ -0.217625537427628, 51.517082379397131 ], [ -0.217674057489909, 51.517168600424192 ], [ -0.217699072734391, 51.517213044312143 ], [ -0.217732970744127, 51.517273252315761 ], [ -0.217759696888373, 51.517320761685731 ], [ -0.217775219230415, 51.51734742860917 ], [ -0.217759914049401, 51.517350998146199 ], [ -0.217733470156151, 51.517357151980271 ], [ -0.217592609500769, 51.517389956979095 ], [ -0.21740971099039, 51.517432563410615 ], [ -0.21727237026577, 51.517464540242685 ], [ -0.217022705909534, 51.517522695761379 ], [ -0.217007578213747, 51.517526220237947 ], [ -0.216950165675637, 51.517539596351135 ], [ -0.216944827456557, 51.517540837121821 ], [ -0.216830031787178, 51.517567571721194 ], [ -0.216801420244419, 51.517574231952182 ], [ -0.216733112770524, 51.51759014461814 ], [ -0.216684427843365, 51.517601481565528 ], [ -0.216634462615347, 51.517613122762384 ], [ -0.216599058237446, 51.517621361290594 ], [ -0.216519986999945, 51.517638665908997 ], [ -0.216405268831683, 51.517663773611297 ], [ -0.216379623875799, 51.517669390741105 ], [ -0.21637063942656, 51.517671358401209 ], [ -0.216268947718997, 51.517693597561284 ], [ -0.21623197799504, 51.517701686279977 ], [ -0.216145637609644, 51.517720579713142 ], [ -0.215903974381714, 51.517773458976293 ], [ -0.215789633591664, 51.517798481894602 ], [ -0.215561330037958, 51.517848434231247 ], [ -0.215475090997038, 51.517867301738434 ], [ -0.215447259059258, 51.51787355084894 ], [ -0.215389414377787, 51.5178865284512 ], [ -0.215362236968534, 51.517892625632427 ], [ -0.21521409145122, 51.517925865515579 ], [ -0.215173027150827, 51.517935078628433 ], [ -0.215028095105191, 51.517967593808272 ], [ -0.214988048574562, 51.517976579543422 ], [ -0.214834565599031, 51.518011023674219 ], [ -0.214827193337186, 51.518012674032562 ], [ -0.214657395063547, 51.518050772433497 ], [ -0.214652029672616, 51.518051967724048 ], [ -0.214521972518804, 51.518081147601833 ], [ -0.214510470166968, 51.518083733256361 ], [ -0.214493006181125, 51.518087648999376 ], [ -0.21446658463271, 51.518093577627553 ], [ -0.214347113306248, 51.5181203825273 ], [ -0.214290794961808, 51.518133014129496 ], [ -0.214175204758789, 51.518158978676261 ], [ -0.21414030548127, 51.518166810497526 ], [ -0.214056984244057, 51.518185487583601 ], [ -0.213973328105331, 51.518204249438007 ], [ -0.213949189480542, 51.518209664160096 ], [ -0.21379281221311, 51.518244731021525 ], [ -0.213618770875474, 51.51828365988429 ], [ -0.213598922487965, 51.518288096726053 ], [ -0.213436354030358, 51.518324450996033 ], [ -0.213425300456466, 51.518326689070875 ], [ -0.213260552430129, 51.518363777872949 ], [ -0.213253354677537, 51.518365385828133 ], [ -0.213125974820549, 51.518393876548245 ], [ -0.213059755110654, 51.51840867683228 ], [ -0.212903844964749, 51.518443558090944 ], [ -0.212897868483434, 51.518444896866519 ], [ -0.212808193116093, 51.518464960050011 ], [ -0.21277413838184, 51.518472561534409 ], [ -0.212723637218208, 51.518483851193615 ], [ -0.212692766404747, 51.518490754778497 ], [ -0.212524874244684, 51.518528303631612 ], [ -0.212518156036575, 51.518529810937956 ], [ -0.212492011203922, 51.518535653415228 ], [ -0.212449333119866, 51.518545191702813 ], [ -0.212390805145064, 51.518558274329436 ], [ -0.212351892819087, 51.518566979699521 ], [ -0.212228829988162, 51.518594519076267 ], [ -0.212151166122372, 51.518611869199219 ], [ -0.212107673108056, 51.518621601773162 ], [ -0.211972686785987, 51.518651791824972 ], [ -0.21195539734848, 51.518655655898009 ], [ -0.211798359103423, 51.518690774792915 ], [ -0.21165131035407, 51.518723662729712 ], [ -0.211632930608411, 51.518727761926677 ], [ -0.211572220254333, 51.518741350433537 ], [ -0.211504312343369, 51.51875653776829 ], [ -0.211410264215327, 51.51877744147577 ], [ -0.211392227686967, 51.51878160881688 ], [ -0.211268218217986, 51.518809366567758 ], [ -0.211262459835166, 51.518810654630677 ], [ -0.210886129204874, 51.518894814685368 ], [ -0.210874629671175, 51.518897795704426 ], [ -0.210869670384063, 51.518887783219128 ], [ -0.210838857087271, 51.518833654279341 ], [ -0.210816498715521, 51.518794384203133 ], [ -0.210812586509726, 51.518787921785773 ], [ -0.210774234157733, 51.518724622267101 ], [ -0.210756945966172, 51.518696103754408 ], [ -0.210734433238928, 51.518658935579595 ], [ -0.21070396024926, 51.518608633654772 ], [ -0.210693414909171, 51.518591215959809 ], [ -0.210688798778583, 51.518583591744857 ], [ -0.210671904124479, 51.518555699711946 ], [ -0.210665026128712, 51.5185443720042 ], [ -0.210627271352305, 51.518482016779743 ], [ -0.210621165482885, 51.518471950821741 ], [ -0.21059850368004, 51.518434546535488 ], [ -0.210582610968892, 51.518408306429464 ], [ -0.210563928102541, 51.518377500468972 ], [ -0.210537991475436, 51.518334659632302 ], [ -0.210491211578114, 51.51825810761472 ], [ -0.210455305172498, 51.518198176160546 ], [ -0.210405677324985, 51.518116260621703 ], [ -0.210386766022183, 51.518085037483921 ], [ -0.210343812161656, 51.518014140780203 ], [ -0.21034082111446, 51.518009185174471 ], [ -0.210234405501076, 51.517833527333153 ], [ -0.210214546362425, 51.517800751963925 ], [ -0.210185631655634, 51.517753009584219 ], [ -0.210148269469584, 51.517691334624118 ], [ -0.210038245191569, 51.517509749337648 ], [ -0.210091026124274, 51.517497137737863 ], [ -0.210112831530379, 51.517492047911929 ], [ -0.210304468879333, 51.517447311005469 ], [ -0.210475958897015, 51.517407275319549 ], [ -0.210603066829069, 51.51737760530213 ], [ -0.210649528591626, 51.517366758529306 ], [ -0.211259987946984, 51.517224246589599 ], [ -0.211272556247758, 51.517221308811045 ], [ -0.211442269605495, 51.517181694262725 ], [ -0.211580490026576, 51.517149422910222 ], [ -0.211642547373404, 51.517135980848586 ], [ -0.211654293114375, 51.517133435157362 ], [ -0.211663087926488, 51.517131527915389 ], [ -0.211795924915674, 51.51710274430765 ], [ -0.211823152184766, 51.517096846551368 ], [ -0.211842602488999, 51.517092628760189 ], [ -0.211879511328427, 51.517084630422346 ], [ -0.211892884810399, 51.517081740822846 ], [ -0.211900284072823, 51.517080136024184 ], [ -0.211963300751257, 51.517066483601759 ], [ -0.211970510986909, 51.517064920880401 ], [ -0.212015356941505, 51.517055199998211 ], [ -0.212020808181948, 51.517054019626265 ], [ -0.212038688481095, 51.517050142072868 ], [ -0.212083374195114, 51.517040463685426 ], [ -0.212097511232192, 51.517036110911242 ], [ -0.212113442932751, 51.517031200968972 ], [ -0.212138927695733, 51.517023496941363 ], [ -0.212193319216109, 51.517006609581522 ], [ -0.212206201936579, 51.517002633352391 ], [ -0.212216356119546, 51.516999505805771 ], [ -0.212260809859487, 51.51698581310724 ], [ -0.212297458483739, 51.51697451937391 ], [ -0.212334982285505, 51.516962960195649 ], [ -0.212361943646642, 51.516954648240436 ], [ -0.212366233193264, 51.516953319755679 ], [ -0.212381536986463, 51.516948616030987 ], [ -0.212395352840189, 51.51694436623788 ], [ -0.212424940114626, 51.516935248979365 ], [ -0.212434189560646, 51.51693240438302 ], [ -0.212488476543824, 51.516915678060521 ], [ -0.212495406420295, 51.516913544499765 ], [ -0.212502752813892, 51.516911264411149 ], [ -0.212522481817493, 51.516904159627593 ], [ -0.21254829942207, 51.516894872486901 ], [ -0.212601075412729, 51.516875874933085 ], [ -0.212618969672507, 51.516869430111598 ], [ -0.212702007459722, 51.516839544937326 ], [ -0.212714001634759, 51.516834700815309 ], [ -0.212736218503769, 51.516825713978633 ], [ -0.212865389501673, 51.516773465520949 ] ] ] } },
{ "type": "Feature", "properties": { "lsoa21cd": "E01002908", "lsoa21nm": "Kensington and Chelsea 003D", "msoa21cd": "E02000579", "msoa21nm": "Kensington and Chelsea 003", "lad22cd": "E09000020", "lad22nm": "Kensington and Chelsea", "index_right": 470, "GSS_CODE": "E05009404", "risk_score": 7.511669450063704, "allocation_hours": 103.62578845602933, "patrol_units": 52 }, "geometry": { "type": "Polygon", "coordinates": [ [ [ -0.222308371987525, 51.522690589366803 ], [ -0.222299109639496, 51.522674882833549 ], [ -0.222220382034029, 51.522687628487276 ], [ -0.222181769797298, 51.522534331048824 ], [ -0.222236495834628, 51.522440576091327 ], [ -0.222267719204251, 51.522418001150157 ], [ -0.222323399355351, 51.522394088164553 ], [ -0.222339193649451, 51.522387547047899 ], [ -0.222353153895483, 51.522384791004463 ], [ -0.222445578090331, 51.522343854134142 ], [ -0.222470398313559, 51.522336887708384 ], [ -0.222529312206431, 51.522318396696811 ], [ -0.222540757279981, 51.522313228479938 ], [ -0.222546039566893, 51.52231084453134 ], [ -0.222577900512155, 51.522301498291981 ], [ -0.222646763300865, 51.522272209446449 ], [ -0.222654619431086, 51.522267400510309 ], [ -0.222746978022576, 51.522230724902421 ], [ -0.222756270829159, 51.522225299247232 ], [ -0.222773380776676, 51.522215324842101 ], [ -0.222834791285781, 51.522195644004839 ], [ -0.222871528349335, 51.522187675472097 ], [ -0.222896947265471, 51.52218013800163 ], [ -0.222898404267515, 51.522174188982291 ], [ -0.222971336381501, 51.522025243067056 ], [ -0.222986434332954, 51.521994384312009 ], [ -0.222993036885033, 51.521986229103767 ], [ -0.222846090773042, 51.521871892623643 ], [ -0.222726917134576, 51.521779163230079 ], [ -0.222701776053484, 51.521759592174561 ], [ -0.222681279253612, 51.521743652537992 ], [ -0.222668186274437, 51.521751718401298 ], [ -0.222628294281022, 51.521683237921067 ], [ -0.222584124314717, 51.5216074625652 ], [ -0.222559628224643, 51.521565419741286 ], [ -0.222517850473088, 51.521493736263494 ], [ -0.222447041563794, 51.521372475553832 ], [ -0.222420540236813, 51.521326780097723 ], [ -0.222361644118905, 51.521225719153279 ], [ -0.222341850117067, 51.521191750940055 ], [ -0.222329149441096, 51.521169958272246 ], [ -0.222319949677577, 51.521163011480795 ], [ -0.222320488316084, 51.521160285890396 ], [ -0.222321259757519, 51.521156394788797 ], [ -0.222318624945226, 51.521151876550547 ], [ -0.222315422543995, 51.521146387503727 ], [ -0.222284805617366, 51.521092750337132 ], [ -0.222261988116231, 51.521052774201301 ], [ -0.222235999884981, 51.521007237550577 ], [ -0.222193279989375, 51.520932383268907 ], [ -0.222190526753474, 51.520927575469784 ], [ -0.222184252717367, 51.520916572372194 ], [ -0.222105258618578, 51.520873348433668 ], [ -0.222096253829871, 51.520869538501316 ], [ -0.222063013447348, 51.520814062998106 ], [ -0.222055014302407, 51.520800722652034 ], [ -0.221962989939837, 51.52081926469927 ], [ -0.221872679780099, 51.52083746395698 ], [ -0.22169312035272, 51.520873635543566 ], [ -0.221492769692033, 51.52091400597859 ], [ -0.221473867985417, 51.520917811088495 ], [ -0.22146862425505, 51.520909224595819 ], [ -0.221455398792081, 51.520887594735619 ], [ -0.221440967226625, 51.520863995195242 ], [ -0.221399489161795, 51.52079614669838 ], [ -0.221360545027886, 51.520732446220102 ], [ -0.221275496199089, 51.520593318218864 ], [ -0.221265502468242, 51.520576980019214 ], [ -0.221251626699834, 51.520554288140673 ], [ -0.221236179011595, 51.520529027521476 ], [ -0.221153549250198, 51.52039386586938 ], [ -0.220975241840227, 51.520102211909219 ], [ -0.22133175161552, 51.520162481038717 ], [ -0.221699900588514, 51.520068009878472 ], [ -0.221564660866345, 51.519831082111146 ], [ -0.221440995852227, 51.519614412827131 ], [ -0.221723823920581, 51.519658714312058 ], [ -0.221730041486281, 51.519659694321454 ], [ -0.221938141483328, 51.519692370962815 ], [ -0.221999079382814, 51.519701940844257 ], [ -0.222051550289998, 51.519710181873272 ], [ -0.222169708940752, 51.519728725604303 ], [ -0.222198175506324, 51.519733203624611 ], [ -0.222266685092119, 51.51974396271396 ], [ -0.222394492602695, 51.519764028286417 ], [ -0.222404406741125, 51.519765581341453 ], [ -0.222433260557315, 51.519770110134736 ], [ -0.222546397622823, 51.519787875981557 ], [ -0.222569850265454, 51.519791558543467 ], [ -0.222611855758437, 51.519798156995073 ], [ -0.222667113402361, 51.519806835639187 ], [ -0.222682170862899, 51.519809194986017 ], [ -0.222759892812726, 51.519821397267641 ], [ -0.222787772360865, 51.5198257763263 ], [ -0.222873194577303, 51.519839196767286 ], [ -0.222924247861294, 51.519847204605973 ], [ -0.222944448311469, 51.519850379210645 ], [ -0.222948445114573, 51.51985101527405 ], [ -0.223088531419737, 51.519873001638032 ], [ -0.223114362557789, 51.519877052839561 ], [ -0.223149505648316, 51.519882575966548 ], [ -0.22322916213134, 51.519895077012073 ], [ -0.223418016522874, 51.51992472581405 ], [ -0.22349785903072, 51.519937265463838 ], [ -0.223503632718714, 51.519938171213411 ], [ -0.223652816510391, 51.519961598578561 ], [ -0.223747803156488, 51.519976498589934 ], [ -0.223889393757076, 51.519998740576554 ], [ -0.223931700759896, 51.520005379088879 ], [ -0.224182447471856, 51.520044749332015 ], [ -0.224209109447926, 51.520048938763559 ], [ -0.224273121749793, 51.520058981141375 ], [ -0.224401016786779, 51.520079063831112 ], [ -0.224468202231074, 51.520089612746801 ], [ -0.22450763677152, 51.520095802913815 ], [ -0.224555001242089, 51.520103237143232 ], [ -0.224601248017387, 51.520110501566116 ], [ -0.224608583594114, 51.520111646718341 ], [ -0.224654629753929, 51.520118881106576 ], [ -0.224690418338752, 51.520124494471382 ], [ -0.22472801157942, 51.520130404909743 ], [ -0.224829617730214, 51.520146348425875 ], [ -0.224908114216803, 51.520158677902664 ], [ -0.225022829142897, 51.520176690041289 ], [ -0.225033989781305, 51.520178441583198 ], [ -0.225094205522432, 51.520187895511896 ], [ -0.225124550745151, 51.520174478980181 ], [ -0.225169737946615, 51.520154515529491 ], [ -0.225276788492056, 51.520107206105777 ], [ -0.225343285849909, 51.520077825941456 ], [ -0.225405339503737, 51.520050401863251 ], [ -0.225426106158916, 51.520041471565811 ], [ -0.225490830257873, 51.520012613046049 ], [ -0.22549654989791, 51.520010091697706 ], [ -0.225564895316508, 51.519979885061481 ], [ -0.225632789872136, 51.519949779478139 ], [ -0.225682864291643, 51.519927560656448 ], [ -0.225826706468818, 51.519863748152197 ], [ -0.225835389510174, 51.519859895730491 ], [ -0.225860250439837, 51.519848869043237 ], [ -0.225893779983626, 51.519833989706562 ], [ -0.225905484420257, 51.519828798105465 ], [ -0.226031094658597, 51.519773072785739 ], [ -0.226059241088607, 51.51976058497543 ], [ -0.226063787590324, 51.519758576425552 ], [ -0.226081007089592, 51.519750932278406 ], [ -0.226201304564241, 51.519705791678625 ], [ -0.226210593015542, 51.519702308086217 ], [ -0.226221051743557, 51.519698383562954 ], [ -0.226330861777386, 51.519657157927021 ], [ -0.226339316505706, 51.519653985454468 ], [ -0.22641495509515, 51.519625615156478 ], [ -0.226460724733817, 51.519608438728142 ], [ -0.226466943498175, 51.519605682077106 ], [ -0.226593443255663, 51.519558188842275 ], [ -0.226613783458655, 51.519550724877469 ], [ -0.226636952800166, 51.519568747345573 ], [ -0.226680607429134, 51.519603017026547 ], [ -0.226604141431404, 51.51963302513218 ], [ -0.226683699968967, 51.519715925446476 ], [ -0.226646877360085, 51.519738030251609 ], [ -0.226701965904804, 51.519773884581845 ], [ -0.226748969899345, 51.519813402583807 ], [ -0.226831057345469, 51.519882429458001 ], [ -0.226861165237183, 51.51990774003508 ], [ -0.22689574016848, 51.519936796087713 ], [ -0.226935213718161, 51.519969990815881 ], [ -0.22697408743187, 51.520002672880004 ], [ -0.226987906000857, 51.520014293317821 ], [ -0.22703045082983, 51.520050061347256 ], [ -0.227065946375351, 51.520079913616819 ], [ -0.22711905781257, 51.52012456411132 ], [ -0.227151077810478, 51.520151495196217 ], [ -0.227194627986737, 51.520188105675373 ], [ -0.22729410016068, 51.520272425136987 ], [ -0.22732640914186, 51.52029889831941 ], [ -0.227390429093802, 51.520352733083833 ], [ -0.227425262467628, 51.520382017696505 ], [ -0.227453625779194, 51.520405871936966 ], [ -0.227522427491795, 51.520463708636804 ], [ -0.227556890795188, 51.520492690862845 ], [ -0.227603847393399, 51.520532167331609 ], [ -0.227643810802749, 51.520565764890378 ], [ -0.227715195013401, 51.520625780725489 ], [ -0.227783829391823, 51.520683488844348 ], [ -0.227822885642829, 51.520716326252135 ], [ -0.227867734401717, 51.520754044195058 ], [ -0.227871419611536, 51.520757139356789 ], [ -0.227917944118658, 51.520796249466422 ], [ -0.227927338156517, 51.520804151967269 ], [ -0.227961104349804, 51.520832539023715 ], [ -0.227969284517065, 51.520839407023487 ], [ -0.228079991172065, 51.520932488811468 ], [ -0.228095541504294, 51.520945556100649 ], [ -0.22814147982968, 51.520984180659013 ], [ -0.2282313190255, 51.521059708343593 ], [ -0.22827762944154, 51.521098779103852 ], [ -0.22805494584451, 51.521198035281103 ], [ -0.228051519251204, 51.5212862594014 ], [ -0.228049325370704, 51.521342744766685 ], [ -0.228047920668473, 51.521358127877761 ], [ -0.227947492385415, 51.52140454166409 ], [ -0.227922114054379, 51.521416262400322 ], [ -0.227891656879709, 51.521430334422654 ], [ -0.227688392862363, 51.521524258343533 ], [ -0.227618098694475, 51.521556738880122 ], [ -0.227556919407157, 51.521585013645769 ], [ -0.22750560512058, 51.521608698312491 ], [ -0.227423892340637, 51.521542168549246 ], [ -0.227431802956802, 51.521538538147745 ], [ -0.227362041200119, 51.521479032264203 ], [ -0.227215723087505, 51.521354234380944 ], [ -0.227146241277578, 51.521294957410987 ], [ -0.227125033548862, 51.521299875143072 ], [ -0.227066247441318, 51.521253956385237 ], [ -0.226694836189179, 51.521438334577788 ], [ -0.226648180859981, 51.521456743185048 ], [ -0.226539283085246, 51.521447327579871 ], [ -0.226518805903423, 51.521441235811658 ], [ -0.226308340608614, 51.521398855539253 ], [ -0.226290698556572, 51.521392141138548 ], [ -0.226226182617149, 51.521377568976831 ], [ -0.226137030286915, 51.521354512978235 ], [ -0.226128567133603, 51.521352703407217 ], [ -0.22607931716045, 51.521344045294654 ], [ -0.22598265512778, 51.521320983546538 ], [ -0.225936631708367, 51.52131164575944 ], [ -0.225897138549375, 51.521369392591922 ], [ -0.225880522292251, 51.521391532915246 ], [ -0.22586746397085, 51.521418556064035 ], [ -0.225791969874014, 51.521537645561914 ], [ -0.225781157193732, 51.521558443808132 ], [ -0.225771027871535, 51.521573901788962 ], [ -0.22576616992607, 51.521581319163964 ], [ -0.225737992728964, 51.52160716944416 ], [ -0.225662852406991, 51.521698243259848 ], [ -0.22565889614386, 51.521709532092601 ], [ -0.225648676803662, 51.521738792344962 ], [ -0.225636416793555, 51.521773821962888 ], [ -0.225633468405033, 51.521839252505984 ], [ -0.22569122253805, 51.522004348808451 ], [ -0.22535570749002, 51.521895230021705 ], [ -0.225162460108896, 51.521886003064452 ], [ -0.225151067581945, 51.521886496178752 ], [ -0.225150413826342, 51.521901818675019 ], [ -0.225265414790036, 51.522108243378199 ], [ -0.225275547307119, 51.522126431307896 ], [ -0.22510733698464, 51.522157240349216 ], [ -0.224883535942047, 51.522198215040248 ], [ -0.224804236350373, 51.522212734307921 ], [ -0.224814606276623, 51.522296315570131 ], [ -0.22478745418803, 51.522322468894508 ], [ -0.225229149573014, 51.522503913311681 ], [ -0.225433330336864, 51.522589373928135 ], [ -0.225285923017988, 51.522656405322948 ], [ -0.225182224875358, 51.522702983105461 ], [ -0.224967160738297, 51.522801283061256 ], [ -0.224952176306027, 51.522808133539293 ], [ -0.224796408652386, 51.522758979332735 ], [ -0.224775353280889, 51.522718652675579 ], [ -0.22470968798025, 51.522585036230119 ], [ -0.224649059472616, 51.522461648605848 ], [ -0.224562811329952, 51.522286147821582 ], [ -0.224523790481544, 51.522286132864338 ], [ -0.22451434287344, 51.52226590941725 ], [ -0.224464325217414, 51.522275107310875 ], [ -0.224364751555568, 51.522293492035594 ], [ -0.224217814999891, 51.522320638036064 ], [ -0.224177699448901, 51.522328007306093 ], [ -0.224030443286185, 51.522355211182813 ], [ -0.223738457839851, 51.522409126074045 ], [ -0.22368261631135, 51.522419431480671 ], [ -0.223661751716281, 51.522423288158997 ], [ -0.223635369931878, 51.522428158399485 ], [ -0.223499394892572, 51.52245327526569 ], [ -0.223600969935873, 51.522439040188502 ], [ -0.223553628508899, 51.522449096540413 ], [ -0.223512012884999, 51.522462036268649 ], [ -0.223439243376623, 51.522484674888794 ], [ -0.223390634290868, 51.522505071457275 ], [ -0.223300243092182, 51.522556003659027 ], [ -0.223271925402572, 51.522581338641245 ], [ -0.223309392471075, 51.522657902487424 ], [ -0.22318983765142, 51.522911697704494 ], [ -0.223188627176123, 51.52291427823473 ], [ -0.22301466764146, 51.522950464714064 ], [ -0.222849791589722, 51.522960691994228 ], [ -0.222843303366057, 51.522961097303039 ], [ -0.222697057751968, 51.52302297230036 ], [ -0.22266662205958, 51.523036054106868 ], [ -0.222484509593897, 51.522989186526793 ], [ -0.222379389030115, 51.522810988196923 ], [ -0.222308371987525, 51.522690589366803 ] ] ] } },
{ "type": "Feature", "properties": { "lsoa21cd": "E01002905", "lsoa21nm": "Kensington and Chelsea 002B", "msoa21cd": "E02000578", "msoa21nm": "Kensington and Chelsea 002", "lad22cd": "E09000020", "lad22nm": "Kensington and Chelsea", "index_right": 470, "GSS_CODE": "E05009404", "risk_score": 7.2123047053460283, "allocation_hours": 99.495959805616067, "patrol_units": 50 }, "geometry": { "type": "Polygon", "coordinates": [ [ [ -0.214020377974578, 51.52441421174548 ], [ -0.213967165474231, 51.524315274275274 ], [ -0.213867191319825, 51.524129385698814 ], [ -0.213862380572336, 51.524120445740252 ], [ -0.213860432311809, 51.524116819033324 ], [ -0.213853956148611, 51.524104760259966 ], [ -0.213820604940542, 51.524042743016253 ], [ -0.213810647589715, 51.524024237490757 ], [ -0.21379016899169, 51.523986165715584 ], [ -0.213770644699391, 51.523949862025788 ], [ -0.21374094846692, 51.52389464486513 ], [ -0.213738018549284, 51.523889213679254 ], [ -0.21373190504323, 51.523877834865985 ], [ -0.213724716758711, 51.523864452320247 ], [ -0.21371877717648, 51.523853417873646 ], [ -0.213716250966574, 51.523848721235701 ], [ -0.213687058914134, 51.523796830009459 ], [ -0.213665911799546, 51.523759269601307 ], [ -0.213631666043557, 51.523698389728828 ], [ -0.213582110008117, 51.523610298870373 ], [ -0.213579630191022, 51.523605890699116 ], [ -0.21357740509976, 51.523601972007704 ], [ -0.213560815498137, 51.523572457425338 ], [ -0.213492969694465, 51.523451894457487 ], [ -0.213488980864038, 51.523444792498232 ], [ -0.213441825219856, 51.523361678668053 ], [ -0.21340462648654, 51.523294868984358 ], [ -0.213397685341902, 51.523282542315101 ], [ -0.213393063068361, 51.523274315621272 ], [ -0.213359221718143, 51.52321417021917 ], [ -0.213355434598201, 51.523207440023867 ], [ -0.21334896533247, 51.523195947858298 ], [ -0.21332846699188, 51.523159503353327 ], [ -0.213296337893131, 51.523102387540852 ], [ -0.213264275626758, 51.523045407625482 ], [ -0.213251836091285, 51.523023303166063 ], [ -0.213231499166703, 51.522987157856605 ], [ -0.21321844025325, 51.522963937868127 ], [ -0.213205560845325, 51.522941655843745 ], [ -0.213192181845372, 51.522918511910092 ], [ -0.213183555419702, 51.522903578677585 ], [ -0.21317549570827, 51.522889634271046 ], [ -0.213135683123382, 51.522820755944196 ], [ -0.213108264412503, 51.52277330693876 ], [ -0.2130812645509, 51.522726574722604 ], [ -0.213066589596777, 51.522701189857031 ], [ -0.213053643582174, 51.522678771910037 ], [ -0.213041142016967, 51.52265715208155 ], [ -0.213035539276181, 51.522647462625891 ], [ -0.213006824697569, 51.522597772678708 ], [ -0.212973574818293, 51.522540217040451 ], [ -0.212967878301083, 51.522530346300364 ], [ -0.212963017957419, 51.522521945101097 ], [ -0.212954903920854, 51.522507918916396 ], [ -0.212927053088267, 51.522459734878822 ], [ -0.212912770390086, 51.522435012427827 ], [ -0.212906195567961, 51.522423644523201 ], [ -0.212890198395615, 51.522395955366378 ], [ -0.212887808992536, 51.52239181833432 ], [ -0.212874538519437, 51.522368855865409 ], [ -0.212841423174207, 51.522311554027588 ], [ -0.212813775646411, 51.522263705783651 ], [ -0.212778932618718, 51.522203410042628 ], [ -0.212754997346464, 51.522161994102632 ], [ -0.212731615456644, 51.522121539805227 ], [ -0.212717548680361, 51.522097198306902 ], [ -0.212690806072386, 51.522050910546895 ], [ -0.212682962018043, 51.522037356070321 ], [ -0.212678507208184, 51.522029644475097 ], [ -0.212661389579126, 51.522000022785036 ], [ -0.212631393818784, 51.521948101030908 ], [ -0.212591057269166, 51.521878288273008 ], [ -0.212582456873387, 51.5218634363208 ], [ -0.212571805462073, 51.521845010026652 ], [ -0.212558481901553, 51.521821938797153 ], [ -0.212527459807752, 51.521768256807533 ], [ -0.212486137411789, 51.521696756360988 ], [ -0.212420595933215, 51.521585031574055 ], [ -0.212419233131054, 51.521581000101094 ], [ -0.212363171190313, 51.521483951795403 ], [ -0.212352951721188, 51.521466278448166 ], [ -0.212328868953202, 51.521424599376587 ], [ -0.212320296480929, 51.521409774806102 ], [ -0.212312872468732, 51.521396910141476 ], [ -0.212303098858463, 51.521379998963603 ], [ -0.212301491938766, 51.521377231727499 ], [ -0.212273433605369, 51.52132867565556 ], [ -0.212262047314376, 51.521308961179017 ], [ -0.212240732011008, 51.521272072363331 ], [ -0.212238166713912, 51.52126764487204 ], [ -0.212217323613169, 51.521231581575911 ], [ -0.212209521644651, 51.521218063675484 ], [ -0.212207658981765, 51.521214833916979 ], [ -0.212182563991095, 51.521171403810236 ], [ -0.212162679356048, 51.521137000759268 ], [ -0.21215541632929, 51.521124444285853 ], [ -0.21215343247201, 51.521120996856496 ], [ -0.212144900864479, 51.521106235842666 ], [ -0.212128161222308, 51.521077285279247 ], [ -0.212093516005557, 51.521017320553938 ], [ -0.212074245943838, 51.520983974492665 ], [ -0.21205540064156, 51.520951376792659 ], [ -0.212053201095874, 51.520947548384108 ], [ -0.21202991493003, 51.520907257255068 ], [ -0.212014485813433, 51.520880547824333 ], [ -0.211972219979436, 51.520807414122878 ], [ -0.211949257506291, 51.520767694444451 ], [ -0.211926187926233, 51.520727766298172 ], [ -0.211920923960165, 51.520718639488571 ], [ -0.211866669339176, 51.520625549136582 ], [ -0.211899376935844, 51.520618528975646 ], [ -0.212292605467945, 51.52053016277091 ], [ -0.212337377492301, 51.52052020680722 ], [ -0.212347497592217, 51.520517968993772 ], [ -0.212380287597811, 51.520510681076409 ], [ -0.21239018529942, 51.520508233040026 ], [ -0.212641629202585, 51.52045085174241 ], [ -0.212698123942226, 51.520440058091204 ], [ -0.212765070891242, 51.520425170152258 ], [ -0.212769168439501, 51.520425439411071 ], [ -0.212805672945096, 51.520417524529485 ], [ -0.212845070235597, 51.520408988254545 ], [ -0.2128788364567, 51.520402533399484 ], [ -0.212888639551398, 51.520400659407485 ], [ -0.213353847177797, 51.520299834350503 ], [ -0.213634148370183, 51.520236136999259 ], [ -0.213668268247723, 51.520228374382427 ], [ -0.213697181257031, 51.520221800425809 ], [ -0.213802172501777, 51.520197932071966 ], [ -0.214057985372791, 51.520138766305188 ], [ -0.214069981272616, 51.520135185529021 ], [ -0.214094901954567, 51.520130291663754 ], [ -0.214101408093546, 51.520129566991791 ], [ -0.214120524710744, 51.520123958872311 ], [ -0.214153901742791, 51.520114179453323 ], [ -0.21437083167009, 51.520065315607425 ], [ -0.214436912851944, 51.520050422535626 ], [ -0.214497423517366, 51.520036802523258 ], [ -0.214570397608829, 51.520020359652221 ], [ -0.214729331550577, 51.519984559961216 ], [ -0.214814607986389, 51.519965354590468 ], [ -0.214968015726714, 51.519930792393595 ], [ -0.214974603359378, 51.519929309937041 ], [ -0.215030853131237, 51.519916640979396 ], [ -0.215281141265454, 51.519860261639458 ], [ -0.215652638888595, 51.519776571514733 ], [ -0.215799268421794, 51.519743541790362 ], [ -0.21601094528503, 51.519695854002215 ], [ -0.216064388216082, 51.519683807319403 ], [ -0.216218491888414, 51.519649092216397 ], [ -0.216626253554374, 51.519557245621193 ], [ -0.216784660812716, 51.519521561056614 ], [ -0.217007416600533, 51.519471378087346 ], [ -0.217146249821114, 51.519440098654172 ], [ -0.217160311970922, 51.519436931154502 ], [ -0.217296446959931, 51.51940627149321 ], [ -0.217444537313964, 51.51937766381095 ], [ -0.217443293785745, 51.519374443545438 ], [ -0.217395482220949, 51.519251219666842 ], [ -0.217370718298244, 51.51918740947356 ], [ -0.217318426048717, 51.519052705843336 ], [ -0.217316933414203, 51.519048852307812 ], [ -0.21735171133878, 51.519056673830839 ], [ -0.217366345094347, 51.519056950170935 ], [ -0.217395506954462, 51.519048400718773 ], [ -0.217403047515439, 51.519043920083924 ], [ -0.217425019904835, 51.519030863984618 ], [ -0.217454883927363, 51.519004339968006 ], [ -0.217455550304856, 51.518987282120364 ], [ -0.217456288304877, 51.518968390868572 ], [ -0.217890648223974, 51.519037480178696 ], [ -0.217896722054905, 51.519038444736161 ], [ -0.217883745573394, 51.519055522397963 ], [ -0.217957552831457, 51.519067129051429 ], [ -0.217962838934612, 51.519067964734674 ], [ -0.217988740665987, 51.519072027203016 ], [ -0.21804637414425, 51.519081085990415 ], [ -0.218095154249231, 51.51908875129817 ], [ -0.218152229119184, 51.519097720614191 ], [ -0.218202344713918, 51.519112528309044 ], [ -0.218208252699396, 51.519112941781984 ], [ -0.218201273968065, 51.519139948493979 ], [ -0.218149964250713, 51.51933842733596 ], [ -0.218162924446849, 51.519359046412688 ], [ -0.218190976682558, 51.51940364420809 ], [ -0.218190114386138, 51.51942572594875 ], [ -0.218209421490986, 51.519438842672038 ], [ -0.21821494314252, 51.519441768206391 ], [ -0.218464482316927, 51.519838579593774 ], [ -0.218501261297565, 51.519897068435846 ], [ -0.218512905581172, 51.519915590163357 ], [ -0.218538515446602, 51.519956310866938 ], [ -0.21859181202272, 51.520041048106279 ], [ -0.21872937433041, 51.520259831540145 ], [ -0.218729761738773, 51.520263569353702 ], [ -0.218697390402475, 51.520269759387276 ], [ -0.218637265959981, 51.520281256330016 ], [ -0.218219763344794, 51.52036109274264 ], [ -0.218220846081929, 51.520365479595384 ], [ -0.218234749114404, 51.520421390975628 ], [ -0.218236530484666, 51.520428558162557 ], [ -0.218157913031046, 51.52044373056502 ], [ -0.218163571071602, 51.520453501545902 ], [ -0.218185554946742, 51.52049146952865 ], [ -0.218216328498227, 51.520544651615673 ], [ -0.218250438626779, 51.52060356767192 ], [ -0.218302238088686, 51.520693057372306 ], [ -0.218328097833899, 51.520737720672635 ], [ -0.218438894145843, 51.520929156113361 ], [ -0.218507614496491, 51.52104787682962 ], [ -0.218430895171036, 51.5210424583898 ], [ -0.217725324190957, 51.52099280311856 ], [ -0.217627255780456, 51.520997392106921 ], [ -0.217621787529476, 51.520998999632099 ], [ -0.217017966329273, 51.521177058654949 ], [ -0.217216419255566, 51.521702563266018 ], [ -0.217117293262457, 51.521753726463288 ], [ -0.216745356672875, 51.521945667645767 ], [ -0.216341231150304, 51.52186689937875 ], [ -0.21589541545039, 51.521976601226179 ], [ -0.215982388556067, 51.52212495307964 ], [ -0.215999320417702, 51.522153852032432 ], [ -0.216083496552475, 51.522297440146787 ], [ -0.216085794182754, 51.522301350900662 ], [ -0.216150693525251, 51.522412056607635 ], [ -0.216234999024178, 51.522555862389417 ], [ -0.21625793413668, 51.522592712121863 ], [ -0.216302814988035, 51.522664804836907 ], [ -0.216333121458256, 51.52271922128417 ], [ -0.216383632399543, 51.522809915345597 ], [ -0.21642053764661, 51.522871797041688 ], [ -0.216422417891644, 51.522874955055897 ], [ -0.216518914756017, 51.52303678729573 ], [ -0.216570207177363, 51.523127789903349 ], [ -0.216571905777532, 51.523130801271691 ], [ -0.216667185512612, 51.523299826940232 ], [ -0.216693905547957, 51.523354188761573 ], [ -0.216699926966215, 51.523365727882847 ], [ -0.216800566543228, 51.523558449486558 ], [ -0.216844214778277, 51.523632618509168 ], [ -0.216841847202165, 51.523637501476109 ], [ -0.216849223670076, 51.523651624077992 ], [ -0.216853716339067, 51.523653594303198 ], [ -0.216861725522133, 51.523670707569984 ], [ -0.216874437295019, 51.523699910931285 ], [ -0.216935312779197, 51.523816481111716 ], [ -0.216926077300713, 51.523818570903181 ], [ -0.216855320078101, 51.523834590347604 ], [ -0.216703580834317, 51.523868946644861 ], [ -0.216604941947965, 51.523891286549272 ], [ -0.216297172397174, 51.523960958218474 ], [ -0.215896201157786, 51.524051756150342 ], [ -0.215669964016246, 51.524102990303518 ], [ -0.215682498190765, 51.524120500708584 ], [ -0.215806652423868, 51.524293913993084 ], [ -0.215863577546811, 51.524312764962431 ], [ -0.21597742793537, 51.524350466819072 ], [ -0.216171819596622, 51.524370814567682 ], [ -0.216178409236965, 51.52437150828046 ], [ -0.216192830689315, 51.524371727569097 ], [ -0.216758361641218, 51.524430935851463 ], [ -0.216831624826971, 51.5244386050976 ], [ -0.216927055282987, 51.524448589601434 ], [ -0.217061033914818, 51.524462613057594 ], [ -0.217088656549061, 51.524465505835586 ], [ -0.217205966606333, 51.524477792015581 ], [ -0.217267687037277, 51.524484251422777 ], [ -0.217339988638696, 51.524491815811004 ], [ -0.217437371669092, 51.524502009420566 ], [ -0.217587588176767, 51.524517735807486 ], [ -0.218011994108984, 51.524562159106338 ], [ -0.218028203052525, 51.524563857625921 ], [ -0.218604796002892, 51.524624199966176 ], [ -0.218628809846704, 51.524628332467131 ], [ -0.218632762021649, 51.524629012961846 ], [ -0.218776629774883, 51.524653786605263 ], [ -0.218961818381843, 51.524710553520777 ], [ -0.219119245467427, 51.524739920961451 ], [ -0.219411384430391, 51.524770496366585 ], [ -0.219524446988513, 51.524782328844289 ], [ -0.219641759427232, 51.524794603390653 ], [ -0.219767097539113, 51.524807719002361 ], [ -0.219751091774581, 51.525055698877537 ], [ -0.219743552912223, 51.525333473797822 ], [ -0.219721403257152, 51.525331060421713 ], [ -0.219700517249906, 51.525328774126756 ], [ -0.219670817348775, 51.52532552676783 ], [ -0.21870989623002, 51.525220575241072 ], [ -0.218457900213289, 51.525188747974468 ], [ -0.218353805946957, 51.525175601048758 ], [ -0.217993499557725, 51.525130102645477 ], [ -0.217975955613123, 51.525127884754482 ], [ -0.217821238381643, 51.525108342394873 ], [ -0.217541544482227, 51.525073012824166 ], [ -0.217431360139409, 51.525059099697479 ], [ -0.217417861543096, 51.525057392821417 ], [ -0.217317847779473, 51.525044767197642 ], [ -0.217189761287363, 51.525028585443543 ], [ -0.21716962340062, 51.52502560860276 ], [ -0.217068891137045, 51.525010714702979 ], [ -0.216863370289495, 51.524980334423176 ], [ -0.216726963409543, 51.524960167864975 ], [ -0.216673043044753, 51.524952190097096 ], [ -0.216382069981698, 51.524909170265531 ], [ -0.215695108610809, 51.524807601659504 ], [ -0.215261380062181, 51.524730636779282 ], [ -0.215214107570945, 51.524722246894768 ], [ -0.215128602910131, 51.524707083897752 ], [ -0.2151214805405, 51.524705819983076 ], [ -0.215092389834065, 51.524700656253621 ], [ -0.21496493187902, 51.524678033917922 ], [ -0.214911094975804, 51.524668491890459 ], [ -0.21485982323249, 51.524660076977483 ], [ -0.214744002129787, 51.524641057659963 ], [ -0.214731096579858, 51.524638936845051 ], [ -0.214556783435906, 51.52461031605133 ], [ -0.214404589069907, 51.524585326557265 ], [ -0.214371859158439, 51.524579963373917 ], [ -0.214328444530887, 51.524572827867345 ], [ -0.214142294953872, 51.524542261034561 ], [ -0.214084098139204, 51.524532706208433 ], [ -0.214080550801728, 51.524526105586553 ], [ -0.214020377974578, 51.52441421174548 ] ] ] } },
{ "type": "Feature", "properties": { "lsoa21cd": "E01002906", "lsoa21nm": "Kensington and Chelsea 002C", "msoa21cd": "E02000578", "msoa21nm": "Kensington and Chelsea 002", "lad22cd": "E09000020", "lad22nm": "Kensington and Chelsea", "index_right": 470, "GSS_CODE": "E05009404", "risk_score": 7.2574416198744718, "allocation_hours": 100.11863741244855, "patrol_units": 50 }, "geometry": { "type": "Polygon", "coordinates": [ [ [ -0.216758361641218, 51.524430935851463 ], [ -0.216192830689315, 51.524371727569097 ], [ -0.216178409236965, 51.52437150828046 ], [ -0.216171819596622, 51.524370814567682 ], [ -0.21597742793537, 51.524350466819072 ], [ -0.215863577546811, 51.524312764962431 ], [ -0.215806652423868, 51.524293913993084 ], [ -0.215682498190765, 51.524120500708584 ], [ -0.215669964016246, 51.524102990303518 ], [ -0.215896201157786, 51.524051756150342 ], [ -0.216297172397174, 51.523960958218474 ], [ -0.216604941947965, 51.523891286549272 ], [ -0.216703580834317, 51.523868946644861 ], [ -0.216855320078101, 51.523834590347604 ], [ -0.216926077300713, 51.523818570903181 ], [ -0.216935312779197, 51.523816481111716 ], [ -0.216874437295019, 51.523699910931285 ], [ -0.216861725522133, 51.523670707569984 ], [ -0.216853716339067, 51.523653594303198 ], [ -0.216849223670076, 51.523651624077992 ], [ -0.216841847202165, 51.523637501476109 ], [ -0.216844214778277, 51.523632618509168 ], [ -0.216800566543228, 51.523558449486558 ], [ -0.216699926966215, 51.523365727882847 ], [ -0.216693905547957, 51.523354188761573 ], [ -0.216667185512612, 51.523299826940232 ], [ -0.216571905777532, 51.523130801271691 ], [ -0.216570207177363, 51.523127789903349 ], [ -0.216518914756017, 51.52303678729573 ], [ -0.216422417891644, 51.522874955055897 ], [ -0.21642053764661, 51.522871797041688 ], [ -0.216383632399543, 51.522809915345597 ], [ -0.216333121458256, 51.52271922128417 ], [ -0.216302814988035, 51.522664804836907 ], [ -0.21625793413668, 51.522592712121863 ], [ -0.216234999024178, 51.522555862389417 ], [ -0.216150693525251, 51.522412056607635 ], [ -0.216085794182754, 51.522301350900662 ], [ -0.216083496552475, 51.522297440146787 ], [ -0.215999320417702, 51.522153852032432 ], [ -0.215982388556067, 51.52212495307964 ], [ -0.21589541545039, 51.521976601226179 ], [ -0.216341231150304, 51.52186689937875 ], [ -0.216745356672875, 51.521945667645767 ], [ -0.217117293262457, 51.521753726463288 ], [ -0.217216419255566, 51.521702563266018 ], [ -0.217017966329273, 51.521177058654949 ], [ -0.217621787529476, 51.520998999632099 ], [ -0.217627255780456, 51.520997392106921 ], [ -0.217725324190957, 51.52099280311856 ], [ -0.218430895171036, 51.5210424583898 ], [ -0.218507614496491, 51.52104787682962 ], [ -0.218438894145843, 51.520929156113361 ], [ -0.218328097833899, 51.520737720672635 ], [ -0.218302238088686, 51.520693057372306 ], [ -0.218250438626779, 51.52060356767192 ], [ -0.218216328498227, 51.520544651615673 ], [ -0.218185554946742, 51.52049146952865 ], [ -0.218163571071602, 51.520453501545902 ], [ -0.218157913031046, 51.52044373056502 ], [ -0.218236530484666, 51.520428558162557 ], [ -0.218234749114404, 51.520421390975628 ], [ -0.218220846081929, 51.520365479595384 ], [ -0.218219763344794, 51.52036109274264 ], [ -0.218637265959981, 51.520281256330016 ], [ -0.218697390402475, 51.520269759387276 ], [ -0.218729761738773, 51.520263569353702 ], [ -0.21872937433041, 51.520259831540145 ], [ -0.21859181202272, 51.520041048106279 ], [ -0.218538515446602, 51.519956310866938 ], [ -0.218512905581172, 51.519915590163357 ], [ -0.218501261297565, 51.519897068435846 ], [ -0.218464482316927, 51.519838579593774 ], [ -0.21821494314252, 51.519441768206391 ], [ -0.218209421490986, 51.519438842672038 ], [ -0.218190114386138, 51.51942572594875 ], [ -0.218190976682558, 51.51940364420809 ], [ -0.218162924446849, 51.519359046412688 ], [ -0.218149964250713, 51.51933842733596 ], [ -0.218201273968065, 51.519139948493979 ], [ -0.218208252699396, 51.519112941781984 ], [ -0.218202344713918, 51.519112528309044 ], [ -0.218152229119184, 51.519097720614191 ], [ -0.218095154249231, 51.51908875129817 ], [ -0.21804637414425, 51.519081085990415 ], [ -0.217988740665987, 51.519072027203016 ], [ -0.217962838934612, 51.519067964734674 ], [ -0.217957552831457, 51.519067129051429 ], [ -0.217883745573394, 51.519055522397963 ], [ -0.217896722054905, 51.519038444736161 ], [ -0.217932886456942, 51.518990838720995 ], [ -0.217805096994377, 51.518865995305681 ], [ -0.217848182428807, 51.518814636636613 ], [ -0.217876622028856, 51.51869466665201 ], [ -0.218198691516984, 51.518621764130302 ], [ -0.218409439874413, 51.518574057492877 ], [ -0.218465840716709, 51.518561041030182 ], [ -0.218478394745904, 51.518584052201433 ], [ -0.218536219339258, 51.518683093543373 ], [ -0.218575264885992, 51.518749961931071 ], [ -0.218603770456533, 51.518798828936923 ], [ -0.21862255101302, 51.518830970404466 ], [ -0.218636034132936, 51.518854074799066 ], [ -0.21866658172272, 51.518906389984025 ], [ -0.218739646731721, 51.519031543337739 ], [ -0.218760169125151, 51.519066701268848 ], [ -0.218830370811044, 51.519186937097068 ], [ -0.218841959230834, 51.519206150376746 ], [ -0.21892260133511, 51.519218822192755 ], [ -0.218999089033359, 51.5192308373773 ], [ -0.219015148883009, 51.519233356294194 ], [ -0.219122208973005, 51.519250169915374 ], [ -0.219144314300102, 51.519253643868609 ], [ -0.219290127184965, 51.51927654003164 ], [ -0.219426985846028, 51.519298041155928 ], [ -0.219478446180468, 51.519306115128231 ], [ -0.219549526059999, 51.519317279016263 ], [ -0.219583901960895, 51.519322679164738 ], [ -0.219674343889663, 51.519336884035766 ], [ -0.219692839086094, 51.519339790525741 ], [ -0.219831403279525, 51.519361550864431 ], [ -0.21983763534378, 51.519362526698082 ], [ -0.219945269116803, 51.519379429203681 ], [ -0.219949939391978, 51.519380165513475 ], [ -0.220055352653621, 51.519396719487212 ], [ -0.220071985690063, 51.519399327888252 ], [ -0.220147299404619, 51.519411153652023 ], [ -0.22022501997834, 51.519423357597283 ], [ -0.220390117002079, 51.519449287663456 ], [ -0.220461190306786, 51.519460446401411 ], [ -0.220579325686307, 51.519479000378816 ], [ -0.220584998767796, 51.519479895753996 ], [ -0.220629783298422, 51.51948692374765 ], [ -0.220694868114103, 51.519497146216651 ], [ -0.22077429379296, 51.519509618456055 ], [ -0.220836269823234, 51.519519353064382 ], [ -0.221010866283238, 51.519546766204535 ], [ -0.221295619124699, 51.519591478297166 ], [ -0.221356979440545, 51.519601113369077 ], [ -0.221440995852227, 51.519614412827131 ], [ -0.221564660866345, 51.519831082111146 ], [ -0.221699900588514, 51.520068009878472 ], [ -0.22133175161552, 51.520162481038717 ], [ -0.220975241840227, 51.520102211909219 ], [ -0.221153549250198, 51.52039386586938 ], [ -0.221236179011595, 51.520529027521476 ], [ -0.221251626699834, 51.520554288140673 ], [ -0.221265502468242, 51.520576980019214 ], [ -0.221275496199089, 51.520593318218864 ], [ -0.221360545027886, 51.520732446220102 ], [ -0.221399489161795, 51.52079614669838 ], [ -0.221440967226625, 51.520863995195242 ], [ -0.221455398792081, 51.520887594735619 ], [ -0.22146862425505, 51.520909224595819 ], [ -0.221473867985417, 51.520917811088495 ], [ -0.221492769692033, 51.52091400597859 ], [ -0.22169312035272, 51.520873635543566 ], [ -0.221872679780099, 51.52083746395698 ], [ -0.221962989939837, 51.52081926469927 ], [ -0.222055014302407, 51.520800722652034 ], [ -0.222063013447348, 51.520814062998106 ], [ -0.222096253829871, 51.520869538501316 ], [ -0.222105258618578, 51.520873348433668 ], [ -0.222184252717367, 51.520916572372194 ], [ -0.222190526753474, 51.520927575469784 ], [ -0.222193279989375, 51.520932383268907 ], [ -0.222235999884981, 51.521007237550577 ], [ -0.222261988116231, 51.521052774201301 ], [ -0.222284805617366, 51.521092750337132 ], [ -0.222315422543995, 51.521146387503727 ], [ -0.222318624945226, 51.521151876550547 ], [ -0.222321259757519, 51.521156394788797 ], [ -0.222320488316084, 51.521160285890396 ], [ -0.222319949677577, 51.521163011480795 ], [ -0.222329149441096, 51.521169958272246 ], [ -0.222341850117067, 51.521191750940055 ], [ -0.222361644118905, 51.521225719153279 ], [ -0.222420540236813, 51.521326780097723 ], [ -0.222447041563794, 51.521372475553832 ], [ -0.222517850473088, 51.521493736263494 ], [ -0.222559628224643, 51.521565419741286 ], [ -0.222584124314717, 51.5216074625652 ], [ -0.222628294281022, 51.521683237921067 ], [ -0.222668186274437, 51.521751718401298 ], [ -0.222681279253612, 51.521743652537992 ], [ -0.222701776053484, 51.521759592174561 ], [ -0.222726917134576, 51.521779163230079 ], [ -0.222846090773042, 51.521871892623643 ], [ -0.222993036885033, 51.521986229103767 ], [ -0.222986434332954, 51.521994384312009 ], [ -0.222971336381501, 51.522025243067056 ], [ -0.222898404267515, 51.522174188982291 ], [ -0.222896947265471, 51.52218013800163 ], [ -0.222871528349335, 51.522187675472097 ], [ -0.222834791285781, 51.522195644004839 ], [ -0.222773380776676, 51.522215324842101 ], [ -0.222756270829159, 51.522225299247232 ], [ -0.222746978022576, 51.522230724902421 ], [ -0.222654619431086, 51.522267400510309 ], [ -0.222646763300865, 51.522272209446449 ], [ -0.222577900512155, 51.522301498291981 ], [ -0.222546039566893, 51.52231084453134 ], [ -0.222540757279981, 51.522313228479938 ], [ -0.222529312206431, 51.522318396696811 ], [ -0.222470398313559, 51.522336887708384 ], [ -0.222445578090331, 51.522343854134142 ], [ -0.222353153895483, 51.522384791004463 ], [ -0.222339193649451, 51.522387547047899 ], [ -0.222323399355351, 51.522394088164553 ], [ -0.222267719204251, 51.522418001150157 ], [ -0.222236495834628, 51.522440576091327 ], [ -0.222181769797298, 51.522534331048824 ], [ -0.222220382034029, 51.522687628487276 ], [ -0.222299109639496, 51.522674882833549 ], [ -0.222308371987525, 51.522690589366803 ], [ -0.222379389030115, 51.522810988196923 ], [ -0.222484509593897, 51.522989186526793 ], [ -0.222556028372467, 51.523110420162901 ], [ -0.222590902808459, 51.523171369772292 ], [ -0.222594182713571, 51.523177093791212 ], [ -0.222623510354311, 51.523228346270542 ], [ -0.222474235041225, 51.523259177597915 ], [ -0.221708019940967, 51.523417401108084 ], [ -0.221649846919737, 51.523429414775514 ], [ -0.221672452319333, 51.523471519045998 ], [ -0.221742609861501, 51.523602120815575 ], [ -0.2217608477594, 51.523636083516607 ], [ -0.221775430433317, 51.523663228380066 ], [ -0.221810320179199, 51.52372820713498 ], [ -0.221845682037369, 51.523794020352973 ], [ -0.2218662851175, 51.523832398278053 ], [ -0.221886902638105, 51.523870776418043 ], [ -0.221976616537493, 51.524037797688322 ], [ -0.221985849704691, 51.524054996572758 ], [ -0.221678513069365, 51.524115562043647 ], [ -0.221477398333807, 51.524155201475182 ], [ -0.221201210763642, 51.524213962740276 ], [ -0.22098335192007, 51.524255622595902 ], [ -0.22093542587594, 51.524266190599505 ], [ -0.220871272857675, 51.52428032538554 ], [ -0.22067799836016, 51.524322932989151 ], [ -0.220606327672087, 51.524312853452884 ], [ -0.220219074059127, 51.524262016720897 ], [ -0.220119626886843, 51.524224537731172 ], [ -0.220077457555917, 51.524196920205952 ], [ -0.220007175449507, 51.524150890964712 ], [ -0.219879595411958, 51.523891227416229 ], [ -0.21981451038728, 51.523841697851665 ], [ -0.219800580507331, 51.523831100041221 ], [ -0.219782601579761, 51.523838929581153 ], [ -0.219696402294141, 51.523876469680893 ], [ -0.219648741708771, 51.523897229804192 ], [ -0.219610382470894, 51.523914578974498 ], [ -0.219526708367166, 51.523952418053476 ], [ -0.21957844179126, 51.524055574881118 ], [ -0.219665847271502, 51.524229828924994 ], [ -0.219790782998758, 51.524478931228657 ], [ -0.219797832468902, 51.524545421566017 ], [ -0.219775772739394, 51.524732438687835 ], [ -0.219767327426396, 51.524804044517062 ], [ -0.219767097539113, 51.524807719002361 ], [ -0.219641759427232, 51.524794603390653 ], [ -0.219524446988513, 51.524782328844289 ], [ -0.219411384430391, 51.524770496366585 ], [ -0.219119245467427, 51.524739920961451 ], [ -0.218961818381843, 51.524710553520777 ], [ -0.218776629774883, 51.524653786605263 ], [ -0.218632762021649, 51.524629012961846 ], [ -0.218628809846704, 51.524628332467131 ], [ -0.218604796002892, 51.524624199966176 ], [ -0.218028203052525, 51.524563857625921 ], [ -0.218011994108984, 51.524562159106338 ], [ -0.217587588176767, 51.524517735807486 ], [ -0.217437371669092, 51.524502009420566 ], [ -0.217339988638696, 51.524491815811004 ], [ -0.217267687037277, 51.524484251422777 ], [ -0.217205966606333, 51.524477792015581 ], [ -0.217088656549061, 51.524465505835586 ], [ -0.217061033914818, 51.524462613057594 ], [ -0.216927055282987, 51.524448589601434 ], [ -0.216831624826971, 51.5244386050976 ], [ -0.216758361641218, 51.524430935851463 ] ] ] } },
{ "type": "Feature", "properties": { "lsoa21cd": "E01002877", "lsoa21nm": "Kensington and Chelsea 003B", "msoa21cd": "E02000579", "msoa21nm": "Kensington and Chelsea 003", "lad22cd": "E09000020", "lad22nm": "Kensington and Chelsea", "index_right": 470, "GSS_CODE": "E05009404", "risk_score": 9.262848659380623, "allocation_hours": 127.78384379907064, "patrol_units": 64 }, "geometry": { "type": "Polygon", "coordinates": [ [ [ -0.217732970744127, 51.517273252315761 ], [ -0.217699072734391, 51.517213044312143 ], [ -0.217674057489909, 51.517168600424192 ], [ -0.217625537427628, 51.517082379397131 ], [ -0.217553389752907, 51.516954208479405 ], [ -0.217467280147717, 51.516801212560338 ], [ -0.217441820614496, 51.516755979502449 ], [ -0.217428468533764, 51.516728816740162 ], [ -0.217428990784117, 51.516722089208194 ], [ -0.217372440472152, 51.51672891851468 ], [ -0.217371409619128, 51.516740916981995 ], [ -0.217163737801027, 51.516784981037198 ], [ -0.217210474898807, 51.51675190611882 ], [ -0.217012099091264, 51.516615602427919 ], [ -0.217009166390061, 51.516608031031801 ], [ -0.216955453189922, 51.516469591589846 ], [ -0.21694709054778, 51.516411021464791 ], [ -0.216867996754921, 51.516418263229184 ], [ -0.216765143076135, 51.516417571958378 ], [ -0.216694079795918, 51.516410736346259 ], [ -0.216605300266387, 51.516392903151832 ], [ -0.216524216980664, 51.516367336351699 ], [ -0.216414311977994, 51.516315477487545 ], [ -0.216359537126905, 51.516279474490894 ], [ -0.216351290359368, 51.516001144515876 ], [ -0.21634796215398, 51.515889018924838 ], [ -0.216357823476154, 51.515876777047652 ], [ -0.216540644486566, 51.515843028820029 ], [ -0.216772519081287, 51.515810583582628 ], [ -0.216787713830476, 51.515804591684372 ], [ -0.216796791771502, 51.515807598332046 ], [ -0.216832661578154, 51.515819501293151 ], [ -0.216868949121853, 51.515900015263547 ], [ -0.216877993974262, 51.515920098380107 ], [ -0.216998774753771, 51.51592193433919 ], [ -0.217200436190947, 51.515924999467877 ], [ -0.217489927942944, 51.515893437486064 ], [ -0.21763472405081, 51.515876366550692 ], [ -0.217832124575927, 51.515853089427509 ], [ -0.217839654161375, 51.515852196652347 ], [ -0.217895356995858, 51.515845633021307 ], [ -0.217950001362312, 51.51584144531914 ], [ -0.217975979022119, 51.515839456929257 ], [ -0.218649145915142, 51.515787901183828 ], [ -0.2186146794108, 51.515718251637807 ], [ -0.218609562483177, 51.515707922364015 ], [ -0.218589377640323, 51.515667113147856 ], [ -0.218571896508314, 51.515637163096535 ], [ -0.218570302396614, 51.515634432114688 ], [ -0.218565264272783, 51.515625776661743 ], [ -0.21857370056231, 51.515596858610024 ], [ -0.218589721651788, 51.515542004116604 ], [ -0.218675889193035, 51.515246816901602 ], [ -0.218437073830183, 51.515260348648354 ], [ -0.218379807601718, 51.515250486431938 ], [ -0.218336945671292, 51.515240842929707 ], [ -0.218308838930837, 51.515222430870345 ], [ -0.21825332734324, 51.515167632158629 ], [ -0.218197114299182, 51.51513080786934 ], [ -0.218138932816157, 51.515122622067672 ], [ -0.218192242658732, 51.514999037005609 ], [ -0.218220272355321, 51.514983977492882 ], [ -0.218298843267709, 51.514940787712383 ], [ -0.218298869950478, 51.514932906089484 ], [ -0.218300612558994, 51.514537590154376 ], [ -0.218300659794772, 51.514526044351769 ], [ -0.218331808791957, 51.514491257331642 ], [ -0.218342522704445, 51.514479306976931 ], [ -0.218359581412809, 51.514460258878017 ], [ -0.218403673536383, 51.514411055385757 ], [ -0.218438392850829, 51.514398147634623 ], [ -0.218480716957388, 51.514382414763901 ], [ -0.218490627698111, 51.51437737651473 ], [ -0.21855488548793, 51.514341023871417 ], [ -0.218566483612605, 51.514283530324555 ], [ -0.218412196227969, 51.514186477290501 ], [ -0.218400165562393, 51.51418195116711 ], [ -0.218207336399195, 51.514109356922553 ], [ -0.218153270563564, 51.514088446135013 ], [ -0.218150791107873, 51.514082922973877 ], [ -0.218135707436517, 51.514049178356885 ], [ -0.218130961097934, 51.514038593886333 ], [ -0.218064365393198, 51.513782713450524 ], [ -0.218138264342551, 51.513739747947469 ], [ -0.218148865969406, 51.513733584485657 ], [ -0.218157404334305, 51.513728624367175 ], [ -0.218125905886638, 51.513729928219163 ], [ -0.217946370445295, 51.513737360640462 ], [ -0.217715540401003, 51.51374656101742 ], [ -0.217857075841132, 51.513614738547275 ], [ -0.217959552756275, 51.513519583439262 ], [ -0.218086820583907, 51.513401407855206 ], [ -0.217948664545106, 51.513353309967457 ], [ -0.218099152884008, 51.513239485261707 ], [ -0.218407228740134, 51.513006489439995 ], [ -0.218453696315877, 51.512971341486129 ], [ -0.218492040197122, 51.512942347006749 ], [ -0.218561912063737, 51.512889497214466 ], [ -0.218672503894999, 51.512805845432183 ], [ -0.218727468227482, 51.512767526085291 ], [ -0.218730534991652, 51.512765387440396 ], [ -0.219026676117738, 51.51255891192254 ], [ -0.2191352241335, 51.512483236605306 ], [ -0.219171668971211, 51.512457828110342 ], [ -0.219352100297828, 51.512332026213976 ], [ -0.219500426981295, 51.512228605053004 ], [ -0.219643465621229, 51.512128869568116 ], [ -0.219897521754812, 51.511951731903167 ], [ -0.219963098397956, 51.511908716079525 ], [ -0.220006523453663, 51.511880644401877 ], [ -0.220165474400583, 51.511776962732711 ], [ -0.220179409351377, 51.511767864970942 ], [ -0.220245671846776, 51.511730086803674 ], [ -0.220280836991551, 51.511788980547863 ], [ -0.220323465922068, 51.511861810954485 ], [ -0.220447174577017, 51.512095073824533 ], [ -0.22050495900801, 51.512204028976143 ], [ -0.220514352385112, 51.512221740329544 ], [ -0.220687187413217, 51.512499140120482 ], [ -0.220787080245481, 51.512659482670983 ], [ -0.220862946633796, 51.512781251152376 ], [ -0.221031451905032, 51.513051705391355 ], [ -0.221140994640856, 51.51325885663281 ], [ -0.221146202820138, 51.513268701581516 ], [ -0.221195531300887, 51.513361992511342 ], [ -0.221203111235994, 51.51337632476222 ], [ -0.221236497380991, 51.513439473510942 ], [ -0.221284054187258, 51.513529419263925 ], [ -0.221372471589487, 51.513696610536641 ], [ -0.221379611643961, 51.513705702403712 ], [ -0.221382989651458, 51.513709998129109 ], [ -0.22139135175281, 51.513720646259003 ], [ -0.221411394647921, 51.513749609573402 ], [ -0.221427713793445, 51.513781558636047 ], [ -0.221432845019563, 51.51379386188497 ], [ -0.221441367866799, 51.513812589615952 ], [ -0.221456595381514, 51.513895588495664 ], [ -0.221733258996224, 51.514331562641125 ], [ -0.221865435542711, 51.514530689477354 ], [ -0.22188730830753, 51.514563640786037 ], [ -0.222008087610303, 51.514745593281368 ], [ -0.222059182546762, 51.514816195243974 ], [ -0.222253401731182, 51.515084573299802 ], [ -0.222295744536216, 51.515139377403678 ], [ -0.222354057203939, 51.515214890650562 ], [ -0.222392928204222, 51.51526521774835 ], [ -0.222467198050753, 51.515361403924956 ], [ -0.222470107188236, 51.515365161949532 ], [ -0.222482949711877, 51.515381795018222 ], [ -0.22252865375065, 51.515440975405532 ], [ -0.222561954203527, 51.515484095900433 ], [ -0.222570612442491, 51.515495296977726 ], [ -0.222589643769834, 51.515520296996996 ], [ -0.222653705763715, 51.515602902433436 ], [ -0.222687321651269, 51.515646441329842 ], [ -0.22280412739992, 51.515791795780004 ], [ -0.222904272902591, 51.515916412588183 ], [ -0.223100400616796, 51.516149237011895 ], [ -0.223129279830809, 51.516183519883313 ], [ -0.22320799768232, 51.516276967239492 ], [ -0.223369223130519, 51.516468352532137 ], [ -0.223430741174131, 51.516536404927677 ], [ -0.223604310974738, 51.516728408451691 ], [ -0.223843988587389, 51.516993517071612 ], [ -0.223854215567101, 51.517004829926499 ], [ -0.223928600300923, 51.517087105308363 ], [ -0.22401105497741, 51.517178315556848 ], [ -0.224018945087222, 51.517187049910881 ], [ -0.224082925249971, 51.517257810013128 ], [ -0.224119239300549, 51.517298008093682 ], [ -0.224150456234127, 51.517332517624425 ], [ -0.224195739745833, 51.517382608423176 ], [ -0.224267610646982, 51.517462102771795 ], [ -0.224300236257205, 51.517498198295591 ], [ -0.224314795918295, 51.517514443480515 ], [ -0.224333638238564, 51.517535456613835 ], [ -0.224364636265744, 51.517570043705987 ], [ -0.224382670383288, 51.517590158827659 ], [ -0.224397402645862, 51.517606599955236 ], [ -0.224404848724936, 51.517614895917241 ], [ -0.224437421890158, 51.517651233408209 ], [ -0.224441828611498, 51.517656147113605 ], [ -0.224487386963089, 51.517707154704759 ], [ -0.224538042686652, 51.517763850802403 ], [ -0.224548567921105, 51.517775619534667 ], [ -0.224629119491458, 51.51786579334432 ], [ -0.224663650069603, 51.51790443551949 ], [ -0.224673208267932, 51.517915128479565 ], [ -0.224680955690116, 51.517924572842901 ], [ -0.224585212932209, 51.517966619509302 ], [ -0.224342455965553, 51.518059638777963 ], [ -0.224233257903555, 51.518101487812807 ], [ -0.224218040729163, 51.51810731851149 ], [ -0.224046421703695, 51.51813052063531 ], [ -0.22403774927802, 51.518131697785108 ], [ -0.22394881988548, 51.518143094147845 ], [ -0.223707227003169, 51.5181482090019 ], [ -0.223698766687384, 51.518135976863796 ], [ -0.223673895366755, 51.518087301015541 ], [ -0.223656187413124, 51.518067141264993 ], [ -0.22363603298925, 51.518035775652166 ], [ -0.223618627050865, 51.518014523370177 ], [ -0.223614658529666, 51.518005389742974 ], [ -0.223580927909905, 51.517961399775437 ], [ -0.223564438779465, 51.517945107300733 ], [ -0.223535410407887, 51.517906215384428 ], [ -0.22352143396929, 51.517880176991447 ], [ -0.223508211410929, 51.517862171418003 ], [ -0.223463660175306, 51.517815121953738 ], [ -0.223453307251488, 51.517798193975594 ], [ -0.223444206358578, 51.517786869364564 ], [ -0.223440639661688, 51.517783335217771 ], [ -0.223420990500225, 51.51776824484498 ], [ -0.223400590421588, 51.517748008318776 ], [ -0.223377882520881, 51.517717449298438 ], [ -0.22335371683873, 51.517672875699887 ], [ -0.223352815504787, 51.517669741615975 ], [ -0.223313739659918, 51.517614232027825 ], [ -0.223304684788535, 51.517604688638855 ], [ -0.223285886272353, 51.517573307525097 ], [ -0.223257513979924, 51.517539047672813 ], [ -0.223255352474761, 51.517536443053494 ], [ -0.223252137245438, 51.517533507735457 ], [ -0.222761063407397, 51.517691093355197 ], [ -0.222749988923517, 51.517681411418934 ], [ -0.222712669541615, 51.517609318887594 ], [ -0.222684777398926, 51.517615658805326 ], [ -0.222678699024711, 51.517617032521436 ], [ -0.222340532787445, 51.517693867902608 ], [ -0.222243285627332, 51.517719731947935 ], [ -0.222234810640164, 51.517717876950556 ], [ -0.222190135054894, 51.517708090484788 ], [ -0.222180273559019, 51.517675972330387 ], [ -0.222169987324905, 51.517563750570872 ], [ -0.222146927657379, 51.517512278162719 ], [ -0.222119800286688, 51.517477533311165 ], [ -0.222090195536804, 51.517452732707859 ], [ -0.222014782442764, 51.517406905620973 ], [ -0.221961644798161, 51.517383106240771 ], [ -0.221958960964917, 51.517378002728734 ], [ -0.221920266376897, 51.517327183596585 ], [ -0.221914467746238, 51.517315090583686 ], [ -0.221902284973901, 51.517297793014784 ], [ -0.221893641915719, 51.517281574247853 ], [ -0.221857039362201, 51.517215355481163 ], [ -0.221832660978434, 51.517184051429957 ], [ -0.221789110271753, 51.517142641353644 ], [ -0.221786934782032, 51.517136884584026 ], [ -0.221776876261506, 51.51711057262645 ], [ -0.221765574533166, 51.51709138195887 ], [ -0.221763167722161, 51.517087307797411 ], [ -0.221747239744218, 51.517046284889744 ], [ -0.221709355856288, 51.516983553758237 ], [ -0.221700061947563, 51.516972019251135 ], [ -0.221691840686307, 51.516951823131066 ], [ -0.221679008218118, 51.516929380905189 ], [ -0.221676165026793, 51.516922080772417 ], [ -0.221672515737428, 51.516916602914151 ], [ -0.22165503913862, 51.516875007970306 ], [ -0.221628709615273, 51.516833494656836 ], [ -0.221717545378939, 51.516732730055843 ], [ -0.22174267596118, 51.516714766026432 ], [ -0.22178454120675, 51.516693080894612 ], [ -0.221846359607907, 51.516672925647548 ], [ -0.222123615808589, 51.516661943339308 ], [ -0.222154564728949, 51.516660739692455 ], [ -0.222154796861562, 51.516649232666538 ], [ -0.222080625691719, 51.51651163683011 ], [ -0.222017154521644, 51.516393887923968 ], [ -0.222011038128608, 51.516382554468024 ], [ -0.22196731892705, 51.516393015781986 ], [ -0.221907199481008, 51.51640897480933 ], [ -0.221006099828791, 51.516648223137892 ], [ -0.220973026268039, 51.516655122559335 ], [ -0.220945096477344, 51.516660957907341 ], [ -0.220491425565432, 51.516755550427995 ], [ -0.220141667702164, 51.516828471735749 ], [ -0.219895925403172, 51.516879706329398 ], [ -0.219870742392945, 51.516884953614323 ], [ -0.219884207530729, 51.516908889420698 ], [ -0.219915003439715, 51.516963339323127 ], [ -0.219931397770223, 51.517035223213462 ], [ -0.219399602640628, 51.51708727814583 ], [ -0.219393671043522, 51.517087844584502 ], [ -0.219385393514789, 51.517077611261698 ], [ -0.21893712532354, 51.517282115523784 ], [ -0.218931892404021, 51.517283798636477 ], [ -0.218904310624788, 51.517253929123264 ], [ -0.218666921845259, 51.51730043193858 ], [ -0.218451334066227, 51.517342661101821 ], [ -0.218453027057693, 51.517347291026276 ], [ -0.218483621282766, 51.517399858775065 ], [ -0.218506585143582, 51.517492444675845 ], [ -0.218506613891407, 51.517497984560578 ], [ -0.218509324384914, 51.517502764823263 ], [ -0.218511658729843, 51.517510165216684 ], [ -0.218550133896646, 51.517579434986061 ], [ -0.21855194047027, 51.517585586384683 ], [ -0.218560218916997, 51.517601332247878 ], [ -0.218565037229963, 51.517618023752391 ], [ -0.218580854997416, 51.517647588827451 ], [ -0.218588956950173, 51.517673763436719 ], [ -0.218614582623223, 51.517722173062339 ], [ -0.218617005991439, 51.517725078499836 ], [ -0.218642101087861, 51.517771573629652 ], [ -0.218648304488122, 51.51777955433554 ], [ -0.218669752352049, 51.517819789181694 ], [ -0.218675292015025, 51.517826680695414 ], [ -0.218696452997902, 51.517869096384899 ], [ -0.218701450188268, 51.5178758537646 ], [ -0.218713318605592, 51.517901177295123 ], [ -0.218755466753642, 51.517960188232756 ], [ -0.218757263151895, 51.517965862864948 ], [ -0.218765054723049, 51.517980791985742 ], [ -0.218771035620279, 51.517992258439378 ], [ -0.218775916339044, 51.51800163089694 ], [ -0.218781115452156, 51.518018355150382 ], [ -0.218802455713476, 51.518053228741216 ], [ -0.218811951256718, 51.518078786014776 ], [ -0.218831909220255, 51.518111039750025 ], [ -0.218836119302419, 51.518115438103045 ], [ -0.218865238848661, 51.518157066328001 ], [ -0.218873136365408, 51.518174083334848 ], [ -0.218876636899842, 51.518187058856789 ], [ -0.218900512525203, 51.518231943722007 ], [ -0.218922273760658, 51.518258991117328 ], [ -0.218933161536549, 51.518280271047729 ], [ -0.218981748120402, 51.518368956330285 ], [ -0.219009369305, 51.518419437477071 ], [ -0.218998430677246, 51.518434540879376 ], [ -0.219001510360106, 51.518442051494645 ], [ -0.218961092920987, 51.518451680532941 ], [ -0.218465840716709, 51.518561041030182 ], [ -0.218461574203432, 51.518555245255058 ], [ -0.218425850378334, 51.518490432618705 ], [ -0.218385133551679, 51.518416542548572 ], [ -0.218381916324844, 51.518410711446194 ], [ -0.218356356332495, 51.51836430812449 ], [ -0.218323230880762, 51.518304202076315 ], [ -0.218301155960817, 51.51826415548453 ], [ -0.218258447224093, 51.518186656059022 ], [ -0.218229265917789, 51.518133705020134 ], [ -0.218208107325133, 51.518095299928028 ], [ -0.218199493440047, 51.518079656833791 ], [ -0.21818479521141, 51.51805298630503 ], [ -0.218179694352161, 51.518043718376234 ], [ -0.218150458885556, 51.517990685505218 ], [ -0.218141333093269, 51.517974126376565 ], [ -0.21813643393804, 51.517965230206578 ], [ -0.218121735495059, 51.517940043446302 ], [ -0.218092473933158, 51.517889896790471 ], [ -0.218060511126845, 51.517835104875417 ], [ -0.218027710739958, 51.517778879394207 ], [ -0.217999800379518, 51.517731046354463 ], [ -0.217986385268753, 51.517708064275226 ], [ -0.217967377856673, 51.517675483055172 ], [ -0.217958691784264, 51.517660585230992 ], [ -0.21794410175383, 51.517635579944859 ], [ -0.217850673084937, 51.517475422968566 ], [ -0.217813968539503, 51.517412519542965 ], [ -0.21781033442121, 51.517406295397819 ], [ -0.217780020506777, 51.517354325150762 ], [ -0.217775219230415, 51.51734742860917 ], [ -0.217759696888373, 51.517320761685731 ], [ -0.217732970744127, 51.517273252315761 ] ] ] } },
{ "type": "Feature", "properties": { "lsoa21cd": "E01035484", "lsoa21nm": "Hammersmith and Fulham 001F", "msoa21cd": "E02000372", "msoa21nm": "Hammersmith and Fulham 001", "lad22cd": "E09000013", "lad22nm": "Hammersmith and Fulham", "index_right": 470, "GSS_CODE": "E05009404", "risk_score": 10.0, "allocation_hours": 137.95307307505459, "patrol_units": 69 }, "geometry": { "type": "Polygon", "coordinates": [ [ [ -0.234139981296332, 51.525497516192871 ], [ -0.234025068466868, 51.525486794050252 ], [ -0.234010646464488, 51.525486576977137 ], [ -0.233752020217388, 51.525464698770669 ], [ -0.233046959574911, 51.525058408696005 ], [ -0.233051485408124, 51.524941573133319 ], [ -0.232980840936111, 51.524904538844446 ], [ -0.232895441014861, 51.524876274873854 ], [ -0.232781574617233, 51.524838589484858 ], [ -0.232753108047118, 51.524829168120675 ], [ -0.232709885906922, 51.524828517085794 ], [ -0.232695464119835, 51.52482829985361 ], [ -0.232532477321426, 51.524834673625428 ], [ -0.232445475964452, 51.524838075104157 ], [ -0.232363412299132, 51.52484128292879 ], [ -0.23218913051426, 51.524874627504992 ], [ -0.232104741125643, 51.5248876272139 ], [ -0.232029604221055, 51.524899201572268 ], [ -0.231942811490306, 51.524906886296954 ], [ -0.229271960916376, 51.525020615325204 ], [ -0.228823838429525, 51.525039696107548 ], [ -0.228708928095342, 51.525028968785243 ], [ -0.228623196388849, 51.525009680291795 ], [ -0.228439724783561, 51.524908000609081 ], [ -0.2283831424366, 51.524880168462182 ], [ -0.228368518000061, 51.524876260673317 ], [ -0.228311803745493, 51.524861106060527 ], [ -0.228268930745971, 51.524851466064057 ], [ -0.228153671930556, 51.524849725529791 ], [ -0.227375118396659, 51.524852303346755 ], [ -0.227230941841481, 51.524852779620325 ], [ -0.227183046273308, 51.524852940805992 ], [ -0.227171034727289, 51.524794415344907 ], [ -0.226596114170256, 51.524795830084003 ], [ -0.226609569516211, 51.5245081219703 ], [ -0.226609824814869, 51.52450266732243 ], [ -0.226616050485647, 51.524369221348763 ], [ -0.226617881437369, 51.524327685236827 ], [ -0.226623535731621, 51.524208564824015 ], [ -0.226626602055323, 51.524143037146786 ], [ -0.226626798570816, 51.524138723670035 ], [ -0.226635387072321, 51.523954505221923 ], [ -0.226641356568256, 51.523826531856386 ], [ -0.226643771988259, 51.523774779990212 ], [ -0.226654333961644, 51.5235479484557 ], [ -0.226654599029112, 51.523542242161859 ], [ -0.226661619219085, 51.523391686266926 ], [ -0.226661980441732, 51.523383877158089 ], [ -0.226669940642809, 51.523213587718985 ], [ -0.226670161603185, 51.523208645129081 ], [ -0.226678537708791, 51.523028766867419 ], [ -0.226678735260177, 51.523024426427739 ], [ -0.226686818009933, 51.522851351124629 ], [ -0.226687119748992, 51.522844701161411 ], [ -0.226695117710505, 51.522673063387558 ], [ -0.226695300668924, 51.522669469112834 ], [ -0.226706885875694, 51.522420747027084 ], [ -0.226707579498741, 51.522402160813151 ], [ -0.226710011636684, 51.522353682493758 ], [ -0.22670592898835, 51.521992927577585 ], [ -0.226705747838015, 51.521977376632741 ], [ -0.226742319195363, 51.521960483723959 ], [ -0.226763251662079, 51.52195116002251 ], [ -0.226797899358192, 51.521935730794702 ], [ -0.226805062787076, 51.521932412876602 ], [ -0.226919275962345, 51.521879643790754 ], [ -0.226966423282478, 51.52185785679675 ], [ -0.227064034757261, 51.521812759167602 ], [ -0.227150256092973, 51.521772911887794 ], [ -0.22724179052141, 51.521730617902172 ], [ -0.22725673279593, 51.52172372153192 ], [ -0.227392492958881, 51.52166099001014 ], [ -0.22750560512058, 51.521608698312491 ], [ -0.227556919407157, 51.521585013645769 ], [ -0.227618098694475, 51.521556738880122 ], [ -0.227688392862363, 51.521524258343533 ], [ -0.227891656879709, 51.521430334422654 ], [ -0.227922114054379, 51.521416262400322 ], [ -0.227947492385415, 51.52140454166409 ], [ -0.228047920668473, 51.521358127877761 ], [ -0.228049325370704, 51.521342744766685 ], [ -0.228051519251204, 51.5212862594014 ], [ -0.22805494584451, 51.521198035281103 ], [ -0.22827762944154, 51.521098779103852 ], [ -0.2282313190255, 51.521059708343593 ], [ -0.22814147982968, 51.520984180659013 ], [ -0.228095541504294, 51.520945556100649 ], [ -0.228079991172065, 51.520932488811468 ], [ -0.227969284517065, 51.520839407023487 ], [ -0.227961104349804, 51.520832539023715 ], [ -0.227927338156517, 51.520804151967269 ], [ -0.227917944118658, 51.520796249466422 ], [ -0.227871419611536, 51.520757139356789 ], [ -0.227867734401717, 51.520754044195058 ], [ -0.227822885642829, 51.520716326252135 ], [ -0.227783829391823, 51.520683488844348 ], [ -0.227715195013401, 51.520625780725489 ], [ -0.227643810802749, 51.520565764890378 ], [ -0.227603847393399, 51.520532167331609 ], [ -0.227556890795188, 51.520492690862845 ], [ -0.227522427491795, 51.520463708636804 ], [ -0.227453625779194, 51.520405871936966 ], [ -0.227425262467628, 51.520382017696505 ], [ -0.227390429093802, 51.520352733083833 ], [ -0.22732640914186, 51.52029889831941 ], [ -0.22729410016068, 51.520272425136987 ], [ -0.227194627986737, 51.520188105675373 ], [ -0.227151077810478, 51.520151495196217 ], [ -0.22711905781257, 51.52012456411132 ], [ -0.227065946375351, 51.520079913616819 ], [ -0.22703045082983, 51.520050061347256 ], [ -0.226987906000857, 51.520014293317821 ], [ -0.22697408743187, 51.520002672880004 ], [ -0.226935213718161, 51.519969990815881 ], [ -0.22689574016848, 51.519936796087713 ], [ -0.226861165237183, 51.51990774003508 ], [ -0.226831057345469, 51.519882429458001 ], [ -0.226748969899345, 51.519813402583807 ], [ -0.226701965904804, 51.519773884581845 ], [ -0.226646877360085, 51.519738030251609 ], [ -0.226683699968967, 51.519715925446476 ], [ -0.226604141431404, 51.51963302513218 ], [ -0.226680607429134, 51.519603017026547 ], [ -0.226636952800166, 51.519568747345573 ], [ -0.226613783458655, 51.519550724877469 ], [ -0.226605890447951, 51.519544267586852 ], [ -0.226571006565172, 51.519515755324861 ], [ -0.226546768675436, 51.519495928962002 ], [ -0.226459699379144, 51.519533955472028 ], [ -0.226384944287331, 51.519463960061948 ], [ -0.226379332106616, 51.51946650106327 ], [ -0.226374086704858, 51.519468876749464 ], [ -0.226342763230975, 51.519483007216692 ], [ -0.226225801089739, 51.519384163838268 ], [ -0.226201392485687, 51.519363543472956 ], [ -0.226126046335062, 51.519299869752324 ], [ -0.226048732449604, 51.519234538568853 ], [ -0.226026068441467, 51.519215392353594 ], [ -0.22597979235227, 51.519176276239904 ], [ -0.225975968579683, 51.519173044033174 ], [ -0.225884867647182, 51.519096047693019 ], [ -0.225871958554205, 51.519085146794282 ], [ -0.225854371203941, 51.51906926518943 ], [ -0.22581304352433, 51.519031896460255 ], [ -0.225776436172432, 51.518998798644553 ], [ -0.225715516693183, 51.518943723923847 ], [ -0.225702357492287, 51.518931843525976 ], [ -0.225666990096101, 51.518899852532122 ], [ -0.225655071067243, 51.51888906999671 ], [ -0.225649229070447, 51.518883622053885 ], [ -0.225639882018218, 51.518874901749811 ], [ -0.225617223917103, 51.518853759184516 ], [ -0.225610068146132, 51.518847068376388 ], [ -0.225521932620211, 51.518764828942793 ], [ -0.225440342357439, 51.518688677514398 ], [ -0.225416168427722, 51.518666118128287 ], [ -0.22525136076429, 51.518512315661468 ], [ -0.22520605969354, 51.518470030601108 ], [ -0.225203324618626, 51.518467345401142 ], [ -0.225141258950962, 51.518406569708517 ], [ -0.225078804430525, 51.518345419402607 ], [ -0.225020570903697, 51.51828840657133 ], [ -0.225018182696764, 51.518286068333637 ], [ -0.225011339328372, 51.518278761724318 ], [ -0.224967240974557, 51.518231692712661 ], [ -0.224906944275604, 51.51816732862725 ], [ -0.224881314687027, 51.518139963037299 ], [ -0.22472497632976, 51.517973068815955 ], [ -0.224703608705907, 51.517949157887344 ], [ -0.224699257801724, 51.517944289999768 ], [ -0.224680955690116, 51.517924572842901 ], [ -0.224673208267932, 51.517915128479565 ], [ -0.224663650069603, 51.51790443551949 ], [ -0.224629119491458, 51.51786579334432 ], [ -0.224548567921105, 51.517775619534667 ], [ -0.224538042686652, 51.517763850802403 ], [ -0.224487386963089, 51.517707154704759 ], [ -0.224441828611498, 51.517656147113605 ], [ -0.224437421890158, 51.517651233408209 ], [ -0.224404848724936, 51.517614895917241 ], [ -0.224397402645862, 51.517606599955236 ], [ -0.224382670383288, 51.517590158827659 ], [ -0.224364636265744, 51.517570043705987 ], [ -0.224333638238564, 51.517535456613835 ], [ -0.224314795918295, 51.517514443480515 ], [ -0.224300236257205, 51.517498198295591 ], [ -0.224267610646982, 51.517462102771795 ], [ -0.224195739745833, 51.517382608423176 ], [ -0.224150456234127, 51.517332517624425 ], [ -0.224119239300549, 51.517298008093682 ], [ -0.224082925249971, 51.517257810013128 ], [ -0.224018945087222, 51.517187049910881 ], [ -0.22401105497741, 51.517178315556848 ], [ -0.223928600300923, 51.517087105308363 ], [ -0.223854215567101, 51.517004829926499 ], [ -0.223843988587389, 51.516993517071612 ], [ -0.223604310974738, 51.516728408451691 ], [ -0.223430741174131, 51.516536404927677 ], [ -0.223369223130519, 51.516468352532137 ], [ -0.22320799768232, 51.516276967239492 ], [ -0.223129279830809, 51.516183519883313 ], [ -0.223100400616796, 51.516149237011895 ], [ -0.222904272902591, 51.515916412588183 ], [ -0.22280412739992, 51.515791795780004 ], [ -0.222687321651269, 51.515646441329842 ], [ -0.222653705763715, 51.515602902433436 ], [ -0.222589643769834, 51.515520296996996 ], [ -0.222855622278394, 51.515504677286806 ], [ -0.222982298132071, 51.515497249988762 ], [ -0.223430121471119, 51.515470950824671 ], [ -0.223762821692398, 51.515440017770409 ], [ -0.223965832189299, 51.5154128489214 ], [ -0.224090964350386, 51.515483221827779 ], [ -0.224627052532401, 51.515784746181694 ], [ -0.224804847845127, 51.51586670634596 ], [ -0.2248155473288, 51.515871022822033 ], [ -0.225250358909336, 51.516027777559771 ], [ -0.225440235602392, 51.516093400077494 ], [ -0.225481071500615, 51.516111652231885 ], [ -0.225543313531222, 51.516139472531208 ], [ -0.225649726325032, 51.51618466908905 ], [ -0.225664101360564, 51.516190059037477 ], [ -0.22573146752725, 51.51621532009608 ], [ -0.225786006528655, 51.516232859426339 ], [ -0.225898246231921, 51.516268956121998 ], [ -0.225930348073283, 51.516278497097467 ], [ -0.225949258466362, 51.516284790103995 ], [ -0.226143725422933, 51.516342873134654 ], [ -0.226193354010877, 51.516359081765152 ], [ -0.226228995931602, 51.516369547563883 ], [ -0.226337896836684, 51.516401526900275 ], [ -0.226354839565587, 51.516408014910091 ], [ -0.226572753957405, 51.516685376782327 ], [ -0.226955865216714, 51.516578998651191 ], [ -0.22697068479449, 51.516574883672803 ], [ -0.227109304838001, 51.516830722002943 ], [ -0.227577439663296, 51.516475842472225 ], [ -0.227606810875714, 51.516460701984535 ], [ -0.227670662233844, 51.516629153906351 ], [ -0.227766699083595, 51.516882586521064 ], [ -0.227942990811951, 51.516851347190851 ], [ -0.228032493562278, 51.516835487133889 ], [ -0.228115714319278, 51.516822166970663 ], [ -0.228269552737805, 51.516797530345009 ], [ -0.228432146780904, 51.516486107532032 ], [ -0.228437797192272, 51.516475329778778 ], [ -0.228597359748734, 51.516460257367044 ], [ -0.228776069352484, 51.516502945563808 ], [ -0.228847524264033, 51.516453332936941 ], [ -0.22893180651173, 51.516394813380025 ], [ -0.22898901904941, 51.516388698746326 ], [ -0.229083357432442, 51.516323595411961 ], [ -0.229121581248405, 51.516297221509028 ], [ -0.229151602276035, 51.51627757615347 ], [ -0.229308879310933, 51.516287206946743 ], [ -0.229318209280474, 51.516312715906921 ], [ -0.229319734210918, 51.516316875521603 ], [ -0.229330704130028, 51.516342094489538 ], [ -0.229344914814006, 51.516374799253391 ], [ -0.22947581281654, 51.516387116175046 ], [ -0.229499732602791, 51.516390615560525 ], [ -0.229603219798286, 51.516412887170986 ], [ -0.229627726609077, 51.516374507815051 ], [ -0.229654304929932, 51.516332886401607 ], [ -0.229657711977592, 51.51632754224574 ], [ -0.229625223919371, 51.516308617173792 ], [ -0.229623259262434, 51.516257464544466 ], [ -0.229567735098125, 51.516252759877979 ], [ -0.229342477206171, 51.516233695402342 ], [ -0.229308659974365, 51.516230828967934 ], [ -0.229117539303338, 51.516200076288229 ], [ -0.228943134597435, 51.516172012627102 ], [ -0.228841451205768, 51.516155648828423 ], [ -0.228706135924372, 51.516133876222327 ], [ -0.228699546944719, 51.516132819033253 ], [ -0.228483446585191, 51.516098050676121 ], [ -0.22829600811197, 51.516067891808682 ], [ -0.228139408868078, 51.516042685696419 ], [ -0.228068223222191, 51.516051583422488 ], [ -0.227838619951664, 51.516080246149407 ], [ -0.22780519260688, 51.516084417391141 ], [ -0.227775588668026, 51.516088115812991 ], [ -0.227620139539947, 51.516107520734479 ], [ -0.227479607689843, 51.516125073525068 ], [ -0.227498537531471, 51.516175025698743 ], [ -0.227397270637273, 51.516110106841936 ], [ -0.227373985521618, 51.516090277042302 ], [ -0.227279373468553, 51.515987626714534 ], [ -0.226637871138251, 51.516024522895563 ], [ -0.226615356706114, 51.5159787150479 ], [ -0.22654365271101, 51.515832797111941 ], [ -0.226448060531953, 51.515696462950913 ], [ -0.226420299480919, 51.515669065460081 ], [ -0.226329598473185, 51.515406908570355 ], [ -0.226289878563608, 51.515316381972205 ], [ -0.226287165909005, 51.515310193612699 ], [ -0.226250648800769, 51.515226968860468 ], [ -0.226250985674648, 51.515204582348929 ], [ -0.226251206800967, 51.515198893368428 ], [ -0.226241336606477, 51.515204760204917 ], [ -0.226236453146079, 51.515207662929363 ], [ -0.226222048822084, 51.515207445157557 ], [ -0.226193240174641, 51.515207009608652 ], [ -0.226106465226675, 51.515214681262322 ], [ -0.226105317046479, 51.515211219731832 ], [ -0.226067793670783, 51.515097201590656 ], [ -0.226154568748974, 51.515089520975323 ], [ -0.226176967413905, 51.51508985962186 ], [ -0.226226590181185, 51.515090609855719 ], [ -0.226284556652884, 51.515082493596871 ], [ -0.226245186430524, 51.514982979652203 ], [ -0.226115199505507, 51.514989989016073 ], [ -0.226088137099624, 51.514944634765136 ], [ -0.226049466153463, 51.514827146098519 ], [ -0.22601498785163, 51.51460180945331 ], [ -0.225961214514683, 51.514502077622332 ], [ -0.225823113096815, 51.514347123895895 ], [ -0.225818860694232, 51.514335279267058 ], [ -0.225797100627196, 51.514274780629854 ], [ -0.225752926809668, 51.514148544250794 ], [ -0.225727599227782, 51.514076161864509 ], [ -0.22570461541785, 51.514010482940158 ], [ -0.225667387164638, 51.513904121823103 ], [ -0.225552880927793, 51.513678015322256 ], [ -0.225506771430605, 51.513586951150941 ], [ -0.225450833228492, 51.513460298402961 ], [ -0.225317444665421, 51.513158332109853 ], [ -0.225294833994723, 51.513107136848845 ], [ -0.225230037057669, 51.512968533683448 ], [ -0.225212283778165, 51.51293055998665 ], [ -0.225208961599675, 51.512923449628282 ], [ -0.225201697696074, 51.512907890430469 ], [ -0.225202396714657, 51.512889915772931 ], [ -0.225241118364344, 51.512877776972246 ], [ -0.225246166659783, 51.512876189704016 ], [ -0.225250537681727, 51.512874822401457 ], [ -0.225406948266714, 51.512825763142601 ], [ -0.22542124617876, 51.512821285261303 ], [ -0.225604817377493, 51.512774818162789 ], [ -0.225819769251856, 51.512720408235509 ], [ -0.225982031057765, 51.512679328613167 ], [ -0.22599328236082, 51.512676477221753 ], [ -0.226356783489453, 51.51258445710468 ], [ -0.226443328453303, 51.5125625464865 ], [ -0.226483020277431, 51.512552499236499 ], [ -0.226527442458956, 51.512541255518919 ], [ -0.226522045108078, 51.512526237196987 ], [ -0.226449403756869, 51.51232425306771 ], [ -0.226582720461714, 51.512293292386978 ], [ -0.22659483478871, 51.512290480960935 ], [ -0.226627681033245, 51.512285617845649 ], [ -0.226654367063394, 51.512281659789927 ], [ -0.22670504261799, 51.512274152534523 ], [ -0.226776518674109, 51.512263569421286 ], [ -0.226870245319506, 51.512249680534424 ], [ -0.226928899163118, 51.512223589117994 ], [ -0.226943658904725, 51.512214819560334 ], [ -0.226958760592055, 51.512197062552318 ], [ -0.226959808050291, 51.512170100533517 ], [ -0.226932732702273, 51.51212472827514 ], [ -0.226926335223414, 51.51211975939254 ], [ -0.226683266339836, 51.511931060826861 ], [ -0.226680811858283, 51.511927467147984 ], [ -0.226707742189176, 51.511912282793283 ], [ -0.226988098694933, 51.511754232877543 ], [ -0.226998373769711, 51.511754022156666 ], [ -0.227068826372737, 51.511752548207923 ], [ -0.227073285069469, 51.51174658243896 ], [ -0.22710420105988, 51.511705215069078 ], [ -0.22711780004664, 51.51168903601782 ], [ -0.227158249964769, 51.511640898278195 ], [ -0.227167180833005, 51.511630251082522 ], [ -0.2273427759023, 51.511514021918437 ], [ -0.227430132876163, 51.511471880461841 ], [ -0.227484557619078, 51.511448556647032 ], [ -0.227736681708221, 51.51134050720102 ], [ -0.228192572291588, 51.511665452779461 ], [ -0.22820683447996, 51.51167561399884 ], [ -0.228296970216408, 51.511739855146757 ], [ -0.22830861830008, 51.511748156772327 ], [ -0.228312212548871, 51.511750719089449 ], [ -0.22788502669073, 51.511992095824191 ], [ -0.227874316085891, 51.511998102979469 ], [ -0.22771694295757, 51.512086344401986 ], [ -0.227519319374651, 51.512197160494125 ], [ -0.227437965669592, 51.512242773938596 ], [ -0.227378960942195, 51.512275865555374 ], [ -0.227362725528988, 51.51228496808006 ], [ -0.227443136918475, 51.512303696106002 ], [ -0.227500607402477, 51.512316416640537 ], [ -0.227510680833269, 51.512318655114399 ], [ -0.227633675927679, 51.512352688803894 ], [ -0.227699618892606, 51.512375105374076 ], [ -0.227703829260934, 51.512376535853832 ], [ -0.227730570588245, 51.512385626673684 ], [ -0.2277482042893, 51.512392844336013 ], [ -0.227808595282458, 51.512417578006335 ], [ -0.227956560907966, 51.51249259019496 ], [ -0.228049310418266, 51.512548414345225 ], [ -0.228054943406229, 51.512551808703122 ], [ -0.22818760309827, 51.512631679249296 ], [ -0.228771378738445, 51.513058052493854 ], [ -0.228798490436639, 51.513077854366273 ], [ -0.229108037826107, 51.513303938739327 ], [ -0.229119081607917, 51.513312005445158 ], [ -0.229334674984934, 51.513469464736033 ], [ -0.229337730279027, 51.513471696051802 ], [ -0.229378430198138, 51.513501419379885 ], [ -0.229384271199569, 51.513505401332061 ], [ -0.22951671776355, 51.513595725543212 ], [ -0.229519792708845, 51.513597822261524 ], [ -0.22959385852988, 51.513648318367018 ], [ -0.22968459065361, 51.513710189767679 ], [ -0.229772570629553, 51.513770194071242 ], [ -0.229853966215583, 51.513825692584803 ], [ -0.229959006812246, 51.513897320811822 ], [ -0.230007645105545, 51.513930481955668 ], [ -0.230020315888023, 51.513947516273504 ], [ -0.230036603190795, 51.51396940720408 ], [ -0.230060452155833, 51.514001456954702 ], [ -0.230069288194789, 51.514013316620115 ], [ -0.230069182841136, 51.514039816258929 ], [ -0.230069129189339, 51.514051604764084 ], [ -0.230069114059412, 51.514054967772793 ], [ -0.230069111016132, 51.514057647525313 ], [ -0.23006906514551, 51.514069607007478 ], [ -0.230068573094345, 51.51418931822883 ], [ -0.230068542814399, 51.514198274413545 ], [ -0.230068347475351, 51.514246417910961 ], [ -0.230069619623757, 51.514266014018389 ], [ -0.230069917887299, 51.514270586764773 ], [ -0.230074292308685, 51.514337656706871 ], [ -0.230074697194873, 51.514343939657884 ], [ -0.230076768438062, 51.514375633890026 ], [ -0.23007701199751, 51.514379387483366 ], [ -0.230080389313352, 51.514431289831442 ], [ -0.230084614509119, 51.514496262241742 ], [ -0.230086687967994, 51.514528271247762 ], [ -0.230077815117998, 51.514583504903712 ], [ -0.230070789450952, 51.514627156963435 ], [ -0.23006769772594, 51.514646300555036 ], [ -0.230062417421354, 51.514775013075756 ], [ -0.230060702119813, 51.51481700967085 ], [ -0.230059299596928, 51.514851313309109 ], [ -0.230083166285356, 51.514849101469018 ], [ -0.230173455038079, 51.514840724500075 ], [ -0.230188527341795, 51.51483932420026 ], [ -0.230303449635454, 51.514828656906374 ], [ -0.230322832168267, 51.514826862980492 ], [ -0.230367918715405, 51.514822678036545 ], [ -0.230389803979572, 51.514820643077883 ], [ -0.23041685316032, 51.514818128459659 ], [ -0.230433125880103, 51.514816620337463 ], [ -0.230640231274462, 51.514797406208288 ], [ -0.230655853176477, 51.514795955684868 ], [ -0.230669015905276, 51.514794737851837 ], [ -0.230674055512749, 51.514818653263603 ], [ -0.230681164733081, 51.514852383846481 ], [ -0.23070756654215, 51.514850210110303 ], [ -0.230721634836497, 51.514849055386883 ], [ -0.230741927847134, 51.514978239007419 ], [ -0.231136053669322, 51.515058474217184 ], [ -0.231141330136437, 51.515063643585897 ], [ -0.231204273548435, 51.515125292660564 ], [ -0.231212576963549, 51.515133430258722 ], [ -0.231234198512978, 51.515144151680254 ], [ -0.231236786332478, 51.515146178060512 ], [ -0.231232973714397, 51.515195831730857 ], [ -0.231232514155693, 51.51520211063707 ], [ -0.231224545259162, 51.515214346345402 ], [ -0.231218849149278, 51.515228927418335 ], [ -0.231210610882944, 51.515249971822477 ], [ -0.231208499101467, 51.515255371521683 ], [ -0.231204839713748, 51.515286196975254 ], [ -0.231202867619946, 51.515302866520514 ], [ -0.231203652372261, 51.515306790136805 ], [ -0.231216368893345, 51.515335866114071 ], [ -0.231226216627005, 51.515415158536513 ], [ -0.231227030001678, 51.515421690440881 ], [ -0.231156256458591, 51.5154493728216 ], [ -0.231147168820496, 51.515452913789304 ], [ -0.231108465468071, 51.515459731188471 ], [ -0.231095607677531, 51.515462001307732 ], [ -0.230830332068164, 51.515450654492994 ], [ -0.230819842383366, 51.515450208552615 ], [ -0.230815228394613, 51.515444680462487 ], [ -0.230818942118602, 51.515468225160006 ], [ -0.230843380671836, 51.515623770148238 ], [ -0.230847126138219, 51.515647612078929 ], [ -0.230851617982849, 51.515673020985531 ], [ -0.230985227001945, 51.515675035605135 ], [ -0.231026099798084, 51.515675651873948 ], [ -0.231076956954628, 51.515681013887736 ], [ -0.231104775353801, 51.515683951236333 ], [ -0.231067199971683, 51.51600745136961 ], [ -0.231074729880175, 51.516083138784801 ], [ -0.231173094331516, 51.516095529830217 ], [ -0.231192643905893, 51.516097991782104 ], [ -0.23120448060454, 51.516100130621552 ], [ -0.231350200002566, 51.516134628848235 ], [ -0.231412408952452, 51.516152796455067 ], [ -0.231426809425663, 51.516158328161957 ], [ -0.231465921185678, 51.516173341874527 ], [ -0.231690252291195, 51.51625948215144 ], [ -0.231700832645502, 51.516263544408559 ], [ -0.231710064871311, 51.516421791592421 ], [ -0.231712236990407, 51.516462443940739 ], [ -0.231713824269921, 51.516492152462867 ], [ -0.231744025055129, 51.517056641970662 ], [ -0.231581346754279, 51.517355136630641 ], [ -0.231246472820905, 51.517969526293292 ], [ -0.231632815646227, 51.518195282106809 ], [ -0.232355362149386, 51.518617518932025 ], [ -0.234251983762966, 51.520877672985122 ], [ -0.235898700588217, 51.522041666273857 ], [ -0.238312326233507, 51.522074799140533 ], [ -0.239031094574833, 51.522426791665232 ], [ -0.23920978461372, 51.522515306879299 ], [ -0.239246938280179, 51.522533831467726 ], [ -0.239522552391202, 51.522674014860698 ], [ -0.239836221229549, 51.522862105324165 ], [ -0.239857186123506, 51.522874676636881 ], [ -0.240126606386026, 51.523037633871638 ], [ -0.240361165878485, 51.523185805583374 ], [ -0.240520236504422, 51.523288295878501 ], [ -0.241522766965693, 51.523941354007178 ], [ -0.241796438470639, 51.524122994701855 ], [ -0.242284680576315, 51.524447062645606 ], [ -0.242271188414208, 51.524524106940717 ], [ -0.241988831339403, 51.524581198476319 ], [ -0.240929112223303, 51.524772150297387 ], [ -0.240189125745478, 51.52489594627248 ], [ -0.239248381892075, 51.525033838926383 ], [ -0.238463863414947, 51.52514883564502 ], [ -0.237681682832356, 51.525245004759427 ], [ -0.236393144048844, 51.52538751667695 ], [ -0.236031560626274, 51.525418053271025 ], [ -0.235930706477935, 51.525416537464409 ], [ -0.235786976750951, 51.525405384509007 ], [ -0.235700878350552, 51.52539508871763 ], [ -0.235571903785379, 51.525375173698421 ], [ -0.235442581657586, 51.525364245904008 ], [ -0.235370543088999, 51.525363162833322 ], [ -0.235298157162959, 51.525371058095509 ], [ -0.235224316541358, 51.525390468936124 ], [ -0.23500687297903, 51.525447611457125 ], [ -0.234771241794779, 51.525472222927434 ], [ -0.234763555884261, 51.525473024536332 ], [ -0.234699072305157, 51.525479752011826 ], [ -0.234630535449106, 51.525486913057719 ], [ -0.234413735796751, 51.525501636010389 ], [ -0.234284057296243, 51.525499684517584 ], [ -0.234139981296332, 51.525497516192871 ] ] ] } }
]
}
