LSOA code num,predicted_monthly_count,actual_monthly_count,LSOA code
0,0.0019040484,0.0,E01000001
1,0.96966076,2.0,E01000002
2,0.0020593375,0.0,E01000003
3,0.0022239997,0.0,E01000005
4,1.254803,1.0,E01000006
5,0.0027866769,0.0,E01000007
6,0.0023715796,0.0,E01000008
7,1.4394779,1.0,E01000009
8,0.0022451128,0.0,E01000011
9,0.002340943,0.0,E01000012
10,1.762293,1.0,E01000013
11,0.0024796578,0.0,E01000014
12,0.0025885797,0.0,E01000015
13,1.3723919,1.0,E01000016
14,0.0022418832,0.0,E01000017
15,0.0022234695,0.0,E01000018
16,0.0022601755,0.0,E01000019
17,0.0023965507,0.0,E01000020
18,0.002269344,0.0,E01000021
19,0.0022288258,0.0,E01000022
20,0.0023033484,0.0,E01000024
21,1.2854743,1.0,E01000025
22,0.0024874797,0.0,E01000027
23,0.0020825288,0.0,E01000028
24,0.0022621572,0.0,E01000029
25,1.2892773,2.0,E01000030
26,0.0022943378,0.0,E01000031
27,1.6902584,2.0,E01000032
28,0.0021563764,0.0,E01000033
29,0.0023247157,0.0,E01000034
30,0.0023739545,0.0,E01000035
31,0.002304213,0.0,E01000036
32,0.0021722934,0.0,E01000037
33,0.0021955387,0.0,E01000038
34,0.0021317306,0.0,E01000039
35,1.2334472,1.0,E01000040
36,0.0023225786,0.0,E01000041
37,1.2494166,1.0,E01000042
38,0.0023789133,0.0,E01000043
39,0.0025039427,0.0,E01000044
40,0.0023696807,0.0,E01000045
41,1.2907233,1.0,E01000046
42,1.2399249,1.0,E01000049
43,1.3278773,1.0,E01000050
44,1.4774075,1.0,E01000051
45,1.4924762,1.0,E01000052
46,1.255152,1.0,E01000053
47,0.0022558256,0.0,E01000054
48,0.0022026703,0.0,E01000055
49,0.0023189322,0.0,E01000056
50,1.1992882,2.0,E01000057
51,0.0023622145,0.0,E01000058
52,0.0023663745,0.0,E01000059
53,0.0024653133,0.0,E01000060
54,1.2789307,1.0,E01000061
55,0.0024024213,0.0,E01000062
56,0.0022421035,0.0,E01000063
57,0.0023266831,0.0,E01000064
58,1.2095101,1.0,E01000065
59,0.00242687,0.0,E01000066
60,1.7463614,2.0,E01000067
61,1.4258008,1.0,E01000068
62,0.002230108,0.0,E01000069
63,1.393381,2.0,E01000070
64,0.0022845932,0.0,E01000071
65,0.002396089,0.0,E01000072
66,0.0022577455,0.0,E01000073
67,1.1586931,1.0,E01000074
68,0.002383921,0.0,E01000075
69,0.0023145045,0.0,E01000076
70,0.0023854754,0.0,E01000077
71,0.0024619135,0.0,E01000078
72,0.0021880711,0.0,E01000079
73,0.002204305,0.0,E01000080
74,0.0023012713,0.0,E01000081
75,0.0023463732,0.0,E01000082
76,0.002265225,0.0,E01000083
77,0.0022388557,0.0,E01000084
78,1.6546278,2.0,E01000085
79,0.0022607122,0.0,E01000086
80,1.352666,1.0,E01000087
81,1.2976601,1.0,E01000088
82,1.3050593,1.0,E01000089
83,1.6465756,3.0,E01000090
84,0.0023137874,0.0,E01000091
85,0.0023242037,0.0,E01000093
86,1.8077182,1.0,E01000094
87,2.0957987,1.0,E01000095
88,1.3192037,2.0,E01000096
89,0.002282508,0.0,E01000097
90,0.002441419,0.0,E01000098
91,1.3354844,1.0,E01000099
92,0.002337824,0.0,E01000100
93,0.0024721986,0.0,E01000101
94,1.3430595,1.0,E01000102
95,1.4343761,1.0,E01000103
96,0.0025782012,0.0,E01000104
97,1.6300532,1.0,E01000105
98,0.0027153473,0.0,E01000106
99,0.0022754977,0.0,E01000107
100,1.5802927,1.0,E01000108
101,0.002180417,0.0,E01000110
102,0.0024135062,0.0,E01000111
103,0.0024086626,0.0,E01000112
104,0.0024776307,0.0,E01000113
105,0.0025863575,0.0,E01000114
106,0.00226247,0.0,E01000115
107,1.1853677,1.0,E01000116
108,1.278999,2.0,E01000117
109,1.3376633,3.0,E01000118
110,0.0023947253,0.0,E01000119
111,1.2098389,1.0,E01000120
112,0.0022151961,0.0,E01000121
113,1.3050263,1.0,E01000122
114,0.0024309955,0.0,E01000123
115,0.0025294414,0.0,E01000124
116,1.3583622,3.0,E01000126
117,0.0021891806,0.0,E01000127
118,1.3252809,3.0,E01000128
119,1.4822452,2.0,E01000129
120,0.0022289066,0.0,E01000130
121,1.4183403,1.0,E01000131
122,0.0022500341,0.0,E01000132
123,0.0022422979,0.0,E01000133
124,0.002345502,0.0,E01000134
125,0.0023344299,0.0,E01000135
126,1.8919572,1.0,E01000136
127,1.3144389,1.0,E01000137
128,1.4699895,1.0,E01000138
129,0.0025736908,0.0,E01000139
130,1.6578792,2.0,E01000140
131,2.7680247,2.0,E01000141
132,1.4463577,2.0,E01000142
133,0.0025224674,0.0,E01000143
134,0.0024046793,0.0,E01000144
135,0.0024191127,0.0,E01000145
136,0.0029815887,0.0,E01000146
137,2.1548553,1.0,E01000147
138,0.0027876485,0.0,E01000150
139,1.2576098,1.0,E01000151
140,1.7369533,1.0,E01000152
141,1.2643191,1.0,E01000153
142,0.0024723778,0.0,E01000154
143,0.002362139,0.0,E01000156
144,0.0022220027,0.0,E01000157
145,0.0022595548,0.0,E01000158
146,0.0023194056,0.0,E01000159
147,1.2913651,1.0,E01000160
148,1.2874565,1.0,E01000161
149,1.2461092,1.0,E01000162
150,1.1931273,1.0,E01000163
151,0.0024825018,0.0,E01000164
152,1.206457,2.0,E01000165
153,0.0020817185,0.0,E01000166
154,1.1999965,1.0,E01000167
155,0.0022822034,0.0,E01000168
156,1.2599747,1.0,E01000169
157,0.0023912815,0.0,E01000170
158,1.9249142,2.0,E01000171
159,0.0022415796,0.0,E01000172
160,0.0022668403,0.0,E01000173
161,1.3352039,2.0,E01000174
162,1.2996045,4.0,E01000175
163,0.0023369046,0.0,E01000176
164,0.0024768985,0.0,E01000177
165,1.2729428,1.0,E01000178
166,0.0025919145,0.0,E01000179
167,1.3584998,2.0,E01000180
168,1.8057139,3.0,E01000181
169,1.5342585,1.0,E01000182
170,0.0022944056,0.0,E01000183
171,1.396069,1.0,E01000184
172,1.3273778,3.0,E01000185
173,0.002395326,0.0,E01000186
174,1.4053271,1.0,E01000187
175,0.0024809444,0.0,E01000188
176,0.0026609695,0.0,E01000189
177,0.0022594633,0.0,E01000190
178,0.002245963,0.0,E01000191
179,1.3868304,1.0,E01000192
180,2.2636874,1.0,E01000193
181,1.476217,5.0,E01000194
182,0.0022833745,0.0,E01000195
183,1.4038879,1.0,E01000196
184,0.0025604342,0.0,E01000197
185,0.0026009597,0.0,E01000198
186,0.0023817203,0.0,E01000199
187,1.727666,2.0,E01000200
188,1.5279696,1.0,E01000201
189,1.5433583,1.0,E01000202
190,0.0023846317,0.0,E01000203
191,0.0025773323,0.0,E01000204
192,1.5719367,1.0,E01000205
193,1.5706683,4.0,E01000206
194,0.002490638,0.0,E01000207
195,0.0024659387,0.0,E01000208
196,0.0022167356,0.0,E01000209
197,0.0025286851,0.0,E01000210
198,1.8580052,2.0,E01000211
199,0.0022836206,0.0,E01000212
200,1.4354672,2.0,E01000213
201,1.4703729,1.0,E01000214
202,1.3414615,1.0,E01000215
203,1.6231921,1.0,E01000216
204,1.4315678,2.0,E01000217
205,1.4024472,1.0,E01000218
206,0.0024535565,0.0,E01000219
207,0.0025627147,0.0,E01000220
208,0.0024196054,0.0,E01000221
209,1.5609559,1.0,E01000222
210,0.0026012799,0.0,E01000223
211,1.3384883,1.0,E01000224
212,0.0023057384,0.0,E01000225
213,0.0022697272,0.0,E01000226
214,0.0025081204,0.0,E01000227
215,0.0024007277,0.0,E01000228
216,0.002264238,0.0,E01000229
217,0.0025389139,0.0,E01000230
218,0.0022562668,0.0,E01000231
219,0.002464494,0.0,E01000232
220,0.002332564,0.0,E01000233
221,0.0022661432,0.0,E01000234
222,0.0022939483,0.0,E01000235
223,0.002679525,0.0,E01000236
224,0.002310971,0.0,E01000237
225,1.4714476,1.0,E01000238
226,1.4204621,1.0,E01000239
227,1.3568174,1.0,E01000240
228,0.0022620796,0.0,E01000241
229,0.002407474,0.0,E01000242
230,1.8979753,2.0,E01000243
231,2.3625515,1.0,E01000244
232,0.0026892414,0.0,E01000245
233,0.0023017584,0.0,E01000246
234,0.0021038472,0.0,E01000247
235,1.3084319,1.0,E01000248
236,0.0022879892,0.0,E01000249
237,1.7428998,1.0,E01000250
238,1.8523405,1.0,E01000251
239,0.0025316966,0.0,E01000252
240,1.2962062,2.0,E01000253
241,0.0022422425,0.0,E01000254
242,1.5183975,2.0,E01000255
243,1.3705069,2.0,E01000256
244,1.8546512,1.0,E01000257
245,0.0025059315,0.0,E01000258
246,0.0025429728,0.0,E01000259
247,0.0025463265,0.0,E01000260
248,1.3598087,1.0,E01000261
249,0.0023797837,0.0,E01000263
250,0.0024926353,0.0,E01000264
251,0.0024144766,0.0,E01000265
252,1.5874945,1.0,E01000266
253,0.002242685,0.0,E01000267
254,0.0025397881,0.0,E01000268
255,1.2498688,1.0,E01000269
256,1.334221,1.0,E01000270
257,0.0023067347,0.0,E01000271
258,1.2212383,3.0,E01000272
259,1.4093164,4.0,E01000273
260,0.0022864863,0.0,E01000274
261,1.2515653,1.0,E01000275
262,1.3559378,2.0,E01000276
263,0.0023762763,0.0,E01000277
264,1.3226953,1.0,E01000278
265,1.8724765,2.0,E01000279
266,1.3143102,1.0,E01000280
267,1.3979383,1.0,E01000281
268,1.364346,1.0,E01000282
269,0.002451304,0.0,E01000283
270,1.3848193,1.0,E01000284
271,0.0022155035,0.0,E01000285
272,0.0022459875,0.0,E01000286
273,1.151441,1.0,E01000287
274,1.312729,1.0,E01000288
275,1.2195337,1.0,E01000289
276,1.3126787,1.0,E01000290
277,0.0020833511,0.0,E01000291
278,0.002294026,0.0,E01000292
279,0.0024017226,0.0,E01000293
280,0.002189313,0.0,E01000294
281,1.3669438,1.0,E01000295
282,1.5252361,4.0,E01000296
283,0.002195946,0.0,E01000297
284,0.0023958366,0.0,E01000298
285,1.5153481,3.0,E01000299
286,1.3279898,1.0,E01000300
287,0.002190143,0.0,E01000301
288,0.0023405044,0.0,E01000302
289,0.0022204837,0.0,E01000303
290,1.3085254,1.0,E01000304
291,0.00251014,0.0,E01000305
292,0.0022497778,0.0,E01000306
293,1.3655103,1.0,E01000307
294,1.8020514,1.0,E01000308
295,0.002240838,0.0,E01000309
296,2.0444615,2.0,E01000310
297,0.0025254714,0.0,E01000311
298,0.0023438628,0.0,E01000312
299,0.00239637,0.0,E01000313
300,1.3756721,1.0,E01000314
301,0.0022890586,0.0,E01000315
302,0.0025743747,0.0,E01000316
303,1.234858,1.0,E01000317
304,0.0024587729,0.0,E01000318
305,1.2190045,1.0,E01000319
306,1.3906966,1.0,E01000320
307,0.0023165515,0.0,E01000321
308,0.0024668819,0.0,E01000322
309,1.6425698,2.0,E01000323
310,1.2983129,1.0,E01000324
311,0.0020949887,0.0,E01000325
312,0.0021643103,0.0,E01000326
313,1.2111962,1.0,E01000327
314,0.0021478834,0.0,E01000328
315,1.3553425,1.0,E01000329
316,0.0021023739,0.0,E01000330
317,0.0022534293,0.0,E01000331
318,0.0021892756,0.0,E01000332
319,1.3208263,1.0,E01000333
320,0.0021064288,0.0,E01000334
321,1.9704119,1.0,E01000335
322,0.0024007368,0.0,E01000336
323,0.0023191345,0.0,E01000337
324,0.0023813546,0.0,E01000338
325,0.0020476812,0.0,E01000339
326,0.0021248711,0.0,E01000340
327,0.002020669,0.0,E01000341
328,0.002056138,0.0,E01000342
329,1.2259464,2.0,E01000343
330,0.0021021273,0.0,E01000344
331,0.0021077038,0.0,E01000345
332,0.0021625073,0.0,E01000346
333,0.0021001888,0.0,E01000347
334,1.0943311,1.0,E01000348
335,0.002060471,0.0,E01000349
336,0.0020573167,0.0,E01000350
337,0.001968514,0.0,E01000351
338,1.193171,1.0,E01000352
339,0.0020289163,0.0,E01000353
340,0.0020788498,0.0,E01000354
341,1.1126525,1.0,E01000355
342,0.0024815716,0.0,E01000356
343,0.0021437006,0.0,E01000357
344,0.0021150757,0.0,E01000358
345,0.002253092,0.0,E01000359
346,1.5825956,1.0,E01000360
347,0.0021532937,0.0,E01000361
348,0.0024872331,0.0,E01000362
349,1.2115396,1.0,E01000363
350,0.0021796986,0.0,E01000364
351,0.0021691013,0.0,E01000365
352,0.0020324893,0.0,E01000366
353,1.2529024,1.0,E01000367
354,0.0020868767,0.0,E01000368
355,0.0022246214,0.0,E01000369
356,0.0021167758,0.0,E01000370
357,0.0021243219,0.0,E01000371
358,0.0021542346,0.0,E01000372
359,0.002319349,0.0,E01000373
360,0.0021659809,0.0,E01000374
361,0.0022428005,0.0,E01000375
362,0.0023451864,0.0,E01000376
363,0.00209868,0.0,E01000377
364,0.0021974123,0.0,E01000379
365,1.0792731,1.0,E01000380
366,0.0021730165,0.0,E01000381
367,1.1766162,1.0,E01000382
368,0.0023485718,0.0,E01000383
369,1.2138227,1.0,E01000384
370,1.5570569,1.0,E01000385
371,0.0022452401,0.0,E01000386
372,0.0019747613,0.0,E01000387
373,0.0023133173,0.0,E01000388
374,1.2419168,2.0,E01000389
375,0.0023662369,0.0,E01000390
376,0.002158936,0.0,E01000391
377,1.5366154,1.0,E01000392
378,0.0022664717,0.0,E01000393
379,0.0021191319,0.0,E01000394
380,1.094381,1.0,E01000395
381,0.002085128,0.0,E01000396
382,0.002098664,0.0,E01000398
383,0.0021944898,0.0,E01000399
384,0.0024526324,0.0,E01000400
385,0.002158297,0.0,E01000401
386,0.002231661,0.0,E01000402
387,0.0024383569,0.0,E01000403
388,1.3211869,1.0,E01000404
389,1.2219957,1.0,E01000405
390,1.3947936,1.0,E01000406
391,0.002383629,0.0,E01000407
392,1.256202,2.0,E01000408
393,0.0020410826,0.0,E01000409
394,1.1363893,1.0,E01000410
395,0.002117019,0.0,E01000411
396,0.0021394647,0.0,E01000412
397,0.0020978737,0.0,E01000413
398,0.0023555825,0.0,E01000414
399,0.002022412,0.0,E01000415
400,1.3421988,1.0,E01000416
401,0.002187077,0.0,E01000417
402,0.0022506232,0.0,E01000418
403,0.0021094815,0.0,E01000419
404,1.1960524,2.0,E01000420
405,0.0020183271,0.0,E01000421
406,0.0021647997,0.0,E01000422
407,0.0021524439,0.0,E01000423
408,0.002312724,0.0,E01000424
409,1.2098658,2.0,E01000425
410,0.002151715,0.0,E01000426
411,0.0023170884,0.0,E01000427
412,0.0023660043,0.0,E01000428
413,0.0022881485,0.0,E01000429
414,0.0020622197,0.0,E01000430
415,0.0023427766,0.0,E01000431
416,1.2644459,1.0,E01000433
417,0.0021516762,0.0,E01000434
418,0.0021451311,0.0,E01000435
419,1.0859559,1.0,E01000436
420,0.0020561654,0.0,E01000437
421,0.0022502327,0.0,E01000438
422,1.3278992,2.0,E01000439
423,1.1011413,1.0,E01000440
424,0.0021985841,0.0,E01000441
425,1.1033328,1.0,E01000442
426,0.0021518096,0.0,E01000443
427,1.1875563,1.0,E01000444
428,1.1472524,1.0,E01000445
429,0.002043373,0.0,E01000446
430,1.3524929,2.0,E01000447
431,0.002025728,0.0,E01000448
432,0.002142882,0.0,E01000449
433,1.3429512,1.0,E01000450
434,0.002106888,0.0,E01000451
435,0.0020651266,0.0,E01000452
436,0.0022295571,0.0,E01000453
437,1.2390586,1.0,E01000454
438,0.0022784856,0.0,E01000455
439,0.0020686332,0.0,E01000456
440,1.429905,2.0,E01000457
441,0.0020193185,0.0,E01000458
442,0.0021465195,0.0,E01000459
443,0.002182942,0.0,E01000460
444,0.0021099735,0.0,E01000461
445,1.6271558,1.0,E01000462
446,0.002001383,0.0,E01000463
447,0.002080502,0.0,E01000464
448,0.0020827183,0.0,E01000465
449,0.0021851975,0.0,E01000466
450,0.002092877,0.0,E01000467
451,0.002114628,0.0,E01000468
452,1.133354,1.0,E01000469
453,1.1828209,1.0,E01000470
454,0.0021412447,0.0,E01000471
455,2.4621937,2.0,E01000472
456,0.0024491777,0.0,E01000473
457,0.0021822425,0.0,E01000474
458,0.00243116,0.0,E01000475
459,0.0025486078,0.0,E01000476
460,1.7509646,1.0,E01000477
461,0.0023676273,0.0,E01000478
462,1.3236902,1.0,E01000479
463,0.0025009047,0.0,E01000480
464,0.0022846302,0.0,E01000481
465,0.0023676476,0.0,E01000483
466,1.2538437,1.0,E01000484
467,1.2307129,1.0,E01000485
468,0.0022735854,0.0,E01000486
469,0.0025731963,0.0,E01000487
470,0.0023039426,0.0,E01000488
471,0.0025929948,0.0,E01000489
472,1.5818803,1.0,E01000490
473,0.002433728,0.0,E01000491
474,0.0023399678,0.0,E01000492
475,1.2169037,1.0,E01000493
476,0.002343409,0.0,E01000494
477,1.4071461,1.0,E01000495
478,0.0023053559,0.0,E01000497
479,0.002334607,0.0,E01000498
480,1.4112834,2.0,E01000499
481,1.4571465,1.0,E01000501
482,0.002326863,0.0,E01000502
483,0.0025218625,0.0,E01000503
484,0.0023318634,0.0,E01000504
485,0.002303389,0.0,E01000505
486,0.0024030528,0.0,E01000506
487,0.00228954,0.0,E01000507
488,1.3800923,2.0,E01000508
489,0.00239191,0.0,E01000509
490,1.5952221,1.0,E01000510
491,1.3679155,2.0,E01000511
492,1.2718968,1.0,E01000512
493,0.0021598423,0.0,E01000513
494,0.0021520846,0.0,E01000514
495,1.2929559,1.0,E01000515
496,1.8900057,2.0,E01000516
497,1.3893857,1.0,E01000517
498,1.330895,2.0,E01000518
499,1.2880615,4.0,E01000519
500,0.0022721777,0.0,E01000520
501,1.7817736,3.0,E01000521
502,0.0022037986,0.0,E01000522
503,0.0026078261,0.0,E01000523
504,1.8674686,2.0,E01000524
505,0.0023343954,0.0,E01000525
506,0.0022709786,0.0,E01000526
507,1.3822541,1.0,E01000527
508,0.0023437378,0.0,E01000528
509,1.3010275,1.0,E01000530
510,0.0022352107,0.0,E01000531
511,0.0023562072,0.0,E01000532
512,0.0026686825,0.0,E01000533
513,0.0022265252,0.0,E01000534
514,0.002592289,0.0,E01000535
515,0.0022361232,0.0,E01000536
516,0.002133912,0.0,E01000538
517,0.002267741,0.0,E01000539
518,0.002258077,0.0,E01000540
519,1.2217261,2.0,E01000541
520,0.0022419237,0.0,E01000543
521,0.0024028956,0.0,E01000544
522,2.4104412,1.0,E01000545
523,0.0023123645,0.0,E01000546
524,1.5439379,1.0,E01000547
525,2.112383,3.0,E01000548
526,1.3292321,1.0,E01000549
527,1.8713642,1.0,E01000550
528,0.002459371,0.0,E01000551
529,0.0024094782,0.0,E01000552
530,0.0024026665,0.0,E01000553
531,1.3259646,1.0,E01000554
532,0.002250179,0.0,E01000555
533,2.418007,1.0,E01000556
534,0.0023038427,0.0,E01000557
535,1.4733986,1.0,E01000558
536,0.0025086347,0.0,E01000559
537,0.0024877503,0.0,E01000560
538,0.002450118,0.0,E01000561
539,0.0021424927,0.0,E01000562
540,1.1856993,1.0,E01000563
541,0.002178834,0.0,E01000564
542,0.0020871882,0.0,E01000565
543,0.0021596795,0.0,E01000566
544,0.0021885491,0.0,E01000567
545,0.0026272547,0.0,E01000568
546,0.0021519891,0.0,E01000569
547,0.002124245,0.0,E01000570
548,1.3104247,3.0,E01000571
549,0.002145615,0.0,E01000572
550,0.0022196095,0.0,E01000573
551,0.002120276,0.0,E01000574
552,1.5557213,2.0,E01000575
553,0.0023350813,0.0,E01000576
554,0.002680574,0.0,E01000577
555,0.00243587,0.0,E01000578
556,0.002421466,0.0,E01000579
557,1.7669523,2.0,E01000580
558,1.4340575,1.0,E01000581
559,1.3613085,1.0,E01000582
560,0.0025213864,0.0,E01000583
561,0.0022027565,0.0,E01000584
562,0.0023801841,0.0,E01000585
563,2.1886785,2.0,E01000586
564,1.262702,1.0,E01000587
565,0.002548665,0.0,E01000589
566,1.3799354,1.0,E01000590
567,0.0024642579,0.0,E01000591
568,1.2978617,1.0,E01000592
569,0.0023285765,0.0,E01000593
570,0.002710738,0.0,E01000594
571,1.3157177,1.0,E01000595
572,0.0023220435,0.0,E01000596
573,1.5773965,1.0,E01000599
574,1.4285142,5.0,E01000601
575,1.2494458,1.0,E01000602
576,1.2550905,1.0,E01000603
577,1.2045282,4.0,E01000604
578,0.0023615095,0.0,E01000605
579,0.0023367365,0.0,E01000606
580,0.0021856457,0.0,E01000607
581,0.0023516142,0.0,E01000608
582,0.0022606389,0.0,E01000609
583,0.0022905194,0.0,E01000610
584,0.0025180173,0.0,E01000611
585,0.002381853,0.0,E01000612
586,0.0023163527,0.0,E01000613
587,1.6052601,1.0,E01000615
588,0.0025018686,0.0,E01000616
589,0.002527152,0.0,E01000617
590,0.0023073398,0.0,E01000618
591,0.002258888,0.0,E01000619
592,0.0022896328,0.0,E01000620
593,0.0024213793,0.0,E01000621
594,0.0024539344,0.0,E01000622
595,1.1939589,2.0,E01000623
596,1.2196581,2.0,E01000624
597,1.2070119,1.0,E01000625
598,0.002271022,0.0,E01000626
599,0.0026240232,0.0,E01000627
600,1.456927,1.0,E01000628
601,0.002368333,0.0,E01000629
602,1.6972668,1.0,E01000630
603,0.002456934,0.0,E01000631
604,0.0024530662,0.0,E01000632
605,0.0025694189,0.0,E01000633
606,0.002335206,0.0,E01000634
607,1.6250247,1.0,E01000636
608,1.2153759,1.0,E01000637
609,0.0023308818,0.0,E01000638
610,1.2854803,2.0,E01000639
611,1.5447658,1.0,E01000640
612,0.0024200508,0.0,E01000641
613,2.4910843,1.0,E01000642
614,0.0025954924,0.0,E01000643
615,1.4515015,2.0,E01000644
616,1.8834176,1.0,E01000645
617,0.00231311,0.0,E01000646
618,0.0021563475,0.0,E01000647
619,0.0022315409,0.0,E01000648
620,0.0023637614,0.0,E01000649
621,0.002498889,0.0,E01000650
622,0.0021482357,0.0,E01000651
623,0.0021585594,0.0,E01000652
624,0.002032249,0.0,E01000653
625,0.0020707294,0.0,E01000654
626,0.0020925417,0.0,E01000655
627,0.0021306176,0.0,E01000656
628,1.1246772,1.0,E01000657
629,0.0020163744,0.0,E01000658
630,0.0021023238,0.0,E01000659
631,0.002662311,0.0,E01000661
632,1.1283752,1.0,E01000662
633,0.0021383825,0.0,E01000663
634,0.0022433738,0.0,E01000664
635,1.3093152,1.0,E01000665
636,1.481252,3.0,E01000666
637,1.3007324,1.0,E01000667
638,0.0022693938,0.0,E01000668
639,0.0022527664,0.0,E01000669
640,1.3425103,1.0,E01000670
641,1.3835459,2.0,E01000671
642,0.0021548274,0.0,E01000672
643,0.0022423428,0.0,E01000673
644,0.0021330207,0.0,E01000674
645,1.9986742,4.0,E01000676
646,0.0023620906,0.0,E01000677
647,0.0022122562,0.0,E01000678
648,0.0021338772,0.0,E01000679
649,1.2747246,1.0,E01000680
650,0.002175373,0.0,E01000681
651,0.0019709372,0.0,E01000682
652,0.0021391606,0.0,E01000683
653,0.0023059032,0.0,E01000684
654,0.0020685522,0.0,E01000685
655,0.0021314041,0.0,E01000686
656,0.0023489895,0.0,E01000687
657,0.0021263326,0.0,E01000688
658,1.2281047,1.0,E01000689
659,0.0021581384,0.0,E01000690
660,1.1844878,3.0,E01000691
661,1.231221,1.0,E01000692
662,0.0023833972,0.0,E01000693
663,1.5253069,2.0,E01000694
664,0.002279082,0.0,E01000695
665,1.3043303,1.0,E01000696
666,0.0025023518,0.0,E01000697
667,0.0022014375,0.0,E01000698
668,0.0022323763,0.0,E01000699
669,0.002148199,0.0,E01000700
670,0.0021189984,0.0,E01000701
671,0.0021607012,0.0,E01000702
672,0.00222383,0.0,E01000703
673,0.002219205,0.0,E01000704
674,1.14158,1.0,E01000705
675,0.002158895,0.0,E01000706
676,1.2542975,1.0,E01000707
677,0.002134494,0.0,E01000708
678,0.0022718657,0.0,E01000709
679,1.8054776,1.0,E01000710
680,0.0025046426,0.0,E01000711
681,0.0025332617,0.0,E01000712
682,1.5057024,2.0,E01000713
683,2.6140351,3.0,E01000714
684,0.0023191832,0.0,E01000715
685,1.2090212,1.0,E01000716
686,1.6573952,1.0,E01000717
687,1.5706136,1.0,E01000718
688,2.1836548,6.0,E01000719
689,0.0023531003,0.0,E01000720
690,1.5996019,2.0,E01000721
691,0.0025220548,0.0,E01000722
692,0.0020534531,0.0,E01000723
693,1.3661236,1.0,E01000724
694,1.5960771,2.0,E01000725
695,0.002192236,0.0,E01000726
696,0.0022194802,0.0,E01000727
697,0.0024308239,0.0,E01000728
698,0.0023319055,0.0,E01000729
699,1.3677828,1.0,E01000730
700,0.0021418103,0.0,E01000731
701,0.0020234787,0.0,E01000732
702,0.0022441323,0.0,E01000733
703,0.0021522364,0.0,E01000734
704,0.0022747393,0.0,E01000735
705,1.2700948,1.0,E01000736
706,0.002242421,0.0,E01000737
707,1.3946055,3.0,E01000738
708,1.2612196,3.0,E01000739
709,0.0024057503,0.0,E01000741
710,0.002765236,0.0,E01000742
711,1.6856962,2.0,E01000743
712,1.125924,1.0,E01000744
713,1.3190161,3.0,E01000745
714,0.002370517,0.0,E01000746
715,0.0023072518,0.0,E01000747
716,1.2310698,2.0,E01000748
717,0.0021848162,0.0,E01000749
718,1.1442239,1.0,E01000750
719,0.0022398925,0.0,E01000751
720,1.3068163,2.0,E01000752
721,0.002293875,0.0,E01000753
722,0.0021701027,0.0,E01000754
723,0.0020901114,0.0,E01000755
724,1.3301388,1.0,E01000756
725,1.1491777,1.0,E01000757
726,0.0021134142,0.0,E01000758
727,1.1651475,1.0,E01000759
728,1.139738,1.0,E01000760
729,0.0021561973,0.0,E01000761
730,1.0923315,1.0,E01000762
731,0.0020117108,0.0,E01000763
732,0.002177673,0.0,E01000764
733,1.2507852,2.0,E01000765
734,0.0020432426,0.0,E01000766
735,0.0021530434,0.0,E01000767
736,1.1822888,1.0,E01000768
737,0.0021750971,0.0,E01000769
738,1.363678,2.0,E01000770
739,1.244994,1.0,E01000771
740,1.7259889,3.0,E01000772
741,0.0021523105,0.0,E01000773
742,0.0021672412,0.0,E01000774
743,1.2786814,1.0,E01000775
744,0.0021471696,0.0,E01000777
745,0.0020647878,0.0,E01000778
746,1.5553172,1.0,E01000779
747,0.0022274607,0.0,E01000780
748,0.0021005091,0.0,E01000781
749,1.2228569,5.0,E01000782
750,0.0022698396,0.0,E01000783
751,0.002119542,0.0,E01000784
752,1.2262161,2.0,E01000785
753,0.002190772,0.0,E01000786
754,0.002145041,0.0,E01000787
755,1.5192696,3.0,E01000788
756,1.1209635,1.0,E01000789
757,2.3349986,4.0,E01000790
758,1.1785609,1.0,E01000791
759,0.0021626588,0.0,E01000792
760,0.0020627605,0.0,E01000793
761,0.0020308462,0.0,E01000794
762,0.0019618364,0.0,E01000795
763,1.3041536,1.0,E01000796
764,1.3691114,2.0,E01000797
765,0.0024133818,0.0,E01000798
766,1.5132296,1.0,E01000799
767,1.430515,1.0,E01000800
768,1.2469033,1.0,E01000801
769,0.002347301,0.0,E01000802
770,0.0022239678,0.0,E01000803
771,0.00242995,0.0,E01000804
772,0.0022726448,0.0,E01000805
773,0.0025784902,0.0,E01000806
774,1.4043429,1.0,E01000807
775,0.0022201969,0.0,E01000808
776,0.0022784302,0.0,E01000809
777,0.0021286467,0.0,E01000810
778,0.002098798,0.0,E01000811
779,0.0020972975,0.0,E01000812
780,0.002011235,0.0,E01000813
781,0.0019037052,0.0,E01000814
782,0.0021234986,0.0,E01000815
783,0.0022156101,0.0,E01000816
784,0.0021996128,0.0,E01000818
785,0.0022924,0.0,E01000819
786,1.3308271,1.0,E01000820
787,0.0021031098,0.0,E01000822
788,0.0023187918,0.0,E01000823
789,0.0023375833,0.0,E01000824
790,0.0024003843,0.0,E01000825
791,0.002098441,0.0,E01000826
792,0.0022220693,0.0,E01000827
793,1.1498829,2.0,E01000828
794,0.002224984,0.0,E01000829
795,0.002264931,0.0,E01000830
796,0.0021088189,0.0,E01000831
797,0.0021870802,0.0,E01000832
798,0.0022095363,0.0,E01000833
799,0.002234453,0.0,E01000835
800,1.1631752,2.0,E01000836
801,1.2542579,1.0,E01000837
802,0.0020512494,0.0,E01000838
803,0.0019001972,0.0,E01000839
804,0.002137146,0.0,E01000840
805,0.002140576,0.0,E01000841
806,0.0024432614,0.0,E01000842
807,1.5746173,3.0,E01000843
808,1.3605988,1.0,E01000844
809,1.7110744,1.0,E01000845
810,0.0022839124,0.0,E01000846
811,1.4339218,1.0,E01000847
812,1.5325212,2.0,E01000848
813,0.0023458486,0.0,E01000849
814,4.1105027,2.0,E01000850
815,3.128694,5.0,E01000851
816,1.4890133,1.0,E01000853
817,4.0701036,7.0,E01000855
818,0.0030825762,0.0,E01000856
819,0.0022262193,0.0,E01000857
820,2.1015182,2.0,E01000858
821,1.7949442,1.0,E01000859
822,1.41033,1.0,E01000860
823,2.8961,1.0,E01000861
824,2.3297002,4.0,E01000862
825,4.036146,3.0,E01000863
826,0.0025101448,0.0,E01000866
827,0.0025795612,0.0,E01000867
828,0.002491453,0.0,E01000868
829,1.6118678,2.0,E01000869
830,0.0024661585,0.0,E01000870
831,0.0023510233,0.0,E01000871
832,1.8664638,2.0,E01000872
833,0.0025040705,0.0,E01000873
834,1.2099481,1.0,E01000874
835,1.4886034,1.0,E01000875
836,0.0023459918,0.0,E01000876
837,0.0025370345,0.0,E01000877
838,0.0025775596,0.0,E01000878
839,0.0023477084,0.0,E01000879
840,0.002483127,0.0,E01000880
841,1.9931356,2.0,E01000881
842,0.0024183493,0.0,E01000882
843,1.712849,3.0,E01000883
844,1.3932905,1.0,E01000884
845,0.002503007,0.0,E01000885
846,1.3801422,1.0,E01000886
847,1.510976,3.0,E01000887
848,1.3074604,1.0,E01000888
849,1.5884609,2.0,E01000889
850,1.2509539,3.0,E01000890
851,1.2817702,1.0,E01000891
852,0.0025871543,0.0,E01000892
853,0.002299834,0.0,E01000893
854,1.2740623,2.0,E01000894
855,1.3640753,2.0,E01000895
856,1.4501948,3.0,E01000896
857,1.4641379,1.0,E01000897
858,1.5280856,1.0,E01000898
859,1.4739616,2.0,E01000899
860,1.7325256,1.0,E01000900
861,1.5153823,4.0,E01000901
862,0.0022411926,0.0,E01000902
863,0.0024571638,0.0,E01000903
864,1.9177158,3.0,E01000904
865,2.005218,2.0,E01000905
866,1.9936445,2.0,E01000906
867,0.002486563,0.0,E01000907
868,0.0023738414,0.0,E01000908
869,1.7542142,1.0,E01000909
870,0.0023359857,0.0,E01000910
871,0.0022298442,0.0,E01000911
872,0.0023801727,0.0,E01000912
873,0.003040949,0.0,E01000913
874,6.2454333,10.0,E01000914
875,1.3217708,2.0,E01000915
876,4.33293,3.0,E01000916
877,0.0023830016,0.0,E01000917
878,7.7210736,6.0,E01000918
879,5.713128,6.0,E01000919
880,3.0652356,6.0,E01000920
881,2.7432334,4.0,E01000921
882,1.9801425,3.0,E01000922
883,0.0024620097,0.0,E01000923
884,1.4381769,1.0,E01000924
885,1.4558592,1.0,E01000925
886,0.0025212397,0.0,E01000926
887,2.030018,3.0,E01000927
888,1.4218858,2.0,E01000928
889,0.0023660169,0.0,E01000929
890,0.0028086589,0.0,E01000930
891,1.6974759,1.0,E01000931
892,0.002456326,0.0,E01000932
893,2.422712,1.0,E01000933
894,1.282787,2.0,E01000934
895,1.4434289,2.0,E01000935
896,0.0023937353,0.0,E01000937
897,1.9497212,3.0,E01000938
898,1.426225,4.0,E01000939
899,0.002326722,0.0,E01000941
900,0.0024894828,0.0,E01000942
901,0.0024271174,0.0,E01000943
902,0.0022067314,0.0,E01000944
903,2.7209837,1.0,E01000946
904,2.8949368,2.0,E01000947
905,1.8603759,2.0,E01000948
906,0.002115571,0.0,E01000949
907,0.0022082713,0.0,E01000951
908,1.4496152,2.0,E01000952
909,0.0021637357,0.0,E01000954
910,1.3374724,1.0,E01000955
911,0.0024175432,0.0,E01000956
912,0.0025770606,0.0,E01000957
913,2.2198732,2.0,E01000958
914,0.0025282186,0.0,E01000959
915,1.4159818,5.0,E01000960
916,1.3922528,2.0,E01000961
917,0.002382278,0.0,E01000962
918,1.501505,2.0,E01000963
919,0.0030370061,0.0,E01000964
920,0.0025305247,0.0,E01000965
921,0.002557685,0.0,E01000966
922,1.6400912,3.0,E01000967
923,0.002714172,0.0,E01000968
924,1.9143045,1.0,E01000969
925,1.9308913,1.0,E01000970
926,0.0022508937,0.0,E01000971
927,2.2090442,2.0,E01000972
928,2.349773,2.0,E01000973
929,0.0023571455,0.0,E01000974
930,0.0027704043,0.0,E01000975
931,1.9307125,2.0,E01000976
932,0.0026646785,0.0,E01000977
933,0.0023877106,0.0,E01000978
934,1.545067,3.0,E01000979
935,0.0023043985,0.0,E01000980
936,0.0021695087,0.0,E01000981
937,0.0021929157,0.0,E01000982
938,1.4188427,2.0,E01000983
939,0.0025619254,0.0,E01000984
940,0.0021824026,0.0,E01000985
941,1.6834064,3.0,E01000986
942,0.0021467325,0.0,E01000987
943,0.002128738,0.0,E01000989
944,1.2216465,1.0,E01000990
945,1.0948495,1.0,E01000991
946,0.0023821995,0.0,E01000992
947,1.1942832,1.0,E01000993
948,0.0022116879,0.0,E01000994
949,0.0023138071,0.0,E01000995
950,1.1737005,1.0,E01000996
951,1.1855001,2.0,E01000997
952,0.0023757766,0.0,E01000998
953,0.0023943097,0.0,E01000999
954,0.002283292,0.0,E01001000
955,0.0023669477,0.0,E01001001
956,1.1468989,1.0,E01001002
957,1.2068399,1.0,E01001003
958,0.0025116797,0.0,E01001004
959,0.0023599379,0.0,E01001005
960,0.002260307,0.0,E01001006
961,0.0022903667,0.0,E01001007
962,1.2143443,1.0,E01001008
963,0.0023565823,0.0,E01001009
964,1.6636055,2.0,E01001010
965,1.5084684,3.0,E01001011
966,1.4415936,1.0,E01001012
967,1.6024604,1.0,E01001013
968,1.2015,1.0,E01001015
969,1.2888652,2.0,E01001016
970,0.0020228438,0.0,E01001017
971,0.0020683294,0.0,E01001018
972,0.0020132097,0.0,E01001019
973,0.002084814,0.0,E01001020
974,0.002207225,0.0,E01001021
975,0.0021309317,0.0,E01001022
976,0.002540464,0.0,E01001023
977,0.002075801,0.0,E01001024
978,0.0018615169,0.0,E01001025
979,0.0021472403,0.0,E01001026
980,1.1659883,2.0,E01001027
981,1.6423379,2.0,E01001028
982,0.0022447135,0.0,E01001029
983,1.187549,1.0,E01001030
984,1.2770957,1.0,E01001031
985,0.0021758708,0.0,E01001032
986,0.0023628103,0.0,E01001033
987,0.0025678915,0.0,E01001034
988,0.002368454,0.0,E01001035
989,1.2745677,1.0,E01001036
990,0.0025398475,0.0,E01001037
991,1.4556603,1.0,E01001038
992,0.002047321,0.0,E01001039
993,0.002359992,0.0,E01001040
994,0.0023351058,0.0,E01001041
995,2.7786906,1.0,E01001042
996,0.002328932,0.0,E01001044
997,0.0022724583,0.0,E01001046
998,0.0023115817,0.0,E01001047
999,0.002377701,0.0,E01001049
1000,0.0022520619,0.0,E01001050
1001,0.0022033383,0.0,E01001051
1002,0.0021928402,0.0,E01001053
1003,0.002130949,0.0,E01001054
1004,0.0022093584,0.0,E01001055
1005,0.002193679,0.0,E01001056
1006,0.0020960737,0.0,E01001057
1007,0.0020392635,0.0,E01001058
1008,0.0019808053,0.0,E01001059
1009,0.0021814902,0.0,E01001060
1010,0.002235247,0.0,E01001061
1011,0.0023354476,0.0,E01001062
1012,0.0021358735,0.0,E01001063
1013,1.2800716,1.0,E01001064
1014,1.2186484,2.0,E01001065
1015,0.0021625566,0.0,E01001066
1016,1.3958083,2.0,E01001067
1017,0.0021244455,0.0,E01001068
1018,1.100465,1.0,E01001069
1019,1.1067678,1.0,E01001070
1020,0.0021576157,0.0,E01001071
1021,0.002161297,0.0,E01001072
1022,1.2685946,1.0,E01001073
1023,1.2455078,1.0,E01001074
1024,0.0023224778,0.0,E01001075
1025,1.2476662,3.0,E01001076
1026,0.0021186832,0.0,E01001077
1027,0.002133045,0.0,E01001078
1028,0.0021616865,0.0,E01001079
1029,0.0022147482,0.0,E01001080
1030,0.0022191564,0.0,E01001081
1031,0.0020831535,0.0,E01001082
1032,1.2942772,7.0,E01001083
1033,1.4616618,1.0,E01001084
1034,1.4708642,1.0,E01001085
1035,0.002288906,0.0,E01001086
1036,1.5273457,1.0,E01001087
1037,0.0021849892,0.0,E01001088
1038,2.4899192,3.0,E01001089
1039,0.0023057428,0.0,E01001090
1040,0.0023765857,0.0,E01001091
1041,1.5695846,1.0,E01001092
1042,0.0022433011,0.0,E01001093
1043,0.0023072253,0.0,E01001094
1044,0.002439406,0.0,E01001095
1045,1.0950979,2.0,E01001096
1046,1.8211489,2.0,E01001097
1047,0.002300296,0.0,E01001098
1048,0.0021152208,0.0,E01001099
1049,0.0021029494,0.0,E01001100
1050,0.002123296,0.0,E01001101
1051,0.0022024245,0.0,E01001102
1052,0.0020743455,0.0,E01001103
1053,1.1737648,1.0,E01001104
1054,1.0921425,1.0,E01001105
1055,0.0020299014,0.0,E01001106
1056,0.002433642,0.0,E01001107
1057,0.0022139247,0.0,E01001108
1058,0.0025071818,0.0,E01001109
1059,1.9135885,3.0,E01001110
1060,0.0024924914,0.0,E01001111
1061,0.002421429,0.0,E01001112
1062,1.3846443,1.0,E01001113
1063,1.3244231,1.0,E01001114
1064,1.3761452,1.0,E01001115
1065,0.0023138523,0.0,E01001116
1066,1.4853731,3.0,E01001118
1067,0.0020609929,0.0,E01001119
1068,0.002343626,0.0,E01001120
1069,0.0021212702,0.0,E01001121
1070,0.0021935725,0.0,E01001122
1071,0.002148291,0.0,E01001123
1072,0.0019830964,0.0,E01001124
1073,1.1161052,1.0,E01001125
1074,0.0020966756,0.0,E01001126
1075,0.0021083765,0.0,E01001127
1076,1.123031,1.0,E01001128
1077,1.1910149,1.0,E01001129
1078,0.002140132,0.0,E01001130
1079,0.0019855942,0.0,E01001131
1080,0.0021579564,0.0,E01001132
1081,1.2210165,3.0,E01001133
1082,0.002018325,0.0,E01001134
1083,0.0022000691,0.0,E01001135
1084,1.7926327,2.0,E01001136
1085,0.0025373707,0.0,E01001137
1086,0.0022527352,0.0,E01001138
1087,1.2211792,1.0,E01001139
1088,0.002335344,0.0,E01001140
1089,0.0021468154,0.0,E01001141
1090,0.0024651699,0.0,E01001142
1091,0.0023095214,0.0,E01001143
1092,0.0023946841,0.0,E01001144
1093,0.0023337188,0.0,E01001145
1094,1.3403357,1.0,E01001146
1095,0.0023837597,0.0,E01001147
1096,1.2893677,1.0,E01001148
1097,0.0021291166,0.0,E01001149
1098,0.0022534141,0.0,E01001150
1099,0.0023004692,0.0,E01001151
1100,0.0025458445,0.0,E01001152
1101,1.20934,2.0,E01001153
1102,0.0024897782,0.0,E01001154
1103,0.0022580298,0.0,E01001155
1104,0.0022336957,0.0,E01001156
1105,0.002343864,0.0,E01001157
1106,0.0021663404,0.0,E01001158
1107,0.002375139,0.0,E01001159
1108,0.0022786453,0.0,E01001160
1109,0.0023091405,0.0,E01001161
1110,0.002388428,0.0,E01001162
1111,0.0022661907,0.0,E01001163
1112,0.0025732038,0.0,E01001164
1113,0.0024261975,0.0,E01001165
1114,0.0025234167,0.0,E01001166
1115,1.5954468,1.0,E01001167
1116,1.3738141,2.0,E01001168
1117,0.0021511489,0.0,E01001169
1118,0.0024867053,0.0,E01001170
1119,0.0025274737,0.0,E01001171
1120,1.5840248,1.0,E01001172
1121,1.7866052,1.0,E01001173
1122,0.0023578526,0.0,E01001174
1123,1.2463297,2.0,E01001175
1124,0.0025218963,0.0,E01001176
1125,0.0022830698,0.0,E01001177
1126,1.4534014,3.0,E01001178
1127,0.0023130393,0.0,E01001179
1128,0.0024288842,0.0,E01001180
1129,1.4600666,1.0,E01001181
1130,0.0022857767,0.0,E01001182
1131,0.0025060056,0.0,E01001183
1132,0.0022579068,0.0,E01001184
1133,1.2438245,3.0,E01001185
1134,0.0022267522,0.0,E01001186
1135,1.3081095,1.0,E01001187
1136,0.0023468118,0.0,E01001188
1137,0.0023208703,0.0,E01001189
1138,0.0022866074,0.0,E01001190
1139,1.508864,2.0,E01001191
1140,1.1944745,1.0,E01001192
1141,0.0021866192,0.0,E01001193
1142,0.0022550265,0.0,E01001194
1143,0.002462098,0.0,E01001195
1144,0.0023690637,0.0,E01001196
1145,0.002394861,0.0,E01001197
1146,0.0022166541,0.0,E01001198
1147,0.0023298238,0.0,E01001199
1148,0.0023463499,0.0,E01001200
1149,0.0022803845,0.0,E01001201
1150,1.8310825,1.0,E01001202
1151,1.2844089,1.0,E01001203
1152,0.0022880372,0.0,E01001204
1153,0.002321644,0.0,E01001205
1154,1.2519605,1.0,E01001206
1155,0.0023286587,0.0,E01001207
1156,1.5240965,1.0,E01001208
1157,1.3127218,1.0,E01001209
1158,0.002301529,0.0,E01001210
1159,0.002221938,0.0,E01001211
1160,0.0023459918,0.0,E01001212
1161,1.2093213,1.0,E01001213
1162,0.0022278803,0.0,E01001214
1163,0.0023382523,0.0,E01001215
1164,1.2184981,1.0,E01001216
1165,1.2438372,1.0,E01001217
1166,1.4258025,1.0,E01001218
1167,0.0023772793,0.0,E01001219
1168,0.0024346937,0.0,E01001220
1169,0.002524973,0.0,E01001223
1170,1.2691249,1.0,E01001224
1171,0.0025512597,0.0,E01001225
1172,0.0024153378,0.0,E01001226
1173,1.3900782,1.0,E01001227
1174,0.0025721095,0.0,E01001228
1175,0.002473248,0.0,E01001229
1176,1.3912817,1.0,E01001230
1177,1.8223441,1.0,E01001231
1178,1.252342,1.0,E01001232
1179,0.0024307822,0.0,E01001233
1180,1.6079075,1.0,E01001234
1181,0.0023652937,0.0,E01001235
1182,0.002303233,0.0,E01001236
1183,0.002276293,0.0,E01001237
1184,1.3631531,3.0,E01001239
1185,0.0025225275,0.0,E01001240
1186,0.0026245976,0.0,E01001241
1187,0.0024094093,0.0,E01001242
1188,2.0197568,2.0,E01001243
1189,0.0026541038,0.0,E01001244
1190,0.0023681524,0.0,E01001245
1191,2.9123979,3.0,E01001246
1192,1.8756323,1.0,E01001247
1193,0.002206382,0.0,E01001248
1194,2.2030907,1.0,E01001249
1195,1.5226258,2.0,E01001250
1196,0.002236039,0.0,E01001251
1197,1.5419542,3.0,E01001252
1198,1.4069387,1.0,E01001253
1199,0.0022766828,0.0,E01001254
1200,0.002196947,0.0,E01001255
1201,1.3557428,1.0,E01001257
1202,0.0023395293,0.0,E01001258
1203,0.0024049075,0.0,E01001259
1204,2.33725,1.0,E01001260
1205,0.002645247,0.0,E01001261
1206,0.0022613397,0.0,E01001262
1207,0.0023069086,0.0,E01001263
1208,0.0023696094,0.0,E01001264
1209,0.0022468488,0.0,E01001265
1210,1.2841938,2.0,E01001266
1211,1.3113784,1.0,E01001267
1212,0.0024052698,0.0,E01001268
1213,1.3298289,1.0,E01001269
1214,0.002358282,0.0,E01001270
1215,1.3346589,1.0,E01001271
1216,0.002415042,0.0,E01001272
1217,0.0023859227,0.0,E01001273
1218,0.002214968,0.0,E01001274
1219,1.359273,1.0,E01001275
1220,1.279322,1.0,E01001276
1221,0.0026625548,0.0,E01001277
1222,0.0025926437,0.0,E01001278
1223,1.317919,1.0,E01001279
1224,0.0023762288,0.0,E01001280
1225,0.0023524452,0.0,E01001281
1226,1.1347677,1.0,E01001282
1227,0.002501073,0.0,E01001283
1228,0.0023248421,0.0,E01001284
1229,0.0023536268,0.0,E01001285
1230,0.0024507898,0.0,E01001286
1231,0.0021480718,0.0,E01001287
1232,0.002270054,0.0,E01001288
1233,0.002115701,0.0,E01001289
1234,1.2575357,1.0,E01001290
1235,0.002234339,0.0,E01001291
1236,1.1887821,1.0,E01001292
1237,1.1225151,1.0,E01001293
1238,0.002280814,0.0,E01001294
1239,1.2861193,2.0,E01001295
1240,0.0021056947,0.0,E01001296
1241,0.0022328277,0.0,E01001297
1242,0.002218253,0.0,E01001298
1243,1.1983539,1.0,E01001299
1244,0.0022326414,0.0,E01001300
1245,0.0025514045,0.0,E01001301
1246,0.0022161638,0.0,E01001302
1247,1.2828271,2.0,E01001303
1248,0.0022423835,0.0,E01001304
1249,0.0021591152,0.0,E01001305
1250,1.3501921,1.0,E01001306
1251,0.0025910395,0.0,E01001307
1252,0.0022345297,0.0,E01001308
1253,0.0025695707,0.0,E01001309
1254,1.6764778,1.0,E01001310
1255,0.002645175,0.0,E01001311
1256,1.3238463,1.0,E01001312
1257,0.0022107568,0.0,E01001313
1258,1.1425898,3.0,E01001314
1259,0.0023653333,0.0,E01001315
1260,0.00236903,0.0,E01001316
1261,1.336555,2.0,E01001317
1262,0.0023091075,0.0,E01001318
1263,0.0021891159,0.0,E01001319
1264,1.1788108,2.0,E01001320
1265,0.0023339659,0.0,E01001321
1266,1.622755,1.0,E01001322
1267,2.554686,2.0,E01001323
1268,0.0024247218,0.0,E01001324
1269,1.3217814,1.0,E01001325
1270,0.002484105,0.0,E01001326
1271,0.0023657675,0.0,E01001327
1272,0.0024878818,0.0,E01001328
1273,0.002251772,0.0,E01001329
1274,0.0024516548,0.0,E01001330
1275,0.0022197766,0.0,E01001331
1276,0.0022751645,0.0,E01001332
1277,2.7249656,4.0,E01001333
1278,0.0023260731,0.0,E01001334
1279,1.3763005,1.0,E01001335
1280,1.296236,2.0,E01001336
1281,0.002549218,0.0,E01001337
1282,1.4344294,1.0,E01001338
1283,0.0024944008,0.0,E01001339
1284,0.0022409363,0.0,E01001340
1285,0.0022866323,0.0,E01001341
1286,1.2680514,1.0,E01001342
1287,1.2451497,1.0,E01001343
1288,1.4319594,1.0,E01001344
1289,0.002314562,0.0,E01001345
1290,1.2378421,1.0,E01001346
1291,0.0026781275,0.0,E01001347
1292,0.0024372921,0.0,E01001348
1293,1.3385442,2.0,E01001349
1294,0.0022311057,0.0,E01001350
1295,1.7173733,1.0,E01001351
1296,0.0024549186,0.0,E01001352
1297,1.2592309,1.0,E01001353
1298,1.3824667,1.0,E01001354
1299,0.0023438896,0.0,E01001355
1300,0.0021716678,0.0,E01001356
1301,1.4464718,1.0,E01001357
1302,2.0500407,1.0,E01001358
1303,0.0024405252,0.0,E01001359
1304,0.0023433198,0.0,E01001360
1305,2.2310064,1.0,E01001361
1306,1.8431827,2.0,E01001362
1307,0.002201933,0.0,E01001363
1308,1.2902508,1.0,E01001364
1309,1.246419,2.0,E01001365
1310,0.0021995981,0.0,E01001366
1311,0.002603279,0.0,E01001367
1312,0.0022377083,0.0,E01001368
1313,0.0023114495,0.0,E01001369
1314,0.0023440483,0.0,E01001370
1315,1.3132418,1.0,E01001371
1316,0.002292106,0.0,E01001372
1317,0.0023694988,0.0,E01001373
1318,1.2497878,3.0,E01001374
1319,0.002270905,0.0,E01001375
1320,1.3976337,1.0,E01001376
1321,1.3434124,2.0,E01001377
1322,0.0021678987,0.0,E01001379
1323,1.864683,1.0,E01001380
1324,0.0025287564,0.0,E01001381
1325,0.002182129,0.0,E01001382
1326,0.0021641701,0.0,E01001383
1327,0.0022195142,0.0,E01001384
1328,1.2342886,3.0,E01001385
1329,1.2509927,1.0,E01001386
1330,1.5833626,1.0,E01001387
1331,1.4017663,2.0,E01001388
1332,1.6703967,1.0,E01001389
1333,0.0022355828,0.0,E01001390
1334,1.2388997,3.0,E01001391
1335,0.0021990496,0.0,E01001392
1336,1.3225013,1.0,E01001393
1337,0.002383154,0.0,E01001394
1338,0.0022349304,0.0,E01001395
1339,0.0022145254,0.0,E01001396
1340,0.00226781,0.0,E01001397
1341,0.002127215,0.0,E01001398
1342,0.0022666836,0.0,E01001399
1343,0.0021987383,0.0,E01001400
1344,1.3601468,1.0,E01001401
1345,0.0024472515,0.0,E01001402
1346,1.4082174,1.0,E01001403
1347,0.0023837609,0.0,E01001404
1348,1.1805816,2.0,E01001405
1349,1.2479868,2.0,E01001406
1350,0.0022074354,0.0,E01001407
1351,0.0023289586,0.0,E01001408
1352,0.0025454622,0.0,E01001409
1353,0.0023483601,0.0,E01001410
1354,1.1475763,2.0,E01001411
1355,1.6813482,2.0,E01001412
1356,0.0021484538,0.0,E01001413
1357,0.0021944994,0.0,E01001414
1358,0.00261016,0.0,E01001415
1359,1.3778763,2.0,E01001416
1360,2.4895277,3.0,E01001417
1361,1.7175814,2.0,E01001418
1362,1.4530543,2.0,E01001419
1363,1.3062409,2.0,E01001420
1364,1.6298373,2.0,E01001421
1365,0.0023975382,0.0,E01001422
1366,0.0022782239,0.0,E01001423
1367,0.002230977,0.0,E01001424
1368,2.122344,1.0,E01001425
1369,0.0023680632,0.0,E01001426
1370,1.4046443,2.0,E01001427
1371,1.2924955,1.0,E01001428
1372,2.8736484,4.0,E01001429
1373,1.3760192,1.0,E01001430
1374,1.6702389,2.0,E01001431
1375,1.8016596,1.0,E01001432
1376,1.3019409,2.0,E01001433
1377,0.0023404153,0.0,E01001434
1378,0.0023090038,0.0,E01001435
1379,1.3431013,1.0,E01001436
1380,2.4746475,2.0,E01001437
1381,0.0023773417,0.0,E01001438
1382,1.4261776,1.0,E01001439
1383,0.0024585102,0.0,E01001440
1384,0.0023035316,0.0,E01001441
1385,0.0022601215,0.0,E01001442
1386,0.0024970428,0.0,E01001444
1387,0.002826327,0.0,E01001445
1388,0.0024287777,0.0,E01001446
1389,1.136509,1.0,E01001447
1390,0.0022927881,0.0,E01001448
1391,0.0022860088,0.0,E01001449
1392,1.8001813,1.0,E01001450
1393,0.0025620256,0.0,E01001451
1394,0.0021601822,0.0,E01001452
1395,1.2693386,1.0,E01001453
1396,0.0023422139,0.0,E01001454
1397,0.002260333,0.0,E01001455
1398,0.0021417828,0.0,E01001456
1399,0.0022211277,0.0,E01001457
1400,0.0023075554,0.0,E01001458
1401,0.002254517,0.0,E01001459
1402,0.002313304,0.0,E01001460
1403,0.0024491427,0.0,E01001461
1404,0.002294085,0.0,E01001462
1405,0.0022680468,0.0,E01001463
1406,0.0022113165,0.0,E01001464
1407,1.2090085,1.0,E01001465
1408,0.0022477147,0.0,E01001466
1409,0.0022469785,0.0,E01001467
1410,0.0024859016,0.0,E01001468
1411,0.0022607532,0.0,E01001469
1412,1.361459,2.0,E01001470
1413,0.0023814705,0.0,E01001471
1414,0.002413521,0.0,E01001472
1415,0.0020426814,0.0,E01001473
1416,1.4098374,3.0,E01001474
1417,1.2566389,1.0,E01001475
1418,0.0023495306,0.0,E01001476
1419,1.5129598,3.0,E01001477
1420,0.0023533383,0.0,E01001478
1421,1.5164672,1.0,E01001479
1422,1.4467845,1.0,E01001480
1423,0.0025152776,0.0,E01001481
1424,1.5819844,2.0,E01001482
1425,1.433878,1.0,E01001483
1426,0.0022265676,0.0,E01001484
1427,0.0024031168,0.0,E01001485
1428,1.5374655,2.0,E01001486
1429,1.3670918,1.0,E01001487
1430,1.3899876,1.0,E01001488
1431,0.0023119168,0.0,E01001489
1432,0.0023087088,0.0,E01001491
1433,1.7525926,1.0,E01001492
1434,0.0024271812,0.0,E01001493
1435,1.3064724,2.0,E01001494
1436,1.3933035,2.0,E01001495
1437,1.5618875,3.0,E01001496
1438,1.2177911,1.0,E01001497
1439,1.5986968,5.0,E01001498
1440,0.0022132122,0.0,E01001499
1441,1.4864508,1.0,E01001500
1442,0.0026120837,0.0,E01001501
1443,0.0024503856,0.0,E01001502
1444,0.002245631,0.0,E01001503
1445,0.0025495049,0.0,E01001504
1446,0.0022930044,0.0,E01001505
1447,2.467058,2.0,E01001507
1448,0.0024967464,0.0,E01001508
1449,1.621949,1.0,E01001509
1450,1.3959098,2.0,E01001511
1451,1.3395851,1.0,E01001512
1452,0.0023650953,0.0,E01001513
1453,0.0021963594,0.0,E01001514
1454,0.00227582,0.0,E01001515
1455,1.4106003,1.0,E01001516
1456,1.345991,1.0,E01001517
1457,1.5122306,1.0,E01001518
1458,0.0021740042,0.0,E01001520
1459,0.0022519748,0.0,E01001521
1460,0.0020452896,0.0,E01001522
1461,0.0022837187,0.0,E01001523
1462,0.0021747258,0.0,E01001524
1463,1.3229963,2.0,E01001525
1464,0.0020751676,0.0,E01001526
1465,1.5149006,1.0,E01001527
1466,0.002371401,0.0,E01001528
1467,0.0024164047,0.0,E01001529
1468,1.4779158,1.0,E01001530
1469,1.2779456,1.0,E01001531
1470,1.2524284,1.0,E01001532
1471,1.2887757,1.0,E01001533
1472,0.0026108061,0.0,E01001534
1473,0.0025163777,0.0,E01001535
1474,1.4843965,2.0,E01001536
1475,1.1592845,1.0,E01001537
1476,0.002112144,0.0,E01001538
1477,0.0023148137,0.0,E01001539
1478,0.002288059,0.0,E01001540
1479,0.0021996412,0.0,E01001541
1480,0.0022132988,0.0,E01001542
1481,0.002178783,0.0,E01001543
1482,0.0022030661,0.0,E01001544
1483,0.0023537478,0.0,E01001545
1484,0.002158126,0.0,E01001546
1485,0.0023433242,0.0,E01001547
1486,1.3946458,1.0,E01001548
1487,0.0024970535,0.0,E01001549
1488,1.2990693,2.0,E01001550
1489,1.6651069,1.0,E01001551
1490,0.0022930985,0.0,E01001552
1491,1.2027165,1.0,E01001553
1492,0.0023923102,0.0,E01001554
1493,1.7428849,1.0,E01001555
1494,0.002157839,0.0,E01001556
1495,0.0022395474,0.0,E01001557
1496,1.87408,1.0,E01001558
1497,1.952773,2.0,E01001559
1498,0.002269896,0.0,E01001560
1499,0.0025020798,0.0,E01001562
1500,0.0026339605,0.0,E01001563
1501,1.5840174,2.0,E01001564
1502,1.2033118,3.0,E01001565
1503,0.0023446877,0.0,E01001566
1504,1.24239,3.0,E01001567
1505,1.4334564,1.0,E01001568
1506,0.0025660724,0.0,E01001569
1507,1.4533037,1.0,E01001570
1508,0.0024854997,0.0,E01001571
1509,0.002214123,0.0,E01001572
1510,0.00235503,0.0,E01001573
1511,0.0023265155,0.0,E01001574
1512,0.0022930396,0.0,E01001575
1513,1.2794249,1.0,E01001576
1514,1.3175123,1.0,E01001577
1515,1.6109271,1.0,E01001578
1516,0.002211481,0.0,E01001579
1517,1.5780865,1.0,E01001580
1518,1.3060416,1.0,E01001581
1519,0.0024474896,0.0,E01001582
1520,1.341336,1.0,E01001583
1521,1.4701238,2.0,E01001584
1522,0.0021783563,0.0,E01001585
1523,0.002458725,0.0,E01001586
1524,1.4421302,1.0,E01001587
1525,0.00229981,0.0,E01001588
1526,0.0024600993,0.0,E01001589
1527,1.2927821,1.0,E01001590
1528,1.2798965,1.0,E01001591
1529,0.0023692197,0.0,E01001592
1530,0.0022255592,0.0,E01001593
1531,1.2711911,1.0,E01001594
1532,1.2612903,2.0,E01001595
1533,0.0021190238,0.0,E01001596
1534,0.0021571137,0.0,E01001597
1535,0.0023122078,0.0,E01001598
1536,0.0021821768,0.0,E01001599
1537,0.0021552765,0.0,E01001600
1538,0.0020391836,0.0,E01001601
1539,0.0022657327,0.0,E01001602
1540,0.002182486,0.0,E01001603
1541,1.2282386,1.0,E01001604
1542,0.0021516064,0.0,E01001605
1543,1.1205826,1.0,E01001606
1544,0.0022128397,0.0,E01001607
1545,0.0021887308,0.0,E01001608
1546,0.002900908,0.0,E01001609
1547,1.1691365,3.0,E01001610
1548,0.0023173294,0.0,E01001611
1549,1.3587285,1.0,E01001613
1550,1.21206,2.0,E01001614
1551,2.4254007,1.0,E01001615
1552,0.002071881,0.0,E01001617
1553,0.002321199,0.0,E01001618
1554,0.002377573,0.0,E01001619
1555,1.2172369,1.0,E01001620
1556,1.4356482,1.0,E01001621
1557,0.0023777282,0.0,E01001623
1558,0.0023716409,0.0,E01001624
1559,0.0024584916,0.0,E01001625
1560,0.0024642495,0.0,E01001629
1561,1.3817501,1.0,E01001631
1562,1.2368004,1.0,E01001632
1563,0.0023528838,0.0,E01001633
1564,1.2782259,1.0,E01001634
1565,0.0022379323,0.0,E01001635
1566,0.0021841787,0.0,E01001636
1567,0.0023594135,0.0,E01001637
1568,0.002260319,0.0,E01001638
1569,1.9273089,7.0,E01001641
1570,1.6955028,1.0,E01001642
1571,1.829541,2.0,E01001644
1572,1.1493512,1.0,E01001645
1573,1.4670272,2.0,E01001646
1574,0.0022203058,0.0,E01001647
1575,1.2797855,1.0,E01001648
1576,0.002407652,0.0,E01001649
1577,1.2839179,1.0,E01001650
1578,1.4793953,2.0,E01001651
1579,0.002507788,0.0,E01001652
1580,0.0021553545,0.0,E01001653
1581,1.2870145,1.0,E01001654
1582,0.002167264,0.0,E01001655
1583,0.0021291703,0.0,E01001656
1584,1.4852272,3.0,E01001657
1585,1.3988805,1.0,E01001658
1586,0.002506859,0.0,E01001659
1587,0.0023181317,0.0,E01001660
1588,0.00222249,0.0,E01001661
1589,0.0024383697,0.0,E01001664
1590,0.0026378217,0.0,E01001665
1591,1.5343469,1.0,E01001666
1592,0.0027429515,0.0,E01001669
1593,0.0022685358,0.0,E01001671
1594,1.4916295,2.0,E01001672
1595,0.0026852563,0.0,E01001673
1596,1.3938539,1.0,E01001674
1597,1.5081773,1.0,E01001675
1598,1.3786893,1.0,E01001676
1599,0.0022117237,0.0,E01001677
1600,1.2698073,2.0,E01001678
1601,0.0021487952,0.0,E01001679
1602,1.218499,4.0,E01001680
1603,0.0022102792,0.0,E01001681
1604,1.4331064,1.0,E01001682
1605,1.2002678,2.0,E01001683
1606,0.0022317355,0.0,E01001684
1607,0.002322779,0.0,E01001685
1608,0.0024140805,0.0,E01001686
1609,1.349244,1.0,E01001687
1610,0.0022246733,0.0,E01001688
1611,0.0020844422,0.0,E01001690
1612,0.002126797,0.0,E01001692
1613,0.002195211,0.0,E01001693
1614,1.1169611,1.0,E01001694
1615,1.1996206,1.0,E01001695
1616,0.0025059364,0.0,E01001696
1617,0.0024208194,0.0,E01001697
1618,1.2597961,1.0,E01001698
1619,1.4206699,1.0,E01001699
1620,1.35432,2.0,E01001700
1621,0.002297493,0.0,E01001701
1622,0.0021189721,0.0,E01001702
1623,0.0025887438,0.0,E01001703
1624,0.0022110362,0.0,E01001704
1625,1.739033,1.0,E01001705
1626,0.002315137,0.0,E01001708
1627,0.002183329,0.0,E01001710
1628,1.3742537,2.0,E01001712
1629,1.6587414,2.0,E01001714
1630,0.002334254,0.0,E01001715
1631,0.0025210497,0.0,E01001716
1632,1.2143257,2.0,E01001717
1633,0.002514335,0.0,E01001718
1634,1.3091664,2.0,E01001719
1635,0.002403416,0.0,E01001720
1636,0.0024472936,0.0,E01001722
1637,0.0022977723,0.0,E01001723
1638,1.7684503,3.0,E01001724
1639,0.0021915524,0.0,E01001725
1640,0.0020990574,0.0,E01001726
1641,0.0021987665,0.0,E01001727
1642,1.5231504,1.0,E01001728
1643,1.4431959,2.0,E01001729
1644,2.0917687,1.0,E01001730
1645,2.2326512,3.0,E01001731
1646,0.0024977073,0.0,E01001732
1647,0.0024755488,0.0,E01001733
1648,2.7430418,1.0,E01001734
1649,1.7063326,2.0,E01001735
1650,1.2317405,1.0,E01001736
1651,1.3050942,2.0,E01001737
1652,0.0022800714,0.0,E01001738
1653,1.5104642,1.0,E01001739
1654,1.5381128,1.0,E01001740
1655,1.2923421,1.0,E01001741
1656,0.0024781707,0.0,E01001742
1657,1.5978789,1.0,E01001744
1658,1.5652412,1.0,E01001745
1659,0.002116686,0.0,E01001746
1660,1.9011073,4.0,E01001747
1661,1.6059084,1.0,E01001749
1662,2.5764372,1.0,E01001750
1663,1.785342,1.0,E01001751
1664,1.3436651,3.0,E01001753
1665,1.7399771,1.0,E01001755
1666,0.0025241964,0.0,E01001756
1667,0.002141455,0.0,E01001757
1668,1.7624013,2.0,E01001758
1669,1.4793682,1.0,E01001759
1670,2.1549804,2.0,E01001760
1671,1.7667738,1.0,E01001761
1672,1.8383129,1.0,E01001762
1673,1.7121725,1.0,E01001763
1674,0.0023686932,0.0,E01001764
1675,0.0023470526,0.0,E01001765
1676,1.3713781,1.0,E01001767
1677,0.0025276244,0.0,E01001768
1678,1.3469152,1.0,E01001769
1679,0.0026011458,0.0,E01001770
1680,0.0023232077,0.0,E01001772
1681,0.0028617396,0.0,E01001773
1682,2.6412683,3.0,E01001774
1683,0.002352452,0.0,E01001775
1684,1.4563832,2.0,E01001776
1685,2.0369685,1.0,E01001777
1686,0.002600878,0.0,E01001780
1687,0.0023343642,0.0,E01001781
1688,1.3632084,1.0,E01001783
1689,1.6697637,1.0,E01001784
1690,0.0023373158,0.0,E01001785
1691,0.0025174604,0.0,E01001786
1692,0.00228365,0.0,E01001787
1693,1.231588,1.0,E01001788
1694,1.2135983,2.0,E01001789
1695,0.00210691,0.0,E01001790
1696,1.3658164,1.0,E01001791
1697,1.4004998,1.0,E01001792
1698,1.3702204,1.0,E01001793
1699,0.0024743592,0.0,E01001794
1700,0.0023687193,0.0,E01001795
1701,1.3967973,1.0,E01001796
1702,1.5867672,1.0,E01001798
1703,1.7250247,1.0,E01001799
1704,1.5531472,2.0,E01001800
1705,0.0022671786,0.0,E01001801
1706,1.1413866,1.0,E01001802
1707,0.0022970624,0.0,E01001803
1708,1.1929001,1.0,E01001804
1709,0.0022970317,0.0,E01001805
1710,1.4843149,3.0,E01001806
1711,1.3817236,2.0,E01001807
1712,1.3890556,1.0,E01001808
1713,0.0021528832,0.0,E01001809
1714,0.0026388117,0.0,E01001811
1715,1.3169628,1.0,E01001812
1716,0.002773861,0.0,E01001813
1717,0.002411692,0.0,E01001814
1718,0.0023106164,0.0,E01001815
1719,1.3293667,2.0,E01001816
1720,1.3585898,1.0,E01001819
1721,1.2645389,1.0,E01001820
1722,1.4052619,1.0,E01001821
1723,1.675758,1.0,E01001822
1724,1.1370083,1.0,E01001823
1725,1.1685308,1.0,E01001824
1726,1.229476,2.0,E01001825
1727,0.0022624594,0.0,E01001826
1728,1.274446,2.0,E01001827
1729,1.7149456,1.0,E01001828
1730,1.3391155,1.0,E01001829
1731,1.8713198,3.0,E01001830
1732,1.5020003,2.0,E01001831
1733,0.0025187992,0.0,E01001832
1734,1.8841944,2.0,E01001833
1735,0.0026331982,0.0,E01001834
1736,0.002326601,0.0,E01001835
1737,0.002581088,0.0,E01001836
1738,1.3090191,1.0,E01001837
1739,0.0025638575,0.0,E01001838
1740,2.440616,3.0,E01001839
1741,0.0024649864,0.0,E01001840
1742,0.0023061056,0.0,E01001841
1743,1.3925576,1.0,E01001842
1744,1.3191682,1.0,E01001843
1745,1.6985949,1.0,E01001844
1746,1.3279816,1.0,E01001845
1747,1.4021256,3.0,E01001846
1748,1.4564037,2.0,E01001847
1749,0.0023705768,0.0,E01001848
1750,1.8540089,3.0,E01001849
1751,0.0022995018,0.0,E01001850
1752,1.4769017,3.0,E01001851
1753,0.0023153212,0.0,E01001852
1754,1.511285,1.0,E01001853
1755,1.6841606,7.0,E01001854
1756,0.0024194485,0.0,E01001855
1757,1.3631572,1.0,E01001856
1758,0.002577497,0.0,E01001857
1759,0.0025295427,0.0,E01001858
1760,1.2534602,1.0,E01001859
1761,1.4581224,5.0,E01001860
1762,0.0022561527,0.0,E01001861
1763,0.0024170845,0.0,E01001862
1764,0.002306651,0.0,E01001863
1765,1.2524397,1.0,E01001864
1766,0.0022092392,0.0,E01001865
1767,1.589042,2.0,E01001866
1768,0.0022128567,0.0,E01001867
1769,0.0023832244,0.0,E01001868
1770,1.5151845,3.0,E01001869
1771,1.399273,1.0,E01001870
1772,0.0024366705,0.0,E01001871
1773,0.002359983,0.0,E01001872
1774,0.0023425298,0.0,E01001873
1775,1.5120203,2.0,E01001875
1776,1.8406757,1.0,E01001876
1777,2.129032,1.0,E01001877
1778,1.2814972,1.0,E01001878
1779,1.4949137,1.0,E01001879
1780,0.0023043172,0.0,E01001880
1781,0.0026138842,0.0,E01001881
1782,0.002406222,0.0,E01001882
1783,0.002585784,0.0,E01001883
1784,0.0025529927,0.0,E01001884
1785,0.0021755514,0.0,E01001885
1786,1.9576262,1.0,E01001886
1787,1.2497267,1.0,E01001887
1788,0.0023763205,0.0,E01001888
1789,1.4728605,3.0,E01001889
1790,0.0024255384,0.0,E01001890
1791,0.0026292198,0.0,E01001891
1792,0.0021393362,0.0,E01001892
1793,0.0025986603,0.0,E01001893
1794,1.5379076,1.0,E01001894
1795,1.314812,1.0,E01001895
1796,1.3958781,1.0,E01001896
1797,1.3333238,1.0,E01001897
1798,2.4182434,6.0,E01001898
1799,1.6335585,5.0,E01001899
1800,0.002505444,0.0,E01001900
1801,0.0022245438,0.0,E01001901
1802,0.0024997531,0.0,E01001902
1803,1.510973,1.0,E01001903
1804,0.0024390384,0.0,E01001904
1805,0.0024460964,0.0,E01001905
1806,1.314917,1.0,E01001906
1807,1.4554553,2.0,E01001907
1808,1.4979463,1.0,E01001908
1809,0.0023629626,0.0,E01001909
1810,1.3207197,1.0,E01001910
1811,1.2412891,1.0,E01001911
1812,1.3264374,1.0,E01001912
1813,1.4481053,3.0,E01001913
1814,0.0023935095,0.0,E01001914
1815,1.7618953,3.0,E01001915
1816,0.0022141146,0.0,E01001916
1817,1.3101834,1.0,E01001917
1818,0.0022621076,0.0,E01001918
1819,0.0022181694,0.0,E01001919
1820,0.002518828,0.0,E01001920
1821,0.0023088586,0.0,E01001921
1822,1.6593211,3.0,E01001922
1823,1.3786551,1.0,E01001923
1824,0.0023084336,0.0,E01001924
1825,1.263931,1.0,E01001925
1826,1.3076837,2.0,E01001926
1827,1.3693618,1.0,E01001927
1828,1.44747,2.0,E01001928
1829,1.2696606,2.0,E01001929
1830,0.002535889,0.0,E01001930
1831,0.0022517696,0.0,E01001931
1832,1.5853347,1.0,E01001932
1833,0.0025682882,0.0,E01001933
1834,0.002294038,0.0,E01001934
1835,1.3972708,1.0,E01001935
1836,1.3749177,1.0,E01001937
1837,0.0023496852,0.0,E01001938
1838,1.3623272,1.0,E01001940
1839,0.0030067938,0.0,E01001941
1840,0.0025806932,0.0,E01001942
1841,3.0126731,1.0,E01001943
1842,1.1687301,2.0,E01001944
1843,0.00232735,0.0,E01001945
1844,1.7001995,3.0,E01001946
1845,1.2395345,1.0,E01001947
1846,1.8748542,3.0,E01001948
1847,0.002520254,0.0,E01001949
1848,1.5421828,4.0,E01001950
1849,1.7293526,2.0,E01001951
1850,0.002657001,0.0,E01001952
1851,1.4356786,1.0,E01001953
1852,0.002290584,0.0,E01001954
1853,1.5430622,1.0,E01001955
1854,0.0022969868,0.0,E01001956
1855,0.0021607406,0.0,E01001957
1856,0.002335039,0.0,E01001958
1857,1.5340664,1.0,E01001959
1858,0.0026457703,0.0,E01001960
1859,0.002216203,0.0,E01001961
1860,0.0023522847,0.0,E01001962
1861,0.0023407713,0.0,E01001963
1862,0.0023303584,0.0,E01001964
1863,1.11173,1.0,E01001965
1864,0.002339015,0.0,E01001966
1865,1.2532153,2.0,E01001967
1866,1.317241,1.0,E01001968
1867,1.3150711,1.0,E01001969
1868,1.536301,4.0,E01001970
1869,1.3862956,2.0,E01001971
1870,1.2966206,1.0,E01001972
1871,0.0025321203,0.0,E01001973
1872,0.0025141698,0.0,E01001974
1873,1.2913343,1.0,E01001975
1874,0.0023473098,0.0,E01001976
1875,0.002346484,0.0,E01001977
1876,0.0024398165,0.0,E01001978
1877,1.8933244,1.0,E01001979
1878,0.0024174165,0.0,E01001980
1879,0.0023240685,0.0,E01001981
1880,1.2625179,1.0,E01001982
1881,0.0022932615,0.0,E01001983
1882,0.0028037936,0.0,E01001984
1883,1.9561085,1.0,E01001985
1884,0.0025700056,0.0,E01001986
1885,1.6142102,1.0,E01001987
1886,0.0024753646,0.0,E01001988
1887,2.009581,1.0,E01001989
1888,2.4707327,3.0,E01001990
1889,1.3586384,1.0,E01001991
1890,1.7264398,1.0,E01001992
1891,0.002371279,0.0,E01001993
1892,1.8820678,1.0,E01001994
1893,1.6022727,4.0,E01001995
1894,0.0021714203,0.0,E01001996
1895,0.0025517354,0.0,E01001997
1896,0.0022631348,0.0,E01001998
1897,0.0026722965,0.0,E01001999
1898,0.0023170046,0.0,E01002000
1899,1.3096659,3.0,E01002001
1900,1.5713105,1.0,E01002002
1901,0.0027829495,0.0,E01002003
1902,0.0023115685,0.0,E01002004
1903,1.6743551,5.0,E01002005
1904,1.3343996,2.0,E01002006
1905,1.6540177,1.0,E01002007
1906,2.0727527,3.0,E01002008
1907,2.143675,7.0,E01002009
1908,0.0024189984,0.0,E01002010
1909,1.8757411,1.0,E01002011
1910,1.1588479,1.0,E01002013
1911,0.0025825298,0.0,E01002014
1912,0.0022033204,0.0,E01002015
1913,0.0023134,0.0,E01002016
1914,0.002306022,0.0,E01002017
1915,0.0022433535,0.0,E01002018
1916,0.002264118,0.0,E01002019
1917,0.0024315112,0.0,E01002020
1918,0.0022944876,0.0,E01002021
1919,1.6991601,1.0,E01002022
1920,0.0022613097,0.0,E01002023
1921,1.3247608,2.0,E01002024
1922,0.0021936675,0.0,E01002025
1923,0.0024776496,0.0,E01002026
1924,0.00227531,0.0,E01002027
1925,0.002423627,0.0,E01002028
1926,2.2802155,3.0,E01002029
1927,1.6213375,1.0,E01002030
1928,2.0398262,1.0,E01002031
1929,0.0023421445,0.0,E01002032
1930,0.0025419567,0.0,E01002033
1931,2.5347862,2.0,E01002034
1932,1.3740115,2.0,E01002036
1933,0.0025529282,0.0,E01002037
1934,1.5689136,2.0,E01002038
1935,0.002379095,0.0,E01002039
1936,1.6288302,2.0,E01002040
1937,0.0024912544,0.0,E01002041
1938,0.002413855,0.0,E01002042
1939,0.0023586666,0.0,E01002043
1940,0.0024521786,0.0,E01002044
1941,0.0023280438,0.0,E01002045
1942,0.002466101,0.0,E01002046
1943,0.002407311,0.0,E01002047
1944,1.5370455,3.0,E01002048
1945,0.0023563532,0.0,E01002049
1946,1.149264,1.0,E01002050
1947,1.5203706,1.0,E01002051
1948,0.0022297762,0.0,E01002052
1949,1.3382936,1.0,E01002053
1950,1.26202,3.0,E01002054
1951,1.2374934,1.0,E01002055
1952,2.6748946,1.0,E01002056
1953,0.0023297572,0.0,E01002057
1954,1.4694289,1.0,E01002058
1955,0.002233669,0.0,E01002059
1956,1.3787142,2.0,E01002060
1957,1.3429463,1.0,E01002061
1958,1.738419,1.0,E01002062
1959,0.0023650546,0.0,E01002063
1960,0.0025855573,0.0,E01002064
1961,1.4450959,2.0,E01002065
1962,2.3823144,1.0,E01002066
1963,0.0023480488,0.0,E01002067
1964,2.393404,2.0,E01002068
1965,0.0027369193,0.0,E01002069
1966,0.0027452454,0.0,E01002070
1967,0.0023092947,0.0,E01002071
1968,2.0922036,3.0,E01002072
1969,0.0026307546,0.0,E01002073
1970,1.5230861,1.0,E01002074
1971,0.0023578121,0.0,E01002075
1972,0.0023712541,0.0,E01002076
1973,1.7914535,2.0,E01002077
1974,1.6729306,1.0,E01002078
1975,0.0022653989,0.0,E01002079
1976,0.002630845,0.0,E01002081
1977,0.0022382718,0.0,E01002082
1978,0.0023232684,0.0,E01002083
1979,0.002365269,0.0,E01002084
1980,0.0023472696,0.0,E01002085
1981,0.0023366585,0.0,E01002086
1982,1.4704707,2.0,E01002087
1983,0.0024303521,0.0,E01002088
1984,1.3498607,1.0,E01002090
1985,1.2352213,1.0,E01002091
1986,1.3215102,1.0,E01002092
1987,0.0025178096,0.0,E01002093
1988,0.002405038,0.0,E01002094
1989,0.002261865,0.0,E01002095
1990,1.2606648,1.0,E01002096
1991,1.3064485,3.0,E01002097
1992,1.282581,2.0,E01002098
1993,0.0024122463,0.0,E01002099
1994,1.4889506,1.0,E01002100
1995,0.0023070604,0.0,E01002101
1996,0.0025602584,0.0,E01002102
1997,0.002435467,0.0,E01002103
1998,0.0023312308,0.0,E01002104
1999,1.6811965,3.0,E01002105
2000,0.0023185231,0.0,E01002106
2001,0.0021942742,0.0,E01002107
2002,0.0023161494,0.0,E01002108
2003,0.0023223436,0.0,E01002109
2004,0.0022692077,0.0,E01002110
2005,0.002358814,0.0,E01002111
2006,2.0069573,2.0,E01002112
2007,0.0021256332,0.0,E01002113
2008,1.3460356,2.0,E01002114
2009,0.0021852455,0.0,E01002115
2010,1.3133996,1.0,E01002116
2011,1.4946215,1.0,E01002118
2012,0.0026690364,0.0,E01002119
2013,1.1867702,2.0,E01002120
2014,0.0023777077,0.0,E01002121
2015,1.2957515,3.0,E01002122
2016,0.0024373585,0.0,E01002123
2017,0.0024163586,0.0,E01002124
2018,0.0024862525,0.0,E01002125
2019,0.0022906899,0.0,E01002127
2020,1.2658063,1.0,E01002128
2021,0.0030831906,0.0,E01002129
2022,2.331732,2.0,E01002130
2023,0.0021988254,0.0,E01002131
2024,1.4675974,1.0,E01002132
2025,1.2781323,2.0,E01002133
2026,0.0022163636,0.0,E01002134
2027,0.0025041124,0.0,E01002135
2028,0.0022997134,0.0,E01002136
2029,1.3053598,1.0,E01002137
2030,1.1634072,1.0,E01002138
2031,0.0021497482,0.0,E01002139
2032,0.0022506951,0.0,E01002140
2033,0.002271361,0.0,E01002141
2034,0.0024023573,0.0,E01002142
2035,0.0022998988,0.0,E01002143
2036,1.325815,1.0,E01002144
2037,0.0023281293,0.0,E01002145
2038,0.0020568399,0.0,E01002146
2039,0.0024675608,0.0,E01002147
2040,0.0021644868,0.0,E01002148
2041,1.087455,1.0,E01002149
2042,0.002241665,0.0,E01002150
2043,0.002254647,0.0,E01002151
2044,0.0022218004,0.0,E01002152
2045,1.1380672,2.0,E01002153
2046,0.0022213734,0.0,E01002155
2047,0.0021668952,0.0,E01002156
2048,1.1939585,1.0,E01002157
2049,0.0021045194,0.0,E01002158
2050,0.0023302739,0.0,E01002159
2051,1.5911409,4.0,E01002160
2052,0.0026675109,0.0,E01002161
2053,1.195441,1.0,E01002162
2054,0.002248434,0.0,E01002163
2055,0.0023006261,0.0,E01002164
2056,0.0022997651,0.0,E01002165
2057,0.002296886,0.0,E01002166
2058,1.2510444,2.0,E01002167
2059,1.1463606,1.0,E01002168
2060,1.3338624,1.0,E01002169
2061,1.1196314,1.0,E01002170
2062,0.0024418044,0.0,E01002171
2063,0.002219259,0.0,E01002172
2064,0.0022297932,0.0,E01002173
2065,1.1355429,1.0,E01002174
2066,0.002079989,0.0,E01002175
2067,0.0023903067,0.0,E01002176
2068,0.0021459986,0.0,E01002177
2069,0.0021523791,0.0,E01002178
2070,2.5437095,1.0,E01002179
2071,1.2954195,1.0,E01002181
2072,0.0023951228,0.0,E01002182
2073,0.0025046712,0.0,E01002183
2074,0.0023184677,0.0,E01002184
2075,0.0023081903,0.0,E01002185
2076,1.3291278,1.0,E01002186
2077,1.2868054,2.0,E01002187
2078,1.1175404,1.0,E01002188
2079,0.0022871406,0.0,E01002189
2080,0.0025365662,0.0,E01002190
2081,0.0021484846,0.0,E01002191
2082,0.0022872463,0.0,E01002192
2083,0.002277697,0.0,E01002193
2084,0.0023216251,0.0,E01002194
2085,0.0020330767,0.0,E01002195
2086,0.0021389332,0.0,E01002196
2087,1.164583,1.0,E01002197
2088,1.6482693,1.0,E01002198
2089,0.0021605087,0.0,E01002199
2090,0.0024752372,0.0,E01002200
2091,0.0022234526,0.0,E01002201
2092,1.2629428,2.0,E01002202
2093,0.0023060022,0.0,E01002203
2094,0.0022582654,0.0,E01002204
2095,0.0022085367,0.0,E01002206
2096,0.0022129284,0.0,E01002207
2097,0.0019695843,0.0,E01002208
2098,0.0024430377,0.0,E01002209
2099,0.0021495617,0.0,E01002210
2100,0.002191284,0.0,E01002211
2101,0.002365271,0.0,E01002212
2102,0.002526453,0.0,E01002214
2103,1.433839,1.0,E01002215
2104,0.0023329377,0.0,E01002216
2105,1.4043614,1.0,E01002217
2106,1.2627822,1.0,E01002218
2107,1.448226,3.0,E01002219
2108,1.2132607,1.0,E01002220
2109,0.0022548428,0.0,E01002221
2110,1.1874472,1.0,E01002222
2111,0.0025836383,0.0,E01002223
2112,0.0021899426,0.0,E01002224
2113,1.4183758,2.0,E01002225
2114,1.7661638,3.0,E01002226
2115,0.002401513,0.0,E01002227
2116,0.0025247321,0.0,E01002228
2117,0.002259809,0.0,E01002229
2118,0.0023583586,0.0,E01002230
2119,1.1657214,1.0,E01002231
2120,0.00242321,0.0,E01002232
2121,1.6879746,1.0,E01002233
2122,0.0022150872,0.0,E01002234
2123,0.0022339565,0.0,E01002235
2124,1.6599282,1.0,E01002236
2125,0.0022708313,0.0,E01002237
2126,0.0022610433,0.0,E01002238
2127,0.0024961834,0.0,E01002239
2128,0.0023498163,0.0,E01002240
2129,0.0022501159,0.0,E01002241
2130,0.002246717,0.0,E01002242
2131,0.002459609,0.0,E01002243
2132,0.0024096654,0.0,E01002244
2133,1.1993053,1.0,E01002245
2134,0.002220558,0.0,E01002246
2135,1.3344355,2.0,E01002247
2136,1.388355,1.0,E01002248
2137,1.2622511,1.0,E01002250
2138,1.1828083,2.0,E01002251
2139,0.0020906297,0.0,E01002252
2140,0.0020917025,0.0,E01002253
2141,0.0020172899,0.0,E01002254
2142,0.0019741748,0.0,E01002255
2143,0.002090801,0.0,E01002256
2144,0.0021306847,0.0,E01002257
2145,0.0022200888,0.0,E01002258
2146,0.002071806,0.0,E01002259
2147,0.0022279227,0.0,E01002260
2148,0.0021131039,0.0,E01002261
2149,0.0021198918,0.0,E01002262
2150,1.2444134,1.0,E01002263
2151,1.1454976,1.0,E01002264
2152,0.0020488796,0.0,E01002265
2153,1.243152,3.0,E01002266
2154,0.0021419686,0.0,E01002267
2155,0.0020887214,0.0,E01002268
2156,0.0022197226,0.0,E01002269
2157,0.0021638398,0.0,E01002270
2158,0.0021201589,0.0,E01002271
2159,0.0020426863,0.0,E01002272
2160,0.00216414,0.0,E01002273
2161,0.0021415162,0.0,E01002274
2162,0.0021138648,0.0,E01002275
2163,0.002321333,0.0,E01002276
2164,1.2631482,2.0,E01002277
2165,0.0021990978,0.0,E01002278
2166,1.221894,1.0,E01002279
2167,1.3655255,1.0,E01002280
2168,1.5813248,2.0,E01002281
2169,1.5702602,2.0,E01002282
2170,0.0022586477,0.0,E01002283
2171,0.0022505203,0.0,E01002284
2172,0.0021810948,0.0,E01002285
2173,1.1705004,1.0,E01002286
2174,1.1108481,1.0,E01002287
2175,0.0020494836,0.0,E01002288
2176,0.0019737831,0.0,E01002289
2177,0.0019517406,0.0,E01002290
2178,0.0020867803,0.0,E01002291
2179,0.0021419215,0.0,E01002292
2180,0.0019936909,0.0,E01002294
2181,1.419376,1.0,E01002295
2182,1.4867013,3.0,E01002296
2183,0.0024052102,0.0,E01002297
2184,1.1213712,2.0,E01002298
2185,0.0021891566,0.0,E01002299
2186,0.0022103025,0.0,E01002300
2187,0.002132675,0.0,E01002301
2188,0.0021993937,0.0,E01002302
2189,1.3170185,1.0,E01002303
2190,0.002196013,0.0,E01002304
2191,0.002100426,0.0,E01002305
2192,0.0022517913,0.0,E01002306
2193,1.0518705,1.0,E01002307
2194,0.00224449,0.0,E01002308
2195,0.0021704596,0.0,E01002309
2196,1.4781007,1.0,E01002310
2197,1.1274564,1.0,E01002311
2198,0.0022160076,0.0,E01002312
2199,0.0022239445,0.0,E01002313
2200,0.0022216784,0.0,E01002314
2201,0.0022203207,0.0,E01002315
2202,1.2918471,1.0,E01002316
2203,1.0400394,2.0,E01002317
2204,0.0019742593,0.0,E01002318
2205,1.4297379,2.0,E01002319
2206,1.1011547,1.0,E01002320
2207,0.0021068358,0.0,E01002321
2208,0.0021407139,0.0,E01002322
2209,0.0022162886,0.0,E01002323
2210,1.0768311,1.0,E01002324
2211,1.4003128,2.0,E01002325
2212,0.0022355774,0.0,E01002326
2213,1.2084926,1.0,E01002327
2214,0.0022454008,0.0,E01002328
2215,0.0022981854,0.0,E01002329
2216,0.002199875,0.0,E01002330
2217,0.002164556,0.0,E01002331
2218,0.0021756303,0.0,E01002332
2219,1.1733941,1.0,E01002333
2220,1.2257226,1.0,E01002334
2221,0.0020345198,0.0,E01002335
2222,0.0021748513,0.0,E01002336
2223,0.0021703148,0.0,E01002337
2224,0.0021825295,0.0,E01002338
2225,0.0019953437,0.0,E01002339
2226,0.0021176995,0.0,E01002340
2227,0.0020227572,0.0,E01002341
2228,0.002274067,0.0,E01002342
2229,1.20963,1.0,E01002343
2230,0.0022871755,0.0,E01002344
2231,1.4624434,4.0,E01002345
2232,0.0022005213,0.0,E01002346
2233,1.1316952,1.0,E01002347
2234,1.1444339,1.0,E01002348
2235,0.0021292304,0.0,E01002349
2236,1.5015839,1.0,E01002350
2237,0.002253207,0.0,E01002351
2238,0.0022063998,0.0,E01002352
2239,0.002506223,0.0,E01002353
2240,0.0020935326,0.0,E01002354
2241,0.0021202336,0.0,E01002355
2242,1.9614081,1.0,E01002356
2243,0.0022492416,0.0,E01002358
2244,0.0020883142,0.0,E01002359
2245,0.0021486722,0.0,E01002360
2246,0.0023526482,0.0,E01002361
2247,1.1764234,1.0,E01002362
2248,1.0506067,1.0,E01002363
2249,0.002087041,0.0,E01002364
2250,0.0021520539,0.0,E01002365
2251,0.002024411,0.0,E01002366
2252,0.0022027197,0.0,E01002367
2253,2.1008472,3.0,E01002368
2254,0.0023432705,0.0,E01002369
2255,2.3332076,3.0,E01002370
2256,0.0022458828,0.0,E01002371
2257,0.002093969,0.0,E01002372
2258,0.0021224194,0.0,E01002373
2259,1.1785198,3.0,E01002374
2260,0.0023087484,0.0,E01002375
2261,0.0021261948,0.0,E01002376
2262,0.0022581911,0.0,E01002377
2263,0.00210886,0.0,E01002378
2264,1.1575065,1.0,E01002379
2265,0.0026175485,0.0,E01002380
2266,0.0021074074,0.0,E01002381
2267,0.0022513736,0.0,E01002382
2268,0.0020696041,0.0,E01002383
2269,0.0021502546,0.0,E01002384
2270,1.2290726,2.0,E01002385
2271,1.548882,1.0,E01002386
2272,0.002113507,0.0,E01002387
2273,0.0019627514,0.0,E01002388
2274,0.002168306,0.0,E01002389
2275,0.0021220865,0.0,E01002390
2276,1.0982711,1.0,E01002391
2277,1.3276561,1.0,E01002392
2278,0.0024869698,0.0,E01002393
2279,0.0022054585,0.0,E01002394
2280,0.0022597767,0.0,E01002395
2281,1.2541164,1.0,E01002396
2282,0.0027155648,0.0,E01002397
2283,1.3192097,1.0,E01002398
2284,0.0022293383,0.0,E01002399
2285,1.3874881,3.0,E01002400
2286,0.0027769883,0.0,E01002401
2287,0.002249679,0.0,E01002402
2288,1.2974445,1.0,E01002403
2289,0.002362504,0.0,E01002404
2290,1.5762098,3.0,E01002405
2291,0.0022291427,0.0,E01002408
2292,1.3026049,2.0,E01002409
2293,1.3120863,2.0,E01002410
2294,0.0023333905,0.0,E01002411
2295,0.0022845464,0.0,E01002412
2296,1.2059225,1.0,E01002413
2297,1.3480041,2.0,E01002414
2298,0.0022490376,0.0,E01002415
2299,0.002137038,0.0,E01002416
2300,0.002304682,0.0,E01002417
2301,0.002024778,0.0,E01002418
2302,0.0019713507,0.0,E01002419
2303,0.0021157393,0.0,E01002420
2304,0.0022257078,0.0,E01002421
2305,1.2494777,2.0,E01002422
2306,1.2060691,1.0,E01002423
2307,0.0024895421,0.0,E01002424
2308,1.2721825,1.0,E01002425
2309,0.0022985372,0.0,E01002426
2310,0.0020843348,0.0,E01002427
2311,0.0022330747,0.0,E01002428
2312,0.0022271876,0.0,E01002429
2313,0.002147609,0.0,E01002430
2314,1.0745246,1.0,E01002431
2315,1.2517866,1.0,E01002432
2316,0.0023738889,0.0,E01002433
2317,1.1239989,1.0,E01002434
2318,0.0023654595,0.0,E01002435
2319,0.0020101496,0.0,E01002436
2320,0.0020207076,0.0,E01002437
2321,0.0021653406,0.0,E01002438
2322,0.0021292751,0.0,E01002439
2323,0.002144402,0.0,E01002440
2324,0.0022600202,0.0,E01002441
2325,1.0799744,1.0,E01002442
2326,1.6935998,1.0,E01002443
2327,1.5341178,2.0,E01002444
2328,0.0021915252,0.0,E01002445
2329,0.002614839,0.0,E01002446
2330,1.7951576,1.0,E01002447
2331,1.9706671,3.0,E01002448
2332,1.5752132,1.0,E01002449
2333,0.0021646158,0.0,E01002450
2334,0.0020363368,0.0,E01002451
2335,1.2629687,2.0,E01002452
2336,0.0021125295,0.0,E01002453
2337,1.1676881,1.0,E01002454
2338,0.0022677,0.0,E01002455
2339,0.002137882,0.0,E01002456
2340,0.002262661,0.0,E01002457
2341,0.0020979857,0.0,E01002458
2342,0.0021166878,0.0,E01002459
2343,0.0021371185,0.0,E01002460
2344,0.0022312994,0.0,E01002461
2345,0.0020971375,0.0,E01002462
2346,0.001983767,0.0,E01002463
2347,0.0019736532,0.0,E01002464
2348,0.0022310845,0.0,E01002465
2349,0.0020980176,0.0,E01002466
2350,0.0021876497,0.0,E01002467
2351,0.0022462532,0.0,E01002468
2352,0.0021442424,0.0,E01002469
2353,0.0023440293,0.0,E01002470
2354,0.0021151605,0.0,E01002471
2355,0.0024200021,0.0,E01002472
2356,1.3761376,1.0,E01002473
2357,0.0024323717,0.0,E01002474
2358,0.0021855999,0.0,E01002475
2359,1.2877164,1.0,E01002476
2360,0.0020340388,0.0,E01002477
2361,0.0021713902,0.0,E01002478
2362,0.0024511113,0.0,E01002479
2363,0.002179968,0.0,E01002480
2364,1.2053779,1.0,E01002481
2365,0.0022922743,0.0,E01002482
2366,1.3646623,2.0,E01002483
2367,0.002226262,0.0,E01002484
2368,1.4958957,1.0,E01002485
2369,1.6559056,1.0,E01002486
2370,0.0023514,0.0,E01002487
2371,0.0023593798,0.0,E01002488
2372,0.0024859228,0.0,E01002489
2373,2.0565193,2.0,E01002490
2374,0.0023420542,0.0,E01002491
2375,0.0022548707,0.0,E01002492
2376,0.002346822,0.0,E01002493
2377,0.0022723195,0.0,E01002494
2378,0.0024920967,0.0,E01002495
2379,2.0949926,1.0,E01002496
2380,1.7551111,1.0,E01002497
2381,0.0021654894,0.0,E01002498
2382,1.472171,1.0,E01002499
2383,0.002309962,0.0,E01002501
2384,0.002249869,0.0,E01002502
2385,0.002450902,0.0,E01002503
2386,0.0024791043,0.0,E01002505
2387,1.7354482,3.0,E01002506
2388,0.0027465061,0.0,E01002507
2389,0.0027206962,0.0,E01002508
2390,0.0021653983,0.0,E01002509
2391,0.0021673343,0.0,E01002511
2392,0.0022736224,0.0,E01002512
2393,0.00209873,0.0,E01002513
2394,0.0026215382,0.0,E01002514
2395,1.23923,1.0,E01002516
2396,0.0022314228,0.0,E01002518
2397,1.4367305,2.0,E01002519
2398,1.2646095,1.0,E01002520
2399,2.8353848,2.0,E01002521
2400,0.002484713,0.0,E01002523
2401,1.708933,1.0,E01002525
2402,0.0026651765,0.0,E01002526
2403,0.0022568875,0.0,E01002527
2404,0.0022847468,0.0,E01002528
2405,1.7079638,3.0,E01002529
2406,0.0023081035,0.0,E01002530
2407,0.0022910438,0.0,E01002531
2408,1.1581151,1.0,E01002533
2409,0.0021567794,0.0,E01002534
2410,0.0025357972,0.0,E01002535
2411,0.0022374853,0.0,E01002536
2412,0.0022631271,0.0,E01002537
2413,0.002209371,0.0,E01002538
2414,0.002219745,0.0,E01002539
2415,0.0022840486,0.0,E01002540
2416,1.3036336,1.0,E01002541
2417,1.5836444,1.0,E01002542
2418,1.5706513,2.0,E01002543
2419,0.002215062,0.0,E01002544
2420,0.0022361137,0.0,E01002545
2421,0.0023223914,0.0,E01002546
2422,1.1430788,1.0,E01002547
2423,1.3151125,1.0,E01002548
2424,0.0025271266,0.0,E01002549
2425,0.0022309057,0.0,E01002550
2426,0.0022258267,0.0,E01002551
2427,1.3043424,1.0,E01002552
2428,0.0022394066,0.0,E01002553
2429,1.4184659,1.0,E01002555
2430,0.0024212478,0.0,E01002556
2431,1.5932889,1.0,E01002557
2432,1.3594975,1.0,E01002558
2433,0.0025212902,0.0,E01002559
2434,0.0023786344,0.0,E01002560
2435,0.002180025,0.0,E01002561
2436,0.0023178011,0.0,E01002562
2437,0.002364067,0.0,E01002563
2438,0.0024536033,0.0,E01002564
2439,0.0028103401,0.0,E01002565
2440,0.002289755,0.0,E01002567
2441,0.0024629645,0.0,E01002569
2442,0.0023658397,0.0,E01002570
2443,1.4083495,1.0,E01002571
2444,1.4629581,3.0,E01002572
2445,1.3053324,2.0,E01002573
2446,0.0022874067,0.0,E01002574
2447,1.3005297,1.0,E01002575
2448,0.002326275,0.0,E01002576
2449,0.0023513609,0.0,E01002577
2450,0.0023994138,0.0,E01002578
2451,1.276657,2.0,E01002579
2452,0.0024413352,0.0,E01002580
2453,0.0024857298,0.0,E01002581
2454,0.0022319623,0.0,E01002582
2455,0.002290845,0.0,E01002583
2456,1.5612787,1.0,E01002584
2457,0.0024847153,0.0,E01002585
2458,0.002268725,0.0,E01002586
2459,0.0024612644,0.0,E01002587
2460,0.0022335816,0.0,E01002588
2461,0.002330306,0.0,E01002589
2462,1.5329779,1.0,E01002590
2463,1.1635166,1.0,E01002591
2464,1.6685606,1.0,E01002592
2465,0.0024916881,0.0,E01002593
2466,1.4010605,1.0,E01002594
2467,1.2813789,2.0,E01002595
2468,1.4435246,1.0,E01002596
2469,1.3733443,2.0,E01002598
2470,0.0021938286,0.0,E01002599
2471,1.1942995,1.0,E01002600
2472,0.0021957094,0.0,E01002601
2473,1.1447443,1.0,E01002602
2474,0.0021947273,0.0,E01002603
2475,0.002218251,0.0,E01002604
2476,1.5852219,1.0,E01002605
2477,0.0021777768,0.0,E01002606
2478,0.0024146193,0.0,E01002607
2479,0.0023241427,0.0,E01002608
2480,0.002271256,0.0,E01002609
2481,1.1872184,1.0,E01002610
2482,0.0023867146,0.0,E01002611
2483,1.5081977,1.0,E01002612
2484,0.0021916036,0.0,E01002613
2485,0.0023738607,0.0,E01002614
2486,0.0022680967,0.0,E01002615
2487,0.0022115675,0.0,E01002616
2488,1.4256372,2.0,E01002617
2489,0.002526859,0.0,E01002618
2490,0.0023973633,0.0,E01002619
2491,0.0026820148,0.0,E01002620
2492,0.002359877,0.0,E01002621
2493,0.002502107,0.0,E01002622
2494,1.2675848,1.0,E01002623
2495,0.0023388322,0.0,E01002624
2496,0.002218238,0.0,E01002625
2497,0.0023297728,0.0,E01002626
2498,0.0021530453,0.0,E01002627
2499,0.0024909885,0.0,E01002628
2500,0.0025970833,0.0,E01002629
2501,1.3422942,1.0,E01002630
2502,1.403368,1.0,E01002631
2503,1.3566539,1.0,E01002632
2504,0.0023900562,0.0,E01002633
2505,1.1503499,1.0,E01002634
2506,0.0023192617,0.0,E01002635
2507,0.0022151095,0.0,E01002636
2508,0.0025893375,0.0,E01002637
2509,0.0026072816,0.0,E01002638
2510,1.190924,2.0,E01002639
2511,1.4656633,1.0,E01002640
2512,1.5234461,1.0,E01002641
2513,1.4877106,1.0,E01002643
2514,1.8118691,1.0,E01002645
2515,1.2360134,1.0,E01002646
2516,0.0022904694,0.0,E01002647
2517,1.2777604,1.0,E01002649
2518,0.00229017,0.0,E01002650
2519,0.0022035812,0.0,E01002651
2520,1.2200927,1.0,E01002652
2521,0.002171936,0.0,E01002653
2522,0.0022207845,0.0,E01002654
2523,0.0022073681,0.0,E01002655
2524,0.0022038617,0.0,E01002656
2525,0.002414967,0.0,E01002657
2526,0.0021356058,0.0,E01002658
2527,0.0021556402,0.0,E01002659
2528,1.2902141,1.0,E01002660
2529,1.3195097,2.0,E01002661
2530,0.0025845957,0.0,E01002662
2531,1.3293705,2.0,E01002663
2532,0.002119989,0.0,E01002665
2533,1.2311184,1.0,E01002666
2534,0.002295512,0.0,E01002667
2535,0.0022647476,0.0,E01002668
2536,0.0022532325,0.0,E01002669
2537,0.0023594878,0.0,E01002670
2538,1.243834,1.0,E01002671
2539,0.0022188718,0.0,E01002672
2540,0.0021348656,0.0,E01002673
2541,0.0023186137,0.0,E01002674
2542,0.0022986664,0.0,E01002675
2543,0.0024363464,0.0,E01002676
2544,1.4158527,1.0,E01002677
2545,0.0022975882,0.0,E01002678
2546,0.0023988248,0.0,E01002679
2547,0.0025538972,0.0,E01002680
2548,1.3264635,1.0,E01002681
2549,0.0024874962,0.0,E01002682
2550,1.3307098,1.0,E01002686
2551,1.2989353,4.0,E01002687
2552,0.0022468993,0.0,E01002689
2553,0.0022149985,0.0,E01002690
2554,1.363663,2.0,E01002691
2555,1.7386873,1.0,E01002692
2556,0.0023652893,0.0,E01002693
2557,1.2988939,2.0,E01002694
2558,1.8600765,1.0,E01002695
2559,1.644167,1.0,E01002696
2560,1.4672439,2.0,E01002697
2561,0.0024865002,0.0,E01002698
2562,0.0021913655,0.0,E01002699
2563,0.002430096,0.0,E01002700
2564,1.5437312,1.0,E01002701
2565,0.0028236923,0.0,E01002702
2566,2.3319836,2.0,E01002703
2567,3.118901,2.0,E01002704
2568,1.9527115,1.0,E01002706
2569,2.0372078,2.0,E01002707
2570,1.9529669,1.0,E01002708
2571,1.9898893,1.0,E01002709
2572,1.2591476,2.0,E01002710
2573,2.327528,1.0,E01002711
2574,0.0022748185,0.0,E01002712
2575,1.7879386,1.0,E01002713
2576,0.002314297,0.0,E01002714
2577,1.3240949,1.0,E01002715
2578,1.7435191,1.0,E01002716
2579,1.3426071,1.0,E01002717
2580,1.4113686,1.0,E01002718
2581,1.5666695,5.0,E01002719
2582,1.4452567,1.0,E01002720
2583,1.5046527,1.0,E01002721
2584,1.3182331,1.0,E01002722
2585,0.0023315898,0.0,E01002723
2586,4.1854744,8.0,E01002724
2587,0.0022860174,0.0,E01002725
2588,1.582534,1.0,E01002726
2589,1.6144291,2.0,E01002727
2590,1.745451,6.0,E01002728
2591,1.3261927,2.0,E01002729
2592,1.5904182,1.0,E01002730
2593,1.7615856,2.0,E01002732
2594,1.4398749,2.0,E01002733
2595,2.0040553,1.0,E01002734
2596,2.7485185,2.0,E01002735
2597,1.2048126,1.0,E01002736
2598,0.0022719621,0.0,E01002737
2599,1.6862615,2.0,E01002738
2600,1.3786877,1.0,E01002739
2601,2.0177507,1.0,E01002740
2602,1.5309558,3.0,E01002741
2603,1.8370876,1.0,E01002742
2604,0.0024812864,0.0,E01002743
2605,0.0022970045,0.0,E01002744
2606,1.3716381,3.0,E01002745
2607,1.5563868,1.0,E01002747
2608,1.5612755,1.0,E01002748
2609,1.333749,2.0,E01002749
2610,0.0024962167,0.0,E01002751
2611,1.4161304,1.0,E01002752
2612,1.3819103,1.0,E01002753
2613,0.0024764838,0.0,E01002754
2614,1.5408907,1.0,E01002755
2615,0.002430089,0.0,E01002756
2616,0.0022291841,0.0,E01002757
2617,1.4394265,2.0,E01002758
2618,1.229598,1.0,E01002759
2619,1.8683143,2.0,E01002760
2620,0.0024100067,0.0,E01002762
2621,2.3507767,2.0,E01002763
2622,2.0331259,1.0,E01002764
2623,1.7562006,1.0,E01002765
2624,1.5590078,3.0,E01002766
2625,0.0026572696,0.0,E01002767
2626,1.5056219,2.0,E01002768
2627,1.7449784,3.0,E01002769
2628,4.7839293,3.0,E01002770
2629,0.0025428953,0.0,E01002771
2630,2.1111338,2.0,E01002772
2631,0.0023489154,0.0,E01002773
2632,2.3346262,1.0,E01002774
2633,1.5213288,2.0,E01002775
2634,0.0023572962,0.0,E01002776
2635,1.3757765,1.0,E01002777
2636,0.0023480107,0.0,E01002778
2637,0.0023951924,0.0,E01002779
2638,0.0023492617,0.0,E01002780
2639,1.3660225,2.0,E01002781
2640,0.0022599513,0.0,E01002782
2641,0.002525398,0.0,E01002783
2642,0.002342712,0.0,E01002784
2643,1.671788,1.0,E01002785
2644,1.9291939,2.0,E01002786
2645,1.4973787,1.0,E01002787
2646,0.0025318644,0.0,E01002788
2647,1.4347298,1.0,E01002789
2648,0.0023202372,0.0,E01002790
2649,2.1059961,1.0,E01002791
2650,1.4372842,1.0,E01002792
2651,1.4535266,2.0,E01002793
2652,3.5967793,1.0,E01002794
2653,0.0024184023,0.0,E01002795
2654,0.0024136833,0.0,E01002796
2655,1.61573,2.0,E01002797
2656,1.5520135,1.0,E01002798
2657,1.3297747,1.0,E01002799
2658,1.5778669,2.0,E01002800
2659,0.00235791,0.0,E01002801
2660,0.0024624302,0.0,E01002802
2661,1.2473533,2.0,E01002804
2662,1.5478994,1.0,E01002805
2663,1.3570517,3.0,E01002806
2664,0.002505726,0.0,E01002807
2665,1.6837845,1.0,E01002808
2666,1.6816411,1.0,E01002809
2667,0.00232748,0.0,E01002810
2668,0.0024571437,0.0,E01002811
2669,1.4239597,1.0,E01002812
2670,0.0025636484,0.0,E01002813
2671,1.608107,1.0,E01002814
2672,1.3785601,1.0,E01002815
2673,1.2759725,2.0,E01002816
2674,0.002553689,0.0,E01002817
2675,1.7592928,2.0,E01002818
2676,3.0439935,1.0,E01002819
2677,1.6411481,1.0,E01002821
2678,0.0022193447,0.0,E01002823
2679,0.002302886,0.0,E01002824
2680,1.3670425,2.0,E01002825
2681,1.9489726,5.0,E01002826
2682,1.7916372,3.0,E01002827
2683,0.0027116998,0.0,E01002828
2684,1.5842255,4.0,E01002829
2685,1.4470612,3.0,E01002830
2686,1.9134508,3.0,E01002831
2687,1.634375,4.0,E01002832
2688,1.6973063,1.0,E01002833
2689,0.0022007322,0.0,E01002834
2690,0.002790308,0.0,E01002835
2691,0.002437836,0.0,E01002836
2692,1.3693763,1.0,E01002837
2693,1.5590948,1.0,E01002839
2694,0.0025410333,0.0,E01002840
2695,1.4261285,1.0,E01002841
2696,0.0022914272,0.0,E01002842
2697,1.1942275,2.0,E01002843
2698,0.0022669344,0.0,E01002844
2699,1.3534217,1.0,E01002845
2700,0.0025768285,0.0,E01002846
2701,2.2479863,2.0,E01002847
2702,2.382252,2.0,E01002848
2703,0.0023353752,0.0,E01002849
2704,2.743337,1.0,E01002850
2705,0.0024500117,0.0,E01002851
2706,2.269484,1.0,E01002852
2707,1.4291627,1.0,E01002853
2708,1.4181755,1.0,E01002854
2709,0.002371177,0.0,E01002855
2710,0.0023115838,0.0,E01002856
2711,1.185631,1.0,E01002857
2712,0.0021689946,0.0,E01002858
2713,1.3480918,1.0,E01002859
2714,1.678578,1.0,E01002860
2715,0.0022241694,0.0,E01002861
2716,0.0022806989,0.0,E01002862
2717,1.628255,1.0,E01002863
2718,1.4493754,1.0,E01002864
2719,0.002442644,0.0,E01002865
2720,0.002625992,0.0,E01002866
2721,0.0025013962,0.0,E01002867
2722,0.00228375,0.0,E01002868
2723,0.002677669,0.0,E01002869
2724,1.195896,1.0,E01002870
2725,1.7783142,1.0,E01002871
2726,0.002429379,0.0,E01002872
2727,0.0023755047,0.0,E01002873
2728,0.0025059448,0.0,E01002874
2729,0.0023072606,0.0,E01002875
2730,0.0024968642,0.0,E01002876
2731,1.7800534,1.0,E01002877
2732,1.694821,1.0,E01002878
2733,1.32839,1.0,E01002879
2734,0.002302169,0.0,E01002880
2735,0.0022673516,0.0,E01002881
2736,0.002234487,0.0,E01002882
2737,1.69541,3.0,E01002883
2738,2.2666383,4.0,E01002884
2739,1.698978,1.0,E01002885
2740,2.8637805,1.0,E01002886
2741,1.567394,1.0,E01002887
2742,0.0027781446,0.0,E01002888
2743,0.0024526697,0.0,E01002889
2744,1.9217538,2.0,E01002890
2745,0.0024429178,0.0,E01002891
2746,0.0024799213,0.0,E01002892
2747,1.48255,1.0,E01002893
2748,0.0024916786,0.0,E01002894
2749,0.0024308239,0.0,E01002896
2750,1.8175198,6.0,E01002897
2751,0.0024327731,0.0,E01002898
2752,0.002352139,0.0,E01002899
2753,1.4164897,1.0,E01002900
2754,0.00233303,0.0,E01002901
2755,1.4795673,1.0,E01002902
2756,1.4273734,1.0,E01002903
2757,0.0023491238,0.0,E01002904
2758,1.3865074,3.0,E01002905
2759,1.3951702,2.0,E01002906
2760,0.0021114843,0.0,E01002907
2761,1.4439623,2.0,E01002908
2762,1.5236169,1.0,E01002909
2763,0.0023382835,0.0,E01002910
2764,1.4391214,1.0,E01002911
2765,1.5248761,1.0,E01002912
2766,0.0024683245,0.0,E01002913
2767,2.1637888,1.0,E01002914
2768,0.0021101034,0.0,E01002915
2769,1.1998035,2.0,E01002916
2770,0.0021268711,0.0,E01002917
2771,0.0021712133,0.0,E01002918
2772,0.0026024398,0.0,E01002919
2773,0.0020525565,0.0,E01002920
2774,1.3545337,1.0,E01002921
2775,0.0021368302,0.0,E01002922
2776,0.002284407,0.0,E01002923
2777,0.0021498231,0.0,E01002924
2778,1.3024396,1.0,E01002925
2779,0.002456257,0.0,E01002926
2780,1.223116,1.0,E01002927
2781,0.0025003396,0.0,E01002928
2782,0.0024433173,0.0,E01002929
2783,0.0024918662,0.0,E01002930
2784,1.2485416,2.0,E01002931
2785,1.1724442,1.0,E01002932
2786,1.1395639,1.0,E01002933
2787,1.2419566,3.0,E01002934
2788,0.0022308377,0.0,E01002935
2789,0.0022850782,0.0,E01002937
2790,0.002254605,0.0,E01002938
2791,1.3237904,1.0,E01002939
2792,0.002159109,0.0,E01002940
2793,1.2509035,1.0,E01002941
2794,1.0801092,1.0,E01002942
2795,0.0020875197,0.0,E01002943
2796,0.0021855123,0.0,E01002944
2797,0.0020817781,0.0,E01002945
2798,0.0020598925,0.0,E01002946
2799,0.002180728,0.0,E01002947
2800,0.002419131,0.0,E01002948
2801,0.0022198274,0.0,E01002949
2802,0.0022019676,0.0,E01002950
2803,1.1576294,1.0,E01002951
2804,1.2842826,1.0,E01002952
2805,0.0021684258,0.0,E01002953
2806,1.3738178,2.0,E01002954
2807,0.0021977853,0.0,E01002955
2808,0.0023235576,0.0,E01002956
2809,1.2360262,1.0,E01002957
2810,1.1998283,1.0,E01002958
2811,0.0022494132,0.0,E01002959
2812,0.002185701,0.0,E01002960
2813,0.0022170465,0.0,E01002961
2814,0.0021430587,0.0,E01002962
2815,0.0023548054,0.0,E01002963
2816,1.3986043,2.0,E01002964
2817,1.6973569,2.0,E01002965
2818,1.2727557,1.0,E01002966
2819,1.2359213,2.0,E01002967
2820,3.0811863,1.0,E01002968
2821,1.2347257,2.0,E01002969
2822,0.002432889,0.0,E01002970
2823,0.0022181557,0.0,E01002971
2824,0.002348173,0.0,E01002972
2825,1.1865717,1.0,E01002973
2826,1.2503295,2.0,E01002974
2827,1.203507,1.0,E01002975
2828,0.002152142,0.0,E01002976
2829,0.0021338947,0.0,E01002977
2830,0.0023112334,0.0,E01002978
2831,0.0020730214,0.0,E01002979
2832,0.0022010827,0.0,E01002980
2833,0.00225318,0.0,E01002981
2834,0.0022322657,0.0,E01002982
2835,1.1666949,2.0,E01002983
2836,0.0021637408,0.0,E01002984
2837,1.1705434,1.0,E01002985
2838,0.002256695,0.0,E01002986
2839,1.6843442,1.0,E01002987
2840,0.0025457244,0.0,E01002988
2841,1.4239571,1.0,E01002989
2842,1.2158918,1.0,E01002990
2843,0.002148791,0.0,E01002991
2844,1.1747165,2.0,E01002992
2845,1.2981974,1.0,E01002993
2846,0.0021686999,0.0,E01002994
2847,1.1666167,1.0,E01002995
2848,1.1403222,1.0,E01002996
2849,0.0021755141,0.0,E01002997
2850,0.002089655,0.0,E01002998
2851,0.002444766,0.0,E01002999
2852,0.0024527726,0.0,E01003000
2853,1.2993847,3.0,E01003001
2854,0.0022478304,0.0,E01003002
2855,0.0024509418,0.0,E01003003
2856,1.204732,1.0,E01003004
2857,1.2685771,1.0,E01003005
2858,0.0022386059,0.0,E01003006
2859,0.0022152553,0.0,E01003007
2860,0.002117441,0.0,E01003008
2861,0.0022635018,0.0,E01003009
2862,0.0021320253,0.0,E01003010
2863,1.2179977,1.0,E01003011
2864,3.6970794,2.0,E01003013
2865,1.5196421,2.0,E01003014
2866,1.2046218,1.0,E01003015
2867,0.0024796955,0.0,E01003016
2868,0.0030562286,0.0,E01003017
2869,1.6219972,2.0,E01003018
2870,0.002547897,0.0,E01003019
2871,1.9687631,1.0,E01003020
2872,0.0024711378,0.0,E01003021
2873,0.0022078229,0.0,E01003022
2874,2.0800629,1.0,E01003023
2875,0.0023277241,0.0,E01003024
2876,0.00259871,0.0,E01003025
2877,0.0025707104,0.0,E01003026
2878,0.002328922,0.0,E01003027
2879,1.2717158,1.0,E01003028
2880,0.0023805462,0.0,E01003029
2881,0.0024721962,0.0,E01003030
2882,0.0024502184,0.0,E01003031
2883,1.6990823,1.0,E01003032
2884,0.0023970306,0.0,E01003033
2885,0.0022486248,0.0,E01003034
2886,2.2498913,3.0,E01003035
2887,1.6434586,1.0,E01003036
2888,1.5826458,1.0,E01003037
2889,0.0024021168,0.0,E01003038
2890,1.7850492,1.0,E01003039
2891,0.0023025258,0.0,E01003040
2892,1.5135754,1.0,E01003041
2893,0.0024891752,0.0,E01003042
2894,1.4016889,1.0,E01003043
2895,0.002244232,0.0,E01003044
2896,1.3681911,1.0,E01003045
2897,1.2898927,1.0,E01003046
2898,2.8603718,7.0,E01003047
2899,1.4457057,1.0,E01003048
2900,0.0023677628,0.0,E01003049
2901,0.002534366,0.0,E01003050
2902,2.3593628,1.0,E01003051
2903,0.002733394,0.0,E01003052
2904,1.9730159,1.0,E01003053
2905,1.98006,1.0,E01003054
2906,0.0029566116,0.0,E01003055
2907,1.3326925,1.0,E01003056
2908,0.0023886536,0.0,E01003057
2909,0.0024375117,0.0,E01003058
2910,1.4899522,2.0,E01003059
2911,0.0024762785,0.0,E01003060
2912,1.9541538,2.0,E01003061
2913,1.5256318,1.0,E01003062
2914,0.002267927,0.0,E01003063
2915,0.0024026919,0.0,E01003064
2916,0.0021989322,0.0,E01003065
2917,0.0024924164,0.0,E01003066
2918,1.4094154,1.0,E01003067
2919,1.3415747,1.0,E01003068
2920,0.002344254,0.0,E01003069
2921,1.3648679,2.0,E01003070
2922,1.8706346,1.0,E01003071
2923,0.0026516863,0.0,E01003072
2924,1.4332353,2.0,E01003073
2925,1.8879409,3.0,E01003074
2926,0.0023195515,0.0,E01003075
2927,0.0027007493,0.0,E01003076
2928,1.4319052,1.0,E01003077
2929,0.0024536243,0.0,E01003078
2930,1.3406417,1.0,E01003079
2931,0.002259878,0.0,E01003080
2932,1.5679991,1.0,E01003081
2933,0.0022015173,0.0,E01003082
2934,1.1687335,1.0,E01003083
2935,0.0023149846,0.0,E01003084
2936,0.002277621,0.0,E01003085
2937,0.0022856905,0.0,E01003086
2938,0.0023497983,0.0,E01003087
2939,1.5006942,1.0,E01003088
2940,1.6485292,2.0,E01003089
2941,0.0027639745,0.0,E01003090
2942,0.0025125183,0.0,E01003091
2943,0.0028397874,0.0,E01003092
2944,0.0025324295,0.0,E01003093
2945,0.002469524,0.0,E01003094
2946,0.0026643595,0.0,E01003095
2947,0.0024204443,0.0,E01003096
2948,0.0023096008,0.0,E01003097
2949,1.367341,1.0,E01003098
2950,1.6701672,1.0,E01003099
2951,1.3916584,2.0,E01003100
2952,1.6027305,1.0,E01003101
2953,1.6763319,4.0,E01003102
2954,0.0024958167,0.0,E01003104
2955,0.0022815373,0.0,E01003105
2956,0.0023084963,0.0,E01003106
2957,1.9703641,1.0,E01003107
2958,1.6093675,1.0,E01003108
2959,0.0023220612,0.0,E01003110
2960,0.0023361505,0.0,E01003111
2961,0.0024922467,0.0,E01003112
2962,0.0025065816,0.0,E01003113
2963,1.9654846,1.0,E01003114
2964,0.0022863531,0.0,E01003115
2965,0.0023959759,0.0,E01003116
2966,2.3574283,3.0,E01003117
2967,1.6548388,2.0,E01003118
2968,0.002568608,0.0,E01003119
2969,1.5254419,1.0,E01003120
2970,1.1100761,1.0,E01003121
2971,1.7513556,2.0,E01003122
2972,1.3875293,1.0,E01003123
2973,0.002352094,0.0,E01003124
2974,1.2639638,1.0,E01003125
2975,1.3875846,1.0,E01003126
2976,0.002531595,0.0,E01003127
2977,1.5933508,1.0,E01003128
2978,0.0025242385,0.0,E01003129
2979,0.002545705,0.0,E01003130
2980,0.0027704057,0.0,E01003131
2981,1.1684805,2.0,E01003132
2982,1.4472444,1.0,E01003133
2983,1.3805948,1.0,E01003134
2984,0.002317389,0.0,E01003135
2985,0.0022569522,0.0,E01003136
2986,1.3159271,1.0,E01003137
2987,1.4013004,1.0,E01003138
2988,1.2726315,1.0,E01003139
2989,1.1533836,2.0,E01003140
2990,0.0024056241,0.0,E01003141
2991,0.0022278007,0.0,E01003142
2992,0.0021407974,0.0,E01003143
2993,1.3636004,1.0,E01003144
2994,1.3280078,3.0,E01003145
2995,0.0024551938,0.0,E01003146
2996,0.0025287212,0.0,E01003147
2997,1.2797825,1.0,E01003148
2998,0.00228152,0.0,E01003149
2999,1.3080715,1.0,E01003150
3000,0.0024370435,0.0,E01003151
3001,0.0025358843,0.0,E01003152
3002,1.671202,1.0,E01003153
3003,1.2303529,2.0,E01003154
3004,0.0024618537,0.0,E01003155
3005,0.0022054447,0.0,E01003156
3006,1.3437164,1.0,E01003157
3007,1.3599457,1.0,E01003158
3008,0.0025881897,0.0,E01003159
3009,0.002336675,0.0,E01003160
3010,0.0022344105,0.0,E01003161
3011,0.002276394,0.0,E01003162
3012,0.0023616243,0.0,E01003163
3013,1.7222769,3.0,E01003164
3014,0.0023208691,0.0,E01003165
3015,0.0023994448,0.0,E01003166
3016,0.002321075,0.0,E01003167
3017,0.0023439522,0.0,E01003168
3018,1.4587722,3.0,E01003169
3019,0.002364306,0.0,E01003170
3020,0.0023185574,0.0,E01003171
3021,0.0022582193,0.0,E01003172
3022,0.0023209765,0.0,E01003173
3023,0.002323601,0.0,E01003174
3024,0.0023003288,0.0,E01003175
3025,0.002350149,0.0,E01003176
3026,1.4866712,2.0,E01003177
3027,0.00237771,0.0,E01003178
3028,0.002187585,0.0,E01003179
3029,1.5478342,1.0,E01003180
3030,0.002411877,0.0,E01003181
3031,0.0024206382,0.0,E01003182
3032,1.2585541,1.0,E01003183
3033,0.0022493585,0.0,E01003184
3034,0.002484547,0.0,E01003185
3035,1.980413,3.0,E01003186
3036,0.002482019,0.0,E01003187
3037,1.3293152,1.0,E01003188
3038,1.1850433,1.0,E01003189
3039,1.7732221,1.0,E01003190
3040,0.0021866714,0.0,E01003191
3041,1.4620756,1.0,E01003192
3042,1.6209803,2.0,E01003193
3043,1.5702178,2.0,E01003194
3044,0.0022318196,0.0,E01003195
3045,1.6846689,1.0,E01003196
3046,1.2948146,1.0,E01003197
3047,1.1577142,2.0,E01003198
3048,0.0025164473,0.0,E01003199
3049,1.6911154,1.0,E01003200
3050,1.7642177,1.0,E01003201
3051,1.3411293,1.0,E01003202
3052,0.002305038,0.0,E01003203
3053,0.0022979432,0.0,E01003204
3054,1.4419619,6.0,E01003205
3055,0.0024134521,0.0,E01003206
3056,2.031842,1.0,E01003207
3057,0.0023240808,0.0,E01003209
3058,0.0025500483,0.0,E01003210
3059,0.0023320725,0.0,E01003211
3060,0.002509994,0.0,E01003212
3061,0.0026119703,0.0,E01003213
3062,0.0024116586,0.0,E01003214
3063,1.8623326,4.0,E01003215
3064,1.4247758,1.0,E01003216
3065,0.0022239033,0.0,E01003217
3066,0.002232257,0.0,E01003218
3067,1.156876,1.0,E01003219
3068,1.271563,3.0,E01003220
3069,1.5511956,3.0,E01003221
3070,0.00215087,0.0,E01003222
3071,1.2617218,1.0,E01003223
3072,0.0023760383,0.0,E01003224
3073,1.1029614,4.0,E01003225
3074,1.3181142,2.0,E01003226
3075,1.341911,1.0,E01003227
3076,1.3661153,1.0,E01003228
3077,0.0024656341,0.0,E01003229
3078,1.5778968,1.0,E01003230
3079,1.4676274,1.0,E01003231
3080,1.2383757,2.0,E01003232
3081,0.0022789452,0.0,E01003233
3082,0.0022879117,0.0,E01003235
3083,0.0023451059,0.0,E01003236
3084,0.0022171047,0.0,E01003237
3085,1.3122841,4.0,E01003238
3086,0.0021820904,0.0,E01003239
3087,0.0022307313,0.0,E01003240
3088,1.412324,1.0,E01003241
3089,1.2372,1.0,E01003243
3090,0.0021977706,0.0,E01003244
3091,0.0023297695,0.0,E01003245
3092,2.0297337,2.0,E01003246
3093,1.6396575,2.0,E01003247
3094,1.3792312,3.0,E01003248
3095,0.0022689817,0.0,E01003249
3096,0.002259586,0.0,E01003251
3097,1.2918963,1.0,E01003252
3098,1.5854298,2.0,E01003253
3099,0.0023356013,0.0,E01003254
3100,1.8142613,1.0,E01003255
3101,1.3791964,1.0,E01003256
3102,0.0023013074,0.0,E01003257
3103,0.0021450913,0.0,E01003258
3104,0.0024397213,0.0,E01003259
3105,1.2466375,1.0,E01003260
3106,0.0022129114,0.0,E01003261
3107,0.0022753708,0.0,E01003262
3108,0.0024632215,0.0,E01003263
3109,1.2622323,1.0,E01003264
3110,1.1774144,1.0,E01003265
3111,0.0021572197,0.0,E01003266
3112,0.0022389602,0.0,E01003267
3113,0.0023054832,0.0,E01003268
3114,0.0021790168,0.0,E01003269
3115,1.2771634,1.0,E01003270
3116,1.2295554,2.0,E01003271
3117,1.4971446,1.0,E01003272
3118,1.1620069,1.0,E01003273
3119,0.002198345,0.0,E01003274
3120,0.0022543976,0.0,E01003275
3121,0.0025216858,0.0,E01003276
3122,1.3194374,1.0,E01003277
3123,0.0025023744,0.0,E01003278
3124,0.002188048,0.0,E01003279
3125,0.0021041944,0.0,E01003280
3126,1.2335631,1.0,E01003281
3127,1.3836527,1.0,E01003282
3128,0.002253324,0.0,E01003283
3129,0.0024429865,0.0,E01003284
3130,1.6136885,1.0,E01003285
3131,1.298479,2.0,E01003286
3132,0.0022681486,0.0,E01003287
3133,0.0025106391,0.0,E01003288
3134,1.4540882,2.0,E01003290
3135,0.0021883238,0.0,E01003291
3136,1.6993566,2.0,E01003292
3137,1.3764802,1.0,E01003293
3138,0.0025452632,0.0,E01003295
3139,2.0072522,2.0,E01003297
3140,0.0023164211,0.0,E01003298
3141,1.9129443,2.0,E01003299
3142,1.165056,1.0,E01003300
3143,0.0024657047,0.0,E01003301
3144,0.0024677042,0.0,E01003302
3145,2.0300057,1.0,E01003303
3146,2.509795,1.0,E01003304
3147,0.002359929,0.0,E01003305
3148,0.002183808,0.0,E01003307
3149,0.0023389491,0.0,E01003308
3150,1.3333871,1.0,E01003309
3151,0.0024771926,0.0,E01003310
3152,0.0021853414,0.0,E01003311
3153,1.2724355,1.0,E01003312
3154,0.0023510288,0.0,E01003313
3155,0.0024466868,0.0,E01003314
3156,0.0023192319,0.0,E01003315
3157,0.0025092019,0.0,E01003316
3158,2.4550905,1.0,E01003318
3159,1.5215669,1.0,E01003319
3160,1.5947375,2.0,E01003320
3161,1.9549956,1.0,E01003321
3162,1.5068202,1.0,E01003322
3163,0.0023197173,0.0,E01003323
3164,1.6545454,2.0,E01003324
3165,0.0023490142,0.0,E01003325
3166,0.0024037517,0.0,E01003326
3167,0.0024374735,0.0,E01003327
3168,0.0024919328,0.0,E01003328
3169,0.002268602,0.0,E01003329
3170,1.31535,2.0,E01003330
3171,0.0022101675,0.0,E01003331
3172,0.002250547,0.0,E01003332
3173,0.0022574763,0.0,E01003333
3174,1.9163194,4.0,E01003334
3175,1.2155981,1.0,E01003335
3176,0.0021829344,0.0,E01003336
3177,0.0022434702,0.0,E01003337
3178,1.4616802,1.0,E01003338
3179,1.3273016,2.0,E01003339
3180,1.7971056,2.0,E01003340
3181,0.0022728874,0.0,E01003341
3182,0.002252979,0.0,E01003342
3183,0.0022659563,0.0,E01003343
3184,0.002398158,0.0,E01003344
3185,0.0022193522,0.0,E01003345
3186,0.0022861876,0.0,E01003346
3187,1.3145839,1.0,E01003347
3188,0.0022821042,0.0,E01003348
3189,0.0021258784,0.0,E01003349
3190,0.0023049095,0.0,E01003350
3191,0.0022357276,0.0,E01003351
3192,1.3906558,1.0,E01003352
3193,1.2179965,1.0,E01003353
3194,0.0023982746,0.0,E01003354
3195,0.0024879838,0.0,E01003355
3196,1.1918404,1.0,E01003356
3197,1.3530761,1.0,E01003357
3198,1.250703,2.0,E01003358
3199,1.3194677,1.0,E01003359
3200,0.0022871809,0.0,E01003360
3201,0.0022016484,0.0,E01003361
3202,0.0021375455,0.0,E01003362
3203,0.002116585,0.0,E01003363
3204,1.1787324,2.0,E01003364
3205,0.002093944,0.0,E01003365
3206,0.0023100555,0.0,E01003366
3207,1.2465072,1.0,E01003368
3208,0.0022026787,0.0,E01003369
3209,1.3675276,3.0,E01003370
3210,1.3675176,1.0,E01003371
3211,1.3077544,1.0,E01003372
3212,1.1811869,1.0,E01003373
3213,1.3040409,2.0,E01003374
3214,0.0023580077,0.0,E01003375
3215,0.0021457511,0.0,E01003376
3216,0.002236184,0.0,E01003377
3217,1.4469965,1.0,E01003378
3218,0.002489688,0.0,E01003379
3219,0.0022514649,0.0,E01003380
3220,1.330619,1.0,E01003381
3221,0.0024536091,0.0,E01003382
3222,0.0022352256,0.0,E01003383
3223,0.0022577131,0.0,E01003384
3224,0.0022152446,0.0,E01003385
3225,0.0023847169,0.0,E01003386
3226,0.002308777,0.0,E01003387
3227,0.0022274011,0.0,E01003388
3228,1.775652,1.0,E01003389
3229,1.3009089,1.0,E01003390
3230,0.0021795905,0.0,E01003391
3231,0.0022897157,0.0,E01003392
3232,0.0024433243,0.0,E01003393
3233,0.002309343,0.0,E01003394
3234,0.0023511252,0.0,E01003395
3235,0.0022616396,0.0,E01003396
3236,0.0023380204,0.0,E01003397
3237,1.5464597,1.0,E01003398
3238,0.0022549352,0.0,E01003399
3239,0.002266383,0.0,E01003400
3240,1.2918911,1.0,E01003401
3241,1.3966801,2.0,E01003402
3242,0.0024297414,0.0,E01003403
3243,0.0022279248,0.0,E01003404
3244,1.452031,1.0,E01003405
3245,0.0023933314,0.0,E01003406
3246,0.0025597163,0.0,E01003407
3247,1.708346,1.0,E01003408
3248,1.1865034,1.0,E01003409
3249,1.2625293,1.0,E01003410
3250,0.0023055493,0.0,E01003411
3251,1.1951852,1.0,E01003412
3252,0.002329745,0.0,E01003413
3253,0.002225712,0.0,E01003414
3254,0.0021966603,0.0,E01003415
3255,0.0022259508,0.0,E01003416
3256,0.002076587,0.0,E01003417
3257,0.0020975894,0.0,E01003418
3258,1.1520246,1.0,E01003419
3259,0.002101116,0.0,E01003420
3260,0.0020799881,0.0,E01003421
3261,1.4825315,1.0,E01003422
3262,0.0022363781,0.0,E01003423
3263,0.0022536935,0.0,E01003424
3264,0.002178055,0.0,E01003425
3265,0.0022998352,0.0,E01003426
3266,1.3845279,2.0,E01003427
3267,1.1775707,2.0,E01003428
3268,0.0021765528,0.0,E01003429
3269,1.1656849,1.0,E01003430
3270,0.0022315823,0.0,E01003431
3271,0.0022524935,0.0,E01003432
3272,1.1641355,2.0,E01003433
3273,0.0021426112,0.0,E01003434
3274,0.0024010837,0.0,E01003435
3275,1.1955132,1.0,E01003436
3276,1.5997784,2.0,E01003437
3277,0.0023768384,0.0,E01003438
3278,0.0022662415,0.0,E01003439
3279,0.002363775,0.0,E01003440
3280,0.0022218935,0.0,E01003441
3281,1.3485068,2.0,E01003442
3282,1.2079896,1.0,E01003443
3283,1.2100958,2.0,E01003444
3284,0.0022560009,0.0,E01003445
3285,0.0022309972,0.0,E01003446
3286,0.0022635674,0.0,E01003447
3287,1.3533372,1.0,E01003448
3288,1.2780615,2.0,E01003449
3289,0.0022068133,0.0,E01003450
3290,0.0023866405,0.0,E01003451
3291,1.1763115,1.0,E01003452
3292,1.2487502,2.0,E01003453
3293,0.0022025001,0.0,E01003454
3294,0.0022826386,0.0,E01003455
3295,0.0025142033,0.0,E01003456
3296,1.1900369,1.0,E01003457
3297,1.2130368,1.0,E01003458
3298,0.0024241311,0.0,E01003459
3299,0.002773476,0.0,E01003460
3300,0.0023495317,0.0,E01003461
3301,0.0023143378,0.0,E01003462
3302,0.002338763,0.0,E01003463
3303,1.2084999,1.0,E01003464
3304,0.0023013293,0.0,E01003465
3305,0.0021389425,0.0,E01003466
3306,0.0021024651,0.0,E01003467
3307,1.1626232,3.0,E01003468
3308,0.0022566605,0.0,E01003469
3309,1.2415867,1.0,E01003470
3310,1.224403,2.0,E01003471
3311,0.0020583323,0.0,E01003472
3312,0.002143063,0.0,E01003473
3313,0.00215567,0.0,E01003474
3314,0.0021610218,0.0,E01003476
3315,0.0023680846,0.0,E01003477
3316,0.0024982053,0.0,E01003478
3317,1.2275082,1.0,E01003479
3318,0.0022335262,0.0,E01003480
3319,0.0023243953,0.0,E01003481
3320,0.0022075523,0.0,E01003483
3321,0.002194045,0.0,E01003484
3322,1.2050155,1.0,E01003485
3323,1.1954494,1.0,E01003486
3324,0.0021615073,0.0,E01003487
3325,0.0023231467,0.0,E01003488
3326,0.0027823935,0.0,E01003489
3327,1.833864,3.0,E01003490
3328,0.0025072654,0.0,E01003491
3329,0.0022823296,0.0,E01003492
3330,0.0022774397,0.0,E01003494
3331,1.271748,1.0,E01003495
3332,0.0023688718,0.0,E01003496
3333,1.9281054,2.0,E01003497
3334,1.2611483,1.0,E01003498
3335,1.8520223,1.0,E01003499
3336,1.7116852,1.0,E01003500
3337,1.5695258,1.0,E01003501
3338,2.5214355,2.0,E01003502
3339,2.0090947,8.0,E01003503
3340,1.1633933,1.0,E01003506
3341,0.0024308667,0.0,E01003507
3342,0.0028218967,0.0,E01003508
3343,0.0024459728,0.0,E01003509
3344,0.0023468835,0.0,E01003511
3345,0.0025222714,0.0,E01003512
3346,0.0021946793,0.0,E01003513
3347,0.0021612886,0.0,E01003514
3348,1.5208029,1.0,E01003515
3349,0.0022199184,0.0,E01003516
3350,1.3247504,1.0,E01003517
3351,0.002171292,0.0,E01003518
3352,0.0021562765,0.0,E01003519
3353,0.0023396688,0.0,E01003520
3354,2.1263785,4.0,E01003521
3355,1.6319568,1.0,E01003522
3356,1.7709805,2.0,E01003523
3357,1.2314218,3.0,E01003524
3358,0.0026022687,0.0,E01003525
3359,1.1973214,1.0,E01003526
3360,1.3706594,1.0,E01003527
3361,0.0020729126,0.0,E01003528
3362,0.002176259,0.0,E01003529
3363,0.0021598155,0.0,E01003530
3364,1.5576702,2.0,E01003531
3365,0.0024359815,0.0,E01003532
3366,0.0023349877,0.0,E01003533
3367,0.0021817097,0.0,E01003534
3368,1.3523223,3.0,E01003535
3369,0.0023158768,0.0,E01003536
3370,0.0022850977,0.0,E01003537
3371,0.0024443383,0.0,E01003538
3372,0.0024063194,0.0,E01003539
3373,1.3537449,1.0,E01003540
3374,1.2253641,1.0,E01003541
3375,0.002342848,0.0,E01003542
3376,0.0023692106,0.0,E01003543
3377,0.0024097112,0.0,E01003544
3378,0.002307628,0.0,E01003545
3379,0.0023184302,0.0,E01003546
3380,0.0024591363,0.0,E01003547
3381,0.0023931295,0.0,E01003548
3382,0.0022916535,0.0,E01003549
3383,0.002295824,0.0,E01003550
3384,0.0023913202,0.0,E01003551
3385,0.0022719621,0.0,E01003552
3386,0.0024507197,0.0,E01003553
3387,1.3335717,1.0,E01003554
3388,0.0023156328,0.0,E01003555
3389,0.0023915165,0.0,E01003556
3390,1.592705,1.0,E01003557
3391,1.3933489,1.0,E01003558
3392,1.9504963,1.0,E01003559
3393,0.0021603645,0.0,E01003560
3394,0.0024212396,0.0,E01003561
3395,1.4164199,1.0,E01003562
3396,0.002534065,0.0,E01003563
3397,1.5582007,1.0,E01003564
3398,0.0023155245,0.0,E01003565
3399,0.0026009078,0.0,E01003566
3400,0.0022393179,0.0,E01003567
3401,0.002209335,0.0,E01003568
3402,0.0024775965,0.0,E01003569
3403,1.5032241,2.0,E01003570
3404,1.247432,1.0,E01003571
3405,0.0021538862,0.0,E01003572
3406,0.0025188425,0.0,E01003573
3407,0.0024694111,0.0,E01003574
3408,0.0023288631,0.0,E01003575
3409,1.2486517,1.0,E01003576
3410,1.3297257,1.0,E01003577
3411,1.4651428,1.0,E01003578
3412,0.0022292563,0.0,E01003579
3413,0.0022656873,0.0,E01003580
3414,0.0022173245,0.0,E01003581
3415,1.1250994,1.0,E01003582
3416,0.0022317006,0.0,E01003583
3417,1.261954,1.0,E01003584
3418,0.0022158152,0.0,E01003585
3419,1.2496436,1.0,E01003586
3420,1.4022199,1.0,E01003587
3421,0.002147996,0.0,E01003588
3422,1.2318937,2.0,E01003589
3423,1.2861794,1.0,E01003590
3424,1.7019718,1.0,E01003591
3425,1.3644654,1.0,E01003592
3426,0.0023631766,0.0,E01003593
3427,0.0022977525,0.0,E01003594
3428,0.0023383293,0.0,E01003595
3429,1.2547874,1.0,E01003596
3430,0.002488736,0.0,E01003597
3431,0.0023120844,0.0,E01003598
3432,1.3486607,4.0,E01003599
3433,1.3162239,4.0,E01003600
3434,1.6635759,1.0,E01003601
3435,0.0023076655,0.0,E01003602
3436,1.2773335,1.0,E01003603
3437,1.45729,1.0,E01003604
3438,1.4192724,2.0,E01003605
3439,1.7123475,1.0,E01003607
3440,0.0024264695,0.0,E01003608
3441,0.0021551058,0.0,E01003611
3442,1.2208982,1.0,E01003615
3443,0.002468435,0.0,E01003616
3444,1.7525187,1.0,E01003618
3445,1.8439227,9.0,E01003619
3446,0.0021984982,0.0,E01003621
3447,1.3534988,1.0,E01003622
3448,1.223295,1.0,E01003623
3449,1.2041316,1.0,E01003624
3450,0.0024142428,0.0,E01003625
3451,0.0021547154,0.0,E01003626
3452,0.002295433,0.0,E01003627
3453,0.0022308377,0.0,E01003628
3454,0.0023743927,0.0,E01003630
3455,0.0022965532,0.0,E01003631
3456,1.3557329,1.0,E01003632
3457,0.0024364775,0.0,E01003633
3458,0.0022305206,0.0,E01003634
3459,1.5416574,1.0,E01003635
3460,1.6812242,1.0,E01003636
3461,0.0023229008,0.0,E01003637
3462,1.3131284,2.0,E01003638
3463,0.002560278,0.0,E01003639
3464,1.3724821,1.0,E01003640
3465,0.0022699034,0.0,E01003641
3466,0.0022639248,0.0,E01003642
3467,0.0023679591,0.0,E01003643
3468,0.0020847742,0.0,E01003644
3469,0.0025664456,0.0,E01003645
3470,0.002404512,0.0,E01003646
3471,0.0022824025,0.0,E01003647
3472,0.0022645455,0.0,E01003648
3473,0.0021845412,0.0,E01003649
3474,0.0021829293,0.0,E01003650
3475,0.0021553452,0.0,E01003651
3476,0.0021326393,0.0,E01003652
3477,0.0023154162,0.0,E01003653
3478,1.2166322,1.0,E01003654
3479,0.0022507778,0.0,E01003655
3480,0.002343343,0.0,E01003656
3481,1.315788,1.0,E01003657
3482,0.0022753382,0.0,E01003658
3483,0.0022775438,0.0,E01003659
3484,1.1810548,1.0,E01003660
3485,0.0025315783,0.0,E01003661
3486,0.0024368505,0.0,E01003662
3487,0.0021716782,0.0,E01003663
3488,0.0021365266,0.0,E01003664
3489,0.0020972474,0.0,E01003665
3490,1.4600655,2.0,E01003666
3491,0.0024240871,0.0,E01003668
3492,0.0021385427,0.0,E01003669
3493,0.0021565326,0.0,E01003670
3494,0.0021208697,0.0,E01003671
3495,0.0022021998,0.0,E01003672
3496,0.002489295,0.0,E01003673
3497,1.5490717,4.0,E01003674
3498,0.0023233925,0.0,E01003675
3499,0.0022208025,0.0,E01003676
3500,0.00220235,0.0,E01003677
3501,0.0023532698,0.0,E01003678
3502,0.0022687123,0.0,E01003679
3503,1.4407284,3.0,E01003680
3504,0.0022582472,0.0,E01003681
3505,0.0022552297,0.0,E01003682
3506,0.0022601506,0.0,E01003683
3507,0.0022098261,0.0,E01003684
3508,1.2643893,1.0,E01003685
3509,1.5169504,1.0,E01003686
3510,1.2604783,1.0,E01003688
3511,1.783745,1.0,E01003689
3512,0.0027623526,0.0,E01003690
3513,0.0021392677,0.0,E01003691
3514,0.0022213575,0.0,E01003692
3515,0.0022396233,0.0,E01003693
3516,0.0022675602,0.0,E01003694
3517,0.0021863398,0.0,E01003695
3518,1.2743069,1.0,E01003696
3519,1.3604702,1.0,E01003697
3520,0.0021987811,0.0,E01003698
3521,0.0022069418,0.0,E01003699
3522,0.0022792702,0.0,E01003700
3523,0.0023633118,0.0,E01003701
3524,1.2843531,1.0,E01003702
3525,0.0022481102,0.0,E01003703
3526,0.0022582547,0.0,E01003704
3527,0.002436036,0.0,E01003705
3528,0.0022344862,0.0,E01003706
3529,0.0021713187,0.0,E01003707
3530,0.0023353228,0.0,E01003708
3531,0.0022068524,0.0,E01003709
3532,0.0022005434,0.0,E01003710
3533,1.4844438,1.0,E01003711
3534,0.0022575776,0.0,E01003712
3535,0.0023136428,0.0,E01003713
3536,1.3194385,1.0,E01003714
3537,0.002340442,0.0,E01003715
3538,0.0023804146,0.0,E01003716
3539,0.0023954047,0.0,E01003718
3540,1.5203573,1.0,E01003719
3541,0.0022568177,0.0,E01003720
3542,0.0022119873,0.0,E01003721
3543,1.4032881,1.0,E01003722
3544,0.0023212465,0.0,E01003723
3545,0.0021681818,0.0,E01003724
3546,0.002207367,0.0,E01003725
3547,1.5798165,1.0,E01003726
3548,0.0022194919,0.0,E01003727
3549,0.002343951,0.0,E01003729
3550,0.002178003,0.0,E01003730
3551,0.0023377184,0.0,E01003731
3552,0.0023172984,0.0,E01003732
3553,1.4874494,5.0,E01003733
3554,1.287039,1.0,E01003734
3555,1.1401558,1.0,E01003735
3556,0.002290739,0.0,E01003736
3557,0.0022942743,0.0,E01003737
3558,0.0023461417,0.0,E01003738
3559,0.0023340539,0.0,E01003739
3560,0.0026129682,0.0,E01003740
3561,0.0025726454,0.0,E01003741
3562,0.002265401,0.0,E01003742
3563,0.0022566014,0.0,E01003743
3564,0.002298319,0.0,E01003744
3565,0.0021705767,0.0,E01003745
3566,0.0023391389,0.0,E01003746
3567,0.0021867193,0.0,E01003747
3568,0.0022898915,0.0,E01003748
3569,0.0022732993,0.0,E01003749
3570,0.0023120998,0.0,E01003750
3571,0.0026327902,0.0,E01003751
3572,0.002199959,0.0,E01003752
3573,0.0024733082,0.0,E01003753
3574,0.0023953351,0.0,E01003754
3575,1.2153128,1.0,E01003755
3576,1.2693002,2.0,E01003756
3577,0.0024536266,0.0,E01003757
3578,1.1693803,2.0,E01003759
3579,0.002223934,0.0,E01003760
3580,0.0021638903,0.0,E01003761
3581,0.0022779957,0.0,E01003762
3582,1.2877203,1.0,E01003763
3583,0.0025575985,0.0,E01003764
3584,1.3146325,2.0,E01003765
3585,0.0024042034,0.0,E01003766
3586,1.5142499,1.0,E01003767
3587,0.002308482,0.0,E01003768
3588,2.03169,3.0,E01003769
3589,0.0026431866,0.0,E01003770
3590,0.0021115718,0.0,E01003771
3591,0.0022056089,0.0,E01003772
3592,1.2953544,1.0,E01003773
3593,1.2027922,2.0,E01003774
3594,0.0022809533,0.0,E01003775
3595,1.1461803,1.0,E01003776
3596,1.4617873,1.0,E01003777
3597,1.972739,1.0,E01003778
3598,1.1559945,1.0,E01003779
3599,0.0022482227,0.0,E01003780
3600,1.4622165,1.0,E01003781
3601,0.002305158,0.0,E01003782
3602,2.1595051,2.0,E01003783
3603,1.339611,2.0,E01003784
3604,0.0023219727,0.0,E01003785
3605,0.002122291,0.0,E01003786
3606,0.0022034182,0.0,E01003787
3607,1.3235292,2.0,E01003788
3608,1.2168736,1.0,E01003789
3609,1.2491668,1.0,E01003790
3610,1.3818904,1.0,E01003791
3611,0.0023179704,0.0,E01003792
3612,0.002364731,0.0,E01003793
3613,1.1861283,1.0,E01003794
3614,0.0022811925,0.0,E01003795
3615,0.0022537312,0.0,E01003796
3616,0.002330326,0.0,E01003797
3617,0.002335236,0.0,E01003798
3618,0.0022962498,0.0,E01003799
3619,0.002200299,0.0,E01003800
3620,0.0023089743,0.0,E01003801
3621,1.303982,1.0,E01003802
3622,0.002103114,0.0,E01003803
3623,0.0023617076,0.0,E01003804
3624,0.0023148963,0.0,E01003805
3625,0.0025542127,0.0,E01003806
3626,1.5251429,1.0,E01003807
3627,0.0023456104,0.0,E01003808
3628,0.002273593,0.0,E01003809
3629,0.0021943904,0.0,E01003810
3630,1.1664038,1.0,E01003811
3631,0.0021567352,0.0,E01003812
3632,1.1835245,1.0,E01003813
3633,0.0023051007,0.0,E01003814
3634,1.5140775,1.0,E01003815
3635,1.3585825,1.0,E01003816
3636,1.4813274,3.0,E01003817
3637,0.0020582743,0.0,E01003818
3638,0.0022179834,0.0,E01003819
3639,0.002297,0.0,E01003820
3640,1.2505624,1.0,E01003821
3641,0.0022589483,0.0,E01003822
3642,1.480068,1.0,E01003823
3643,1.189268,5.0,E01003824
3644,0.0021902078,0.0,E01003825
3645,0.0022812872,0.0,E01003826
3646,0.0022772017,0.0,E01003827
3647,0.0021967837,0.0,E01003828
3648,1.3590604,2.0,E01003829
3649,0.0021713208,0.0,E01003830
3650,0.0022541117,0.0,E01003831
3651,1.086445,1.0,E01003832
3652,0.0021596898,0.0,E01003833
3653,0.0023051854,0.0,E01003834
3654,0.002355058,0.0,E01003835
3655,1.2235984,1.0,E01003836
3656,0.0021960926,0.0,E01003837
3657,0.0023800728,0.0,E01003838
3658,0.0026077204,0.0,E01003839
3659,1.2670151,1.0,E01003840
3660,1.1794416,2.0,E01003841
3661,1.334964,1.0,E01003842
3662,1.411485,1.0,E01003843
3663,1.2680355,1.0,E01003844
3664,0.0025423279,0.0,E01003845
3665,0.0023249076,0.0,E01003846
3666,1.9922978,1.0,E01003847
3667,0.0023732744,0.0,E01003848
3668,0.002492262,0.0,E01003849
3669,0.0024975226,0.0,E01003851
3670,0.0023012636,0.0,E01003852
3671,0.0022316112,0.0,E01003853
3672,0.0023377552,0.0,E01003854
3673,1.6098019,1.0,E01003855
3674,0.002343446,0.0,E01003856
3675,0.002233031,0.0,E01003857
3676,1.6336855,1.0,E01003858
3677,0.0022563227,0.0,E01003859
3678,1.7283565,1.0,E01003860
3679,1.3246672,3.0,E01003861
3680,1.4958777,5.0,E01003862
3681,0.0021923927,0.0,E01003863
3682,0.0022521992,0.0,E01003864
3683,1.2486646,1.0,E01003865
3684,0.0022537613,0.0,E01003866
3685,1.2246467,1.0,E01003867
3686,0.0022982797,0.0,E01003868
3687,0.0022768087,0.0,E01003869
3688,0.0022091402,0.0,E01003870
3689,1.5459473,1.0,E01003871
3690,0.0024898353,0.0,E01003872
3691,1.6027755,1.0,E01003873
3692,0.0022685283,0.0,E01003874
3693,1.3665344,1.0,E01003875
3694,2.4459007,5.0,E01003876
3695,0.0022446269,0.0,E01003877
3696,1.4657885,1.0,E01003878
3697,0.0023875695,0.0,E01003879
3698,1.4270462,1.0,E01003880
3699,0.0022322636,0.0,E01003881
3700,1.6884841,2.0,E01003882
3701,0.002357404,0.0,E01003883
3702,0.0024674595,0.0,E01003884
3703,0.002253944,0.0,E01003885
3704,0.0021914272,0.0,E01003886
3705,0.0023538624,0.0,E01003887
3706,0.0024034125,0.0,E01003888
3707,0.0022552717,0.0,E01003889
3708,1.2606927,1.0,E01003890
3709,0.0022763507,0.0,E01003891
3710,1.4242792,2.0,E01003892
3711,1.3005581,1.0,E01003893
3712,1.3066397,2.0,E01003894
3713,1.2261872,1.0,E01003895
3714,2.1405928,3.0,E01003896
3715,0.0023334294,0.0,E01003897
3716,1.2801249,1.0,E01003898
3717,0.0022135826,0.0,E01003899
3718,1.3270755,1.0,E01003900
3719,0.0022295476,0.0,E01003901
3720,1.1630422,1.0,E01003902
3721,0.0022969595,0.0,E01003903
3722,0.0021150715,0.0,E01003904
3723,0.0021101285,0.0,E01003905
3724,0.0021851892,0.0,E01003906
3725,1.2452253,3.0,E01003907
3726,0.002260114,0.0,E01003908
3727,0.0022607467,0.0,E01003909
3728,0.002108684,0.0,E01003910
3729,1.5419866,1.0,E01003911
3730,0.0023452155,0.0,E01003912
3731,2.5771954,4.0,E01003913
3732,1.4662497,2.0,E01003914
3733,1.6685061,1.0,E01003915
3734,0.0028036344,0.0,E01003916
3735,0.0025831677,0.0,E01003917
3736,0.002665221,0.0,E01003918
3737,1.5063473,1.0,E01003919
3738,0.0024523938,0.0,E01003920
3739,2.5025246,1.0,E01003921
3740,0.0024465749,0.0,E01003922
3741,1.537729,1.0,E01003923
3742,1.6076103,1.0,E01003924
3743,0.002243314,0.0,E01003925
3744,1.5738178,1.0,E01003926
3745,5.3426466,6.0,E01003929
3746,2.157711,2.0,E01003930
3747,1.4361336,3.0,E01003932
3748,2.126073,2.0,E01003933
3749,3.3057435,6.0,E01003934
3750,2.165153,5.0,E01003935
3751,1.7183629,1.0,E01003936
3752,2.2095149,2.0,E01003937
3753,0.002311304,0.0,E01003938
3754,2.0918596,4.0,E01003939
3755,1.9666358,1.0,E01003940
3756,1.8032345,1.0,E01003941
3757,0.0024238087,0.0,E01003942
3758,1.4333277,1.0,E01003943
3759,1.812799,3.0,E01003945
3760,1.3964065,1.0,E01003946
3761,0.0020968025,0.0,E01003947
3762,1.2913398,1.0,E01003948
3763,1.267037,1.0,E01003949
3764,0.0024012453,0.0,E01003950
3765,1.475004,1.0,E01003951
3766,0.0025401528,0.0,E01003952
3767,1.6158713,1.0,E01003953
3768,1.4070851,1.0,E01003954
3769,0.0023924436,0.0,E01003955
3770,0.0024111066,0.0,E01003956
3771,0.0022669549,0.0,E01003957
3772,0.002240948,0.0,E01003958
3773,2.1986089,5.0,E01003960
3774,2.1250603,1.0,E01003961
3775,0.0023661826,0.0,E01003963
3776,1.6302547,1.0,E01003966
3777,3.3869786,4.0,E01003969
3778,0.0023904562,0.0,E01003971
3779,1.4006053,2.0,E01003972
3780,2.131326,2.0,E01003973
3781,0.002472748,0.0,E01003975
3782,2.02273,1.0,E01003976
3783,1.6089581,1.0,E01003977
3784,2.1563616,3.0,E01003979
3785,0.0029516097,0.0,E01003980
3786,1.8376023,2.0,E01003981
3787,1.4065624,2.0,E01003983
3788,1.6036576,4.0,E01003984
3789,0.0022643826,0.0,E01003986
3790,0.0022515377,0.0,E01003987
3791,2.0157478,4.0,E01003988
3792,1.9889225,3.0,E01003989
3793,1.5515914,1.0,E01003990
3794,1.341487,1.0,E01003991
3795,0.002320215,0.0,E01003992
3796,0.0023768803,0.0,E01003993
3797,3.0098424,3.0,E01003994
3798,1.3416209,1.0,E01003995
3799,0.0028967708,0.0,E01003997
3800,1.3329949,3.0,E01003998
3801,0.0023253942,0.0,E01003999
3802,0.0023313009,0.0,E01004000
3803,0.0024904814,0.0,E01004001
3804,0.0021982666,0.0,E01004002
3805,1.406362,4.0,E01004003
3806,1.9874362,2.0,E01004004
3807,2.089768,1.0,E01004005
3808,1.3477062,1.0,E01004006
3809,1.4099473,1.0,E01004007
3810,0.0025810401,0.0,E01004008
3811,1.808651,1.0,E01004010
3812,1.4072211,1.0,E01004011
3813,0.0025774625,0.0,E01004012
3814,1.6598387,3.0,E01004013
3815,0.002445448,0.0,E01004014
3816,0.0023554477,0.0,E01004015
3817,0.0025400268,0.0,E01004016
3818,0.0023907502,0.0,E01004017
3819,1.5559607,3.0,E01004018
3820,0.0026098911,0.0,E01004019
3821,0.002324072,0.0,E01004020
3822,1.6626986,1.0,E01004021
3823,1.5601735,1.0,E01004023
3824,1.544531,1.0,E01004024
3825,0.0028290371,0.0,E01004028
3826,0.0023002466,0.0,E01004029
3827,1.4418014,1.0,E01004030
3828,1.9186839,1.0,E01004031
3829,1.4120809,1.0,E01004032
3830,1.8212541,2.0,E01004033
3831,0.0022689102,0.0,E01004034
3832,0.0025851824,0.0,E01004035
3833,1.6328124,2.0,E01004036
3834,0.002816471,0.0,E01004037
3835,1.6839529,3.0,E01004038
3836,0.0024432323,0.0,E01004039
3837,1.3396307,1.0,E01004040
3838,0.002499634,0.0,E01004041
3839,1.4022697,1.0,E01004042
3840,0.0024677373,0.0,E01004043
3841,0.0023131089,0.0,E01004044
3842,1.2988833,4.0,E01004045
3843,0.0023045293,0.0,E01004046
3844,0.002147571,0.0,E01004047
3845,1.2495654,1.0,E01004048
3846,0.0021770406,0.0,E01004049
3847,1.3896205,1.0,E01004050
3848,1.5354544,3.0,E01004051
3849,1.8778661,2.0,E01004052
3850,1.3940746,2.0,E01004053
3851,0.0025587329,0.0,E01004054
3852,0.0022466902,0.0,E01004055
3853,1.4206122,2.0,E01004056
3854,1.7390522,1.0,E01004057
3855,0.002552832,0.0,E01004058
3856,0.002438008,0.0,E01004059
3857,1.7666632,1.0,E01004060
3858,0.0025887303,0.0,E01004061
3859,2.1388493,2.0,E01004062
3860,1.4947227,1.0,E01004063
3861,0.002476413,0.0,E01004064
3862,0.0023672073,0.0,E01004065
3863,0.0026593206,0.0,E01004066
3864,3.1916943,1.0,E01004067
3865,1.5323588,1.0,E01004068
3866,0.0023494365,0.0,E01004069
3867,1.2315869,2.0,E01004070
3868,1.2432632,1.0,E01004071
3869,0.0023270326,0.0,E01004072
3870,0.002253166,0.0,E01004073
3871,1.3835374,1.0,E01004074
3872,0.0025666035,0.0,E01004075
3873,1.2833616,1.0,E01004076
3874,0.002168821,0.0,E01004077
3875,0.0022735226,0.0,E01004078
3876,0.0021302947,0.0,E01004079
3877,1.1194831,1.0,E01004080
3878,0.0021476354,0.0,E01004081
3879,0.0020602224,0.0,E01004082
3880,0.0021980978,0.0,E01004083
3881,1.2608966,1.0,E01004084
3882,1.2794392,1.0,E01004085
3883,1.3636854,2.0,E01004086
3884,1.2678825,1.0,E01004087
3885,1.300326,2.0,E01004088
3886,0.0022573343,0.0,E01004089
3887,0.0022008393,0.0,E01004090
3888,0.0021138254,0.0,E01004091
3889,0.0023226626,0.0,E01004092
3890,0.0021694994,0.0,E01004093
3891,1.1548285,1.0,E01004094
3892,0.0021458052,0.0,E01004095
3893,0.0023561679,0.0,E01004096
3894,0.0021377637,0.0,E01004097
3895,1.1833043,1.0,E01004098
3896,0.0025039716,0.0,E01004099
3897,1.2544572,1.0,E01004100
3898,1.127822,2.0,E01004101
3899,0.0024046942,0.0,E01004102
3900,0.0022255953,0.0,E01004103
3901,0.0022619297,0.0,E01004104
3902,1.1901188,3.0,E01004105
3903,1.1031713,3.0,E01004106
3904,0.0021427195,0.0,E01004107
3905,1.2029183,2.0,E01004108
3906,0.0020399657,0.0,E01004109
3907,0.0022434038,0.0,E01004110
3908,1.1409917,1.0,E01004111
3909,0.0020225584,0.0,E01004112
3910,1.430111,1.0,E01004114
3911,0.0021845235,0.0,E01004115
3912,0.0022732473,0.0,E01004116
3913,0.002042434,0.0,E01004117
3914,0.0022302314,0.0,E01004118
3915,0.0021286993,0.0,E01004119
3916,0.0021478445,0.0,E01004120
3917,0.0021661192,0.0,E01004121
3918,0.0020758286,0.0,E01004122
3919,1.9334295,1.0,E01004123
3920,1.1884863,1.0,E01004124
3921,1.2585634,3.0,E01004125
3922,1.2456969,1.0,E01004126
3923,0.0022670901,0.0,E01004127
3924,0.0021344319,0.0,E01004128
3925,0.0023543192,0.0,E01004129
3926,0.0023017288,0.0,E01004130
3927,0.0022507242,0.0,E01004131
3928,0.002156224,0.0,E01004132
3929,0.0021220986,0.0,E01004133
3930,0.0021182538,0.0,E01004134
3931,1.2172328,1.0,E01004135
3932,0.0020765227,0.0,E01004136
3933,1.8667592,4.0,E01004137
3934,1.1687347,1.0,E01004138
3935,0.0021754685,0.0,E01004139
3936,1.3121567,1.0,E01004140
3937,0.0022523336,0.0,E01004141
3938,0.0021315364,0.0,E01004143
3939,0.0023170288,0.0,E01004144
3940,0.0024110158,0.0,E01004145
3941,1.3255345,1.0,E01004146
3942,1.1860658,1.0,E01004147
3943,0.0022138667,0.0,E01004148
3944,1.2054082,3.0,E01004149
3945,0.0022552202,0.0,E01004150
3946,0.002292097,0.0,E01004151
3947,1.3496886,2.0,E01004152
3948,1.1819419,2.0,E01004153
3949,0.0021890835,0.0,E01004154
3950,1.2013326,1.0,E01004155
3951,0.002461383,0.0,E01004156
3952,0.0021177672,0.0,E01004157
3953,0.0021730713,0.0,E01004158
3954,0.002146275,0.0,E01004159
3955,0.002155893,0.0,E01004160
3956,0.0019683263,0.0,E01004161
3957,1.1401042,1.0,E01004162
3958,0.0022575108,0.0,E01004163
3959,1.3309942,1.0,E01004164
3960,1.350765,1.0,E01004165
3961,0.0021793703,0.0,E01004166
3962,1.1513653,1.0,E01004167
3963,1.2462001,1.0,E01004168
3964,0.0022074848,0.0,E01004169
3965,1.5574726,1.0,E01004170
3966,1.1141437,1.0,E01004171
3967,1.1750519,2.0,E01004172
3968,0.0021210061,0.0,E01004173
3969,0.0021865265,0.0,E01004174
3970,0.0021817472,0.0,E01004175
3971,1.1137265,1.0,E01004176
3972,0.0022492823,0.0,E01004177
3973,1.6149794,1.0,E01004178
3974,0.0023656671,0.0,E01004179
3975,0.0023488393,0.0,E01004180
3976,0.0023333537,0.0,E01004181
3977,0.0022055532,0.0,E01004182
3978,1.2237188,1.0,E01004183
3979,1.2686663,1.0,E01004184
3980,1.3458565,2.0,E01004185
3981,1.231299,1.0,E01004186
3982,0.002250897,0.0,E01004187
3983,1.2520733,2.0,E01004189
3984,0.0020621608,0.0,E01004190
3985,1.1445032,1.0,E01004191
3986,0.0021929136,0.0,E01004192
3987,0.0022567562,0.0,E01004193
3988,0.0021143537,0.0,E01004194
3989,1.1208214,1.0,E01004195
3990,0.0020488387,0.0,E01004196
3991,0.0025147141,0.0,E01004198
3992,0.0026713498,0.0,E01004199
3993,1.528477,2.0,E01004200
3994,0.0023176973,0.0,E01004201
3995,1.9997411,2.0,E01004202
3996,1.5573425,1.0,E01004203
3997,1.4840608,3.0,E01004204
3998,1.800103,2.0,E01004205
3999,1.7356585,3.0,E01004206
4000,1.408438,1.0,E01004207
4001,3.045797,1.0,E01004208
4002,0.0023326061,0.0,E01004209
4003,2.0511074,1.0,E01004211
4004,0.0028961617,0.0,E01004212
4005,1.1640558,1.0,E01004214
4006,0.0021436831,0.0,E01004216
4007,1.6576643,1.0,E01004217
4008,0.0023383114,0.0,E01004218
4009,2.2684553,3.0,E01004219
4010,1.7215432,1.0,E01004221
4011,0.002547801,0.0,E01004222
4012,1.4588932,1.0,E01004223
4013,1.5142347,1.0,E01004226
4014,1.4351366,1.0,E01004228
4015,0.0024267286,0.0,E01004229
4016,0.0024055887,0.0,E01004230
4017,1.362483,1.0,E01004231
4018,1.6475413,1.0,E01004232
4019,1.8281256,1.0,E01004233
4020,0.0029075844,0.0,E01004234
4021,0.0022569695,0.0,E01004235
4022,1.2765568,2.0,E01004236
4023,0.0023225131,0.0,E01004237
4024,1.4117126,1.0,E01004239
4025,0.0023002697,0.0,E01004240
4026,0.0022956587,0.0,E01004241
4027,0.0022966615,0.0,E01004243
4028,1.4967196,1.0,E01004244
4029,1.7582781,2.0,E01004245
4030,1.6337874,2.0,E01004247
4031,1.4008653,3.0,E01004248
4032,1.604114,2.0,E01004249
4033,1.9557378,1.0,E01004251
4034,1.4781651,1.0,E01004255
4035,1.4456561,1.0,E01004256
4036,0.0026034936,0.0,E01004257
4037,0.0023658904,0.0,E01004258
4038,0.0026906729,0.0,E01004259
4039,1.6166261,1.0,E01004260
4040,0.0023231579,0.0,E01004263
4041,1.2891783,1.0,E01004264
4042,1.3132579,1.0,E01004266
4043,1.9004568,3.0,E01004267
4044,0.0021852017,0.0,E01004268
4045,1.7775424,1.0,E01004270
4046,1.7252715,1.0,E01004271
4047,0.002671643,0.0,E01004272
4048,0.0022155363,0.0,E01004274
4049,0.0023638867,0.0,E01004275
4050,0.0022175454,0.0,E01004276
4051,0.0025790965,0.0,E01004277
4052,0.0025176476,0.0,E01004280
4053,0.0023184854,0.0,E01004281
4054,0.0024257603,0.0,E01004283
4055,0.0027190554,0.0,E01004286
4056,0.002540115,0.0,E01004287
4057,0.0022985986,0.0,E01004288
4058,0.0025471754,0.0,E01004289
4059,1.7000962,3.0,E01004290
4060,2.196544,9.0,E01004291
4061,1.6526966,1.0,E01004292
4062,2.1415105,2.0,E01004293
4063,1.7554245,2.0,E01004295
4064,0.0027911505,0.0,E01004296
4065,1.6260515,1.0,E01004297
4066,0.0024314544,0.0,E01004298
4067,0.0023555893,0.0,E01004300
4068,1.4281455,1.0,E01004301
4069,0.002303122,0.0,E01004302
4070,2.076946,1.0,E01004303
4071,0.0023940038,0.0,E01004304
4072,1.5083032,1.0,E01004305
4073,2.709814,5.0,E01004306
4074,5.725158,7.0,E01004307
4075,1.4397591,1.0,E01004308
4076,2.585918,2.0,E01004309
4077,2.0528917,5.0,E01004310
4078,0.0025875813,0.0,E01004311
4079,0.002327168,0.0,E01004312
4080,2.2034476,2.0,E01004313
4081,0.0024844427,0.0,E01004315
4082,1.6981401,2.0,E01004316
4083,0.0024428805,0.0,E01004319
4084,0.0027492316,0.0,E01004321
4085,0.0028318053,0.0,E01004322
4086,1.2803198,1.0,E01004323
4087,0.0024210364,0.0,E01004324
4088,1.8484557,1.0,E01004326
4089,1.2417135,1.0,E01004327
4090,1.3928599,2.0,E01004328
4091,0.0023501064,0.0,E01004329
4092,0.0023670155,0.0,E01004330
4093,0.002234145,0.0,E01004331
4094,0.0024759371,0.0,E01004332
4095,0.0024256562,0.0,E01004333
4096,1.337594,1.0,E01004334
4097,1.233254,1.0,E01004335
4098,0.002284274,0.0,E01004336
4099,0.0023427366,0.0,E01004337
4100,0.0024496145,0.0,E01004338
4101,1.2452098,1.0,E01004339
4102,1.3469963,1.0,E01004340
4103,0.0024374584,0.0,E01004341
4104,1.5750273,2.0,E01004342
4105,1.3304416,1.0,E01004343
4106,1.5549425,2.0,E01004344
4107,0.0023564768,0.0,E01004345
4108,1.4013201,3.0,E01004346
4109,1.4959768,2.0,E01004347
4110,1.4459207,3.0,E01004348
4111,0.0023807823,0.0,E01004349
4112,1.479892,2.0,E01004350
4113,0.002128201,0.0,E01004351
4114,1.3282762,1.0,E01004352
4115,0.002280503,0.0,E01004353
4116,1.6077358,1.0,E01004354
4117,0.0022658375,0.0,E01004355
4118,1.2512546,1.0,E01004356
4119,1.1156723,1.0,E01004357
4120,1.3110529,1.0,E01004358
4121,0.0022117805,0.0,E01004359
4122,0.0021392484,0.0,E01004360
4123,0.002200453,0.0,E01004361
4124,0.0023042678,0.0,E01004362
4125,0.0023513685,0.0,E01004363
4126,0.002454605,0.0,E01004364
4127,0.0023963805,0.0,E01004365
4128,1.4652964,2.0,E01004366
4129,0.0022955032,0.0,E01004367
4130,1.404347,1.0,E01004368
4131,1.2845045,1.0,E01004369
4132,1.4137566,1.0,E01004370
4133,0.0022128546,0.0,E01004371
4134,0.0023506477,0.0,E01004372
4135,0.0022290896,0.0,E01004373
4136,0.0022229734,0.0,E01004374
4137,0.0024291298,0.0,E01004375
4138,0.0023571264,0.0,E01004376
4139,0.0024370435,0.0,E01004377
4140,0.0022960003,0.0,E01004378
4141,1.3413823,4.0,E01004379
4142,0.0023767953,0.0,E01004380
4143,1.3697498,1.0,E01004381
4144,0.0021853913,0.0,E01004382
4145,0.0022152595,0.0,E01004383
4146,0.0022907467,0.0,E01004384
4147,1.2946434,2.0,E01004385
4148,0.0022172367,0.0,E01004386
4149,0.0021226997,0.0,E01004387
4150,0.0022881157,0.0,E01004388
4151,0.0022265783,0.0,E01004389
4152,0.0022697833,0.0,E01004390
4153,0.0023496808,0.0,E01004391
4154,2.0036492,3.0,E01004392
4155,0.0022692801,0.0,E01004393
4156,1.6899221,1.0,E01004394
4157,1.2974625,1.0,E01004395
4158,0.0022994317,0.0,E01004396
4159,0.002910725,0.0,E01004397
4160,1.3824037,2.0,E01004398
4161,0.0023501995,0.0,E01004399
4162,0.0025825605,0.0,E01004400
4163,1.9188025,2.0,E01004401
4164,0.0023062397,0.0,E01004402
4165,1.7158266,3.0,E01004403
4166,0.0023008948,0.0,E01004404
4167,1.3918322,4.0,E01004405
4168,0.0023279304,0.0,E01004406
4169,0.0022898687,0.0,E01004407
4170,1.889135,2.0,E01004408
4171,2.0783548,2.0,E01004409
4172,0.0026091607,0.0,E01004410
4173,0.002703825,0.0,E01004411
4174,0.0023778246,0.0,E01004412
4175,1.1931009,1.0,E01004413
4176,0.0022479838,0.0,E01004414
4177,0.0022405665,0.0,E01004415
4178,1.2856017,1.0,E01004416
4179,0.0024676549,0.0,E01004417
4180,0.0022516248,0.0,E01004418
4181,2.102264,2.0,E01004419
4182,1.7436292,1.0,E01004420
4183,0.0025746496,0.0,E01004421
4184,2.2737868,2.0,E01004422
4185,1.3468202,1.0,E01004423
4186,0.0025935166,0.0,E01004424
4187,0.0023876855,0.0,E01004425
4188,0.0022943192,0.0,E01004426
4189,1.6063268,1.0,E01004427
4190,1.4263098,1.0,E01004428
4191,0.002580484,0.0,E01004429
4192,2.245726,1.0,E01004430
4193,0.0025532616,0.0,E01004432
4194,0.0024430517,0.0,E01004434
4195,1.359037,1.0,E01004435
4196,1.4645677,1.0,E01004436
4197,1.308683,1.0,E01004437
4198,2.5177474,3.0,E01004438
4199,1.2993946,1.0,E01004439
4200,1.6002972,2.0,E01004440
4201,0.0022674685,0.0,E01004441
4202,0.0022986731,0.0,E01004442
4203,1.4738618,1.0,E01004443
4204,1.6393088,1.0,E01004444
4205,0.002344358,0.0,E01004445
4206,0.0022861548,0.0,E01004446
4207,0.0022739412,0.0,E01004447
4208,0.0024344698,0.0,E01004448
4209,0.0023361137,0.0,E01004449
4210,0.0021884385,0.0,E01004450
4211,0.0022928515,0.0,E01004451
4212,0.002290158,0.0,E01004452
4213,0.0023901323,0.0,E01004453
4214,0.0022852165,0.0,E01004454
4215,1.5790786,2.0,E01004455
4216,1.2603668,1.0,E01004456
4217,1.3833857,1.0,E01004457
4218,1.3426309,3.0,E01004458
4219,0.0022366596,0.0,E01004459
4220,2.298073,4.0,E01004460
4221,1.435281,1.0,E01004462
4222,1.7148303,1.0,E01004463
4223,1.4551873,1.0,E01004464
4224,0.0023609453,0.0,E01004465
4225,0.002296138,0.0,E01004466
4226,0.0024988914,0.0,E01004467
4227,1.5128622,1.0,E01004468
4228,0.002559304,0.0,E01004469
4229,1.3430599,2.0,E01004470
4230,0.002486563,0.0,E01004471
4231,0.0027311011,0.0,E01004472
4232,0.002455545,0.0,E01004473
4233,1.9976212,1.0,E01004474
4234,0.0024882662,0.0,E01004475
4235,1.9788729,1.0,E01004476
4236,0.0022742795,0.0,E01004477
4237,0.0021314844,0.0,E01004478
4238,1.339132,1.0,E01004479
4239,0.0022657996,0.0,E01004480
4240,0.0025174026,0.0,E01004481
4241,1.2681929,1.0,E01004482
4242,1.4608203,1.0,E01004483
4243,0.002327806,0.0,E01004484
4244,2.0754344,3.0,E01004485
4245,0.002294853,0.0,E01004486
4246,0.0024038823,0.0,E01004487
4247,0.0021532157,0.0,E01004488
4248,0.002274452,0.0,E01004489
4249,0.0022341516,0.0,E01004490
4250,0.0022683877,0.0,E01004491
4251,1.4334247,1.0,E01004492
4252,0.0022650673,0.0,E01004493
4253,0.002270382,0.0,E01004494
4254,1.4018449,1.0,E01004495
4255,0.002668484,0.0,E01004496
4256,0.0022151326,0.0,E01004497
4257,0.0023887265,0.0,E01004498
4258,1.2897122,1.0,E01004499
4259,1.3612041,1.0,E01004500
4260,1.2153226,1.0,E01004501
4261,1.3170892,1.0,E01004502
4262,0.0022376634,0.0,E01004503
4263,1.1680706,1.0,E01004504
4264,0.0022872486,0.0,E01004505
4265,0.0026649858,0.0,E01004506
4266,2.2109637,2.0,E01004507
4267,1.6773565,2.0,E01004508
4268,1.3670381,2.0,E01004510
4269,0.0022475026,0.0,E01004511
4270,0.0022300824,0.0,E01004512
4271,0.0024808699,0.0,E01004513
4272,1.3552372,1.0,E01004514
4273,0.0024629962,0.0,E01004515
4274,0.0023307095,0.0,E01004516
4275,0.002220485,0.0,E01004517
4276,0.0021719774,0.0,E01004518
4277,1.2661172,1.0,E01004519
4278,0.0021464971,0.0,E01004520
4279,0.0022164406,0.0,E01004521
4280,1.199717,2.0,E01004522
4281,1.2772436,1.0,E01004523
4282,1.2642981,2.0,E01004524
4283,2.1167517,1.0,E01004525
4284,0.002542318,0.0,E01004526
4285,0.002312982,0.0,E01004527
4286,0.0023045128,0.0,E01004528
4287,0.0023561667,0.0,E01004529
4288,0.0022123437,0.0,E01004530
4289,0.0022199894,0.0,E01004531
4290,0.002175758,0.0,E01004532
4291,1.4027363,1.0,E01004533
4292,0.0026937448,0.0,E01004534
4293,0.0022218628,0.0,E01004535
4294,0.0025946782,0.0,E01004536
4295,1.5928357,3.0,E01004537
4296,0.0024546916,0.0,E01004538
4297,1.3791473,1.0,E01004539
4298,1.763222,1.0,E01004540
4299,1.2463926,1.0,E01004541
4300,0.0022526234,0.0,E01004542
4301,1.4449562,1.0,E01004543
4302,0.0025322326,0.0,E01004544
4303,0.0026280214,0.0,E01004545
4304,0.0022309865,0.0,E01004546
4305,1.2099007,1.0,E01004547
4306,1.497427,2.0,E01004548
4307,0.002472222,0.0,E01004549
4308,0.0021838413,0.0,E01004550
4309,1.9662507,1.0,E01004551
4310,1.6383266,1.0,E01004552
4311,0.0023477061,0.0,E01004553
4312,1.510328,2.0,E01004554
4313,1.1828897,1.0,E01004555
4314,1.268824,1.0,E01004556
4315,0.0023654709,0.0,E01004557
4316,0.0021826786,0.0,E01004558
4317,0.0022443614,0.0,E01004559
4318,2.463543,4.0,E01004560
4319,0.0024103539,0.0,E01004563
4320,0.0027654616,0.0,E01004564
4321,0.0023222396,0.0,E01004565
4322,0.0030085521,0.0,E01004566
4323,0.0026920973,0.0,E01004567
4324,0.0023463005,0.0,E01004568
4325,0.0023723918,0.0,E01004569
4326,0.002372618,0.0,E01004570
4327,0.0023753722,0.0,E01004571
4328,0.0023257958,0.0,E01004572
4329,0.0023162093,0.0,E01004573
4330,0.0022709917,0.0,E01004574
4331,0.0023416844,0.0,E01004575
4332,0.0022203345,0.0,E01004576
4333,1.316878,1.0,E01004577
4334,1.7374924,2.0,E01004579
4335,0.002460666,0.0,E01004580
4336,0.0025624312,0.0,E01004581
4337,1.5942636,1.0,E01004582
4338,1.3972051,1.0,E01004583
4339,0.0021613918,0.0,E01004584
4340,0.0025442985,0.0,E01004585
4341,0.0025018114,0.0,E01004586
4342,1.2052811,1.0,E01004587
4343,0.0024469784,0.0,E01004588
4344,1.4680016,1.0,E01004589
4345,0.002410901,0.0,E01004590
4346,1.6654992,2.0,E01004591
4347,0.0023110053,0.0,E01004592
4348,0.0021885992,0.0,E01004593
4349,1.2623101,3.0,E01004594
4350,1.2754694,1.0,E01004595
4351,0.0021801717,0.0,E01004596
4352,0.002208741,0.0,E01004597
4353,0.0021767272,0.0,E01004598
4354,0.002253195,0.0,E01004599
4355,0.0023722549,0.0,E01004601
4356,0.0023288552,0.0,E01004602
4357,1.473951,1.0,E01004604
4358,1.2563199,1.0,E01004605
4359,1.2458167,1.0,E01004606
4360,0.0023064609,0.0,E01004607
4361,0.0024010793,0.0,E01004608
4362,3.730006,6.0,E01004609
4363,0.0023362797,0.0,E01004610
4364,0.0023025852,0.0,E01004611
4365,1.5385892,2.0,E01004612
4366,1.9383763,1.0,E01004613
4367,0.0025149994,0.0,E01004614
4368,0.0022790038,0.0,E01004615
4369,0.0025129963,0.0,E01004616
4370,0.0024889035,0.0,E01004617
4371,0.0024943913,0.0,E01004618
4372,1.3780618,1.0,E01004619
4373,0.0022694448,0.0,E01004620
4374,0.0023044876,0.0,E01004621
4375,0.0023795215,0.0,E01004622
4376,1.2012504,1.0,E01004623
4377,1.3142376,1.0,E01004624
4378,0.002209393,0.0,E01004625
4379,1.4416876,1.0,E01004626
4380,0.0022268414,0.0,E01004627
4381,0.0024763858,0.0,E01004628
4382,1.2155405,3.0,E01004629
4383,1.1700966,1.0,E01004630
4384,1.4916921,1.0,E01004631
4385,0.002233422,0.0,E01004632
4386,0.0021232718,0.0,E01004633
4387,0.002511299,0.0,E01004634
4388,0.0021745162,0.0,E01004635
4389,0.0021725544,0.0,E01004636
4390,0.0021523668,0.0,E01004637
4391,0.0021948132,0.0,E01004638
4392,0.0025030451,0.0,E01004639
4393,0.0022964075,0.0,E01004640
4394,1.2437971,2.0,E01004641
4395,1.4980621,1.0,E01004642
4396,0.0024732149,0.0,E01004643
4397,1.4131963,1.0,E01004644
4398,0.002217847,0.0,E01004645
4399,1.8687977,1.0,E01004646
4400,0.0025121577,0.0,E01004647
4401,2.499117,3.0,E01004648
4402,1.460313,2.0,E01004649
4403,1.3986638,1.0,E01004650
4404,0.002320941,0.0,E01004651
4405,2.2998283,3.0,E01004652
4406,1.6516408,3.0,E01004653
4407,4.662762,5.0,E01004654
4408,3.1837513,5.0,E01004656
4409,2.475027,3.0,E01004657
4410,2.143745,3.0,E01004658
4411,0.0029734361,0.0,E01004659
4412,0.0027202887,0.0,E01004660
4413,4.2057624,5.0,E01004661
4414,2.3893971,1.0,E01004662
4415,2.2602308,1.0,E01004663
4416,0.0021800343,0.0,E01004665
4417,0.0021627205,0.0,E01004668
4418,1.3423855,1.0,E01004669
4419,1.6423199,1.0,E01004670
4420,0.0025061131,0.0,E01004674
4421,2.4145334,2.0,E01004675
4422,1.5615916,1.0,E01004676
4423,0.002467609,0.0,E01004677
4424,1.593424,1.0,E01004678
4425,1.6261591,2.0,E01004679
4426,2.0097866,4.0,E01004680
4427,2.4013414,3.0,E01004681
4428,2.8869169,2.0,E01004682
4429,1.816658,1.0,E01004683
4430,0.0025304835,0.0,E01004684
4431,0.0025405004,0.0,E01004686
4432,0.0025013806,0.0,E01004687
4433,1.7119659,3.0,E01004690
4434,1.8477099,1.0,E01004691
4435,0.0024787332,0.0,E01004692
4436,2.765096,3.0,E01004693
4437,1.7380786,1.0,E01004694
4438,2.1064422,3.0,E01004695
4439,0.002494521,0.0,E01004696
4440,1.693802,2.0,E01004697
4441,0.0028509742,0.0,E01004698
4442,4.472588,1.0,E01004699
4443,0.002902484,0.0,E01004700
4444,1.5069585,2.0,E01004701
4445,2.0660293,4.0,E01004702
4446,1.6452516,2.0,E01004703
4447,0.0022898326,0.0,E01004705
4448,1.2641727,1.0,E01004706
4449,0.0021696587,0.0,E01004707
4450,0.0023817203,0.0,E01004708
4451,0.0023780945,0.0,E01004709
4452,1.5910956,1.0,E01004710
4453,0.0021962705,0.0,E01004711
4454,2.7571683,4.0,E01004712
4455,2.1875615,2.0,E01004713
4456,5.938488,3.0,E01004714
4457,1.9245926,2.0,E01004715
4458,1.5433409,1.0,E01004716
4459,1.9560549,2.0,E01004717
4460,0.002580313,0.0,E01004718
4461,0.0026043355,0.0,E01004719
4462,1.3386554,2.0,E01004720
4463,1.5629835,4.0,E01004721
4464,1.4177266,2.0,E01004722
4465,2.4401114,2.0,E01004723
4466,0.0024821267,0.0,E01004724
4467,0.0026803694,0.0,E01004725
4468,0.0022716133,0.0,E01004726
4469,0.002633762,0.0,E01004727
4470,1.3400731,1.0,E01004728
4471,1.1984459,1.0,E01004729
4472,1.5497156,1.0,E01004730
4473,4.5009794,4.0,E01004731
4474,1.2876744,1.0,E01004732
4475,2.3111122,2.0,E01004733
4476,8.0624275,11.0,E01004734
4477,6.298065,9.0,E01004735
4478,6.736919,12.0,E01004736
4479,0.0021512844,0.0,E01004737
4480,0.0022307131,0.0,E01004740
4481,1.3557254,2.0,E01004741
4482,1.3191278,1.0,E01004742
4483,1.3738737,1.0,E01004743
4484,1.5458306,2.0,E01004744
4485,0.0021935452,0.0,E01004746
4486,1.5867257,3.0,E01004747
4487,1.4775236,2.0,E01004748
4488,2.9825978,1.0,E01004749
4489,3.0020335,5.0,E01004750
4490,0.0023528738,0.0,E01004751
4491,1.6976767,1.0,E01004752
4492,1.4126105,2.0,E01004753
4493,1.5933933,2.0,E01004754
4494,2.094168,4.0,E01004755
4495,1.3843948,1.0,E01004756
4496,0.0023939249,0.0,E01004757
4497,1.732682,1.0,E01004760
4498,5.237542,4.0,E01004761
4499,0.002770144,0.0,E01004762
4500,11.250505,12.0,E01004763
4501,8.143515,10.0,E01004765
4502,0.0012894836,0.0,E01005551
4503,0.0012469733,0.0,E01006238
4504,0.0012934864,0.0,E01007041
4505,0.0012560632,0.0,E01007160
4506,0.0012991028,0.0,E01007287
4507,0.0013184574,0.0,E01007509
4508,0.0012931178,0.0,E01008453
4509,0.0012492456,0.0,E01008551
4510,0.0013128715,0.0,E01010367
4511,0.0013258185,0.0,E01015294
4512,0.0013139938,0.0,E01015720
4513,0.0012665818,0.0,E01015728
4514,0.0012823181,0.0,E01015858
4515,0.0013118051,0.0,E01015924
4516,0.001274124,0.0,E01015949
4517,0.001280664,0.0,E01015951
4518,0.0012808436,0.0,E01015971
4519,0.0012854184,0.0,E01015974
4520,0.0012950578,0.0,E01016256
4521,0.0012812193,0.0,E01016455
4522,0.0012856893,0.0,E01016482
4523,0.0012612981,0.0,E01016492
4524,0.0012674307,0.0,E01016908
4525,0.0012185287,0.0,E01017759
4526,0.0012331933,0.0,E01017810
4527,0.0014013107,0.0,E01017813
4528,0.0013011051,0.0,E01017827
4529,0.0012620103,0.0,E01019488
4530,0.0013572613,0.0,E01020971
4531,0.0013473176,0.0,E01021318
4532,0.0013101735,0.0,E01021433
4533,0.0012994745,0.0,E01021473
4534,0.001306256,0.0,E01021699
4535,0.0013032623,0.0,E01021744
4536,0.0013689903,0.0,E01021752
4537,0.0013734135,0.0,E01021764
4538,0.0012388361,0.0,E01021765
4539,0.0012692161,0.0,E01021766
4540,0.0013320324,0.0,E01021767
4541,0.0013714993,0.0,E01021770
4542,0.0012888407,0.0,E01021793
4543,0.0013773597,0.0,E01021800
4544,0.0013582999,0.0,E01021806
4545,0.001225409,0.0,E01021812
4546,0.0014145699,0.0,E01021817
4547,0.00132347,0.0,E01021818
4548,0.0013198514,0.0,E01021823
4549,0.0013018536,0.0,E01021920
4550,0.0012993915,0.0,E01021984
4551,0.00124885,0.0,E01022060
4552,0.001265456,0.0,E01022453
4553,0.0012539938,0.0,E01022459
4554,0.0012775334,0.0,E01023147
4555,0.001337418,0.0,E01023311
4556,0.0013422479,0.0,E01023332
4557,0.0013896228,0.0,E01023337
4558,0.0013287793,0.0,E01023409
4559,0.0012968238,0.0,E01023525
4560,0.0013100599,0.0,E01023553
4561,0.0012907423,0.0,E01023579
4562,0.0012850139,0.0,E01023584
4563,0.0012797368,0.0,E01023825
4564,0.8592033,1.0,E01023849
4565,0.0012826473,0.0,E01024126
4566,0.0012731256,0.0,E01024144
4567,0.0012601463,0.0,E01024147
4568,0.0012245654,0.0,E01024161
4569,0.001229084,0.0,E01024180
4570,0.0012934199,0.0,E01024184
4571,0.0012823414,0.0,E01024186
4572,0.0013218403,0.0,E01024189
4573,0.0013860287,0.0,E01024421
4574,0.001287698,0.0,E01024478
4575,0.001264831,0.0,E01024483
4576,0.0012892918,0.0,E01024649
4577,0.0012321394,0.0,E01026695
4578,0.001212524,0.0,E01026993
4579,0.0012805486,0.0,E01027354
4580,0.80030316,1.0,E01027778
4581,0.0011506757,0.0,E01029225
4582,0.0011716073,0.0,E01030253
4583,0.0012516401,0.0,E01030322
4584,0.0014941562,0.0,E01030323
4585,0.0013155084,0.0,E01030326
4586,0.0013557316,0.0,E01030330
4587,0.0012928748,0.0,E01030341
4588,0.0013133173,0.0,E01030378
4589,0.0013652068,0.0,E01030386
4590,0.0014791999,0.0,E01030389
4591,0.0014022505,0.0,E01030398
4592,0.0014642145,0.0,E01030408
4593,0.0013281483,0.0,E01030456
4594,0.0013421557,0.0,E01030548
4595,0.0012269034,0.0,E01030561
4596,0.0012661417,0.0,E01030565
4597,0.0012596764,0.0,E01030604
4598,0.0012783328,0.0,E01030641
4599,0.0012424258,0.0,E01030706
4600,0.0013790408,0.0,E01030709
4601,0.0012629604,0.0,E01030712
4602,0.0012626526,0.0,E01030739
4603,0.00137072,0.0,E01030748
4604,0.001276928,0.0,E01030755
4605,0.0012767197,0.0,E01031043
4606,0.0012498735,0.0,E01031431
4607,0.0012975439,0.0,E01031785
4608,0.0027522773,0.0,E01032512
4609,1.3329115,1.0,E01032513
4610,0.0022352373,0.0,E01032562
4611,0.0023481147,0.0,E01032563
4612,0.002251875,0.0,E01032564
4613,0.0022825059,0.0,E01032565
4614,0.002395302,0.0,E01032566
4615,1.3094523,1.0,E01032567
4616,0.0022146944,0.0,E01032568
4617,0.0022661972,0.0,E01032569
4618,0.0022001122,0.0,E01032570
4619,1.3399005,1.0,E01032572
4620,1.7813325,1.0,E01032573
4621,0.002555169,0.0,E01032574
4622,1.399825,1.0,E01032575
4623,0.0020839195,0.0,E01032576
4624,0.0022997432,0.0,E01032577
4625,1.8511915,2.0,E01032579
4626,1.1881942,2.0,E01032580
4627,1.6097627,1.0,E01032581
4628,4.4441576,4.0,E01032582
4629,3.142908,2.0,E01032583
4630,1.4590362,1.0,E01032584
4631,0.002326672,0.0,E01032623
4632,1.3671594,1.0,E01032637
4633,1.4063697,1.0,E01032638
4634,0.0028314057,0.0,E01032639
4635,1.871782,3.0,E01032640
4636,0.0012716053,0.0,E01032645
4637,2.2051344,4.0,E01032646
4638,1.2953999,3.0,E01032719
4639,0.0012846505,0.0,E01032729
4640,2.3895724,4.0,E01032739
4641,2.9395444,2.0,E01032740
4642,1.7441516,3.0,E01032741
4643,0.002188643,0.0,E01032742
4644,0.0023409142,0.0,E01032743
4645,0.0023408672,0.0,E01032744
4646,2.8832266,3.0,E01032764
4647,0.0024517286,0.0,E01032765
4648,2.8700607,2.0,E01032767
4649,0.0025971725,0.0,E01032768
4650,1.6432204,3.0,E01032769
4651,0.0022632566,0.0,E01032770
4652,2.61133,4.0,E01032771
4653,2.3443046,1.0,E01032772
4654,1.479001,2.0,E01032774
4655,1.4298447,1.0,E01032776
4656,0.0021101707,0.0,E01032777
4657,0.0025119623,0.0,E01032779
4658,2.0081067,3.0,E01032780
4659,1.5260087,1.0,E01032781
4660,1.4252374,2.0,E01032782
4661,0.002470417,0.0,E01032783
4662,0.0023464113,0.0,E01032784
4663,1.4735645,1.0,E01032785
4664,0.0023708867,0.0,E01032786
4665,2.2512076,1.0,E01032787
4666,1.4100788,2.0,E01032788
4667,0.002277445,0.0,E01032789
4668,0.0021427888,0.0,E01032790
4669,0.0026614505,0.0,E01032803
4670,1.4066626,1.0,E01032834
4671,0.0012772958,0.0,E01032979
4672,0.002261163,0.0,E01033000
4673,0.002150351,0.0,E01033030
4674,0.0012377284,0.0,E01033063
4675,1.5197383,1.0,E01033081
4676,1.3136011,2.0,E01033082
4677,1.9512767,2.0,E01033083
4678,1.5240742,1.0,E01033084
4679,0.002245435,0.0,E01033086
4680,2.7701833,2.0,E01033098
4681,0.0024123786,0.0,E01033099
4682,2.2741241,1.0,E01033100
4683,3.1193287,3.0,E01033132
4684,1.4841194,1.0,E01033133
4685,1.1904382,1.0,E01033135
4686,0.002190353,0.0,E01033146
4687,0.0023068776,0.0,E01033148
4688,0.0021258278,0.0,E01033150
4689,1.2868546,1.0,E01033151
4690,0.0012563759,0.0,E01033171
4691,1.9392326,2.0,E01033208
4692,0.0012788303,0.0,E01033217
4693,1.4037755,2.0,E01033320
4694,0.0023160866,0.0,E01033322
4695,0.0023307696,0.0,E01033324
4696,0.0024568285,0.0,E01033325
4697,2.4153996,2.0,E01033327
4698,1.3597943,3.0,E01033341
4699,1.3271186,1.0,E01033455
4700,1.6222274,3.0,E01033456
4701,0.002309636,0.0,E01033457
4702,1.8964092,1.0,E01033463
4703,1.4373801,1.0,E01033485
4704,0.0022879564,0.0,E01033486
4705,0.0023513215,0.0,E01033487
4706,1.6653146,1.0,E01033488
4707,1.6999556,7.0,E01033489
4708,1.7222372,4.0,E01033490
4709,0.002727963,0.0,E01033491
4710,0.0022496404,0.0,E01033493
4711,1.5612032,1.0,E01033494
4712,0.0022489862,0.0,E01033569
4713,1.8876835,2.0,E01033570
4714,0.0022364145,0.0,E01033571
4715,1.720937,1.0,E01033579
4716,0.0022799931,0.0,E01033580
4717,0.0023393854,0.0,E01033581
4718,0.0021550031,0.0,E01033582
4719,1.2504662,2.0,E01033584
4720,0.0026312403,0.0,E01033586
4721,2.3129892,2.0,E01033587
4722,0.002326865,0.0,E01033589
4723,0.0020907691,0.0,E01033590
4724,2.1815448,1.0,E01033591
4725,0.0021983252,0.0,E01033592
4726,2.2003183,2.0,E01033593
4727,3.353046,2.0,E01033594
4728,0.0024791518,0.0,E01033597
4729,1.5384481,1.0,E01033598
4730,1.4876165,1.0,E01033599
4731,0.0024509605,0.0,E01033601
4732,1.5990212,1.0,E01033602
4733,2.5794353,4.0,E01033603
4734,1.8839061,4.0,E01033604
4735,0.0023489022,0.0,E01033605
4736,0.0012628826,0.0,E01033651
4737,2.463414,3.0,E01033699
4738,2.1690423,3.0,E01033700
4739,1.5754215,2.0,E01033702
4740,0.0023438113,0.0,E01033703
4741,4.1642947,3.0,E01033704
4742,0.002306783,0.0,E01033705
4743,3.4351916,3.0,E01033706
4744,9.508295,5.0,E01033708
4745,1.8016245,2.0,E01033709
4746,0.0021935147,0.0,E01033710
4747,0.0026063083,0.0,E01033711
4748,2.333734,2.0,E01033712
4749,1.7872589,1.0,E01033713
4750,1.3536263,2.0,E01033727
4751,0.0026058112,0.0,E01033728
4752,0.0021388966,0.0,E01033729
4753,0.0025210064,0.0,E01033732
4754,0.002254531,0.0,E01033734
4755,0.002504535,0.0,E01033735
4756,0.00262681,0.0,E01033736
4757,2.17165,3.0,E01033737
4758,1.5603622,2.0,E01033738
4759,0.0020035047,0.0,E01033739
4760,1.1999434,1.0,E01033740
4761,0.0020657096,0.0,E01033741
4762,0.002151904,0.0,E01033742
4763,0.0020933829,0.0,E01033743
4764,1.1184958,2.0,E01033744
4765,0.002204402,0.0,E01033745
4766,0.0023333717,0.0,E01033746
4767,0.0024883053,0.0,E01033784
4768,1.5402311,1.0,E01033785
4769,0.0022890063,0.0,E01033786
4770,0.0023028452,0.0,E01033787
4771,0.002215774,0.0,E01033788
4772,0.0022614638,0.0,E01033789
4773,0.0023108511,0.0,E01033790
4774,0.002359947,0.0,E01033791
4775,1.272504,1.0,E01033792
4776,0.0012195959,0.0,E01033805
4777,1.7296523,6.0,E01033862
4778,0.0022086452,0.0,E01033863
4779,0.0017363925,0.0,E01033864
4780,1.656733,2.0,E01033865
4781,1.7393998,1.0,E01033866
4782,2.118236,1.0,E01033867
4783,2.8286693,1.0,E01033868
4784,1.7626234,2.0,E01033869
4785,0.0024931023,0.0,E01033870
4786,0.0026424406,0.0,E01033871
4787,0.0026895453,0.0,E01033872
4788,1.4109062,2.0,E01033873
4789,1.9050126,2.0,E01033874
4790,0.0024264313,0.0,E01033875
4791,0.0024822212,0.0,E01033876
4792,1.5255206,2.0,E01033877
4793,1.2927616,1.0,E01033878
4794,0.002910614,0.0,E01033879
4795,2.036001,3.0,E01033880
4796,0.002747414,0.0,E01033881
4797,1.4506656,1.0,E01033882
4798,2.332102,4.0,E01033883
4799,2.165703,1.0,E01033884
4800,1.7386577,3.0,E01033885
4801,0.0025679427,0.0,E01033911
4802,0.002260679,0.0,E01033912
4803,0.0023055635,0.0,E01033913
4804,0.0023103717,0.0,E01033914
4805,1.4231291,1.0,E01033915
4806,0.002597674,0.0,E01033916
4807,1.0123084,1.0,E01033917
4808,1.4194978,1.0,E01033918
4809,1.6362108,1.0,E01033919
4810,0.0023817772,0.0,E01033920
4811,0.9846447,1.0,E01033921
4812,0.0023860785,0.0,E01033922
4813,0.0023599188,0.0,E01033923
4814,1.5073937,2.0,E01033924
4815,2.1571302,2.0,E01033925
4816,3.1130328,4.0,E01033926
4817,0.0025883524,0.0,E01033927
4818,1.3076866,1.0,E01033928
4819,1.60686,1.0,E01033929
4820,1.6221763,2.0,E01033930
4821,1.4999255,1.0,E01033931
4822,0.0023559532,0.0,E01033932
4823,0.0017643096,0.0,E01033933
4824,0.9899827,1.0,E01033934
4825,0.0023850705,0.0,E01033935
4826,1.3360047,2.0,E01033936
4827,0.002218033,0.0,E01033937
4828,2.079403,2.0,E01033938
4829,2.5220351,5.0,E01033939
4830,0.0025963031,0.0,E01033940
4831,1.3564621,1.0,E01033941
4832,1.7754045,1.0,E01033942
4833,0.0025345,0.0,E01033943
4834,0.0030082536,0.0,E01033944
4835,0.0022918677,0.0,E01033945
4836,0.0023112136,0.0,E01033946
4837,1.4715375,3.0,E01034026
4838,0.0027937563,0.0,E01034027
4839,1.0065985,1.0,E01034028
4840,0.0025858334,0.0,E01034029
4841,2.9420671,3.0,E01034030
4842,1.3481838,1.0,E01034031
4843,0.0026507496,0.0,E01034032
4844,0.002603187,0.0,E01034033
4845,0.002304771,0.0,E01034034
4846,0.0017699493,0.0,E01034035
4847,1.5215008,1.0,E01034036
4848,0.0017111751,0.0,E01034037
4849,1.3285667,3.0,E01034038
4850,0.9527444,1.0,E01034039
4851,1.3708793,1.0,E01034040
4852,0.0017163921,0.0,E01034041
4853,1.5155404,1.0,E01034042
4854,0.002324237,0.0,E01034043
4855,0.0022125274,0.0,E01034044
4856,0.0017070221,0.0,E01034045
4857,1.4296805,3.0,E01034046
4858,1.6480126,1.0,E01034139
4859,0.0023047074,0.0,E01034140
4860,1.016576,2.0,E01034141
4861,1.5481274,2.0,E01034142
4862,1.4606465,1.0,E01034143
4863,0.0017404244,0.0,E01034144
4864,1.3336902,1.0,E01034145
4865,1.3950214,1.0,E01034146
4866,0.0016451095,0.0,E01034147
4867,1.9443263,4.0,E01034148
4868,2.8826041,4.0,E01034149
4869,2.324719,3.0,E01034150
4870,1.403839,1.0,E01034151
4871,1.6837761,3.0,E01034152
4872,1.2479111,2.0,E01034153
4873,1.4009011,1.0,E01034154
4874,0.0017250088,0.0,E01034155
4875,1.6805698,3.0,E01034156
4876,1.2620507,2.0,E01034173
4877,1.4623708,1.0,E01034174
4878,2.5874903,1.0,E01034175
4879,0.0023333882,0.0,E01034176
4880,1.044604,1.0,E01034177
4881,0.0023552345,0.0,E01034178
4882,1.426636,2.0,E01034179
4883,0.0023456663,0.0,E01034180
4884,0.0024032635,0.0,E01034181
4885,1.6692765,5.0,E01034182
4886,0.0024129504,0.0,E01034183
4887,0.0025884241,0.0,E01034184
4888,0.0023459436,0.0,E01034185
4889,0.0024111492,0.0,E01034186
4890,1.8572004,3.0,E01034187
4891,3.3106174,5.0,E01034188
4892,2.397608,3.0,E01034189
4893,1.5847561,2.0,E01034190
4894,0.0025657653,0.0,E01034191
4895,0.00254245,0.0,E01034192
4896,1.0461257,2.0,E01034193
4897,1.8738084,1.0,E01034195
4898,2.192461,1.0,E01034196
4899,0.0025860455,0.0,E01034198
4900,1.4062612,1.0,E01034199
4901,1.7282604,1.0,E01034200
4902,0.0024431031,0.0,E01034201
4903,0.0023267076,0.0,E01034202
4904,1.4858079,3.0,E01034203
4905,0.0025627306,0.0,E01034204
4906,0.0023450882,0.0,E01034205
4907,1.5517136,1.0,E01034206
4908,1.6837362,1.0,E01034207
4909,1.6170532,1.0,E01034208
4910,2.8488357,3.0,E01034209
4911,0.0025003622,0.0,E01034210
4912,2.3100252,2.0,E01034211
4913,2.159783,1.0,E01034212
4914,0.0027792032,0.0,E01034213
4915,0.0023260596,0.0,E01034215
4916,0.0024718225,0.0,E01034216
4917,0.0028329385,0.0,E01034217
4918,1.6363413,3.0,E01034218
4919,1.4754349,1.0,E01034219
4920,2.7742574,3.0,E01034220
4921,1.8118627,1.0,E01034221
4922,0.0017284489,0.0,E01034222
4923,0.0016983809,0.0,E01034223
4924,0.0026431778,0.0,E01034224
4925,0.002391496,0.0,E01034225
4926,0.0023279216,0.0,E01034226
4927,0.96452343,1.0,E01034227
4928,0.0016185251,0.0,E01034228
4929,1.3881177,1.0,E01034229
4930,1.7970339,1.0,E01034230
4931,0.0017083461,0.0,E01034231
4932,1.4698966,4.0,E01034383
4933,0.002446527,0.0,E01034384
4934,0.0022745635,0.0,E01034385
4935,1.7971997,1.0,E01034386
4936,2.0289414,4.0,E01034387
4937,1.4483297,1.0,E01034388
4938,1.3954353,2.0,E01034389
4939,0.0020373778,0.0,E01034390
4940,1.5104808,2.0,E01034391
4941,0.0024383778,0.0,E01034392
4942,1.0358052,1.0,E01034393
4943,0.0022444823,0.0,E01034394
4944,1.6769335,3.0,E01034395
4945,1.3602802,1.0,E01034469
4946,0.0017382092,0.0,E01034470
4947,1.578165,1.0,E01034471
4948,1.3231202,1.0,E01034472
4949,2.0804467,2.0,E01034473
4950,2.0269363,1.0,E01034474
4951,0.0023027651,0.0,E01034475
4952,1.5868592,5.0,E01034476
4953,1.5101626,1.0,E01034477
4954,0.0027150288,0.0,E01034478
4955,0.0017112028,0.0,E01034479
4956,0.0017456557,0.0,E01034480
4957,0.002255729,0.0,E01034481
4958,0.0025007809,0.0,E01034482
4959,1.993993,3.0,E01034483
4960,1.0028536,2.0,E01034484
4961,0.0024354437,0.0,E01034485
4962,1.8305683,1.0,E01034486
4963,0.0017442661,0.0,E01034487
4964,0.0022508209,0.0,E01034488
4965,0.97598696,1.0,E01034576
4966,1.2673552,2.0,E01034577
4967,0.0022370522,0.0,E01034578
4968,1.8396504,1.0,E01034579
4969,1.6451716,1.0,E01034580
4970,2.028217,2.0,E01034581
4971,1.6766995,2.0,E01034589
4972,0.0024412642,0.0,E01034590
4973,0.0023233905,0.0,E01034591
4974,1.2549981,2.0,E01034592
4975,0.001777036,0.0,E01034593
4976,0.0022718008,0.0,E01034594
4977,0.0016919168,0.0,E01034595
4978,0.0016973179,0.0,E01034596
4979,1.3060251,1.0,E01034597
4980,1.6691629,1.0,E01034598
4981,0.0023036262,0.0,E01034599
4982,0.0023375521,0.0,E01034600
4983,0.002211363,0.0,E01034601
4984,1.3864944,4.0,E01034602
4985,0.0023621693,0.0,E01034603
4986,1.0001404,1.0,E01034604
4987,0.0020395066,0.0,E01034605
4988,0.0017079609,0.0,E01034606
4989,2.280271,1.0,E01034607
4990,2.4830897,3.0,E01034608
4991,2.065176,1.0,E01034609
4992,0.0024855875,0.0,E01034610
4993,0.0022074417,0.0,E01034611
4994,1.3967693,1.0,E01034612
4995,0.0030714693,0.0,E01034613
4996,0.0023270715,0.0,E01034614
4997,0.0023677042,0.0,E01034615
4998,0.0026183713,0.0,E01034616
4999,2.8243647,3.0,E01034617
5000,0.0012019756,0.0,E01035274
5001,1.9215295,1.0,E01035484
5002,0.0024495386,0.0,E01035485
5003,1.6671002,3.0,E01035486
5004,1.3485105,2.0,E01035487
5005,1.5069417,2.0,E01035488
5006,0.0025188928,0.0,E01035489
5007,0.0025518485,0.0,E01035490
5008,0.0026864076,0.0,E01035491
5009,2.1342354,2.0,E01035492
5010,1.4729801,1.0,E01035493
5011,0.002452555,0.0,E01035494
5012,1.3852836,2.0,E01035495
5013,2.2543201,2.0,E01035496
5014,1.6193491,3.0,E01035497
5015,1.6625347,1.0,E01035498
5016,0.0017210495,0.0,E01035499
5017,0.0012455506,0.0,E01035576
5018,0.7597202,1.0,E01035584
5019,0.001148045,0.0,E01035586
5020,1.7746024,1.0,E01035638
5021,1.6167445,2.0,E01035639
5022,1.3849161,1.0,E01035640
5023,0.0029341304,0.0,E01035641
5024,0.0025555163,0.0,E01035642
5025,2.4490495,1.0,E01035643
5026,1.0302186,1.0,E01035644
5027,1.6996058,2.0,E01035645
5028,0.0026324852,0.0,E01035646
5029,0.0023279504,0.0,E01035647
5030,0.0023265632,0.0,E01035648
5031,1.7275679,1.0,E01035649
5032,2.4377239,3.0,E01035650
5033,1.7023513,3.0,E01035651
5034,0.002966545,0.0,E01035652
5035,1.5179284,4.0,E01035653
5036,0.0017045852,0.0,E01035654
5037,1.4856194,1.0,E01035655
5038,1.4503157,2.0,E01035656
5039,1.8203886,2.0,E01035657
5040,1.5744717,1.0,E01035658
5041,1.406901,1.0,E01035659
5042,2.205095,5.0,E01035660
5043,0.95543,2.0,E01035661
5044,1.5076162,1.0,E01035662
5045,0.0017335565,0.0,E01035663
5046,2.2936783,4.0,E01035664
5047,1.8191946,2.0,E01035665
5048,0.002305092,0.0,E01035666
5049,1.5796671,1.0,E01035667
5050,0.0025989464,0.0,E01035668
5051,1.6419345,2.0,E01035669
5052,0.003121226,0.0,E01035670
5053,1.9352957,1.0,E01035672
5054,0.0022938717,0.0,E01035673
5055,0.0023168167,0.0,E01035674
5056,0.0024077347,0.0,E01035675
5057,0.0024595738,0.0,E01035676
5058,0.0017007327,0.0,E01035677
5059,0.0023657924,0.0,E01035678
5060,0.0026287835,0.0,E01035679
5061,1.3868235,1.0,E01035680
5062,1.6933817,1.0,E01035681
5063,0.0024192834,0.0,E01035682
5064,0.0024237393,0.0,E01035683
5065,0.0023672255,0.0,E01035684
5066,0.002295166,0.0,E01035685
5067,1.0315439,1.0,E01035686
5068,0.0027839954,0.0,E01035687
5069,0.0023212011,0.0,E01035688
5070,0.0025358964,0.0,E01035689
5071,1.9839611,1.0,E01035690
5072,1.6632288,1.0,E01035691
5073,0.98470706,2.0,E01035692
5074,0.0024411373,0.0,E01035693
5075,1.7923461,1.0,E01035694
5076,0.0023071615,0.0,E01035695
5077,0.0026582733,0.0,E01035696
5078,1.7890643,2.0,E01035697
5079,0.0026523224,0.0,E01035699
5080,1.4631118,1.0,E01035702
5081,0.0023229572,0.0,E01035703
5082,0.0017253066,0.0,E01035705
5083,1.4088625,1.0,E01035706
5084,0.0024243472,0.0,E01035707
5085,2.8678193,1.0,E01035708
5086,0.00172657,0.0,E01035709
5087,1.7548227,1.0,E01035710
5088,2.6247818,4.0,E01035711
5089,0.0025900735,0.0,E01035712
5090,2.123577,4.0,E01035713
5091,1.635639,1.0,E01035714
5092,1.5957929,2.0,E01035715
5093,19.325087,23.0,E01035716
5094,2.9440062,6.0,E01035717
5095,2.4890018,4.0,E01035718
5096,1.5027558,1.0,E01035719
5097,0.00221281,0.0,E01035720
5098,1.3346777,1.0,E01035721
5099,0.0029759142,0.0,E01035722
5100,0.8744645,1.0,W01001913
